Time[ps]      Etot[eV]     Epot[eV]     Ekin[eV]    T[K]      ---------------------- stress [GPa] -----------------------
0.0000       -29982.306   -29989.449        7.144   286.3      0.082      0.584     -0.436     -0.720     -0.059     -0.033
0.0500       -29982.128   -29990.301        8.173   327.6     -0.469     -0.455     -0.739      0.379      0.393     -0.738
0.1000       -29982.094   -29989.895        7.800   312.7      0.526     -0.261     -1.172      0.202      0.380     -0.202
0.1500       -29982.095   -29990.361        8.266   331.3      0.540     -0.603     -0.402     -0.374      0.016      0.143
0.2000       -29982.036   -29990.373        8.337   334.2     -0.373      0.300     -0.658      0.414     -0.021      0.501
0.2500       -29982.473   -29990.303        7.830   313.9     -0.318     -1.133     -1.094      0.113     -0.090     -0.437
0.3000       -29982.614   -29990.121        7.507   300.9     -0.159     -1.242     -0.717     -0.165     -0.633      0.517
0.3500       -29982.626   -29990.551        7.925   317.7      0.317      0.477     -0.093     -0.464      0.281     -0.351
0.4000       -29983.129   -29990.023        6.895   276.4     -0.406     -1.246     -0.400     -0.387     -0.107      0.378
0.4500       -29982.596   -29990.650        8.055   322.9     -0.074     -0.424     -0.267     -0.203     -0.199     -0.089
0.5000       -29982.267   -29990.180        7.912   317.2     -0.885     -0.047     -0.037      0.036      0.005     -0.002
0.5500       -29982.328   -29989.984        7.656   306.9      0.312     -0.608     -0.150     -0.399     -0.339     -0.023
0.6000       -29982.479   -29989.713        7.234   290.0     -0.613     -0.036     -0.309      0.432      0.143      0.344
0.6500       -29981.972   -29989.777        7.806   312.9     -0.511      0.047     -0.595     -0.409      0.203     -0.052
0.7000       -29981.552   -29989.498        7.946   318.5     -1.010     -0.960      0.130     -0.375     -0.330     -0.294
0.7500       -29981.097   -29989.150        8.053   322.8     -0.427     -0.439     -1.234      0.102      0.171     -0.206
0.8000       -29981.484   -29989.514        8.030   321.9     -0.699     -0.453     -0.321     -0.220      0.003     -0.884
0.8500       -29981.807   -29989.299        7.491   300.3     -0.247     -1.315     -1.101      0.406      0.124      0.111
0.9000       -29982.088   -29989.857        7.770   311.5     -0.657     -0.593     -0.833      0.742     -0.121     -0.159
0.9500       -29982.202   -29990.143        7.941   318.3      0.795     -0.729     -0.360     -0.006      0.205     -0.021
1.0000       -29981.730   -29989.736        8.006   320.9     -2.112     -0.136     -0.816     -0.116      0.314     -0.008
1.0500       -29981.674   -29990.148        8.474   339.7      0.440     -1.206     -0.665     -0.417     -0.039      0.235
1.1000       -29981.648   -29990.254        8.605   344.9     -0.576     -0.124     -0.285      0.044      0.275     -0.257
1.1500       -29982.539   -29989.738        7.199   288.6      0.448      0.286     -1.010      0.182     -0.278      0.117
1.2000       -29981.675   -29989.037        7.362   295.1     -0.048     -0.719     -0.618     -0.462      0.484      0.047
1.2500       -29981.691   -29989.279        7.588   304.2     -0.166     -0.467     -0.977     -0.157      0.282     -0.222
1.3000       -29982.219   -29989.887        7.668   307.4      0.389     -0.062      0.616      0.214     -0.041      0.249
1.3500       -29982.327   -29990.604        8.276   331.8     -0.404      0.101      0.172     -0.388      0.207     -0.292
1.4000       -29982.568   -29990.912        8.344   334.5     -0.271     -1.453     -0.973      0.187      0.009     -0.238
1.4500       -29982.488   -29990.500        8.012   321.2     -0.764     -0.027     -1.133     -0.124     -0.833      0.373
1.5000       -29982.155   -29990.201        8.046   322.5     -1.318     -0.255     -0.557      0.338      0.132      0.338
1.5500       -29981.947   -29990.285        8.338   334.2     -0.303      0.074     -0.443      0.234      0.217     -0.042
1.6000       -29982.279   -29990.730        8.452   338.8     -0.414      0.047     -0.589     -0.375      0.137     -0.105
1.6500       -29982.231   -29990.162        7.932   317.9     -0.029     -0.020     -0.404     -0.205      0.217     -0.246
1.7000       -29982.323   -29990.105        7.782   311.9     -0.276     -0.167     -0.043      0.191      0.517     -0.387
1.7500       -29982.527   -29989.350        6.822   273.5     -1.142      0.304     -0.062     -0.068     -0.787      0.137
1.8000       -29982.234   -29989.795        7.560   303.1      1.488      0.195      0.757      0.378     -0.387     -0.021
1.8500       -29982.069   -29989.896        7.828   313.8     -0.075      0.337     -0.633      0.070     -0.023      0.491
1.9000       -29981.682   -29989.939        8.257   331.0     -0.633     -0.226     -0.287     -0.042      0.287     -0.291
1.9500       -29981.748   -29989.758        8.010   321.1     -0.971     -0.589      0.440      0.114      0.242      0.573
2.0000       -29981.977   -29989.965        7.988   320.2     -0.776     -0.173     -0.743      0.008     -0.360     -0.117
2.0500       -29982.076   -29990.457        8.381   336.0     -0.257     -0.097      0.746      0.565      0.045     -0.343
2.1000       -29982.120   -29989.752        7.632   305.9      0.443     -0.044     -0.101      0.152      0.470     -0.196
2.1500       -29981.916   -29989.721        7.804   312.8     -0.160     -0.369      0.085      0.505      0.185     -0.183
2.2000       -29981.916   -29989.820        7.905   316.9      1.610      0.428      0.402     -0.036      0.187     -0.122
2.2500       -29982.155   -29989.797        7.642   306.3      0.590     -0.235      0.588     -0.195     -0.092     -0.035
2.3000       -29982.028   -29990.207        8.179   327.9     -0.208      0.337     -0.727     -0.272      0.569      0.473
2.3500       -29982.312   -29990.109        7.797   312.5     -0.878     -0.907     -0.074      0.120     -0.287     -0.580
2.4000       -29982.513   -29990.236        7.724   309.6     -0.543     -0.529     -0.475     -0.327      0.302      0.695
2.4500       -29982.254   -29990.045        7.791   312.3     -0.061      0.094      0.291      0.033      0.307      0.071
2.5000       -29982.668   -29990.115        7.447   298.5     -0.697      0.977      0.256     -0.063      0.009      0.024
2.5500       -29982.295   -29989.229        6.934   277.9     -0.021     -0.418      0.171     -0.117     -0.153     -0.323
2.6000       -29982.299   -29989.723        7.424   297.6      0.284     -0.692      0.180      0.453      0.212     -0.407
2.6500       -29982.010   -29989.869        7.859   315.0      0.461     -0.084     -0.694      0.054      0.118     -0.346
2.7000       -29982.078   -29990.016        7.937   318.2      0.327      0.005      0.079      0.078      0.339     -0.511
2.7500       -29982.418   -29990.113        7.695   308.5     -0.491      0.003      0.703     -0.176      0.552     -0.434
2.8000       -29982.432   -29990.184        7.752   310.7      0.108      0.010      0.683     -0.136     -0.160      0.310
2.8500       -29982.267   -29990.197        7.930   317.9     -0.583     -0.212     -0.751      0.027     -0.242      0.159
2.9000       -29982.516   -29989.969        7.453   298.7     -0.598      0.373      0.152      0.207     -0.309     -0.212
2.9500       -29982.306   -29989.936        7.630   305.8     -0.289     -0.280      0.855     -0.027      0.228      0.102
3.0000       -29982.338   -29989.959        7.621   305.5      0.298      0.305      0.059     -0.248     -0.092      0.328
3.0500       -29982.031   -29989.326        7.295   292.4     -0.800      0.016     -1.233      0.398      0.792     -0.316
3.1000       -29981.933   -29989.768        7.834   314.0     -0.879     -0.766      0.134     -0.239     -0.100      0.323
3.1500       -29981.552   -29988.932        7.379   295.8     -0.273     -0.954     -0.275     -0.154      0.538     -0.344
3.2000       -29981.688   -29989.629        7.941   318.3     -0.844      0.210     -0.622     -0.547     -0.326      0.271
3.2500       -29981.276   -29990.088        8.812   353.2      0.085      0.697      0.411     -0.760     -0.436      0.022
3.3000       -29981.514   -29989.039        7.525   301.7      0.041     -0.460      0.813      0.117      0.084     -0.006
3.3500       -29981.761   -29989.695        7.934   318.0     -0.687     -0.169     -0.224      0.045      0.667     -0.639
3.4000       -29981.073   -29989.355        8.282   332.0     -1.106     -0.297      0.484     -0.148     -0.281      0.205
3.4500       -29981.296   -29988.865        7.569   303.4      0.134     -0.255     -0.073     -0.098      0.068      0.124
3.5000       -29981.559   -29989.748        8.189   328.2     -0.078      0.723     -0.167     -0.185     -0.181      0.668
3.5500       -29981.068   -29989.367        8.299   332.7     -0.455     -0.969     -0.441     -0.166      0.102     -0.132
3.6000       -29981.346   -29989.273        7.928   317.8     -0.629      0.034     -0.726     -0.058      0.114     -0.336
3.6500       -29981.301   -29989.100        7.799   312.6     -0.180      0.377     -0.534     -0.121      0.365      0.258
3.7000       -29980.776   -29988.426        7.650   306.6     -0.181     -0.846     -0.103     -0.046     -0.010      0.021
3.7500       -29980.552   -29988.793        8.241   330.3     -0.291     -0.399     -0.016     -0.052      0.131     -0.150
3.8000       -29980.037   -29988.686        8.648   346.7     -0.657     -1.110     -1.966      0.534      0.124      0.143
3.8500       -29979.958   -29988.178        8.219   329.5     -0.135      0.436     -0.146      0.126      0.053      0.308
3.9000       -29980.069   -29988.246        8.177   327.8     -0.360      0.370     -0.297     -0.377      0.038      0.357
3.9500       -29980.130   -29988.168        8.038   322.2      1.698      0.907      0.949     -0.227     -0.248      0.343
4.0000       -29979.722   -29988.062        8.340   334.3      0.292     -0.770     -0.335     -0.167      0.448      0.146
4.0500       -29979.207   -29987.588        8.381   336.0      0.473     -0.044      0.079     -0.162      0.393      0.033
4.1000       -29979.431   -29987.969        8.538   342.2      1.052     -0.022      0.630     -0.113     -0.452     -0.367
4.1500       -29979.086   -29987.662        8.576   343.8      0.355     -1.230     -0.269     -0.136      0.197     -0.094
4.2000       -29979.324   -29987.445        8.121   325.5     -1.001      0.244     -0.003      0.292      0.244     -0.616
4.2500       -29979.437   -29987.844        8.407   337.0     -0.706     -0.465     -0.081      0.418     -0.403     -0.378
4.3000       -29979.377   -29987.795        8.418   337.4     -0.465     -0.331     -0.456      0.052     -0.059     -0.232
4.3500       -29979.345   -29988.053        8.708   349.1     -0.296     -0.796     -1.374      0.454      0.619      0.011
4.4000       -29979.232   -29988.256        9.024   361.7     -0.831     -0.638     -0.162      0.443     -0.170      0.027
4.4500       -29979.219   -29988.213        8.994   360.5     -0.808     -0.843     -1.147     -0.514      0.260     -0.124
4.5000       -29979.784   -29988.150        8.366   335.3     -0.557     -0.054     -1.018     -0.086      0.267     -0.205
4.5500       -29979.292   -29987.754        8.462   339.2     -0.045     -0.730     -0.126     -0.149      0.163     -0.044
4.6000       -29979.020   -29987.119        8.099   324.6      0.074      0.231     -1.117     -0.116      0.438     -0.033
4.6500       -29978.699   -29987.553        8.853   354.9     -0.041     -0.052      0.745     -0.037      0.484     -0.082
4.7000       -29978.870   -29986.838        7.968   319.4     -0.057      0.377     -1.237      0.060      0.095     -0.498
4.7500       -29978.704   -29987.660        8.956   359.0     -0.463     -0.438      0.105      0.318     -0.083     -0.081
4.8000       -29978.880   -29987.672        8.792   352.4     -0.365      0.397     -0.334     -0.475      0.293      0.171
4.8500       -29978.762   -29988.176        9.414   377.4      0.579      0.128     -0.261     -0.304     -0.031     -0.631
4.9000       -29978.735   -29987.375        8.640   346.3      0.462     -1.840     -0.881     -0.013      0.038     -0.140
4.9500       -29978.344   -29987.875        9.531   382.0      0.087      0.203      0.105     -0.066      0.006      0.350
5.0000       -29978.659   -29987.328        8.669   347.5     -1.036      0.520     -0.567     -0.199     -0.123      0.358
5.0500       -29978.792   -29987.715        8.923   357.7     -0.245     -0.541     -0.344      0.227      0.324     -0.170
5.1000       -29979.270   -29987.545        8.275   331.7     -0.151      0.715     -0.571      0.106      0.422      0.492
5.1500       -29980.014   -29987.604        7.589   304.2     -0.640     -0.328     -0.556      0.251     -0.428      0.241
5.2000       -29979.860   -29987.674        7.814   313.2     -0.767     -1.685     -0.430     -0.174      0.127      0.240
5.2500       -29980.062   -29988.145        8.083   324.0      0.461      0.608      0.146      0.475      0.175      0.231
5.3000       -29980.447   -29987.959        7.512   301.1      0.236      0.789     -0.017      0.162      0.016      0.180
5.3500       -29980.717   -29988.402        7.686   308.1     -0.209     -0.192     -0.156     -0.374     -0.062     -0.070
5.4000       -29980.752   -29988.754        8.002   320.8     -0.002     -0.411     -0.529      0.449     -0.434     -0.019
5.4500       -29980.196   -29988.664        8.468   339.4     -1.249     -0.209     -0.256     -0.303      0.702     -0.193
5.5000       -29980.860   -29987.803        6.942   278.3      0.307      0.161      0.192      0.007      0.122      0.143
5.5500       -29980.174   -29987.785        7.611   305.1     -0.961     -1.089      0.350      0.379     -0.140      0.379
5.6000       -29980.314   -29988.033        7.719   309.4      0.157     -0.200     -0.750     -0.110      0.584      0.765
5.6500       -29980.413   -29988.836        8.423   337.6     -0.581     -0.478      0.890      0.061      0.096     -0.559
5.7000       -29980.838   -29989.004        8.166   327.3      0.332      0.019      0.020      0.571      0.083     -0.434
5.7500       -29981.358   -29989.168        7.810   313.1      0.427     -0.156      0.041     -0.096      0.220     -0.352
5.8000       -29981.485   -29989.611        8.126   325.7     -0.245     -0.626      0.387     -0.002      0.861      0.114
5.8500       -29981.372   -29989.670        8.298   332.6     -0.703     -0.842     -0.149     -0.263     -0.782     -0.678
5.9000       -29981.447   -29989.773        8.326   333.8     -0.535      0.684     -0.212      0.213      0.289      0.559
5.9500       -29980.935   -29989.059        8.124   325.7      0.410     -0.443     -0.062     -0.036      0.079     -0.601
6.0000       -29981.127   -29988.445        7.318   293.4     -0.072     -0.344      0.991      0.037     -0.449      0.347
6.0500       -29981.045   -29988.230        7.185   288.0     -0.618     -0.143      0.326      0.036     -0.243      0.195
6.1000       -29980.684   -29987.861        7.178   287.7     -0.633     -0.960     -0.328      0.210     -0.095      0.490
6.1500       -29980.600   -29988.629        8.029   321.9      0.195     -0.329      0.754      0.293     -0.026     -0.050
6.2000       -29980.475   -29987.979        7.503   300.8      0.113      0.016      0.091     -0.182     -0.205     -0.271
6.2500       -29979.992   -29987.961        7.969   319.4     -1.292     -0.570     -0.129      0.443      0.121     -0.158
6.3000       -29980.059   -29988.480        8.421   337.6     -1.094     -0.807     -0.253     -0.006     -0.354     -0.448
6.3500       -29979.992   -29988.992        9.000   360.8     -0.496     -0.881     -0.154      0.386      0.171      0.493
6.4000       -29979.790   -29989.139        9.349   374.7      0.077     -0.146      0.364      0.292      0.327     -0.268
6.4500       -29979.758   -29988.576        8.818   353.5     -0.549     -0.003     -0.861      0.403     -0.638     -0.525
6.5000       -29979.663   -29988.316        8.654   346.9      0.203     -0.328      0.046      0.205      0.209     -0.237
6.5500       -29979.578   -29988.053        8.474   339.7     -0.297      0.235      0.660      0.488     -0.119     -0.126
6.6000       -29979.199   -29987.561        8.362   335.2     -0.154      0.107      0.024     -0.088     -0.394      0.130
6.6500       -29978.959   -29987.355        8.397   336.6      0.062     -0.350     -0.851     -0.556      0.169     -0.207
6.7000       -29979.068   -29987.553        8.485   340.1      0.316      0.443      0.117      0.170      0.556      0.291
6.7500       -29979.120   -29987.695        8.575   343.7     -0.826     -0.768     -1.949      0.057     -0.210      0.339
6.8000       -29979.694   -29988.227        8.533   342.0     -0.672      0.634     -0.457     -0.158      0.162      0.347
6.8500       -29979.117   -29987.768        8.651   346.8      0.631      0.071      0.555      0.780      0.325     -0.161
6.9000       -29979.388   -29988.232        8.845   354.5     -0.710      0.138     -0.855      0.034     -0.180      0.219
6.9500       -29979.508   -29987.814        8.306   333.0     -0.169     -0.071      0.248     -0.560      0.266      0.509
7.0000       -29979.311   -29988.395        9.084   364.1      0.662      0.686      0.397     -0.020      0.638      0.230
7.0500       -29979.750   -29988.178        8.427   337.8      1.213      0.205     -0.983      0.331     -0.376      0.069
7.1000       -29979.724   -29987.723        7.999   320.6     -0.218      0.477      0.654     -0.319      0.301     -0.070
7.1500       -29980.005   -29987.781        7.776   311.7     -0.112     -0.956     -0.581      0.448     -0.114     -0.069
7.2000       -29979.727   -29988.541        8.814   353.3     -0.447      0.001     -0.908      0.493     -0.052     -0.165
7.2500       -29979.470   -29987.973        8.503   340.8      0.066     -0.655      0.405      0.693      0.150      0.031
7.3000       -29979.292   -29988.312        9.020   361.6     -0.404     -0.008     -0.069     -0.164     -0.390     -0.135
7.3500       -29979.675   -29987.914        8.240   330.3     -1.132     -0.588     -0.518      0.444      0.528     -0.198
7.4000       -29979.440   -29988.168        8.728   349.8      0.239     -0.618     -1.626     -0.033     -0.149     -0.670
7.4500       -29979.765   -29988.078        8.313   333.2     -0.471      0.113     -0.194      0.589      0.552      0.801
7.5000       -29979.404   -29988.051        8.646   346.6     -0.592     -0.200     -1.182      0.021      0.006      0.117
7.5500       -29979.765   -29988.561        8.795   352.6      0.200      0.160     -1.099      0.071      0.309     -0.556
7.6000       -29979.407   -29987.896        8.490   340.3     -0.425      0.122     -0.203     -0.086     -0.610     -0.324
7.6500       -29979.318   -29987.678        8.359   335.1     -0.156      0.150     -0.529      0.028     -0.106      0.152
7.7000       -29978.844   -29987.150        8.306   333.0      0.498     -0.112      1.050     -0.329      0.288      0.139
7.7500       -29979.629   -29987.641        8.011   321.1     -0.536      0.680     -0.571     -0.038     -0.454     -0.428
7.8000       -29979.085   -29987.236        8.151   326.7      0.396     -0.349      0.025     -0.472      0.250     -0.334
7.8500       -29979.053   -29988.613        9.560   383.2     -0.962      0.043      0.052     -0.185     -0.418      0.125
7.9000       -29979.296   -29987.674        8.378   335.8     -0.132     -0.180      0.255     -0.576     -0.341      0.046
7.9500       -29979.649   -29988.004        8.355   334.9      0.327     -1.057      0.246      0.262      0.286      0.257
8.0000       -29979.586   -29988.588        9.002   360.8     -0.206      0.386      0.983     -0.099     -0.615      0.387
8.0500       -29980.032   -29988.066        8.035   322.1     -0.357      0.300      0.088      0.030     -0.410     -0.164
8.1000       -29979.883   -29987.803        7.919   317.4      0.124     -0.638     -0.156     -0.112     -0.210     -0.397
8.1500       -29980.253   -29988.541        8.288   332.2      0.025     -0.350      0.506     -0.227      0.116      0.326
8.2000       -29980.498   -29988.600        8.101   324.7     -0.066      0.432      0.472     -0.205      0.387     -0.307
8.2500       -29980.365   -29988.197        7.832   313.9     -0.170     -0.708      0.301      0.084      0.112     -0.042
8.3000       -29980.704   -29988.232        7.528   301.8     -0.626     -0.321     -0.569     -0.229     -0.181      0.288
8.3500       -29980.790   -29988.385        7.595   304.4      0.048      0.374     -0.052      0.004      0.159     -0.189
8.4000       -29981.189   -29988.836        7.647   306.5      0.048     -1.128      0.120     -0.652     -0.121     -0.028
8.4500       -29981.058   -29988.398        7.340   294.2     -0.619     -0.506      0.047      0.194     -0.319      0.622
8.5000       -29981.095   -29988.934        7.839   314.2     -0.228     -0.538     -0.164      0.227      0.313      0.071
8.5500       -29980.941   -29988.982        8.041   322.3     -0.465     -0.080      0.061     -0.307      0.590      0.151
8.6000       -29980.508   -29988.764        8.256   330.9      0.578     -0.965      0.366     -0.517     -0.026     -0.010
8.6500       -29980.826   -29989.225        8.398   336.6     -0.912     -0.806     -0.730     -0.016      0.501      0.456
8.7000       -29980.599   -29989.717        9.118   365.5     -0.042      0.355      0.249      0.768      0.406     -0.168
8.7500       -29980.270   -29989.373        9.103   364.9     -0.044      0.222      0.199      0.155      0.113     -0.300
8.8000       -29980.384   -29988.109        7.725   309.7     -0.219     -0.551      0.436     -0.502      0.337     -0.134
8.8500       -29980.570   -29988.863        8.293   332.4      0.059      0.705     -1.129      0.771      0.154      0.127
8.9000       -29980.748   -29989.088        8.340   334.3      0.382     -0.329      0.107     -0.810     -0.428     -0.746
8.9500       -29981.077   -29988.891        7.814   313.2     -0.554     -0.324      0.187     -0.063      0.068      0.195
9.0000       -29981.341   -29989.172        7.831   313.9     -0.787      0.064     -0.792     -0.021     -0.049      0.238
9.0500       -29981.332   -29988.645        7.313   293.1      0.034     -1.332     -0.230     -0.191     -0.664      0.136
9.1000       -29980.945   -29988.615        7.670   307.4     -0.696     -0.911     -0.212     -0.159     -0.481      0.503
9.1500       -29980.945   -29988.848        7.903   316.8     -0.877     -0.411     -0.885      0.027      0.008     -0.202
9.2000       -29981.148   -29989.547        8.399   336.7     -0.367      0.506     -0.318      0.515     -0.501      0.099
9.2500       -29981.008   -29988.748        7.740   310.3     -0.404     -1.252     -0.938      0.147      0.122      0.240
9.3000       -29980.628   -29989.066        8.439   338.3     -0.851     -0.411      0.111     -0.276      0.030     -0.156
9.3500       -29980.624   -29988.781        8.157   327.0      0.524     -1.028      0.081      0.216      0.159     -0.145
9.4000       -29980.551   -29989.203        8.652   346.8     -0.422     -0.181     -0.054     -0.096     -0.067      0.519
9.4500       -29980.348   -29989.363        9.015   361.4     -0.435     -1.169     -0.032      0.303      0.144     -0.202
9.5000       -29980.725   -29989.158        8.433   338.0     -0.299      0.248     -0.555     -0.508      0.534     -0.166
9.5500       -29980.196   -29988.857        8.661   347.2     -0.567     -0.973     -0.138      0.223     -0.351      0.087
9.6000       -29980.520   -29988.838        8.318   333.4     -1.309     -0.726     -1.108      0.077      0.004     -0.080
9.6500       -29979.960   -29988.426        8.466   339.4      0.156     -0.667     -0.801     -0.092      0.105     -0.235
9.7000       -29979.963   -29988.115        8.153   326.8     -0.599     -0.524     -0.382      0.387     -0.376      0.531
9.7500       -29979.964   -29987.986        8.023   321.6     -0.282     -0.719     -0.442     -0.249      0.252      0.428
9.8000       -29979.918   -29988.664        8.746   350.6     -0.936     -0.219     -0.817      0.235     -0.235      0.210
9.8500       -29980.285   -29989.008        8.723   349.6     -0.341     -0.248     -0.532     -0.087     -0.272     -0.006
9.9000       -29980.549   -29988.838        8.289   332.3     -0.546     -0.381     -0.972     -0.356      0.996      0.001
9.9500       -29980.658   -29989.283        8.625   345.7     -1.212     -1.452     -0.833      0.541     -0.084      0.345
10.0000      -29980.869   -29989.467        8.598   344.6     -0.100     -0.320     -0.694     -0.387      0.162      0.303
10.0500      -29981.320   -29989.484        8.165   327.3     -0.890     -0.809      0.058     -0.084      0.136     -0.710
10.1000      -29981.025   -29988.951        7.926   317.7     -0.138     -0.293      0.360      0.055     -0.144      0.285
10.1500      -29981.083   -29988.951        7.868   315.4     -0.331     -0.125     -0.668      0.562      0.276      0.020
10.2000      -29981.140   -29989.057        7.917   317.4     -0.395      0.095      0.704     -0.151     -0.295     -0.038
10.2500      -29981.313   -29989.430        8.117   325.4      0.369      0.195      0.342     -0.228      0.097     -0.086
10.3000      -29980.977   -29989.594        8.617   345.4      0.736      0.816      0.698     -0.088     -0.467      0.158
10.3500      -29980.846   -29989.129        8.283   332.0     -0.959      0.276      0.392     -0.093     -0.823      0.624
10.4000      -29981.225   -29988.742        7.517   301.3      0.079     -0.812     -0.386     -0.259      0.163     -0.124
10.4500      -29981.377   -29989.287        7.910   317.1     -0.359     -0.477     -0.336     -0.447     -0.098      0.419
10.5000      -29980.766   -29989.182        8.416   337.3      0.383      0.509      0.150      0.209     -0.180      0.307
10.5500      -29980.817   -29989.137        8.320   333.5     -1.063     -0.228     -0.801      0.072     -0.441      0.052
10.6000      -29980.976   -29990.104        9.128   365.9      0.189     -0.813      0.186      0.272     -0.090     -0.285
10.6500      -29980.949   -29989.236        8.288   332.2      0.130     -0.654     -0.800      0.342     -0.534      0.361
10.7000      -29981.442   -29989.096        7.654   306.8     -0.334      0.300     -0.269      0.256      0.207      0.302
10.7500      -29981.461   -29989.350        7.889   316.2     -0.036     -0.226      0.525     -0.239      0.394     -0.301
10.8000      -29981.371   -29989.666        8.295   332.5     -0.475      0.270      0.910      0.032      0.117      0.473
10.8500      -29980.450   -29988.857        8.408   337.0     -0.411     -0.421     -0.225      0.026      0.346      0.054
10.9000      -29980.399   -29989.188        8.789   352.3      0.693     -0.143      0.252     -0.170      0.321      0.466
10.9500      -29981.022   -29988.516        7.494   300.4      0.655      0.095     -0.089      0.413     -0.115     -0.172
11.0000      -29981.226   -29988.645        7.419   297.4      0.021     -0.257      0.224     -0.078      0.089      0.386
11.0500      -29980.798   -29988.416        7.618   305.4      0.672      0.133      0.109     -0.175      0.044      0.084
11.1000      -29980.835   -29988.984        8.150   326.7     -0.407      0.221     -0.758     -0.534     -0.418      0.018
11.1500      -29980.545   -29989.062        8.517   341.4     -0.196      0.382      0.576      0.278      0.194      0.225
11.2000      -29980.429   -29989.266        8.837   354.2      0.292      0.208     -0.116     -0.467     -0.185      0.627
11.2500      -29980.653   -29989.254        8.600   344.7      0.064     -0.804      0.082      0.306      0.601     -0.837
11.3000      -29980.597   -29988.836        8.239   330.3     -1.367      0.254     -0.290     -0.071      0.081     -0.099
11.3500      -29980.545   -29989.115        8.570   343.5      0.691      0.168     -0.141      0.139     -0.135      0.029
11.4000      -29979.686   -29988.771        9.085   364.2      0.067      0.680      0.440     -0.206     -0.104     -0.248
11.4500      -29979.994   -29988.969        8.975   359.7     -0.319     -0.437     -0.725      0.249      0.249      0.106
11.5000      -29980.179   -29988.492        8.313   333.2     -0.230     -0.180     -0.008     -0.174      0.060     -0.512
11.5500      -29980.967   -29989.242        8.275   331.7     -0.004     -0.644     -0.282      0.340      0.056      0.531
11.6000      -29980.894   -29989.303        8.409   337.1      0.091      0.156     -1.261      0.080     -0.257      0.069
11.6500      -29981.089   -29989.332        8.243   330.4      0.270      0.199     -0.518     -0.212      0.169     -0.259
11.7000      -29981.133   -29989.398        8.266   331.3      0.064      0.204     -0.568      0.074     -0.110      0.159
11.7500      -29981.356   -29989.752        8.396   336.6     -0.799      0.374     -0.103      0.166     -0.611     -0.473
11.8000      -29981.319   -29989.684        8.364   335.3     -1.131     -0.042     -1.169     -0.208     -0.269     -0.005
11.8500      -29981.378   -29989.098        7.720   309.5      0.456     -0.674     -0.061      0.178     -0.394     -0.048
11.9000      -29981.384   -29989.791        8.407   337.0      0.841     -0.447      0.021     -0.287      0.119     -0.348
11.9500      -29981.089   -29989.266        8.177   327.8     -0.845      0.025     -0.524     -0.232      0.210     -0.406
12.0000      -29980.862   -29989.455        8.593   344.5      0.560      0.950      0.410      0.478     -0.178      0.201
12.0500      -29980.329   -29988.328        7.999   320.6     -0.170      0.096     -0.069     -0.333      0.028      0.007
12.1000      -29980.164   -29988.014        7.850   314.7     -0.173     -0.152      0.134      0.049     -0.172      0.371
12.1500      -29979.912   -29987.863        7.951   318.7     -0.373      0.969     -0.622     -0.411     -0.145     -0.716
12.2000      -29980.146   -29987.705        7.559   303.0     -0.033      0.420      0.146      0.390     -0.699      0.475
12.2500      -29980.129   -29988.016        7.886   316.1     -0.004     -0.342     -1.472      0.023     -0.065     -0.313
12.3000      -29979.912   -29987.986        8.074   323.7      1.139      0.449      0.077     -0.315      0.159      0.167
12.3500      -29980.414   -29989.100        8.686   348.2      0.209      0.511      0.317     -0.140      0.370     -0.530
12.4000      -29981.015   -29989.582        8.567   343.4     -0.043     -0.182      0.175      0.172     -0.069     -0.039
12.4500      -29980.989   -29988.840        7.851   314.7     -0.528     -0.156      0.412     -0.115      0.136     -0.070
12.5000      -29981.508   -29989.531        8.023   321.6      0.115     -0.779     -0.425      0.117      0.212      0.441
12.5500      -29981.393   -29989.643        8.250   330.7      0.399     -0.085      1.039      0.421      0.348      0.259
12.6000      -29981.461   -29989.646        8.186   328.1     -0.750     -0.743     -0.481     -0.114      0.122     -0.211
12.6500      -29981.511   -29990.049        8.537   342.2     -0.140     -0.759      0.137      0.661      0.099     -0.079
12.7000      -29981.621   -29989.184        7.562   303.1     -0.560      0.870     -0.256      0.470     -0.223      0.115
12.7500      -29981.605   -29989.791        8.186   328.1     -0.290     -0.564      0.225      0.238     -0.272      0.211
12.8000      -29981.612   -29989.369        7.758   311.0     -0.350     -0.617     -0.423      0.097     -0.418      0.231
12.8500      -29981.493   -29989.365        7.872   315.6     -0.381      0.731     -0.231      0.088      0.423     -0.586
12.9000      -29981.965   -29989.557        7.592   304.3     -0.557      0.131      0.330     -0.010      0.426     -0.106
12.9500      -29981.756   -29989.812        8.057   322.9      0.812      0.548     -0.488     -0.454      0.042     -0.027
13.0000      -29981.686   -29989.990        8.305   332.9     -0.281      0.454      0.164     -0.306     -0.015     -0.167
13.0500      -29981.297   -29988.957        7.660   307.1      0.165     -0.099     -0.738     -0.390      0.362     -0.013
13.1000      -29981.562   -29989.236        7.674   307.6     -0.244      0.512      0.072     -0.135     -0.650      0.319
13.1500      -29981.436   -29989.646        8.211   329.1     -1.237     -0.985     -0.645     -0.068     -0.175      0.387
13.2000      -29981.131   -29989.441        8.311   333.1     -0.527     -0.430     -1.716     -0.018      0.035     -0.057
13.2500      -29981.196   -29988.492        7.296   292.5     -0.905     -0.455     -0.285     -0.596     -0.481      0.287
13.3000      -29981.559   -29989.578        8.020   321.5     -0.092     -1.113     -1.010      0.308      0.068     -0.500
13.3500      -29981.062   -29989.758        8.696   348.6     -0.252     -0.484     -0.157      0.431      0.146      0.547
13.4000      -29981.213   -29989.248        8.035   322.1     -0.572      0.783      0.407     -0.771      0.519      0.329
13.4500      -29981.301   -29989.229        7.928   317.8      0.292      0.193     -0.243      0.418     -0.692      0.041
13.5000      -29981.179   -29989.350        8.171   327.5      0.001      0.198      0.464      0.324      0.091      0.020
13.5500      -29980.960   -29989.156        8.196   328.6     -0.495     -0.080     -0.196     -0.481     -0.548      0.116
13.6000      -29980.637   -29989.625        8.988   360.3     -0.355     -0.271     -1.123     -0.243     -0.308     -0.598
13.6500      -29980.146   -29988.625        8.479   339.9     -0.283     -0.576     -0.329     -0.011      0.441      0.352
13.7000      -29980.207   -29988.111        7.904   316.8      0.443     -0.182     -0.078     -0.686     -0.180      0.025
13.7500      -29980.337   -29988.744        8.407   337.0     -1.043      0.208      0.030     -0.098      0.135     -0.221
13.8000      -29979.954   -29988.572        8.619   345.5     -1.004     -0.169     -0.375      0.344      0.526     -0.192
13.8500      -29979.995   -29988.584        8.589   344.3     -0.265      0.565      1.187     -0.172      0.039      0.190
13.9000      -29979.956   -29989.145        9.189   368.3     -0.416     -1.077     -0.484     -0.187     -0.018     -0.210
13.9500      -29979.685   -29988.580        8.895   356.5     -0.834     -0.386      0.058      0.222      0.060      0.294
14.0000      -29979.714   -29987.631        7.917   317.4     -0.320      0.436      0.686      0.101      0.355      0.188
14.0500      -29979.579   -29987.172        7.593   304.4     -0.451     -0.645     -1.001      0.212     -0.342     -0.121
14.1000      -29979.704   -29988.238        8.534   342.1     -1.981      0.256     -0.136     -0.226     -0.042      0.234
14.1500      -29979.729   -29988.135        8.406   336.9      0.972     -0.996      0.274     -0.418     -0.026     -0.488
14.2000      -29980.007   -29988.457        8.450   338.7     -0.975     -0.636      0.019      0.334      0.082      0.157
14.2500      -29979.962   -29988.115        8.153   326.8     -0.804     -0.259     -0.976     -0.218      0.066     -0.620
14.3000      -29980.044   -29988.613        8.569   343.5      0.353     -0.009      0.493      0.293      0.513      0.449
14.3500      -29980.530   -29988.162        7.632   305.9     -0.719     -0.472     -0.092     -0.507      0.333     -0.238
14.4000      -29980.408   -29988.590        8.182   328.0      0.255     -0.272      1.264      0.554      0.082     -0.208
14.4500      -29980.369   -29988.523        8.155   326.9     -0.609     -0.949     -0.971     -0.015      0.136     -0.135
14.5000      -29980.088   -29988.430        8.342   334.4     -0.488     -0.043     -0.081     -0.043      0.223      0.152
14.5500      -29979.892   -29989.158        9.267   371.4     -1.295     -0.755     -0.577      1.132     -0.808      0.051
14.6000      -29979.999   -29988.730        8.732   350.0     -0.765     -0.598     -0.568      0.047      0.346     -0.433
14.6500      -29979.934   -29987.559        7.625   305.6      0.024     -0.140      0.324     -0.524     -0.121     -0.212
14.7000      -29980.555   -29988.324        7.769   311.4     -0.536     -0.217     -1.662      0.475      0.024     -0.351
14.7500      -29980.689   -29989.279        8.591   344.4      0.062     -0.652     -0.901     -0.123     -0.329     -0.174
14.8000      -29980.912   -29989.195        8.283   332.0      0.547      0.407     -1.384      0.006     -0.201     -0.111
14.8500      -29980.765   -29988.143        7.378   295.7     -0.730      0.248      1.508      0.291     -0.174      0.031
14.9000      -29980.824   -29989.266        8.442   338.4      0.824      1.101     -0.122      0.040     -0.501     -0.354
14.9500      -29981.004   -29989.312        8.309   333.0     -0.242     -0.337      0.325      0.042     -0.004      0.327
15.0000      -29981.527   -29989.326        7.800   312.6     -0.031     -0.264      0.193     -0.036      0.161      0.108
15.0500      -29981.785   -29990.119        8.334   334.1     -0.346      0.213      0.086     -0.195     -0.884     -0.370
15.1000      -29981.703   -29990.256        8.553   342.8     -0.310     -0.137     -0.692      0.698      0.650      0.168
15.1500      -29981.996   -29989.725        7.729   309.8      0.889      0.034      0.632      0.239     -0.129     -0.405
15.2000      -29981.796   -29989.221        7.424   297.6      0.718      0.725      1.206      0.473     -0.154     -0.148
15.2500      -29981.986   -29988.973        6.987   280.1     -0.029     -0.242      0.412      0.023      0.648     -0.913
15.3000      -29981.592   -29988.561        6.968   279.3      0.115     -0.749     -0.252     -0.370     -0.312      0.171
15.3500      -29981.695   -29989.607        7.913   317.2      0.529     -0.199     -0.848      0.182     -0.264     -0.280
15.4000      -29981.721   -29989.434        7.713   309.2      0.177     -0.800     -0.713      0.656     -0.609      0.359
15.4500      -29981.437   -29989.283        7.846   314.5     -0.131     -1.054      0.204     -0.406     -0.066     -0.026
15.5000      -29980.898   -29988.830        7.933   318.0     -0.431     -0.333     -0.629      0.103      0.052     -0.417
15.5500      -29980.845   -29988.244        7.399   296.6      0.182     -0.027     -0.486      0.062     -0.272      0.376
15.6000      -29980.899   -29989.164        8.265   331.3      0.372      0.237     -0.534      0.495     -0.166     -0.681
15.6500      -29981.071   -29989.186        8.114   325.3     -0.615     -1.308     -1.007     -0.089     -0.101     -0.058
15.7000      -29981.082   -29989.156        8.075   323.7      0.070      0.461     -0.192     -0.102      0.432      0.056
15.7500      -29980.908   -29989.170        8.262   331.2     -0.442     -0.739     -0.805     -0.007     -0.695     -0.304
15.8000      -29981.001   -29989.289        8.288   332.2      0.786      0.410      0.934     -0.040      0.088      0.189
15.8500      -29980.818   -29988.762        7.944   318.4      0.139      0.437     -0.393      0.265      0.558     -0.076
15.9000      -29980.513   -29988.840        8.327   333.8      1.017      0.439     -0.232      0.361     -0.411      0.250
15.9500      -29981.085   -29988.908        7.824   313.6     -0.667      0.062     -0.143      0.487      0.138     -0.329
16.0000      -29981.608   -29989.730        8.122   325.6     -0.175      0.782     -0.155      0.108      0.475     -0.218
16.0500      -29981.642   -29989.885        8.243   330.4      0.759     -0.571      0.391     -0.735     -0.410      0.289
16.1000      -29981.900   -29989.781        7.881   315.9     -0.644     -0.678     -0.583     -0.022      0.226      0.023
16.1500      -29981.749   -29989.584        7.835   314.1     -0.552     -0.590     -0.082     -0.655      0.157      0.349
16.2000      -29981.660   -29989.303        7.642   306.3     -0.359     -0.600      0.114      0.067      0.418      0.008
16.2500      -29981.001   -29989.561        8.560   343.1      1.160      0.798      0.091      0.263      0.373      0.489
16.3000      -29981.164   -29989.383        8.219   329.5      1.039      0.125     -0.683     -0.225     -0.227     -0.024
16.3500      -29981.611   -29989.545        7.934   318.0     -0.088      0.124     -0.381      0.025      0.257     -0.088
16.4000      -29981.393   -29989.240        7.847   314.5      0.181     -0.611      0.377      0.023     -0.121     -0.554
16.4500      -29981.212   -29989.254        8.042   322.4     -1.079     -0.825     -0.974      0.177     -0.360      0.563
16.5000      -29981.274   -29989.164        7.890   316.3     -0.319     -0.976     -0.440      0.330     -0.486      0.085
16.5500      -29981.226   -29989.428        8.202   328.8     -0.686     -0.328     -0.019      0.234      0.292      0.266
16.6000      -29980.636   -29988.953        8.317   333.4     -0.417      0.043      0.363     -0.579     -0.215     -0.231
16.6500      -29980.886   -29989.217        8.331   333.9      0.402     -0.808      0.542      0.071     -0.092     -0.832
16.7000      -29981.479   -29989.758        8.279   331.9     -0.773     -0.297     -0.449      0.137      0.311      0.086
16.7500      -29981.219   -29989.012        7.793   312.4     -0.156     -0.281      1.123     -0.085      0.619      0.004
16.8000      -29981.002   -29989.396        8.394   336.5     -0.600     -0.133     -0.660     -0.105      0.159      0.662
16.8500      -29980.825   -29988.207        7.382   295.9     -1.128     -0.323     -0.679     -0.317      0.046      0.038
16.9000      -29980.791   -29988.898        8.108   325.0     -0.413     -0.783     -1.757      0.201     -0.244      0.695
16.9500      -29981.202   -29989.787        8.585   344.1     -0.052     -0.507     -0.518      0.112     -0.289     -0.728
17.0000      -29981.048   -29989.885        8.836   354.2     -0.772     -1.349     -1.194     -0.277      0.172      0.318
17.0500      -29981.190   -29989.365        8.175   327.7      0.057     -0.653     -0.436      0.314      0.452      0.257
17.1000      -29981.080   -29989.367        8.287   332.2     -0.056     -0.702      0.447     -0.141      0.394      0.077
17.1500      -29980.994   -29989.016        8.022   321.5      0.387      0.282     -0.370      0.594     -0.051      0.417
17.2000      -29980.780   -29989.094        8.313   333.2     -0.727      0.593     -0.232     -0.722     -0.296     -0.342
17.2500      -29980.912   -29989.592        8.680   347.9     -1.208     -0.911     -1.029     -0.500      0.314      0.452
17.3000      -29981.131   -29989.137        8.006   320.9     -0.951     -0.240     -1.326     -0.089     -0.222      0.460
17.3500      -29980.869   -29989.006        8.137   326.2      0.359     -0.868     -0.313     -0.093     -0.171     -0.316
17.4000      -29980.491   -29988.623        8.132   326.0     -0.010      0.382     -0.167     -0.378      0.283      0.359
17.4500      -29980.375   -29988.199        7.824   313.6     -0.878     -0.337     -0.388     -0.058     -0.067     -0.341
17.5000      -29979.878   -29988.854        8.975   359.8     -1.736     -1.667     -0.757     -0.102     -0.192     -0.235
17.5500      -29980.223   -29988.461        8.237   330.2     -0.055     -0.437     -1.069     -0.064     -0.179     -0.117
17.6000      -29979.796   -29988.115        8.320   333.5      0.272     -0.200     -0.104     -0.394      0.365     -0.139
17.6500      -29979.283   -29987.908        8.625   345.7     -0.555      0.183     -0.201     -0.266      0.066      0.851
17.7000      -29979.810   -29988.320        8.510   341.1      1.537      0.045     -0.283      0.017      0.300     -0.085
17.7500      -29979.966   -29988.338        8.372   335.6     -0.501     -0.905      0.021      0.052     -0.241     -0.074
17.8000      -29980.141   -29987.842        7.701   308.7     -0.120      0.219      0.645      0.391      0.121      0.572
17.8500      -29980.311   -29988.057        7.746   310.5      0.507     -0.271     -1.229      0.174      0.489     -0.106
17.9000      -29980.656   -29988.773        8.117   325.4     -0.899     -0.878     -0.678      0.117     -0.514      0.555
17.9500      -29980.632   -29988.703        8.071   323.5      0.557      0.802      0.523      0.086     -0.204      0.130
18.0000      -29980.658   -29987.992        7.334   294.0      0.892      0.820      0.440      0.272      0.461     -0.142
18.0500      -29980.524   -29988.115        7.591   304.3      0.890     -0.203     -0.551     -0.377      0.303      0.014
18.1000      -29980.725   -29987.453        6.728   269.7      0.733      0.425      0.589      0.214     -0.311      0.177
18.1500      -29980.598   -29988.289        7.692   308.3     -0.222     -0.510      0.962      0.657     -0.568     -0.043
18.2000      -29980.576   -29988.072        7.496   300.5     -0.566     -0.121      0.263      0.088     -0.031      0.295
18.2500      -29980.482   -29988.051        7.568   303.4     -0.627     -0.081     -0.034      0.628     -0.428     -0.392
18.3000      -29980.316   -29987.922        7.606   304.9     -1.372     -0.077     -0.745      0.609      0.603     -0.057
18.3500      -29980.201   -29988.221        8.020   321.5     -0.196      0.184      0.098      0.170     -0.186     -0.308
18.4000      -29979.438   -29987.459        8.021   321.5      0.432     -0.642      0.031      0.298      0.340     -0.110
18.4500      -29979.068   -29987.750        8.682   348.0     -0.818     -0.731     -0.997      0.147      0.041      0.245
18.5000      -29979.441   -29987.340        7.899   316.6     -0.150     -0.359      0.032      0.063      0.208     -0.339
18.5500      -29979.188   -29987.287        8.099   324.7     -0.276     -0.706      0.202      0.823      0.649     -0.019
18.6000      -29979.506   -29988.104        8.597   344.6     -0.734      0.044     -0.721     -0.444     -0.677     -0.419
18.6500      -29979.640   -29987.246        7.606   304.9     -0.242     -0.699      0.125      0.491      0.241      0.132
18.7000      -29980.011   -29988.504        8.493   340.4     -0.957     -0.628     -0.489     -0.449     -0.211     -0.247
18.7500      -29981.125   -29988.771        7.646   306.5      0.265     -0.042      0.349     -0.140     -0.165     -0.181
18.8000      -29981.314   -29988.223        6.909   276.9      0.886      0.637     -0.220     -0.022     -0.241      0.343
18.8500      -29981.598   -29988.695        7.097   284.5     -0.153     -0.651     -0.049      0.078     -0.033     -0.004
18.9000      -29981.001   -29988.555        7.553   302.8     -1.293     -0.605     -0.948     -0.078      0.201     -0.262
18.9500      -29980.729   -29988.848        8.118   325.4      0.675      0.476      0.126     -0.295      0.324     -0.212
19.0000      -29980.750   -29988.646        7.896   316.5      0.451      0.263      0.698      0.347      0.429      0.070
19.0500      -29980.527   -29988.891        8.364   335.3      0.117     -0.264     -0.368     -0.265     -0.056      0.073
19.1000      -29980.652   -29989.336        8.684   348.1     -0.308     -1.497      0.157      0.588      0.444      0.141
19.1500      -29980.300   -29988.811        8.511   341.2     -0.592     -0.042     -0.682      0.033     -0.167     -0.154
19.2000      -29980.112   -29988.910        8.798   352.7     -0.005     -0.956      0.007      0.412     -0.083      0.296
19.2500      -29979.925   -29988.119        8.194   328.5     -0.164     -0.884     -0.048      0.056      0.606      0.515
19.3000      -29980.158   -29988.729        8.571   343.6     -0.617      0.697     -0.765      0.488     -0.829      0.358
19.3500      -29979.870   -29988.465        8.594   344.5      0.704     -0.372     -0.014      0.010      0.114     -0.421
19.4000      -29979.853   -29988.068        8.216   329.3      0.235      0.259      0.520      0.408      0.094     -0.080
19.4500      -29979.935   -29988.035        8.100   324.7      0.092     -1.046     -0.114     -0.324     -0.402      0.573
19.5000      -29980.443   -29988.498        8.055   322.9     -0.295      0.547     -0.558      0.309      0.456      0.403
19.5500      -29980.613   -29988.605        7.992   320.4      0.258     -0.650     -0.182      0.097     -0.731     -0.323
19.6000      -29980.369   -29988.908        8.539   342.3     -0.036      0.260     -0.402      0.340     -0.150      0.781
19.6500      -29979.923   -29987.896        7.973   319.6     -0.679     -0.814     -0.727     -0.536      0.506     -0.107
19.7000      -29979.701   -29988.564        8.864   355.3     -1.143      0.386     -0.127      0.190     -0.545      0.502
19.7500      -29979.707   -29987.787        8.080   323.9     -0.634     -0.350     -0.389     -0.100      0.527      0.031
19.8000      -29980.022   -29988.420        8.398   336.6     -0.583      0.845      0.509      0.262     -0.640      0.505
19.8500      -29979.993   -29988.326        8.333   334.0     -0.599     -1.106     -0.298      0.297      0.273     -0.353
19.9000      -29979.724   -29988.607        8.884   356.1     -0.138     -0.331      0.235      0.514     -0.509      0.550
19.9500      -29980.025   -29988.072        8.048   322.6     -0.395      0.224     -0.278     -0.446     -0.032      0.451
20.0000      -29980.427   -29988.809        8.381   336.0     -0.666      0.579      1.107     -0.750     -0.047      0.106
20.0500      -29980.466   -29988.105        7.639   306.2      0.443     -0.890     -0.113     -0.561      0.049      0.331
20.1000      -29980.237   -29988.502        8.265   331.3      1.126      1.037     -0.291      0.810      0.350      0.072
20.1500      -29980.189   -29988.453        8.264   331.3     -0.416     -0.513      0.007     -0.584     -0.334     -0.335
20.2000      -29979.965   -29989.078        9.113   365.3      0.451      0.233     -0.668     -0.356     -0.352     -0.581
20.2500      -29980.199   -29988.520        8.321   333.5     -0.537     -0.183      0.433     -0.021      0.563     -0.006
20.3000      -29979.963   -29988.328        8.365   335.3      0.733      0.397      1.225      0.237     -0.007     -0.053
20.3500      -29979.082   -29988.357        9.275   371.8     -0.608      0.017     -0.027      0.042     -0.008      0.052
20.4000      -29978.818   -29987.729        8.911   357.2      0.583      0.319     -0.699      0.103     -0.579     -0.098
20.4500      -29978.847   -29988.162        9.315   373.4      0.758     -0.179      0.664     -0.028      0.311      0.071
20.5000      -29978.979   -29988.080        9.102   364.8      1.118     -0.730     -0.143     -0.534     -0.573      0.483
20.5500      -29979.195   -29988.094        8.899   356.7      0.701      0.431     -0.110     -0.201     -0.215     -0.281
20.6000      -29979.499   -29988.551        9.051   362.8     -0.165     -1.329     -0.149     -0.417      0.476      0.012
20.6500      -29979.642   -29988.027        8.385   336.1     -0.363      0.552     -0.597      0.148     -0.813     -0.434
20.7000      -29979.779   -29988.004        8.225   329.7     -0.960     -1.450     -0.857      0.455     -0.153     -0.094
20.7500      -29979.598   -29988.467        8.869   355.5      0.997     -0.039     -0.404     -0.425      0.018     -0.116
20.8000      -29979.360   -29988.492        9.132   366.0      0.299     -0.499     -0.214     -0.027      0.662      0.038
20.8500      -29979.216   -29986.965        7.749   310.6      1.059     -0.262      0.726      0.397     -0.716      0.143
20.9000      -29979.377   -29987.635        8.257   331.0      0.722      0.147      0.092     -0.273      0.035      0.501
20.9500      -29979.524   -29988.037        8.513   341.3      0.891      0.707     -0.367      0.453      0.374     -0.047
21.0000      -29979.587   -29988.668        9.081   364.0     -0.115     -0.167      0.034      0.191      0.218     -0.273
21.0500      -29979.848   -29987.807        7.958   319.0      0.218     -0.416      0.683      0.115     -0.224      0.948
21.1000      -29980.126   -29987.938        7.812   313.1      0.156      0.023      0.236      0.244      0.536     -0.077
21.1500      -29980.363   -29988.602        8.239   330.2      0.105     -0.140      0.065     -0.302     -0.312     -0.465
21.2000      -29980.050   -29988.727        8.677   347.8     -0.653     -0.135     -0.501     -0.188     -0.074     -0.029
21.2500      -29979.957   -29988.752        8.795   352.5     -0.696     -0.421      0.050      0.026     -0.736      0.501
21.3000      -29979.788   -29989.336        9.548   382.7     -0.589     -0.043     -0.007      0.569     -0.201     -0.398
21.3500      -29980.372   -29988.346        7.974   319.6     -0.760     -0.370     -0.586     -0.064      0.446     -0.011
21.4000      -29980.206   -29988.277        8.071   323.5     -0.334      0.482     -0.094      0.205     -0.372     -0.014
21.4500      -29980.589   -29988.734        8.146   326.5      0.730      0.087      1.327     -0.736      0.133     -0.120
21.5000      -29980.953   -29988.852        7.899   316.6     -0.752      0.247      0.652      0.404     -0.183     -0.492
21.5500      -29980.715   -29989.547        8.831   354.0     -0.556     -0.284      0.274     -0.006     -0.126      0.181
21.6000      -29981.047   -29989.188        8.141   326.3     -0.019     -0.921     -1.384     -0.800     -0.221     -0.437
21.6500      -29981.109   -29988.457        7.348   294.5      0.056     -0.431      0.514      0.972      0.149      0.760
21.7000      -29980.677   -29989.053        8.376   335.8     -0.170      0.193      0.393     -0.623     -0.088      0.038
21.7500      -29980.156   -29988.676        8.519   341.5      0.314      0.111     -0.334      0.468     -0.368      0.164
21.8000      -29979.715   -29988.660        8.945   358.5     -0.544     -0.697     -0.170     -0.229      0.428     -0.119
21.8500      -29979.564   -29988.119        8.555   342.9      0.378     -0.088     -0.728      0.075     -0.982     -0.055
21.9000      -29979.715   -29988.211        8.496   340.5     -0.863     -0.248      0.664     -0.422     -0.563     -1.001
21.9500      -29980.230   -29988.109        7.879   315.8      0.140     -1.322      0.852      0.187      0.351     -0.053
22.0000      -29980.175   -29987.230        7.056   282.8      0.530      0.593     -0.479      0.515     -0.937     -0.699
22.0500      -29980.110   -29988.912        8.802   352.8      0.640      0.110     -0.084     -0.192      0.335      0.329
22.1000      -29980.714   -29989.451        8.738   350.2     -0.146      0.332     -0.163      0.049      0.396      0.020
22.1500      -29980.592   -29989.000        8.408   337.0     -0.175     -0.590      0.775      0.329     -0.085      0.336
22.2000      -29980.512   -29988.285        7.774   311.6     -1.116     -1.190     -0.378      0.235      0.012      0.546
22.2500      -29979.789   -29988.389        8.600   344.7      0.795     -0.056      0.185      0.354      0.659      0.158
22.3000      -29979.942   -29988.363        8.421   337.6     -0.844     -0.114     -0.542      0.302     -0.099      0.157
22.3500      -29980.106   -29988.906        8.800   352.8      0.928      0.923      0.970      0.215     -0.469     -0.624
22.4000      -29980.302   -29988.861        8.559   343.1      0.420      0.148     -0.671      0.334      0.500     -0.556
22.4500      -29979.976   -29989.029        9.053   362.9     -1.397     -0.653     -0.302     -0.336     -0.341      0.106
22.5000      -29979.408   -29988.818        9.410   377.2     -0.586     -0.514     -0.937      0.385      0.467      0.222
22.5500      -29979.618   -29988.098        8.480   339.9      0.858     -0.728     -0.370      0.137      0.124      0.109
22.6000      -29979.743   -29988.182        8.438   338.3      0.324      0.025     -0.395      0.163     -0.156      0.313
22.6500      -29979.754   -29988.264        8.509   341.1      0.314     -0.345      1.115     -0.191      0.499      0.687
22.7000      -29979.893   -29988.398        8.505   340.9     -0.553     -1.206     -0.475      0.114     -0.065      0.083
22.7500      -29979.471   -29988.652        9.181   368.0      0.421      0.050      0.905     -0.284     -0.035     -0.185
22.8000      -29979.545   -29988.143        8.597   344.6      0.534      0.112      1.021      0.576      0.156      0.460
22.8500      -29979.486   -29988.516        9.030   362.0      0.328      0.473      0.669     -0.435     -0.110     -0.140
22.9000      -29979.565   -29988.260        8.695   348.5      0.544      0.265      0.338      0.029      0.147     -0.308
22.9500      -29979.502   -29987.949        8.447   338.6     -0.363      0.622      0.183     -0.416     -0.131      0.748
23.0000      -29979.837   -29987.953        8.116   325.3     -0.147      0.156     -0.217      0.006      0.687     -0.634
23.0500      -29980.190   -29988.652        8.463   339.2      0.422     -0.261      0.542     -0.093     -0.059     -0.231
23.1000      -29980.377   -29988.629        8.252   330.8      0.111     -0.373     -0.320      0.091      0.385      0.178
23.1500      -29980.376   -29987.727        7.351   294.7      0.078      0.449     -0.141      0.043     -0.808     -0.027
23.2000      -29979.651   -29988.418        8.767   351.4     -0.453     -0.066     -0.308     -0.555      0.599      0.232
23.2500      -29979.875   -29988.510        8.635   346.1     -0.589     -0.559      0.374      0.021     -0.379      0.203
23.3000      -29979.684   -29987.682        7.997   320.6     -0.956      0.150     -0.190      0.274      0.423     -0.020
23.3500      -29979.897   -29988.939        9.043   362.5      0.484      0.117      0.407      0.003     -0.703      0.300
23.4000      -29979.610   -29988.359        8.750   350.7     -0.301      0.006      0.268      0.153     -0.106     -0.504
23.4500      -29979.939   -29988.488        8.549   342.7      0.638     -0.243      1.070     -0.260      0.071     -0.003
23.5000      -29979.728   -29988.479        8.751   350.8     -0.495     -0.526     -0.161     -0.784     -0.093     -0.671
23.5500      -29979.424   -29988.773        9.349   374.8     -0.767     -0.603     -0.895      0.200      0.227     -0.152
23.6000      -29979.196   -29988.117        8.921   357.6     -0.392     -0.198     -0.824      0.170     -0.079     -0.126
23.6500      -29979.846   -29988.211        8.365   335.3     -0.882     -0.727      0.323      0.055      0.230      0.176
23.7000      -29979.813   -29988.768        8.955   359.0      1.496      0.226      0.592      0.268      0.856     -0.062
23.7500      -29980.259   -29988.818        8.559   343.1      0.568      0.937      0.430      0.037      0.057      0.055
23.8000      -29979.628   -29988.000        8.372   335.6      0.520     -0.044     -0.903      0.068      0.711      0.026
23.8500      -29979.548   -29988.305        8.757   351.0     -0.326      1.057      0.678      0.258     -0.458     -0.234
23.9000      -29980.183   -29988.203        8.020   321.5     -0.016     -1.171     -0.045     -0.058      0.330     -0.294
23.9500      -29980.229   -29987.912        7.683   308.0      0.205      1.886      1.085      0.299     -0.043      0.281
24.0000      -29979.879   -29987.971        8.092   324.4     -0.485     -0.254      0.306     -0.088      0.338      0.306
24.0500      -29980.282   -29989.084        8.802   352.8     -0.754     -1.113      0.003     -0.072      0.038      0.310
24.1000      -29980.549   -29989.039        8.490   340.3      0.532      0.871      0.031      0.157      0.206      0.006
24.1500      -29980.892   -29989.352        8.459   339.1      0.196     -0.027      0.690      0.227     -0.394     -0.407
24.2000      -29980.747   -29989.377        8.630   345.9     -0.134     -0.436      0.098     -0.006     -0.167      0.473
24.2500      -29980.648   -29988.396        7.748   310.6      0.079      0.263     -0.521     -0.125      0.531     -0.264
24.3000      -29980.336   -29989.074        8.738   350.3     -0.398     -0.914      0.016      0.145     -0.141      0.283
24.3500      -29979.673   -29988.893        9.220   369.6     -0.035      0.077     -1.111     -0.634     -0.098      0.090
24.4000      -29979.957   -29988.258        8.301   332.7     -0.416      0.307     -0.251     -0.182      0.343      0.640
24.4500      -29980.040   -29988.641        8.601   344.8     -0.180     -1.423     -1.861      0.121     -0.191     -0.402
24.5000      -29980.568   -29989.648        9.081   364.0      0.381      0.715     -0.606      0.312     -0.677      0.632
24.5500      -29980.388   -29988.938        8.550   342.7      0.363      0.426     -0.756     -0.010      0.012     -0.573
24.6000      -29980.254   -29989.305        9.051   362.8     -1.193     -0.141     -0.960     -0.527     -0.423     -0.129
24.6500      -29979.974   -29988.330        8.356   335.0      0.589     -0.571     -0.835      0.369     -0.057     -0.341
24.7000      -29980.195   -29989.195        9.000   360.8     -0.770     -0.463     -1.124     -0.051      0.051      0.490
24.7500      -29980.807   -29989.414        8.607   345.0     -1.210     -0.640      0.089     -0.389     -0.653      0.073
24.8000      -29980.747   -29988.908        8.161   327.1     -0.749     -0.748     -0.515     -0.205      0.088     -0.261
24.8500      -29981.099   -29989.311        8.212   329.2     -0.972     -0.085      0.021      0.121     -0.108     -0.516
24.9000      -29981.024   -29988.969        7.945   318.5     -1.480      0.579     -1.246      0.002      0.258     -0.005
24.9500      -29981.200   -29989.320        8.120   325.5      0.877     -1.121      0.136     -0.237     -0.601      0.095
25.0000      -29981.333   -29988.461        7.128   285.7      0.267      0.864     -0.706      0.490     -0.207      0.113
25.0500      -29981.707   -29989.361        7.655   306.8      0.447     -0.681     -0.476     -0.339     -0.035     -0.168
25.1000      -29981.948   -29990.680        8.732   350.0      0.269      0.602     -0.431     -0.839      0.475      0.780
25.1500      -29981.845   -29990.045        8.200   328.7     -0.322     -0.937      0.481     -0.750     -0.412      0.825
25.2000      -29981.898   -29989.707        7.809   313.0      0.206     -0.138     -0.061     -0.253     -0.008      0.171
25.2500      -29981.693   -29990.078        8.385   336.1     -0.405      0.458     -0.241      0.044      0.415      0.351
25.3000      -29981.559   -29990.258        8.698   348.7     -0.059     -0.475     -0.871     -0.273     -0.858     -0.325
25.3500      -29981.798   -29990.176        8.378   335.8      0.472      0.081     -0.331      0.747      0.780      0.116
25.4000      -29981.678   -29989.484        7.807   312.9     -0.468     -0.731     -0.200     -0.022     -0.152      0.061
25.4500      -29981.435   -29989.602        8.166   327.3      0.207     -0.107     -0.467      0.309     -0.155      0.083
25.5000      -29981.402   -29989.506        8.104   324.9     -0.256      0.083     -0.301      0.135     -0.021      0.704
25.5500      -29981.837   -29989.834        7.997   320.6     -0.228      0.416     -0.206      0.368     -0.146     -0.027
25.6000      -29981.129   -29989.000        7.871   315.5      0.526      0.837     -0.089     -0.249      0.230     -0.175
25.6500      -29981.204   -29989.641        8.437   338.2      0.812      0.059      0.135      0.802     -0.340      0.516
25.7000      -29980.897   -29989.729        8.831   354.0     -0.023      0.566     -1.233      0.033      0.308     -0.032
25.7500      -29980.588   -29988.631        8.043   322.4     -0.213     -0.560      0.176     -0.306     -0.079     -0.718
25.8000      -29980.422   -29988.730        8.309   333.1     -0.003      0.040     -0.007      0.422     -0.155     -0.281
25.8500      -29980.504   -29989.352        8.848   354.7      0.868     -0.106     -0.235     -0.254     -0.731      0.335
25.9000      -29980.910   -29989.020        8.110   325.1      0.239     -0.572     -0.412     -0.240     -0.126      0.079
25.9500      -29980.972   -29989.297        8.325   333.7     -0.059      0.013     -0.233     -0.423      0.096     -0.629
26.0000      -29981.390   -29989.588        8.198   328.6      0.378      0.670      0.158      0.063     -0.168      0.463
26.0500      -29981.409   -29989.342        7.933   318.0      0.050     -0.043     -0.514      0.174      0.122     -0.224
26.1000      -29981.673   -29989.973        8.300   332.7     -0.688     -0.084      0.125     -0.003     -0.587     -0.151
26.1500      -29981.075   -29988.902        7.828   313.8     -0.192     -0.183      0.680      0.039      0.049      0.233
26.2000      -29981.125   -29989.373        8.248   330.6      0.204     -0.750     -0.795      0.065     -0.013      0.499
26.2500      -29980.975   -29989.344        8.369   335.5     -0.231      0.731      0.110      0.050      0.021      0.303
26.3000      -29980.401   -29989.400        8.999   360.7     -0.063     -0.190      0.573      0.561     -0.543     -0.558
26.3500      -29980.361   -29988.551        8.190   328.3     -0.132     -0.291     -1.161      0.489      0.550     -0.006
26.4000      -29980.760   -29989.758        8.997   360.7     -0.586      0.218      0.097      0.124      0.277     -0.227
26.4500      -29980.494   -29989.814        9.320   373.6      0.255     -0.182     -0.829      0.153     -0.374      0.562
26.5000      -29980.568   -29988.658        8.090   324.3     -0.337     -0.035     -0.976      0.067     -0.458     -0.737
26.5500      -29980.616   -29989.725        9.109   365.1      0.805     -1.321     -0.208     -0.203      0.230      0.347
26.6000      -29981.247   -29989.717        8.470   339.5     -0.848     -1.077      0.424      0.465     -0.052     -0.101
26.6500      -29981.068   -29989.453        8.385   336.1     -0.300     -0.179     -0.847     -0.166     -0.057     -0.132
26.7000      -29981.235   -29989.098        7.862   315.2      0.229      0.028      0.769     -0.187      0.017     -0.294
26.7500      -29981.040   -29988.779        7.739   310.2      0.270     -0.073     -0.838      0.044     -0.289      0.140
26.8000      -29980.981   -29989.275        8.295   332.5     -0.063     -0.095     -0.479     -0.323      0.774      0.120
26.8500      -29980.619   -29988.775        8.156   326.9     -0.475     -1.204     -0.815     -0.527      0.343     -0.229
26.9000      -29980.019   -29988.922        8.903   356.9     -0.503     -0.084      0.142     -0.212     -0.506     -0.518
26.9500      -29979.984   -29988.598        8.614   345.3      0.049     -0.828     -0.065     -0.254      0.520      0.260
27.0000      -29979.968   -29988.955        8.988   360.3     -0.795      0.434     -0.981     -0.088      0.288      0.333
27.0500      -29979.751   -29988.393        8.642   346.4     -0.122     -0.854     -0.497      0.369     -0.333     -0.450
27.1000      -29979.682   -29988.516        8.834   354.1     -0.311     -0.340     -1.741      0.395      0.011      0.725
27.1500      -29979.490   -29987.582        8.092   324.4     -1.533     -1.244      0.008     -0.008      0.245     -0.339
27.2000      -29979.741   -29988.766        9.025   361.8     -0.426     -0.734     -0.614      0.322      0.366      0.263
27.2500      -29979.756   -29988.682        8.925   357.8     -0.308     -0.409     -1.233      0.112      0.017      0.001
27.3000      -29979.792   -29988.375        8.583   344.1     -0.042     -0.210     -0.182      0.452      0.056      0.418
27.3500      -29980.155   -29988.332        8.177   327.8      0.001      0.291      0.161      0.275      0.467     -0.011
27.4000      -29980.595   -29989.188        8.592   344.4      0.283     -0.129     -0.042     -0.156     -0.368     -0.253
27.4500      -29980.248   -29988.896        8.649   346.7     -0.279     -1.055     -0.049     -0.401      0.243      0.133
27.5000      -29980.511   -29989.477        8.965   359.4     -0.726     -0.061     -1.535      0.182     -0.060     -0.063
27.5500      -29980.286   -29988.523        8.237   330.2     -1.212     -0.808     -0.023     -0.098      0.052      0.289
27.6000      -29980.736   -29988.814        8.078   323.8     -0.119     -0.794     -0.570      0.227     -0.153      0.248
27.6500      -29980.859   -29988.975        8.115   325.3     -0.650     -0.380     -1.061      0.324      0.157     -0.363
27.7000      -29981.043   -29989.467        8.424   337.7     -0.304      0.248      0.050     -0.019      0.161      0.654
27.7500      -29981.134   -29989.164        8.030   321.9      0.011     -0.667     -0.181      0.295     -0.206     -0.443
27.8000      -29980.966   -29989.545        8.579   343.9      0.262     -0.189      0.158     -0.303      0.253      0.356
27.8500      -29981.186   -29988.463        7.277   291.7     -0.331     -0.299     -0.073     -0.118      0.224     -0.163
27.9000      -29981.338   -29989.807        8.469   339.5     -0.075      0.179     -0.150     -0.320     -0.164      0.309
27.9500      -29981.724   -29989.744        8.020   321.5     -0.011      0.521     -0.027     -0.141      0.276     -0.490
28.0000      -29981.546   -29989.451        7.905   316.9     -0.630      0.877     -0.709     -0.013     -0.311      0.156
28.0500      -29981.074   -29989.350        8.276   331.7      0.170     -0.746      0.024     -0.474      0.224     -0.224
28.1000      -29980.789   -29989.510        8.721   349.6     -0.999     -0.982     -1.761     -0.291      0.001     -0.283
28.1500      -29981.120   -29989.699        8.579   343.9     -0.330     -0.497     -0.325      0.380     -0.214     -0.053
28.2000      -29980.512   -29988.807        8.295   332.5     -0.349     -0.654      0.510     -0.513     -0.239     -0.315
28.2500      -29979.535   -29988.744        9.209   369.2     -0.194     -0.520     -0.427      0.086      0.201      0.324
28.3000      -29979.880   -29989.580        9.700   388.8     -0.941     -0.246     -0.785     -0.088      0.367      0.066
28.3500      -29979.819   -29988.875        9.056   363.0     -0.843      0.043     -1.351     -0.136      0.079     -0.630
28.4000      -29979.636   -29988.566        8.930   358.0     -0.688     -0.470     -0.050      0.039     -0.214     -0.025
28.4500      -29980.047   -29989.303        9.255   371.0     -1.026      0.030      0.369      0.432      0.064     -0.052
28.5000      -29980.612   -29988.578        7.966   319.3      0.296     -0.030      0.264      0.194      0.451      0.494
28.5500      -29980.385   -29988.883        8.498   340.6     -0.260     -0.334     -0.846     -0.135      0.655     -0.193
28.6000      -29980.302   -29989.244        8.943   358.5      0.322     -1.310     -0.304      0.186     -0.323     -0.270
28.6500      -29980.216   -29989.018        8.801   352.8     -0.140     -0.649     -0.708      0.232      0.183     -0.965
28.7000      -29980.295   -29989.076        8.782   352.0     -0.754     -1.116     -0.675     -0.069      0.483      0.416
28.7500      -29980.794   -29988.938        8.143   326.4      0.784     -0.909     -0.392     -0.175     -0.326     -0.183
28.8000      -29981.353   -29988.992        7.639   306.2      0.829      0.591      0.356      0.148     -0.541      0.399
28.8500      -29981.085   -29989.010        7.924   317.6     -0.495     -0.438      0.074     -0.107      0.026     -0.280
28.9000      -29981.087   -29989.041        7.954   318.8      0.289     -0.388     -0.710      0.134      0.316      0.315
28.9500      -29980.742   -29988.834        8.092   324.4     -0.550      0.891      0.479     -0.227     -0.161     -0.172
29.0000      -29980.212   -29988.551        8.339   334.3      0.021     -0.790      0.043     -0.204      0.340      0.116
29.0500      -29980.174   -29988.623        8.450   338.7      0.290     -0.610     -0.109      0.240     -0.019     -0.048
29.1000      -29980.378   -29988.389        8.010   321.1      0.705     -0.465      1.260     -0.000     -0.412      0.319
29.1500      -29980.068   -29988.301        8.233   330.0      0.235      0.708     -0.739     -0.528      0.048     -0.367
29.2000      -29979.735   -29988.842        9.107   365.0      0.384     -0.149      0.882      0.168      0.226      0.298
29.2500      -29979.383   -29987.590        8.207   329.0     -0.007     -0.107     -1.016      0.019      0.107     -0.306
29.3000      -29979.177   -29988.102        8.925   357.7     -0.661     -1.111     -0.132     -0.201      0.252      0.307
29.3500      -29979.673   -29988.191        8.519   341.5      0.219     -0.417     -0.587     -0.521      0.264      0.522
29.4000      -29979.578   -29988.619        9.041   362.4     -0.071      0.010      0.593     -0.248      0.276     -0.085
29.4500      -29979.990   -29989.023        9.033   362.1      0.698      0.235      0.900      0.366     -0.398      0.407
29.5000      -29979.913   -29988.609        8.697   348.6     -0.536     -0.084     -0.317      0.339      0.744     -0.271
29.5500      -29980.276   -29988.781        8.505   340.9      0.059      0.003      0.458     -0.053      0.401     -0.253
29.6000      -29980.442   -29988.273        7.831   313.9     -0.146     -0.321     -0.032      0.017     -0.109     -0.292
29.6500      -29980.223   -29988.145        7.921   317.5      0.252     -0.383     -0.143     -0.454     -0.003      0.368
29.7000      -29980.423   -29988.697        8.274   331.7      0.465      0.588     -0.983      0.081      0.124     -0.290
29.7500      -29980.252   -29987.596        7.343   294.4     -0.580      1.005     -0.030     -0.430     -0.224      0.313
29.8000      -29979.733   -29988.309        8.575   343.7      0.526     -0.683     -0.416      0.264      0.030      0.345
29.8500      -29979.709   -29987.939        8.231   329.9     -0.909     -1.338     -0.880      0.099      0.035      0.117
29.9000      -29980.103   -29988.393        8.290   332.3      0.023     -0.140     -0.907     -0.430     -0.059      0.200
29.9500      -29980.370   -29988.684        8.314   333.3      0.208     -0.384     -0.617      0.031     -0.133     -0.706
30.0000      -29980.671   -29988.537        7.866   315.3     -0.691     -0.184      0.420      0.344     -0.242      0.361
30.0500      -29980.596   -29988.518        7.921   317.5     -0.255     -0.296     -0.944     -0.037     -0.046     -0.055
30.1000      -29980.265   -29988.932        8.666   347.4     -0.351     -1.290     -1.459     -0.008     -0.014     -0.141
30.1500      -29980.129   -29988.260        8.131   325.9      0.201      0.400     -0.159      0.183      0.238      0.131
30.2000      -29979.721   -29988.719        8.998   360.7     -0.159     -0.739     -0.698      0.595      0.106     -0.266
30.2500      -29979.747   -29988.199        8.452   338.8      0.163     -1.215     -0.431      0.070      0.359      0.086
30.3000      -29979.462   -29988.783        9.321   373.6      0.083      0.395     -0.719      0.303     -0.059     -0.071
30.3500      -29979.763   -29988.832        9.069   363.5      0.022      0.122     -0.985     -0.316      0.212      0.126
30.4000      -29979.880   -29988.176        8.295   332.5     -0.105      0.555      0.137      0.195     -0.068     -0.455
30.4500      -29979.761   -29988.859        9.098   364.7     -0.280     -0.297     -0.945      0.086      0.015      0.879
30.5000      -29979.599   -29988.875        9.276   371.8     -1.092     -0.486     -0.720     -0.142      0.158      0.323
30.5500      -29979.389   -29988.049        8.659   347.1      0.434     -0.455     -0.001     -0.115      0.635      0.125
30.6000      -29979.707   -29987.852        8.145   326.5     -0.841      0.554     -0.397      0.276     -0.090     -0.069
30.6500      -29979.512   -29988.742        9.230   370.0     -0.316     -0.507     -0.563      0.280      0.500      0.099
30.7000      -29979.478   -29988.406        8.928   357.9     -1.283     -0.494     -0.669     -0.247     -0.255     -0.602
30.7500      -29979.358   -29988.104        8.745   350.5      0.057      0.467      0.622     -0.181      0.257      0.221
30.8000      -29979.420   -29988.449        9.030   362.0     -1.324     -0.658     -0.403     -0.250     -0.443      0.087
30.8500      -29979.801   -29987.924        8.123   325.6      0.252      0.574     -0.674     -0.171     -0.251      0.693
30.9000      -29979.626   -29987.703        8.077   323.8     -0.544     -0.301     -1.111      0.303      0.290      0.091
30.9500      -29980.070   -29989.021        8.952   358.8     -1.356      0.139      0.560     -0.102      0.783      0.626
31.0000      -29980.017   -29988.342        8.325   333.7      0.615     -0.004     -0.381     -0.247     -0.181     -0.469
31.0500      -29980.351   -29988.514        8.162   327.2     -1.106     -0.678     -0.185      0.352     -0.033      0.346
31.1000      -29979.690   -29988.021        8.331   333.9     -0.582     -0.276     -1.284     -0.035     -0.087      0.282
31.1500      -29979.103   -29988.254        9.151   366.8     -0.040     -1.592     -0.295      0.330      0.101      0.427
31.2000      -29979.078   -29987.426        8.348   334.6     -0.516     -0.223     -0.409     -0.050     -0.014      0.258
31.2500      -29978.975   -29987.949        8.974   359.7     -1.131     -0.869     -0.129      0.141     -0.068      0.385
31.3000      -29978.677   -29987.732        9.055   363.0     -0.645     -0.174     -0.447      0.017      0.082      0.004
31.3500      -29979.270   -29987.959        8.689   348.3     -1.017     -0.340     -0.005     -0.351     -0.064     -0.004
31.4000      -29979.875   -29987.432        7.556   302.9      0.114     -0.049     -0.758      0.205      0.058      0.156
31.4500      -29980.631   -29989.023        8.393   336.4      0.121      0.211     -0.231      0.325     -0.249      0.405
31.5000      -29980.587   -29988.893        8.306   332.9     -0.642     -0.546      0.057      0.129      0.191      0.220
31.5500      -29979.756   -29988.896        9.140   366.4      0.582      0.475      0.054      0.088      0.194     -0.150
31.6000      -29979.686   -29988.379        8.693   348.4     -0.432     -0.529     -0.785     -0.060      0.267      0.358
31.6500      -29979.828   -29988.287        8.459   339.1     -0.513     -0.236     -0.549     -0.020     -0.396      0.134
31.7000      -29979.822   -29988.771        8.950   358.7     -0.066     -0.980     -0.135     -0.486     -0.094      0.264
31.7500      -29979.722   -29988.443        8.722   349.6      0.491     -0.654      0.056      0.237     -0.269     -0.399
31.8000      -29979.841   -29987.992        8.151   326.7     -0.351     -0.327     -0.502     -0.348      0.671     -0.134
31.8500      -29980.215   -29988.895        8.680   347.9      0.146     -0.692      0.070     -0.060      0.452      0.093
31.9000      -29980.138   -29988.135        7.997   320.6     -0.826     -0.357     -0.623      0.339     -0.097      0.116
31.9500      -29979.757   -29988.145        8.387   336.2     -0.078     -0.307      0.180     -0.120     -0.165      0.090
32.0000      -29979.888   -29988.406        8.518   341.4     -0.452     -0.538      0.105     -0.116      0.855     -0.187
32.0500      -29979.711   -29987.846        8.134   326.1     -0.385      0.479      0.450     -0.111     -0.249      0.366
32.1000      -29979.574   -29988.420        8.846   354.6     -0.596     -0.453      0.372      0.770      0.159     -0.111
32.1500      -29978.827   -29987.895        9.067   363.5     -0.072     -0.192     -0.418     -0.310      0.571     -0.232
32.2000      -29979.453   -29987.775        8.323   333.6     -1.452     -0.755      0.165      0.140     -0.137      0.174
32.2500      -29979.792   -29988.217        8.425   337.7     -0.077      0.013     -0.527     -0.172     -0.174      0.489
32.3000      -29979.724   -29988.188        8.464   339.3     -0.316      0.087      0.202      0.104     -0.147     -0.651
32.3500      -29980.051   -29987.918        7.867   315.3      0.292     -0.295     -0.984      0.573      0.242     -0.116
32.4000      -29979.826   -29988.711        8.885   356.1     -0.475     -0.538     -0.643     -0.038     -0.208      0.481
32.4500      -29980.251   -29988.297        8.046   322.5      0.523     -0.248     -0.971      0.105      0.349      0.239
32.5000      -29980.346   -29988.895        8.549   342.7     -0.683     -0.351     -0.355      0.623     -0.034     -0.301
32.5500      -29980.492   -29988.750        8.258   331.0     -0.090     -0.561      0.462      0.154      0.427     -0.041
32.6000      -29980.504   -29988.258        7.754   310.8      0.509      0.396     -0.139      0.242     -0.278     -0.289
32.6500      -29980.599   -29988.266        7.667   307.3     -1.062     -0.339     -1.083     -0.046      0.398      0.494
32.7000      -29980.587   -29989.107        8.521   341.6     -0.857     -0.808     -0.181      0.106      0.040     -0.439
32.7500      -29980.360   -29989.143        8.783   352.1     -0.948     -0.100     -1.522     -0.102      0.552      0.188
32.8000      -29980.175   -29988.990        8.815   353.3      0.124     -0.439      0.068     -0.069     -0.105     -0.227
32.8500      -29979.973   -29988.406        8.433   338.1      0.193      0.363      0.049     -0.345      0.510     -0.018
32.9000      -29980.485   -29989.131        8.646   346.6      0.071     -0.801     -1.523     -0.399     -0.265     -0.018
32.9500      -29980.625   -29988.549        7.924   317.6     -0.833     -0.142      0.058      0.418      0.544      0.228
33.0000      -29980.313   -29988.365        8.052   322.8     -0.496     -1.590     -0.404     -0.829      0.317      0.359
33.0500      -29980.543   -29988.215        7.672   307.5     -0.128     -0.498      0.803      0.237     -0.641     -0.540
33.1000      -29980.787   -29988.646        7.859   315.0     -0.544     -0.984     -0.147      0.367      0.243     -0.063
33.1500      -29980.594   -29989.057        8.462   339.2     -0.004      0.310     -0.072     -0.685     -0.057      0.039
33.2000      -29980.132   -29988.609        8.478   339.8      0.063     -0.532      0.209     -0.046      0.418      0.050
33.2500      -29979.750   -29988.541        8.791   352.4     -0.632     -0.396     -0.390     -0.564      0.080     -0.057
33.3000      -29979.867   -29988.584        8.717   349.4     -0.260      0.116     -1.012     -0.033      0.281      0.360
33.3500      -29979.979   -29989.006        9.027   361.9     -0.409     -0.786     -0.294     -0.456      0.548      0.308
33.4000      -29980.102   -29988.787        8.685   348.1     -0.819      0.044      0.690      0.183      0.290      0.198
33.4500      -29980.152   -29988.408        8.256   331.0     -0.630     -0.568     -0.352     -0.391      0.443      0.048
33.5000      -29980.397   -29988.746        8.349   334.7      0.165      0.002     -0.403      0.230      0.183     -0.033
33.5500      -29980.214   -29987.811        7.596   304.5     -0.315     -0.130     -0.695      0.328     -0.286     -0.115
33.6000      -29980.530   -29989.008        8.478   339.8     -0.198     -0.696     -0.095     -0.186     -0.126     -0.018
33.6500      -29980.850   -29989.184        8.333   334.0     -0.526     -0.109     -0.216     -0.888      0.468     -0.383
33.7000      -29980.402   -29988.900        8.499   340.7     -0.222     -1.117      0.073      0.043      0.071      0.141
33.7500      -29979.879   -29988.006        8.126   325.7     -0.904     -0.272     -0.455     -0.554     -0.090     -0.088
33.8000      -29979.931   -29987.986        8.056   322.9     -1.060     -0.510     -0.081      0.132      0.019     -0.359
33.8500      -29980.631   -29988.795        8.164   327.2     -0.508      0.215     -0.510     -0.655      0.248     -0.000
33.9000      -29980.726   -29988.930        8.204   328.8     -0.297      0.152      0.095      0.121     -0.037      0.167
33.9500      -29979.797   -29988.213        8.416   337.4     -0.198     -0.099     -0.428     -0.040      0.325     -0.198
34.0000      -29979.894   -29988.354        8.460   339.1      0.215     -0.219     -0.468      0.105      0.024     -0.144
34.0500      -29980.078   -29987.830        7.752   310.7      0.220     -0.240     -0.100      0.364      0.584     -0.358
34.1000      -29980.050   -29988.449        8.399   336.7      0.185      0.033     -0.061     -0.189     -0.453      0.353
34.1500      -29979.989   -29988.561        8.571   343.6     -0.264      0.034      0.139     -0.072      0.202      0.106
34.2000      -29979.968   -29988.334        8.366   335.4      0.072     -0.309     -1.252     -0.175      0.171      0.032
34.2500      -29980.127   -29988.244        8.117   325.4     -0.988     -0.091     -0.860     -0.360      0.168     -0.554
34.3000      -29980.339   -29988.020        7.681   307.9      0.259     -0.054     -0.326     -0.024      0.428     -0.175
34.3500      -29980.462   -29988.656        8.194   328.4     -1.281     -0.924     -0.487      0.278     -0.056      0.447
34.4000      -29980.452   -29988.469        8.017   321.4      0.055     -0.203     -0.170      0.100      0.174     -0.380
34.4500      -29979.946   -29988.213        8.267   331.4      0.088      0.323      0.657     -0.360     -0.654      0.072
34.5000      -29980.070   -29987.619        7.549   302.6      0.547     -0.293      0.462     -0.242      0.345     -0.018
34.5500      -29980.958   -29988.375        7.417   297.3     -0.503     -0.222     -0.196      0.401      0.037     -0.196
34.6000      -29981.103   -29989.074        7.971   319.5     -1.072     -0.036     -1.144      0.131      0.207     -0.174
34.6500      -29981.037   -29988.547        7.510   301.0     -0.248     -0.424      1.019     -0.424      0.043     -0.101
34.7000      -29981.273   -29989.102        7.828   313.8     -1.197     -0.487     -0.696      0.090     -0.150     -0.078
34.7500      -29981.518   -29989.408        7.890   316.3     -0.108     -0.265     -0.182      0.188     -0.571     -0.153
34.8000      -29981.625   -29988.855        7.230   289.8     -0.011      0.198      0.171      0.631      0.070     -0.475
34.8500      -29981.739   -29988.758        7.019   281.4      0.011     -0.476     -0.435      0.177      0.392     -0.104
34.9000      -29981.362   -29988.908        7.547   302.5     -0.122      0.104     -0.090      0.069      0.248     -0.005
34.9500      -29981.129   -29989.133        8.004   320.8     -1.149     -0.397     -1.589      0.270     -0.213     -0.517
35.0000      -29981.330   -29989.160        7.831   313.9      0.448      0.132      0.523     -0.452      0.200      0.188
35.0500      -29981.328   -29989.486        8.158   327.0      0.317      0.439      0.164      0.269      0.081     -0.879
35.1000      -29981.924   -29989.566        7.643   306.4     -0.452      0.499     -0.630     -0.272     -0.115      0.469
35.1500      -29982.503   -29989.789        7.286   292.0      0.372      0.643      0.415     -0.000     -0.561     -0.312
35.2000      -29982.383   -29989.721        7.338   294.1     -0.310      0.226     -0.145     -0.428     -0.555      0.237
35.2500      -29982.393   -29990.273        7.880   315.9     -0.876      0.183     -0.201      0.115      0.249     -0.144
35.3000      -29981.641   -29989.215        7.574   303.6     -0.620     -0.265     -0.402      0.132      0.130     -0.090
35.3500      -29981.645   -29989.754        8.109   325.0     -0.824     -0.406      0.655     -0.202     -0.035     -0.238
35.4000      -29982.062   -29989.395        7.333   293.9     -0.248     -0.118      0.072      0.058     -0.005     -0.009
35.4500      -29981.795   -29989.496        7.701   308.7     -0.817      0.655     -1.031     -0.211     -0.259      0.076
35.5000      -29981.620   -29989.715        8.095   324.5     -0.069     -0.659     -0.298      0.294      0.360      0.108
35.5500      -29981.431   -29988.775        7.345   294.4      0.902      0.599      0.498     -0.168      0.132     -0.347
35.6000      -29981.675   -29988.701        7.026   281.6     -0.468     -0.744     -0.224     -0.339      0.094     -0.117
35.6500      -29981.979   -29989.205        7.226   289.6     -0.714      0.318     -0.703      0.971     -0.081      0.288
35.7000      -29982.006   -29989.723        7.716   309.3     -0.182     -0.865      0.485     -0.756      0.308     -0.625
35.7500      -29981.569   -29988.949        7.380   295.8      0.256     -0.184     -0.307      0.135      0.624      0.168
35.8000      -29981.748   -29989.266        7.518   301.3      0.028      0.624     -0.205     -0.004     -1.093     -0.428
35.8500      -29981.395   -29988.779        7.385   296.0     -0.386     -0.294      0.365      0.068     -0.152     -0.241
35.9000      -29981.068   -29988.891        7.823   313.6     -0.163      0.054     -0.690      0.610     -0.169     -0.478
35.9500      -29980.761   -29988.969        8.208   329.0      1.243      0.049      0.787      0.383     -0.050     -0.092
36.0000      -29980.791   -29988.926        8.135   326.1     -0.885     -0.090     -0.082      0.146      0.495      0.299
36.0500      -29980.761   -29988.961        8.200   328.7     -0.388      0.339     -1.052     -0.079     -0.347     -0.144
36.1000      -29980.525   -29988.461        7.936   318.1      0.455     -0.562      0.583      0.254     -0.273      0.108
36.1500      -29980.834   -29988.598        7.764   311.2      0.642      0.862      0.026     -0.240      0.211     -0.418
36.2000      -29980.454   -29988.783        8.329   333.9     -0.424     -0.963     -0.321      0.181     -0.155     -0.078
36.2500      -29981.036   -29988.895        7.859   315.0     -0.399      0.095     -0.501      0.711      0.192      0.344
36.3000      -29980.095   -29987.939        7.845   314.4     -1.012     -0.215     -0.759     -0.454      0.093      0.098
36.3500      -29980.304   -29989.504        9.200   368.8     -0.755     -0.456     -0.555      0.335     -0.004      0.296
36.4000      -29980.371   -29988.373        8.002   320.8     -0.259     -0.206     -0.118      0.077      0.590     -0.332
36.4500      -29980.856   -29988.631        7.775   311.7     -0.693     -1.200     -0.703      0.341     -0.142      0.336
36.5000      -29981.177   -29989.139        7.962   319.1     -0.607     -0.751     -0.593      0.068      0.351      0.547
36.5500      -29980.833   -29988.893        8.060   323.1     -1.069     -0.425     -0.005      0.498      0.236     -0.174
36.6000      -29980.756   -29989.479        8.722   349.6     -0.396     -0.114      0.774      0.010     -0.070     -0.313
36.6500      -29981.337   -29989.014        7.676   307.7     -0.402     -0.177     -0.794      0.031     -0.382      0.339
36.7000      -29981.045   -29989.240        8.195   328.5     -0.764     -1.132     -1.152      0.116      0.069      0.039
36.7500      -29980.791   -29987.979        7.187   288.1     -0.159      0.766      0.831      0.532     -0.191      0.308
36.8000      -29981.587   -29989.137        7.550   302.6     -0.171      0.053     -0.834      0.035      0.056      0.353
36.8500      -29981.556   -29989.773        8.217   329.4      0.324     -0.876     -0.016     -0.192      0.349     -0.160
36.9000      -29981.726   -29989.285        7.559   303.0     -0.058     -0.017     -0.160     -0.294      0.023      0.075
36.9500      -29981.354   -29989.283        7.929   317.8      0.150     -0.638     -0.166     -0.044     -0.540     -0.103
37.0000      -29980.922   -29989.018        8.096   324.5      0.506     -0.031     -0.686     -0.143      0.242     -0.489
37.0500      -29980.128   -29989.084        8.956   359.0      0.276     -0.067     -0.017     -0.122     -0.164      0.058
37.1000      -29980.198   -29988.225        8.027   321.7     -0.507     -0.099     -1.119      0.283     -0.046      0.126
37.1500      -29979.875   -29988.404        8.530   341.9      0.677     -0.193     -1.205      0.502     -0.513     -0.845
37.2000      -29979.790   -29988.434        8.644   346.5     -0.750      0.535      0.817      0.043      0.316      0.026
37.2500      -29980.297   -29988.461        8.164   327.3      0.469     -0.487     -0.350      0.259      0.456     -0.302
37.3000      -29979.840   -29988.205        8.365   335.3     -0.266      0.790      0.198      0.080     -0.131     -0.136
37.3500      -29979.501   -29987.887        8.386   336.1     -0.321     -1.755     -0.711     -0.173     -0.045     -0.068
37.4000      -29979.553   -29988.117        8.564   343.3     -0.426     -0.139     -0.704     -0.429      0.465     -0.448
37.4500      -29979.499   -29988.881        9.382   376.1     -0.830     -1.095     -0.014      0.165     -0.509      0.108
37.5000      -29979.537   -29987.887        8.350   334.7     -2.066     -0.625     -1.256      0.461      0.443     -0.189
37.5500      -29979.455   -29987.436        7.981   319.9      0.419     -0.398      0.206      0.591      0.164     -0.303
37.6000      -29979.345   -29987.617        8.272   331.6     -0.631      0.278     -0.932     -0.227      0.097      0.109
37.6500      -29979.579   -29987.709        8.130   325.9      0.367     -1.363     -1.260      0.521     -0.518     -0.083
37.7000      -29979.931   -29988.463        8.532   342.0      0.220      0.223      0.177     -0.165     -0.044     -0.445
37.7500      -29979.968   -29988.832        8.864   355.3      0.300      0.534     -0.290      0.235      0.460      0.264
37.8000      -29980.022   -29988.205        8.183   328.0      0.200     -0.793     -0.886      0.150      0.076     -0.653
37.8500      -29980.468   -29988.008        7.539   302.2      0.542      0.770      0.510     -0.549      0.161      0.175
37.9000      -29980.251   -29988.727        8.475   339.7      0.420     -0.341     -0.484      0.182     -0.026     -0.443
37.9500      -29980.053   -29988.555        8.501   340.8      0.777      0.788      0.108     -0.148     -0.519     -0.489
38.0000      -29980.209   -29988.418        8.209   329.1      0.126     -0.606      0.233      0.293     -0.077      0.028
38.0500      -29980.059   -29988.713        8.654   346.9     -0.444      0.371     -0.583      0.314      0.334      0.320
38.1000      -29980.746   -29988.916        8.170   327.5     -0.986     -0.475      0.551     -0.010     -0.059     -0.035
38.1500      -29981.057   -29989.430        8.372   335.6     -0.079     -0.067      0.440      0.562     -0.279      0.412
38.2000      -29980.874   -29989.541        8.667   347.4      0.719      1.311     -0.317      0.078      0.199     -0.247
38.2500      -29980.888   -29988.436        7.547   302.5     -0.570     -0.725     -0.305      0.693      0.239      0.332
38.3000      -29981.363   -29988.594        7.231   289.8      0.703      0.982     -0.221     -0.311     -0.144      0.137
38.3500      -29981.279   -29988.820        7.541   302.3     -0.346      0.211      0.230      0.721      0.180     -0.431
38.4000      -29981.083   -29989.094        8.011   321.1      0.281     -0.894     -0.611     -0.438     -0.143     -0.176
38.4500      -29981.031   -29988.824        7.793   312.4     -0.942      0.521      0.073      0.419      0.017      0.228
38.5000      -29981.383   -29989.436        8.052   322.8      0.601     -0.370     -0.172      0.022      0.259     -0.173
38.5500      -29981.536   -29988.775        7.239   290.2      0.020     -0.028      0.825      0.322     -0.043      0.526
38.6000      -29981.113   -29988.648        7.536   302.1      0.464      0.077      0.138     -0.117      0.291     -0.257
38.6500      -29980.740   -29988.826        8.086   324.1      0.376     -0.431     -0.428      0.248      0.297     -0.311
38.7000      -29980.858   -29988.814        7.956   318.9      0.659     -0.507      0.069     -0.442     -0.300     -0.185
38.7500      -29980.513   -29988.859        8.346   334.6      0.681      0.762      0.584      0.132      0.002     -0.028
38.8000      -29980.368   -29988.418        8.050   322.7      0.548      0.552      0.077      0.160      0.050      0.570
38.8500      -29980.598   -29988.297        7.699   308.6     -0.936     -0.202     -1.206     -0.100      0.178      0.124
38.9000      -29980.147   -29988.896        8.749   350.7     -0.739     -1.000     -0.949     -0.059      0.128      0.554
38.9500      -29979.652   -29988.025        8.373   335.6     -1.360     -0.708     -0.622     -0.257      0.082      0.136
39.0000      -29979.838   -29988.211        8.373   335.6     -0.494     -0.390     -0.454     -0.599      0.464     -0.066
39.0500      -29980.424   -29988.604        8.179   327.9      0.002      0.556     -0.589      0.054     -0.401      0.300
39.1000      -29980.395   -29988.832        8.437   338.2      0.428      0.057     -0.407     -0.238     -0.180     -0.206
39.1500      -29979.264   -29988.182        8.917   357.4     -0.589     -0.057      0.250     -0.136      0.352      0.200
39.2000      -29979.049   -29987.586        8.537   342.2     -0.990     -0.083     -0.826     -0.133     -0.098      0.163
39.2500      -29979.347   -29988.270        8.923   357.7     -0.604     -0.263     -0.093     -0.007     -0.162     -0.205
39.3000      -29979.423   -29988.832        9.410   377.2      0.001      0.407     -0.284     -0.269     -0.046     -0.062
39.3500      -29979.420   -29988.652        9.232   370.1     -0.450     -0.115     -0.419      0.006      0.252     -0.290
39.4000      -29979.862   -29988.652        8.791   352.4      0.408      0.418      0.125     -0.282     -0.072      0.025
39.4500      -29980.281   -29988.684        8.403   336.8     -0.346     -0.046     -0.281     -0.288      0.452      0.317
39.5000      -29980.614   -29989.748        9.134   366.1     -0.181      0.151      0.462     -0.510      0.136     -0.333
39.5500      -29980.508   -29988.871        8.364   335.3      0.057      0.767      0.477      0.335     -0.250     -0.220
39.6000      -29980.403   -29988.924        8.520   341.5     -0.741     -0.208      0.099      0.149     -0.771      0.201
39.6500      -29980.606   -29988.350        7.744   310.4      0.816     -0.421      1.093     -0.322      0.623     -0.167
39.7000      -29980.072   -29988.727        8.654   346.9     -1.227     -0.026     -0.495     -0.202     -0.109     -0.009
39.7500      -29980.071   -29988.350        8.278   331.8      0.163     -0.797     -0.274      0.400      0.139     -0.278
39.8000      -29980.100   -29988.211        8.111   325.1      0.778      0.486      0.344      0.083      0.295      0.344
39.8500      -29979.730   -29988.709        8.979   359.9      0.323     -0.236     -0.072      0.098      0.108     -0.552
39.9000      -29979.753   -29988.164        8.411   337.1     -0.223     -0.807     -1.007     -0.075      0.217      0.099
39.9500      -29979.461   -29988.088        8.627   345.8     -1.040     -0.539      0.018     -0.503      0.068     -0.601
40.0000      -29979.049   -29988.287        9.238   370.3     -0.410     -0.457     -1.121     -0.032      0.384     -0.653
40.0500      -29979.345   -29987.914        8.569   343.5      0.207     -0.325     -0.675     -0.074      0.088     -0.462
40.1000      -29979.875   -29989.086        9.211   369.2     -0.153     -0.252      0.698     -0.264     -0.299      0.084
40.1500      -29979.811   -29987.906        8.095   324.5      0.881     -0.814     -1.236     -0.078     -0.130      0.015
40.2000      -29979.485   -29988.961        9.476   379.8      0.135     -0.763      0.408     -0.257     -0.540     -0.279
40.2500      -29979.836   -29987.914        8.078   323.8     -1.296     -0.619     -1.232     -0.271     -0.221     -0.207
40.3000      -29980.533   -29988.840        8.306   333.0     -0.221     -0.040     -0.397     -0.834     -0.142     -0.063
40.3500      -29979.964   -29988.238        8.275   331.7     -0.594     -0.733     -0.830      0.003     -0.102     -0.022
40.4000      -29981.075   -29988.441        7.366   295.3     -0.165      0.276     -0.032     -0.131      0.059      0.446
40.4500      -29980.667   -29988.359        7.692   308.3      0.213      0.383      0.576     -0.221     -1.016     -0.574
40.5000      -29980.469   -29988.445        7.977   319.7      0.165     -0.685     -0.507      0.040      0.254     -0.502
40.5500      -29980.496   -29988.648        8.153   326.8     -0.181     -0.138      0.347      0.539      0.433     -0.063
40.6000      -29979.733   -29988.668        8.934   358.1      0.653      0.186     -0.302      0.046     -0.153      0.251
40.6500      -29979.845   -29988.012        8.167   327.4      0.001     -0.185     -0.048      0.322      0.178     -0.015
40.7000      -29979.249   -29988.846        9.596   384.7     -0.199     -0.553      0.210      0.127      0.133      0.211
40.7500      -29979.254   -29987.586        8.332   334.0     -0.452     -0.767      0.520      0.325      0.512     -0.632
40.8000      -29979.630   -29987.951        8.321   333.6     -0.319     -0.153     -0.556      0.061      0.280      0.076
40.8500      -29979.312   -29987.637        8.324   333.7     -0.411     -0.195     -0.358      0.223      0.343     -0.408
40.9000      -29979.402   -29988.248        8.846   354.6     -0.070     -0.500     -0.361      0.360      0.140      0.779
40.9500      -29979.477   -29987.953        8.476   339.7      0.088     -0.617      0.172     -0.245     -0.183     -0.014
41.0000      -29979.536   -29988.131        8.595   344.5      0.590     -0.187     -0.184      0.624      0.514      0.771
41.0500      -29978.975   -29987.814        8.839   354.3      0.344     -0.435     -0.331     -0.160     -0.005     -0.631
41.1000      -29978.935   -29988.127        9.192   368.5      0.257     -0.425     -0.189      0.005      0.228     -0.028
41.1500      -29979.255   -29987.711        8.456   339.0     -0.154      0.107      0.016     -0.156     -0.445     -0.052
41.2000      -29979.823   -29987.969        8.146   326.5      0.083     -0.473      0.452     -0.383     -0.118     -0.171
41.2500      -29979.732   -29987.602        7.870   315.5     -1.426     -1.158     -1.140      0.415     -0.010      0.386
41.3000      -29979.786   -29988.854        9.067   363.5     -0.909     -0.913     -0.764      0.208     -0.287     -0.545
41.3500      -29979.853   -29988.602        8.749   350.7      0.457     -0.102      0.077      0.107     -0.088     -0.256
41.4000      -29980.007   -29988.055        8.047   322.6      0.080     -0.100     -0.155      0.247     -0.184     -0.110
41.4500      -29979.927   -29987.809        7.881   315.9     -0.189     -0.843      0.555      0.392      0.356      0.062
41.5000      -29979.840   -29988.506        8.666   347.4     -0.655     -0.021     -0.557     -0.251      0.396     -0.093
41.5500      -29979.609   -29988.055        8.446   338.5     -0.316     -0.268     -0.630      0.532     -0.394     -0.110
41.6000      -29979.834   -29988.234        8.401   336.7      0.121      0.107     -0.135      0.102     -0.403      0.003
41.6500      -29980.145   -29987.898        7.754   310.8      0.090     -0.385     -0.654      0.042     -0.128      0.113
41.7000      -29980.128   -29988.811        8.683   348.0     -0.610     -0.815     -0.756     -0.301      0.041     -0.334
41.7500      -29979.543   -29988.355        8.813   353.3     -0.159      0.182      0.041      0.498      0.199      0.030
41.8000      -29979.600   -29988.170        8.570   343.5      0.115      0.689      0.718      0.456     -0.221     -0.083
41.8500      -29979.611   -29987.533        7.922   317.5      0.056      0.159      0.011      0.146      0.191      0.172
41.9000      -29979.167   -29987.564        8.397   336.6      0.064     -0.133      0.280      0.745     -0.274      0.233
41.9500      -29979.157   -29987.240        8.083   324.0      0.370      0.443     -0.070      0.102     -0.392      0.202
42.0000      -29979.324   -29988.438        9.114   365.3      0.858      0.226     -0.448     -0.127      0.135      0.284
42.0500      -29979.096   -29988.129        9.033   362.1     -0.061     -0.351     -0.228      0.015      0.154      0.333
42.1000      -29979.264   -29987.955        8.691   348.4     -1.164     -0.689     -0.388      0.399      0.160     -0.359
42.1500      -29979.490   -29987.783        8.294   332.4     -0.778     -1.064     -0.319     -0.175     -0.511      0.341
42.2000      -29979.345   -29988.084        8.739   350.3      0.301      0.021     -0.550      0.205      0.073      0.218
42.2500      -29978.907   -29988.498        9.591   384.5     -0.308      0.410     -0.111     -0.212     -0.024      0.051
42.3000      -29978.905   -29987.994        9.089   364.3      0.044      0.385      0.788     -0.174      0.312      0.292
42.3500      -29979.094   -29988.379        9.285   372.2     -0.328     -0.019     -0.837     -0.244      0.392      0.477
42.4000      -29979.931   -29988.635        8.703   348.9      0.432      0.193     -0.709      0.180     -0.198      0.422
42.4500      -29979.722   -29988.695        8.974   359.7     -1.194     -1.112     -0.656      0.037     -0.440      0.641
42.5000      -29979.887   -29988.045        8.158   327.0      0.456     -0.588     -0.896      0.141      0.006      0.448
42.5500      -29979.545   -29988.189        8.645   346.5      0.036     -0.180      0.783      0.569     -0.938      0.524
42.6000      -29979.571   -29987.805        8.234   330.1     -0.792     -0.278     -0.179     -0.583      0.888      0.596
42.6500      -29979.380   -29987.932        8.551   342.8     -0.056     -0.260      0.314     -0.241     -0.786     -0.094
42.7000      -29979.704   -29988.061        8.356   335.0      0.112      1.182      0.731      0.093      0.050     -0.477
42.7500      -29979.661   -29988.137        8.476   339.7      0.437      0.023      0.151      0.241     -0.034      0.073
42.8000      -29979.207   -29988.326        9.119   365.5      0.334      0.719     -0.457     -0.050      0.101      0.142
42.8500      -29979.521   -29987.998        8.477   339.8      0.624      1.233      0.773     -0.207      0.240     -0.401
42.9000      -29979.403   -29987.820        8.417   337.4     -0.209     -0.489     -0.304     -0.304     -0.106     -0.347
42.9500      -29979.486   -29987.637        8.151   326.7     -0.699      0.526      0.265     -0.070     -0.675      0.047
43.0000      -29979.801   -29987.902        8.102   324.8     -0.471     -1.216     -0.755     -0.368     -0.370     -0.045
43.0500      -29979.703   -29988.143        8.439   338.3      0.543      0.248     -0.728     -0.151     -0.110      0.011
43.1000      -29979.407   -29987.518        8.110   325.1     -0.622     -0.516     -0.089      0.092     -0.423      0.207
43.1500      -29979.625   -29988.215        8.590   344.3      0.055      0.090     -0.802      0.015      0.426      0.286
43.2000      -29979.930   -29988.230        8.301   332.7     -0.737     -0.410      0.186      0.440     -0.295     -0.005
43.2500      -29980.500   -29988.398        7.898   316.6     -0.344     -1.073     -0.656      0.086      0.706      0.057
43.3000      -29980.813   -29988.713        7.900   316.7     -0.474     -0.579     -0.936      0.504     -0.251     -0.215
43.3500      -29980.862   -29988.662        7.801   312.7     -0.938     -0.769     -1.353      0.143      0.259      0.158
43.4000      -29980.813   -29988.936        8.123   325.6     -0.358     -1.125     -0.054      0.020      0.210      0.680
43.4500      -29980.701   -29988.521        7.821   313.5     -0.878     -0.440     -0.506      0.139     -0.192     -0.121
43.5000      -29981.185   -29988.773        7.588   304.2     -0.761     -0.279     -0.778     -0.929     -0.108     -0.541
43.5500      -29980.948   -29988.902        7.954   318.8      0.326     -0.861     -0.430      0.615     -0.251     -0.090
43.6000      -29980.416   -29988.680        8.264   331.3      0.774      0.304     -0.551     -0.112      0.499     -0.421
43.6500      -29980.218   -29988.574        8.356   335.0     -0.007     -0.047     -0.377     -0.075      0.089      0.317
43.7000      -29980.341   -29988.209        7.868   315.4     -0.656     -0.066      0.080      0.184      0.439     -0.399
43.7500      -29980.222   -29988.334        8.112   325.2      0.042     -0.345     -0.773      0.461     -0.177      0.272
43.8000      -29980.539   -29988.525        7.986   320.1     -0.014      0.253      0.433     -0.173     -0.303     -0.110
43.8500      -29980.656   -29989.186        8.530   341.9      0.194      0.000     -0.539     -0.042     -0.181      0.200
43.9000      -29980.324   -29988.635        8.311   333.2     -0.149      1.048      0.026      0.058     -0.493      0.247
43.9500      -29980.672   -29988.822        8.151   326.7      0.287     -0.569      0.232     -0.398     -0.225     -0.360
44.0000      -29980.506   -29988.398        7.893   316.4     -0.096      0.682      0.246      0.112      0.195      0.046
44.0500      -29980.713   -29988.277        7.564   303.2     -0.109     -0.518     -0.289     -0.266      0.244      0.328
44.1000      -29981.323   -29988.719        7.396   296.5      0.406      0.019     -1.140      0.143      0.091     -0.416
44.1500      -29980.986   -29989.598        8.611   345.2     -0.152     -0.336     -0.181     -0.242     -0.043     -0.003
44.2000      -29980.962   -29989.072        8.110   325.1     -0.058     -0.027     -1.011     -0.532     -0.344     -0.085
44.2500      -29980.638   -29988.645        8.007   321.0      0.417      0.405      0.397     -0.164      0.564     -0.284
44.3000      -29980.666   -29988.406        7.740   310.3      0.220      0.519      1.053     -0.614     -0.757      0.428
44.3500      -29980.933   -29988.779        7.846   314.5     -0.159     -0.176     -0.527      0.456      0.164      0.002
44.4000      -29980.495   -29988.695        8.200   328.7     -0.486     -0.916     -1.008      0.287     -0.275      0.042
44.4500      -29980.819   -29988.410        7.591   304.3      0.065      0.241     -0.999      0.290     -0.319     -0.103
44.5000      -29980.791   -29989.270        8.478   339.8     -0.056      0.349      0.456      0.443      0.604      0.312
44.5500      -29980.589   -29989.076        8.487   340.2      0.426     -0.624     -0.630      0.342      0.342      0.065
44.6000      -29980.575   -29988.914        8.339   334.3     -0.075     -0.222      0.441     -0.106      0.067      0.472
44.6500      -29980.964   -29988.604        7.640   306.2      0.408      0.381      0.582     -0.279      0.084     -0.511
44.7000      -29981.175   -29989.064        7.890   316.3     -0.358      1.339     -0.549      0.398     -0.297      0.732
44.7500      -29981.382   -29989.061        7.678   307.8     -1.251      0.431     -0.754     -0.246     -0.147     -0.160
44.8000      -29981.428   -29988.379        6.951   278.6     -0.102     -0.691     -0.388      0.180      0.286      0.115
44.8500      -29981.245   -29989.287        8.042   322.4     -0.385     -0.113     -1.278      0.563      0.028     -0.094
44.9000      -29981.645   -29988.928        7.283   291.9     -0.119      0.388     -0.059     -0.516      0.169      0.005
44.9500      -29981.575   -29989.223        7.648   306.6     -0.023      0.614      0.561      0.001     -0.047     -0.548
45.0000      -29981.519   -29989.383        7.863   315.2     -0.282      0.531     -0.005     -0.173      0.631      0.090
45.0500      -29981.327   -29989.061        7.734   310.0     -0.402      0.258     -0.623     -0.071     -0.029     -0.195
45.1000      -29981.388   -29989.072        7.684   308.0     -0.130     -0.406     -0.640      0.096     -0.905     -0.253
45.1500      -29981.910   -29989.373        7.464   299.2     -0.747     -0.729      0.021      0.466     -0.195      0.231
45.2000      -29981.596   -29989.250        7.654   306.8      0.182      0.183     -0.027     -0.347      0.053     -0.050
45.2500      -29981.164   -29989.094        7.930   317.9     -0.343      0.170     -0.085     -0.387      0.173      0.245
45.3000      -29980.838   -29989.713        8.875   355.7     -0.812     -0.400      0.592      0.070      0.082     -0.380
45.3500      -29980.702   -29989.105        8.404   336.9     -0.006     -0.363     -0.665     -0.175      0.206      0.000
45.4000      -29980.734   -29988.561        7.826   313.7     -0.966     -0.800      0.340      0.004     -0.105     -0.378
45.4500      -29980.903   -29988.670        7.767   311.3     -0.689     -0.075     -0.878     -0.007      0.339     -0.012
45.5000      -29980.817   -29988.547        7.729   309.8     -0.019     -0.487      0.008     -0.385      0.261     -0.054
45.5500      -29980.848   -29988.775        7.928   317.8     -0.178     -0.237     -0.364     -0.131      0.487     -0.158
45.6000      -29980.858   -29988.691        7.833   314.0     -1.195     -0.394     -0.964      0.349     -0.164      0.473
45.6500      -29980.999   -29989.408        8.409   337.1     -0.073     -0.086      0.086     -0.468     -0.017     -0.160
45.7000      -29981.067   -29989.297        8.230   329.9     -0.395     -1.753     -0.247     -0.155     -0.004      0.135
45.7500      -29980.683   -29989.016        8.332   334.0     -0.586     -0.743     -0.980      0.163      0.281     -0.166
45.8000      -29980.778   -29989.393        8.615   345.3     -0.218     -0.864      0.210     -0.483      0.706      0.092
45.8500      -29980.637   -29988.727        8.090   324.3      0.398     -0.223      0.398     -0.048      0.146      0.007
45.9000      -29980.635   -29988.129        7.494   300.4     -0.113     -0.218      0.114      0.055     -0.058      0.421
45.9500      -29980.355   -29988.602        8.247   330.6      0.055     -0.372     -0.204     -0.611      0.125      0.121
46.0000      -29980.350   -29988.996        8.646   346.6     -0.578      0.093     -0.084     -0.511      0.263      0.372
46.0500      -29980.586   -29988.828        8.242   330.4      0.028     -1.010     -0.201      0.032     -0.052      0.072
46.1000      -29980.388   -29989.219        8.831   354.0      0.158     -0.228     -0.545     -0.064     -0.762      0.252
46.1500      -29980.551   -29988.053        7.501   300.7      0.113     -0.945      0.207      0.165     -0.132      0.045
46.2000      -29980.658   -29988.988        8.330   333.9     -0.197      0.305     -0.838     -0.456     -0.079      0.730
46.2500      -29980.689   -29988.580        7.892   316.3      0.122     -0.295      0.208      0.507     -0.153     -0.395
46.3000      -29980.445   -29988.223        7.778   311.8     -0.180     -0.649      0.136     -0.119     -0.445      0.329
46.3500      -29980.418   -29988.650        8.232   330.0     -0.725     -0.794     -0.068     -0.351     -0.860      0.021
46.4000      -29980.402   -29989.072        8.670   347.6     -0.100      0.211     -0.336      0.184     -0.124      0.005
46.4500      -29980.012   -29988.418        8.406   336.9     -0.684      0.080     -0.222     -0.459     -0.171      0.569
46.5000      -29980.392   -29988.504        8.112   325.1      0.364     -0.051     -0.296     -0.216     -0.436     -0.355
46.5500      -29980.094   -29988.904        8.810   353.2     -0.109      0.238      0.925      0.607      0.092      0.257
46.6000      -29979.499   -29988.270        8.770   351.6     -1.176     -1.070     -0.421      0.035      0.239     -0.521
46.6500      -29979.574   -29988.822        9.248   370.7     -0.659     -1.286     -0.795     -0.533     -0.222     -0.226
46.7000      -29979.953   -29987.666        7.713   309.2     -0.290      0.240     -0.674      0.222      0.529     -0.242
46.7500      -29979.674   -29987.463        7.789   312.2      0.148     -0.284      0.245      0.066      0.093     -0.176
46.8000      -29979.645   -29987.344        7.699   308.6     -0.636     -0.702     -0.216     -0.051      0.431      0.230
46.8500      -29979.778   -29988.207        8.429   337.9      0.410      0.327     -0.049     -0.028     -0.191      0.041
46.9000      -29979.533   -29987.432        7.899   316.6      0.684      0.219     -0.252     -0.155     -0.441     -0.277
46.9500      -29979.424   -29988.070        8.646   346.6     -0.783      0.139     -0.128      0.364     -0.177     -0.344
47.0000      -29979.502   -29988.738        9.236   370.2      0.028     -0.588     -1.147     -0.088     -0.088     -0.139
47.0500      -29979.676   -29988.348        8.672   347.6      0.073     -0.825     -0.575     -0.062      0.049      0.339
47.1000      -29980.253   -29988.699        8.447   338.6      0.425      0.731     -0.520      0.406     -0.324     -0.249
47.1500      -29980.678   -29988.301        7.623   305.6     -0.658     -0.777      0.478     -0.313     -0.343     -0.720
47.2000      -29980.414   -29988.064        7.650   306.7     -0.025      0.102     -0.261      0.890      0.382      0.109
47.2500      -29980.102   -29987.660        7.558   303.0      0.395     -0.593      1.034      0.445     -0.105      0.186
47.3000      -29980.145   -29988.213        8.068   323.4     -0.758      0.123      0.063     -0.376     -0.162     -0.052
47.3500      -29979.856   -29988.170        8.314   333.2     -0.620     -0.359     -0.328      0.009     -0.119     -0.223
47.4000      -29980.706   -29989.871        9.165   367.4     -0.711     -0.364     -0.980      0.099      0.195     -0.280
47.4500      -29981.136   -29988.473        7.336   294.1      0.077     -1.356     -0.035     -0.139     -0.287      0.207
47.5000      -29981.240   -29989.629        8.389   336.3     -0.596      0.344     -0.271     -0.157     -0.234      0.028
47.5500      -29980.916   -29989.254        8.338   334.2     -0.394     -1.186     -1.041      0.255     -0.167      0.009
47.6000      -29980.703   -29988.766        8.063   323.2     -0.622     -0.421     -0.086     -0.229      0.157     -0.353
47.6500      -29980.593   -29988.133        7.540   302.2     -0.273      0.155     -0.971      0.683      0.159      0.215
47.7000      -29980.558   -29988.543        7.985   320.1      0.147     -0.300     -0.428     -0.590     -0.516      0.332
47.7500      -29980.523   -29988.516        7.992   320.4     -1.311     -0.729     -0.616      0.809      0.478     -0.057
47.8000      -29980.591   -29989.193        8.602   344.8     -0.173      0.564      0.113     -0.134     -0.137     -0.181
47.8500      -29980.568   -29988.623        8.055   322.9     -0.784     -0.649      0.484      0.073      0.796      0.484
47.9000      -29980.973   -29989.041        8.068   323.4     -0.259     -0.081      0.030     -0.258     -0.725      0.222
47.9500      -29980.983   -29988.611        7.629   305.8     -0.268     -0.182      0.259      0.520      0.351     -0.258
48.0000      -29980.908   -29988.574        7.667   307.3     -0.419      0.663      1.112     -0.120      0.392      0.482
48.0500      -29980.565   -29988.338        7.773   311.6      0.710     -0.193      0.747     -0.214     -0.095     -0.216
48.1000      -29980.422   -29988.662        8.240   330.3      0.221      0.288      0.603      0.690     -0.098     -0.407
48.1500      -29980.607   -29989.033        8.427   337.8      0.380      0.259      0.516      0.560     -0.308      0.246
48.2000      -29980.276   -29988.916        8.640   346.3      0.159     -0.654      0.835     -0.304      0.432     -0.034
48.2500      -29980.809   -29989.051        8.242   330.4     -0.712     -0.434     -0.412     -0.246     -0.113     -0.284
48.3000      -29980.420   -29988.873        8.453   338.9     -1.386     -0.290     -1.044      0.262     -0.165     -0.499
48.3500      -29980.796   -29989.006        8.210   329.1      0.126      0.266      0.506      0.174      0.338      0.370
48.4000      -29980.407   -29988.684        8.277   331.8     -0.046     -0.067     -0.784     -0.097      0.271      0.315
48.4500      -29980.567   -29988.719        8.152   326.8     -1.300     -0.955      0.314     -0.015     -0.488     -0.220
48.5000      -29980.233   -29988.875        8.642   346.4      0.129     -0.019      0.106      0.105      0.519      0.305
48.5500      -29980.679   -29989.232        8.554   342.9     -0.368     -0.500     -1.134      0.408      0.181      0.347
48.6000      -29980.315   -29988.553        8.237   330.2     -0.561     -0.084     -0.496     -0.047      0.350      0.067
48.6500      -29980.715   -29989.158        8.443   338.4      0.529      0.558     -0.212      0.796      0.354      0.304
48.7000      -29980.771   -29988.760        7.989   320.2     -0.943      0.102     -0.136      0.089     -0.597     -0.344
48.7500      -29980.949   -29988.963        8.013   321.2     -0.187     -0.337     -0.471     -0.032      0.767     -0.524
48.8000      -29981.190   -29989.602        8.411   337.2     -0.679     -0.536      0.279     -0.372     -0.591      0.069
48.8500      -29981.441   -29989.410        7.969   319.4      0.369     -0.146     -0.440      0.144      0.140     -0.511
48.9000      -29981.096   -29988.188        7.092   284.3      1.182      0.622      0.206      0.324      0.006      0.153
48.9500      -29981.179   -29988.006        6.827   273.7      1.498      1.045      0.584      0.808      0.403     -0.140
49.0000      -29980.561   -29988.217        7.656   306.9      0.475     -0.201      0.810     -0.546     -0.036     -0.305
49.0500      -29980.951   -29988.775        7.824   313.6      0.092     -0.791     -0.777      0.181     -0.412     -0.215
49.1000      -29981.144   -29989.430        8.286   332.1     -0.106     -1.097     -0.421      0.381     -0.074     -0.242
49.1500      -29981.648   -29989.650        8.003   320.8      0.921      0.237      0.544      0.124      0.120      0.304
49.2000      -29980.903   -29989.705        8.802   352.8     -0.275     -0.105     -0.327      0.466      0.654     -0.359
49.2500      -29980.553   -29989.078        8.525   341.7      0.143      0.231     -0.025     -0.146      0.056      0.696
49.3000      -29980.501   -29989.082        8.581   344.0      0.479      0.492      0.723     -0.150     -0.127     -0.074
49.3500      -29980.611   -29989.008        8.397   336.6     -0.055     -0.465      0.416     -0.175     -0.101     -0.093
49.4000      -29980.926   -29989.127        8.201   328.7      0.337      0.129     -0.452     -0.165     -0.022      0.269
49.4500      -29981.082   -29988.615        7.533   302.0     -0.945     -0.364      0.276     -0.243      0.010      0.086
49.5000      -29981.247   -29989.268        8.021   321.5     -0.051     -0.176      0.655      0.069     -0.303     -0.755
49.5500      -29981.205   -29989.031        7.827   313.7      0.067      0.232      0.006      0.031      0.358      0.264
49.6000      -29981.068   -29989.205        8.137   326.2      0.922      0.117      0.936      0.452      0.023      0.017
49.6500      -29981.053   -29988.605        7.553   302.8      0.493     -0.011     -0.588     -0.291      0.237     -0.144
49.7000      -29981.339   -29989.301        7.962   319.1     -0.344     -0.274      0.235      0.013      0.080      0.174
49.7500      -29981.490   -29989.322        7.832   314.0     -0.901      0.562     -0.014     -0.266     -0.206      0.040
49.8000      -29980.684   -29989.012        8.328   333.8      0.122      0.255      0.199      0.025      0.123      0.478
49.8500      -29980.309   -29988.605        8.297   332.6     -0.291     -0.342      0.798     -0.042     -0.590     -0.317
49.9000      -29980.154   -29987.920        7.766   311.3     -0.487     -0.860     -0.775      0.613      0.310     -0.323
49.9500      -29980.067   -29988.135        8.067   323.4     -0.023     -0.654     -0.244     -0.093      0.606     -0.517
50.0000      -29979.623   -29988.350        8.727   349.8     -1.555     -1.378     -0.176      0.469     -0.153      0.619
50.0500      -29979.264   -29988.018        8.754   350.9      0.024      0.158     -0.973      0.065      0.263      0.193
50.1000      -29979.371   -29988.371        9.000   360.8     -0.490     -1.836     -0.124      0.377     -0.259     -0.076
50.1500      -29980.042   -29988.150        8.108   325.0      0.271     -0.598     -0.855     -0.373      0.176     -0.190
50.2000      -29979.522   -29987.875        8.353   334.8     -0.639     -1.060     -1.164      0.178     -0.223      0.290
50.2500      -29980.364   -29989.025        8.661   347.2     -0.397      0.313     -0.498      0.150     -0.257     -0.580
50.3000      -29980.624   -29988.396        7.773   311.6     -0.570     -0.869     -0.634      0.261     -0.121      0.071
50.3500      -29980.566   -29988.254        7.687   308.1     -0.939     -0.193     -0.223      0.398      0.470     -0.553
50.4000      -29980.453   -29988.518        8.065   323.3     -0.539     -0.355     -0.543      1.009     -0.127      0.078
50.4500      -29980.662   -29988.820        8.158   327.0     -1.029     -0.361     -0.224      0.143     -0.020     -0.320
50.5000      -29981.210   -29988.746        7.536   302.1     -0.603     -0.320     -0.755     -0.543      0.085     -0.131
50.5500      -29980.943   -29989.631        8.688   348.3     -0.042     -0.103     -0.358     -0.252     -0.490     -0.296
50.6000      -29980.157   -29988.414        8.257   331.0     -0.367     -0.415     -0.172      0.269      0.486     -0.536
50.6500      -29980.337   -29988.445        8.108   325.0      0.182      0.231      0.071     -0.146     -0.243     -0.020
50.7000      -29980.323   -29988.438        8.115   325.3     -0.161      0.080      0.424      0.108     -0.052      0.465
50.7500      -29979.605   -29987.877        8.272   331.6      0.079     -0.447      0.027     -0.081     -0.055      0.504
50.8000      -29979.323   -29986.916        7.593   304.4     -1.485     -1.108     -0.369     -0.147      0.120      0.330
50.8500      -29979.276   -29987.695        8.419   337.5     -0.422     -1.148     -0.748      0.010     -0.118      0.512
50.9000      -29979.317   -29988.184        8.866   355.4     -0.939      0.040      0.325      0.148     -0.025     -0.116
50.9500      -29979.639   -29988.584        8.945   358.6      0.559      0.769     -0.017      0.087     -0.052      0.180
51.0000      -29980.006   -29988.158        8.152   326.8     -0.619      0.002     -0.121     -0.271     -0.458      0.121
51.0500      -29980.004   -29987.848        7.844   314.4      0.471      0.204      0.503      0.773     -0.417     -0.374
51.1000      -29980.039   -29988.436        8.397   336.6     -0.347     -0.027     -0.342      0.155      0.024      0.211
51.1500      -29980.039   -29987.799        7.760   311.1     -0.083      0.192      0.805     -0.121      0.233      0.262
51.2000      -29980.009   -29988.303        8.293   332.4     -0.347     -0.239     -0.297      0.005     -0.090      0.248
51.2500      -29980.111   -29988.553        8.442   338.4     -0.083     -0.948      0.156     -0.568     -0.008     -0.069
51.3000      -29979.462   -29987.898        8.436   338.2      0.516      0.751      1.488     -0.075     -0.033      0.132
51.3500      -29980.001   -29989.006        9.005   361.0      0.577      0.360      0.427     -0.253     -0.090      0.667
51.4000      -29979.837   -29988.176        8.339   334.3      0.068      0.149      0.275      0.064      0.289     -0.211
51.4500      -29979.555   -29987.572        8.017   321.4     -0.470      0.313     -0.373      0.261      0.214     -0.192
51.5000      -29980.200   -29988.068        7.868   315.4      0.022     -0.152     -0.876     -0.256      0.108      0.168
51.5500      -29980.337   -29988.420        8.083   324.0     -0.505     -0.534      0.282     -0.180     -0.307     -0.846
51.6000      -29980.415   -29988.963        8.548   342.6     -0.122     -0.065     -0.096     -0.225     -0.190      0.203
51.6500      -29980.885   -29989.068        8.183   328.0     -0.316     -0.927     -0.247     -0.447     -0.219      0.271
51.7000      -29980.729   -29989.059        8.330   333.9     -0.282      0.253     -0.856      0.076      0.290     -0.007
51.7500      -29980.440   -29989.037        8.597   344.6      0.109      0.487      0.808     -0.020      0.048      0.697
51.8000      -29980.603   -29989.291        8.688   348.2     -0.601     -0.645     -0.627     -0.053      0.221     -0.291
51.8500      -29980.661   -29989.326        8.665   347.4     -0.288     -0.553     -0.180      0.141     -0.054      0.472
51.9000      -29980.574   -29989.402        8.828   353.9     -0.361     -0.719     -0.389     -0.533     -0.709     -0.122
51.9500      -29980.578   -29988.744        8.166   327.3      0.378     -0.590      0.069     -0.476      0.018     -0.452
52.0000      -29980.888   -29989.139        8.251   330.7     -1.037     -0.141     -0.368     -0.211      0.140      0.633
52.0500      -29980.620   -29988.637        8.016   321.3      0.509     -0.043     -0.251      0.060     -0.081     -0.270
52.1000      -29980.998   -29988.943        7.946   318.5      0.057      0.244      0.099     -0.435     -0.177      0.024
52.1500      -29980.556   -29988.193        7.637   306.1     -0.232      0.858      0.382      0.574     -0.268      0.309
52.2000      -29980.900   -29989.043        8.143   326.4      0.348      0.451     -0.731      0.191      0.413     -0.183
52.2500      -29980.522   -29988.758        8.236   330.1      0.053     -0.208      0.384      0.293     -0.077     -0.049
52.3000      -29981.011   -29989.039        8.028   321.8      0.233      0.636      0.331      0.439     -0.090      0.279
52.3500      -29980.450   -29989.043        8.593   344.4      0.570      0.080     -0.621     -0.204     -0.012      0.344
52.4000      -29980.776   -29988.871        8.095   324.5      1.351      0.282     -0.038     -0.040      0.300      0.167
52.4500      -29980.491   -29988.010        7.519   301.4     -0.317     -0.608      0.090      0.140     -0.108     -0.345
52.5000      -29980.023   -29988.600        8.576   343.8      0.902     -0.175     -0.622      0.334      0.327      0.464
52.5500      -29980.393   -29989.158        8.765   351.3     -0.283     -0.590     -1.004     -0.012     -0.488     -0.330
52.6000      -29980.029   -29988.229        8.200   328.7      1.000      0.143      0.258     -0.183     -0.547      0.570
52.6500      -29980.407   -29988.732        8.326   333.7     -0.411      0.398     -0.430      0.015      0.708     -0.037
52.7000      -29980.098   -29988.566        8.468   339.4      0.595     -0.980     -0.624      0.383     -0.158     -0.835
52.7500      -29980.080   -29988.916        8.836   354.2     -0.245      0.064     -0.421     -0.046      0.421      0.274
52.8000      -29979.988   -29988.598        8.610   345.1     -0.344     -0.787     -0.452     -0.494     -0.108     -0.177
52.8500      -29980.055   -29988.021        7.966   319.3     -0.848     -0.221     -0.843     -0.126      0.124     -0.468
52.9000      -29979.472   -29987.602        8.130   325.9     -0.154     -0.709     -0.571      0.085      0.588     -0.285
52.9500      -29979.460   -29988.701        9.241   370.4     -0.908      0.200     -1.362      0.069     -0.096     -0.249
53.0000      -29979.105   -29987.756        8.651   346.8      0.144      0.253     -0.482     -0.181      0.290      0.460
53.0500      -29979.256   -29987.467        8.210   329.1     -0.884      0.765     -0.676      0.306      0.106     -0.116
53.1000      -29979.446   -29988.420        8.974   359.7     -0.044      0.016     -0.416     -0.144      0.135     -0.035
53.1500      -29979.186   -29988.137        8.950   358.8     -0.627     -0.540     -0.574      0.495      0.236     -0.036
53.2000      -29979.683   -29987.781        8.098   324.6     -0.187      0.108     -0.603      0.215      0.028     -0.170
53.2500      -29980.132   -29988.842        8.710   349.1     -0.524      0.222     -0.015      0.099     -0.292      0.026
53.3000      -29979.626   -29988.262        8.635   346.1     -1.313     -0.744     -0.473      0.046      0.541      0.422
53.3500      -29979.713   -29988.723        9.010   361.1     -0.565     -0.389      0.013      0.615     -0.157     -0.058
53.4000      -29979.221   -29988.686        9.465   379.4     -0.488     -0.390     -0.607     -0.298      0.070     -0.154
53.4500      -29979.128   -29987.949        8.821   353.6     -0.021     -0.857     -1.090     -0.035     -0.130     -0.164
53.5000      -29979.172   -29987.373        8.201   328.7      0.057      0.467      0.590     -0.010      0.280     -0.118
53.5500      -29980.195   -29987.643        7.448   298.6     -0.002     -0.309     -0.409      0.741     -0.220      0.113
53.6000      -29980.002   -29988.494        8.492   340.4     -0.043      0.246     -0.372     -0.373      0.486      0.474
53.6500      -29980.138   -29987.922        7.784   312.0     -0.460     -0.191     -0.013      0.167     -0.582      0.580
53.7000      -29980.087   -29988.248        8.161   327.1      0.186      0.390     -0.371      0.169      0.314      0.697
53.7500      -29980.043   -29988.754        8.711   349.2      0.494     -0.397      0.025     -0.091     -0.306      0.419
53.8000      -29980.267   -29988.715        8.448   338.6     -0.371     -0.507     -0.592      0.160      0.335     -0.132
53.8500      -29979.861   -29988.309        8.448   338.6     -0.504      0.016     -0.177     -0.369      0.436      0.635
53.9000      -29979.427   -29987.990        8.563   343.2      0.428      0.073     -0.019      0.108      0.389      0.098
53.9500      -29979.690   -29988.223        8.532   342.0     -0.448      0.737      0.137      0.575      0.341     -0.481
54.0000      -29979.514   -29988.588        9.074   363.7      0.179      0.056      0.334      0.213     -0.041      0.163
54.0500      -29979.822   -29988.178        8.356   334.9     -1.033     -0.375      0.069      0.370      0.324      0.313
54.1000      -29980.077   -29988.537        8.460   339.1      0.799      0.333      0.385     -0.015     -0.336     -0.638
54.1500      -29980.071   -29988.180        8.108   325.0     -0.024     -0.208     -0.069     -0.400     -0.115      0.217
54.2000      -29979.776   -29988.371        8.595   344.5      0.092     -0.457     -0.319     -0.263     -0.272     -0.339
54.2500      -29979.973   -29988.514        8.540   342.3      0.360     -0.601     -0.541      0.320      0.084      0.008
54.3000      -29979.531   -29988.123        8.592   344.4      0.384     -0.103     -0.432     -0.379      0.651      0.122
54.3500      -29979.918   -29988.311        8.392   336.4     -0.353     -0.158     -0.165      0.459      0.077      0.174
54.4000      -29979.853   -29988.572        8.720   349.5     -0.306      0.724      0.652     -0.493     -0.107     -0.101
54.4500      -29980.536   -29988.535        7.999   320.7      0.396      1.282      1.098     -0.301      0.544     -0.441
54.5000      -29980.736   -29988.611        7.875   315.7     -0.113      0.867      0.399     -0.337      0.507      0.441
54.5500      -29980.778   -29988.527        7.749   310.6      0.223      0.480      0.220     -0.145      0.212      0.107
54.6000      -29980.644   -29988.824        8.181   327.9     -0.186      0.706     -0.136     -0.812      0.083      0.235
54.6500      -29980.870   -29989.166        8.296   332.5     -0.177     -0.357      0.062      0.023     -0.110     -0.504
54.7000      -29980.609   -29987.975        7.366   295.2     -0.387      0.031     -0.866      0.361     -0.138      0.265
54.7500      -29980.197   -29988.832        8.635   346.1     -0.470     -0.348     -0.052     -0.313      0.384      0.590
54.8000      -29979.649   -29988.381        8.732   350.0      0.510      0.530      0.213      0.454     -0.012      0.133
54.8500      -29979.465   -29988.268        8.803   352.9      0.261      0.710     -0.540     -0.031      0.317     -0.565
54.9000      -29979.687   -29987.896        8.210   329.1     -0.419     -1.292     -0.466     -0.019      0.641      0.894
54.9500      -29979.091   -29987.672        8.581   344.0     -0.359      0.905      0.073     -0.357      0.036      0.483
55.0000      -29979.874   -29987.908        8.034   322.0     -0.742     -0.681     -0.710      0.243      0.424     -0.066
55.0500      -29980.253   -29988.895        8.641   346.4     -0.704      0.139     -0.838     -0.129     -0.163      0.319
55.1000      -29980.209   -29988.379        8.170   327.5      1.205     -0.184     -0.376      0.575      0.412     -0.092
55.1500      -29980.363   -29988.781        8.418   337.4     -0.637     -0.320     -0.017     -0.197     -0.077      0.533
55.2000      -29980.447   -29988.766        8.318   333.4      0.160     -0.170      0.198      0.100     -0.337      0.294
55.2500      -29980.155   -29988.383        8.228   329.8      1.303      0.503      0.481     -0.139     -0.070     -0.783
55.3000      -29979.987   -29987.602        7.614   305.2      0.013      0.603      0.265      0.212      0.947      0.272
55.3500      -29980.248   -29988.812        8.565   343.3      0.416      0.209     -0.238     -0.042     -0.396      0.110
55.4000      -29980.234   -29988.949        8.715   349.3      0.147     -0.358      0.591      0.514     -0.032      0.005
55.4500      -29980.172   -29988.273        8.101   324.7     -0.876     -1.214     -0.523     -0.057      0.022     -0.035
55.5000      -29980.115   -29988.730        8.616   345.4     -0.103      0.109      0.449      0.103      0.234      0.320
55.5500      -29980.261   -29988.629        8.368   335.4     -0.036      0.086     -0.661      0.129     -0.306      0.339
55.6000      -29979.867   -29988.049        8.182   328.0      0.719      0.484      0.552      0.081      0.786      0.167
55.6500      -29979.926   -29987.727        7.801   312.7      0.413      0.047     -0.148     -0.809     -0.035      0.719
55.7000      -29980.210   -29988.631        8.421   337.5     -0.797     -0.524     -0.122      0.687      0.686     -0.011
55.7500      -29980.389   -29988.865        8.476   339.8     -0.575     -0.695      0.065     -0.516     -0.641     -0.341
55.8000      -29980.263   -29989.035        8.772   351.6     -0.343      0.059     -0.330     -0.076     -0.026      0.201
55.8500      -29980.168   -29988.520        8.352   334.8     -0.074      0.727     -0.363     -0.379      0.193     -0.358
55.9000      -29980.332   -29988.520        8.188   328.2     -0.011     -0.031     -0.462     -0.119     -0.137     -0.317
55.9500      -29980.398   -29988.693        8.295   332.5     -0.534     -1.602     -0.039     -0.050     -0.265      0.264
56.0000      -29980.469   -29988.869        8.400   336.7      0.118      0.584      0.255      0.157     -0.062     -0.478
56.0500      -29980.329   -29988.578        8.249   330.7     -0.355     -0.318     -0.591     -0.461     -0.086     -0.196
56.1000      -29980.462   -29988.051        7.589   304.2     -0.208     -0.935      0.636      0.346     -0.082      0.210
56.1500      -29980.050   -29988.137        8.087   324.2     -0.452     -1.130      0.437     -0.022      0.074     -0.062
56.2000      -29979.596   -29987.553        7.957   319.0     -0.466     -0.616     -1.197      0.169     -0.688      0.400
56.2500      -29980.264   -29987.867        7.603   304.8     -1.199     -0.390     -0.054     -0.117     -0.144     -0.223
56.3000      -29980.013   -29988.186        8.173   327.6     -0.154     -0.097      0.324     -0.309     -0.243     -0.323
56.3500      -29980.123   -29988.238        8.115   325.3      0.322      0.005     -0.258      0.309     -0.513      0.612
56.4000      -29979.664   -29988.342        8.677   347.8      0.050     -0.072     -1.188      0.183     -0.101     -0.208
56.4500      -29979.635   -29988.496        8.862   355.2     -0.327     -1.306     -0.260      0.182     -0.081      0.195
56.5000      -29979.714   -29988.680        8.965   359.4      0.151     -0.426     -1.146     -0.383     -0.578      0.200
56.5500      -29980.387   -29988.783        8.397   336.6     -1.439     -1.232     -0.966     -0.206      0.265      0.115
56.6000      -29981.059   -29989.486        8.427   337.8     -0.103      0.177     -1.382      0.132      0.088      0.207
56.6500      -29980.668   -29988.844        8.176   327.7      0.241      0.421      0.075     -0.300     -0.253     -0.047
56.7000      -29980.690   -29988.512        7.822   313.5     -0.510     -0.876     -0.638      0.135      0.163     -0.369
56.7500      -29980.721   -29988.939        8.218   329.4     -0.365     -0.088      0.630     -0.037     -0.205      0.172
56.8000      -29981.046   -29989.211        8.165   327.3      0.392     -0.336     -0.128     -0.243     -0.273      0.116
56.8500      -29980.739   -29988.900        8.161   327.2      0.471     -0.078      0.160      0.327     -0.121     -0.281
56.9000      -29980.761   -29988.980        8.220   329.5     -0.302      0.351      0.042     -0.464      0.323      0.466
56.9500      -29980.300   -29988.455        8.155   326.9     -0.290      1.122      0.309      0.765     -0.071      0.117
57.0000      -29980.494   -29989.016        8.522   341.6     -0.781     -0.476     -0.787     -0.203     -0.003     -0.157
57.0500      -29980.654   -29989.297        8.643   346.5      0.278      1.260      1.566      0.267     -0.071     -0.229
57.1000      -29980.869   -29988.887        8.018   321.4     -1.395     -1.065     -0.412     -0.256     -0.080      0.232
57.1500      -29980.795   -29989.059        8.263   331.2     -1.100     -0.194     -0.884      0.495     -0.063     -0.536
57.2000      -29981.627   -29989.002        7.375   295.6     -0.743     -0.746      0.678      0.314      0.111     -0.036
57.2500      -29981.448   -29988.416        6.968   279.3     -0.366      0.152      0.077     -0.671      0.442     -0.090
57.3000      -29981.876   -29989.000        7.124   285.6      0.072      0.243     -0.240      0.304     -0.089      0.110
57.3500      -29981.766   -29989.451        7.685   308.1     -0.466     -0.004     -0.065     -0.003      0.124     -0.358
57.4000      -29981.725   -29989.164        7.439   298.2     -0.585     -0.576     -0.908     -0.829     -0.459     -0.327
57.4500      -29981.658   -29989.205        7.547   302.5     -0.494      0.211     -0.668     -0.025      0.051      0.405
57.5000      -29981.635   -29989.951        8.317   333.4      0.431     -0.455     -0.722      0.109     -0.276     -0.068
57.5500      -29981.381   -29989.014        7.633   306.0      0.176      0.366      0.462      0.296     -0.318     -0.100
57.6000      -29981.179   -29989.125        7.946   318.5      0.354      0.086     -0.629     -0.207     -0.196      0.212
57.6500      -29981.558   -29989.082        7.524   301.6      0.092     -0.424     -0.497      0.305     -0.254     -0.100
57.7000      -29981.379   -29989.508        8.129   325.8      0.401     -0.255     -0.975     -0.022      0.240     -0.206
57.7500      -29981.614   -29989.107        7.494   300.4      0.112      0.711     -0.412     -0.755      0.038     -0.608
57.8000      -29981.684   -29989.682        7.997   320.6      0.620      0.021     -0.039      0.400      0.252     -0.240
57.8500      -29982.171   -29989.670        7.499   300.6     -0.992     -0.656     -0.586      0.049     -0.318      0.013
57.9000      -29982.002   -29989.645        7.642   306.3     -1.304      0.060     -0.909     -0.243      0.008     -0.713
57.9500      -29981.816   -29990.547        8.731   350.0     -0.057     -0.615      0.504     -0.393     -0.477     -0.240
58.0000      -29981.309   -29989.377        8.068   323.4      0.271     -0.389     -0.060      0.486     -0.413      0.201
58.0500      -29980.965   -29989.377        8.412   337.2      0.196      0.859      0.658     -0.347     -0.184     -0.341
58.1000      -29980.330   -29988.971        8.640   346.4      0.022      0.380      1.076     -0.524      0.053      0.026
58.1500      -29979.780   -29987.660        7.880   315.9      0.773     -0.798     -0.891      0.657     -0.193     -0.199
58.2000      -29979.492   -29988.002        8.510   341.1     -0.395     -0.981      0.125     -0.348     -0.291      0.285
58.2500      -29979.584   -29988.117        8.533   342.0     -0.039      0.313     -0.478      0.270      0.174     -0.152
58.3000      -29978.885   -29987.805        8.920   357.6     -0.717     -0.363     -0.426     -0.686     -0.192     -0.093
58.3500      -29978.918   -29987.264        8.345   334.5     -0.244      0.009      0.924     -0.078     -0.375     -0.702
58.4000      -29979.302   -29987.037        7.735   310.1     -0.375     -0.358     -1.822      0.084     -0.068      0.108
58.4500      -29979.402   -29987.711        8.309   333.1      0.519     -0.318      0.264      0.092     -0.154     -0.810
58.5000      -29979.480   -29987.803        8.323   333.6     -0.278      0.145      0.296     -0.298      0.187     -0.191
58.5500      -29979.935   -29987.982        8.047   322.6     -0.199     -0.315     -0.620     -0.447     -0.512      0.237
58.6000      -29980.694   -29988.324        7.631   305.9      0.153     -0.569      0.580     -0.550      0.151     -0.171
58.6500      -29980.330   -29988.885        8.555   342.9     -1.006      0.357     -0.668     -0.106      0.069      0.301
58.7000      -29980.431   -29988.748        8.317   333.4     -0.671     -0.894     -1.529      0.639     -0.101     -1.019
58.7500      -29980.482   -29988.184        7.702   308.7     -0.633     -0.552     -0.618      0.282      0.072      0.120
58.8000      -29980.252   -29988.119        7.867   315.4     -0.180     -0.329      0.535     -0.245     -0.459     -0.142
58.8500      -29979.865   -29988.365        8.500   340.7      0.078     -0.086     -0.286     -0.432      0.300      0.119
58.9000      -29979.910   -29988.014        8.104   324.8     -1.123      0.646     -0.168      0.076      0.173     -0.193
58.9500      -29980.022   -29988.238        8.216   329.4     -0.698      0.529     -0.319      0.135      0.117     -0.396
59.0000      -29980.475   -29988.268        7.792   312.3     -0.557      0.098     -1.391      0.241     -0.706     -0.175
59.0500      -29980.731   -29988.875        8.144   326.5     -0.412     -0.496      0.277     -0.361     -0.223      0.508
59.1000      -29980.856   -29988.807        7.950   318.7     -0.051      1.589     -0.355      0.343      0.065     -0.564
59.1500      -29980.685   -29988.986        8.302   332.8     -0.180      0.410      0.035     -0.056     -0.080      0.261
59.2000      -29980.255   -29988.859        8.604   344.9     -0.483     -0.664     -1.012      0.382      0.525     -0.053
59.2500      -29980.295   -29988.119        7.825   313.6     -0.197     -0.313     -0.021     -0.557      0.436     -0.286
59.3000      -29980.256   -29987.402        7.147   286.5     -0.584     -0.276     -0.964      0.187      0.123      0.558
59.3500      -29980.214   -29987.963        7.749   310.6     -0.518     -0.646      0.061     -0.381      0.323     -0.112
59.4000      -29980.895   -29988.404        7.509   301.0      0.579      0.025      0.149     -0.532      0.334      0.129
59.4500      -29980.880   -29988.322        7.442   298.3      0.496      0.346     -0.526      0.336     -0.093     -0.086
59.5000      -29980.745   -29988.373        7.628   305.8     -0.329      0.519      0.564      0.166      0.146     -0.831
59.5500      -29980.790   -29988.146        7.357   294.9     -0.395      0.153     -0.737     -0.272      0.249      0.460
59.6000      -29980.978   -29988.098        7.120   285.4      0.741      0.637      1.142      0.259     -0.182     -0.271
59.6500      -29980.422   -29988.486        8.064   323.2     -0.234     -0.015     -0.361     -0.625     -0.236     -0.090
59.7000      -29980.919   -29989.395        8.476   339.7     -0.220      0.015     -1.466      0.763      0.051      0.663
59.7500      -29980.880   -29988.924        8.044   322.4     -0.598     -0.011     -0.240     -0.394     -0.197     -0.220
59.8000      -29981.026   -29988.844        7.817   313.4     -0.428      0.420      0.162     -0.319     -0.043      0.140
59.8500      -29981.293   -29989.178        7.885   316.1      0.781      0.095     -1.233      0.236     -0.006     -0.229
59.9000      -29980.860   -29989.129        8.269   331.4     -0.766     -0.704      1.062      0.005     -0.235      0.457
59.9500      -29980.242   -29989.703        9.461   379.2     -0.226      0.415     -0.669      0.192      0.123     -0.727
60.0000      -29980.686   -29989.027        8.341   334.4     -0.828      0.152     -0.908      0.027      0.057      0.030
60.0500      -29980.356   -29988.701        8.345   334.5      0.284      0.768     -0.311     -0.186     -0.072     -0.169
60.1000      -29979.902   -29988.045        8.143   326.4     -0.212     -1.219      0.602      0.336     -0.117     -0.223
60.1500      -29979.808   -29988.787        8.980   359.9     -0.874     -0.336     -0.261     -0.244      0.269     -0.652
60.2000      -29980.254   -29988.816        8.563   343.2     -0.544     -0.294     -0.069     -0.002     -0.588     -0.441
60.2500      -29980.037   -29987.988        7.951   318.7      0.621     -0.403     -0.490      0.116      0.375      0.468
60.3000      -29980.421   -29988.953        8.532   342.0     -0.603     -0.415     -0.529     -0.324     -0.554      0.473
60.3500      -29980.104   -29988.301        8.197   328.6      0.372     -0.426     -0.212     -0.419      0.001     -0.027
60.4000      -29980.142   -29988.729        8.586   344.2     -0.922     -0.712     -0.498     -0.471     -0.260      0.109
60.4500      -29980.172   -29988.578        8.407   337.0     -0.593      0.150     -0.745      0.108     -0.079     -0.073
60.5000      -29979.925   -29989.805        9.880   396.0      0.198      0.634      1.014     -0.165      0.069      0.156
60.5500      -29979.840   -29988.576        8.736   350.2     -0.688      0.789     -1.057     -0.085      0.360     -0.770
60.6000      -29980.374   -29989.035        8.662   347.2     -0.063     -0.283      0.106     -0.059     -0.119     -0.265
60.6500      -29980.310   -29988.568        8.259   331.0     -0.856     -0.777     -0.553     -0.174      0.539      0.206
60.7000      -29980.738   -29988.904        8.166   327.3      0.076     -0.154     -0.165     -0.052     -0.229      0.323
60.7500      -29980.857   -29989.730        8.873   355.7     -0.634     -0.241     -0.162     -0.112     -0.124      0.075
60.8000      -29980.979   -29989.061        8.082   324.0      0.074     -0.266      0.495     -0.077      0.534      0.022
60.8500      -29981.334   -29988.766        7.431   297.9     -0.378     -0.263     -0.447     -0.394      0.255     -0.452
60.9000      -29981.512   -29989.059        7.547   302.5     -0.546     -0.306      0.255     -0.142     -0.404     -0.264
60.9500      -29982.369   -29989.262        6.893   276.3     -1.007     -0.121      0.482     -0.252     -0.306     -0.127
61.0000      -29981.916   -29989.703        7.788   312.2     -0.318     -0.343     -0.176     -0.634      0.039     -1.112
61.0500      -29981.449   -29989.775        8.327   333.8     -0.280      0.411     -0.837      0.036     -0.364     -0.164
61.1000      -29981.794   -29989.314        7.520   301.4     -0.500     -0.440      0.250     -0.054      0.332     -0.209
61.1500      -29981.851   -29989.861        8.010   321.1     -0.159     -0.386     -0.657     -0.328      0.047     -0.080
61.2000      -29981.237   -29989.584        8.347   334.6     -0.321     -1.320     -0.217     -0.246      0.117      0.213
61.2500      -29980.817   -29989.510        8.692   348.4     -0.496     -0.410     -0.711      0.436     -0.247      0.276
61.3000      -29980.529   -29989.301        8.772   351.6      0.298      0.049     -0.345     -0.195      0.326      0.159
61.3500      -29980.468   -29989.709        9.241   370.4     -0.483      0.116     -0.591      0.917      0.039      0.789
61.4000      -29981.003   -29988.854        7.850   314.7     -1.063     -0.837     -1.413     -0.212     -0.254      0.480
61.4500      -29980.768   -29989.131        8.363   335.2     -0.184     -0.204     -0.334      0.120     -0.492     -0.077
61.5000      -29980.812   -29989.535        8.723   349.7     -0.317     -0.349      0.949     -0.236      0.176      0.445
61.5500      -29979.920   -29988.625        8.705   349.0     -1.271     -0.648     -0.615      0.589     -0.019      0.090
61.6000      -29980.946   -29989.879        8.932   358.1     -0.211      0.376     -0.151     -0.339     -0.070     -0.315
61.6500      -29980.760   -29989.475        8.714   349.3     -0.151      0.009      0.092     -0.036     -0.173      0.080
61.7000      -29980.839   -29988.803        7.964   319.2     -0.221     -0.251      1.058      0.081     -0.010      0.992
61.7500      -29981.426   -29990.059        8.633   346.1     -0.600     -0.513     -1.034     -0.035      0.525      0.143
61.8000      -29981.114   -29989.924        8.810   353.1     -0.361     -0.952      0.007     -0.185     -0.194      0.368
61.8500      -29981.496   -29989.602        8.106   324.9     -0.709     -0.485     -0.378     -0.208      0.006     -0.008
61.9000      -29981.592   -29989.701        8.109   325.1      0.152     -0.038     -0.567      0.357      0.069      0.317
61.9500      -29981.353   -29989.605        8.252   330.8      0.032      0.185      0.203      0.080      0.311      0.310
62.0000      -29981.269   -29988.652        7.383   296.0      0.464      0.006      0.613      0.122     -0.770      0.323
62.0500      -29981.027   -29988.998        7.971   319.5     -0.765     -0.252      0.145      0.393      0.435     -0.172
62.1000      -29979.979   -29988.760        8.781   352.0      0.147     -0.966     -0.561      0.122     -0.313      0.206
62.1500      -29980.684   -29988.055        7.371   295.5     -0.297      0.666      0.285      0.006      0.071      0.305
62.2000      -29980.374   -29988.020        7.646   306.5      0.254     -0.436     -0.147      0.173      0.065     -0.118
62.2500      -29980.289   -29989.248        8.959   359.1     -1.204     -0.094     -0.196      0.512      0.513     -0.182
62.3000      -29980.186   -29989.037        8.851   354.8     -0.582     -0.092     -0.666      0.715     -0.004      0.046
62.3500      -29979.950   -29988.656        8.706   349.0     -0.462     -0.285      0.151     -0.154      0.016      0.029
62.4000      -29979.837   -29988.885        9.047   362.7     -1.366     -1.053     -1.319      0.675     -0.552     -0.065
62.4500      -29980.262   -29988.334        8.072   323.5     -1.152     -1.063     -0.633      0.360     -0.020      0.129
62.5000      -29980.280   -29988.412        8.132   326.0     -0.593     -0.148     -0.886     -0.137     -0.097     -0.373
62.5500      -29980.150   -29988.535        8.385   336.1      0.129     -0.586     -0.038     -0.217     -0.047      0.361
62.6000      -29980.378   -29988.598        8.220   329.5      0.693     -0.064      0.495      0.441     -0.004      0.339
62.6500      -29980.313   -29988.934        8.620   345.5     -0.608     -0.586     -0.655      0.320      0.682      0.255
62.7000      -29980.509   -29988.152        7.644   306.4      0.375     -0.712     -0.321      0.253      0.128     -0.095
62.7500      -29979.923   -29987.941        8.018   321.4     -0.146     -0.879     -0.527     -0.217     -0.016      0.354
62.8000      -29980.048   -29988.051        8.002   320.8      0.227      0.162      0.727     -0.101      0.022      0.018
62.8500      -29980.072   -29987.791        7.719   309.4     -0.076      0.064     -0.401     -0.232      0.258      0.130
62.9000      -29979.727   -29987.596        7.869   315.4      0.084      0.149     -1.275     -0.123     -0.345     -0.060
62.9500      -29979.736   -29988.541        8.805   352.9      0.127      0.050     -0.366      0.225      0.282      0.099
63.0000      -29979.413   -29988.057        8.644   346.5     -0.221     -0.161     -0.041      0.168      0.002     -0.226
63.0500      -29979.647   -29988.043        8.396   336.6     -1.380      0.547     -0.793     -0.203      0.541     -0.417
63.1000      -29979.081   -29987.834        8.753   350.9      0.161     -0.281      0.671      0.547     -0.683     -0.030
63.1500      -29979.315   -29987.742        8.427   337.8     -0.528      0.321     -0.485     -0.040      0.024      0.228
63.2000      -29979.452   -29988.113        8.662   347.2      1.156      0.829      0.477      0.131      0.243      0.283
63.2500      -29979.504   -29988.453        8.949   358.7     -0.152      0.159     -0.531     -0.054     -0.341     -0.149
63.3000      -29979.164   -29987.422        8.258   331.0     -0.613     -0.447     -0.448     -0.041     -0.037      0.367
63.3500      -29979.585   -29988.234        8.649   346.7      0.083     -0.578      0.767      0.650     -0.139      0.248
63.4000      -29979.396   -29987.914        8.518   341.4     -0.756     -0.518     -0.583     -0.376     -0.032     -0.060
63.4500      -29979.811   -29988.254        8.443   338.4      0.104     -1.354     -1.187      0.852      0.131      0.122
63.5000      -29980.013   -29988.096        8.083   324.0     -1.017     -0.466      0.380      0.125      0.103     -0.097
63.5500      -29979.807   -29988.031        8.224   329.7     -0.162     -0.051     -0.531     -0.345      0.418      0.054
63.6000      -29979.663   -29987.398        7.735   310.1      0.482     -0.808     -0.190      0.107     -0.440      0.025
63.6500      -29979.495   -29987.787        8.292   332.4     -0.447      1.107      0.450     -0.048      0.026      0.015
63.7000      -29979.949   -29987.547        7.598   304.5      0.343      0.873     -0.027     -0.201     -0.321      0.147
63.7500      -29980.003   -29987.441        7.438   298.2     -0.458     -0.399      0.265     -0.193     -0.130     -0.031
63.8000      -29979.438   -29987.529        8.091   324.3      0.162      0.301      0.480      0.130      0.377     -0.202
63.8500      -29979.507   -29987.072        7.565   303.2      0.518      0.105      0.396      0.146     -0.066      0.086
63.9000      -29979.441   -29987.529        8.088   324.2      0.043     -0.448     -0.457     -0.662      0.439     -0.310
63.9500      -29979.353   -29987.705        8.352   334.8     -0.157      0.478      0.602      0.063      0.535     -0.290
64.0000      -29979.603   -29987.160        7.557   302.9     -0.551     -1.185     -0.566      0.430      0.223      0.543
64.0500      -29979.593   -29988.240        8.647   346.6     -0.700     -0.074     -0.199     -0.093     -0.345     -0.386
64.1000      -29979.551   -29987.984        8.433   338.1     -0.749      0.120     -0.054      0.405     -0.670     -0.306
64.1500      -29979.405   -29988.180        8.775   351.7     -0.710     -0.793      0.027      0.194      0.664     -0.263
64.2000      -29979.455   -29987.906        8.451   338.8      1.116      0.732      0.717      0.240     -0.616     -0.208
64.2500      -29979.330   -29988.207        8.877   355.8     -0.045      0.312      0.033     -0.539      0.306      0.150
64.3000      -29978.940   -29987.738        8.798   352.7      0.469     -0.578      0.048     -0.041      0.018     -0.205
64.3500      -29978.874   -29987.561        8.687   348.2     -0.743     -0.832     -1.120      0.568     -0.111     -0.342
64.4000      -29978.455   -29987.121        8.666   347.4     -0.481     -0.039      0.281      0.075     -0.280      0.641
64.4500      -29978.472   -29987.502        9.030   362.0      0.508     -0.572     -0.584      0.214     -0.193      0.066
64.5000      -29978.360   -29987.424        9.063   363.3     -0.764     -0.549      0.384     -0.218     -0.226     -0.172
64.5500      -29978.909   -29987.260        8.351   334.7      0.107     -0.016     -0.544     -0.477     -0.342      1.038
64.6000      -29978.770   -29986.971        8.201   328.7     -0.503      0.641      0.430     -0.204     -0.461      0.103
64.6500      -29978.698   -29987.342        8.644   346.5     -0.595     -0.766     -0.667      0.713     -0.053      0.489
64.7000      -29978.472   -29987.527        9.056   363.0     -1.419     -0.853     -1.090     -0.162     -0.198      0.337
64.7500      -29979.467   -29987.387        7.920   317.5      0.061      0.871     -0.373      0.479     -0.426      0.172
64.8000      -29979.897   -29987.674        7.777   311.7     -0.182     -0.045     -0.225      0.293      0.024      0.756
64.8500      -29979.938   -29987.893        7.955   318.9      0.100     -0.436      0.022     -0.153     -0.053      0.229
64.9000      -29979.717   -29987.926        8.209   329.1     -1.094     -0.979     -0.759      0.206     -0.363     -0.207
64.9500      -29979.126   -29987.525        8.400   336.7      0.559     -0.618     -0.342      0.292      0.223      0.419
65.0000      -29978.724   -29987.537        8.813   353.3      0.209     -0.184      0.110     -0.291      0.193      0.276
65.0500      -29978.672   -29988.002        9.330   374.0     -0.143     -0.468      0.375     -0.065      0.540      0.151
65.1000      -29978.584   -29987.387        8.802   352.8     -0.323      0.669      0.982     -0.135     -0.297      0.211
65.1500      -29979.363   -29987.572        8.210   329.1      1.255     -0.460      0.636      0.362      0.447     -0.483
65.2000      -29979.093   -29987.793        8.700   348.7     -0.163      0.376     -0.825     -0.148     -0.051      0.608
65.2500      -29979.319   -29987.926        8.607   345.0     -0.037      0.118     -0.085      0.712     -0.074      0.222
65.3000      -29979.306   -29988.006        8.700   348.7      0.293     -0.282     -0.187      0.062      0.251      0.186
65.3500      -29979.491   -29987.471        7.979   319.8     -0.705     -0.667     -0.859      0.255      0.117     -0.239
65.4000      -29979.795   -29987.939        8.144   326.5     -0.789     -0.886     -0.419     -0.189      0.838      0.420
65.4500      -29980.314   -29988.152        7.838   314.2     -0.600     -0.961      0.226     -0.006     -0.070      0.288
65.5000      -29980.390   -29989.016        8.625   345.7     -0.753     -0.199     -0.772      0.159     -0.035     -0.312
65.5500      -29980.940   -29988.678        7.738   310.2     -1.640     -0.762     -0.419      0.159      0.677      0.061
65.6000      -29980.604   -29988.646        8.043   322.4     -0.829     -0.093      0.002      0.453     -0.978     -0.157
65.6500      -29980.757   -29988.945        8.188   328.2      0.048     -1.190     -0.443     -0.370     -0.168      0.250
65.7000      -29980.032   -29988.418        8.386   336.2     -0.849     -0.892     -1.148     -0.152      0.434     -0.745
65.7500      -29979.793   -29988.400        8.608   345.0     -1.815      0.079     -0.534      0.391     -0.435     -0.273
65.8000      -29979.528   -29988.627        9.099   364.7      0.144      0.512      0.738      0.038      0.421     -0.282
65.8500      -29979.735   -29988.041        8.306   332.9     -0.207     -0.361      0.093     -0.163     -0.261     -0.642
65.9000      -29979.903   -29987.777        7.875   315.7     -0.397     -0.430      0.347      0.220      0.047      0.238
65.9500      -29979.688   -29987.799        8.111   325.1     -0.533     -0.331     -1.791     -0.397     -0.360      0.191
66.0000      -29979.689   -29988.096        8.407   337.0     -0.868     -0.518      0.358      0.405     -0.608      0.278
66.0500      -29979.873   -29988.547        8.674   347.7     -1.242      0.279      0.022      0.299      0.029     -0.053
66.1000      -29979.782   -29988.395        8.612   345.2     -0.505     -0.015     -1.301      0.731     -0.200     -0.167
66.1500      -29979.507   -29987.539        8.032   322.0      0.104     -0.062      0.587     -0.363      0.480     -0.499
66.2000      -29979.655   -29987.936        8.281   331.9      0.541      0.059      0.297     -0.320      0.284      0.393
66.2500      -29980.343   -29988.408        8.065   323.3      0.616      1.002      0.537      0.464      0.138     -0.516
66.3000      -29980.639   -29989.031        8.392   336.4      0.106     -0.076      0.183      0.124     -0.086     -0.433
66.3500      -29981.189   -29989.117        7.928   317.8     -0.931     -0.354     -0.018      0.114      0.381     -0.228
66.4000      -29980.480   -29987.809        7.329   293.8      0.561      0.244      0.136      0.092     -0.186      0.052
66.4500      -29980.725   -29988.861        8.136   326.1     -0.277      0.189     -0.318     -0.321      0.183     -0.025
66.5000      -29980.795   -29988.584        7.789   312.2     -0.102      0.326     -0.904      0.250     -0.732     -0.045
66.5500      -29980.663   -29989.299        8.636   346.2     -0.401     -0.005     -0.487      0.183      0.107      0.154
66.6000      -29980.773   -29989.275        8.502   340.8      0.068     -0.509     -0.016      0.359      0.413      0.418
66.6500      -29980.599   -29988.717        8.117   325.4      0.730     -0.336      0.897     -0.375      0.164      0.042
66.7000      -29980.049   -29988.410        8.361   335.1     -0.244     -0.335     -0.218      0.203      0.280      0.057
66.7500      -29979.957   -29988.742        8.786   352.2      0.130      0.760      0.020     -0.614     -0.390      0.736
66.8000      -29979.494   -29987.875        8.381   336.0      1.190     -0.018      0.218      0.654     -0.368     -0.200
66.8500      -29979.422   -29987.814        8.392   336.4     -0.213     -0.661     -0.828     -0.200      0.128      0.538
66.9000      -29978.951   -29987.760        8.809   353.1     -0.164      0.016      0.536     -0.335     -0.090     -0.038
66.9500      -29978.592   -29986.965        8.372   335.6      0.124      0.117      0.448      0.305     -0.474     -0.345
67.0000      -29978.589   -29987.805        9.216   369.4      0.417     -0.153      0.174      0.164      0.779     -0.449
67.0500      -29978.655   -29987.223        8.567   343.4      0.161      0.665      0.317      0.141      0.045     -0.065
67.1000      -29978.866   -29987.715        8.849   354.7     -1.171     -1.260     -0.853      0.097      0.608     -1.216
67.1500      -29978.749   -29987.725        8.976   359.8     -0.583      0.501      0.733      0.910     -0.261      0.073
67.2000      -29979.121   -29988.061        8.939   358.3      0.293     -0.037      0.062      0.155     -0.051     -0.059
67.2500      -29979.027   -29988.340        9.313   373.3     -0.230     -0.726      0.104     -0.055     -0.004     -0.027
67.3000      -29978.844   -29988.152        9.308   373.1     -0.981     -0.801     -0.073      0.058      0.471     -0.257
67.3500      -29978.918   -29988.217        9.299   372.7      0.254      1.068     -0.010      0.360     -0.200      0.334
67.4000      -29978.627   -29987.793        9.166   367.4      0.672     -0.500      0.086     -0.203     -0.403      0.347
67.4500      -29979.074   -29987.744        8.670   347.5     -0.204      0.507     -0.116     -0.284     -0.290     -0.539
67.5000      -29978.754   -29987.719        8.964   359.3      0.409      0.561      0.550      0.161     -0.059      0.081
67.5500      -29979.091   -29987.971        8.880   356.0      0.775     -0.617     -0.507     -0.119      0.272     -0.467
67.6000      -29979.355   -29987.676        8.321   333.5     -0.647      0.288      0.407      0.335     -0.030      0.433
67.6500      -29980.050   -29987.898        7.848   314.6      0.646     -0.140      0.248      0.859     -0.268     -0.320
67.7000      -29980.576   -29988.354        7.777   311.8      0.812      0.134      0.505     -0.385      0.099     -0.295
67.7500      -29980.646   -29988.270        7.624   305.6      0.113      0.785     -0.239     -0.126      0.156      0.310
67.8000      -29980.249   -29988.635        8.386   336.1      0.542      0.095      0.595     -0.188     -0.298      0.083
67.8500      -29980.190   -29988.727        8.537   342.2     -0.287     -0.374     -0.785     -0.336     -0.253     -0.526
67.9000      -29980.540   -29988.309        7.769   311.4      0.131      0.393     -0.882      0.155      0.064      0.207
67.9500      -29980.347   -29989.332        8.985   360.2     -0.020     -0.218      0.384     -0.140      0.253      0.160
68.0000      -29980.057   -29988.633        8.575   343.7     -0.217     -0.714     -0.413      0.752     -0.375      0.084
68.0500      -29980.469   -29988.303        7.834   314.0     -0.011     -0.483     -1.522     -0.146     -0.433      0.397
68.1000      -29980.489   -29988.758        8.268   331.4     -0.238      0.185      0.370      0.051     -0.076     -0.184
68.1500      -29980.865   -29989.092        8.227   329.8     -0.218     -0.897     -0.130     -0.066      0.192      0.148
68.2000      -29980.749   -29988.518        7.768   311.4     -0.863     -0.621     -1.045      0.167     -0.152      0.108
68.2500      -29981.047   -29989.330        8.283   332.0     -0.117      0.106      0.252      0.198      0.130      0.047
68.3000      -29981.423   -29989.291        7.868   315.4      0.367     -0.123      0.909     -0.097      0.257      0.401
68.3500      -29981.197   -29989.117        7.920   317.5     -0.578     -0.160      0.071      0.183      0.375      0.186
68.4000      -29980.685   -29988.652        7.967   319.4      0.203     -0.327      0.327     -0.085      0.064     -0.219
68.4500      -29980.650   -29988.699        8.049   322.7     -0.943     -0.773     -0.212      0.128     -0.334      0.487
68.5000      -29980.654   -29989.289        8.635   346.1     -0.425     -0.339      0.403     -0.055      0.151     -0.329
68.5500      -29980.969   -29988.996        8.028   321.8      0.103     -0.149     -0.112     -0.238     -0.276     -0.699
68.6000      -29980.678   -29988.879        8.201   328.7      0.247     -0.396     -0.710     -0.717      0.499      0.613
68.6500      -29980.563   -29989.143        8.579   343.9      0.388     -0.487     -0.514     -0.307     -0.343     -0.381
68.7000      -29980.352   -29988.584        8.232   330.0      0.585     -0.188     -0.279      0.468      0.625      0.732
68.7500      -29980.400   -29988.656        8.256   330.9     -0.678     -0.590     -0.031      0.056     -0.523      0.636
68.8000      -29979.998   -29988.217        8.219   329.5     -0.785     -0.521     -0.649      0.096      0.193     -0.220
68.8500      -29979.550   -29988.125        8.575   343.7      0.017     -0.419     -0.615     -0.226     -0.440      0.166
68.9000      -29980.102   -29988.521        8.420   337.5     -0.042     -0.561     -0.163      0.579      0.064     -0.143
68.9500      -29979.958   -29988.070        8.112   325.2     -1.177     -0.550      0.050     -0.348     -0.082     -0.285
69.0000      -29980.426   -29987.984        7.559   303.0      0.434      0.268     -0.652      0.160     -0.022     -0.080
69.0500      -29980.909   -29988.189        7.280   291.8     -0.576     -0.841     -0.067      0.276     -0.150     -0.144
69.1000      -29980.878   -29988.766        7.888   316.2     -0.544      0.499      0.080     -0.694      0.145      0.261
69.1500      -29980.562   -29988.408        7.846   314.5     -0.435      0.339     -1.637      0.219     -0.076      0.072
69.2000      -29979.719   -29988.197        8.478   339.8     -0.205     -0.278      0.168      0.274     -0.290     -0.164
69.2500      -29979.436   -29987.799        8.363   335.2     -1.013      0.198     -0.774     -0.788     -0.130     -0.191
69.3000      -29979.306   -29987.846        8.540   342.3     -1.427     -0.466     -1.662     -0.069     -0.006     -0.188
69.3500      -29979.388   -29987.180        7.792   312.3      0.387     -0.864     -0.337      0.379     -0.219     -0.031
69.4000      -29979.821   -29987.711        7.890   316.3     -0.428      0.349     -0.035     -0.317      0.519      0.007
69.4500      -29979.940   -29988.369        8.429   337.9     -0.679     -1.436     -0.599     -0.279      0.057     -0.202
69.5000      -29980.384   -29988.289        7.905   316.9     -0.203     -0.706     -0.746      0.377     -0.445      0.363
69.5500      -29979.840   -29988.488        8.649   346.7     -0.756     -0.789     -0.735     -0.130     -0.353     -0.078
69.6000      -29980.076   -29988.391        8.314   333.3     -0.487     -0.238     -0.702      0.330      0.455     -0.054
69.6500      -29980.293   -29988.916        8.623   345.6     -0.286     -1.092     -0.068     -0.060     -0.511      0.118
69.7000      -29980.236   -29988.947        8.711   349.2      0.263      0.397      0.345      0.105      0.147     -0.187
69.7500      -29980.109   -29988.783        8.674   347.7      0.190     -0.158     -0.837      0.164      0.237     -0.231
69.8000      -29979.558   -29987.598        8.040   322.3     -1.916     -1.037     -1.589     -0.026     -0.332      0.642
69.8500      -29979.629   -29988.312        8.684   348.1     -0.081      0.496     -0.293     -0.828     -0.299     -0.242
69.9000      -29979.801   -29988.885        9.083   364.1     -0.260      0.356     -0.226      0.155      0.066     -0.794
69.9500      -29980.300   -29988.461        8.161   327.1     -0.171     -0.212      0.247     -0.233     -0.339     -0.058
70.0000      -29980.142   -29988.635        8.493   340.4      0.073      0.506     -0.069     -0.313     -0.163     -0.334
70.0500      -29979.960   -29988.264        8.304   332.9     -0.284     -0.954     -0.289      0.869     -0.454      0.256
70.1000      -29980.184   -29989.014        8.830   353.9      0.116     -1.090      0.819      0.098      0.436      0.173
70.1500      -29979.742   -29988.703        8.961   359.2     -0.059     -0.874      0.260     -0.268      0.602     -0.215
70.2000      -29979.545   -29988.410        8.865   355.4      0.308      0.582     -0.184      0.374      0.014     -0.535
70.2500      -29979.483   -29988.287        8.804   352.9     -0.623     -0.488     -0.136      0.482      0.366     -0.235
70.3000      -29979.731   -29987.904        8.174   327.6     -0.429     -0.307     -1.003      0.088      0.192     -0.496
70.3500      -29979.605   -29988.186        8.580   343.9     -0.520      0.407      0.229      0.565      0.916      0.264
70.4000      -29979.495   -29987.447        7.952   318.8      0.022     -0.381     -0.749      0.405     -0.428     -0.612
70.4500      -29979.781   -29988.574        8.794   352.5     -0.008     -0.218      0.263      0.043      0.043      0.244
70.5000      -29980.092   -29988.340        8.248   330.6     -1.019     -0.121      0.491     -0.457      0.074     -0.415
70.5500      -29980.363   -29988.373        8.010   321.1      0.562     -0.792      0.037      0.209      0.575      0.044
70.6000      -29980.133   -29988.250        8.117   325.4      0.775     -0.651      0.161     -0.238     -0.276     -0.061
70.6500      -29980.110   -29988.178        8.068   323.4     -0.243      0.022      0.183      0.071      0.174     -0.318
70.7000      -29980.175   -29988.785        8.610   345.1      0.005      0.296      0.185     -0.049     -0.472      0.075
70.7500      -29980.241   -29988.631        8.390   336.3     -0.460     -0.433     -0.213      0.261     -0.137     -0.239
70.8000      -29980.100   -29988.791        8.691   348.4      0.118     -0.859     -0.496      0.139      0.084     -0.096
70.8500      -29980.074   -29988.277        8.203   328.8     -0.140      0.348     -0.027      0.280      0.060      0.669
70.9000      -29979.586   -29987.453        7.867   315.3      0.203      0.185      0.042     -0.072      0.008     -0.458
70.9500      -29979.356   -29987.926        8.570   343.5     -0.670     -0.383      0.711     -0.094      0.139      0.429
71.0000      -29979.702   -29987.346        7.644   306.4     -0.249     -0.468     -0.814      0.770     -0.113      0.535
71.0500      -29979.321   -29987.197        7.877   315.7     -1.274     -0.353      0.656     -0.503     -0.541     -0.197
71.1000      -29979.365   -29987.590        8.224   329.7      0.724      0.057      0.694      0.051     -0.248     -0.102
71.1500      -29979.290   -29987.379        8.088   324.2     -0.524      0.314      0.032      0.073     -0.677      0.309
71.2000      -29979.436   -29987.783        8.348   334.6      0.685     -0.931      0.347      0.232      0.128     -0.138
71.2500      -29979.457   -29988.869        9.412   377.3      0.157     -0.716     -0.353      0.421      0.022      0.414
71.3000      -29979.543   -29988.154        8.612   345.2     -1.314     -0.276     -0.161     -0.764     -0.414      0.698
71.3500      -29979.909   -29988.613        8.704   348.9     -0.339     -0.821     -0.402      0.409     -0.177     -0.289
71.4000      -29980.132   -29988.004        7.872   315.5      0.106      0.072      0.230      0.340      0.247     -0.157
71.4500      -29980.379   -29988.805        8.426   337.7     -1.070     -0.841     -0.360      0.243     -0.141      0.325
71.5000      -29980.312   -29988.207        7.895   316.5     -0.751      0.411     -0.416     -0.395     -0.156      0.264
71.5500      -29980.608   -29988.920        8.312   333.2     -0.254     -0.104      0.652      0.284     -0.199     -0.335
71.6000      -29980.473   -29988.057        7.584   304.0     -0.423      0.195     -0.781      0.208     -0.056     -0.240
71.6500      -29980.437   -29988.156        7.719   309.4     -0.153     -1.408     -0.150     -0.387      0.494      0.050
71.7000      -29980.463   -29988.191        7.729   309.8      1.086      0.813      0.251      0.246      0.144     -0.401
71.7500      -29980.582   -29988.211        7.629   305.8      0.181      0.254      0.486     -1.329      0.028      0.561
71.8000      -29980.554   -29988.338        7.784   312.0     -0.780      0.561     -1.119     -0.136     -0.071     -0.107
71.8500      -29981.134   -29989.344        8.210   329.1      0.569     -0.213     -0.168      0.122     -0.197     -0.327
71.9000      -29981.222   -29989.189        7.968   319.4     -0.343     -0.430      0.139     -0.013      0.318     -0.226
71.9500      -29981.426   -29988.844        7.417   297.3     -0.500     -0.571     -1.069      0.198      0.149      0.056
72.0000      -29981.389   -29989.803        8.414   337.3      0.775     -0.637     -0.015     -0.125     -0.539     -0.029
72.0500      -29981.575   -29989.598        8.022   321.6     -0.390      0.728      0.091      0.041      0.302      0.270
72.1000      -29981.300   -29989.805        8.505   340.9      0.930     -0.448      0.182     -0.211     -0.032      0.059
72.1500      -29980.908   -29989.053        8.145   326.5     -0.595     -0.296      0.211      0.033     -0.290      0.130
72.2000      -29980.310   -29988.398        8.089   324.2     -0.389     -1.257     -0.588      0.075     -0.281      0.299
72.2500      -29980.725   -29989.525        8.801   352.8     -0.427     -0.729     -0.045      0.741      0.598      0.308
72.3000      -29980.362   -29988.979        8.616   345.4     -0.776     -0.603     -1.382     -0.288     -0.029      0.112
72.3500      -29980.545   -29988.756        8.211   329.1     -1.102      0.191      0.500      0.120     -0.107      0.136
72.4000      -29981.133   -29989.186        8.052   322.8     -0.010     -0.061     -0.592     -0.681      0.623      0.010
72.4500      -29981.360   -29989.123        7.763   311.2     -0.315     -0.144     -0.154      0.353     -0.175      0.159
72.5000      -29981.097   -29989.162        8.065   323.3      0.556     -0.103     -0.285     -0.261     -0.121     -0.136
72.5500      -29981.041   -29989.139        8.098   324.6     -0.329      0.271      0.480      0.410      0.486      0.059
72.6000      -29980.845   -29989.467        8.621   345.6      0.413      0.566     -0.004     -0.270      0.209      0.090
72.6500      -29980.903   -29988.572        7.669   307.4     -0.142      0.083      0.873     -0.119      0.033     -0.069
72.7000      -29980.506   -29988.479        7.973   319.6     -0.069      0.988     -0.510      0.734      0.004      0.205
72.7500      -29979.784   -29988.523        8.739   350.3      0.177     -0.671      0.713     -0.452      0.054      0.167
72.8000      -29979.915   -29988.215        8.300   332.7     -0.025     -0.643     -0.441     -0.337     -0.425     -0.326
72.8500      -29980.071   -29988.508        8.437   338.2      0.004      0.534      0.149     -0.224     -0.119      0.643
72.9000      -29980.453   -29989.340        8.887   356.2      0.301     -0.464     -0.561      0.190      0.020     -0.165
72.9500      -29980.189   -29989.145        8.956   359.0     -0.660     -0.723      0.674     -0.360     -0.175     -0.007
73.0000      -29980.293   -29988.943        8.650   346.7      0.621      0.907     -0.139      0.060     -0.557      0.129
73.0500      -29980.925   -29989.125        8.200   328.7     -0.359     -0.171     -0.357     -0.046      0.086     -0.676
73.1000      -29980.931   -29988.660        7.729   309.8      0.137      0.697     -0.080      0.292     -0.804      0.306
73.1500      -29980.541   -29988.943        8.403   336.8     -0.573     -0.286     -0.385     -0.049     -0.010     -0.605
73.2000      -29980.329   -29988.309        7.979   319.8     -0.119      0.247      0.047      0.165     -0.011      0.831
73.2500      -29980.816   -29988.252        7.436   298.1     -0.020     -0.162      0.426      0.301      0.311      0.061
73.3000      -29980.940   -29988.912        7.972   319.6      1.375      1.231      0.449      0.111      0.180      0.612
73.3500      -29981.138   -29988.832        7.694   308.4     -0.582     -0.589      0.258      0.013      0.027     -0.160
73.4000      -29980.901   -29988.910        8.010   321.1     -0.473      0.088     -0.158      0.011     -0.353      0.121
73.4500      -29980.844   -29988.895        8.051   322.7     -0.028      0.169      0.263      0.030      0.296     -0.075
73.5000      -29980.464   -29989.094        8.630   345.9      0.319      0.207      0.301     -0.319      0.180     -0.198
73.5500      -29980.317   -29988.699        8.382   336.0     -0.958     -0.813     -0.498     -0.008     -0.258     -0.119
73.6000      -29980.339   -29988.422        8.083   324.0      0.767      1.328      0.840      0.068     -0.627      0.584
73.6500      -29979.841   -29988.018        8.177   327.8      0.799     -0.249     -0.945     -0.180     -0.458     -0.486
73.7000      -29979.890   -29988.066        8.177   327.8     -0.037     -0.358     -0.696     -0.005     -0.132      0.508
73.7500      -29979.979   -29988.131        8.152   326.8     -1.114     -0.091     -0.727     -0.188     -0.468      0.226
73.8000      -29980.355   -29988.543        8.188   328.2     -0.413     -0.196     -1.026      0.271      0.312      0.039
73.8500      -29980.381   -29988.443        8.062   323.2     -0.443     -0.141      0.989      0.053     -0.098      0.101
73.9000      -29980.964   -29989.135        8.171   327.5      0.271      0.412     -0.127     -0.089      0.037     -0.068
73.9500      -29980.588   -29989.100        8.512   341.2      0.583      0.713      0.530     -0.268      0.360      0.786
74.0000      -29980.595   -29988.844        8.248   330.6      0.347      1.466      0.646     -0.386     -0.141     -0.068
74.0500      -29980.694   -29989.232        8.538   342.2      0.630      0.284      0.246      0.229      0.323     -0.059
74.1000      -29981.153   -29989.592        8.439   338.3      0.682      0.415     -0.060     -0.234     -0.074      0.069
74.1500      -29981.198   -29989.490        8.293   332.4     -0.383     -0.463      0.755     -0.274      0.258     -0.444
74.2000      -29981.284   -29989.064        7.780   311.9      0.140      0.732     -0.464      0.297      0.194      0.633
74.2500      -29981.658   -29989.309        7.650   306.7     -0.045      0.434     -0.007     -0.129     -0.373     -0.033
74.3000      -29981.671   -29989.664        7.993   320.4     -0.487     -0.130     -0.384     -0.392      0.253     -0.619
74.3500      -29982.045   -29990.363        8.318   333.4     -1.286     -1.336     -0.121      0.260      0.232      0.236
74.4000      -29982.200   -29989.615        7.415   297.2     -0.039      0.533     -1.161      0.324      0.008     -0.222
74.4500      -29981.805   -29989.729        7.924   317.6      0.020     -0.268      0.099      0.074     -0.239     -0.338
74.5000      -29982.228   -29990.357        8.130   325.9     -0.581     -0.923     -0.851      0.411      0.440      0.087
74.5500      -29982.537   -29990.230        7.693   308.4      0.565     -0.517      0.070     -0.151      0.202      0.201
74.6000      -29982.631   -29990.166        7.535   302.0      0.425      0.097      0.008      0.159      0.035      0.543
74.6500      -29982.554   -29990.348        7.794   312.4      0.101     -0.198     -0.351     -0.259      0.063      0.096
74.7000      -29983.046   -29990.916        7.870   315.5      0.194     -0.845     -1.359     -0.168      0.155      0.045
74.7500      -29983.455   -29990.572        7.118   285.3     -0.229     -0.201     -0.039      0.931      0.217     -0.264
74.8000      -29983.852   -29991.443        7.592   304.3      0.464      0.613     -0.097     -0.397     -0.230      0.520
74.8500      -29984.253   -29991.461        7.208   288.9      0.339      0.036      0.020      0.541      0.101     -0.205
74.9000      -29984.142   -29990.887        6.744   270.3      0.355      0.593     -0.438     -0.083      0.037     -0.572
74.9500      -29984.038   -29991.139        7.101   284.6     -0.763     -0.242      0.071      0.312      0.258     -0.034
75.0000      -29984.263   -29990.883        6.620   265.3      0.081      0.313      0.091     -0.303      0.138     -0.045
75.0500      -29983.705   -29990.867        7.162   287.1      0.058     -0.294      0.371      0.251      0.585     -0.007
75.1000      -29983.554   -29990.854        7.299   292.6      0.179      0.435     -0.927     -0.667     -0.221     -0.578
75.1500      -29983.561   -29990.814        7.253   290.7     -0.506     -0.789     -0.180      0.245      0.761     -0.146
75.2000      -29983.845   -29990.914        7.069   283.4      0.949      0.756     -0.387     -0.617      0.032     -0.266
75.2500      -29983.525   -29990.557        7.032   281.9      0.366      0.095     -0.169      0.010     -0.377     -0.192
75.3000      -29983.493   -29991.000        7.507   300.9      0.369      0.177     -0.373     -0.566      0.110      0.336
75.3500      -29983.230   -29990.752        7.522   301.5     -0.137      0.705      0.294      0.047      0.095     -0.249
75.4000      -29982.879   -29990.756        7.876   315.7      0.210     -0.072      0.236      0.017      0.259     -0.159
75.4500      -29982.524   -29990.350        7.825   313.7     -0.442     -0.216     -1.005      0.088     -0.387      0.009
75.5000      -29982.546   -29990.049        7.503   300.7      0.367     -0.011      0.136     -0.433      0.136     -0.918
75.5500      -29982.558   -29990.184        7.626   305.7      0.198      0.239      0.508      0.647      0.168     -0.185
75.6000      -29982.973   -29990.576        7.603   304.8      0.512      1.035     -0.349     -0.720      0.197     -0.004
75.6500      -29983.108   -29990.330        7.222   289.5      0.394      0.349      0.429     -0.243     -0.048     -0.162
75.7000      -29983.219   -29990.980        7.761   311.1     -0.444      0.113      0.227      0.642     -0.074      0.315
75.7500      -29983.216   -29990.211        6.995   280.4      0.272      0.108     -0.616      0.622     -0.531     -0.356
75.8000      -29982.951   -29990.740        7.789   312.2     -0.270      0.190      0.013      0.474     -0.146     -0.053
75.8500      -29983.213   -29990.230        7.017   281.3     -0.094     -0.092     -0.283      0.196      0.178      0.549
75.9000      -29983.197   -29990.389        7.192   288.3      0.422      0.850     -0.077     -0.100     -0.251     -0.350
75.9500      -29983.051   -29990.684        7.633   306.0      0.307      0.122     -0.329     -0.486     -0.090      0.121
76.0000      -29982.773   -29989.887        7.114   285.2      0.176     -0.144     -0.320      0.249      0.263      0.218
76.0500      -29982.945   -29990.037        7.092   284.3     -0.511     -0.352     -0.552     -0.411     -0.228     -0.463
76.1000      -29982.630   -29989.723        7.092   284.3      0.080      0.349     -1.013     -0.171     -0.434      0.269
76.1500      -29982.482   -29990.184        7.702   308.7     -0.230     -0.330      0.360      0.435      0.641     -0.402
76.2000      -29982.558   -29990.344        7.786   312.1      0.328     -0.438     -0.524      0.233      0.206      0.573
76.2500      -29982.537   -29990.350        7.813   313.2     -0.400     -0.360      0.520      0.505     -0.063     -0.677
76.3000      -29982.088   -29989.922        7.834   314.0      0.233     -0.092     -1.445     -0.127     -0.329      0.248
76.3500      -29982.559   -29990.051        7.492   300.3     -0.032     -0.851     -0.324      0.364     -0.077     -0.674
76.4000      -29982.545   -29989.619        7.074   283.6     -0.161      0.277     -0.442     -0.306     -0.161     -0.006
76.4500      -29981.979   -29989.949        7.970   319.5     -0.381     -1.070     -0.349      0.152      0.339     -0.491
76.5000      -29981.662   -29989.338        7.676   307.7      0.120      0.371     -0.010      0.107      0.345      0.261
76.5500      -29981.931   -29989.748        7.817   313.4      0.550     -0.007      0.023      0.107      0.052     -0.082
76.6000      -29981.829   -29990.277        8.448   338.7     -0.481     -0.619      0.179      0.574      0.227      0.423
76.6500      -29981.585   -29989.691        8.106   324.9      0.254     -0.633     -1.076      0.001     -0.041     -0.268
76.7000      -29981.114   -29989.203        8.089   324.3     -0.454      0.269      0.561     -0.478      0.437     -0.035
76.7500      -29981.423   -29988.812        7.389   296.2     -0.652      0.159     -0.393      0.334      0.066     -0.603
76.8000      -29982.085   -29989.676        7.591   304.3      1.441      1.183      0.617      0.801     -0.083     -0.151
76.8500      -29982.043   -29989.971        7.927   317.8      0.713     -0.041     -0.259     -0.156     -0.655     -0.423
76.9000      -29981.418   -29989.775        8.357   335.0     -0.203     -0.222     -0.753     -0.075      0.122      0.107
76.9500      -29981.539   -29989.787        8.249   330.6      1.244      0.322      0.538     -0.186     -1.089      0.054
77.0000      -29981.323   -29989.715        8.392   336.4      0.455     -0.483     -0.035     -0.014      0.115     -0.305
77.0500      -29981.525   -29989.727        8.202   328.8     -0.223      1.039      0.910      0.533     -0.895      0.588
77.1000      -29981.566   -29990.137        8.571   343.6     -0.421     -0.231     -0.333      0.038      0.520     -0.040
77.1500      -29981.141   -29989.436        8.295   332.5      0.048      0.780     -0.718      0.508     -0.121     -0.209
77.2000      -29980.770   -29989.482        8.712   349.2     -0.745     -0.476     -0.215      0.216      0.345      0.146
77.2500      -29980.870   -29989.275        8.405   336.9     -0.402     -0.057     -0.168     -0.444     -0.836      0.087
77.3000      -29981.695   -29989.568        7.873   315.6      0.543     -0.689     -0.829      0.250     -0.066      0.029
77.3500      -29981.836   -29989.402        7.566   303.3      0.091      0.934     -0.549      0.113     -0.429     -0.303
77.4000      -29981.533   -29989.992        8.459   339.1      0.738      0.435      0.852      0.750      0.261     -0.226
77.4500      -29981.440   -29989.629        8.189   328.3     -0.827      0.113     -0.170     -0.254      0.054      0.006
77.5000      -29981.698   -29990.334        8.636   346.2     -1.169      0.143     -0.867      0.001     -0.620     -0.145
77.5500      -29981.643   -29989.414        7.771   311.5     -0.032      1.091      0.400      0.079      0.143      0.331
77.6000      -29981.710   -29989.613        7.903   316.8     -0.859     -0.270     -0.173     -0.378     -0.416      0.078
77.6500      -29981.605   -29989.703        8.098   324.6     -0.553      0.613     -0.197      0.528      0.139     -0.223
77.7000      -29981.695   -29990.145        8.450   338.7     -0.263      0.085      0.754     -0.025      0.391      0.241
77.7500      -29981.599   -29989.250        7.651   306.7     -0.407      0.229     -0.044      0.265     -0.267      0.398
77.8000      -29981.978   -29989.799        7.821   313.5     -1.175     -0.801      0.090      0.028     -0.296     -0.166
77.8500      -29982.358   -29990.141        7.783   312.0     -0.011     -0.436     -0.442      0.749     -0.417      0.450
77.9000      -29981.899   -29990.291        8.392   336.4      0.232     -0.485     -0.735     -0.039      0.070     -0.247
77.9500      -29981.473   -29990.045        8.572   343.6     -0.192      0.231      0.667     -0.303      0.340     -0.210
78.0000      -29981.848   -29989.689        7.841   314.3      0.452     -0.575     -0.635      0.081      0.188      0.360
78.0500      -29982.505   -29990.160        7.655   306.9      0.233      0.093      0.126      0.200     -0.094     -0.687
78.1000      -29982.478   -29990.424        7.946   318.5     -0.202     -0.866      0.585      0.189      0.436     -0.215
78.1500      -29982.275   -29990.178        7.903   316.8      0.393      0.081      0.265      0.171      0.042     -0.530
78.2000      -29982.543   -29989.869        7.326   293.7     -0.392     -0.968     -0.172      0.250      0.386      0.074
78.2500      -29982.325   -29990.096        7.771   311.5     -0.538      0.192     -0.456     -0.401     -0.098      0.314
78.3000      -29981.942   -29989.758        7.816   313.3     -0.684     -0.217      0.193      0.481      0.109     -1.225
78.3500      -29982.150   -29989.947        7.797   312.6      0.228     -0.262     -0.289     -0.403      0.389      0.353
78.4000      -29982.166   -29989.873        7.707   308.9      0.411      0.573      0.640     -0.252     -0.231     -0.113
78.4500      -29981.512   -29989.662        8.150   326.7      0.139      0.023     -0.367      0.291      0.542     -0.527
78.5000      -29981.594   -29989.766        8.172   327.6     -0.970      0.266      0.225     -0.370      0.251      0.197
78.5500      -29981.607   -29989.518        7.911   317.1     -0.228     -0.429      0.775     -0.299      0.010     -0.546
78.6000      -29981.639   -29989.066        7.427   297.7      0.319      0.972      0.768      0.207      0.526     -0.576
78.6500      -29982.066   -29989.727        7.661   307.1     -0.666      0.073      0.190      0.068      0.071     -0.028
78.7000      -29981.288   -29989.449        8.161   327.1      0.914      0.143     -0.710     -0.304      0.238     -0.105
78.7500      -29981.702   -29989.725        8.023   321.6      0.482      1.673      1.131      0.317      0.214     -0.149
78.8000      -29981.868   -29988.945        7.077   283.7     -0.895     -0.858      0.039     -0.100     -0.402      0.272
78.8500      -29981.745   -29990.229        8.484   340.1      0.021      0.288      0.685     -0.209     -0.131     -0.715
78.9000      -29981.109   -29989.418        8.309   333.1     -0.183     -1.329      0.508     -0.258     -0.543     -0.568
78.9500      -29980.938   -29990.090        9.152   366.8      0.364      0.027      0.270      0.452      0.520      0.433
79.0000      -29980.945   -29989.699        8.755   350.9     -0.886     -0.047      0.195     -0.202     -0.359      0.282
79.0500      -29981.301   -29990.025        8.724   349.7     -0.090      0.313      1.197      0.572      0.493     -0.156
79.1000      -29981.218   -29990.039        8.821   353.6      0.075      0.481      0.310     -0.170     -0.336     -0.400
79.1500      -29981.529   -29989.838        8.309   333.1      0.051      0.008     -0.030     -0.215      0.554     -0.177
79.2000      -29980.907   -29988.643        7.736   310.1      0.455      0.085      0.370      0.494      0.391     -0.140
79.2500      -29980.445   -29989.439        8.995   360.6     -0.505      0.200     -0.724     -0.041     -0.415     -0.642
79.3000      -29980.758   -29988.387        7.629   305.8     -1.228     -0.556     -0.717      0.304     -0.044      0.144
79.3500      -29980.639   -29989.219        8.579   343.9     -0.085      0.530     -0.122     -0.117     -0.391     -0.072
79.4000      -29981.176   -29989.438        8.261   331.2     -0.214     -1.014      0.796     -0.300      0.134      0.195
79.4500      -29981.761   -29989.604        7.843   314.4      0.151      0.460      0.649     -0.033      0.058     -0.357
79.5000      -29981.714   -29989.223        7.509   301.0      0.597      0.525     -0.115     -0.381     -0.752     -0.231
79.5500      -29981.506   -29990.297        8.791   352.4      0.030     -0.127      0.526     -0.201      0.908     -0.258
79.6000      -29981.172   -29989.482        8.311   333.1     -1.193     -2.056      0.905      0.445     -0.118      0.323
79.6500      -29981.257   -29989.938        8.680   347.9     -0.531      0.248      0.500     -0.428      0.215     -0.613
79.7000      -29981.116   -29988.947        7.831   313.9      0.194      0.084      0.316     -0.164     -0.022      0.583
79.7500      -29981.484   -29989.340        7.856   314.9      1.086      0.441      1.161     -0.594      0.390      0.269
79.8000      -29981.081   -29989.793        8.711   349.2     -1.266      0.153     -0.908     -0.046     -0.085     -0.376
79.8500      -29981.313   -29989.570        8.257   331.0     -1.012     -0.524     -0.932     -0.243      0.256     -0.100
79.9000      -29981.650   -29990.029        8.379   335.9     -0.343     -0.432     -0.713      0.321      0.381      0.154
79.9500      -29981.556   -29989.174        7.617   305.3     -0.626      0.620      0.397      0.049     -0.336     -0.129
80.0000      -29981.291   -29989.896        8.606   345.0     -0.232     -0.195      0.076     -0.074      0.224      0.308
80.0500      -29981.574   -29990.043        8.469   339.5     -0.200      0.273      0.932      0.286      0.302      0.163
80.1000      -29981.654   -29989.943        8.289   332.3     -0.160      0.096      0.043     -0.057     -0.554     -0.171
80.1500      -29981.897   -29989.984        8.087   324.2      0.658      0.157     -0.096      0.104     -0.050     -0.062
80.2000      -29981.591   -29989.637        8.045   322.5     -0.615     -0.075     -0.800     -0.164     -0.482      0.016
80.2500      -29981.625   -29990.039        8.414   337.3     -0.526     -0.252      0.088     -0.195      0.370      0.249
80.3000      -29981.490   -29989.400        7.911   317.1      0.048     -0.198      0.658     -0.187     -0.815      0.455
80.3500      -29980.487   -29988.570        8.084   324.0     -1.025      0.199      0.067      0.327      0.305      0.099
80.4000      -29981.031   -29989.053        8.022   321.6     -0.537     -1.422     -0.078      0.068      0.148      0.202
80.4500      -29981.259   -29989.482        8.223   329.6      0.003      0.873      0.685      0.221      0.054     -0.247
80.5000      -29981.239   -29989.406        8.167   327.4      0.298      0.459     -0.135      0.051     -0.389     -0.306
80.5500      -29980.898   -29988.902        8.004   320.8     -0.616     -0.344      0.106     -0.660      0.438      0.729
80.6000      -29980.758   -29988.748        7.990   320.3     -0.018      0.371     -0.212     -0.621     -0.465      0.435
80.6500      -29980.950   -29989.129        8.179   327.8      0.133      0.581      0.867     -0.187     -0.475     -0.168
80.7000      -29980.444   -29989.029        8.586   344.2     -0.359      0.291     -0.830      0.195      0.354     -0.026
80.7500      -29980.058   -29988.523        8.465   339.3      0.129      0.106      0.359      0.416      0.675      0.015
80.8000      -29979.823   -29988.033        8.210   329.1      0.886     -0.257      0.607     -0.205     -0.456     -0.237
80.8500      -29979.793   -29988.625        8.832   354.0     -0.648      0.708      0.691      0.145     -0.308     -0.285
80.9000      -29980.133   -29987.848        7.715   309.2     -0.690      0.524     -0.307     -0.474     -0.288      0.247
80.9500      -29980.409   -29988.781        8.372   335.6      0.400     -0.152      0.833      0.051     -0.036      0.305
81.0000      -29980.180   -29988.930        8.750   350.7     -0.137      0.450     -0.229      0.360      0.356     -0.323
81.0500      -29980.437   -29989.279        8.842   354.4     -0.459     -0.547     -0.502     -0.310     -0.265      0.115
81.1000      -29980.549   -29989.074        8.525   341.7      0.624      0.184      0.557     -0.325     -0.317      0.452
81.1500      -29980.645   -29988.799        8.154   326.8     -0.337     -0.740     -0.295      0.369      0.188     -0.019
81.2000      -29980.790   -29988.951        8.161   327.1     -0.409      0.698     -0.176     -0.386      0.005     -0.256
81.2500      -29980.815   -29989.596        8.780   352.0      0.646     -0.597      1.418     -0.083      0.724      0.128
81.3000      -29980.362   -29988.256        7.894   316.4      1.266      0.336      0.416      0.176     -0.475      0.235
81.3500      -29979.778   -29988.670        8.892   356.4      0.571      0.648      0.757     -0.223     -0.207      0.018
81.4000      -29979.770   -29987.312        7.542   302.3     -0.373     -0.125      0.185      0.289     -0.064      0.453
81.4500      -29980.037   -29988.395        8.358   335.0     -0.048     -0.226      0.266      0.621      0.174     -0.587
81.5000      -29979.730   -29987.820        8.090   324.3      0.185     -0.433      0.270      0.144      0.029      0.132
81.5500      -29980.109   -29988.584        8.475   339.7     -0.733      0.573      0.011     -0.163     -0.875      0.184
81.6000      -29979.582   -29988.369        8.787   352.2      0.446      0.095      0.378     -0.095     -0.327     -0.316
81.6500      -29979.582   -29987.424        7.842   314.4      0.798      2.053      0.894      0.513     -0.566      0.505
81.7000      -29979.217   -29987.787        8.570   343.5     -0.434     -0.982     -0.149     -0.412      0.596     -0.250
81.7500      -29979.516   -29987.404        7.888   316.2     -0.467      0.102      0.020      0.329     -0.317      0.948
81.8000      -29979.522   -29987.900        8.378   335.8      0.026     -0.473      0.457     -0.131     -0.359     -0.238
81.8500      -29980.137   -29987.668        7.531   301.9      0.787      0.172      0.342     -0.440     -0.059      0.141
81.9000      -29979.799   -29988.033        8.234   330.1      0.320     -0.393      0.250      0.280     -0.391     -0.197
81.9500      -29980.613   -29988.732        8.119   325.4      0.381      0.404      1.251     -0.010      0.594     -0.307
82.0000      -29980.305   -29988.695        8.391   336.3     -0.094     -0.224     -0.500     -0.520      0.012      0.455
82.0500      -29980.335   -29989.494        9.160   367.2     -0.440     -0.733     -1.471     -0.430     -0.042     -0.245
82.1000      -29980.456   -29988.439        7.984   320.0      0.458     -0.324      0.783     -0.686     -0.112     -0.836
82.1500      -29980.212   -29988.314        8.102   324.8      0.259      0.150     -0.611      0.284      0.275      0.420
82.2000      -29980.179   -29988.705        8.526   341.8     -0.066     -0.683      0.352      0.299      0.159     -0.050
82.2500      -29979.555   -29988.377        8.822   353.6     -1.043     -0.775     -0.889     -0.333     -0.081      0.166
82.3000      -29979.556   -29987.805        8.249   330.7     -0.687     -0.392     -0.612      0.053     -0.034      0.110
82.3500      -29979.914   -29988.387        8.472   339.6     -0.081     -0.245     -0.398     -0.111      0.144      0.391
82.4000      -29980.100   -29988.924        8.824   353.7     -0.130     -0.489      0.236      0.497     -0.024     -0.004
82.4500      -29980.610   -29989.033        8.423   337.6     -0.744     -1.543     -0.947     -0.316      0.250     -0.400
82.5000      -29980.321   -29988.670        8.349   334.7     -1.435      0.162     -0.866     -0.223      0.860      0.568
82.5500      -29980.791   -29988.678        7.887   316.1     -0.213     -0.493     -0.205     -0.008     -0.156     -0.730
82.6000      -29980.067   -29988.471        8.404   336.9      0.109     -1.465      0.263      0.128      0.061     -0.169
82.6500      -29979.792   -29988.068        8.277   331.8     -1.497     -0.228     -1.592     -0.248      0.345      0.492
82.7000      -29979.719   -29988.486        8.767   351.4      0.033     -0.789      0.188      0.146      0.049      0.328
82.7500      -29979.326   -29988.330        9.004   360.9     -0.689     -1.021     -1.554     -0.134      1.111     -0.293
82.8000      -29979.711   -29988.359        8.648   346.7     -0.510     -0.512     -0.592     -0.305      0.047      0.702
82.8500      -29979.682   -29987.594        7.912   317.1     -0.972     -0.675     -0.735     -0.857     -0.202     -0.491
82.9000      -29979.356   -29988.141        8.784   352.1      0.074     -0.388      0.005     -0.053     -0.503     -0.154
82.9500      -29979.222   -29987.766        8.543   342.5      0.850     -0.106      0.246     -0.399      0.468     -0.072
83.0000      -29979.449   -29988.309        8.859   355.1     -0.160     -0.318     -0.184     -0.270     -0.125      0.175
83.0500      -29979.732   -29988.268        8.535   342.1     -0.720     -0.616     -0.778     -0.313      0.651      0.718
83.1000      -29980.103   -29988.625        8.522   341.6     -0.562     -1.220     -1.799     -0.562     -0.427      0.267
83.1500      -29980.402   -29989.699        9.297   372.7      0.294     -0.479     -0.311     -0.134     -0.034      0.121
83.2000      -29980.478   -29989.455        8.978   359.9      0.019     -0.065     -0.660     -0.089      0.365      0.345
83.2500      -29981.126   -29989.158        8.032   322.0     -0.234     -0.483      0.367      0.331     -0.258     -0.192
83.3000      -29980.552   -29988.260        7.708   309.0     -0.626      0.466     -0.263      0.276     -0.238     -0.112
83.3500      -29980.875   -29989.318        8.444   338.5     -0.326      0.043      0.231      0.519     -0.394      0.147
83.4000      -29980.849   -29989.328        8.479   339.9     -0.637     -0.041     -0.485      0.157      0.101      0.039
83.4500      -29981.044   -29989.729        8.684   348.1     -0.985     -0.495     -0.753     -0.495     -0.082      0.459
83.5000      -29980.769   -29989.020        8.251   330.7      0.536     -0.276      0.276      0.088     -0.345      0.275
83.5500      -29980.790   -29988.711        7.921   317.5     -0.075     -0.981     -0.316      0.162     -0.235     -0.399
83.6000      -29980.816   -29988.758        7.942   318.4     -0.318     -1.350      0.101     -0.119     -0.196      0.264
83.6500      -29980.354   -29988.721        8.367   335.4     -1.098     -1.039     -0.774     -0.514     -0.077      0.031
83.7000      -29980.168   -29988.375        8.207   329.0     -0.023     -0.029      0.524     -0.168     -0.284     -0.607
83.7500      -29980.138   -29988.404        8.266   331.4      0.127     -0.208     -1.356      0.440     -0.509      0.252
83.8000      -29980.463   -29988.377        7.914   317.2     -0.680      0.044     -0.722     -0.153     -0.266     -0.012
83.8500      -29980.327   -29988.660        8.334   334.0     -0.705     -0.314     -0.641      0.334     -0.360      0.070
83.9000      -29980.068   -29987.912        7.844   314.4      1.401     -0.226      0.332      0.647     -0.205     -0.099
83.9500      -29980.246   -29987.898        7.652   306.7     -1.071     -0.061      0.039     -0.207      0.260     -0.270
84.0000      -29980.161   -29988.645        8.483   340.0      0.674     -0.160     -0.140     -0.602     -0.198     -0.490
84.0500      -29980.376   -29988.539        8.163   327.2      0.439      0.234     -0.439      0.202     -0.027      0.104
84.1000      -29979.926   -29988.219        8.293   332.4     -0.765     -0.109      0.493     -0.319      0.483      0.266
84.1500      -29980.396   -29988.512        8.116   325.3      0.060     -0.297     -0.717      0.115      1.036     -0.429
84.2000      -29980.616   -29988.736        8.121   325.5     -0.744     -0.694     -0.368      0.059     -0.156      0.087
84.2500      -29980.844   -29989.043        8.199   328.7      0.598      0.104     -0.846      0.234      0.355      0.121
84.3000      -29981.149   -29989.174        8.024   321.7     -0.624      0.094     -0.485     -0.326      0.209     -0.403
84.3500      -29981.077   -29989.090        8.013   321.2      0.025     -0.589     -0.682     -0.079      0.642     -0.344
84.4000      -29980.899   -29989.143        8.244   330.4     -0.366     -0.287     -1.241      0.342     -0.082      0.337
84.4500      -29980.791   -29988.924        8.132   326.0      1.018     -0.142     -1.245     -0.474     -0.525      0.011
84.5000      -29980.127   -29988.600        8.473   339.6     -0.536     -0.689     -0.568     -0.331      0.690     -0.778
84.5500      -29980.184   -29988.531        8.347   334.6     -0.703     -1.473     -0.185      0.211     -0.201      0.878
84.6000      -29980.192   -29988.041        7.849   314.6     -0.537      0.432     -0.793     -0.510     -0.464     -0.183
84.6500      -29980.621   -29988.627        8.006   320.9     -1.164     -0.729      0.198      0.133      0.252     -0.185
84.7000      -29980.225   -29987.947        7.722   309.5      0.311     -0.275     -0.657      0.233      0.069      0.882
84.7500      -29980.200   -29988.676        8.476   339.8     -0.972     -0.968     -1.032     -0.391      0.133     -0.034
84.8000      -29980.341   -29988.441        8.100   324.7     -0.670     -0.014     -0.687     -0.297      0.258      0.118
84.8500      -29979.953   -29989.307        9.354   374.9     -0.053     -0.295     -0.091      0.492     -0.262     -0.056
84.9000      -29979.840   -29988.438        8.597   344.6      1.022      1.785     -0.983     -0.056     -0.024      0.390
84.9500      -29979.470   -29988.053        8.583   344.0     -1.194     -1.071      0.058      0.130      0.384      0.650
85.0000      -29979.169   -29987.922        8.753   350.9      0.393      1.089     -0.006      0.009      0.043     -0.457
85.0500      -29978.689   -29988.268        9.579   384.0      0.803     -0.134      0.271     -0.113     -0.423     -0.213
85.1000      -29979.186   -29988.359        9.174   367.7     -0.499      0.274     -0.141      0.565      0.400      0.447
85.1500      -29979.230   -29987.549        8.319   333.5      0.277     -1.013      0.577     -0.955     -0.205     -0.411
85.2000      -29979.509   -29987.766        8.257   331.0     -0.585     -0.734     -1.402     -0.107     -0.232     -0.059
85.2500      -29979.655   -29987.635        7.980   319.9      0.249     -0.540     -0.199      0.037     -0.909      0.518
85.3000      -29979.755   -29988.021        8.267   331.4     -0.602      0.449     -0.123     -0.113     -0.367      0.542
85.3500      -29979.928   -29988.215        8.287   332.2     -0.548     -1.244      0.355      0.014     -0.121     -0.418
85.4000      -29979.484   -29988.275        8.792   352.4     -1.950      0.125     -0.676      0.527      0.189     -0.038
85.4500      -29978.472   -29987.768        9.296   372.6     -0.509     -2.599     -0.780     -0.093     -0.137      0.170
85.5000      -29979.264   -29988.096        8.832   354.0      0.891      0.551     -0.412      0.237     -0.181      0.244
85.5500      -29979.571   -29988.285        8.714   349.3      0.618     -0.238     -0.014      0.398     -0.279     -0.460
85.6000      -29979.739   -29988.701        8.962   359.2      0.055      0.500      0.356     -0.152     -0.211      0.178
85.6500      -29979.596   -29987.789        8.193   328.4      0.454     -0.749      0.510     -0.162     -0.678     -0.196
85.7000      -29979.905   -29987.852        7.947   318.5      0.202      0.089      0.004     -0.733      0.442      0.400
85.7500      -29980.278   -29987.852        7.574   303.6      0.177     -0.355     -0.861      0.434     -0.218     -0.328
85.8000      -29980.735   -29988.531        7.797   312.5      0.491     -0.697      0.089      0.079      0.539     -0.339
85.8500      -29980.764   -29989.332        8.568   343.5     -0.231      0.967      0.008     -0.440     -0.018      0.016
85.9000      -29980.739   -29988.785        8.046   322.5     -0.400      0.054     -1.565      0.563     -0.405     -0.485
85.9500      -29980.275   -29988.541        8.267   331.4      0.131      0.017      0.055      0.377      0.650     -0.156
86.0000      -29980.571   -29988.742        8.171   327.5      0.029     -0.815     -1.034      0.476      0.069      0.228
86.0500      -29980.886   -29987.969        7.083   283.9      0.097     -0.382     -0.113     -0.574      0.129      0.081
86.1000      -29980.608   -29988.787        8.179   327.9      0.316      0.010     -0.275      0.597      0.359     -0.115
86.1500      -29980.344   -29989.398        9.054   362.9      0.260      0.130     -0.346      0.299      0.222      0.280
86.2000      -29979.870   -29988.537        8.667   347.4      0.125      0.254      0.408     -0.024      0.317     -0.175
86.2500      -29979.944   -29988.102        8.157   327.0      0.272     -1.030      0.400      1.033      0.333      0.071
86.3000      -29980.382   -29989.166        8.784   352.1     -0.122      0.408      0.817     -0.130      0.490      0.112
86.3500      -29980.387   -29988.594        8.206   328.9     -0.575     -0.456      0.374      0.067      0.116     -0.262
86.4000      -29980.085   -29988.623        8.538   342.2     -0.271     -0.262      0.446      0.408      0.318     -0.023
86.4500      -29980.076   -29988.600        8.524   341.7      0.444      0.328     -0.438      0.164      0.318      0.215
86.5000      -29980.456   -29988.570        8.115   325.3      0.261      0.661      0.701     -0.011      0.068     -0.271
86.5500      -29979.956   -29988.262        8.305   332.9      0.813     -0.223      0.063     -0.988     -0.685      0.012
86.6000      -29979.850   -29987.707        7.857   314.9     -0.330     -1.126     -0.326      0.650      0.017     -0.319
86.6500      -29980.145   -29988.943        8.799   352.7      0.437     -1.826     -0.874     -0.060     -0.080      0.276
86.7000      -29980.435   -29989.793        9.358   375.1     -0.335     -0.168     -0.820     -0.158     -0.245      0.153
86.7500      -29980.661   -29988.941        8.281   331.9     -0.004     -0.493     -0.548     -0.283      0.256     -0.982
86.8000      -29981.096   -29988.969        7.873   315.6     -0.691      0.695     -1.142     -0.400     -0.240      0.655
86.8500      -29981.186   -29989.605        8.420   337.5     -0.115     -0.121      1.113     -0.271      0.232     -0.457
86.9000      -29981.452   -29990.273        8.821   353.6     -0.467     -0.412     -0.688      0.249     -0.432      0.300
86.9500      -29982.057   -29989.770        7.713   309.2     -0.596     -0.555     -0.454      0.109      0.364     -0.229
87.0000      -29982.041   -29989.977        7.936   318.1      0.055     -0.160     -0.365     -0.157     -0.134     -0.114
87.0500      -29981.937   -29990.133        8.195   328.5     -0.272     -0.918     -0.393      0.749     -0.399      0.414
87.1000      -29981.613   -29989.525        7.912   317.2     -0.596     -0.592     -0.729     -0.311     -0.380      0.554
87.1500      -29981.346   -29989.857        8.512   341.2      0.541      0.269      0.084     -0.062      0.107     -0.481
87.2000      -29980.859   -29988.953        8.094   324.4      0.595      0.654      0.905     -0.529     -0.333      0.198
87.2500      -29980.386   -29988.934        8.548   342.6     -0.710     -0.003     -0.380     -0.312      0.116      0.272
87.3000      -29980.263   -29988.539        8.276   331.7      0.153     -0.201     -0.321     -0.532     -0.135      0.175
87.3500      -29980.000   -29988.348        8.347   334.6     -0.641     -0.292      0.087      0.505     -0.189      0.124
87.4000      -29980.198   -29988.367        8.169   327.5     -0.227     -0.779     -0.728     -0.396     -0.738     -0.361
87.4500      -29980.269   -29988.723        8.454   338.9      0.494      0.536     -0.434     -0.334      0.413     -0.087
87.5000      -29980.555   -29989.463        8.908   357.1     -0.030      0.090     -0.638      0.122      0.552      0.697
87.5500      -29980.395   -29988.820        8.425   337.7     -0.015     -1.100     -1.432     -0.362      0.121      0.186
87.6000      -29980.530   -29988.654        8.125   325.7     -0.881     -0.159     -0.437      0.032      0.150      0.147
87.6500      -29980.319   -29988.529        8.210   329.1     -0.426     -1.354     -0.664     -0.013      0.008      0.540
87.7000      -29979.945   -29988.314        8.369   335.5      0.021     -0.096     -0.537     -1.167      0.305      0.625
87.7500      -29980.464   -29988.746        8.282   332.0      0.585      0.453      0.667      0.649      0.131     -0.613
87.8000      -29980.496   -29988.375        7.879   315.8      0.451     -0.226      0.022      0.019     -0.426      0.649
87.8500      -29980.449   -29988.830        8.381   336.0     -0.527      0.065      0.427      0.326      0.018     -0.489
87.9000      -29980.788   -29988.908        8.121   325.5     -0.593     -0.643     -0.586      0.037      0.027     -0.064
87.9500      -29980.573   -29988.834        8.261   331.2     -1.272     -2.374     -1.314     -0.222     -0.822      0.311
88.0000      -29980.436   -29988.869        8.433   338.0      0.471      0.172     -0.673      0.170      0.063      0.744
88.0500      -29980.021   -29987.969        7.948   318.6     -0.394     -0.729     -0.224     -0.296     -0.381      0.516
88.1000      -29979.644   -29988.178        8.534   342.1     -0.626     -0.836     -0.333      0.488      0.293      0.021
88.1500      -29979.805   -29988.668        8.863   355.3     -0.710     -0.740     -0.650     -0.271      0.398      0.416
88.2000      -29980.302   -29988.441        8.139   326.3     -0.155     -0.033     -0.722     -0.095      0.037     -0.104
88.2500      -29980.749   -29989.078        8.329   333.9     -0.086      0.574      0.685      0.263     -0.217     -0.415
88.3000      -29981.089   -29988.922        7.832   314.0     -0.306     -0.178     -0.800      0.091     -0.069     -0.095
88.3500      -29980.981   -29989.510        8.529   341.9      0.607      0.467      0.240     -0.154     -0.114      0.354
88.4000      -29980.972   -29988.490        7.518   301.4     -0.627      0.908      0.436      0.125      0.109     -0.715
88.4500      -29980.668   -29989.152        8.485   340.1      0.132      0.464     -0.072     -0.394      0.223      0.290
88.5000      -29980.402   -29989.201        8.799   352.7     -0.819     -0.053     -0.270     -0.303     -0.472      0.543
88.5500      -29980.288   -29988.676        8.388   336.2     -0.621      0.062     -0.764     -0.323     -0.308      0.151
88.6000      -29980.645   -29988.561        7.916   317.3     -0.004      0.341     -0.474     -0.114      0.718     -0.493
88.6500      -29980.622   -29989.145        8.523   341.6     -0.769     -1.134     -1.151      0.015      0.188      0.366
88.7000      -29979.885   -29988.432        8.547   342.6     -0.088      0.204     -1.042     -0.628      0.334      0.129
88.7500      -29980.036   -29987.842        7.806   312.9     -0.148      0.068     -0.138     -1.119     -0.086      0.809
88.8000      -29980.504   -29988.273        7.769   311.4     -0.720     -0.876     -0.784      0.223     -0.015     -0.057
88.8500      -29980.394   -29988.740        8.347   334.6      0.394      0.167     -0.045     -0.015      0.212      0.371
88.9000      -29980.032   -29988.084        8.052   322.8     -1.163     -0.809     -0.249      0.175     -0.072     -0.032
88.9500      -29980.197   -29988.041        7.844   314.4     -0.753     -0.455     -0.671     -0.065     -0.125     -0.270
89.0000      -29980.315   -29987.805        7.490   300.2      0.111     -0.448      0.876     -0.372      0.020      0.169
89.0500      -29981.007   -29988.287        7.280   291.8     -0.094      0.326     -0.122     -0.048     -0.270     -0.460
89.1000      -29980.745   -29988.842        8.096   324.5      0.202      0.444     -0.163     -0.522     -0.349      0.268
89.1500      -29981.007   -29988.555        7.547   302.5     -0.283     -1.016      0.066      0.168     -0.100      0.063
89.2000      -29980.078   -29987.826        7.748   310.6      0.534      0.752     -0.120     -0.967      0.370      0.098
89.2500      -29979.728   -29988.273        8.546   342.5      0.280     -0.240      0.291      0.189      0.262     -0.210
89.3000      -29980.122   -29987.854        7.731   309.9      0.720      0.797     -0.435     -0.516      0.025     -0.564
89.3500      -29980.148   -29988.035        7.887   316.2     -0.318     -0.050     -0.864     -0.181     -0.336      0.154
89.4000      -29980.303   -29988.178        7.874   315.6      0.597      0.202     -0.038     -0.648      0.220     -0.015
89.4500      -29980.244   -29988.152        7.909   317.0     -0.543     -0.838     -0.858      0.176     -0.213      0.144
89.5000      -29980.514   -29988.508        7.994   320.4     -0.305     -0.128     -0.420     -0.096     -0.271     -0.224
89.5500      -29980.677   -29989.121        8.444   338.5     -0.296      0.108      0.041      0.347      0.298      0.148
89.6000      -29980.296   -29988.799        8.503   340.8     -1.157      0.065     -0.490     -0.144     -0.070      0.275
89.6500      -29980.657   -29988.715        8.058   323.0     -0.174     -0.839     -0.828     -0.656      0.020     -0.142
89.7000      -29980.806   -29989.006        8.200   328.7     -1.069     -1.178     -0.256      0.100     -0.034     -0.101
89.7500      -29981.087   -29988.625        7.538   302.2      0.539     -0.053      0.351     -0.115      0.011     -0.166
89.8000      -29981.214   -29989.416        8.202   328.8      0.447      0.008     -0.695      0.263     -0.599     -0.098
89.8500      -29981.355   -29989.012        7.657   306.9      0.345      0.262      0.865     -0.402     -0.118     -0.006
89.9000      -29980.862   -29989.391        8.529   341.9      0.171      0.070      1.151     -0.356     -0.029     -0.511
89.9500      -29980.924   -29989.508        8.584   344.1     -0.079      0.083     -0.715      0.115     -0.424      0.088
90.0000      -29981.161   -29989.393        8.231   329.9      0.773     -0.072     -0.789      0.401      0.377     -0.198
90.0500      -29981.648   -29989.113        7.465   299.2      0.092      0.345      0.290     -0.372     -0.689      0.129
90.1000      -29981.443   -29988.969        7.526   301.7      0.253     -0.167      0.548      0.085      0.445      0.161
90.1500      -29981.327   -29989.521        8.195   328.5      0.253     -0.976     -0.688      0.137      0.267     -0.008
90.2000      -29980.729   -29989.863        9.135   366.2      0.149      0.726     -0.133     -0.696      0.159      0.011
90.2500      -29980.800   -29989.096        8.295   332.5     -0.765     -1.325     -0.290      0.364     -0.121     -0.601
90.3000      -29980.811   -29988.580        7.769   311.4     -0.833     -0.343     -1.044     -0.312     -0.028      0.025
90.3500      -29980.390   -29988.572        8.182   328.0     -0.462     -0.589     -0.476      0.582      0.538      0.366
90.4000      -29980.188   -29989.102        8.913   357.3      0.636     -0.110     -0.399      0.103      0.245      0.024
90.4500      -29980.178   -29989.016        8.838   354.3     -1.352     -0.234      0.370      0.234      0.070      0.134
90.5000      -29980.775   -29988.223        7.448   298.5      1.085      0.625      0.021     -0.514      0.119     -0.074
90.5500      -29980.671   -29988.762        8.091   324.3     -0.443      0.155     -0.026     -0.001     -0.231     -0.143
90.6000      -29980.709   -29988.900        8.191   328.3      0.292      0.143      0.557     -0.250     -0.318      0.284
90.6500      -29980.412   -29988.234        7.822   313.5      0.656      0.439      0.197      0.009     -0.335     -0.959
90.7000      -29980.536   -29989.121        8.585   344.1      0.066     -1.649     -0.163      0.125      0.342      0.276
90.7500      -29980.247   -29988.367        8.121   325.5     -0.759     -0.574     -1.518     -1.122     -0.540      0.304
90.8000      -29980.597   -29988.754        8.157   327.0     -0.953     -0.339     -1.039      0.071      0.185     -0.164
90.8500      -29980.994   -29988.791        7.797   312.5      0.824     -0.030     -0.303      0.017      0.366      0.055
90.9000      -29981.065   -29988.707        7.642   306.3     -0.450     -0.305     -0.185      0.154     -0.188     -0.464
90.9500      -29981.207   -29989.258        8.051   322.7      0.464     -0.638     -0.778     -0.119      0.275     -0.517
91.0000      -29981.024   -29988.508        7.484   300.0     -0.800     -1.362     -1.110     -0.102      0.400     -0.315
91.0500      -29980.728   -29988.256        7.528   301.8     -1.111      0.488      0.093     -0.284     -0.479     -0.159
91.1000      -29980.465   -29988.393        7.927   317.8      0.021     -0.420      0.288      0.100      0.404     -0.433
91.1500      -29980.653   -29988.477        7.823   313.6      1.048      0.705      0.983     -0.762     -0.080     -0.134
91.2000      -29981.081   -29989.408        8.328   333.8      0.323      0.275      0.074      0.197      0.387      0.072
91.2500      -29980.572   -29988.512        7.940   318.3      0.065      0.658     -0.765      0.723      0.298     -0.183
91.3000      -29980.187   -29989.127        8.939   358.3     -0.464     -0.559     -0.591     -0.868     -0.060      0.217
91.3500      -29980.304   -29988.504        8.200   328.7      0.587     -0.958      0.614     -0.264      0.572      0.485
91.4000      -29980.225   -29988.846        8.621   345.6     -1.641      0.149      0.061      0.394     -0.121     -0.190
91.4500      -29979.927   -29987.986        8.060   323.1     -0.559     -1.085     -0.606     -0.215      0.145      0.485
91.5000      -29979.774   -29987.904        8.130   325.9     -0.209     -1.053     -0.763     -0.278      0.179      0.007
91.5500      -29980.014   -29988.971        8.957   359.0      0.110     -0.421     -0.499     -0.034      0.426     -0.253
91.6000      -29980.491   -29987.969        7.478   299.8      0.222      0.043     -0.114     -0.048      0.333      0.046
91.6500      -29980.314   -29988.627        8.313   333.2     -0.552     -0.223      0.162      0.097      0.083     -0.661
91.7000      -29980.202   -29988.775        8.573   343.7     -0.525     -0.557     -0.195     -0.258     -0.022     -0.611
91.7500      -29980.831   -29988.723        7.892   316.3      0.288     -0.388      0.962      0.160     -0.005      0.415
91.8000      -29980.979   -29988.369        7.390   296.2     -0.787     -0.472     -0.511     -0.262     -0.392     -0.655
91.8500      -29981.108   -29988.514        7.405   296.8      0.893      1.204      0.507      0.571      0.219      0.086
91.9000      -29981.274   -29989.314        8.040   322.3      0.086     -0.565     -0.290     -0.489     -0.013     -0.200
91.9500      -29981.013   -29988.867        7.854   314.8     -0.477     -0.603     -0.838      0.060     -0.057      0.329
92.0000      -29980.547   -29988.420        7.873   315.6      0.102     -0.274     -0.197      0.005     -0.222      0.241
92.0500      -29980.533   -29988.670        8.137   326.2     -0.195     -0.325      0.099     -0.019     -0.013      0.198
92.1000      -29980.275   -29988.639        8.364   335.3     -0.937     -0.474     -0.389     -0.444      0.141     -0.445
92.1500      -29980.220   -29988.498        8.278   331.8     -0.374     -0.529     -1.030     -0.272     -0.071     -0.341
92.2000      -29980.004   -29988.459        8.455   338.9     -0.985     -0.456     -0.404     -0.675     -0.097     -0.044
92.2500      -29979.716   -29988.391        8.674   347.7     -0.471      0.139     -0.382     -0.024     -0.336     -0.297
92.3000      -29980.368   -29988.715        8.347   334.6      0.120      0.021      0.160      0.429     -0.083     -0.114
92.3500      -29980.372   -29988.918        8.546   342.6     -0.068      0.114      0.652     -0.315      0.005     -0.248
92.4000      -29980.469   -29988.697        8.228   329.8     -0.516     -0.371      0.696      0.522     -0.141     -0.113
92.4500      -29980.847   -29988.842        7.994   320.5     -1.180     -0.300     -0.137      0.264     -0.210     -0.040
92.5000      -29980.558   -29988.725        8.167   327.4      0.625      0.645      0.396      0.106     -0.210      0.196
92.5500      -29980.691   -29988.297        7.606   304.9     -0.984     -0.255      0.095     -0.383     -0.102      0.133
92.6000      -29980.552   -29987.990        7.438   298.2     -1.303     -0.227     -0.760     -0.454     -0.004     -0.069
92.6500      -29980.511   -29989.018        8.507   341.0     -0.042      0.759     -0.068      0.356     -0.639      0.149
92.7000      -29981.360   -29989.293        7.933   318.0      0.120     -0.613      0.619     -0.351      0.059     -0.270
92.7500      -29981.443   -29989.754        8.311   333.2     -0.274      0.106      0.129      0.151      0.367      0.265
92.8000      -29981.401   -29988.676        7.275   291.6      0.146      0.755      0.460     -0.581      0.147     -0.372
92.8500      -29980.675   -29988.537        7.863   315.2     -0.406     -0.661     -0.021      0.378      0.549      0.165
92.9000      -29980.508   -29988.389        7.881   315.9     -0.594      0.118     -0.023     -0.290     -0.127     -0.294
92.9500      -29981.067   -29988.242        7.176   287.6      0.361     -0.184     -0.265     -0.473     -0.295      0.091
93.0000      -29980.944   -29988.516        7.572   303.5     -0.348     -0.585     -0.453      0.722     -0.094      0.089
93.0500      -29981.004   -29988.738        7.734   310.0     -1.438     -1.077     -0.544      0.773     -0.335      0.191
93.1000      -29980.709   -29988.633        7.924   317.6      0.028     -1.029     -0.800      0.446     -0.291     -0.013
93.1500      -29980.728   -29988.814        8.086   324.1      0.072     -0.245     -0.881     -0.382     -0.694      0.000
93.2000      -29980.664   -29988.953        8.289   332.3     -0.467      0.477     -0.826      0.348      0.116     -0.196
93.2500      -29980.578   -29988.545        7.967   319.4     -0.187     -0.452      0.448     -0.293      0.028     -0.158
93.3000      -29980.255   -29988.639        8.384   336.1      1.530     -0.090      0.914      0.170      0.047      0.191
93.3500      -29979.715   -29987.717        8.002   320.8      0.386      0.931      0.246      0.778     -0.086      0.268
93.4000      -29979.190   -29987.518        8.327   333.8     -1.033      0.622     -0.397     -0.502      0.367     -0.520
93.4500      -29979.260   -29987.709        8.448   338.7     -0.338      0.498     -0.367     -0.154     -0.228     -0.184
93.5000      -29979.624   -29988.289        8.665   347.4     -0.433     -1.098     -1.480     -0.083     -0.372     -0.158
93.5500      -29980.411   -29988.451        8.040   322.3     -0.392      0.598     -0.791     -0.088      0.229     -0.224
93.6000      -29980.138   -29988.236        8.099   324.6      0.322     -0.886      0.612      0.315      0.281     -0.053
93.6500      -29980.227   -29988.365        8.138   326.2     -0.584     -0.073     -0.993      0.277     -0.146     -0.274
93.7000      -29979.959   -29987.834        7.875   315.7     -0.792      0.021     -0.617      0.080     -0.313      0.501
93.7500      -29980.238   -29988.180        7.942   318.3     -0.623     -0.323      0.068     -0.088      0.283     -0.677
93.8000      -29979.968   -29988.330        8.363   335.2      0.074     -0.613     -1.685      0.409     -0.624      0.288
93.8500      -29980.364   -29988.271        7.908   317.0     -1.073     -0.373     -0.492     -0.124      0.325     -0.383
93.9000      -29980.482   -29989.377        8.895   356.6     -0.490     -0.390     -0.488     -0.129     -0.265      0.480
93.9500      -29980.273   -29988.572        8.299   332.7      0.493     -0.434     -0.623      0.286     -0.686     -0.354
94.0000      -29980.909   -29989.193        8.284   332.1     -0.124     -0.634     -0.722      0.527     -0.412      0.151
94.0500      -29980.870   -29988.818        7.948   318.6     -0.478     -0.679      0.122      0.216      0.064     -0.954
94.1000      -29980.979   -29988.750        7.771   311.5     -0.940      0.318     -0.807     -0.497     -0.382      0.093
94.1500      -29980.833   -29988.969        8.136   326.1      0.375      0.429      0.205      0.035     -0.211     -0.091
94.2000      -29981.131   -29989.061        7.930   317.9     -0.059     -0.166     -0.208     -0.113     -0.102     -0.036
94.2500      -29981.196   -29988.701        7.505   300.8      0.480     -1.051      0.338      0.141      0.720      0.112
94.3000      -29980.959   -29988.959        8.000   320.7      0.637      0.265     -0.174      0.192     -0.444     -0.314
94.3500      -29980.867   -29988.713        7.846   314.5     -0.147     -0.329     -0.003      0.629     -0.156      0.539
94.4000      -29980.262   -29987.912        7.650   306.7      0.189      0.072     -0.553     -0.321      0.143     -0.189
94.4500      -29981.124   -29988.881        7.757   310.9     -0.556      0.242      0.383      0.693     -0.011     -0.103
94.5000      -29981.159   -29988.699        7.540   302.3      0.311     -1.214     -0.148     -0.395     -0.582      0.250
94.5500      -29981.394   -29989.379        7.985   320.1     -0.359     -0.494      0.069      0.115     -0.090      0.467
94.6000      -29981.446   -29989.609        8.163   327.2      0.083     -0.396     -0.064      0.705     -0.097     -0.426
94.6500      -29981.766   -29989.668        7.902   316.8     -0.628     -0.547     -0.351     -0.583      0.870      0.939
94.7000      -29981.932   -29989.543        7.611   305.1      0.177     -0.372     -0.477      0.112     -0.455     -0.484
94.7500      -29982.433   -29990.262        7.829   313.8     -0.830     -0.884     -0.446     -0.309     -0.200      0.339
94.8000      -29982.216   -29990.145        7.928   317.8     -1.189     -0.108      0.305     -0.305     -0.460      0.063
94.8500      -29982.499   -29989.711        7.212   289.1     -0.629      0.070     -0.889     -0.242      0.067     -0.345
94.9000      -29982.050   -29989.732        7.683   308.0      0.306      0.377      0.241     -0.034     -0.377      0.302
94.9500      -29981.770   -29989.527        7.758   311.0      0.527     -0.512     -0.621     -0.616      0.194     -0.046
95.0000      -29981.889   -29990.432        8.542   342.4      0.095      0.040      0.998      0.210      0.272     -0.392
95.0500      -29981.947   -29989.566        7.620   305.4      0.179      0.289     -0.669     -0.139      0.131      0.806
95.1000      -29982.098   -29989.873        7.775   311.7     -0.324     -0.838     -0.744     -0.055     -0.229      0.265
95.1500      -29982.317   -29990.490        8.173   327.6     -0.524     -0.051      0.103     -0.093      0.024     -0.451
95.2000      -29982.519   -29989.908        7.389   296.2     -0.318     -0.554      0.119      0.372      0.285      0.202
95.2500      -29982.284   -29989.963        7.679   307.8     -0.456      0.394      0.362      0.080      0.236     -0.517
95.3000      -29982.600   -29989.748        7.148   286.5     -0.801     -0.246     -0.805      0.049      0.150      0.169
95.3500      -29982.245   -29990.025        7.781   311.9     -0.619     -0.952     -0.863      0.475      0.127     -0.544
95.4000      -29982.100   -29990.121        8.021   321.5     -0.397     -0.170     -0.187     -0.415     -0.090      0.231
95.4500      -29981.428   -29989.656        8.228   329.8     -0.070     -0.947     -0.069      0.288      0.642     -0.090
95.5000      -29981.773   -29989.814        8.041   322.3     -0.510     -0.315     -0.456     -0.524      0.035      0.225
95.5500      -29981.155   -29989.279        8.125   325.7     -0.251     -0.754      0.941     -0.393     -0.065      0.269
95.6000      -29980.956   -29988.188        7.232   289.9     -0.245     -0.682      0.129      0.008      0.148      0.179
95.6500      -29981.169   -29989.340        8.171   327.5     -0.143     -0.722      0.531     -0.121     -0.126      0.692
95.7000      -29980.704   -29989.086        8.382   336.0      0.058      0.202     -0.683     -0.251     -0.018     -0.048
95.7500      -29980.903   -29988.959        8.056   322.9      0.109     -0.399     -0.701      0.307      0.122      0.577
95.8000      -29980.487   -29989.129        8.642   346.4      0.842      0.843      0.426     -0.002     -0.565     -0.019
95.8500      -29980.696   -29988.348        7.652   306.7      0.338     -0.495      0.246      0.114      0.231      0.280
95.9000      -29980.482   -29988.234        7.752   310.7     -0.053      0.590      0.884     -0.272     -0.105     -0.095
95.9500      -29980.808   -29988.912        8.104   324.8      0.032     -0.125      0.038     -0.301      0.030      0.457
96.0000      -29980.659   -29988.885        8.225   329.7      0.058      0.142     -0.179     -0.368     -0.141      0.072
96.0500      -29980.414   -29988.385        7.971   319.5     -0.526      0.296      0.109      0.108      0.202     -0.367
96.1000      -29980.629   -29988.496        7.867   315.3      0.222      0.369     -0.961     -0.204     -0.012      0.400
96.1500      -29980.226   -29988.859        8.634   346.1     -0.743     -0.510     -0.875      0.635     -0.130     -0.311
96.2000      -29980.076   -29989.115        9.039   362.3     -1.109     -0.722      0.129     -0.213     -0.308      0.961
96.2500      -29980.076   -29989.104        9.028   361.9     -0.291      0.795     -0.130     -0.531     -0.099      0.501
96.3000      -29980.296   -29989.600        9.304   372.9     -0.667     -0.300     -0.808     -0.348      0.589      0.058
96.3500      -29980.043   -29988.807        8.764   351.3     -0.910     -0.140      0.690     -0.211     -0.043      0.193
96.4000      -29979.998   -29988.416        8.418   337.4     -0.003     -0.696     -1.017      0.042     -0.096      0.171
96.4500      -29980.240   -29988.605        8.365   335.3      0.266     -0.048      0.107      0.045      0.097      0.272
96.5000      -29979.768   -29988.168        8.400   336.7      0.548     -0.483      0.635     -0.243     -0.281      0.213
96.5500      -29980.067   -29988.480        8.413   337.2      0.026      0.502     -0.728      0.047      0.516      0.023
96.6000      -29979.718   -29988.656        8.938   358.3      0.108      0.090     -0.833      0.125      0.134     -0.028
96.6500      -29979.762   -29988.398        8.636   346.2     -0.345     -0.018      0.146      0.974     -0.919     -0.241
96.7000      -29979.254   -29988.578        9.324   373.8     -0.004     -0.699     -0.890     -0.373      0.103     -0.020
96.7500      -29979.179   -29988.514        9.334   374.2     -1.911     -1.017     -0.352      0.646     -0.429     -0.036
96.8000      -29978.912   -29988.191        9.279   372.0     -0.534     -0.579     -0.939     -0.215     -0.650      0.449
96.8500      -29978.171   -29987.031        8.860   355.2     -0.841      0.519      0.259      0.375     -0.059     -0.478
96.9000      -29978.125   -29986.600        8.475   339.7      0.401     -0.673      0.149     -0.299      0.142     -0.453
96.9500      -29977.849   -29985.980        8.132   326.0     -0.183      0.299      0.137     -0.265      0.040     -0.370
97.0000      -29977.821   -29986.387        8.566   343.4      0.891      1.259     -0.269      0.603     -0.309      0.164
97.0500      -29977.848   -29986.104        8.255   330.9      0.363      0.481     -0.008      0.667     -0.000      0.161
97.1000      -29977.474   -29986.402        8.929   357.9     -0.498     -0.231      0.321     -0.715     -0.378      0.141
97.1500      -29977.524   -29987.020        9.495   380.6     -0.377     -1.074     -0.760      0.057      0.061     -0.280
97.2000      -29977.732   -29987.176        9.443   378.5     -0.620      0.162     -0.661      0.375      0.119     -0.043
97.2500      -29977.955   -29987.869        9.914   397.4      0.039     -1.141     -0.092     -0.229      0.283     -0.271
97.3000      -29977.554   -29986.791        9.238   370.3      0.671     -0.442     -0.902      0.265     -0.617     -0.302
97.3500      -29977.686   -29986.479        8.793   352.5      0.189     -0.279     -0.607      0.105     -0.350     -0.528
97.4000      -29978.494   -29987.594        9.100   364.8     -0.156     -0.198     -0.038     -0.032      0.498     -0.411
97.4500      -29978.789   -29986.904        8.115   325.3     -1.052      0.400      0.381     -0.104     -0.616      0.472
97.5000      -29978.909   -29987.227        8.317   333.4      0.344      0.210      0.217     -0.088     -0.016     -0.123
97.5500      -29979.286   -29988.070        8.785   352.1      1.153     -0.446      0.386     -0.139      0.008     -0.496
97.6000      -29979.429   -29988.736        9.308   373.1      0.586      0.479     -0.855     -0.272      0.093     -0.400
97.6500      -29979.333   -29987.572        8.239   330.3      0.101      0.011     -0.829     -0.425     -0.272      0.203
97.7000      -29979.119   -29988.236        9.117   365.5     -0.557      0.194     -0.563      0.117     -0.412     -0.526
97.7500      -29979.635   -29987.605        7.971   319.5      0.495     -0.181     -0.212      0.035     -0.571      0.148
97.8000      -29979.214   -29987.977        8.762   351.2     -0.308      0.369     -0.395      0.074      0.085      0.089
97.8500      -29979.201   -29987.646        8.445   338.5      0.452      0.973     -0.086      0.149      0.631     -0.501
97.9000      -29979.179   -29986.943        7.765   311.3     -0.064     -0.710      0.183      0.122     -0.427      0.154
97.9500      -29979.115   -29987.600        8.485   340.1      0.754     -0.053      0.026     -0.124      0.197      0.304
98.0000      -29978.768   -29987.230        8.463   339.2      0.836      0.460     -0.173     -0.174      0.866      0.024
98.0500      -29979.106   -29987.830        8.724   349.7      0.812     -0.910      0.427     -0.147     -0.435     -0.154
98.1000      -29979.093   -29987.957        8.864   355.3     -0.067      1.102     -0.954      0.100      0.038      0.027
98.1500      -29979.148   -29987.373        8.225   329.7     -0.467      0.029      0.317      0.163      0.285      0.017
98.2000      -29979.280   -29987.869        8.589   344.3      0.243      0.322     -0.551      0.263     -0.183     -0.229
98.2500      -29979.586   -29987.945        8.359   335.1     -0.102      0.432     -0.144     -0.488     -0.525      0.092
98.3000      -29980.035   -29988.199        8.164   327.3      0.527      0.395      0.191      0.175     -0.046     -0.373
98.3500      -29980.039   -29987.934        7.895   316.5     -0.436     -0.476     -0.948      0.496      0.072      0.299
98.4000      -29980.547   -29989.105        8.559   343.1      0.468      0.261     -0.292     -0.124      0.228     -0.206
98.4500      -29980.347   -29988.555        8.208   329.0     -0.047     -0.839     -0.385     -0.068     -0.348      0.068
98.5000      -29980.481   -29989.197        8.716   349.4      0.402      0.648     -0.865      0.377      0.089      0.274
98.5500      -29980.304   -29988.678        8.373   335.6      0.592      0.240      0.068     -0.013     -0.009      0.406
98.6000      -29980.590   -29988.811        8.221   329.5     -1.352     -0.503     -0.681     -0.383      0.420      0.138
98.6500      -29981.127   -29988.547        7.420   297.4     -0.456     -0.651     -0.512     -0.196     -0.463      0.572
98.7000      -29980.927   -29988.848        7.920   317.5      0.309      0.686      0.277      0.689     -0.628     -0.276
98.7500      -29981.390   -29989.342        7.952   318.7      1.327      0.178      0.619      0.046      0.192      0.276
98.8000      -29981.351   -29989.297        7.946   318.5     -0.204      0.145     -0.680     -0.401     -0.096      0.609
98.8500      -29981.181   -29988.762        7.581   303.9     -0.511      0.190     -0.307     -0.183      0.296     -0.341
98.9000      -29981.043   -29989.066        8.024   321.6     -0.788     -0.304     -0.269      0.088      0.130      0.173
98.9500      -29980.726   -29988.865        8.139   326.3     -0.784     -0.486     -0.101      0.331      0.394     -0.063
99.0000      -29980.565   -29988.055        7.489   300.2     -0.168     -1.420     -2.004      0.308      1.192      0.838
99.0500      -29981.023   -29988.873        7.850   314.7     -0.049      0.379     -0.030      0.048     -0.305     -0.452
99.1000      -29981.042   -29988.592        7.550   302.6     -0.123     -0.068     -0.751      0.062     -0.466     -0.041
99.1500      -29980.737   -29988.744        8.008   321.0     -0.310      0.412     -0.127      0.244     -0.050     -0.391
99.2000      -29980.711   -29988.982        8.271   331.5     -0.115      0.197     -0.581      0.404     -0.063     -0.148
99.2500      -29981.224   -29989.047        7.823   313.6     -0.476     -0.649     -0.053     -0.190      0.156     -0.071
99.3000      -29981.497   -29989.486        7.989   320.2     -0.324     -0.302     -0.172      0.293     -0.453     -0.108
99.3500      -29981.886   -29989.383        7.497   300.5     -0.311      0.948      0.216     -0.313     -0.492      0.124
99.4000      -29981.544   -29989.625        8.081   323.9      1.169      0.214     -0.717     -0.203     -0.667      0.076
99.4500      -29981.624   -29989.930        8.306   332.9     -0.593     -0.510     -0.465      0.320     -0.298     -0.198
99.5000      -29981.652   -29989.652        8.000   320.7     -0.163     -0.557     -1.670      0.300     -0.045      0.102
99.5500      -29981.606   -29989.512        7.906   316.9     -0.434     -0.457     -0.145     -0.043     -0.068     -0.061
99.6000      -29981.564   -29989.914        8.350   334.7     -0.702     -0.078     -1.342     -0.248     -0.112      0.260
99.6500      -29981.558   -29989.760        8.202   328.8     -0.273     -0.962     -0.285      0.151      0.277     -0.445
99.7000      -29981.334   -29989.609        8.275   331.7     -0.790     -0.667     -0.556     -0.399      0.072     -0.008
99.7500      -29981.526   -29989.432        7.906   316.9      0.006      0.273     -0.181      0.067      0.091     -0.357
99.8000      -29981.291   -29989.010        7.719   309.4      0.135     -0.290      0.741     -0.207     -0.294      0.129
99.8500      -29981.073   -29989.227        8.153   326.8     -0.167      1.017     -1.086      0.279      0.015      0.085
99.9000      -29981.026   -29989.197        8.172   327.6     -0.645     -0.528      0.357     -0.062     -0.056     -0.254
99.9500      -29980.925   -29988.469        7.544   302.4     -0.511      0.004      0.073      0.961      0.098      0.621
100.0000     -29980.919   -29989.340        8.421   337.6     -0.821     -0.230      0.719     -0.515      0.213     -0.087
100.0500     -29980.955   -29989.025        8.071   323.5      0.165      0.170      0.394      0.333     -0.343      0.144
100.1000     -29981.042   -29989.105        8.063   323.2     -0.074     -0.375     -0.769      0.119      0.606      0.177
100.1500     -29980.213   -29988.617        8.404   336.9      0.230      0.898      0.974      0.041      0.166      0.024
100.2000     -29979.861   -29987.979        8.118   325.4      0.267     -0.150      0.379      0.403      0.110     -0.523
100.2500     -29980.046   -29988.461        8.415   337.3      0.097      0.168     -0.263      0.020      0.152      0.021
100.3000     -29980.190   -29989.729        9.538   382.3      0.482      0.713     -0.121     -0.339      0.179     -0.378
100.3500     -29980.088   -29988.678        8.589   344.3     -0.111     -0.070     -0.223      0.126      0.110      0.137
100.4000     -29979.986   -29988.771        8.785   352.2     -0.411     -0.706     -0.491     -0.628     -0.464      0.144
100.4500     -29980.412   -29988.607        8.196   328.5      0.809      0.194      0.348      0.174      0.299     -0.166
100.5000     -29980.463   -29989.314        8.852   354.8      0.083     -0.531      0.329     -0.524     -0.253      0.042
100.5500     -29980.217   -29989.131        8.914   357.3     -0.391     -0.013     -0.377     -0.492     -0.260      0.335
100.6000     -29980.391   -29988.744        8.353   334.8     -0.182      0.075     -0.231     -0.040     -0.036      0.154
100.6500     -29980.567   -29988.365        7.798   312.6     -0.440      0.200     -0.452      0.053      0.162      0.291
100.7000     -29980.110   -29988.936        8.826   353.8      0.556     -0.499      0.484     -0.253      0.144      0.259
100.7500     -29979.654   -29988.424        8.770   351.5     -0.367     -0.412      0.211     -0.068     -0.083     -0.256
100.8000     -29980.026   -29988.422        8.396   336.6      1.023      0.935     -0.193     -0.089     -0.081      0.257
100.8500     -29979.626   -29988.318        8.692   348.4     -0.562     -0.605     -0.051     -0.302     -0.049      0.075
100.9000     -29979.868   -29987.617        7.749   310.6      0.392      0.050     -0.563      0.005     -0.030      0.045
100.9500     -29979.461   -29987.850        8.388   336.2      0.400      0.593     -0.299     -0.052     -0.005     -0.119
101.0000     -29979.236   -29987.895        8.658   347.1     -1.389     -1.158     -0.716     -0.607     -0.312      0.005
101.0500     -29978.861   -29987.443        8.582   344.0      0.038     -0.384     -0.697      0.048     -0.277     -0.177
101.1000     -29979.297   -29987.820        8.524   341.7      0.088     -0.029      0.160     -0.153     -0.464     -0.427
101.1500     -29979.081   -29987.512        8.430   337.9     -1.728     -0.403      0.301     -0.323      0.369     -0.142
101.2000     -29979.206   -29987.650        8.445   338.5      0.770     -0.322      0.074      0.191      0.052     -0.186
101.2500     -29978.877   -29987.521        8.644   346.5      0.269     -0.279     -0.732      0.236      0.147     -0.028
101.3000     -29979.268   -29987.275        8.008   321.0      0.730     -0.035     -0.184      0.427     -0.195     -0.103
101.3500     -29980.173   -29988.211        8.038   322.2      0.723      0.311      0.574     -0.012     -0.056      0.242
101.4000     -29980.159   -29987.932        7.773   311.6      0.034      0.078      0.120     -0.311      0.132      0.250
101.4500     -29979.843   -29988.527        8.684   348.1      0.324      0.090     -1.178      0.467      0.284     -0.211
101.5000     -29979.792   -29988.447        8.655   346.9      0.097     -0.076     -0.362      0.162      0.415     -0.187
101.5500     -29980.270   -29987.916        7.646   306.5     -0.088      0.046     -0.861      0.150     -0.132     -0.134
101.6000     -29980.263   -29988.633        8.370   335.5     -0.878     -0.716     -1.026      0.639      0.456      0.223
101.6500     -29980.282   -29988.289        8.007   321.0     -0.592     -0.512     -0.951      0.084      0.706     -0.638
101.7000     -29980.775   -29988.912        8.137   326.2     -0.449     -0.386     -0.809      0.587     -0.274     -0.477
101.7500     -29980.918   -29989.109        8.191   328.3     -0.276      0.369     -0.867     -0.005      0.543     -0.115
101.8000     -29980.989   -29988.459        7.470   299.4      0.257     -0.336     -0.110      0.065      0.268     -0.531
101.8500     -29980.834   -29989.080        8.246   330.5     -1.122     -0.247     -0.561      0.379      0.048     -0.216
101.9000     -29980.697   -29988.752        8.055   322.9      0.048     -0.170     -0.781      0.140     -0.298     -0.509
101.9500     -29981.204   -29988.777        7.573   303.6     -0.868     -0.689      0.015     -0.098     -0.193      0.018
102.0000     -29981.111   -29989.592        8.480   339.9      0.370     -0.246      0.099      0.176     -0.140     -0.039
102.0500     -29981.313   -29988.729        7.416   297.3     -0.604      0.463     -0.399     -0.205      0.266      0.496
102.1000     -29981.391   -29989.783        8.392   336.4     -0.127      0.708      0.318      1.003     -0.074      0.512
102.1500     -29981.388   -29989.861        8.474   339.7     -0.403     -0.252     -1.091      0.401     -0.479     -0.059
102.2000     -29982.006   -29989.398        7.393   296.3      0.316     -0.134     -0.230      0.012     -0.219      0.126
102.2500     -29981.956   -29988.941        6.985   280.0     -0.049     -0.093     -0.354     -0.176      0.321     -0.172
102.3000     -29982.140   -29989.402        7.262   291.1      0.978      0.342      0.257      0.207     -0.302     -0.216
102.3500     -29981.617   -29989.115        7.498   300.5      0.271     -0.848     -0.451     -0.524      0.578      0.514
102.4000     -29981.397   -29988.979        7.581   303.9     -0.311     -0.975     -0.235      0.091      0.213      0.299
102.4500     -29981.349   -29989.576        8.227   329.8     -0.792      0.220      0.199     -0.334     -0.191      0.282
102.5000     -29980.860   -29989.002        8.142   326.4     -0.536     -1.126     -1.434      0.409      0.527      0.253
102.5500     -29981.123   -29989.832        8.709   349.1     -0.913     -1.314     -0.511      0.011      0.504     -0.158
102.6000     -29981.469   -29988.879        7.410   297.0     -1.580     -1.133     -0.132     -0.008     -0.558     -0.009
102.6500     -29981.414   -29989.838        8.424   337.7     -0.935     -0.710     -1.340     -0.091     -0.064      0.532
102.7000     -29981.037   -29989.189        8.153   326.8     -0.435      0.018     -0.581      0.057      0.255      0.161
102.7500     -29980.966   -29989.004        8.038   322.2     -1.804     -1.994     -0.815      0.522      0.187     -0.159
102.8000     -29981.701   -29990.072        8.372   335.6     -0.714     -0.007      0.177     -0.490     -0.113      0.119
102.8500     -29981.852   -29990.201        8.350   334.7     -1.119     -1.372     -0.940      0.027     -0.300     -0.094
102.9000     -29981.697   -29989.438        7.740   310.3     -0.001     -0.319      0.064     -0.267      0.536     -0.257
102.9500     -29981.661   -29989.617        7.956   318.9      0.310      0.077     -0.760     -0.036     -0.403      0.727
103.0000     -29981.517   -29989.109        7.593   304.3     -0.137     -0.668     -0.524     -0.237     -0.382     -0.004
103.0500     -29980.618   -29989.199        8.581   344.0     -0.645      0.201     -0.436      0.486     -0.348      0.140
103.1000     -29980.401   -29988.555        8.154   326.9      0.325     -0.646     -0.268      0.169      0.648      0.273
103.1500     -29980.459   -29989.180        8.721   349.6     -0.264      0.589     -1.098      0.195      0.131      0.359
103.2000     -29980.112   -29988.938        8.826   353.8     -0.272     -0.609     -0.611      0.385      0.495     -0.513
103.2500     -29980.331   -29989.361        9.030   362.0     -0.079     -0.730      0.176     -0.023     -0.287     -0.037
103.3000     -29980.189   -29988.828        8.639   346.3     -0.986      0.103     -0.260     -0.109     -0.521      0.334
103.3500     -29979.534   -29988.406        8.872   355.6      0.201     -1.265     -0.439      0.098     -0.349     -0.072
103.4000     -29979.927   -29987.977        8.050   322.7     -0.377      0.215     -1.056      0.205     -0.061     -0.213
103.4500     -29979.834   -29987.561        7.727   309.7      0.221     -0.812      0.075      0.523      0.304     -0.138
103.5000     -29979.669   -29988.432        8.763   351.3      0.025     -0.594     -0.122     -0.213      0.359      0.182
103.5500     -29979.389   -29988.025        8.637   346.2      0.284      0.450     -0.080     -0.629      0.683      0.673
103.6000     -29979.715   -29987.955        8.240   330.3      0.854     -0.014      0.295     -0.227     -0.034     -0.248
103.6500     -29979.184   -29988.773        9.589   384.4      0.108     -0.561     -0.109     -0.076      0.609     -0.206
103.7000     -29979.437   -29988.141        8.703   348.9     -0.314      0.555      0.083     -0.100     -0.421      0.576
103.7500     -29979.573   -29988.182        8.609   345.1      0.721     -0.644      0.334      0.854      0.107     -0.830
103.8000     -29979.863   -29988.350        8.487   340.2     -0.720      0.247     -0.172     -0.407     -0.275      0.422
103.8500     -29979.828   -29988.953        9.125   365.8      0.158     -1.006     -0.028     -0.105      0.519     -0.622
103.9000     -29980.389   -29988.627        8.238   330.2     -0.260     -0.361     -0.661      0.068     -0.365      0.166
103.9500     -29980.049   -29988.287        8.238   330.2      0.285     -0.096      0.178      0.087     -0.414     -0.084
104.0000     -29980.091   -29988.846        8.755   350.9      0.283     -0.350     -0.472      0.063      0.034     -0.061
104.0500     -29980.049   -29988.465        8.416   337.4     -0.237     -0.520     -1.696      0.366      0.410     -0.103
104.1000     -29979.751   -29987.971        8.220   329.5      0.627      0.173      0.880     -0.072      0.487     -0.181
104.1500     -29979.634   -29988.113        8.479   339.9     -0.238      0.878     -0.611     -0.050      0.320      0.192
104.2000     -29979.567   -29987.725        8.157   327.0     -1.105     -1.513     -1.863      0.049      0.363     -0.116
104.2500     -29979.158   -29988.670        9.512   381.3      0.159     -0.374     -0.915      0.136      0.175      0.710
104.3000     -29979.104   -29989.008        9.904   397.0      0.086     -0.334     -1.371     -0.241      0.367     -0.552
104.3500     -29979.650   -29988.254        8.604   344.9     -0.894     -0.748      0.150      0.126     -0.090      0.288
104.4000     -29980.172   -29989.008        8.836   354.2     -0.345     -0.184     -0.421     -0.018     -0.862      0.106
104.4500     -29980.029   -29988.857        8.828   353.9     -0.452     -0.976      0.051     -0.024      0.406      0.078
104.5000     -29980.188   -29988.543        8.355   334.9     -1.254     -0.028     -0.753      1.009      0.165      0.310
104.5500     -29980.220   -29989.082        8.862   355.2     -1.049     -0.664     -0.293     -0.415      0.178     -0.077
104.6000     -29980.219   -29989.312        9.093   364.5     -0.353     -0.269      0.208      0.454      0.070     -0.359
104.6500     -29979.993   -29988.771        8.779   351.9      0.143      0.159     -0.577      0.252      0.105     -0.528
104.7000     -29979.866   -29988.957        9.091   364.4     -1.589     -1.462     -0.442      0.253      0.322      0.122
104.7500     -29980.321   -29988.551        8.230   329.9      1.026      0.380     -0.072      0.321      0.354     -0.078
104.8000     -29980.378   -29988.803        8.425   337.7     -0.636     -0.447     -1.021      0.357      0.047      0.083
104.8500     -29980.977   -29989.520        8.543   342.4      1.483     -0.239     -0.278     -0.300      0.200     -0.154
104.9000     -29981.188   -29988.855        7.668   307.4      0.058      0.839     -0.228     -0.056     -0.239      0.300
104.9500     -29981.157   -29988.941        7.785   312.0     -0.501     -0.490     -0.316      0.172      0.491     -0.322
105.0000     -29981.205   -29988.377        7.172   287.5      0.190      1.106      0.300      0.112     -0.746      0.078
105.0500     -29981.172   -29988.627        7.455   298.8      0.312      0.480      0.321     -0.152      0.313      0.170
105.1000     -29980.978   -29988.877        7.899   316.6      0.261     -0.418      0.076     -0.369     -0.091     -0.174
105.1500     -29980.967   -29988.869        7.902   316.8      0.025     -0.019     -0.470      0.235     -0.018      0.311
105.2000     -29980.765   -29989.023        8.259   331.1     -0.184      0.417     -0.023      0.137      0.446      0.368
105.2500     -29980.882   -29988.871        7.989   320.2      0.201     -0.418      0.416      0.449     -0.290      0.218
105.3000     -29980.269   -29988.195        7.927   317.7     -0.568      0.009     -0.769      0.657      0.012      0.234
105.3500     -29980.598   -29989.047        8.448   338.7     -1.093     -0.829     -1.551      0.623      0.851     -0.204
105.4000     -29980.600   -29989.242        8.642   346.4     -0.443     -1.021     -0.836     -0.318      0.636     -0.475
105.4500     -29980.548   -29988.979        8.431   337.9     -0.984     -0.616      0.572      0.313     -0.328      0.324
105.5000     -29980.564   -29988.646        8.082   324.0      0.009     -0.180     -0.522     -0.530      0.438      0.418
105.5500     -29980.791   -29988.883        8.092   324.4     -0.272      0.358     -0.346     -0.059      0.189      0.318
105.6000     -29980.449   -29988.541        8.092   324.3     -0.659     -1.804     -0.591     -0.160     -0.030     -0.231
105.6500     -29979.869   -29988.908        9.039   362.3     -0.602     -0.198     -0.551     -0.768      0.441      0.486
105.7000     -29980.136   -29988.986        8.850   354.8     -0.587      0.322      0.220      0.067     -0.403     -0.458
105.7500     -29980.080   -29988.613        8.533   342.1      0.027      0.703      0.007     -0.101     -0.369     -0.220
105.8000     -29980.601   -29988.693        8.092   324.4     -0.660     -0.288     -0.489     -0.558     -0.185     -0.561
105.8500     -29980.757   -29989.445        8.688   348.3     -0.133     -0.559      0.043      0.090      0.042     -0.238
105.9000     -29981.257   -29989.299        8.042   322.4      0.134      0.119     -0.120      0.028     -0.470      0.186
105.9500     -29980.766   -29989.521        8.755   351.0     -0.766     -0.841     -0.220     -0.113      0.493     -0.167
106.0000     -29981.054   -29989.613        8.559   343.1     -0.782     -1.153     -0.546      0.152      0.294      0.203
106.0500     -29981.727   -29989.918        8.191   328.3     -0.410     -0.173     -0.387     -0.716     -0.274      0.126
106.1000     -29981.512   -29989.324        7.812   313.2     -1.270     -0.466      0.169      0.030      0.242     -0.112
106.1500     -29981.115   -29989.828        8.714   349.3     -0.108     -0.014      0.351      0.327      0.069     -0.441
106.2000     -29980.909   -29989.199        8.290   332.3      0.575     -0.768     -0.283     -0.497      0.082      0.363
106.2500     -29981.205   -29989.697        8.492   340.4     -1.196     -1.021      0.151     -0.215      0.411      0.047
106.3000     -29981.115   -29990.102        8.986   360.2     -0.244     -0.787     -0.646      0.124     -0.357     -0.102
106.3500     -29981.102   -29989.311        8.209   329.1      0.563     -0.045      0.227     -0.466      0.021      0.004
106.4000     -29980.698   -29988.826        8.129   325.8      0.359      0.291      0.605     -0.150      0.586      0.206
106.4500     -29981.154   -29988.508        7.354   294.8     -0.350      0.104      0.263     -0.278      0.482     -0.023
106.5000     -29980.910   -29988.949        8.040   322.3      0.452     -0.128     -0.141     -0.367     -0.081     -0.102
106.5500     -29980.724   -29989.238        8.514   341.3     -0.242     -1.616      0.862     -0.248      0.263     -0.467
106.6000     -29980.727   -29989.084        8.357   335.0     -0.176     -0.587     -1.131     -0.050      0.507     -0.201
106.6500     -29980.579   -29989.414        8.835   354.2     -0.334     -1.289     -0.018      0.341     -0.390     -0.238
106.7000     -29980.355   -29988.566        8.211   329.1     -0.489     -0.116     -0.381     -0.461      0.141     -0.417
106.7500     -29980.750   -29989.338        8.588   344.2     -0.555     -1.116     -0.657     -0.438     -0.192      0.277
106.8000     -29980.218   -29988.842        8.623   345.7     -0.086     -0.076     -0.780     -0.174      0.165      0.175
106.8500     -29979.797   -29988.561        8.763   351.3     -0.558     -0.598      0.131      0.309     -0.450      0.037
106.9000     -29980.045   -29988.365        8.320   333.5     -0.712     -0.519     -1.157      0.424      0.418      0.216
106.9500     -29980.216   -29988.443        8.227   329.8     -0.236     -0.930     -0.874      0.307     -0.102      0.017
107.0000     -29980.701   -29988.572        7.871   315.5     -1.445      0.042      0.137     -0.050     -0.161     -0.051
107.0500     -29981.090   -29989.340        8.250   330.7      0.120      0.390      0.583      0.180     -0.426      0.066
107.1000     -29981.301   -29989.643        8.341   334.4     -1.206      0.186     -0.439     -0.286      0.314      0.121
107.1500     -29981.532   -29989.182        7.649   306.6     -0.187     -0.860     -0.892      0.444      0.102     -0.245
107.2000     -29981.108   -29990.143        9.035   362.1     -0.678     -0.465     -0.575      0.226     -0.471     -0.065
107.2500     -29981.633   -29989.705        8.072   323.6     -0.201      0.244     -0.259      0.301     -0.781      0.054
107.3000     -29981.665   -29989.084        7.419   297.4      0.604     -0.171     -0.841      0.031     -0.227     -0.135
107.3500     -29981.229   -29989.562        8.333   334.0      0.203      0.213      0.443      0.043     -0.190      0.013
107.4000     -29981.917   -29989.947        8.030   321.9     -0.942     -0.483      0.287     -0.354      0.061     -0.363
107.4500     -29982.191   -29989.797        7.606   304.9     -0.354     -0.301     -0.104      0.041      0.259      0.259
107.5000     -29981.681   -29989.635        7.954   318.8     -0.195     -0.288     -0.491     -0.069     -0.075      0.236
107.5500     -29980.882   -29989.066        8.184   328.1      0.069     -0.836     -0.735     -0.213      0.121      0.346
107.6000     -29981.084   -29989.525        8.442   338.4      0.058     -0.144      0.293      0.365      0.179     -0.153
107.6500     -29981.341   -29989.057        7.715   309.3      0.454     -0.046     -0.277     -0.021      0.067      0.601
107.7000     -29981.035   -29989.070        8.035   322.1     -0.039     -0.634      0.316      0.189     -0.102     -0.432
107.7500     -29981.260   -29988.928        7.667   307.3      0.278      0.395      0.417      0.176     -0.277      0.135
107.8000     -29981.252   -29988.957        7.705   308.9     -0.934     -1.325     -1.140     -0.133      0.070     -0.120
107.8500     -29980.701   -29988.740        8.039   322.2      0.676      0.358     -0.059      0.549     -0.079     -0.077
107.9000     -29980.729   -29988.938        8.209   329.1     -0.376      0.906      0.120      0.039     -0.091     -0.371
107.9500     -29980.470   -29989.088        8.618   345.4     -0.189     -0.278     -0.804      0.171     -0.511     -0.133
108.0000     -29980.602   -29988.477        7.874   315.6     -0.199     -1.048     -0.346      0.202      0.152      0.195
108.0500     -29980.601   -29988.430        7.829   313.8     -0.889     -0.047     -0.852     -0.383     -0.033      0.265
108.1000     -29980.454   -29988.605        8.151   326.7      0.114      1.044     -0.056     -0.351      0.244     -0.176
108.1500     -29980.597   -29988.846        8.249   330.7      1.667      0.732      0.165      0.436     -0.343      0.142
108.2000     -29980.389   -29988.621        8.232   330.0     -0.350     -1.286     -0.594     -0.736      0.437      0.105
108.2500     -29979.796   -29988.717        8.921   357.6     -1.204      0.300     -0.559     -0.006     -0.444     -0.322
108.3000     -29980.265   -29989.070        8.806   353.0      0.232     -0.154     -0.015     -0.637     -0.522     -0.134
108.3500     -29980.592   -29988.852        8.259   331.1      0.312     -0.678     -0.471      0.306      0.037     -0.293
108.4000     -29980.095   -29988.447        8.352   334.8      0.272     -0.871     -0.927     -0.629      0.657      0.098
108.4500     -29979.990   -29988.414        8.424   337.7      0.454     -0.478     -0.443     -0.093     -0.234     -0.175
108.5000     -29979.841   -29988.537        8.696   348.6      0.657      0.216     -0.748     -0.344     -0.196      0.059
108.5500     -29980.106   -29988.793        8.687   348.2      0.904     -0.664      0.323      0.417      0.648      0.740
108.6000     -29980.301   -29988.578        8.277   331.8     -0.222      0.646      0.047      0.350      0.239     -0.301
108.6500     -29979.713   -29988.537        8.825   353.7     -0.237     -0.038      0.309     -0.214     -0.138     -0.103
108.7000     -29979.848   -29988.113        8.266   331.3      0.038     -0.783     -0.753     -0.285      0.437     -0.021
108.7500     -29980.073   -29988.141        8.068   323.4     -0.524      0.461      0.217     -0.140     -0.082     -0.116
108.8000     -29980.373   -29988.307        7.933   318.0     -0.275      0.153     -0.012      0.629      0.096      0.119
108.8500     -29979.437   -29988.785        9.348   374.7      0.594     -0.336     -0.184     -0.266      0.212      0.296
108.9000     -29979.596   -29987.977        8.381   336.0     -1.347     -0.435     -0.133      0.448     -0.224      0.166
108.9500     -29979.420   -29987.650        8.230   329.9      0.794      0.168      0.693     -0.160      0.355     -0.987
109.0000     -29979.381   -29987.422        8.041   322.3     -0.361     -0.022     -0.610     -0.435     -0.374      0.115
109.0500     -29978.867   -29987.070        8.203   328.8      0.968     -0.517      0.279      0.155      0.578     -0.276
109.1000     -29979.170   -29987.602        8.432   338.0     -0.607     -0.056      0.649      0.162      0.430     -0.004
109.1500     -29979.258   -29989.070        9.812   393.3     -0.867     -0.123     -0.615     -0.043     -0.661      0.249
109.2000     -29979.087   -29988.562        9.476   379.8      0.346     -0.023      0.381      0.550      0.498      0.179
109.2500     -29978.906   -29988.189        9.284   372.1     -1.142     -0.431     -0.283     -0.599     -0.223     -0.085
109.3000     -29979.315   -29988.031        8.717   349.4      0.665      0.053      0.210      0.117     -0.079      0.465
109.3500     -29979.330   -29988.062        8.733   350.0     -0.545     -0.135     -0.221     -0.047      0.141      0.105
109.4000     -29979.400   -29988.920        9.520   381.6      0.303      1.012      0.449     -0.001      0.346      0.231
109.4500     -29979.297   -29987.469        8.171   327.5      0.482     -0.166      0.885      0.344      0.224      0.257
109.5000     -29979.493   -29987.998        8.505   340.9      0.036      0.165      0.350      0.264     -0.143      0.288
109.5500     -29979.816   -29988.266        8.450   338.7      0.647      0.866      0.060     -0.643     -0.047      0.016
109.6000     -29980.117   -29988.623        8.507   341.0      0.143      0.443     -0.056      0.165      0.023      0.758
109.6500     -29980.227   -29988.619        8.392   336.4     -0.103      0.021     -0.511     -0.108      0.146     -0.352
109.7000     -29980.149   -29988.869        8.721   349.6     -0.733      0.164     -0.107     -0.931     -0.181      0.249
109.7500     -29980.152   -29988.457        8.305   332.9     -0.491     -0.476     -0.532      0.702     -0.285      0.082
109.8000     -29980.178   -29987.688        7.509   301.0      0.774     -1.538     -0.122      0.243      0.174     -0.014
109.8500     -29979.840   -29987.406        7.567   303.3     -0.554     -2.119     -1.343      0.214      0.514      0.035
109.9000     -29979.728   -29987.836        8.108   325.0     -0.506     -0.460     -0.731     -0.286      0.022      0.195
109.9500     -29979.589   -29988.020        8.430   337.9     -0.240     -0.297     -0.087     -0.024     -0.093     -0.616
110.0000     -29979.291   -29987.609        8.318   333.4     -0.358     -0.151      0.026      0.304      0.307     -0.403
110.0500     -29979.446   -29987.887        8.441   338.3     -0.614      0.256      0.845     -0.220     -0.466     -0.003
110.1000     -29979.696   -29988.279        8.584   344.1     -0.038      0.960     -0.139      0.304      0.052      0.026
110.1500     -29979.898   -29987.910        8.012   321.2     -0.192      0.458     -0.558      0.103     -0.318      0.211
110.2000     -29979.430   -29987.975        8.544   342.5     -0.179      0.269     -0.601     -0.239     -0.383     -0.472
110.2500     -29979.269   -29987.352        8.082   324.0     -0.471     -0.372     -0.095      0.426      0.025     -0.098
110.3000     -29979.514   -29987.854        8.339   334.3      0.256     -0.373      0.198     -0.771     -0.396     -0.019
110.3500     -29979.823   -29988.338        8.514   341.3     -0.862      0.840     -1.017      0.104     -0.287      0.160
110.4000     -29980.286   -29988.285        7.999   320.6      0.287     -1.157     -0.159      0.309     -0.330     -0.086
110.4500     -29980.085   -29988.521        8.437   338.2     -0.568      0.465      0.000      0.381     -0.089     -0.599
110.5000     -29980.239   -29988.129        7.890   316.3     -0.342     -0.085     -0.474     -0.235      0.071     -0.164
110.5500     -29980.130   -29988.197        8.067   323.4     -0.367      0.550      0.600     -0.052      0.363      0.082
110.6000     -29980.370   -29988.699        8.329   333.9     -0.678     -0.831      0.343      0.256      0.201      0.077
110.6500     -29980.793   -29988.703        7.910   317.1      0.131      0.035     -0.490      0.601     -0.184     -0.065
110.7000     -29981.129   -29988.977        7.848   314.6      0.325      0.038     -0.327     -1.018      0.279     -0.069
110.7500     -29980.365   -29988.670        8.305   332.9     -1.339     -0.438     -0.596      0.068      0.064      0.250
110.8000     -29980.250   -29988.871        8.621   345.6     -0.325     -0.220      0.020     -0.131     -0.585      0.022
110.8500     -29980.727   -29988.232        7.506   300.9      0.713      0.754      0.225      0.009      0.251     -0.125
110.9000     -29981.344   -29988.990        7.646   306.5      0.022      0.194      0.427     -0.037      0.293     -0.103
110.9500     -29981.340   -29989.539        8.199   328.7     -0.530     -0.606     -0.430      0.433      0.161     -0.584
111.0000     -29981.389   -29989.297        7.908   317.0     -0.598     -0.609      0.416     -0.325      0.800      0.491
111.0500     -29981.518   -29988.863        7.345   294.4     -0.477     -0.076     -0.353      0.139      0.295     -0.074
111.1000     -29981.461   -29989.293        7.832   313.9     -0.335     -0.960      0.006      0.489      0.203      0.376
111.1500     -29981.162   -29988.586        7.424   297.6     -0.957     -1.233     -0.834      0.133     -0.293     -0.257
111.2000     -29981.373   -29988.863        7.490   300.2     -0.713     -0.941     -0.428      0.525      0.106      0.223
111.2500     -29981.073   -29988.355        7.283   291.9     -0.503     -0.377      0.031     -0.342     -0.238     -0.146
111.3000     -29980.805   -29988.352        7.547   302.5     -1.236      0.002     -1.040     -0.318      0.128      0.008
111.3500     -29980.884   -29989.000        8.116   325.3     -0.179     -0.240      0.235     -0.239      0.164     -0.211
111.4000     -29980.845   -29989.215        8.370   335.5     -0.707     -0.149      0.275      0.149     -0.280     -0.845
111.4500     -29981.219   -29989.369        8.150   326.7     -0.315      0.109     -0.788      0.135     -0.260     -0.452
111.5000     -29980.851   -29988.830        7.979   319.8     -0.402     -0.270     -0.001      0.484      0.048      0.459
111.5500     -29980.994   -29989.199        8.205   328.9     -0.540      0.487      0.270      0.057      0.114      0.753
111.6000     -29980.893   -29988.781        7.888   316.2     -0.204     -0.282     -0.061      0.446      0.046     -0.039
111.6500     -29981.003   -29988.629        7.626   305.7     -0.074     -0.667     -1.218     -0.213      0.194      0.242
111.7000     -29981.102   -29989.797        8.695   348.5     -0.012      0.072     -0.576      0.197      0.045      0.145
111.7500     -29980.627   -29989.072        8.445   338.5     -0.232     -0.252     -0.187      0.487     -0.241     -0.128
111.8000     -29980.543   -29988.387        7.844   314.4     -0.036     -0.002      0.290     -0.292     -0.445      0.109
111.8500     -29980.421   -29988.625        8.204   328.9      0.026      0.016     -1.244     -0.279     -0.208      0.629
111.9000     -29980.727   -29989.283        8.557   343.0     -0.140     -0.148     -1.271     -0.417     -0.758      0.490
111.9500     -29980.551   -29989.648        9.098   364.7      0.341      0.000      0.189     -0.120     -0.111     -0.005
112.0000     -29980.825   -29989.203        8.378   335.8      0.716     -0.166     -0.214     -0.072      0.401     -0.034
112.0500     -29981.053   -29989.287        8.234   330.1      0.210     -0.856      0.479     -0.382      0.586     -0.107
112.1000     -29980.509   -29989.113        8.604   344.9     -0.304      0.027     -0.601      0.223      0.070     -0.206
112.1500     -29980.958   -29989.457        8.499   340.7     -0.732     -0.129     -0.691     -0.210     -0.344      0.296
112.2000     -29980.920   -29989.037        8.117   325.4     -0.141     -1.192      0.048     -0.471      0.229     -0.968
112.2500     -29980.911   -29989.184        8.273   331.6     -0.791     -0.825      0.111     -0.085      0.214      0.356
112.3000     -29980.838   -29989.289        8.451   338.8      0.776     -0.491     -0.576     -0.259     -0.664     -0.153
112.3500     -29981.028   -29989.625        8.597   344.6     -0.907     -0.830     -0.757      0.375      0.972      0.006
112.4000     -29980.681   -29988.691        8.011   321.1     -0.174     -0.095     -0.583      0.205     -0.253      0.093
112.4500     -29980.495   -29988.709        8.214   329.3     -0.052      0.267      0.229     -0.117      0.059     -0.341
112.5000     -29980.263   -29988.527        8.265   331.3     -0.737      0.046     -0.553      0.288      0.367      0.380
112.5500     -29980.136   -29988.514        8.378   335.8      0.587      0.126      0.826     -0.355     -0.531     -0.276
112.6000     -29979.824   -29988.105        8.281   331.9     -1.248      0.118     -1.088     -0.119     -0.437      0.253
112.6500     -29979.878   -29988.270        8.392   336.4      0.212     -0.388      0.064     -0.293      0.450      0.035
112.7000     -29979.844   -29988.178        8.334   334.1     -0.946      0.122     -0.656      0.326      0.564      0.194
112.7500     -29979.616   -29987.629        8.013   321.2     -0.203     -0.329     -0.554     -0.327      0.585     -0.664
112.8000     -29980.468   -29989.305        8.837   354.2      0.138     -0.335     -0.950      0.233      0.248      0.233
112.8500     -29980.186   -29988.332        8.146   326.5      0.163     -1.000     -0.190      0.171     -0.352      0.307
112.9000     -29980.527   -29988.637        8.110   325.1     -0.254      0.316     -0.142     -0.268      0.809      0.406
112.9500     -29980.318   -29988.500        8.182   328.0      0.378      1.291      0.268     -0.354     -0.005     -0.312
113.0000     -29980.433   -29989.316        8.883   356.1     -0.383     -0.603      0.804      0.386     -0.143      0.321
113.0500     -29980.368   -29988.432        8.064   323.2     -0.367     -0.519     -1.575     -0.421     -0.012     -0.016
113.1000     -29980.967   -29988.896        7.930   317.9      0.332     -0.538      0.731     -0.625     -0.209      0.314
113.1500     -29980.778   -29989.268        8.490   340.3     -0.464     -0.660     -0.523     -0.108      0.110      0.485
113.2000     -29980.343   -29988.465        8.122   325.6     -0.620     -0.104     -1.030     -0.068      0.197     -0.040
113.2500     -29980.126   -29988.221        8.094   324.5     -0.485      0.298      0.384     -0.789      0.288      0.322
113.3000     -29980.006   -29988.047        8.041   322.3     -0.595      0.201      0.132     -0.246     -0.390     -0.370
113.3500     -29980.311   -29988.289        7.978   319.8      0.316      0.418      0.636      0.074      0.263      0.441
113.4000     -29980.230   -29988.027        7.798   312.6      0.905      0.945      0.180     -0.064     -0.409     -0.227
113.4500     -29980.457   -29988.365        7.909   317.0     -0.312      0.087      0.113      0.182     -0.498     -0.164
113.5000     -29980.309   -29988.365        8.056   322.9      0.354      0.591      0.105      0.054     -0.030      0.061
113.5500     -29979.810   -29988.553        8.743   350.5      0.201     -0.239      0.394      0.019      0.083     -0.264
113.6000     -29979.699   -29987.906        8.207   329.0      0.407     -0.090     -0.201     -0.575      0.374      0.012
113.6500     -29979.259   -29987.629        8.369   335.5      0.136      0.628      0.290      0.005      0.165     -0.325
113.7000     -29980.019   -29988.273        8.254   330.9     -0.046      0.236      0.675      0.135     -0.170     -0.498
113.7500     -29980.288   -29987.740        7.452   298.7     -0.561      0.520     -0.615     -0.531      0.145      0.239
113.8000     -29980.005   -29988.162        8.157   327.0      0.553     -0.711     -0.631     -0.151      0.350      0.331
113.8500     -29980.567   -29987.859        7.293   292.3     -0.421     -0.092     -0.933      0.291     -0.451     -0.647
113.9000     -29979.897   -29988.217        8.320   333.5     -0.031     -1.411     -0.357     -0.089     -0.340      0.719
113.9500     -29980.106   -29988.473        8.367   335.4     -0.993      0.392      0.134     -0.132     -0.449      0.165
114.0000     -29980.323   -29989.115        8.792   352.4     -0.164     -0.684     -1.152     -0.314      0.510     -0.277
114.0500     -29980.485   -29988.760        8.275   331.7      0.313     -0.092     -0.521     -0.103     -0.031     -0.080
114.1000     -29979.981   -29988.357        8.376   335.8      0.484     -0.917     -0.294      0.309      0.371      0.288
114.1500     -29980.581   -29989.256        8.675   347.7      0.537      0.096      0.554     -0.417      0.240      0.073
114.2000     -29980.636   -29989.041        8.405   336.9     -0.397      0.306     -0.430     -0.072      0.276      0.444
114.2500     -29980.930   -29988.674        7.744   310.4     -0.048      0.325      0.481      0.115      0.311     -0.036
114.3000     -29981.187   -29988.504        7.317   293.3     -0.305      0.108     -0.270      0.072     -0.066      0.145
114.3500     -29980.879   -29989.184        8.305   332.9      0.746      1.023      0.580      0.334      0.717     -0.218
114.4000     -29980.598   -29989.074        8.477   339.8      1.331      0.791      0.081      0.499      0.038      0.223
114.4500     -29980.706   -29988.758        8.052   322.8      0.292     -0.033     -0.203      0.131      0.032      0.505
114.5000     -29980.478   -29989.139        8.661   347.2      0.049      0.130     -0.456     -0.345     -0.250      0.205
114.5500     -29980.861   -29988.664        7.803   312.8      0.382      0.695     -0.194      0.078      0.643      0.101
114.6000     -29980.323   -29988.803        8.479   339.9     -0.326      0.024     -0.067     -0.307      0.130     -0.355
114.6500     -29980.471   -29988.145        7.674   307.6      0.527      0.894     -0.570     -0.373     -0.451     -0.194
114.7000     -29980.967   -29988.758        7.791   312.3      0.017     -0.635     -0.574     -0.231     -0.131     -0.019
114.7500     -29980.884   -29989.543        8.659   347.1     -0.041      0.495     -0.346     -0.320     -0.061     -0.126
114.8000     -29980.740   -29988.736        7.996   320.5      0.108     -0.174     -0.269      0.302     -0.217     -0.525
114.8500     -29980.709   -29988.396        7.687   308.1     -1.219     -0.952     -0.964      0.016      0.436     -0.119
114.9000     -29980.710   -29989.418        8.708   349.1      0.233      0.183      0.211     -0.510      0.258      0.349
114.9500     -29981.016   -29989.148        8.132   326.0      0.804      0.018      0.935      0.419      0.019      0.058
115.0000     -29980.548   -29988.410        7.862   315.1      0.207      0.006     -0.211     -0.015      0.486     -0.227
115.0500     -29980.887   -29989.242        8.355   334.9      0.915     -0.256      0.765      0.056      0.586     -0.055
115.1000     -29980.421   -29988.660        8.239   330.3      0.552      0.914      0.624     -0.509     -0.197     -0.264
115.1500     -29980.285   -29988.131        7.846   314.5     -0.347      0.268     -0.329     -0.435     -0.396      0.309
115.2000     -29980.470   -29988.307        7.836   314.1      0.424      0.351      0.138      0.417     -0.238     -0.508
115.2500     -29980.396   -29989.115        8.719   349.5     -0.060     -0.127      0.151     -0.098     -0.075     -0.421
115.3000     -29980.321   -29988.805        8.483   340.0      0.488      0.185      0.245     -0.688     -0.549      0.017
115.3500     -29980.357   -29988.391        8.034   322.0      0.365      0.195      0.346      0.127     -0.344     -0.101
115.4000     -29980.446   -29988.955        8.509   341.1     -0.015      0.059     -0.294     -0.283     -0.344      0.174
115.4500     -29980.570   -29989.021        8.452   338.8      0.439      0.306     -0.088     -0.076     -0.599     -0.103
115.5000     -29980.546   -29988.609        8.063   323.2      0.329      0.240     -1.024     -0.150     -0.877      0.146
115.5500     -29980.320   -29988.590        8.270   331.5     -0.283     -0.137     -0.134     -0.123      0.345      0.106
115.6000     -29979.846   -29988.756        8.910   357.1     -0.272      0.029     -0.259      0.083      0.143      0.413
115.6500     -29979.798   -29988.811        9.013   361.3     -0.323      0.469      0.048     -0.311     -0.064     -0.632
115.7000     -29979.379   -29987.543        8.164   327.3     -0.759      0.275     -0.037      0.039      0.461      0.563
115.7500     -29979.422   -29987.893        8.471   339.5     -0.246      0.267     -0.447     -0.279     -0.551     -0.153
115.8000     -29979.578   -29988.195        8.618   345.4      0.985     -0.233     -0.212     -0.795      0.196      0.503
115.8500     -29979.832   -29988.453        8.621   345.6      0.190     -0.650     -0.190      0.452     -0.067     -0.067
115.9000     -29980.105   -29988.689        8.585   344.1     -0.414      0.003     -0.448     -0.408     -0.131      0.271
115.9500     -29980.470   -29988.354        7.884   316.0     -0.728     -0.151     -0.963     -0.115     -0.016     -0.333
116.0000     -29980.415   -29988.773        8.358   335.0     -0.501     -0.041     -0.599     -0.843     -0.189     -0.229
116.0500     -29980.559   -29989.650        9.092   364.4     -0.075     -0.624     -0.267     -0.065     -0.483      0.463
116.1000     -29980.897   -29989.301        8.404   336.9     -0.288      0.329     -0.295     -0.053      0.417     -0.320
116.1500     -29980.662   -29988.955        8.293   332.4     -0.432     -1.008     -0.473      0.696      0.167     -0.108
116.2000     -29980.767   -29989.316        8.549   342.7      0.056     -0.173     -0.443     -0.410      0.005      0.316
116.2500     -29981.415   -29989.115        7.700   308.7     -0.710     -0.938     -0.161      0.122     -0.140     -0.618
116.3000     -29981.025   -29988.617        7.593   304.3     -0.435      0.145      0.163     -0.595     -0.162      0.220
116.3500     -29981.008   -29989.535        8.527   341.8      1.143      0.302      0.760     -0.567      0.887      0.332
116.4000     -29981.592   -29989.701        8.110   325.1      0.744     -0.038     -0.592      0.332     -0.368      0.121
116.4500     -29981.214   -29989.904        8.690   348.3     -0.335     -0.187     -0.713     -0.182      0.069     -0.473
116.5000     -29981.117   -29989.541        8.424   337.7     -0.629     -0.374      0.637     -0.478      0.166     -0.027
116.5500     -29981.231   -29988.893        7.661   307.1     -1.251     -0.091     -0.299      0.345     -0.418      0.307
116.6000     -29980.900   -29988.537        7.637   306.1     -0.069     -0.126     -0.163     -0.099     -0.333     -0.286
116.6500     -29980.760   -29988.789        8.029   321.8      0.056     -1.541     -0.588     -0.020      0.163      0.218
116.7000     -29981.096   -29989.281        8.185   328.1      0.084      0.529      0.133      0.081     -0.510      0.360
116.7500     -29981.406   -29989.719        8.313   333.2     -0.566     -0.116     -1.147     -0.717     -0.376      0.042
116.8000     -29980.717   -29989.602        8.884   356.1     -0.073     -0.648      0.210      0.287      0.440      0.024
116.8500     -29980.580   -29988.768        8.187   328.2     -0.774      0.623      0.273     -0.078      0.272     -0.069
116.9000     -29980.732   -29989.070        8.338   334.2      0.114     -0.519      0.176     -0.377      0.121     -0.018
116.9500     -29980.150   -29988.738        8.589   344.3     -0.069      0.340      0.359      0.342     -0.072      0.531
117.0000     -29979.777   -29988.191        8.415   337.3     -0.481     -0.175      0.101     -1.051      0.034      0.091
117.0500     -29980.053   -29988.430        8.377   335.8     -0.226     -0.125     -0.070     -0.083     -0.183     -0.264
117.1000     -29980.011   -29988.684        8.672   347.6     -0.966     -0.489     -1.686      0.280      0.210     -0.242
117.1500     -29979.470   -29988.717        9.247   370.7     -0.209     -0.321     -0.585     -0.066     -0.450      0.293
117.2000     -29979.649   -29988.693        9.045   362.6      0.285      0.144     -0.785     -0.469      0.116      0.217
117.2500     -29978.969   -29988.311        9.341   374.4     -0.015      0.040      0.062      0.323     -0.238     -0.406
117.3000     -29979.119   -29988.000        8.881   356.0     -0.235     -0.242     -0.600     -0.430      0.239     -0.161
117.3500     -29979.619   -29988.488        8.869   355.5     -1.194     -1.274     -0.102     -0.050     -0.150      0.671
117.4000     -29979.918   -29989.254        9.335   374.2     -0.684     -0.885     -0.862      0.112     -0.182     -0.281
117.4500     -29979.877   -29989.137        9.260   371.2     -0.386     -0.734     -1.404     -0.392     -0.164      0.673
117.5000     -29980.087   -29988.811        8.724   349.7     -0.718     -0.378     -0.936      0.345     -0.337     -0.311
117.5500     -29979.485   -29989.039        9.554   383.0      0.281     -0.060     -1.172     -1.117     -0.668      0.489
117.6000     -29979.543   -29988.465        8.922   357.6     -0.919      0.065     -0.006     -0.571      0.220     -0.416
117.6500     -29978.872   -29987.740        8.868   355.5     -0.353      0.262      0.970     -0.309      0.010     -0.227
117.7000     -29978.819   -29988.160        9.342   374.5      0.894     -0.396      0.749      0.094      0.238      0.180
117.7500     -29979.313   -29988.473        9.160   367.2     -0.269      0.788     -0.386      0.243     -0.079     -0.216
117.8000     -29979.179   -29988.357        9.179   367.9      0.290      0.136     -0.038     -0.090     -0.148      0.351
117.8500     -29980.327   -29989.180        8.853   354.9     -0.676     -0.589      0.693     -0.018      0.231     -0.051
117.9000     -29980.743   -29989.104        8.361   335.1     -0.381     -0.479      0.015      0.356     -0.411      0.053
117.9500     -29981.325   -29989.635        8.310   333.1      0.076     -1.366     -0.152      0.147      0.183     -0.421
118.0000     -29981.701   -29990.076        8.376   335.7     -0.771      0.269      0.659     -0.667     -0.267      0.337
118.0500     -29981.669   -29990.029        8.361   335.1      0.396     -0.181     -0.549      0.022      0.014      0.071
118.1000     -29981.285   -29988.822        7.538   302.1     -0.156      0.840      0.828      0.106     -0.107      1.134
118.1500     -29981.630   -29988.945        7.315   293.2     -1.228     -0.766     -0.654     -0.010      0.049     -0.605
118.2000     -29981.467   -29990.051        8.584   344.1     -0.325     -0.323     -1.400     -0.020      0.366     -0.187
118.2500     -29981.798   -29988.682        6.884   275.9     -0.719     -0.555     -1.704     -0.329     -0.322     -0.009
118.3000     -29980.882   -29989.285        8.404   336.9     -0.304     -0.634     -0.280      0.419     -0.275      0.047
118.3500     -29980.908   -29988.693        7.785   312.1      0.375     -0.180     -0.022     -0.191      0.370     -0.016
118.4000     -29981.146   -29988.441        7.295   292.4     -0.983     -0.168     -0.465     -0.694     -0.357     -0.181
118.4500     -29980.910   -29989.035        8.126   325.7      0.328     -0.350      0.545     -0.082     -0.084      0.274
118.5000     -29981.284   -29989.531        8.248   330.6      0.177      0.760      0.610      0.023      0.029     -0.019
118.5500     -29981.868   -29989.920        8.052   322.8     -0.363      0.360      0.409      0.096     -0.536      0.096
118.6000     -29981.640   -29990.023        8.383   336.0      0.267     -0.342     -0.776      0.106      0.227     -0.216
118.6500     -29981.654   -29989.561        7.907   316.9     -0.799     -0.998     -0.290      0.271      0.195     -0.289
118.7000     -29982.125   -29989.646        7.522   301.5     -0.040      0.473      0.130      0.157     -0.083      0.222
118.7500     -29981.870   -29989.885        8.015   321.3     -0.298     -1.067     -0.049     -0.372     -0.571      0.135
118.8000     -29982.105   -29989.793        7.688   308.2     -1.308      0.246     -0.639     -0.153     -0.270      0.038
118.8500     -29981.743   -29989.648        7.905   316.9     -0.728     -1.095     -0.433      0.078      0.046     -0.234
118.9000     -29981.864   -29989.588        7.724   309.6     -0.048     -0.976      0.371     -0.114      0.317     -0.287
118.9500     -29982.039   -29989.307        7.268   291.3     -0.014      0.015     -0.475     -0.028      0.060      0.267
119.0000     -29981.807   -29989.406        7.600   304.6     -1.133     -0.682      0.465     -0.034      0.024     -0.512
119.0500     -29981.546   -29988.863        7.317   293.3      0.533      1.004     -0.574     -0.134      0.250      0.008
119.1000     -29981.370   -29989.637        8.267   331.4     -0.339      0.186      0.887     -0.026      0.251     -0.464
119.1500     -29981.121   -29989.154        8.034   322.0      0.360      0.293     -0.714     -0.085     -0.247      0.370
119.2000     -29981.670   -29989.805        8.134   326.1     -0.626     -0.001     -0.173     -0.243      0.208     -0.209
119.2500     -29981.697   -29990.176        8.478   339.9      0.280      0.295      0.848     -0.160      0.605      0.329
119.3000     -29981.624   -29989.033        7.409   297.0      0.793      0.208      0.006      0.164      0.021     -0.258
119.3500     -29981.546   -29989.195        7.649   306.6     -0.516      0.085     -1.170      0.091     -0.070     -0.132
119.4000     -29981.249   -29988.785        7.536   302.1      0.188     -0.546     -0.023     -0.286      0.036     -0.149
119.4500     -29981.338   -29989.068        7.731   309.9      0.441      0.402     -0.730     -0.130      0.099     -0.095
119.5000     -29981.385   -29989.309        7.923   317.6      0.306      0.763     -0.670     -0.022     -0.089      0.491
119.5500     -29981.154   -29989.021        7.868   315.4     -0.576     -0.191      0.080     -0.189     -0.482     -0.266
119.6000     -29980.567   -29988.576        8.010   321.1      0.056     -0.020     -0.663      0.144     -0.331     -0.748
119.6500     -29980.424   -29988.605        8.181   328.0     -0.483     -0.979     -1.411      0.387     -0.246      0.132
119.7000     -29980.749   -29988.885        8.136   326.1      0.049      0.003     -0.415      0.027      0.047      0.108
119.7500     -29981.149   -29988.986        7.837   314.1     -0.540     -0.114     -0.289     -0.162     -0.904     -0.185
119.8000     -29980.936   -29989.408        8.472   339.6     -0.483     -0.288     -1.333      0.195     -0.912     -0.327
119.8500     -29980.514   -29989.471        8.957   359.0     -0.513      0.156      0.225     -0.589     -0.276      0.194
119.9000     -29980.739   -29988.816        8.077   323.8      0.124     -0.384     -0.668     -0.430      0.182      0.007
119.9500     -29980.609   -29989.203        8.594   344.5     -0.066      0.265      0.137     -0.200     -0.057      0.090
120.0000     -29980.065   -29988.566        8.501   340.8      0.790      0.400      0.794     -0.033      0.105     -0.364
120.0500     -29979.837   -29987.920        8.083   324.0      0.893      0.342      1.430      0.180      0.050      0.793
120.1000     -29979.936   -29988.266        8.330   333.9     -0.022     -0.144     -0.130      0.336      0.711      0.278
120.1500     -29980.017   -29987.508        7.491   300.3      1.669      0.310     -0.549      0.230     -0.100     -0.157
120.2000     -29980.615   -29988.891        8.275   331.7     -0.296     -0.152      1.025      0.170      0.150     -0.340
120.2500     -29980.749   -29988.512        7.763   311.2      0.587      0.745      0.250     -0.174     -0.106     -0.028
120.3000     -29981.028   -29988.646        7.618   305.4      0.790      0.246      0.031      0.472     -0.007      0.224
120.3500     -29980.348   -29988.846        8.497   340.6     -0.870     -0.897     -0.268      0.455      0.118      0.164
120.4000     -29980.005   -29988.793        8.788   352.3      0.371      0.339      0.489      0.166      0.236     -0.336
120.4500     -29979.921   -29987.992        8.071   323.5     -0.881     -0.385     -0.056     -0.110     -0.125     -0.111
120.5000     -29979.823   -29988.100        8.277   331.8     -1.312      0.593      0.193      0.046      0.542      0.177
120.5500     -29980.208   -29988.348        8.140   326.3     -0.402      0.167      0.493      0.244      0.340     -0.753
120.6000     -29979.987   -29988.842        8.854   354.9      0.247     -0.134      0.176      0.227     -0.160      0.054
120.6500     -29980.301   -29988.287        7.986   320.1      0.144      0.660      0.610     -0.222      0.131      0.617
120.7000     -29980.589   -29988.383        7.794   312.4     -0.157     -0.486     -0.094      0.006     -0.135      0.318
120.7500     -29981.408   -29988.545        7.137   286.1      0.504      0.691      0.278     -0.255     -0.155     -0.272
120.8000     -29980.864   -29989.104        8.239   330.3     -0.527     -0.448     -0.616      0.310      0.274     -0.446
120.8500     -29981.092   -29988.998        7.906   316.9      0.119      0.656     -0.187     -0.233      0.117      0.528
120.9000     -29981.250   -29988.881        7.631   305.9     -0.250      0.111      0.193      0.292      0.748     -0.463
120.9500     -29980.309   -29988.438        8.128   325.8     -0.313     -0.492     -0.445      0.468     -0.315     -0.224
121.0000     -29980.060   -29988.502        8.441   338.4     -0.578      0.323     -0.386     -0.338      0.440      0.336
121.0500     -29979.837   -29988.021        8.185   328.1     -0.464     -0.296      0.958      0.546     -0.360     -0.332
121.1000     -29979.536   -29987.064        7.528   301.8      0.048      0.162     -1.024      0.240     -0.218      0.462
121.1500     -29979.501   -29987.496        7.995   320.5      0.035      0.661      1.100      0.391     -0.216     -0.738
121.2000     -29979.593   -29987.436        7.843   314.4      0.331      0.778      0.253      0.005     -0.223      0.227
121.2500     -29979.080   -29987.371        8.291   332.3     -1.027      0.366     -0.031     -0.284      0.366     -0.550
121.3000     -29979.316   -29988.184        8.868   355.5     -0.071     -0.716     -0.762     -0.037     -0.502      0.625
121.3500     -29979.188   -29987.312        8.124   325.7     -0.047      0.340     -0.160      0.134     -0.139     -0.000
121.4000     -29979.633   -29988.488        8.855   355.0     -0.358     -0.469     -0.357     -0.253     -0.259      0.025
121.4500     -29979.936   -29988.682        8.745   350.6     -0.995     -0.849     -0.944      0.531     -0.066      0.749
121.5000     -29979.848   -29987.559        7.711   309.1     -0.034     -0.142      0.187      0.253      0.396      0.214
121.5500     -29980.103   -29988.750        8.647   346.6     -0.534      0.315     -0.751     -0.487     -0.146      0.012
121.6000     -29980.187   -29988.346        8.159   327.1      0.101     -0.064     -1.267     -0.778      0.413      0.620
121.6500     -29980.346   -29988.078        7.732   309.9      0.142      0.127      0.133      0.236     -0.438      0.294
121.7000     -29979.828   -29987.893        8.064   323.2      0.260     -0.467      0.376     -0.079      0.252      0.424
121.7500     -29979.769   -29988.725        8.956   359.0     -0.637      0.528     -0.517     -0.270      0.179     -0.388
121.8000     -29980.197   -29988.361        8.165   327.3      0.334     -1.164     -1.253     -0.068     -0.164      0.305
121.8500     -29980.288   -29988.584        8.296   332.5     -0.125     -1.465     -0.019     -0.217     -0.536     -0.014
121.9000     -29980.128   -29988.090        7.962   319.1     -1.053     -0.366     -0.380      0.242      0.031     -0.213
121.9500     -29980.045   -29988.145        8.100   324.7     -0.163      0.395     -1.744     -0.332     -0.020     -0.182
122.0000     -29980.103   -29989.385        9.282   372.1     -0.345      0.275      0.465      0.496     -0.232      0.406
122.0500     -29979.990   -29988.094        8.104   324.8     -0.110     -0.064     -0.328     -0.244     -0.380      0.210
122.1000     -29979.834   -29988.537        8.703   348.9     -0.206      0.361      0.242     -0.069      0.000      0.237
122.1500     -29979.681   -29988.277        8.597   344.6      0.672     -0.855     -0.914      0.325      0.421     -0.076
122.2000     -29979.623   -29987.936        8.313   333.2     -0.703     -0.604      0.002      0.575     -0.346      0.203
122.2500     -29980.060   -29987.900        7.840   314.3      0.337     -0.673     -0.459      0.503     -0.223     -0.081
122.3000     -29980.069   -29987.959        7.890   316.3     -0.488      0.638      0.079     -0.095     -0.226     -0.347
122.3500     -29979.545   -29987.682        8.137   326.2      0.057      0.122     -0.445     -0.463     -0.110      0.292
122.4000     -29979.455   -29988.408        8.953   358.9     -1.281     -0.614      0.255      0.372      0.026     -0.277
122.4500     -29979.796   -29988.037        8.241   330.3      0.026     -0.684      0.799     -0.543      0.458      0.085
122.5000     -29980.059   -29988.229        8.170   327.5     -0.993     -1.045      0.091      0.656     -0.412     -0.633
122.5500     -29979.822   -29988.455        8.633   346.1     -0.661     -1.000      0.404     -0.068     -0.041      0.026
122.6000     -29979.333   -29988.334        9.001   360.8     -0.566     -0.876     -1.812     -0.004     -0.308      0.174
122.6500     -29979.710   -29988.324        8.615   345.3     -1.689      0.228     -0.326      0.079     -0.296     -0.118
122.7000     -29979.876   -29988.576        8.700   348.7     -1.384     -0.856      0.392      0.152      0.471      0.308
122.7500     -29979.926   -29988.312        8.386   336.2     -0.118     -0.456      0.470     -0.344     -0.015     -0.258
122.8000     -29979.970   -29989.154        9.185   368.2     -0.433     -0.071     -1.032     -0.127     -0.475     -0.016
122.8500     -29980.145   -29988.088        7.943   318.4     -0.566     -0.558     -0.653     -0.407     -0.467     -0.386
122.9000     -29980.043   -29988.691        8.649   346.7     -0.396     -0.308     -0.654      0.231     -0.273     -0.173
122.9500     -29979.753   -29988.268        8.514   341.3     -1.308     -0.005     -0.981     -0.611     -0.149      0.656
123.0000     -29980.053   -29988.324        8.271   331.5     -1.000     -1.556     -0.497      0.273      0.407     -0.038
123.0500     -29980.145   -29988.064        7.919   317.4     -1.348     -0.549     -1.302      0.210      0.257     -0.754
123.1000     -29980.499   -29988.840        8.341   334.3     -0.335      0.119      0.186     -0.164      0.127     -0.478
123.1500     -29980.811   -29989.484        8.673   347.7     -0.501      0.131     -0.538      0.006     -0.321     -0.368
123.2000     -29980.317   -29988.785        8.468   339.5      0.646     -0.257      0.331      0.140      0.017      0.059
123.2500     -29980.866   -29989.199        8.333   334.0      0.423     -0.130     -0.107     -0.338     -0.220      0.263
123.3000     -29981.011   -29988.100        7.089   284.1      0.546     -0.452      0.970     -0.129     -0.307      0.207
123.3500     -29980.592   -29988.756        8.164   327.2     -0.445     -0.116     -1.194     -0.079      0.295      0.305
123.4000     -29980.832   -29989.748        8.916   357.4      0.067      1.025      0.196     -0.119      0.138     -0.283
123.4500     -29980.272   -29988.479        8.207   329.0      0.163      0.514     -0.768     -0.318     -0.051     -0.558
123.5000     -29980.539   -29988.049        7.510   301.0      0.118      0.262      0.638      0.282      0.510      0.492
123.5500     -29980.732   -29988.764        8.032   321.9     -0.366     -1.414     -0.344     -0.214      0.647     -0.212
123.6000     -29980.893   -29988.461        7.567   303.3     -0.237     -0.757     -0.435      0.184     -0.274     -0.077
123.6500     -29980.815   -29988.848        8.033   322.0      0.075     -0.909      0.396     -0.126      0.208      0.442
123.7000     -29980.743   -29988.770        8.027   321.8     -0.745     -0.179      0.462      0.315     -0.109      0.187
123.7500     -29981.001   -29988.186        7.185   288.0     -0.007     -0.220      0.662     -0.154      0.210      0.470
123.8000     -29981.055   -29988.547        7.492   300.3     -0.147     -0.955      0.450      0.095      0.094      0.279
123.8500     -29980.436   -29988.715        8.278   331.8     -0.437      0.630     -0.276     -0.153      0.962      0.029
123.9000     -29980.162   -29989.137        8.975   359.7     -0.854     -1.172     -1.069     -0.040     -0.208      0.251
123.9500     -29980.524   -29988.309        7.784   312.0     -0.877     -0.782     -0.322     -0.122      0.139      0.541
124.0000     -29980.659   -29988.066        7.407   296.9     -0.267     -1.101     -0.968     -0.786     -0.037     -0.182
124.0500     -29980.158   -29988.441        8.283   332.0     -0.342     -0.967      0.716      0.141     -0.019      0.793
124.1000     -29980.384   -29989.486        9.103   364.9     -1.118     -0.003     -0.510      0.745     -0.164      0.105
124.1500     -29980.061   -29988.471        8.409   337.1     -0.083     -0.383     -1.129     -0.618     -0.403      0.035
124.2000     -29979.949   -29988.121        8.172   327.6     -0.407     -0.282      0.003      0.491      0.885      0.773
124.2500     -29979.746   -29988.326        8.580   343.9     -0.719     -0.981     -0.787     -0.289      0.697      0.037
124.3000     -29980.113   -29988.863        8.751   350.8     -0.509     -0.799     -0.403      0.365      0.123     -0.164
124.3500     -29979.981   -29988.129        8.148   326.6     -0.538     -0.531     -0.208      0.513     -0.592     -0.254
124.4000     -29980.254   -29988.619        8.365   335.3      1.061     -0.775      0.263     -0.694      0.075      0.670
124.4500     -29980.634   -29989.184        8.550   342.7     -1.070     -0.869     -0.822     -0.128      0.015     -0.307
124.5000     -29980.500   -29989.076        8.576   343.8      0.600      0.428     -0.197      0.582      0.455      0.224
124.5500     -29980.692   -29988.395        7.702   308.7     -0.829     -1.080     -0.403      0.320      0.446     -0.190
124.6000     -29980.678   -29988.457        7.779   311.8     -0.773     -0.324     -0.405     -0.862     -0.062      0.269
124.6500     -29980.688   -29989.342        8.653   346.9     -0.773     -1.524     -0.445      0.047     -0.318      0.570
124.7000     -29981.163   -29988.645        7.482   299.9     -0.661     -0.804     -0.645      0.359     -0.376      0.013
124.7500     -29981.280   -29988.982        7.702   308.7     -0.104     -0.333     -0.263     -0.125     -0.433      0.207
124.8000     -29980.975   -29988.973        7.997   320.6     -1.396     -0.361     -0.056     -0.060      0.000     -0.282
124.8500     -29980.839   -29989.197        8.358   335.0     -0.257     -0.068      0.069     -0.221     -0.035      0.379
124.9000     -29980.876   -29988.713        7.837   314.1     -0.628     -0.599     -0.333     -0.116      0.220     -0.018
124.9500     -29980.888   -29988.562        7.675   307.6     -1.362     -0.755     -0.934      0.213      0.099     -0.165
125.0000     -29981.584   -29989.805        8.221   329.5     -0.401     -0.735     -0.502     -0.034     -0.146      0.281
125.0500     -29981.522   -29989.287        7.765   311.3     -0.470     -0.225      0.201      0.056      0.051     -0.249
125.1000     -29981.291   -29988.693        7.403   296.7     -0.512      0.126     -0.297      0.270     -0.127     -0.365
125.1500     -29982.121   -29989.111        6.991   280.2     -0.024     -0.267     -0.464      0.053      0.116     -0.699
125.2000     -29982.557   -29990.172        7.615   305.3     -1.173     -0.819      0.374     -0.083     -0.419     -0.137
125.2500     -29982.385   -29990.172        7.786   312.1      0.860     -0.369     -0.231      0.025      0.689      0.423
125.3000     -29982.056   -29989.549        7.492   300.3      0.041      0.442      0.071      0.305      0.513     -0.476
125.3500     -29982.162   -29988.902        6.740   270.2     -1.337     -0.456     -0.914     -0.328      0.141     -0.020
125.4000     -29982.026   -29989.697        7.671   307.5     -0.175     -0.693     -0.092      0.171     -0.315     -0.418
125.4500     -29982.008   -29989.406        7.398   296.5      0.917      0.159      0.020      0.151      0.234      0.320
125.5000     -29982.009   -29988.883        6.874   275.5      0.539      0.576     -0.198      0.245     -0.081      0.274
125.5500     -29981.932   -29989.318        7.386   296.1      0.625     -0.184     -0.285     -0.232     -0.164      0.176
125.6000     -29981.717   -29989.354        7.636   306.1      0.280      0.606      0.043      0.306      0.655      0.337
125.6500     -29981.369   -29989.064        7.695   308.5     -0.892     -0.581     -0.718      0.478      0.249     -0.409
125.7000     -29981.197   -29988.689        7.493   300.3      0.470      0.296      0.304     -0.199      0.415      0.435
125.7500     -29981.513   -29989.258        7.745   310.4      0.064      0.728      1.335      0.219     -0.258     -0.366
125.8000     -29981.160   -29989.473        8.312   333.2     -0.728      0.052     -0.475     -0.227      0.584     -0.006
125.8500     -29981.335   -29989.088        7.753   310.8      0.333     -0.065      0.223     -0.201      0.649      0.396
125.9000     -29981.119   -29989.488        8.370   335.5     -0.571      0.390      0.040     -0.459     -0.242     -0.462
125.9500     -29981.176   -29989.387        8.211   329.1      0.193      0.379      0.590      0.174      0.348      0.317
126.0000     -29981.185   -29989.145        7.959   319.0      0.472      0.271      0.388      0.383     -0.902      0.565
126.0500     -29981.453   -29990.275        8.823   353.7      0.079     -0.070     -0.052     -0.283      0.672     -0.092
126.1000     -29981.442   -29989.496        8.054   322.8     -0.434      0.407     -0.128      0.291     -0.443      0.060
126.1500     -29981.430   -29990.168        8.738   350.3     -0.303     -0.688     -0.152      0.013      0.370      0.025
126.2000     -29981.399   -29989.418        8.019   321.4     -0.083      0.214     -1.063      0.454     -0.347     -0.182
126.2500     -29981.512   -29989.477        7.965   319.3      0.692      0.401      0.616     -0.109     -0.463     -0.148
126.3000     -29981.376   -29989.322        7.946   318.5      0.364      0.185      0.324     -0.012     -0.056      0.397
126.3500     -29981.100   -29988.498        7.398   296.6     -0.438     -0.498      0.293      0.311     -0.070      0.197
126.4000     -29980.922   -29988.816        7.894   316.4     -0.593      0.250     -0.769     -0.367     -0.117      0.188
126.4500     -29980.644   -29988.990        8.346   334.6      0.116     -0.496     -0.546      0.164      0.457      0.007
126.5000     -29980.556   -29989.242        8.686   348.2     -0.001     -1.033     -0.066     -0.392     -0.057      0.027
126.5500     -29980.879   -29988.379        7.500   300.6     -0.142      0.673      0.493     -0.105      0.263      0.134
126.6000     -29981.067   -29989.010        7.943   318.4      0.215     -1.361     -0.813     -0.072      0.859     -0.394
126.6500     -29980.806   -29988.725        7.919   317.4     -0.628      0.173     -0.041      0.558     -0.205      0.499
126.7000     -29980.954   -29989.670        8.716   349.4      0.464      1.185      0.656      0.189     -0.442      0.108
126.7500     -29981.074   -29989.480        8.407   337.0      1.130     -0.194      0.220     -0.257      0.579      0.305
126.8000     -29981.623   -29989.248        7.625   305.7     -0.396      0.190      1.023     -0.350      0.201      0.021
126.8500     -29981.643   -29989.428        7.785   312.1     -0.514     -0.669      0.225      0.101     -0.055      0.159
126.9000     -29982.420   -29990.322        7.902   316.8     -0.044      1.235      0.070     -0.102     -0.257      0.058
126.9500     -29982.305   -29989.346        7.041   282.2      0.462     -0.082      0.339     -0.030     -0.361     -0.224
127.0000     -29982.154   -29989.703        7.549   302.6      0.316     -0.563      0.048     -0.030      0.593      0.440
127.0500     -29981.876   -29989.855        7.980   319.9      0.016      0.753      0.834     -0.001      0.133     -0.054
127.1000     -29982.300   -29990.512        8.211   329.2     -0.644     -0.667     -0.673     -0.553      0.184      0.491
127.1500     -29982.091   -29989.883        7.791   312.3      0.537     -0.385     -0.435      0.339     -0.249      0.427
127.2000     -29982.251   -29989.449        7.198   288.5      0.049     -0.318      0.082      0.374      0.233     -0.051
127.2500     -29982.492   -29990.367        7.875   315.7     -0.046     -0.559     -0.988     -0.478     -0.309      0.055
127.3000     -29982.242   -29989.000        6.758   270.9     -0.031     -0.074     -0.076     -0.170     -0.501      0.156
127.3500     -29982.097   -29989.818        7.721   309.5     -0.668     -0.221     -0.028     -0.156      0.007     -0.273
127.4000     -29982.544   -29990.604        8.060   323.1      0.634      0.447     -0.182      0.129      0.395      0.577
127.4500     -29982.239   -29990.328        8.089   324.3      0.026      0.107      0.361      0.317     -0.722     -0.421
127.5000     -29982.280   -29989.625        7.345   294.4      0.002     -0.154     -0.498      0.356      0.034     -0.096
127.5500     -29981.749   -29989.510        7.761   311.1     -0.060     -0.318     -0.300      0.230     -0.248      0.591
127.6000     -29981.887   -29989.574        7.688   308.2     -0.622     -0.968      0.035     -0.151     -0.272      0.077
127.6500     -29981.886   -29989.582        7.696   308.5     -0.689      0.550      0.034     -0.408      0.085     -0.325
127.7000     -29981.442   -29989.514        8.072   323.5      0.884     -0.038     -0.132      0.352      0.296      0.204
127.7500     -29981.293   -29989.574        8.281   332.0      0.019      0.737     -0.174     -0.100     -0.455     -0.043
127.8000     -29981.547   -29989.973        8.425   337.7     -0.439      0.474     -0.264      0.096     -0.332      0.282
127.8500     -29981.288   -29989.191        7.903   316.8     -0.079      0.583      0.043     -0.154      0.237     -0.283
127.9000     -29980.923   -29989.398        8.476   339.7     -0.452     -0.744     -0.129      0.052      0.018      0.392
127.9500     -29980.689   -29989.211        8.522   341.6     -0.323     -0.527     -0.310     -0.641     -0.015      0.091
128.0000     -29981.024   -29988.154        7.130   285.8     -0.163     -1.002     -0.976      0.088     -0.287     -0.413
128.0500     -29981.516   -29989.848        8.332   334.0     -0.449     -0.132      0.006     -0.058      0.403      0.527
128.1000     -29981.665   -29989.641        7.976   319.7     -0.809     -0.028      0.855      0.115     -0.525     -0.763
128.1500     -29981.826   -29989.672        7.845   314.5     -0.279      0.174     -0.225     -0.125     -0.282      0.043
128.2000     -29981.196   -29989.809        8.613   345.2      0.743      0.281     -0.112      0.766     -0.118     -0.010
128.2500     -29981.023   -29989.395        8.372   335.6      1.242      0.795      0.124      0.568      0.108      0.281
128.3000     -29981.142   -29988.672        7.530   301.8     -0.869     -0.429     -0.612     -0.194      0.152     -0.367
128.3500     -29981.091   -29988.547        7.456   298.9      0.150     -0.052     -0.615      0.195     -0.017      0.084
128.4000     -29980.978   -29989.320        8.342   334.4     -0.402     -0.441      0.480     -0.220     -0.043     -0.254
128.4500     -29980.856   -29988.711        7.855   314.9      1.385     -0.049     -0.276      0.164      0.660      0.087
128.5000     -29980.781   -29989.070        8.289   332.3     -0.518     -0.230      0.045     -0.069      1.186      0.279
128.5500     -29981.240   -29989.105        7.866   315.3      1.111     -0.287      0.429      0.172      0.089     -0.146
128.6000     -29980.871   -29989.646        8.775   351.8     -0.511      0.164      0.695      0.533     -0.363      0.000
128.6500     -29980.528   -29988.223        7.695   308.5      0.681     -0.399      0.497     -0.477      0.103      0.141
128.7000     -29980.786   -29989.613        8.827   353.8      0.236     -0.085      0.107      0.279     -0.120      0.262
128.7500     -29980.775   -29989.197        8.422   337.6      0.193      0.479      0.339      0.129     -0.171     -0.306
128.8000     -29980.897   -29988.979        8.081   323.9      0.655      0.961      0.580      0.062      0.156     -0.162
128.8500     -29980.836   -29989.404        8.569   343.5     -0.309     -0.527      0.047      0.045     -0.089     -0.665
128.9000     -29981.373   -29989.910        8.537   342.2      0.563     -0.532     -0.278      0.189      0.422     -0.077
128.9500     -29981.659   -29990.154        8.495   340.5     -0.166     -0.516     -0.601      0.308      0.424     -0.050
129.0000     -29981.558   -29989.963        8.405   336.9     -1.230      0.345     -0.137     -0.234     -0.530      0.010
129.0500     -29981.892   -29990.350        8.458   339.0     -0.941     -0.620     -0.919      0.223      0.214      0.450
129.1000     -29981.700   -29989.977        8.277   331.8      0.106      0.162     -0.402      0.233     -0.263      0.532
129.1500     -29981.975   -29990.264        8.288   332.2     -0.037     -0.197     -0.261     -0.266      0.039      0.338
129.2000     -29981.749   -29989.713        7.964   319.2     -0.674     -1.004     -0.745      0.230     -0.472      0.500
129.2500     -29982.017   -29989.928        7.910   317.1     -0.998     -0.905     -0.900     -0.007      0.097      0.129
129.3000     -29981.944   -29990.393        8.449   338.7     -1.474     -1.131     -1.164      0.248     -0.013      0.640
129.3500     -29981.598   -29990.084        8.486   340.2     -1.488     -0.675     -1.208     -0.270     -0.202      0.283
129.4000     -29981.773   -29989.865        8.092   324.4      0.333     -0.344      0.027      0.077      0.514      0.231
129.4500     -29981.421   -29989.969        8.548   342.6     -0.111      0.221      0.151      0.051     -0.217     -0.284
129.5000     -29981.524   -29989.572        8.049   322.6     -0.265     -0.397     -0.221     -0.282     -0.288      0.079
129.5500     -29981.846   -29990.398        8.552   342.8     -1.120     -0.404     -0.901     -0.475     -0.611      0.641
129.6000     -29982.144   -29989.973        7.829   313.8     -0.038      0.010     -0.504     -0.217      0.334     -0.040
129.6500     -29982.222   -29989.689        7.467   299.3     -0.764      0.398     -0.442      0.128      0.044      0.049
129.7000     -29982.868   -29990.822        7.954   318.8     -0.662     -0.583     -0.564      0.210     -0.081     -0.106
129.7500     -29982.976   -29991.016        8.040   322.3     -0.516      0.083     -0.605     -0.048      0.010      0.098
129.8000     -29982.974   -29991.094        8.119   325.5      0.087      1.104     -0.097     -0.043      0.085      0.077
129.8500     -29982.996   -29990.330        7.334   294.0      0.632     -0.905      0.481     -0.106     -0.466     -0.134
129.9000     -29982.700   -29989.363        6.663   267.1      0.344     -0.121     -0.371     -0.172     -0.624     -0.004
129.9500     -29982.560   -29989.941        7.382   295.9      0.046      0.408     -0.075     -0.380     -0.055     -0.208
130.0000     -29982.665   -29990.689        8.025   321.7      0.306      0.132     -0.027      0.793      0.435     -0.852
130.0500     -29982.481   -29990.936        8.454   338.9      0.664      0.135      0.176     -0.340      0.050     -0.407
130.1000     -29981.932   -29989.314        7.383   295.9      0.918     -0.173      0.296      0.118     -0.451      0.207
130.1500     -29982.478   -29989.279        6.802   272.6     -0.708     -0.178      1.327     -0.267     -0.415     -0.743
130.2000     -29981.812   -29990.342        8.530   341.9      0.478      0.226      0.101     -0.127      0.158      0.132
130.2500     -29981.760   -29989.936        8.175   327.7     -0.331      0.310      0.836     -0.388      0.179     -0.240
130.3000     -29981.183   -29989.863        8.680   347.9      0.637      0.056     -0.032      0.143      0.242      0.546
130.3500     -29981.778   -29989.605        7.827   313.7     -0.523     -0.939     -0.268     -0.129      0.187     -0.447
130.4000     -29981.709   -29989.344        7.635   306.1     -0.604     -1.321     -0.405     -0.807      0.351      0.090
130.4500     -29981.460   -29989.041        7.581   303.9     -0.337     -0.214     -0.845     -0.188     -0.101      0.592
130.5000     -29981.219   -29988.775        7.557   302.9     -0.710     -0.203      0.416     -0.982      0.350      0.053
130.5500     -29980.929   -29989.574        8.645   346.5     -0.807     -0.473     -0.372      0.013      0.442     -0.307
130.6000     -29981.296   -29990.148        8.852   354.8     -0.827      0.248     -0.341     -0.301      0.149      0.035
130.6500     -29981.197   -29989.402        8.206   328.9     -0.451     -0.260      0.058     -0.106     -0.062      0.117
130.7000     -29980.790   -29989.561        8.770   351.6     -0.570     -0.525      0.071     -0.195      0.006      0.077
130.7500     -29980.582   -29989.666        9.084   364.1     -0.782     -0.831     -0.846      0.487     -0.157      0.356
130.8000     -29980.347   -29988.928        8.581   343.9      0.736      0.591      0.495     -0.377      0.186      0.196
130.8500     -29980.933   -29988.686        7.753   310.8     -0.473     -0.821     -0.272     -0.556     -0.163      0.181
130.9000     -29980.792   -29988.289        7.497   300.5     -0.905      0.813      0.194      0.477      0.125     -0.229
130.9500     -29980.768   -29989.037        8.270   331.5     -0.660     -1.764     -0.713     -0.506      0.212     -0.020
131.0000     -29980.749   -29989.291        8.542   342.4     -0.389     -0.406      0.388     -0.443     -0.431      0.370
131.0500     -29980.693   -29989.115        8.422   337.6     -0.448     -0.052     -0.233      0.731      0.087     -0.370
131.1000     -29980.602   -29989.570        8.968   359.5     -1.052     -0.350     -0.156     -0.626      0.106     -0.543
131.1500     -29980.741   -29988.941        8.200   328.7     -1.505     -0.283     -0.336      0.295     -0.181      0.208
131.2000     -29980.979   -29989.932        8.953   358.9      0.778     -0.062     -0.130      0.180      0.558      0.250
131.2500     -29980.967   -29989.574        8.607   345.0     -0.871     -0.802      0.013      0.319      0.003     -0.115
131.3000     -29980.878   -29989.535        8.657   347.0     -0.238      0.373     -0.790     -0.070      0.320     -0.253
131.3500     -29980.569   -29989.191        8.622   345.6     -0.245     -0.994     -0.604      0.158     -0.385      0.577
131.4000     -29980.805   -29989.178        8.372   335.6      0.195     -0.456     -0.493     -0.353      0.445      0.383
131.4500     -29981.129   -29990.025        8.896   356.6      0.411      0.720     -0.263     -0.041     -0.309     -0.149
131.5000     -29981.100   -29988.703        7.603   304.8      0.456      0.340     -0.555     -0.450      0.486      0.264
131.5500     -29981.692   -29990.014        8.322   333.6     -0.298      0.047      0.495      0.110      0.168      0.131
131.6000     -29981.956   -29990.254        8.298   332.6     -0.326      0.331      0.210     -0.497     -0.074      0.695
131.6500     -29981.772   -29990.178        8.406   336.9      0.616     -0.350     -0.089     -0.102      0.028     -0.286
131.7000     -29982.250   -29989.928        7.677   307.7     -0.451     -1.567     -0.172      0.675      0.204      0.207
131.7500     -29981.862   -29989.723        7.861   315.1     -0.997      0.318     -0.793      0.304      0.443      0.171
131.8000     -29981.811   -29990.010        8.199   328.6     -0.052      0.688      0.643     -0.072      0.113      0.133
131.8500     -29981.878   -29989.639        7.761   311.1     -0.358      0.999     -0.271      0.107     -0.040      0.096
131.9000     -29981.498   -29989.674        8.175   327.7     -0.260     -0.878     -0.002     -0.143     -0.495      0.005
131.9500     -29981.111   -29989.459        8.348   334.6     -0.102      0.336     -0.058     -0.266      0.163      0.384
132.0000     -29981.499   -29989.863        8.364   335.3     -0.035     -1.177     -0.380     -0.579      0.143      0.423
132.0500     -29981.432   -29989.482        8.050   322.7     -0.764     -0.098      0.701      0.144     -0.531      0.240
132.1000     -29980.996   -29989.916        8.920   357.5     -0.836      0.117     -0.162      0.441      0.614      0.052
132.1500     -29981.266   -29989.824        8.558   343.0     -0.407      0.175     -0.103      0.248      0.979      0.010
132.2000     -29980.870   -29988.801        7.931   317.9     -0.673     -1.921      0.029     -0.266     -0.660     -0.403
132.2500     -29980.728   -29988.770        8.041   322.3     -0.383     -0.546     -0.548      0.546      0.385      0.438
132.3000     -29980.797   -29988.834        8.037   322.2     -0.325      0.070     -0.493      0.110     -0.523      0.068
132.3500     -29980.988   -29989.020        8.031   321.9      0.068     -0.260      0.864      0.121     -0.312      0.334
132.4000     -29981.066   -29988.762        7.696   308.5     -0.088      0.644     -0.819      0.220      0.209     -0.106
132.4500     -29981.016   -29988.617        7.601   304.7      0.194     -0.803      1.090     -0.629      0.572      0.397
132.5000     -29981.068   -29989.709        8.641   346.4      1.072      1.345      1.063     -0.029     -0.333      0.290
132.5500     -29980.890   -29989.283        8.393   336.4      0.126      0.622      0.604      0.404     -0.225     -0.018
132.6000     -29981.058   -29988.783        7.726   309.7     -0.408     -0.145     -0.179     -0.308      0.188     -0.198
132.6500     -29981.230   -29988.662        7.432   297.9     -0.625      0.695     -0.413      0.188     -0.859      0.553
132.7000     -29980.939   -29989.209        8.270   331.5      0.778     -0.385     -0.000     -0.285      0.257     -0.151
132.7500     -29981.108   -29988.883        7.775   311.6     -0.264      0.256     -0.531     -0.216      0.097     -0.128
132.8000     -29981.049   -29989.121        8.072   323.6     -0.315      0.083     -0.657     -0.083     -0.226     -0.411
132.8500     -29980.899   -29988.832        7.933   318.0      0.149     -0.069     -0.149     -0.657     -0.554     -0.602
132.9000     -29980.979   -29988.477        7.498   300.5      0.169     -0.036     -0.602     -0.266     -0.318     -0.045
132.9500     -29980.953   -29989.068        8.115   325.3     -1.479     -1.351     -0.632     -0.485      0.382     -0.437
133.0000     -29980.728   -29989.145        8.417   337.4     -0.069      0.098     -0.168      0.310     -0.343     -0.069
133.0500     -29980.822   -29988.766        7.944   318.4     -0.580     -0.468     -0.099     -0.535     -0.090     -0.285
133.1000     -29981.131   -29989.164        8.033   322.0     -0.233     -0.560     -0.484     -0.054     -0.432      0.239
133.1500     -29980.883   -29989.238        8.355   334.9     -1.099     -0.363     -0.191     -0.106     -0.473      0.091
133.2000     -29980.613   -29988.590        7.977   319.7     -0.693     -1.007     -0.044     -0.468      0.123      0.044
133.2500     -29980.961   -29989.154        8.193   328.4     -0.746      0.042     -0.882      0.044     -0.025      0.185
133.3000     -29980.742   -29989.205        8.463   339.2     -0.783     -0.718     -0.936      0.173      0.084      0.136
133.3500     -29980.450   -29988.225        7.774   311.6     -0.693     -0.944     -0.730      0.253     -0.331      0.032
133.4000     -29980.867   -29987.762        6.895   276.4     -1.256     -0.110      0.370     -0.450      0.151     -0.094
133.4500     -29980.844   -29989.096        8.252   330.8     -0.499     -0.442     -0.936     -0.234     -0.338      0.096
133.5000     -29981.291   -29989.078        7.788   312.2     -0.662     -0.147     -0.060     -0.123     -0.312     -0.199
133.5500     -29981.474   -29989.199        7.725   309.7     -0.520     -1.161     -0.745     -0.200      0.039     -0.273
133.6000     -29981.349   -29989.531        8.182   328.0      0.261     -0.102      0.123      0.107     -0.050      0.366
133.6500     -29980.894   -29989.164        8.270   331.5     -0.460     -0.149      0.066     -0.374      0.659      0.017
133.7000     -29981.074   -29989.135        8.061   323.1     -0.464     -0.572     -0.387     -0.061     -0.113     -0.640
133.7500     -29980.784   -29988.762        7.978   319.8     -0.124      0.873     -0.839      0.080     -0.724      0.620
133.8000     -29981.022   -29988.791        7.769   311.4      0.204     -1.038     -0.553      0.481      0.017     -0.055
133.8500     -29980.807   -29989.541        8.734   350.1      0.188      0.068     -0.465      0.056     -0.295     -0.186
133.9000     -29980.850   -29989.266        8.415   337.3      0.483     -0.332     -1.417      0.498      0.281     -0.018
133.9500     -29981.197   -29989.436        8.239   330.2      0.448      1.326      0.625      0.016      0.402     -0.157
134.0000     -29980.904   -29988.545        7.641   306.3     -0.463      0.380     -0.462     -0.171      0.129      0.314
134.0500     -29979.893   -29987.848        7.954   318.8      0.178     -0.107     -0.392      0.265      0.067      0.344
134.1000     -29979.585   -29988.381        8.796   352.6     -0.127     -0.801     -1.110     -0.042     -0.184     -0.208
134.1500     -29979.789   -29988.543        8.754   350.9     -0.481     -0.154     -0.046     -0.130     -0.112      0.078
134.2000     -29979.735   -29988.100        8.365   335.3     -0.793     -0.347     -0.084     -0.647      0.074     -0.142
134.2500     -29980.440   -29988.363        7.923   317.6     -0.336     -0.604     -0.224      0.530     -0.258      0.392
134.3000     -29980.162   -29988.951        8.789   352.3     -0.414      0.424     -0.359     -0.777      0.526     -0.628
134.3500     -29980.170   -29988.057        7.887   316.1     -0.128     -0.878     -1.038      0.244      0.151      0.151
134.4000     -29979.942   -29988.260        8.318   333.4     -0.565      1.189     -0.342     -0.624      0.506      0.329
134.4500     -29979.902   -29987.883        7.981   319.9     -0.010     -0.582     -0.667      0.370     -0.187     -0.298
134.5000     -29979.633   -29987.635        8.001   320.7     -0.619      0.231     -0.128     -0.633      0.046      0.514
134.5500     -29980.048   -29988.285        8.237   330.2     -0.171      0.576     -0.433      0.243      0.199     -0.022
134.6000     -29979.768   -29988.025        8.257   331.0     -0.746     -0.736      0.229     -0.175      0.409     -0.243
134.6500     -29979.753   -29988.080        8.327   333.8     -0.419      0.179     -0.167      0.093     -0.551      0.164
134.7000     -29979.317   -29988.123        8.806   353.0     -0.962     -0.993     -0.808      0.219      0.424      0.161
134.7500     -29979.472   -29987.910        8.439   338.3     -0.690     -0.084      0.002      0.363     -0.284     -0.132
134.8000     -29979.871   -29987.207        7.336   294.1      1.051     -0.013     -0.845     -0.034      0.119      0.147
134.8500     -29979.467   -29987.348        7.881   315.9     -0.725      0.224      0.276     -0.184     -0.783      0.059
134.9000     -29979.730   -29988.312        8.582   344.0      0.353     -0.557     -0.181      0.164      0.110     -0.215
134.9500     -29980.171   -29988.127        7.956   318.9     -0.578      1.483      0.361     -0.062      0.375      0.117
135.0000     -29979.977   -29988.328        8.351   334.8     -0.346     -0.315      0.052     -0.454      0.067     -0.592
135.0500     -29979.546   -29987.465        7.919   317.4      0.103     -0.569      0.218      0.643     -0.035      0.296
135.1000     -29979.369   -29987.594        8.225   329.7      0.245      0.823     -0.218      0.041     -0.166      0.151
135.1500     -29980.033   -29988.586        8.553   342.8      0.920     -0.384     -0.155     -0.426      0.087     -0.853
135.2000     -29980.017   -29988.441        8.425   337.7     -0.048      0.630      1.013     -0.092      0.068      0.390
135.2500     -29979.604   -29988.041        8.437   338.2     -0.193      0.467     -0.843     -0.303      0.121      0.229
135.3000     -29979.891   -29988.828        8.937   358.2     -0.636     -0.802     -0.059     -0.388      0.127     -0.586
135.3500     -29979.734   -29987.365        7.631   305.9      1.084     -0.609     -0.648     -0.248     -0.262      0.022
135.4000     -29980.121   -29988.055        7.934   318.0      0.960     -0.328     -0.419      0.219      0.062     -0.422
135.4500     -29980.350   -29988.875        8.525   341.7     -0.210      0.039      0.350     -0.079      0.386      0.289
135.5000     -29980.145   -29988.850        8.705   348.9      0.261     -0.561     -0.363     -0.233      0.207      0.445
135.5500     -29980.054   -29988.898        8.845   354.5      0.666      0.679      0.915     -0.020     -0.203      0.239
135.6000     -29979.763   -29988.650        8.887   356.2     -0.132      0.035      1.066     -0.220      0.344      0.968
135.6500     -29979.894   -29988.014        8.120   325.5      0.580      1.117      0.748      0.023     -0.323     -0.028
135.7000     -29979.797   -29988.025        8.229   329.8      0.505      0.061     -0.370     -0.000     -0.001      0.155
135.7500     -29980.089   -29988.676        8.586   344.2     -0.209     -0.322     -0.043      0.239     -0.549      0.039
135.8000     -29980.056   -29988.592        8.536   342.2     -0.061     -0.055      0.152      0.158      0.130     -0.052
135.8500     -29980.226   -29988.250        8.024   321.6     -1.431     -0.420      0.317      0.601     -0.315     -0.014
135.9000     -29979.662   -29988.539        8.877   355.8     -0.593      0.205     -1.337      0.359      0.213     -0.610
135.9500     -29979.783   -29988.408        8.625   345.7     -0.291     -1.224     -0.169      0.540      0.217      0.855
136.0000     -29980.248   -29988.773        8.526   341.8      0.700      0.766      0.110      0.236      0.538     -0.039
136.0500     -29980.217   -29989.135        8.917   357.4     -0.350     -0.779      0.046      0.069     -0.581     -0.259
136.1000     -29979.862   -29988.656        8.794   352.5     -0.975      0.174     -0.190     -0.171      0.086     -0.353
136.1500     -29979.946   -29988.473        8.527   341.8      0.217     -0.187     -0.097     -0.126     -0.331      0.297
136.2000     -29979.836   -29988.746        8.910   357.1      0.140      0.154      0.680      0.152      0.154      0.136
136.2500     -29980.433   -29989.156        8.723   349.7     -0.774     -1.461     -0.854      0.419      0.689      0.172
136.3000     -29980.282   -29988.861        8.579   343.9      0.043     -0.685      0.437     -0.766      0.532      0.440
136.3500     -29980.319   -29988.266        7.946   318.5     -0.374     -0.178     -0.826      0.143     -0.124      0.087
136.4000     -29980.878   -29988.242        7.364   295.2     -0.103     -0.177     -0.043     -0.231     -0.493      0.354
136.4500     -29980.656   -29988.688        8.032   322.0     -0.172      0.109     -0.584      0.165     -0.368     -0.257
136.5000     -29980.444   -29988.551        8.106   324.9     -0.026     -0.180     -0.082     -0.126      0.282     -0.051
136.5500     -29980.292   -29988.293        8.001   320.7     -0.264     -0.063     -0.276     -0.054      0.008      0.160
136.6000     -29980.456   -29988.877        8.421   337.6     -0.367     -0.527      0.250      0.537     -0.016      0.342
136.6500     -29980.372   -29988.590        8.218   329.4      0.621     -0.376     -0.552      0.378      0.301     -0.499
136.7000     -29980.221   -29988.693        8.473   339.6     -0.207      0.016      0.105     -0.831      0.292      0.250
136.7500     -29979.836   -29988.029        8.194   328.4     -0.319      0.221      0.313     -0.039      0.051     -0.040
136.8000     -29979.721   -29987.963        8.242   330.4      0.539      0.070     -0.728     -0.329     -0.508     -0.098
136.8500     -29979.721   -29987.617        7.896   316.5     -0.626     -0.808      0.093      0.191      0.025      0.580
136.9000     -29979.896   -29988.553        8.656   347.0     -0.055      0.121      1.241     -0.098      0.118     -0.163
136.9500     -29979.686   -29987.867        8.181   327.9     -0.185     -0.079     -0.059      0.163     -0.160      0.100
137.0000     -29979.922   -29988.533        8.612   345.2     -0.105     -0.664     -1.227     -0.172      0.140      0.669
137.0500     -29979.921   -29988.744        8.823   353.7     -0.645      0.084      0.351     -0.720     -0.346      0.487
137.1000     -29979.702   -29987.783        8.081   323.9      0.298      0.257      0.765     -0.018      0.165      0.458
137.1500     -29979.659   -29987.396        7.738   310.2      0.061      0.020     -0.085     -0.035      0.480      0.565
137.2000     -29980.224   -29987.791        7.567   303.3     -0.772     -0.632     -0.226     -0.077      0.033     -0.204
137.2500     -29979.918   -29988.281        8.363   335.2     -1.432     -1.166     -1.202     -0.340      0.165     -0.420
137.3000     -29980.406   -29989.254        8.848   354.7      0.442     -0.130     -0.127      0.025     -0.262     -0.312
137.3500     -29980.627   -29988.768        8.141   326.3     -0.337     -1.340     -0.814     -0.128      0.157      0.093
137.4000     -29980.336   -29989.215        8.879   355.9     -0.260      0.338     -0.332      0.167      0.581     -0.441
137.4500     -29980.847   -29989.129        8.282   332.0     -0.309     -0.825     -0.321     -0.360     -0.308      0.282
137.5000     -29980.610   -29988.838        8.227   329.8     -0.238      0.724     -0.469      0.011     -0.345     -0.018
137.5500     -29980.694   -29989.039        8.345   334.5     -0.102      0.222     -0.387     -0.038      0.258      0.492
137.6000     -29980.890   -29988.947        8.057   323.0     -0.132     -0.504      0.071     -0.276      0.161     -0.032
137.6500     -29980.570   -29988.943        8.374   335.7     -0.899      0.150     -0.968     -0.188     -0.320     -0.726
137.7000     -29981.012   -29989.451        8.440   338.3     -0.401     -0.685     -0.122     -0.081     -0.033      0.141
137.7500     -29981.276   -29988.832        7.556   302.9      0.311     -0.150     -0.424     -0.310     -0.133     -0.088
137.8000     -29981.489   -29989.230        7.741   310.3     -0.503     -1.037     -0.278     -0.131     -0.104      0.150
137.8500     -29981.712   -29990.617        8.905   356.9     -1.274     -0.488     -0.969     -0.190      0.239      0.069
137.9000     -29981.768   -29989.699        7.932   317.9      1.201      0.038     -0.329      0.358      0.150      0.207
137.9500     -29981.962   -29989.643        7.681   307.9     -0.055     -1.262      0.161      0.174      0.104      0.052
138.0000     -29982.151   -29989.930        7.778   311.8     -0.292     -0.930     -0.415      0.409      0.111      0.638
138.0500     -29982.437   -29990.379        7.942   318.3     -0.480     -0.127     -0.802      0.471      0.206      0.249
138.1000     -29982.033   -29990.486        8.453   338.8     -0.500     -1.063     -0.332     -0.615      0.008      0.055
138.1500     -29981.589   -29989.721        8.132   326.0     -0.865     -1.024     -0.950      0.118     -0.164     -0.045
138.2000     -29982.212   -29990.740        8.528   341.9      0.957     -0.280     -0.733      0.041      0.097     -0.131
138.2500     -29982.127   -29990.848        8.720   349.6     -0.650      0.080      0.382      0.010      0.053     -0.239
138.3000     -29981.956   -29989.549        7.593   304.4     -0.446     -0.096      0.201      0.038      0.451     -0.040
138.3500     -29981.500   -29989.926        8.426   337.7     -0.204     -0.153     -0.170     -0.001      0.376      0.871
138.4000     -29981.211   -29989.662        8.451   338.7      0.146     -0.174     -1.016     -0.232     -0.243     -0.064
138.4500     -29981.126   -29989.547        8.421   337.5      0.090      0.100      0.463     -0.014      0.542      0.409
138.5000     -29981.395   -29989.625        8.230   329.9      0.080      0.488     -0.078     -0.264      0.592      0.439
138.5500     -29981.457   -29989.754        8.297   332.6      0.107      0.753     -0.276      0.086     -0.121     -0.165
138.6000     -29981.519   -29989.996        8.477   339.8     -0.036     -0.116     -0.186      0.518      0.468     -0.715
138.6500     -29981.360   -29990.373        9.013   361.3     -1.124     -0.748      0.172     -0.216     -0.525      0.479
138.7000     -29981.626   -29989.604        7.977   319.8     -0.661     -0.792     -0.097      0.156      0.303      0.350
138.7500     -29981.509   -29990.475        8.966   359.4     -0.476     -0.674      0.517     -0.117      0.091     -0.027
138.8000     -29981.445   -29989.275        7.831   313.9     -0.960     -0.509     -1.035      0.027      0.079      0.618
138.8500     -29981.301   -29989.480        8.180   327.9      0.023      0.127     -0.838      0.051     -0.444      0.176
138.9000     -29981.192   -29989.938        8.746   350.6     -0.603      0.202     -0.777     -0.141     -0.167      0.180
138.9500     -29981.304   -29990.324        9.020   361.6      0.818      0.051     -0.342      0.386      0.167      0.415
139.0000     -29980.726   -29989.932        9.205   369.0     -1.037      0.061     -0.470      0.037     -0.052      0.058
139.0500     -29980.663   -29989.439        8.776   351.8      0.133     -0.551     -0.431     -0.389     -0.234     -0.657
139.1000     -29981.115   -29989.205        8.090   324.3     -0.234      0.273     -0.646     -0.057      0.368      0.155
139.1500     -29981.531   -29989.588        8.057   323.0     -0.048      0.571      0.635      0.052     -0.756     -0.450
139.2000     -29981.054   -29988.992        7.938   318.2      0.729      0.009      0.294      0.737      0.650     -0.431
139.2500     -29981.324   -29988.695        7.371   295.5     -0.503      0.263      0.258     -0.178     -0.511     -0.161
139.3000     -29981.548   -29989.746        8.198   328.6      0.168     -0.221      0.122     -0.165      0.568      0.300
139.3500     -29981.418   -29989.645        8.226   329.8      0.926      0.277      0.249     -0.058      0.121     -0.595
139.4000     -29982.105   -29989.721        7.616   305.3      0.944      0.027      0.153      0.236     -0.181      0.309
139.4500     -29982.322   -29989.295        6.973   279.5     -0.290      0.385      0.321      0.234      0.137     -0.313
139.5000     -29982.462   -29990.059        7.597   304.5      1.036      0.702      0.631     -0.030     -0.640      0.136
139.5500     -29982.827   -29990.387        7.560   303.0      0.381      0.160      0.195     -0.232     -0.288     -0.700
139.6000     -29982.587   -29990.309        7.721   309.5      0.039      0.663      0.289      0.620     -0.224      0.107
139.6500     -29982.799   -29991.209        8.410   337.1      0.336      0.201      0.770     -0.176     -0.325     -0.551
139.7000     -29982.978   -29990.688        7.710   309.0      0.287      0.174     -0.055     -0.522      0.503      0.318
139.7500     -29982.670   -29990.104        7.433   298.0     -0.012      0.665     -0.427     -0.263      0.271      0.117
139.8000     -29982.520   -29990.342        7.822   313.5     -0.459     -0.287     -0.840     -0.194     -0.251      0.199
139.8500     -29982.170   -29989.943        7.773   311.6     -0.163      0.494      0.163     -0.568     -0.415     -0.507
139.9000     -29982.562   -29990.357        7.796   312.5      0.711      0.310     -0.264     -0.196      0.291      0.310
139.9500     -29982.557   -29990.590        8.033   322.0     -0.002     -0.016     -0.113      0.673      0.296      0.128
140.0000     -29982.792   -29989.049        6.257   250.8     -0.121      0.923      0.285     -0.421     -0.270      0.107
140.0500     -29982.127   -29989.592        7.465   299.2     -0.511     -1.126     -0.503      0.605      0.140      0.533
140.1000     -29981.543   -29989.738        8.195   328.5      0.641      1.120      0.200     -0.287     -0.220     -0.406
140.1500     -29981.335   -29989.305        7.970   319.5     -0.581     -0.463      0.100     -0.344     -0.387     -0.103
140.2000     -29980.965   -29988.973        8.007   321.0      0.825      0.070      0.000      0.168     -0.509     -0.252
140.2500     -29981.175   -29988.869        7.694   308.4     -0.292     -0.783     -0.324     -0.427     -0.634     -0.032
140.3000     -29981.415   -29989.580        8.165   327.3     -0.314      0.273     -0.268      0.149      0.021      0.056
140.3500     -29980.991   -29988.758        7.767   311.3      0.295     -0.480     -0.278      0.253      0.200     -0.135
140.4000     -29980.542   -29989.199        8.657   347.0     -0.269     -0.031     -0.616      0.046     -0.637      0.693
140.4500     -29980.572   -29988.695        8.123   325.6      0.012      0.604      0.178     -0.250      0.049      0.018
140.5000     -29980.612   -29988.854        8.242   330.4     -0.555     -0.816     -1.112     -0.335      0.430      0.359
140.5500     -29980.537   -29987.969        7.431   297.9     -0.764     -0.264     -0.046      0.071     -0.795      0.541
140.6000     -29980.667   -29989.186        8.519   341.5     -0.544     -1.081     -0.435      0.145      0.018     -0.528
140.6500     -29980.537   -29988.863        8.326   333.8     -0.528     -0.441     -0.572     -0.190     -0.244     -0.217
140.7000     -29980.484   -29988.533        8.049   322.7     -0.060     -0.180     -0.733      0.222      0.224      0.524
140.7500     -29980.200   -29988.578        8.378   335.8     -0.172      0.026      0.230      0.217     -0.666     -1.101
140.8000     -29980.504   -29988.643        8.138   326.2     -0.850      0.213     -0.442      0.113      0.116      0.035
140.8500     -29979.938   -29988.512        8.573   343.7     -0.133     -0.463      0.854     -0.202     -0.426      0.136
140.9000     -29979.617   -29988.752        9.135   366.2     -0.206     -0.293      0.110     -0.112     -0.070      0.311
140.9500     -29979.629   -29988.408        8.779   351.9      0.363      0.144     -0.069      0.221     -0.095     -0.361
141.0000     -29980.070   -29988.588        8.518   341.4     -0.141     -1.126     -1.347     -0.021      0.193     -0.422
141.0500     -29980.573   -29988.697        8.124   325.7     -1.380     -0.569     -1.100      0.655     -0.009      0.245
141.1000     -29980.076   -29989.008        8.932   358.0      0.315      0.546     -0.239     -0.111     -0.068      0.200
141.1500     -29980.371   -29988.264        7.893   316.4     -0.478     -0.445     -1.856     -0.182     -0.483      0.134
141.2000     -29980.778   -29989.121        8.343   334.4     -0.680     -1.352     -0.110     -0.152      0.213      0.125
141.2500     -29980.614   -29988.213        7.599   304.6     -0.270     -0.197     -0.409      0.338     -0.283      0.639
141.3000     -29980.165   -29988.680        8.515   341.3     -0.308     -0.201     -0.605      0.043     -0.057     -0.472
141.3500     -29980.657   -29988.906        8.249   330.7     -0.451      0.554      0.120     -0.440      0.117      0.262
141.4000     -29980.514   -29989.330        8.816   353.4      0.379      0.308      0.068     -0.395     -0.512      0.031
141.4500     -29980.911   -29989.275        8.364   335.3     -0.837     -0.179     -0.482     -0.454      0.084     -0.039
141.5000     -29980.706   -29988.861        8.155   326.9      0.453      0.987      0.615      0.082     -0.401     -0.177
141.5500     -29980.649   -29988.287        7.638   306.2      0.562      1.008     -0.103     -0.501     -0.008     -0.070
141.6000     -29980.349   -29989.135        8.786   352.2     -0.447     -1.408     -0.257     -0.281     -0.108      0.857
141.6500     -29980.595   -29988.850        8.254   330.9     -0.741     -0.032     -0.882     -0.026     -0.388     -0.532
141.7000     -29980.565   -29987.816        7.251   290.7     -0.358     -0.503     -0.675     -0.190     -0.554     -0.151
141.7500     -29980.091   -29988.033        7.942   318.3     -0.508      0.013     -0.605     -0.048      0.295      0.362
141.8000     -29979.861   -29988.137        8.276   331.7      0.145     -0.415     -0.216      0.048     -0.150      0.049
141.8500     -29979.554   -29988.143        8.589   344.3     -0.111      0.635     -0.371      0.209      0.681      0.248
141.9000     -29979.905   -29988.039        8.134   326.1      0.176      0.710      1.172     -0.144     -0.921     -0.662
141.9500     -29979.340   -29988.346        9.006   361.0      0.214     -0.278     -0.952      0.262      0.178     -0.173
142.0000     -29979.264   -29988.666        9.402   376.9     -0.347      0.153     -0.205     -0.077     -0.244      0.195
142.0500     -29979.621   -29988.408        8.787   352.2      0.372     -0.556     -0.199     -0.529     -0.107     -0.402
142.1000     -29980.168   -29988.652        8.484   340.1      0.358      0.172     -0.706     -0.045     -0.200      0.430
142.1500     -29979.824   -29988.664        8.840   354.3     -0.982      0.053     -1.254     -0.086      0.316      0.285
142.2000     -29979.905   -29987.682        7.776   311.7     -0.123     -1.286     -0.855     -0.243     -0.002     -0.878
142.2500     -29980.117   -29988.508        8.391   336.4     -0.198     -0.476     -0.842     -0.310      0.064     -0.470
142.3000     -29979.843   -29988.133        8.289   332.3     -0.089      0.289     -0.039      0.052      0.041      0.366
142.3500     -29980.064   -29988.941        8.878   355.9      0.243      0.170      0.487     -0.136     -0.531      0.286
142.4000     -29980.812   -29988.674        7.862   315.1      0.001     -0.418     -0.368     -0.528     -0.265     -0.040
142.4500     -29981.203   -29988.865        7.662   307.1      1.349      1.542      0.799      0.515      0.007      0.615
142.5000     -29981.414   -29988.566        7.152   286.7      0.475      0.162     -0.145      0.018      0.549     -0.158
142.5500     -29981.443   -29989.621        8.178   327.8     -0.341     -0.549      0.055     -0.235     -0.316     -0.063
142.6000     -29981.537   -29988.574        7.037   282.1     -0.523     -0.862      1.198     -0.028     -0.473      0.372
142.6500     -29981.623   -29989.258        7.635   306.1      0.199      0.022     -0.269      0.309      0.671      0.466
142.7000     -29980.904   -29989.182        8.278   331.8     -0.356      0.251     -0.583     -0.157     -0.106     -0.784
142.7500     -29981.087   -29988.459        7.372   295.5     -0.086     -0.286     -0.151     -0.049      0.315      0.012
142.8000     -29980.801   -29988.494        7.693   308.4     -0.076     -1.346     -0.700     -0.132     -0.059      0.168
142.8500     -29981.132   -29989.287        8.156   326.9     -0.109     -0.075     -0.632     -0.169      0.140      0.309
142.9000     -29981.270   -29989.414        8.144   326.4      0.181      0.276     -0.403      0.223      0.193      0.503
142.9500     -29981.371   -29989.734        8.363   335.2      0.365      0.939      0.381      0.181     -0.085      0.363
143.0000     -29981.059   -29989.318        8.260   331.1      0.140      0.079      0.918      0.080      0.217     -0.303
143.0500     -29980.238   -29988.381        8.143   326.4      1.228      0.315      0.805     -0.253     -0.090      0.168
143.1000     -29980.134   -29988.619        8.485   340.1      1.188      0.594      0.068      0.226      0.094     -0.008
143.1500     -29979.900   -29988.168        8.268   331.4     -0.560      0.261      0.994      0.180     -0.414      0.644
143.2000     -29980.505   -29989.318        8.814   353.3      0.874      0.849      0.354     -0.331      0.060     -0.310
143.2500     -29980.786   -29988.789        8.003   320.8     -0.436      0.654      0.546      0.195     -0.058     -0.025
143.3000     -29981.131   -29988.936        7.805   312.8     -0.733     -1.546     -0.538     -0.155      0.673      0.021
143.3500     -29980.421   -29989.340        8.919   357.5     -0.343     -0.453     -0.682     -0.010      0.144      0.265
143.4000     -29980.720   -29989.047        8.327   333.8      0.098     -0.368     -0.370      0.006     -0.037     -0.232
143.4500     -29980.367   -29988.447        8.080   323.9      0.801     -0.024      1.065      0.051     -0.420     -0.269
143.5000     -29979.775   -29988.139        8.364   335.3     -0.726     -0.820     -0.132      0.679      0.300     -0.373
143.5500     -29979.924   -29988.188        8.264   331.2      0.009      0.524      0.536     -0.414      0.227     -0.238
143.6000     -29980.130   -29988.514        8.384   336.1      0.157      1.085     -0.136      0.313     -0.022     -0.012
143.6500     -29980.198   -29988.383        8.185   328.1     -0.297     -0.042      0.493      0.298      0.103      0.322
143.7000     -29980.415   -29988.229        7.813   313.2     -1.010     -0.667     -0.325      0.198     -0.031      0.050
143.7500     -29979.830   -29989.207        9.377   375.9     -0.178     -0.258     -1.303     -0.252      0.273     -0.424
143.8000     -29980.395   -29989.371        8.977   359.8     -0.172      0.943      0.721     -0.095     -0.288      0.398
143.8500     -29980.462   -29989.311        8.848   354.7      0.072     -0.789     -0.623     -0.095      0.026      0.592
143.9000     -29980.713   -29988.816        8.103   324.8     -0.979     -0.364     -0.208      0.495     -0.397     -0.481
143.9500     -29980.973   -29989.633        8.660   347.1     -0.486     -0.248     -0.395     -0.064      0.265      0.287
144.0000     -29981.060   -29989.496        8.436   338.1     -0.057      0.038      0.074     -0.069     -0.279     -0.383
144.0500     -29980.332   -29989.197        8.865   355.3     -0.920     -1.098     -1.305     -0.026      0.136      0.308
144.1000     -29980.429   -29989.037        8.608   345.1     -1.438     -0.800     -0.597     -0.108      0.285     -0.049
144.1500     -29980.347   -29988.758        8.411   337.2      0.379     -0.271     -0.466     -0.072     -0.469     -0.181
144.2000     -29980.424   -29989.318        8.894   356.5     -0.564     -0.628     -0.599      0.851     -0.800      0.682
144.2500     -29980.300   -29990.027        9.727   389.9     -0.382     -0.411     -0.544     -0.206      0.221      0.312
144.3000     -29980.426   -29989.064        8.638   346.3     -0.537     -0.082     -0.405     -0.120      0.257     -0.363
144.3500     -29979.775   -29988.441        8.667   347.4      0.470     -0.147     -0.228      0.296      0.026      0.722
144.4000     -29979.829   -29988.434        8.605   344.9     -0.727     -0.278      0.028      0.508      0.409     -0.373
144.4500     -29979.613   -29988.738        9.125   365.8     -0.419     -0.614     -0.607     -0.211     -0.095     -0.163
144.5000     -29979.517   -29988.557        9.039   362.3     -0.416     -1.385     -0.470     -0.544      0.361      0.488
144.5500     -29979.985   -29988.584        8.599   344.7     -0.016     -1.335     -1.632      0.316     -0.344      0.319
144.6000     -29980.172   -29989.199        9.027   361.8     -0.607     -0.980     -0.251      0.104      0.256     -0.104
144.6500     -29980.267   -29988.570        8.303   332.8     -0.153      0.034      0.264      0.017     -0.365      0.166
144.7000     -29980.588   -29988.809        8.221   329.5      0.258      0.582      0.074     -0.160      0.134     -0.144
144.7500     -29979.900   -29988.873        8.973   359.7     -0.367     -0.702     -0.831     -0.003     -0.113     -0.143
144.8000     -29979.665   -29988.439        8.774   351.7     -1.141     -2.112     -0.342     -0.195      0.091     -0.165
144.8500     -29979.400   -29988.867        9.467   379.5     -0.900     -0.649     -0.666     -0.031     -0.105     -0.203
144.9000     -29979.757   -29988.129        8.372   335.6     -0.869     -0.386      0.349      0.236     -0.423     -0.351
144.9500     -29979.512   -29988.055        8.543   342.4      0.013     -0.808      0.191      0.230      0.403      0.073
145.0000     -29980.267   -29988.512        8.244   330.5      0.139     -0.508     -0.969     -0.078     -0.318      0.467
145.0500     -29979.961   -29988.840        8.879   355.9     -0.356     -0.295      0.106     -0.046     -0.076     -0.150
145.1000     -29979.856   -29988.213        8.357   335.0     -0.583     -1.180     -0.726      0.669     -0.003      0.035
145.1500     -29980.107   -29989.355        9.249   370.7     -0.041      0.140     -0.142     -0.238     -0.121      0.040
145.2000     -29979.930   -29988.730        8.800   352.7     -0.694     -0.286     -0.397      0.915      0.260     -0.492
145.2500     -29979.941   -29988.350        8.408   337.0     -0.194     -0.202     -0.447     -0.614     -0.064     -0.284
145.3000     -29980.145   -29989.043        8.898   356.7      0.320     -0.884     -0.165     -0.082     -0.024     -0.772
145.3500     -29980.160   -29988.684        8.523   341.7     -0.541     -0.582      0.026     -0.071     -0.654      0.113
145.4000     -29980.512   -29989.004        8.492   340.4      0.252     -0.375     -0.077      0.371      0.326      0.005
145.4500     -29980.444   -29988.717        8.273   331.6     -0.492     -0.412      0.043     -0.325      0.542     -0.403
145.5000     -29980.409   -29989.363        8.955   358.9      0.055      0.917      0.544     -0.442     -0.417     -0.077
145.5500     -29980.554   -29989.242        8.689   348.3     -0.082     -0.768      0.082      0.128      0.245     -0.129
145.6000     -29981.011   -29988.789        7.778   311.8      0.054     -0.717     -0.176      0.168      0.182     -0.601
145.6500     -29980.498   -29988.576        8.079   323.8      0.531     -0.124     -0.702      0.360     -0.096      0.601
145.7000     -29979.899   -29988.684        8.785   352.1     -0.564     -0.493     -1.082      0.105     -0.020     -0.627
145.7500     -29979.428   -29988.924        9.496   380.7      0.205     -0.500     -0.105      0.454      0.490      0.622
145.8000     -29979.984   -29988.797        8.813   353.3     -0.619     -1.296     -1.304      0.540      0.059      0.101
145.8500     -29980.253   -29988.402        8.150   326.7     -0.596     -1.537     -0.923     -0.568     -0.269     -0.863
145.9000     -29980.556   -29988.814        8.258   331.0     -0.573     -0.141     -0.334      0.938      0.008      0.310
145.9500     -29980.720   -29989.049        8.329   333.9      0.065      0.512     -0.446     -0.420      0.910     -0.098
146.0000     -29980.605   -29988.320        7.716   309.3     -0.407     -1.235     -0.739      0.294     -0.221      0.038
146.0500     -29981.095   -29989.766        8.670   347.6     -0.022     -0.367     -0.171     -0.161      0.380      0.292
146.1000     -29981.105   -29989.293        8.188   328.2     -0.815     -0.273     -0.829      0.020      0.235      0.086
146.1500     -29981.319   -29989.332        8.013   321.2      0.922      0.145      0.065      0.331     -0.173     -0.716
146.2000     -29981.434   -29989.848        8.413   337.2     -0.133     -0.410      0.249      0.081     -0.832     -0.478
146.2500     -29981.953   -29989.285        7.332   293.9      1.225      0.613      0.092      0.837      0.239     -0.402
146.3000     -29981.548   -29989.904        8.357   335.0     -0.628      0.741      0.215      0.067      0.096     -0.007
146.3500     -29981.645   -29989.479        7.834   314.0     -0.629     -0.551     -1.533     -0.041      0.035     -0.085
146.4000     -29981.510   -29989.020        7.509   301.0      0.146      0.856      0.262      0.679     -0.616     -0.249
146.4500     -29981.379   -29989.199        7.820   313.5     -0.048     -0.337      0.103      0.336      0.006      0.215
146.5000     -29980.909   -29989.070        8.161   327.1     -0.189      0.176     -0.471      0.033      0.274     -0.258
146.5500     -29980.547   -29988.475        7.928   317.8     -1.026     -0.309     -0.653      0.348      0.213     -0.522
146.6000     -29980.773   -29989.270        8.497   340.6     -0.611     -0.067     -0.005      0.037     -0.467     -0.382
146.6500     -29981.141   -29989.352        8.211   329.1     -0.722      0.595     -0.428     -0.476     -0.402     -0.219
146.7000     -29981.651   -29989.377        7.726   309.7     -0.486     -1.629     -0.537      0.892     -0.349      0.004
146.7500     -29981.305   -29989.260        7.955   318.9     -0.620     -1.432     -0.855      0.282      0.008      0.066
146.8000     -29981.483   -29989.803        8.320   333.5     -0.263      0.092     -0.040      0.869     -0.472      0.407
146.8500     -29981.707   -29989.531        7.824   313.6     -0.095      0.776     -0.223      0.241      0.066      0.233
146.9000     -29981.623   -29989.496        7.873   315.6     -0.051      0.806      0.151     -0.071      0.057      0.941
146.9500     -29981.199   -29989.383        8.183   328.0     -0.077     -0.110      0.576      0.094     -0.209      0.262
147.0000     -29981.389   -29989.373        7.984   320.1     -1.056      0.002      0.685     -0.129     -0.171      0.416
147.0500     -29981.154   -29988.908        7.754   310.8      0.185      0.250     -0.679     -0.188      0.350     -0.231
147.1000     -29981.483   -29988.529        7.046   282.4      0.091      0.120      0.127     -0.201      0.222      0.271
147.1500     -29981.510   -29989.570        8.061   323.1     -0.400     -0.648     -0.944      0.159     -0.146     -0.033
147.2000     -29981.899   -29989.562        7.664   307.2      0.123     -0.263     -0.051      0.236      0.228     -0.001
147.2500     -29981.337   -29989.229        7.891   316.3     -0.196      0.413     -0.822      0.106     -0.124      0.157
147.3000     -29981.617   -29989.447        7.831   313.9     -0.155     -0.380      0.464      0.005     -0.175     -0.091
147.3500     -29981.301   -29989.457        8.156   326.9     -0.249     -0.638     -0.342      0.074     -0.117     -0.430
147.4000     -29981.147   -29989.600        8.452   338.8      0.238      0.311     -0.649     -0.398     -0.170     -0.187
147.4500     -29981.206   -29988.787        7.581   303.9     -1.110     -0.854      0.119      0.116      0.184     -0.048
147.5000     -29981.254   -29989.732        8.479   339.9     -0.098      0.025     -0.344      0.472     -0.051      0.097
147.5500     -29981.576   -29989.334        7.758   311.0     -0.573      0.514     -1.206      0.295      0.093     -0.217
147.6000     -29981.441   -29989.637        8.196   328.5     -0.561     -0.457     -1.033      0.173      0.248      0.157
147.6500     -29981.252   -29989.162        7.910   317.1     -0.684     -0.421      0.072     -1.042     -0.036     -0.494
147.7000     -29981.354   -29989.404        8.050   322.7      0.416      0.403     -0.487     -0.224     -0.426     -0.269
147.7500     -29981.550   -29989.424        7.874   315.6      0.327     -0.148      0.906      0.217     -0.106      0.278
147.8000     -29981.957   -29989.729        7.771   311.5      0.109     -0.323      0.225     -0.124      0.102     -0.229
147.8500     -29981.761   -29990.123        8.362   335.2     -0.065     -1.080     -0.470      0.110     -0.279     -0.266
147.9000     -29981.803   -29990.211        8.407   337.0     -0.441      0.603      0.787     -0.249     -0.292     -0.034
147.9500     -29982.098   -29990.141        8.042   322.4     -0.064     -0.419     -0.237      0.497      0.290     -0.398
148.0000     -29982.149   -29989.602        7.452   298.7     -0.033     -0.389      0.004      0.451     -0.036     -0.245
148.0500     -29982.121   -29989.861        7.741   310.3      0.199      0.145     -0.234     -0.064      0.050      0.136
148.1000     -29981.782   -29989.979        8.196   328.5      0.053     -0.259     -0.262     -0.306     -0.142      0.116
148.1500     -29981.539   -29989.740        8.201   328.7      0.645     -0.180     -0.806      0.402      0.062     -0.008
148.2000     -29982.169   -29989.564        7.395   296.4     -0.169     -0.381     -0.665     -0.609     -0.216      0.506
148.2500     -29981.569   -29989.344        7.775   311.7     -1.103      0.230     -0.805      0.606      0.042      0.520
148.3000     -29981.651   -29989.529        7.878   315.8     -0.116     -0.083     -0.489      0.490     -0.778     -0.720
148.3500     -29981.826   -29990.205        8.379   335.9     -0.297     -0.587      0.277      0.088     -0.187     -0.201
148.4000     -29982.039   -29989.891        7.852   314.7     -0.530      0.576     -0.005      0.287      0.205     -0.069
148.4500     -29981.198   -29989.131        7.933   318.0     -0.171     -0.432      0.111     -0.489      0.385     -0.312
148.5000     -29980.983   -29989.330        8.347   334.6     -0.441     -0.159     -1.036      0.048     -0.156      0.390
148.5500     -29980.950   -29989.209        8.259   331.1     -0.807     -0.485      0.207      0.095     -0.064     -0.571
148.6000     -29980.614   -29988.881        8.267   331.4      0.316     -0.470      0.054      0.161     -0.171     -0.257
148.6500     -29980.474   -29989.512        9.038   362.3      0.229      0.051     -0.039     -0.194     -0.244     -0.362
148.7000     -29980.466   -29989.359        8.894   356.5     -0.123     -0.201     -0.179      0.083     -0.022     -0.324
148.7500     -29980.034   -29988.305        8.271   331.5     -0.215     -0.685     -0.711      0.028     -0.398      0.241
148.8000     -29979.879   -29989.162        9.283   372.1     -0.524      0.318      0.790      0.165      0.026     -0.519
148.8500     -29979.714   -29988.338        8.624   345.7      0.244     -0.697      0.436     -0.137     -0.172      0.093
148.9000     -29979.688   -29988.855        9.167   367.5     -0.109     -0.193     -0.866      0.867     -0.358     -0.034
148.9500     -29980.088   -29988.377        8.289   332.3      0.113      0.397      0.158     -0.307     -0.261     -0.230
149.0000     -29980.221   -29988.631        8.410   337.1     -0.628      0.145      0.783      0.336      0.128     -0.076
149.0500     -29980.473   -29988.703        8.231   329.9     -0.521     -0.169     -0.492      0.377     -0.598     -0.138
149.1000     -29980.343   -29989.451        9.108   365.1     -0.239     -0.634     -0.202     -0.388      1.136      0.273
149.1500     -29981.074   -29988.916        7.842   314.4      0.253      0.193      0.229      0.123      0.430     -0.286
149.2000     -29981.229   -29989.607        8.378   335.8     -0.152      0.454     -0.684      0.346     -0.206     -0.026
149.2500     -29981.394   -29989.033        7.639   306.2      1.181      1.239      0.088     -0.184     -0.217     -0.440
149.3000     -29980.961   -29988.789        7.828   313.8      0.193      1.156     -0.322      0.045      0.147      0.217
149.3500     -29980.880   -29989.137        8.257   331.0     -0.422     -0.832     -0.189     -0.162      0.241     -0.389
149.4000     -29981.058   -29989.172        8.114   325.2     -0.277     -0.148     -0.903      0.340     -0.542     -0.662
149.4500     -29980.817   -29988.648        7.831   313.9      0.280      0.025     -0.583      0.079      0.140      0.749
149.5000     -29980.310   -29988.645        8.335   334.1      0.550     -0.902      0.637     -0.566      0.539     -0.025
149.5500     -29980.103   -29988.018        7.915   317.3      1.147      0.211     -0.392     -0.019     -0.040      0.560
149.6000     -29979.865   -29988.002        8.137   326.2      0.109     -0.488     -0.570     -0.081      0.259     -0.277
149.6500     -29979.259   -29988.490        9.231   370.0      0.514      1.173     -0.343      0.051     -0.681      0.093
149.7000     -29979.745   -29988.023        8.279   331.8     -0.270     -0.229     -1.060      0.226     -0.050      0.136
149.7500     -29979.491   -29988.100        8.609   345.1     -0.900     -0.926     -0.735      0.271      0.180     -0.369
149.8000     -29979.408   -29987.998        8.590   344.3     -0.263     -0.714     -0.833      0.118      0.037     -0.275
149.8500     -29979.986   -29988.199        8.214   329.2     -0.826     -0.458     -0.105      0.098      0.016     -0.281
149.9000     -29980.068   -29988.482        8.414   337.3     -0.548     -0.420     -0.472     -0.538     -0.052     -0.242
149.9500     -29980.283   -29988.623        8.340   334.3      0.634     -0.579      0.407     -0.433      0.364     -0.002
150.0000     -29980.222   -29988.387        8.165   327.3      0.494      1.031      0.407      0.179      0.532     -0.301
150.0500     -29979.679   -29988.402        8.724   349.7     -0.361     -0.847     -0.142     -0.068     -0.958      0.011
150.1000     -29980.006   -29988.697        8.691   348.4      0.280      0.357     -0.199      0.358     -0.510     -0.082
150.1500     -29979.356   -29988.232        8.876   355.8     -0.038     -0.224     -0.084      0.075      0.169     -0.128
150.2000     -29979.520   -29987.748        8.228   329.8     -0.335     -0.698     -0.281     -0.495     -0.204     -0.750
150.2500     -29979.617   -29988.068        8.451   338.8     -0.188     -0.141     -1.765      0.318     -0.219     -0.567
150.3000     -29979.670   -29988.342        8.672   347.6     -1.468     -0.668     -0.762     -0.408      0.312      0.755
150.3500     -29980.407   -29988.650        8.243   330.4     -0.302     -0.147     -0.242     -0.860     -0.310     -0.244
150.4000     -29981.260   -29989.129        7.869   315.4      0.476      0.112      0.036     -0.068      0.620     -0.268
150.4500     -29981.404   -29989.021        7.618   305.3      0.197     -0.609      0.105     -0.353     -0.831     -0.225
150.5000     -29982.058   -29989.662        7.604   304.8      0.344      0.549     -0.826     -0.095     -0.116      0.423
150.5500     -29981.917   -29989.488        7.572   303.5     -0.037     -0.825      0.686      0.134      0.117      0.695
150.6000     -29981.948   -29989.814        7.866   315.3     -0.746     -1.025     -1.024     -0.546      0.595     -0.439
150.6500     -29981.866   -29989.098        7.231   289.9     -0.276     -0.047     -0.089     -0.141     -0.286      0.037
150.7000     -29981.847   -29989.703        7.857   314.9     -0.379      0.075      0.066     -0.730      0.041     -0.223
150.7500     -29982.048   -29989.543        7.495   300.4     -0.227     -1.279     -0.103      0.376     -0.067      0.043
150.8000     -29981.872   -29990.078        8.206   328.9     -0.243      0.032     -1.397      0.320     -0.293      0.385
150.8500     -29981.004   -29989.951        8.947   358.6      0.208     -0.286     -0.673     -0.007     -0.027     -0.190
150.9000     -29980.873   -29989.342        8.469   339.5     -0.085     -0.694     -0.222     -0.146     -0.278     -0.054
150.9500     -29981.066   -29988.984        7.918   317.4     -0.394      0.322      0.265     -0.540     -0.372     -0.334
151.0000     -29981.589   -29990.061        8.471   339.6      0.686      0.093      0.786     -0.076     -0.252     -0.060
151.0500     -29981.026   -29988.891        7.865   315.3     -0.545      0.176     -0.579     -0.610     -0.251     -0.014
151.1000     -29980.954   -29989.547        8.593   344.4     -0.293      0.333     -0.438     -0.305      0.074     -0.012
151.1500     -29980.454   -29989.139        8.685   348.1      0.121      0.169     -0.444      0.211      0.017      0.489
151.2000     -29980.327   -29989.090        8.763   351.3     -0.227      0.018     -0.317     -0.165     -0.118     -0.310
151.2500     -29980.476   -29988.338        7.862   315.2      0.866      0.258      0.530     -0.193      0.507     -0.269
151.3000     -29980.348   -29989.369        9.021   361.6     -0.717     -0.496     -0.341     -0.037      0.007     -0.104
151.3500     -29980.267   -29988.916        8.649   346.7     -0.294     -1.246     -0.544      0.466     -0.272     -0.397
151.4000     -29980.144   -29988.494        8.350   334.7     -0.729     -0.899     -0.932     -0.511     -0.943     -0.604
151.4500     -29980.044   -29988.795        8.751   350.8     -0.257      0.199     -0.191     -0.070      0.670     -0.301
151.5000     -29980.271   -29989.264        8.992   360.5      0.092     -0.099     -0.381     -0.155     -0.391     -0.592
151.5500     -29980.235   -29989.271        9.037   362.2     -0.335      1.036     -0.406     -0.179     -0.262      0.150
151.6000     -29979.965   -29988.992        9.027   361.9     -0.080     -0.422     -0.449     -0.024     -0.301     -0.194
151.6500     -29980.852   -29988.754        7.901   316.7      0.270     -1.251      0.053     -0.230      0.267      0.158
151.7000     -29980.574   -29989.195        8.621   345.6      0.405     -0.216     -0.918      0.043      0.278      0.204
151.7500     -29980.410   -29988.289        7.880   315.8      0.400     -0.577      0.379      0.315      0.082      0.585
151.8000     -29980.034   -29988.561        8.527   341.8     -0.378     -0.118     -1.140     -0.478      0.331      0.116
151.8500     -29979.932   -29987.957        8.025   321.7     -0.610     -0.781     -0.035     -0.166      0.262      0.516
151.9000     -29980.322   -29988.691        8.370   335.5      0.012      0.196      0.388     -0.060     -0.401     -0.515
151.9500     -29980.574   -29988.543        7.969   319.4      0.387     -0.674      0.539     -0.596     -0.290     -0.324
152.0000     -29980.805   -29989.365        8.560   343.1     -0.601     -0.281     -0.119     -0.057      0.027      0.272
152.0500     -29981.380   -29989.629        8.248   330.6      0.103     -0.048     -0.117      0.330     -0.280      0.022
152.1000     -29981.554   -29989.850        8.295   332.5     -0.446     -0.709     -0.294      0.272      0.479      0.598
152.1500     -29982.142   -29989.672        7.530   301.8     -0.742     -0.942     -1.359     -0.076      0.186     -0.901
152.2000     -29981.792   -29989.771        7.979   319.8     -0.274      0.458      0.170     -0.844     -0.164     -0.070
152.2500     -29981.599   -29989.334        7.735   310.1     -0.838     -0.734     -0.892     -0.199      0.082     -0.499
152.3000     -29981.567   -29989.506        7.939   318.2     -0.006      0.427     -0.337     -0.801     -0.147     -0.115
152.3500     -29981.960   -29989.957        7.997   320.6     -0.136      0.630      0.171      0.001     -0.008      0.317
152.4000     -29981.807   -29990.141        8.333   334.0      0.091     -0.094      0.657     -0.379     -0.570     -0.460
152.4500     -29981.976   -29989.422        7.446   298.5     -0.191     -0.195     -0.370      0.021      0.273     -0.343
152.5000     -29981.348   -29989.801        8.453   338.8      0.194      0.329     -0.130      0.154      0.086      0.121
152.5500     -29981.445   -29989.266        7.821   313.5      0.127     -0.535     -0.736     -0.202      0.015     -0.753
152.6000     -29980.928   -29989.318        8.390   336.3     -0.618      0.443      0.798     -0.209      0.367      0.342
152.6500     -29980.977   -29989.215        8.238   330.2     -0.203      0.213     -0.667      0.218      0.044     -0.005
152.7000     -29980.978   -29989.510        8.532   342.0     -0.925     -0.185      0.223     -0.495      0.248     -0.268
152.7500     -29981.221   -29989.756        8.535   342.1     -0.170     -0.628     -1.006      0.397      0.063     -0.070
152.8000     -29981.566   -29989.938        8.371   335.6     -0.610     -1.260     -0.263      0.068      0.338     -0.598
152.8500     -29981.548   -29989.984        8.436   338.2     -0.721     -0.290     -0.532     -0.155     -0.386      0.448
152.9000     -29981.659   -29989.186        7.527   301.7     -0.373     -1.074      0.164      0.273     -0.591      0.647
152.9500     -29981.447   -29989.357        7.911   317.1     -0.309     -0.438     -0.680     -0.538      0.224     -0.625
153.0000     -29981.215   -29989.395        8.180   327.9     -0.085     -1.340     -0.515     -0.838     -0.005      0.403
153.0500     -29981.041   -29988.635        7.593   304.4     -1.014     -0.985      0.102     -0.220      0.103      0.293
153.1000     -29981.677   -29988.959        7.282   291.9     -0.368      0.075     -1.100      0.311      0.115      0.179
153.1500     -29981.361   -29989.662        8.301   332.7      0.401     -0.723     -1.014     -0.066     -0.028     -0.104
153.2000     -29981.587   -29989.871        8.284   332.1      0.355     -0.305     -0.233     -0.231     -0.002      0.507
153.2500     -29981.599   -29989.725        8.126   325.7     -0.639     -0.230     -1.202      0.014      0.301      0.248
153.3000     -29980.986   -29989.129        8.143   326.4     -0.041     -0.148     -0.791     -0.387      0.208      0.155
153.3500     -29981.090   -29990.160        9.070   363.6     -0.551     -0.503     -0.389      0.002     -0.045     -0.474
153.4000     -29981.057   -29989.229        8.172   327.6     -0.072     -0.261     -0.963      0.349      0.557     -0.560
153.4500     -29980.411   -29989.006        8.595   344.5      0.156      0.294      0.340     -0.750     -0.263     -0.232
153.5000     -29980.339   -29989.070        8.731   350.0      0.411     -0.662     -0.086      0.038      0.407      0.010
153.5500     -29980.523   -29988.758        8.235   330.1      0.300     -0.717     -0.537      0.062      0.217     -0.263
153.6000     -29980.852   -29989.623        8.771   351.6      0.053     -0.742     -0.306      0.026     -0.151      0.362
153.6500     -29981.077   -29989.113        8.036   322.1     -0.579      0.343     -0.444     -0.121      0.216      0.345
153.7000     -29980.800   -29988.988        8.189   328.2     -0.158     -0.229     -0.225     -0.149      0.120     -0.251
153.7500     -29980.599   -29988.824        8.225   329.7     -0.531     -0.816     -0.522      0.893     -0.005     -0.184
153.8000     -29980.468   -29989.303        8.835   354.1     -1.000     -0.336      0.259      0.278      0.017     -0.059
153.8500     -29980.373   -29988.650        8.277   331.8     -0.424     -1.480     -0.322      0.126     -0.024     -0.248
153.9000     -29980.287   -29987.635        7.347   294.5      0.346      0.354      0.403     -0.283     -0.243      0.133
153.9500     -29980.100   -29988.660        8.560   343.1      0.957      0.540      0.710     -0.239      0.004      0.371
154.0000     -29980.296   -29988.426        8.129   325.9      0.450      1.477      0.714     -0.005      0.490      0.456
154.0500     -29980.459   -29988.303        7.844   314.4     -0.622     -1.290     -0.371     -0.974     -0.345      0.225
154.1000     -29980.756   -29988.486        7.730   309.8     -0.205     -0.117      0.076     -0.131      0.213      0.030
154.1500     -29980.623   -29988.934        8.310   333.1      0.814      0.145      0.712      0.157     -0.227      0.555
154.2000     -29980.833   -29989.645        8.811   353.2      0.513      1.148      0.388      0.211      0.140      0.350
154.2500     -29980.962   -29989.211        8.249   330.7      0.877      0.171      0.636     -0.606      0.318     -0.935
154.3000     -29981.109   -29988.740        7.632   305.9     -0.911     -0.496      0.034      0.358     -0.242     -0.024
154.3500     -29981.763   -29989.740        7.977   319.8      0.497      0.181     -0.103      0.047      0.828     -0.100
154.4000     -29981.518   -29989.072        7.555   302.8     -0.680     -0.202      0.438      0.576     -0.011      0.101
154.4500     -29981.269   -29989.033        7.764   311.2      0.342     -0.199     -0.453     -0.359     -0.089      0.432
154.5000     -29980.235   -29988.359        8.125   325.7      0.144     -0.061     -0.209     -0.004      0.126      0.036
154.5500     -29980.158   -29988.602        8.443   338.4     -0.440     -0.732      0.116      0.198      0.108      0.189
154.6000     -29980.305   -29988.449        8.144   326.5     -0.424     -0.684     -0.255     -0.236     -0.046     -0.160
154.6500     -29980.784   -29988.971        8.187   328.2     -0.274      0.691      0.697      0.178     -0.283      0.198
154.7000     -29980.978   -29989.861        8.883   356.1     -0.159     -0.664     -0.565     -0.497      0.270     -0.224
154.7500     -29980.827   -29989.623        8.796   352.6     -0.116     -0.962      0.032     -0.902     -0.138     -0.051
154.8000     -29980.934   -29989.436        8.501   340.8     -1.065     -0.883     -0.691      0.513      0.015      0.367
154.8500     -29981.536   -29989.297        7.761   311.1     -1.057     -0.195     -0.520     -0.910     -0.150     -0.037
154.9000     -29981.902   -29990.141        8.239   330.2      0.238      0.108     -0.073      0.449     -0.326     -0.492
154.9500     -29981.583   -29989.992        8.409   337.1      0.888      0.711      0.359     -0.158      0.246      0.299
155.0000     -29981.214   -29989.064        7.850   314.7     -0.057      0.573     -0.238     -0.105      0.708     -0.062
155.0500     -29980.947   -29988.725        7.778   311.8     -0.149      0.351     -0.555     -0.304     -1.257      0.609
155.1000     -29980.569   -29988.932        8.363   335.2      0.490      0.517      0.001      0.347     -0.327      0.007
155.1500     -29980.163   -29988.850        8.687   348.2      0.297      0.279     -0.405      0.228      0.163      0.196
155.2000     -29979.897   -29989.240        9.344   374.5     -1.111     -1.188     -0.922     -0.026      0.327     -0.319
155.2500     -29980.355   -29988.756        8.401   336.8      0.342     -1.208     -0.564     -0.263     -0.128     -0.080
155.3000     -29980.048   -29988.541        8.493   340.4     -0.213     -0.245      0.102      0.074     -0.198      0.076
155.3500     -29979.934   -29988.186        8.252   330.8     -0.127     -0.060     -0.259     -0.387      0.196      0.362
155.4000     -29980.295   -29988.451        8.156   326.9     -0.339     -0.062     -0.419     -0.019     -0.484     -0.013
155.4500     -29980.290   -29988.582        8.292   332.4     -0.095      0.061     -0.562     -0.217     -0.324     -0.306
155.5000     -29980.140   -29989.100        8.960   359.2     -0.416     -1.617      0.510     -0.428      0.191     -0.249
155.5500     -29980.180   -29989.299        9.118   365.5      0.022      0.153      0.040      0.275      0.059      0.745
155.6000     -29980.372   -29988.814        8.442   338.4     -0.744     -1.554     -0.697     -0.476      0.715     -0.230
155.6500     -29980.135   -29988.807        8.672   347.6     -0.065      0.154     -0.288     -0.135      0.318     -0.133
155.7000     -29980.322   -29989.234        8.912   357.2     -0.140     -0.103      0.129     -0.558     -0.301     -0.500
155.7500     -29980.168   -29988.453        8.286   332.1     -0.873     -0.751     -1.034      0.422      0.064      0.586
155.8000     -29980.084   -29988.340        8.256   330.9     -0.776      1.041      0.771     -0.142     -0.031     -0.204
155.8500     -29979.893   -29989.088        9.195   368.6     -0.490     -0.758     -0.681      0.520     -0.204      0.093
155.9000     -29979.571   -29989.268        9.697   388.7      0.176     -0.363     -0.373     -0.245      0.003     -0.087
155.9500     -29979.970   -29988.672        8.702   348.8     -0.746      0.053     -0.515      0.241      0.264      0.040
156.0000     -29980.560   -29988.934        8.374   335.7     -0.647      0.076     -0.752      0.441     -0.435      0.063
156.0500     -29980.239   -29989.053        8.814   353.3     -0.320     -0.017     -1.081      0.374     -0.008     -0.307
156.1000     -29979.667   -29988.637        8.969   359.5     -0.572     -0.081     -0.794     -0.174     -0.156      0.125
156.1500     -29979.164   -29988.387        9.223   369.7     -0.438     -0.208      0.221      0.644      0.224      0.314
156.2000     -29979.059   -29988.062        9.004   360.9      0.965      0.067     -0.454     -0.071     -0.419     -0.756
156.2500     -29979.425   -29987.615        8.190   328.3     -0.119     -0.596     -0.800     -0.026      0.104      0.359
156.3000     -29979.183   -29988.422        9.239   370.3     -0.187      0.592     -0.181     -0.137      0.138     -0.035
156.3500     -29978.951   -29988.072        9.121   365.6     -0.113     -1.084     -0.440      0.134      0.146     -0.219
156.4000     -29979.015   -29988.021        9.007   361.0     -0.016      1.374      0.886     -0.777     -0.461     -0.059
156.4500     -29980.257   -29988.725        8.467   339.4     -0.089     -0.009     -0.941     -0.446      0.521      0.409
156.5000     -29980.070   -29989.250        9.180   368.0     -0.009     -0.106     -0.380     -0.391      0.043     -0.283
156.5500     -29980.433   -29989.082        8.649   346.7     -1.034     -0.460     -0.512      0.305     -0.163     -0.165
156.6000     -29979.983   -29989.234        9.251   370.8     -0.435      0.379      0.788     -0.781      0.688     -0.036
156.6500     -29980.308   -29988.586        8.278   331.8      0.090     -0.939     -0.588     -0.106     -0.547     -0.408
156.7000     -29980.686   -29988.826        8.140   326.3      0.480     -0.313     -0.113     -0.236      0.992     -0.021
156.7500     -29980.589   -29988.938        8.349   334.7     -0.995     -0.638     -0.628      0.032     -0.289     -0.072
156.8000     -29980.653   -29989.086        8.433   338.0     -0.658      0.186      0.049      0.004      0.397     -0.532
156.8500     -29980.268   -29988.617        8.349   334.7     -0.756     -0.491     -0.809      0.093      0.592     -0.208
156.9000     -29980.100   -29988.906        8.807   353.0      0.148      0.147      0.177      0.287     -0.126     -0.026
156.9500     -29980.271   -29987.922        7.651   306.7      0.187      0.526      0.526      0.365     -0.386      0.135
157.0000     -29980.573   -29988.512        7.939   318.2      0.202     -0.660      0.202     -0.418      0.421      0.581
157.0500     -29980.955   -29989.275        8.320   333.5     -0.260     -0.738     -1.060      0.400     -0.009     -0.201
157.1000     -29981.298   -29989.326        8.028   321.8     -0.425     -0.705      0.578     -0.130     -0.248     -0.373
157.1500     -29981.708   -29989.150        7.443   298.3     -0.408     -0.480     -0.693      0.482     -0.324     -0.420
157.2000     -29981.228   -29990.076        8.848   354.7     -0.170      0.626     -0.105     -0.329      0.181      0.371
157.2500     -29981.384   -29989.646        8.263   331.2     -0.275      0.477     -0.281      0.116     -0.196      0.028
157.3000     -29981.467   -29989.346        7.878   315.8      0.271      0.810     -0.218      0.306      0.285     -0.053
157.3500     -29981.077   -29988.848        7.770   311.5      0.308     -0.962     -1.085      0.029     -0.342      0.049
157.4000     -29980.798   -29990.068        9.271   371.6     -0.551     -1.121     -0.703     -0.007      0.407      0.037
157.4500     -29980.815   -29989.096        8.280   331.9     -0.282     -0.257      0.242     -0.566     -1.035      0.081
157.5000     -29981.088   -29989.023        7.936   318.1     -0.440     -1.742     -0.789     -0.055      0.120     -0.447
157.5500     -29981.175   -29990.094        8.918   357.5      0.080      0.947     -0.250      0.059     -0.527     -0.353
157.6000     -29981.488   -29989.848        8.359   335.1     -0.425      0.254     -0.365     -0.825     -0.189     -0.468
157.6500     -29981.799   -29989.842        8.042   322.4      0.892      0.669      0.231      0.534     -0.124     -0.383
157.7000     -29981.693   -29989.742        8.049   322.7     -0.440     -0.253      0.148     -0.229     -0.255      0.259
157.7500     -29981.729   -29989.871        8.142   326.4     -1.070      0.021     -0.316      0.037     -0.176     -0.326
157.8000     -29981.238   -29988.986        7.748   310.6     -0.786     -0.559     -0.721     -0.419      0.200     -0.065
157.8500     -29981.187   -29989.623        8.436   338.2     -0.799     -0.185      0.307     -0.153     -0.419     -1.013
157.9000     -29981.335   -29989.639        8.304   332.8      0.302      0.766     -0.485      0.323     -0.317      0.797
157.9500     -29981.336   -29989.195        7.859   315.0     -0.023     -0.246      1.108      0.208     -0.093      0.075
158.0000     -29981.386   -29989.242        7.856   314.9     -0.481      0.966     -0.583     -0.551      0.364      0.019
158.0500     -29981.056   -29988.918        7.862   315.1     -0.349     -0.335     -0.091      0.506     -0.309     -0.561
158.1000     -29981.329   -29989.350        8.020   321.5     -0.420      0.443      0.621     -0.384      0.372     -0.313
158.1500     -29980.554   -29988.500        7.946   318.5     -0.926     -0.502     -1.505      0.470      0.279      0.040
158.2000     -29980.038   -29988.184        8.146   326.5      0.182      0.223      0.402     -0.429      0.833     -0.425
158.2500     -29980.300   -29988.471        8.171   327.5      0.672      0.098     -0.293      0.408      0.143     -0.123
158.3000     -29980.123   -29988.311        8.187   328.2     -0.419      0.199     -0.142     -0.012     -0.688      0.345
158.3500     -29980.336   -29988.791        8.455   338.9      0.197      0.018      0.181     -0.547     -0.294      0.252
158.4000     -29980.571   -29988.402        7.832   313.9      0.149     -0.227      0.455      0.736      0.382      0.405
158.4500     -29980.711   -29988.471        7.760   311.1      0.285      1.355      0.258     -0.296     -0.032     -0.279
158.5000     -29980.555   -29988.824        8.269   331.5     -0.881     -1.017     -0.529     -0.231      0.131      0.105
158.5500     -29980.933   -29989.707        8.774   351.7     -0.967     -0.345      0.331     -0.170      0.286     -0.399
158.6000     -29981.133   -29989.420        8.287   332.2     -1.418     -1.435     -0.125      0.284      0.626      0.265
158.6500     -29980.833   -29989.180        8.347   334.6     -0.321     -0.610     -0.929     -0.697     -0.097      0.083
158.7000     -29980.951   -29989.633        8.682   348.0     -0.615     -0.591     -0.191      0.235     -0.211      0.574
158.7500     -29980.686   -29988.977        8.290   332.3      0.316      0.443      0.262      0.502     -0.108     -0.324
158.8000     -29980.378   -29988.449        8.071   323.5      0.941      0.333      0.309     -0.271      0.297      0.210
158.8500     -29980.368   -29988.416        8.048   322.6     -0.215     -0.103     -0.493     -0.288      0.688      0.179
158.9000     -29980.358   -29988.865        8.508   341.0     -0.219     -0.605     -0.578     -0.419      0.211      0.457
158.9500     -29981.251   -29988.938        7.686   308.1     -0.965      0.205     -0.123     -0.222      0.309     -0.412
159.0000     -29980.568   -29988.783        8.216   329.3     -0.658     -0.083      0.138     -0.006      0.128      0.343
159.0500     -29980.622   -29988.549        7.927   317.7     -1.761      0.924     -0.457      0.188     -0.004     -0.791
159.1000     -29981.286   -29989.305        8.019   321.4     -0.279     -0.214     -0.122     -0.315     -0.145     -0.028
159.1500     -29981.015   -29988.926        7.911   317.1     -0.578     -0.229     -0.530      0.126      0.214     -0.638
159.2000     -29981.441   -29989.334        7.893   316.4     -0.134     -1.110      0.132     -0.320      0.185     -0.635
159.2500     -29981.243   -29989.562        8.319   333.5     -0.952     -0.261     -2.011      0.369      0.014     -0.079
159.3000     -29981.377   -29989.555        8.178   327.8     -1.001     -0.337     -1.736      0.171     -0.092      0.028
159.3500     -29981.291   -29990.287        8.996   360.6      0.582      0.083     -0.119     -0.351      0.128     -0.492
159.4000     -29981.348   -29989.965        8.617   345.4      1.221      0.362      0.331      0.109     -0.239     -0.502
159.4500     -29981.744   -29989.885        8.141   326.3     -0.398     -0.538     -0.039     -0.163      0.742      0.704
159.5000     -29981.841   -29989.689        7.848   314.6     -1.517     -1.129     -1.210     -0.369     -0.491      0.714
159.5500     -29981.590   -29989.762        8.171   327.5      0.198     -0.756      0.340      0.106      0.289      0.212
159.6000     -29981.885   -29989.453        7.568   303.4     -0.645     -0.316      0.818      0.000     -0.179     -0.170
159.6500     -29981.622   -29990.689        9.068   363.5      0.606      0.265     -0.628      0.231     -0.086      0.371
159.7000     -29981.688   -29990.119        8.431   338.0     -0.989      0.146     -0.661     -0.142     -0.554      0.425
159.7500     -29981.634   -29989.900        8.266   331.3      1.165     -0.203     -0.710     -0.184      0.140      0.001
159.8000     -29981.688   -29990.010        8.321   333.6     -0.090     -0.135     -0.332      0.119      0.180      0.257
159.8500     -29982.777   -29989.908        7.131   285.8     -0.005      0.094      0.435     -0.011      0.226      0.677
159.9000     -29982.060   -29989.791        7.731   309.9      0.616      0.456     -0.436      0.294     -0.116      0.394
159.9500     -29982.503   -29990.486        7.983   320.0      0.387     -0.406      0.420     -0.444      0.186      0.050
160.0000     -29982.983   -29990.471        7.487   300.1     -0.809     -0.702     -0.913     -0.659     -0.161     -0.299
160.0500     -29983.056   -29991.090        8.034   322.0      0.476     -1.132      0.065      0.134     -0.130      0.538
160.1000     -29982.748   -29990.701        7.953   318.8     -0.139     -0.564     -1.163     -0.431      0.021      0.595
160.1500     -29982.671   -29990.275        7.604   304.8      0.990      0.111      0.389      0.010     -0.258     -0.024
160.2000     -29982.330   -29989.832        7.502   300.7     -0.418     -0.140      0.600     -0.112      0.051      0.037
160.2500     -29982.525   -29989.709        7.184   288.0     -0.052     -0.177     -0.458     -0.219     -0.241      0.255
160.3000     -29982.208   -29990.027        7.819   313.4      0.154     -0.639      0.542     -0.398      0.051     -0.185
160.3500     -29982.032   -29989.619        7.587   304.1     -0.228     -0.474     -0.265     -0.313      0.431     -0.105
160.4000     -29982.062   -29990.125        8.063   323.2     -1.089      0.384     -0.358      0.085     -0.047     -0.570
160.4500     -29981.503   -29989.895        8.392   336.4     -1.013     -0.995     -0.840      0.402      0.103     -0.408
160.5000     -29981.367   -29989.365        7.998   320.6     -0.401      0.393     -0.172     -0.444      0.473      0.098
160.5500     -29981.403   -29989.725        8.322   333.6     -0.003     -0.927     -1.082      0.516      0.004      0.652
160.6000     -29981.444   -29989.150        7.706   308.9     -0.462     -0.509     -0.821     -0.267     -0.363     -0.048
160.6500     -29981.894   -29989.744        7.850   314.7     -0.858     -0.945     -1.795     -0.169     -0.039      0.223
160.7000     -29981.671   -29989.912        8.241   330.3     -0.271      0.838      0.369      0.077     -0.118      0.240
160.7500     -29981.974   -29989.824        7.850   314.7     -0.600      0.257     -0.123     -0.101     -0.232     -0.104
160.8000     -29981.143   -29990.109        8.966   359.4     -0.304     -1.262     -0.841      0.184     -0.162     -0.246
160.8500     -29981.737   -29989.559        7.822   313.5     -1.037     -0.069     -0.768     -0.315      0.595      0.219
160.9000     -29982.058   -29989.451        7.393   296.4     -0.111     -0.377      0.088      0.170     -0.380      0.365
160.9500     -29982.335   -29990.152        7.817   313.4     -0.563      0.014     -0.521      0.313      0.486     -0.117
161.0000     -29982.055   -29989.908        7.853   314.8     -0.464     -0.119     -0.928     -0.141      0.099     -0.066
161.0500     -29982.511   -29990.547        8.036   322.1     -0.246     -0.760     -0.189      0.386     -0.276      0.375
161.1000     -29982.118   -29990.895        8.776   351.8     -0.172     -0.386     -0.178      0.463     -0.320      0.139
161.1500     -29981.646   -29989.549        7.903   316.8     -0.572     -0.552     -0.373      0.285     -0.050      0.464
161.2000     -29980.631   -29989.555        8.923   357.7     -1.627     -0.790     -1.154      0.099     -0.010      0.297
161.2500     -29980.887   -29989.424        8.536   342.2     -0.923     -0.961     -0.420     -0.266     -0.143      0.113
161.3000     -29980.580   -29989.025        8.445   338.5      0.551     -0.328     -1.101     -0.430      0.224      0.359
161.3500     -29981.186   -29989.502        8.316   333.3     -0.434     -0.707      0.298     -0.003     -0.630     -0.473
161.4000     -29981.093   -29989.436        8.343   334.4      0.050     -0.642     -0.717     -0.199      1.186      0.142
161.4500     -29980.464   -29988.916        8.452   338.8     -0.463      0.565     -0.932      0.084      0.263      0.480
161.5000     -29980.665   -29989.023        8.359   335.0     -0.405      0.002     -1.372     -0.024     -0.329     -0.448
161.5500     -29980.290   -29988.887        8.597   344.6     -0.776     -1.448     -0.042     -0.024      0.255     -0.116
161.6000     -29980.556   -29989.275        8.720   349.5     -0.687     -0.254     -1.206      0.042      0.305      0.126
161.6500     -29980.671   -29989.072        8.402   336.8     -1.227     -0.886     -0.566     -0.620      0.104      0.016
161.7000     -29980.645   -29989.090        8.445   338.5     -0.525      0.955     -0.010      0.182     -0.076      0.701
161.7500     -29980.825   -29990.148        9.323   373.7     -0.329     -0.012      0.260      0.056      0.061     -0.026
161.8000     -29980.812   -29990.008        9.196   368.6     -1.360     -0.814     -1.119      0.291     -0.904      0.103
161.8500     -29980.675   -29989.143        8.467   339.4     -0.453     -0.321     -0.138     -0.245      0.123      0.511
161.9000     -29980.455   -29989.295        8.840   354.4     -0.185     -0.887     -0.995     -0.210      0.069      0.263
161.9500     -29980.495   -29989.182        8.687   348.2     -1.100     -0.137     -0.914     -0.100     -0.014     -0.036
162.0000     -29980.705   -29989.422        8.717   349.4     -0.489      0.207     -0.275     -0.457      0.194      0.946
162.0500     -29980.439   -29989.379        8.940   358.3     -0.276      0.333     -0.288     -0.440      0.081      0.179
162.1000     -29980.934   -29989.988        9.054   362.9     -0.768     -0.255     -0.598     -0.087     -0.129      0.441
162.1500     -29981.519   -29989.348        7.829   313.8      0.030     -0.333     -0.451     -0.076      0.271      0.321
162.2000     -29980.989   -29989.453        8.465   339.3      0.114      0.534      0.557     -0.399     -0.115     -0.158
162.2500     -29980.783   -29989.131        8.348   334.6     -1.058     -0.263     -0.507     -0.318      0.017     -0.228
162.3000     -29980.695   -29989.428        8.732   350.0     -0.309      0.065     -0.989     -0.183     -0.063     -0.142
162.3500     -29981.025   -29988.945        7.920   317.5      0.157     -0.140      0.054     -0.001      0.200     -0.117
162.4000     -29980.234   -29988.590        8.356   334.9      0.429      0.262     -0.397     -0.452     -0.408     -0.154
162.4500     -29979.697   -29988.486        8.790   352.3     -0.253     -1.469      0.038      0.109      0.213      0.548
162.5000     -29979.846   -29988.592        8.746   350.6     -0.706     -0.394     -0.241     -0.186      0.097      0.084
162.5500     -29979.807   -29988.480        8.673   347.7     -0.905      0.353     -0.461      0.084      0.570     -0.091
162.6000     -29979.988   -29988.426        8.437   338.2     -0.094     -0.091      0.139      0.163     -0.358      0.607
162.6500     -29979.981   -29988.477        8.496   340.5     -0.225     -1.392     -0.574     -0.375     -0.320     -0.415
162.7000     -29980.074   -29988.773        8.699   348.7     -0.181      0.083      0.420     -0.233     -0.019     -0.645
162.7500     -29979.983   -29988.807        8.823   353.7     -0.582     -0.691     -1.138     -0.071     -0.072     -0.167
162.8000     -29980.583   -29988.664        8.081   323.9     -0.350     -0.400     -0.292     -0.128      0.608      0.551
162.8500     -29980.329   -29988.346        8.017   321.4     -0.855     -0.106     -0.808      0.192     -0.369     -0.117
162.9000     -29980.607   -29989.357        8.751   350.8     -0.284      0.067      0.139     -0.095     -0.270      0.014
162.9500     -29981.241   -29989.178        7.937   318.1     -0.533     -0.294      0.522      0.630      0.120     -0.005
163.0000     -29981.516   -29990.205        8.689   348.3     -0.144     -0.244     -0.490      0.207      0.060     -0.007
163.0500     -29981.473   -29989.738        8.265   331.3     -0.463     -0.142     -0.454     -0.069      0.149     -0.020
163.1000     -29981.241   -29989.105        7.864   315.2     -0.262     -0.621      0.433     -0.150     -0.426      0.012
163.1500     -29981.309   -29989.297        7.988   320.2      0.837      0.334     -0.982      0.129      0.348     -0.033
163.2000     -29981.396   -29989.088        7.692   308.3      0.181     -0.501     -0.199     -0.318     -0.152     -0.241
163.2500     -29981.211   -29989.453        8.242   330.4     -0.404     -0.479      0.105      0.632      0.111      0.243
163.3000     -29981.500   -29989.971        8.470   339.5     -0.692     -1.271     -1.070     -0.161     -0.357     -0.038
163.3500     -29981.857   -29989.189        7.332   293.9      0.494     -0.796      0.655     -0.078     -0.333      0.586
163.4000     -29981.715   -29990.055        8.339   334.3     -0.097     -0.454      0.011     -0.212      0.043      0.175
163.4500     -29981.601   -29989.662        8.061   323.1     -0.651     -0.057     -0.223     -0.264      0.564     -0.275
163.5000     -29981.331   -29989.768        8.436   338.2     -0.391     -0.661     -0.605     -0.826     -0.298     -0.159
163.5500     -29981.234   -29989.857        8.623   345.7     -0.645     -0.894     -1.063     -0.492      0.085      0.458
163.6000     -29981.366   -29989.807        8.440   338.3      0.748      0.478      0.663      0.039      0.214     -0.378
163.6500     -29981.703   -29989.576        7.873   315.6     -1.314     -0.179      0.079     -0.655     -0.164     -0.628
163.7000     -29981.475   -29989.289        7.814   313.2      0.416      0.044     -0.230     -0.414      0.549      0.319
163.7500     -29981.332   -29989.320        7.988   320.2     -0.396     -0.542     -0.807      0.136     -0.033     -0.202
163.8000     -29981.049   -29988.973        7.923   317.6     -0.618      0.705     -0.306     -0.291     -0.453      0.073
163.8500     -29980.910   -29988.928        8.017   321.4     -0.767     -0.587     -0.777     -0.015      0.457      0.254
163.9000     -29980.863   -29989.111        8.248   330.6      0.236     -0.490      0.929     -0.098     -0.149     -0.221
163.9500     -29980.442   -29989.131        8.688   348.3     -0.298      0.268     -0.047     -0.271      0.438      0.284
164.0000     -29979.558   -29987.578        8.021   321.5      0.296      0.341      0.367     -0.449      0.547     -0.125
164.0500     -29979.529   -29988.383        8.854   354.9     -0.615     -0.984     -0.350      0.446     -0.219     -0.182
164.1000     -29979.664   -29988.639        8.975   359.8      0.025     -0.474     -0.613     -0.250      0.744      0.858
164.1500     -29980.127   -29988.037        7.911   317.1     -0.870     -0.176     -0.189     -0.239      0.461     -0.347
164.2000     -29980.454   -29988.980        8.526   341.8     -0.673     -0.716     -0.941     -0.031      0.730      0.443
164.2500     -29980.144   -29988.875        8.731   350.0     -0.077     -0.242      0.018      0.573     -0.510      0.498
164.3000     -29980.203   -29988.299        8.096   324.5     -0.835     -0.668     -0.938      0.291      0.041     -0.092
164.3500     -29979.980   -29988.615        8.636   346.2     -1.398     -0.749     -0.833      0.088      0.320      0.776
164.4000     -29980.230   -29988.684        8.454   338.9     -0.174     -0.689     -0.810      0.476      0.169     -0.097
164.4500     -29980.358   -29988.928        8.569   343.5     -0.571      0.235      0.388     -0.306      0.135     -0.260
164.5000     -29980.150   -29988.891        8.741   350.4     -0.704     -0.758     -0.827      0.516     -0.345      0.287
164.5500     -29979.982   -29988.537        8.555   342.9     -0.025     -0.252      0.413      0.011     -0.184     -0.030
164.6000     -29980.073   -29988.545        8.472   339.6     -0.107      0.171     -0.475     -0.020     -0.727     -0.260
164.6500     -29980.306   -29988.332        8.026   321.7      0.127     -0.404      0.332      0.172     -0.237     -0.034
164.7000     -29980.324   -29988.182        7.858   315.0     -0.000     -0.070     -0.299      0.681      0.291      0.105
164.7500     -29980.273   -29987.930        7.657   306.9     -0.750     -0.198     -1.150     -0.089      0.111      0.053
164.8000     -29980.450   -29988.293        7.843   314.4     -0.458     -0.604     -0.435     -0.501     -1.009     -0.111
164.8500     -29980.574   -29988.656        8.082   324.0      0.152     -0.300      0.262     -0.072     -0.037      0.087
164.9000     -29980.787   -29989.039        8.252   330.8     -0.720     -0.677     -0.600      0.670     -0.257      0.006
164.9500     -29981.343   -29989.227        7.884   316.0     -0.190     -0.232      0.327     -0.240      0.348     -0.057
165.0000     -29981.053   -29989.842        8.789   352.3     -0.272      0.023     -0.352      0.358      0.162     -0.231
165.0500     -29981.416   -29989.873        8.457   339.0     -0.598     -0.100     -0.239     -0.132     -0.583     -0.196
165.1000     -29981.158   -29989.123        7.965   319.3     -0.043     -1.206     -0.389     -0.140     -0.087     -0.394
165.1500     -29981.103   -29988.914        7.811   313.1     -1.211      0.192     -0.195     -0.504     -0.370     -0.171
165.2000     -29980.578   -29989.238        8.660   347.1     -0.323     -0.426     -0.859     -0.026     -0.095      0.559
165.2500     -29980.745   -29988.986        8.241   330.4     -0.413      0.459     -0.573     -0.264      0.258     -0.153
165.3000     -29980.913   -29989.586        8.673   347.7      0.032     -0.225     -0.270     -0.005     -0.043      0.280
165.3500     -29981.365   -29989.525        8.161   327.1      0.087      0.110      0.229     -0.358      0.123     -0.756
165.4000     -29981.702   -29989.980        8.278   331.8     -0.587     -0.687     -0.908     -0.036     -0.322      0.414
165.4500     -29981.175   -29989.463        8.288   332.2      0.211      0.522     -0.098     -0.035      0.928      0.106
165.5000     -29981.097   -29988.896        7.800   312.6      0.166      0.172      0.672      0.073      0.600     -0.499
165.5500     -29981.645   -29989.424        7.778   311.8     -0.133      0.057      0.539      0.159     -0.461      0.208
165.6000     -29980.903   -29989.039        8.136   326.1     -0.301      0.338     -0.252      0.070     -0.280      0.044
165.6500     -29980.778   -29989.238        8.460   339.1      0.075     -0.313     -0.071     -0.355     -0.195     -0.255
165.7000     -29980.719   -29989.289        8.570   343.5     -0.407      0.075     -0.716     -0.677     -0.148      0.166
165.7500     -29981.270   -29989.301        8.031   321.9     -0.220     -1.212     -0.863     -0.120     -0.296      0.023
165.8000     -29981.521   -29989.521        8.001   320.7     -0.292     -0.826      0.307     -0.093     -0.030      0.186
165.8500     -29981.419   -29989.635        8.215   329.3      0.828     -0.056      0.477     -0.247      0.379     -0.379
165.9000     -29981.300   -29988.766        7.465   299.2     -0.256     -0.081     -0.747     -0.225     -0.039      0.481
165.9500     -29980.612   -29988.502        7.890   316.3      0.643     -0.196      0.125      0.106     -0.163     -0.452
166.0000     -29979.896   -29989.217        9.321   373.6     -0.146      0.071     -1.081     -0.618     -0.242      0.113
166.0500     -29980.449   -29988.842        8.393   336.4      0.203     -1.154     -0.069     -0.207     -0.339     -0.034
166.1000     -29980.383   -29988.658        8.275   331.7      0.747      0.422      0.059     -0.327      0.573      0.190
166.1500     -29980.137   -29989.197        9.061   363.2     -0.113     -0.387     -0.768     -0.773      0.003     -0.046
166.2000     -29979.449   -29988.008        8.559   343.1     -0.209      0.008     -0.517      0.338     -0.636      0.014
166.2500     -29980.138   -29988.064        7.926   317.7     -0.049      0.212     -0.327     -0.356     -0.191     -0.135
166.3000     -29980.361   -29988.279        7.919   317.4      0.216      0.413      0.352      0.277      0.008     -0.200
166.3500     -29980.147   -29988.643        8.496   340.5      0.005      1.215      0.178     -0.381     -0.218     -0.010
166.4000     -29980.007   -29988.525        8.518   341.5     -0.215     -0.259     -0.315     -0.150      0.109     -0.724
166.4500     -29980.322   -29988.473        8.150   326.7      0.997      0.183      0.208     -0.140      0.347      0.022
166.5000     -29980.145   -29988.572        8.427   337.8      0.663      0.511      0.413     -0.216      0.182     -0.167
166.5500     -29979.925   -29988.223        8.298   332.6     -0.754     -0.404      0.828      0.090     -0.464     -0.090
166.6000     -29979.774   -29988.053        8.278   331.8      0.197      0.314      0.142     -0.217     -0.428     -0.433
166.6500     -29980.279   -29989.293        9.014   361.3     -0.511     -0.431     -0.045     -0.644      0.117     -0.228
166.7000     -29979.717   -29988.797        9.079   363.9     -0.128      0.456      0.281     -0.212     -0.050      0.090
166.7500     -29979.929   -29989.025        9.096   364.6     -0.951     -0.660      0.451     -0.214     -0.242      0.170
166.8000     -29980.233   -29988.719        8.486   340.2     -0.614      0.363     -0.299      0.122     -0.426      0.009
166.8500     -29979.656   -29989.029        9.373   375.7     -0.441     -1.102     -0.227      0.095     -0.063     -0.208
166.9000     -29980.018   -29989.494        9.476   379.8      0.624      0.250      0.025      0.048     -0.183     -0.110
166.9500     -29980.174   -29988.799        8.625   345.7      0.335      0.390      1.559     -0.320      0.145      0.138
167.0000     -29980.096   -29989.352        9.256   371.0     -0.469     -0.036     -0.321      0.501      0.278     -0.144
167.0500     -29980.333   -29989.533        9.200   368.8     -0.292      0.303      0.089      0.185     -0.641     -0.661
167.1000     -29981.101   -29989.596        8.495   340.5      0.123      0.272      0.480      0.111      0.055     -0.130
167.1500     -29981.323   -29989.750        8.427   337.8     -0.336      0.077      0.084      0.082     -0.323      0.495
167.2000     -29980.960   -29989.311        8.351   334.7     -1.508     -0.495     -0.552     -0.420     -0.072      0.070
167.2500     -29980.882   -29989.059        8.177   327.8     -0.894     -0.346     -1.121      0.207     -0.213     -0.350
167.3000     -29980.880   -29990.225        9.344   374.6     -0.933     -0.505      1.021      0.143      0.167      0.357
167.3500     -29981.232   -29989.441        8.209   329.1      0.287      0.130     -0.513     -0.017     -0.081     -0.212
167.4000     -29980.861   -29988.955        8.094   324.4     -0.294     -0.573     -0.337     -0.465      0.656     -0.182
167.4500     -29980.911   -29989.242        8.331   333.9     -0.262     -0.076      0.405      0.347     -0.099      0.190
167.5000     -29981.223   -29989.115        7.892   316.3     -0.534     -0.136     -0.411     -0.460     -0.328     -0.423
167.5500     -29981.551   -29989.949        8.399   336.7     -0.892     -0.206      0.377     -0.210     -0.234     -0.228
167.6000     -29981.543   -29989.225        7.681   307.9     -0.714      0.009     -0.430     -0.531     -0.263      0.046
167.6500     -29981.625   -29989.133        7.508   300.9      0.759      0.189      0.385      0.500     -0.053     -0.572
167.7000     -29981.235   -29989.193        7.959   319.0     -0.826     -0.898     -0.843      0.018      0.038      0.549
167.7500     -29980.896   -29988.488        7.593   304.4     -0.520     -0.858     -0.174      0.360     -0.167     -0.284
167.8000     -29980.809   -29989.156        8.347   334.6     -0.378     -0.025     -0.342     -0.168     -0.492      0.023
167.8500     -29981.608   -29989.686        8.077   323.8     -0.441      0.043     -0.433      0.231     -0.039      0.313
167.9000     -29981.678   -29989.869        8.191   328.3     -0.305     -0.286     -0.467     -0.116      0.037     -0.302
167.9500     -29981.680   -29990.449        8.769   351.5      0.640     -0.599     -0.221      0.010      0.274     -0.091
168.0000     -29982.086   -29990.033        7.948   318.6     -0.064     -0.250     -0.227     -0.399      0.046     -0.379
168.0500     -29982.388   -29989.951        7.564   303.2     -0.071     -1.312     -0.247      0.527      0.091      0.292
168.1000     -29982.189   -29990.062        7.874   315.6     -0.998     -0.240     -0.837      0.300      0.153     -0.547
168.1500     -29981.713   -29989.604        7.891   316.3     -0.625     -0.637      0.302     -0.341     -0.390     -0.149
168.2000     -29981.239   -29989.043        7.804   312.8     -0.077     -0.410     -0.543      0.227      0.470      0.098
168.2500     -29981.315   -29988.750        7.435   298.0     -1.043      0.761     -0.874      0.192     -0.473      0.076
168.3000     -29981.275   -29989.479        8.204   328.9      0.286     -0.116     -0.115      0.093      0.227      0.446
168.3500     -29981.498   -29989.703        8.205   328.9     -0.309     -0.168     -0.080      0.262     -0.026      0.007
168.4000     -29982.260   -29989.967        7.707   308.9     -0.545     -0.412      0.133      0.255     -0.303     -0.465
168.4500     -29982.223   -29989.416        7.193   288.3      0.507      0.813     -0.039      0.015     -0.167     -0.112
168.5000     -29982.204   -29989.246        7.042   282.3      0.477     -0.288      0.126      0.097      0.397      0.115
168.5500     -29982.476   -29990.760        8.284   332.1     -0.534      0.069     -0.140     -0.055     -0.102     -0.093
168.6000     -29982.477   -29990.699        8.222   329.6     -1.192      0.339     -1.035     -0.073      0.119      0.564
168.6500     -29982.579   -29990.529        7.951   318.7     -0.582     -0.915     -0.034      0.090     -0.086     -0.170
168.7000     -29982.148   -29989.924        7.776   311.7      0.979     -0.313     -1.037      0.199     -0.058      0.059
168.7500     -29981.767   -29989.855        8.088   324.2     -0.094      0.283     -0.532     -0.269      0.202      0.129
168.8000     -29981.873   -29990.139        8.265   331.3     -0.595     -0.341     -1.388      0.101      0.437     -0.365
168.8500     -29981.870   -29990.115        8.246   330.5      0.187     -0.375      0.352      0.007     -0.701     -0.313
168.9000     -29981.234   -29988.887        7.653   306.8     -0.969     -0.847     -1.087     -0.062      0.727      0.255
168.9500     -29981.313   -29989.430        8.117   325.4     -0.540     -1.562     -0.821     -0.068     -0.325     -0.669
169.0000     -29981.542   -29989.482        7.941   318.3      0.509     -0.422     -0.302     -0.316      0.335      0.335
169.0500     -29982.029   -29989.996        7.967   319.3     -0.554      0.360      0.852     -0.069      0.081     -0.520
169.1000     -29981.607   -29989.406        7.799   312.6      0.274     -0.824     -0.905     -0.259      0.266     -0.294
169.1500     -29981.605   -29989.654        8.049   322.6     -0.292     -0.249      0.699     -0.744      0.475     -0.046
169.2000     -29980.924   -29989.400        8.476   339.8      0.274     -1.015     -0.315     -0.384      0.058     -0.534
169.2500     -29980.799   -29989.164        8.365   335.3     -1.984     -0.409     -0.534      0.191     -0.122      0.207
169.3000     -29980.665   -29988.961        8.296   332.5     -0.372     -1.902     -0.152     -0.096     -0.109      0.513
169.3500     -29981.130   -29989.365        8.235   330.1      0.755     -0.663     -0.486      0.315      0.035     -0.329
169.4000     -29981.157   -29989.363        8.207   329.0     -1.382     -0.728     -0.055     -0.007     -0.442     -0.132
169.4500     -29980.862   -29988.842        7.980   319.9     -0.094     -0.660     -0.430     -0.461     -0.370      0.144
169.5000     -29980.821   -29989.344        8.522   341.6     -0.042     -0.989     -0.467     -0.359      0.109     -0.314
169.5500     -29981.424   -29989.258        7.834   314.0      0.142      0.205      0.213     -0.125      0.356      0.137
169.6000     -29981.148   -29989.449        8.301   332.7     -0.518     -0.002     -0.227      0.220     -0.198     -0.343
169.6500     -29981.382   -29989.436        8.054   322.8      0.605      0.228     -0.259      0.095      0.064      0.051
169.7000     -29981.270   -29989.275        8.006   320.9     -0.674     -1.189      0.574     -0.504     -0.577     -0.271
169.7500     -29981.446   -29988.961        7.515   301.2     -1.373     -1.070     -1.428      0.185     -0.082      0.082
169.8000     -29981.734   -29990.143        8.409   337.1     -0.199     -0.911     -0.018      0.153     -0.539     -0.278
169.8500     -29981.468   -29989.486        8.018   321.4      0.217     -0.029     -0.100     -0.285      0.184      0.473
169.9000     -29981.621   -29989.674        8.053   322.8      0.532     -0.080      0.496      0.275      0.120     -0.193
169.9500     -29981.401   -29989.691        8.290   332.3     -0.286     -0.511      0.333     -0.204     -0.633      0.079
170.0000     -29980.608   -29989.090        8.482   340.0     -0.730     -0.274      0.300      0.023      0.326     -0.035
170.0500     -29980.046   -29988.658        8.612   345.2     -0.357      0.296     -0.315      0.222     -0.169     -0.077
170.1000     -29979.930   -29988.301        8.371   335.5     -0.945     -0.934     -0.603      0.380     -0.523      0.195
170.1500     -29979.313   -29988.098        8.785   352.1      0.895      0.044      0.606      0.074      0.208     -0.588
170.2000     -29979.537   -29987.754        8.217   329.4     -1.220     -2.195     -0.838     -0.150     -0.182      0.204
170.2500     -29979.259   -29988.297        9.038   362.3      0.162     -0.255     -0.698      0.161      0.163     -0.083
170.3000     -29979.630   -29988.207        8.577   343.8     -0.679     -0.541     -0.134     -0.007     -0.733      0.151
170.3500     -29979.842   -29988.703        8.861   355.2      0.145     -0.691      0.919     -0.052     -0.147      0.192
170.4000     -29980.201   -29988.848        8.647   346.6      0.403      0.029      0.178      0.230      0.225      0.087
170.4500     -29980.143   -29989.053        8.910   357.1      0.102      0.175     -0.321      0.474      0.032     -0.483
170.5000     -29980.668   -29989.010        8.342   334.4     -0.238     -0.929     -0.041      0.227      0.215      0.270
170.5500     -29980.997   -29989.273        8.277   331.8      0.911      0.666      0.706     -0.741     -0.026      0.059
170.6000     -29981.012   -29990.004        8.992   360.4      0.059      0.855      0.144     -0.045      0.910      0.206
170.6500     -29980.585   -29989.008        8.423   337.6      0.527     -0.177     -0.079     -0.355     -0.739      0.127
170.7000     -29980.026   -29988.400        8.374   335.7     -0.190     -0.007      0.016      0.095      0.073      0.020
170.7500     -29979.842   -29988.818        8.977   359.8     -0.369     -0.878     -0.749     -0.182     -0.036     -0.033
170.8000     -29979.935   -29988.016        8.081   323.9     -0.171     -0.688     -1.029     -0.313      0.394      0.374
170.8500     -29979.768   -29988.031        8.263   331.2     -0.460      0.270     -1.446      0.443      0.186     -0.420
170.9000     -29980.111   -29988.596        8.485   340.1     -1.030     -0.327      0.759      0.276      0.354     -0.488
170.9500     -29979.553   -29988.623        9.070   363.6      0.317     -1.396     -0.757      0.212     -0.276     -0.133
171.0000     -29980.319   -29989.111        8.792   352.4     -0.384      0.406     -0.963     -0.167     -0.260     -0.298
171.0500     -29980.327   -29989.387        9.060   363.2      0.328     -0.867     -0.059      0.246     -0.173      0.447
171.1000     -29980.507   -29988.857        8.350   334.7      0.551      0.089      0.182      0.132     -0.412      0.089
171.1500     -29980.592   -29988.488        7.896   316.5      0.109      0.455      1.202     -0.041      0.463     -0.009
171.2000     -29980.586   -29989.164        8.578   343.8     -0.935     -0.929     -1.219      0.248      0.077     -0.150
171.2500     -29980.701   -29989.432        8.730   350.0     -0.586      0.235     -0.947      0.198      0.410     -0.471
171.3000     -29980.958   -29989.785        8.828   353.9      0.199     -0.457     -0.385      0.111     -0.042     -0.224
171.3500     -29980.112   -29988.941        8.830   353.9      0.575      0.504     -1.166      0.381      0.472     -0.436
171.4000     -29980.996   -29988.566        7.571   303.5      0.707     -0.662     -0.206      0.193     -0.440      0.291
171.4500     -29981.076   -29989.107        8.031   321.9      0.155      0.229      0.189     -0.469      0.343     -0.292
171.5000     -29981.005   -29988.590        7.585   304.0     -1.528     -0.304     -0.216      0.119      0.589     -0.015
171.5500     -29980.713   -29988.715        8.002   320.8     -0.298      0.437     -0.649      0.312      0.604      0.636
171.6000     -29980.411   -29988.559        8.148   326.6      0.218      1.321      1.203      0.240      0.091     -0.590
171.6500     -29980.124   -29988.510        8.385   336.1     -1.101      0.320     -0.089     -0.912      0.006      0.188
171.7000     -29980.655   -29989.352        8.696   348.6     -0.012      0.379      0.378      0.153      0.018     -0.363
171.7500     -29980.294   -29989.082        8.788   352.3      0.916      1.214      0.057      0.070     -0.181     -0.043
171.8000     -29980.699   -29989.553        8.853   354.9     -1.172     -0.311     -0.587      0.377     -0.232     -0.410
171.8500     -29980.963   -29989.455        8.492   340.4     -0.018     -0.531     -1.079     -0.025     -0.020     -0.008
171.9000     -29981.044   -29989.268        8.224   329.6     -0.197      0.163      0.081      0.339     -0.368      0.152
171.9500     -29980.930   -29988.613        7.683   308.0     -0.193      0.331      0.140     -0.373      0.200     -0.418
172.0000     -29981.178   -29988.633        7.455   298.8      0.411     -0.169     -0.398     -0.887     -0.022      0.266
172.0500     -29981.270   -29989.887        8.616   345.4      1.284      0.386     -0.419     -0.087     -0.106     -0.188
172.1000     -29981.241   -29989.322        8.082   323.9      0.786      1.294      0.444      0.249     -0.467      0.259
172.1500     -29981.286   -29989.127        7.841   314.3     -0.219     -0.579     -0.108      0.169     -0.127     -0.119
172.2000     -29981.829   -29989.539        7.710   309.0      0.156     -0.088      0.043     -0.332      0.233     -0.213
172.2500     -29981.077   -29989.535        8.458   339.0     -0.184      0.021      0.514      0.161     -0.368      0.166
172.3000     -29981.062   -29989.291        8.229   329.8      0.150      0.581     -0.121      0.321      0.646      0.341
172.3500     -29981.294   -29989.621        8.327   333.8     -0.308      0.811     -0.538      0.376     -0.559     -0.081
172.4000     -29980.707   -29989.645        8.937   358.3     -0.376      0.001     -0.498      0.129      0.407      0.072
172.4500     -29980.691   -29988.713        8.022   321.5     -0.018     -0.622     -0.394      0.573     -0.329      0.178
172.5000     -29981.098   -29989.135        8.037   322.2     -1.225     -0.575     -0.570     -0.430     -0.022     -0.259
172.5500     -29980.530   -29989.070        8.540   342.3     -0.804     -0.646     -0.812     -0.306      0.273      0.263
172.6000     -29980.345   -29989.186        8.841   354.4     -1.772      0.748     -1.006      0.093      0.259     -0.125
172.6500     -29979.886   -29988.748        8.862   355.2     -0.260     -0.874      0.679      0.063      0.294     -0.746
172.7000     -29980.015   -29988.109        8.095   324.5     -0.523     -0.372     -0.478      0.052      0.225     -0.022
172.7500     -29980.410   -29988.689        8.279   331.9     -0.226     -0.789      0.193      0.481     -0.416      0.516
172.8000     -29980.360   -29988.619        8.259   331.1      0.016     -0.115     -1.023      0.250     -0.250      0.328
172.8500     -29980.168   -29988.871        8.703   348.9     -0.223     -0.254      0.093      0.127     -0.267      0.029
172.9000     -29979.736   -29988.033        8.297   332.6     -0.022      0.813     -0.007     -0.051      0.283      0.777
172.9500     -29979.894   -29988.367        8.473   339.6      0.584      0.405     -0.205      0.249      0.148     -0.155
173.0000     -29980.043   -29988.820        8.777   351.8     -0.454     -0.524      0.136     -0.283      0.105      0.308
173.0500     -29979.912   -29988.834        8.922   357.6      0.674     -0.296      0.310      0.424     -0.038      0.142
173.1000     -29979.911   -29988.793        8.882   356.0     -0.134     -0.278      0.197     -0.609     -0.063     -0.452
173.1500     -29979.335   -29988.238        8.903   356.9      0.414     -0.068     -0.467     -0.311     -0.010      0.234
173.2000     -29979.807   -29988.748        8.942   358.4     -0.641     -1.913     -0.236     -0.281      0.137      0.887
173.2500     -29980.054   -29988.898        8.845   354.5      0.231      0.102     -0.280     -0.514     -0.067      0.062
173.3000     -29979.850   -29987.691        7.841   314.3      0.277     -0.510     -0.444     -0.289     -0.106      0.157
173.3500     -29980.025   -29989.189        9.165   367.4     -0.675     -0.052     -0.314      0.370      1.045      0.002
173.4000     -29979.771   -29989.057        9.286   372.2      0.493     -0.756      1.022     -1.038     -0.380      0.367
173.4500     -29979.203   -29988.160        8.957   359.1     -0.043      0.456     -0.197      0.362      0.169     -0.353
173.5000     -29979.179   -29988.086        8.907   357.1     -0.078      0.790      0.628      0.087     -0.121      0.395
173.5500     -29979.055   -29988.062        9.008   361.1      0.520     -0.370      0.507     -0.329      0.407     -0.077
173.6000     -29979.796   -29988.848        9.051   362.8      0.044     -0.431     -0.689      0.359     -0.748      0.127
173.6500     -29979.577   -29988.184        8.607   345.0     -0.617     -0.232     -0.553      0.392     -0.232      0.220
173.7000     -29979.603   -29988.209        8.606   345.0      0.137     -0.651     -0.715     -0.113      0.064     -0.326
173.7500     -29979.607   -29987.842        8.234   330.1     -0.871      0.411      0.369     -0.534     -0.495      0.640
173.8000     -29979.874   -29988.100        8.225   329.7     -0.295     -0.526     -0.408     -0.264      0.515     -0.091
173.8500     -29979.922   -29988.598        8.676   347.8      0.012      0.003     -1.087      0.096     -0.119      0.476
173.9000     -29980.147   -29988.098        7.951   318.7     -1.112     -0.097     -0.726      0.148     -0.577      0.788
173.9500     -29980.688   -29988.150        7.463   299.1     -0.051     -0.569     -1.061      0.259     -0.261      0.151
174.0000     -29980.489   -29988.982        8.493   340.4     -0.731     -0.605     -0.401     -0.159     -0.334      0.375
174.0500     -29980.645   -29989.105        8.461   339.1     -1.357     -0.196     -0.292     -0.422     -0.126      0.394
174.1000     -29980.633   -29988.891        8.258   331.0     -1.267     -0.779     -0.063      0.684     -0.380      0.643
174.1500     -29980.245   -29988.795        8.550   342.7      1.094     -0.188     -0.407     -0.727      0.697     -0.016
174.2000     -29980.310   -29989.098        8.788   352.3     -0.819      0.063     -0.334     -0.364     -0.574     -0.029
174.2500     -29980.597   -29989.084        8.487   340.2      0.925      0.175      0.641      0.375      0.105     -0.159
174.3000     -29980.477   -29988.969        8.492   340.4      0.264     -0.154      0.291     -0.271      0.153     -0.010
174.3500     -29980.538   -29989.148        8.610   345.1     -0.601     -0.958     -1.015     -0.334      0.292      0.492
174.4000     -29980.454   -29989.086        8.632   346.0     -0.592     -0.288     -1.000     -0.685      0.130      0.002
174.4500     -29980.578   -29989.172        8.594   344.5     -1.488     -1.769     -1.383     -0.094      0.228     -0.214
174.5000     -29980.766   -29989.012        8.246   330.5      0.239     -0.139     -1.084      0.353      0.114     -0.157
174.5500     -29980.965   -29989.547        8.582   344.0     -0.676     -0.229      0.049      0.107      0.381      0.140
174.6000     -29980.879   -29989.062        8.184   328.0     -0.650     -0.789     -0.807      0.363      0.034      0.515
174.6500     -29980.733   -29989.156        8.423   337.7     -0.924     -0.345     -0.475     -0.640      0.024     -0.300
174.7000     -29981.064   -29988.889        7.825   313.7      0.013      0.084      0.061      0.053     -0.320     -0.333
174.7500     -29980.991   -29989.148        8.157   327.0     -1.170     -1.065     -0.968     -0.042     -0.144      0.363
174.8000     -29980.894   -29989.068        8.174   327.7     -0.887     -0.771     -0.911     -0.329      0.089     -0.637
174.8500     -29980.492   -29988.340        7.848   314.6     -0.122     -0.829      0.220      0.053      0.467     -0.304
174.9000     -29980.384   -29988.400        8.017   321.3     -0.900      0.336      0.247     -0.261     -0.522     -0.120
174.9500     -29980.045   -29988.150        8.105   324.9      0.095      0.077      0.248     -0.233      0.025     -0.502
175.0000     -29979.621   -29988.447        8.827   353.8     -0.124      0.974     -0.197     -0.043     -0.726     -0.007
175.0500     -29979.590   -29988.289        8.699   348.7     -0.199     -0.537      0.587      0.093     -0.373     -0.017
175.1000     -29979.687   -29987.832        8.145   326.5      0.675      0.708      0.756     -0.184      0.084     -0.082
175.1500     -29979.437   -29988.453        9.016   361.4      0.012      0.640     -0.142     -0.074      0.590      0.202
175.2000     -29979.215   -29987.449        8.234   330.1     -1.598      0.072     -1.152     -0.384      0.277      0.222
175.2500     -29979.014   -29987.676        8.662   347.2     -0.033      0.505     -0.134     -0.388     -0.036      0.105
175.3000     -29979.394   -29987.830        8.436   338.1     -0.878     -0.367     -0.728      0.046      0.716     -0.267
175.3500     -29979.868   -29988.232        8.365   335.3     -0.542     -0.471      0.020      0.046      0.550      0.211
175.4000     -29979.528   -29988.037        8.509   341.1     -0.612     -0.328     -0.963     -0.186     -0.097      0.055
175.4500     -29979.446   -29988.246        8.801   352.8     -0.033     -0.520      0.335     -0.367     -0.085      0.587
175.5000     -29979.591   -29988.854        9.263   371.3      0.177      0.370      0.617      0.039      0.384     -0.364
175.5500     -29979.952   -29988.615        8.663   347.3      0.116      0.352      0.399      0.309      0.352      0.073
175.6000     -29980.108   -29988.184        8.076   323.7     -0.557     -0.329     -0.474     -0.542     -0.557     -0.129
175.6500     -29981.010   -29988.312        7.303   292.7     -0.065     -0.090     -0.285     -0.399      0.502      0.473
175.7000     -29980.697   -29988.393        7.696   308.5     -0.326     -0.880     -0.582      0.073     -0.033      0.176
175.7500     -29979.841   -29988.410        8.570   343.5     -1.442     -0.169     -0.575      0.044     -0.033     -0.497
175.8000     -29980.418   -29988.297        7.879   315.8      0.622      0.711     -0.006      0.159     -0.332     -0.083
175.8500     -29980.482   -29988.686        8.203   328.8     -0.384      0.185     -0.000     -0.310     -0.021      0.112
175.9000     -29980.811   -29988.824        8.013   321.2     -0.398     -0.511      0.068     -0.221      0.204      0.031
175.9500     -29981.422   -29988.729        7.307   292.9     -0.421     -0.766     -0.327      0.221     -0.139     -0.309
176.0000     -29981.650   -29988.531        6.881   275.8     -0.484     -0.802      0.167     -0.510      0.064     -0.283
176.0500     -29981.570   -29989.295        7.724   309.6      0.415      0.566     -0.504      0.181      0.502     -0.215
176.1000     -29981.633   -29989.777        8.145   326.5     -0.902      0.036     -0.466     -0.140     -0.290      0.331
176.1500     -29981.521   -29988.629        7.108   284.9     -0.164     -0.735     -0.081     -0.103      0.009     -0.099
176.2000     -29980.941   -29988.871        7.930   317.9     -0.843     -0.421      0.162      0.310     -0.347      0.082
176.2500     -29980.694   -29989.326        8.632   346.0     -0.630     -0.287     -0.627     -0.888     -0.031     -1.126
176.3000     -29981.426   -29989.121        7.695   308.4      0.181     -0.835      0.422      0.165     -0.237     -0.105
176.3500     -29982.102   -29988.963        6.860   275.0     -0.639     -0.167     -0.093     -0.644      0.142     -0.239
176.4000     -29981.981   -29989.455        7.474   299.6     -1.475     -1.237     -0.379     -0.180     -0.703      0.223
176.4500     -29982.230   -29990.316        8.086   324.1     -0.219     -0.930     -0.609     -0.540      0.295      0.233
176.5000     -29981.859   -29989.781        7.923   317.6     -0.775     -0.330     -0.700      0.106     -0.479      0.106
176.5500     -29981.932   -29989.465        7.533   302.0      0.100     -0.243      0.056     -0.096      0.341     -0.520
176.6000     -29981.905   -29989.473        7.568   303.3     -1.215     -0.558     -0.628     -0.527     -0.367     -0.473
176.6500     -29981.275   -29989.676        8.401   336.8     -0.027     -0.439     -1.220      0.419      0.534      0.091
176.7000     -29980.488   -29988.707        8.219   329.5     -0.084     -0.430      0.138      0.041      0.580     -0.160
176.7500     -29979.800   -29988.730        8.931   358.0     -0.244     -0.334     -0.001     -0.059      0.035     -0.022
176.8000     -29979.693   -29989.250        9.557   383.1      0.060     -0.211     -0.063      0.094      0.132     -0.029
176.8500     -29980.294   -29989.139        8.845   354.5     -1.031     -1.341      0.505      0.044      0.746     -0.283
176.9000     -29980.100   -29989.199        9.099   364.7      0.249     -0.867     -0.612      0.170     -0.021      0.365
176.9500     -29980.093   -29988.488        8.396   336.5     -0.919      0.402     -0.014     -0.448     -0.250     -0.300
177.0000     -29980.086   -29988.418        8.332   334.0      0.923     -0.490      0.210      0.242      0.577     -0.292
177.0500     -29980.356   -29988.822        8.466   339.4      0.416      0.204     -0.085     -0.118      0.146     -0.195
177.1000     -29980.221   -29988.832        8.611   345.2      0.196      0.532      0.185     -0.332      0.456     -0.498
177.1500     -29980.271   -29988.160        7.890   316.3      0.166     -0.408      0.080     -0.014      0.131      0.492
177.2000     -29980.504   -29988.242        7.738   310.2     -0.493      0.505      0.044      0.244     -0.582     -0.522
177.2500     -29980.426   -29988.592        8.166   327.3     -0.568     -0.199     -0.049      0.075     -0.243     -0.018
177.3000     -29980.536   -29988.748        8.212   329.2     -0.198     -0.822     -0.124      0.401      0.303     -0.317
177.3500     -29980.667   -29988.914        8.247   330.6     -0.543      0.073     -0.420     -0.160      0.372     -0.462
177.4000     -29980.873   -29989.352        8.479   339.9     -0.466     -1.292      0.028     -0.177     -0.046     -0.282
177.4500     -29981.248   -29989.301        8.053   322.8     -0.082     -0.622      0.073      0.342      0.434     -0.160
177.5000     -29981.639   -29989.895        8.256   330.9     -0.401      0.311     -0.695      0.191     -0.527      0.203
177.5500     -29981.398   -29989.684        8.285   332.1      0.457      0.268     -0.501     -0.086      0.238      0.259
177.6000     -29981.790   -29989.793        8.003   320.8     -0.792      0.259     -0.518      0.031     -0.066     -0.643
177.6500     -29981.498   -29989.020        7.522   301.5     -0.612      0.150     -0.543      0.001     -0.028      0.151
177.7000     -29981.145   -29989.303        8.158   327.0     -0.510     -0.038     -0.078     -0.129      0.476     -0.735
177.7500     -29981.102   -29989.379        8.277   331.8      0.872      0.358      1.053     -0.149      0.464     -0.179
177.8000     -29981.323   -29989.152        7.829   313.8      0.305     -0.276     -0.333      0.259     -0.261      0.695
177.8500     -29981.883   -29989.566        7.683   308.0     -0.552     -0.504     -0.442     -0.129      0.686     -0.278
177.9000     -29981.566   -29989.635        8.069   323.4     -0.004      0.052      0.565      0.346     -0.151      0.155
177.9500     -29981.377   -29989.320        7.944   318.4     -0.188      0.009     -0.254     -0.285      0.297     -0.430
178.0000     -29981.539   -29990.102        8.563   343.2     -0.228     -0.213      0.247      0.377      0.322      0.053
178.0500     -29981.285   -29989.098        7.813   313.2     -0.161     -0.294      0.329      0.144     -0.079      0.316
178.1000     -29981.327   -29989.400        8.073   323.6     -1.149      0.010     -0.214     -0.393      0.587     -0.187
178.1500     -29980.821   -29988.871        8.050   322.7      0.350      0.289      0.174      0.453     -0.322      0.055
178.2000     -29980.429   -29988.279        7.850   314.7     -1.411     -0.065     -1.658     -0.022      0.066      0.071
178.2500     -29980.309   -29988.867        8.558   343.0     -1.117     -1.139     -0.919     -0.264      0.322      0.023
178.3000     -29980.440   -29989.736        9.296   372.6     -0.268     -0.939     -0.185      0.109      0.213     -0.211
178.3500     -29981.505   -29990.020        8.515   341.3      0.057     -0.351     -0.010     -0.531      0.435      0.517
178.4000     -29980.990   -29989.209        8.219   329.4     -0.312     -0.276      0.382      0.467     -0.324     -0.003
178.4500     -29981.664   -29989.738        8.074   323.7     -0.127     -0.035     -0.430      0.163      0.296     -0.158
178.5000     -29981.495   -29990.291        8.796   352.6     -0.317      0.274      0.705      0.140     -0.038      0.026
178.5500     -29981.825   -29989.168        7.343   294.3      0.285      0.223     -0.865      0.173     -0.200      0.454
178.6000     -29981.296   -29989.592        8.295   332.5     -0.229     -0.590      0.154      0.155      0.392     -0.505
178.6500     -29981.107   -29989.543        8.436   338.1     -0.213     -0.714     -0.050     -0.011     -0.237     -0.134
178.7000     -29981.121   -29989.465        8.344   334.5     -0.622     -0.805     -1.236      0.085     -0.035      0.646
178.7500     -29981.576   -29989.650        8.074   323.7     -0.542     -0.806      0.232     -0.574     -0.083     -0.173
178.8000     -29981.686   -29989.348        7.662   307.1      0.039     -0.672     -0.676      0.052     -0.075      0.802
178.8500     -29980.972   -29989.002        8.030   321.9     -0.767     -0.092     -1.531     -0.344      0.482     -0.297
178.9000     -29981.271   -29988.797        7.526   301.7     -0.985     -0.741     -0.403     -0.033      0.071      0.149
178.9500     -29981.219   -29989.010        7.791   312.3      0.211      0.243      0.237     -0.030      0.267      0.227
179.0000     -29981.372   -29989.734        8.362   335.2     -0.469     -0.132     -0.923     -0.072      0.141      0.430
179.0500     -29981.733   -29988.971        7.238   290.1     -0.234     -1.122     -1.058      0.045      0.269      0.142
179.1000     -29981.791   -29990.037        8.246   330.5     -0.678     -0.527     -1.236     -0.317      0.045     -0.472
179.1500     -29981.414   -29989.705        8.291   332.3     -0.585      0.040      0.822     -0.083      0.082      0.098
179.2000     -29981.518   -29989.879        8.361   335.2      0.070     -0.036      0.418     -0.849      0.177      0.398
179.2500     -29981.577   -29989.861        8.284   332.1      0.330      0.790      0.398      0.381      0.215      0.074
179.3000     -29981.783   -29989.623        7.840   314.3     -0.187      0.186     -0.165     -0.599     -0.019      0.014
179.3500     -29981.450   -29989.869        8.419   337.5      0.187      0.516     -0.437      0.508     -0.149     -0.095
179.4000     -29981.849   -29989.506        7.657   306.9      0.169     -0.098      0.509     -0.319     -0.021     -0.489
179.4500     -29981.740   -29989.639        7.899   316.6     -0.748     -0.699     -0.116      0.286      0.022     -0.563
179.5000     -29982.161   -29989.908        7.748   310.6      0.020     -0.173     -0.342     -0.056      0.007     -0.044
179.5500     -29981.647   -29989.596        7.949   318.6      0.093     -0.104     -0.852     -0.336     -0.049      0.593
179.6000     -29981.267   -29989.578        8.311   333.2     -0.342     -0.703     -0.030      0.124     -0.095     -0.028
179.6500     -29981.424   -29989.305        7.881   315.9     -0.574     -0.009     -1.820      0.699      0.309      0.036
179.7000     -29981.505   -29988.861        7.356   294.9     -0.399     -0.846     -0.255      0.136      0.744      0.165
179.7500     -29981.862   -29988.842        6.980   279.8     -0.784     -0.247      0.183      0.465     -0.694     -0.269
179.8000     -29981.753   -29989.281        7.528   301.8      0.030     -0.205      0.083     -0.000     -0.369      0.434
179.8500     -29981.348   -29989.508        8.160   327.1     -0.986      0.041      0.180      0.241      0.529      0.020
179.9000     -29981.055   -29989.115        8.060   323.1     -0.900     -0.135      0.225     -0.035      0.210      0.266
179.9500     -29980.943   -29989.736        8.793   352.5     -0.169     -0.721     -0.582     -0.156     -0.835     -0.158
180.0000     -29980.660   -29988.414        7.754   310.8     -0.195     -0.870      0.731     -0.122     -0.257      0.029
180.0500     -29980.519   -29988.502        7.983   320.0     -0.441     -0.700      0.371      0.287      0.413     -0.256
180.1000     -29981.465   -29989.014        7.549   302.6     -0.482     -0.708      0.367     -0.164     -0.258     -0.240
180.1500     -29981.497   -29989.275        7.779   311.8     -0.174      0.393      0.045      0.389     -0.142      0.104
180.2000     -29981.778   -29989.361        7.583   304.0     -0.508     -0.035      0.290      0.195      0.041     -0.064
180.2500     -29982.007   -29989.689        7.683   308.0      0.872     -0.100     -0.283     -0.113      0.069      0.051
180.3000     -29982.333   -29990.234        7.901   316.7     -1.097     -0.928     -0.546     -0.110      0.377     -0.437
180.3500     -29982.404   -29989.631        7.226   289.7     -0.431     -0.534     -0.698      0.520      0.220      0.023
180.4000     -29982.255   -29990.326        8.071   323.5     -0.006      0.035      0.053      0.223     -0.338      0.199
180.4500     -29982.534   -29990.393        7.858   315.0      0.248      0.581     -0.679      0.117     -0.400      0.158
180.5000     -29982.322   -29990.008        7.686   308.1      0.476      0.560      0.464      0.090      0.101      0.259
180.5500     -29982.423   -29989.207        6.784   271.9      0.491      0.133     -0.213      0.576     -0.448      0.403
180.6000     -29982.201   -29989.801        7.600   304.7     -0.719     -0.604     -0.247     -0.248      0.681     -0.449
180.6500     -29982.309   -29990.109        7.801   312.7     -0.613     -0.491     -1.535     -0.151     -0.019     -0.055
180.7000     -29982.305   -29990.420        8.115   325.3      0.521     -0.544      0.057      0.280     -0.393      0.670
180.7500     -29982.294   -29989.980        7.687   308.1      0.522      0.041      0.251      0.009      0.023     -0.262
180.8000     -29982.249   -29990.363        8.115   325.3     -0.400     -0.236     -0.972     -0.045     -0.251      0.086
180.8500     -29982.369   -29989.764        7.394   296.4     -0.189     -0.386      0.095     -0.069     -0.215     -0.316
180.9000     -29981.890   -29990.209        8.319   333.5     -0.241     -0.573     -0.615     -0.023      0.195     -0.268
180.9500     -29981.732   -29989.438        7.706   308.9     -0.731     -0.703     -0.552      0.064      0.302     -0.155
181.0000     -29982.144   -29989.617        7.473   299.5      0.602     -0.090      0.473      0.168      0.193      0.522
181.0500     -29981.708   -29989.996        8.289   332.2      0.197      0.315      0.403      0.193     -0.532      0.427
181.1000     -29981.422   -29989.416        7.994   320.4      0.378      0.911      0.443     -0.403     -0.330     -0.831
181.1500     -29981.179   -29988.895        7.715   309.3      0.121     -0.285      0.289      0.519      0.801      0.255
181.2000     -29980.895   -29988.873        7.978   319.8      0.345     -0.128     -0.766      0.076     -0.615     -0.314
181.2500     -29981.029   -29989.215        8.186   328.1     -1.087     -0.459     -0.400      0.293      0.190      0.162
181.3000     -29981.234   -29989.457        8.223   329.6     -0.866     -0.041     -0.489      0.101     -0.466     -0.387
181.3500     -29981.427   -29989.240        7.814   313.2     -0.044     -1.419     -0.536     -0.040     -0.083     -0.084
181.4000     -29981.156   -29989.762        8.606   345.0     -0.335      0.224     -0.923     -0.373      0.001     -0.085
181.4500     -29981.009   -29989.000        7.991   320.3      0.276     -0.516     -0.930      0.061     -0.150      0.053
181.5000     -29980.569   -29988.158        7.589   304.2      0.802     -0.433     -0.375     -0.070     -0.937      0.572
181.5500     -29980.038   -29988.256        8.218   329.4      0.275     -0.243     -0.934     -0.209      0.483     -0.449
181.6000     -29979.927   -29987.850        7.922   317.6      0.056     -0.578     -0.007      0.097     -0.566      0.026
181.6500     -29980.747   -29988.857        8.111   325.1     -0.647     -0.084     -1.230     -0.413      0.215     -0.242
181.7000     -29980.708   -29988.912        8.204   328.8     -0.503     -0.677     -0.269      0.000     -0.299     -0.025
181.7500     -29980.377   -29989.771        9.395   376.6     -0.703      0.104     -0.157     -0.044      0.235      0.030
181.8000     -29980.482   -29989.064        8.582   344.0     -1.115     -0.240     -0.365      0.340      0.164      0.030
181.8500     -29980.468   -29989.811        9.342   374.5     -0.148     -0.938     -0.549      0.479      0.036     -0.011
181.9000     -29980.941   -29989.432        8.491   340.4     -0.395     -0.154      0.601     -0.334     -0.162      0.087
181.9500     -29980.833   -29989.014        8.181   327.9     -0.611     -0.793     -0.796     -0.074      0.155      0.079
182.0000     -29980.841   -29988.676        7.834   314.0      0.083      0.526      0.244      0.293      0.029      0.318
182.0500     -29980.707   -29989.078        8.371   335.6      0.699      0.448      0.351      0.459      0.256     -0.028
182.1000     -29980.709   -29988.955        8.246   330.5     -0.358      0.137     -0.184      0.026     -0.314      0.169
182.1500     -29980.317   -29989.139        8.822   353.6     -0.295     -0.272     -0.817     -0.084      0.477      0.244
182.2000     -29980.580   -29988.650        8.071   323.5      0.241     -0.324      0.136      0.354      0.386      0.216
182.2500     -29981.108   -29989.061        7.952   318.8     -0.318      0.006     -0.418      0.025     -0.363     -0.017
182.3000     -29981.050   -29989.287        8.237   330.2      0.649      0.652     -0.139      0.397      0.325     -0.635
182.3500     -29981.164   -29989.410        8.246   330.5     -0.258      0.452      0.116     -0.044      0.829     -0.103
182.4000     -29981.388   -29989.895        8.506   341.0      0.812      0.082     -0.814      0.766      0.176     -0.113
182.4500     -29981.476   -29989.357        7.881   315.9     -0.170     -0.398     -0.254      0.256      0.339      0.596
182.5000     -29981.485   -29988.980        7.496   300.5     -0.139     -0.855      0.291     -0.191     -0.379     -0.594
182.5500     -29981.235   -29989.324        8.089   324.2     -0.892     -0.618     -0.697     -0.115      0.710      0.233
182.6000     -29980.810   -29988.688        7.877   315.7     -0.040      0.066     -0.455     -0.231      0.045      0.086
182.6500     -29980.577   -29988.109        7.533   301.9      0.181      0.078     -0.179     -0.010     -0.573      0.080
182.7000     -29980.925   -29988.826        7.901   316.7      0.611      0.138     -0.225     -0.551      0.211      0.203
182.7500     -29980.902   -29989.125        8.223   329.6      0.153      0.261     -0.468     -0.103      0.288      0.233
182.8000     -29981.660   -29989.381        7.721   309.5      0.313     -0.412      0.006      0.021      0.407     -0.303
182.8500     -29981.848   -29989.764        7.915   317.3     -0.462     -0.060      0.475     -0.168      0.447     -0.275
182.9000     -29981.332   -29989.133        7.801   312.7     -0.255      1.579     -0.149      0.143      0.319     -0.033
182.9500     -29981.224   -29989.232        8.008   321.0      0.575     -0.036     -1.017      0.505     -0.372     -0.119
183.0000     -29981.520   -29989.557        8.037   322.2     -0.720     -0.604     -1.813     -0.047     -0.024      0.244
183.0500     -29981.507   -29989.924        8.417   337.4     -1.115     -0.699     -0.039      0.025      0.045     -0.134
183.1000     -29981.472   -29989.400        7.928   317.8      0.502      0.066      0.535     -0.181     -0.125      0.442
183.1500     -29981.230   -29989.186        7.956   318.9     -0.359      0.568      0.048     -0.132      0.063      0.196
183.2000     -29981.155   -29988.627        7.472   299.5     -0.020      0.373      0.190      0.220      0.123      0.260
183.2500     -29980.856   -29988.545        7.689   308.2      0.086     -0.336      0.326      0.000     -0.158      0.101
183.3000     -29981.099   -29989.408        8.310   333.1     -0.120     -0.735     -0.427      0.058      0.078      0.007
183.3500     -29981.378   -29988.947        7.570   303.4     -0.256     -0.044     -1.053      0.278      0.007      0.211
183.4000     -29981.313   -29989.555        8.242   330.4     -0.680     -0.841     -1.339     -0.127     -0.056     -0.830
183.4500     -29980.962   -29989.330        8.368   335.4     -0.396     -0.114      0.178      0.258      0.636      0.213
183.5000     -29980.786   -29988.545        7.759   311.0     -0.539     -1.071      0.155      0.100      0.417      0.068
183.5500     -29980.437   -29988.732        8.295   332.5     -0.199     -0.272     -0.439     -0.429     -0.759     -0.256
183.6000     -29980.672   -29988.584        7.912   317.1      0.179     -0.292     -0.336      0.153      0.399      0.348
183.6500     -29980.376   -29988.758        8.382   336.0      0.197      0.926      0.150      0.295     -0.108      0.120
183.7000     -29980.798   -29989.154        8.356   335.0      0.327      0.181      0.100     -0.241     -0.438      0.186
183.7500     -29980.803   -29988.533        7.731   309.9      0.430      0.546      0.439      0.176     -0.327     -0.692
183.8000     -29980.544   -29988.748        8.204   328.9     -0.920     -0.552     -0.422     -0.214     -0.073      0.185
183.8500     -29980.407   -29988.930        8.523   341.6      0.090      0.205     -0.020     -0.080      0.191      0.981
183.9000     -29980.116   -29988.328        8.212   329.2     -0.870     -0.745      0.162     -0.064      0.664     -0.349
183.9500     -29979.837   -29987.910        8.073   323.6      0.679      0.574      0.523      0.147      0.090     -0.166
184.0000     -29979.850   -29989.037        9.187   368.3      0.315      0.748     -0.297     -0.988      0.167      0.264
184.0500     -29980.073   -29988.623        8.550   342.7     -0.476     -1.049     -0.576      0.553      0.732      0.205
184.1000     -29980.164   -29989.150        8.986   360.2      0.289      0.010     -0.678      0.421     -0.021      0.225
184.1500     -29980.530   -29988.902        8.372   335.6      0.030     -0.338      0.196     -0.026     -0.296      0.168
184.2000     -29980.739   -29988.686        7.947   318.5     -1.087     -0.464     -0.180     -0.012     -0.246     -0.381
184.2500     -29980.927   -29988.885        7.958   319.0      0.275      0.447     -0.196      0.300     -0.188      0.015
184.3000     -29980.746   -29989.039        8.293   332.4     -0.479      0.040     -0.668     -0.034     -0.040     -0.316
184.3500     -29980.310   -29988.129        7.818   313.4      0.012      0.102      0.587      0.138      0.272      0.536
184.4000     -29980.024   -29987.773        7.749   310.6     -0.188      0.396     -0.030     -0.171     -0.242     -0.260
184.4500     -29979.979   -29988.252        8.273   331.6     -0.710     -0.035      0.295     -0.106      0.293      0.166
184.5000     -29980.141   -29987.723        7.581   303.9     -1.034     -0.481      0.005     -0.297     -0.490     -0.088
184.5500     -29980.098   -29988.414        8.316   333.3     -0.478     -0.809     -0.094     -0.093      0.242      0.665
184.6000     -29980.365   -29989.334        8.969   359.5     -0.029     -0.183      0.372      0.108     -0.164     -0.584
184.6500     -29979.846   -29988.490        8.645   346.5     -0.274      0.246     -0.723     -0.350     -0.484      0.052
184.7000     -29980.250   -29988.043        7.793   312.4     -0.907      0.043     -0.256      0.350      0.078      0.230
184.7500     -29980.284   -29988.738        8.454   338.9     -0.117     -0.183     -0.397      0.111     -0.277     -0.135
184.8000     -29980.027   -29988.123        8.096   324.5     -0.356     -0.239     -0.461     -0.076     -0.143     -0.522
184.8500     -29979.926   -29988.051        8.124   325.7     -0.275      0.326      0.218     -0.200      0.011      0.281
184.9000     -29980.281   -29988.826        8.545   342.5     -0.498     -0.358      0.088      0.199     -0.451      0.092
184.9500     -29979.809   -29988.521        8.712   349.2     -0.831     -0.279     -0.530     -0.540     -0.108      0.242
185.0000     -29979.678   -29988.709        9.031   362.0     -0.229     -0.423      0.164      0.002      0.359      0.275
185.0500     -29980.085   -29988.434        8.348   334.6      0.070     -0.415      0.128      0.080     -0.508     -0.415
185.1000     -29979.593   -29988.264        8.671   347.6     -0.253      0.316      0.696     -0.323      0.216      0.203
185.1500     -29979.668   -29988.592        8.923   357.7     -0.138      0.418      0.485     -0.257     -0.157     -0.163
185.2000     -29979.407   -29987.920        8.513   341.2     -0.461     -0.189     -0.826     -0.114      0.056      0.016
185.2500     -29979.537   -29987.738        8.201   328.7     -0.688     -0.072      0.487     -0.327      0.215      0.029
185.3000     -29979.806   -29988.832        9.026   361.8      0.321     -0.270     -0.130      0.188     -0.569      0.100
185.3500     -29980.006   -29988.465        8.459   339.1     -0.829     -0.471      0.049      0.256     -0.133     -0.101
185.4000     -29979.974   -29988.850        8.875   355.8     -0.959     -0.486     -0.236     -0.886     -0.330     -0.893
185.4500     -29979.868   -29988.131        8.263   331.2     -1.110      0.532     -0.464      0.097     -0.155      0.532
185.5000     -29979.472   -29988.127        8.655   346.9     -0.270     -0.325      0.330      0.016      0.203      0.156
185.5500     -29979.417   -29988.338        8.921   357.6     -0.839      0.638     -0.582      0.060      0.634     -1.011
185.6000     -29979.353   -29988.699        9.347   374.7      0.860     -0.399      0.015     -0.020      0.418     -0.339
185.6500     -29979.456   -29988.482        9.027   361.8      0.505      0.452      0.288     -0.484     -0.613      0.291
185.7000     -29980.338   -29988.676        8.338   334.2      0.060     -0.391      0.974     -0.291      0.039      0.037
185.7500     -29979.927   -29987.941        8.014   321.2      0.397      0.058     -0.203     -0.171      0.413      0.375
185.8000     -29979.532   -29987.936        8.403   336.8     -0.659     -0.287      0.453     -0.121     -0.570      0.229
185.8500     -29979.289   -29987.666        8.377   335.8      0.371      0.530     -0.402     -0.393      0.181     -0.010
185.9000     -29978.979   -29987.672        8.693   348.4     -0.164     -0.044     -0.123     -0.166      0.138      0.065
185.9500     -29979.379   -29987.980        8.601   344.8      0.807      0.529     -0.457     -0.235     -0.157     -0.262
186.0000     -29979.402   -29987.760        8.357   335.0      0.518      0.261     -0.771      0.101      0.052     -0.494
186.0500     -29979.950   -29988.246        8.296   332.5     -1.581     -0.639     -0.554     -0.239     -0.206      0.166
186.1000     -29979.738   -29988.441        8.703   348.9     -1.041     -0.759      0.054     -0.576     -0.200     -0.646
186.1500     -29979.678   -29988.545        8.867   355.4     -0.950     -0.412     -1.178      0.217     -0.090      0.099
186.2000     -29979.177   -29988.719        9.541   382.5      0.026     -0.119     -0.298     -0.220     -0.058     -1.006
186.2500     -29979.523   -29988.201        8.679   347.9     -0.967      0.006      0.146     -0.415     -0.375     -0.010
186.3000     -29979.505   -29988.113        8.609   345.1     -0.237      0.843      0.403      0.357      0.125      0.062
186.3500     -29979.187   -29988.693        9.507   381.1     -0.039      0.316     -0.111     -0.502     -0.121      0.066
186.4000     -29979.562   -29988.158        8.596   344.6     -0.570      0.231      0.174      0.070      0.217      0.036
186.4500     -29979.629   -29987.701        8.072   323.6      0.087      0.019      0.288      0.052     -0.158     -0.523
186.5000     -29980.018   -29988.098        8.080   323.9     -0.234     -0.503     -0.584     -0.083      0.191     -0.502
186.5500     -29980.822   -29988.686        7.864   315.2     -0.466      0.302      0.327     -0.475      0.380      0.000
186.6000     -29981.635   -29989.146        7.511   301.1     -0.577     -0.645     -0.255      0.238      0.311     -0.006
186.6500     -29982.170   -29988.832        6.662   267.1     -0.379     -0.151     -0.403     -0.331     -0.215     -0.157
186.7000     -29982.301   -29989.697        7.396   296.5     -0.821     -0.762     -0.499     -0.129      0.150     -0.113
186.7500     -29982.615   -29990.387        7.772   311.5     -0.369     -0.186     -0.667     -0.275     -0.157      0.375
186.8000     -29982.065   -29989.963        7.898   316.6     -1.141     -0.429     -1.032      0.349      0.693     -0.386
186.8500     -29982.277   -29989.965        7.688   308.2      0.012     -0.193     -0.015     -0.358      0.032     -0.366
186.9000     -29981.816   -29989.887        8.071   323.5     -0.476     -0.346     -0.638      0.022      0.210      0.161
186.9500     -29982.231   -29989.709        7.478   299.8     -0.402     -1.436     -0.079      0.433      0.009     -0.181
187.0000     -29982.175   -29990.160        7.985   320.1     -0.968     -0.336     -0.317      0.184     -0.211     -0.089
187.0500     -29981.622   -29989.412        7.791   312.3     -0.204      0.217     -0.747     -0.479      0.533     -0.440
187.1000     -29981.541   -29989.590        8.049   322.6     -0.474      0.205      0.694      0.123     -0.512      0.426
187.1500     -29980.990   -29989.062        8.072   323.6     -0.122     -0.484     -1.821      0.134      0.495     -0.675
187.2000     -29981.285   -29989.785        8.500   340.7     -0.240     -0.273     -0.031     -0.201      0.286      0.249
187.2500     -29981.307   -29989.521        8.215   329.3      0.516     -0.076     -0.298      0.056      0.070      0.520
187.3000     -29981.193   -29989.922        8.729   349.9      0.199     -0.136      0.058     -0.040     -0.077     -0.244
187.3500     -29981.357   -29989.434        8.077   323.8     -0.224     -0.049     -0.516     -0.240      0.195     -0.726
187.4000     -29981.527   -29989.420        7.892   316.4      0.637     -0.469     -0.811      0.591     -0.206      0.182
187.4500     -29982.042   -29989.336        7.294   292.4     -0.108     -0.245     -0.194     -0.370      0.160     -0.337
187.5000     -29981.563   -29989.062        7.500   300.6     -0.767     -0.072      0.152      0.573      0.113     -0.541
187.5500     -29981.684   -29989.207        7.523   301.6      0.068     -0.380     -0.192      0.167     -0.086     -0.035
187.6000     -29981.826   -29989.072        7.246   290.5     -0.361     -0.187      0.248      0.270      0.376     -0.516
187.6500     -29981.244   -29989.012        7.767   311.3     -0.308     -0.194     -0.401      0.499     -0.339      0.365
187.7000     -29980.971   -29988.697        7.726   309.7      0.132     -0.752      0.449     -0.101     -0.023     -0.228
187.7500     -29981.562   -29989.188        7.625   305.7     -0.096     -0.112     -0.419     -0.478      0.417     -0.149
187.8000     -29981.613   -29990.090        8.476   339.8     -0.902     -0.379     -2.000      0.247     -0.478     -0.417
187.8500     -29981.583   -29989.938        8.355   334.9     -0.893     -1.207     -1.291     -0.483     -0.261      0.278
187.9000     -29981.734   -29990.156        8.423   337.6     -0.109     -1.075     -1.077     -0.172     -0.041      0.021
187.9500     -29982.133   -29989.980        7.848   314.6     -0.552     -0.354     -0.945     -0.146     -0.412      0.027
188.0000     -29981.964   -29989.771        7.808   313.0     -0.553     -1.520     -0.433      0.189      0.137     -0.222
188.0500     -29982.007   -29990.160        8.153   326.8      0.314     -0.067     -1.022     -0.337     -0.123     -0.144
188.1000     -29981.127   -29989.520        8.392   336.4     -0.452     -0.360     -0.504      0.088      0.193     -0.024
188.1500     -29980.977   -29988.994        8.017   321.4     -0.189     -0.575     -0.753     -0.460     -0.030      0.385
188.2000     -29980.577   -29989.031        8.454   338.9     -0.459     -0.477     -0.353      0.118      0.064      0.271
188.2500     -29980.500   -29988.762        8.262   331.2      0.142     -0.073      0.540     -0.214     -0.036      0.221
188.3000     -29980.133   -29988.061        7.928   317.8      0.342      0.070     -1.357     -0.344     -0.397      0.319
188.3500     -29980.011   -29988.232        8.222   329.6     -0.562     -1.197     -0.643      0.001      0.497     -0.197
188.4000     -29980.134   -29988.713        8.579   343.9     -0.132     -0.027     -0.249     -0.245     -0.175     -0.057
188.4500     -29980.290   -29989.301        9.011   361.2     -0.391     -0.580     -0.700     -0.132      0.379      0.034
188.5000     -29980.476   -29989.057        8.581   344.0     -0.475     -0.014     -1.421     -0.560     -0.220      0.105
188.5500     -29980.339   -29988.875        8.536   342.2     -0.966     -0.179     -0.506      0.165      0.092     -0.109
188.6000     -29980.198   -29988.855        8.657   347.0     -0.119     -0.249     -0.288     -0.158     -0.315      0.018
188.6500     -29980.298   -29988.523        8.225   329.7      0.247     -1.065      0.434      0.208     -0.532      0.128
188.7000     -29980.370   -29989.453        9.083   364.1     -0.854     -0.587     -0.955     -0.102      0.120     -0.303
188.7500     -29980.305   -29988.467        8.161   327.1     -0.571     -0.634     -1.028     -0.424     -0.078     -0.479
188.8000     -29980.809   -29989.408        8.599   344.7     -0.313     -0.180     -0.784      0.412     -0.024     -0.328
188.8500     -29980.435   -29988.848        8.412   337.2     -1.091     -0.623     -0.731      0.015      0.635     -0.317
188.9000     -29980.273   -29988.471        8.197   328.6     -0.289      0.340     -0.023      0.056     -0.124      0.514
188.9500     -29980.285   -29988.809        8.524   341.7      0.984      0.206     -0.347      0.110     -0.248     -0.045
189.0000     -29980.340   -29988.662        8.322   333.6     -1.654     -0.812     -0.752      0.886     -0.266     -0.224
189.0500     -29980.897   -29989.633        8.736   350.2     -0.795      0.255     -0.641     -0.129      0.459      0.029
189.1000     -29981.149   -29989.662        8.513   341.3     -0.686     -1.002      0.020      0.171      0.253      0.127
189.1500     -29981.081   -29989.283        8.202   328.8     -1.044     -0.459     -0.309      0.123     -0.218      0.326
189.2000     -29980.996   -29989.258        8.262   331.2      0.032      0.204     -0.190      0.189      0.061     -0.525
189.2500     -29981.421   -29989.668        8.247   330.6     -0.155     -1.115      0.740     -0.173      0.003     -0.532
189.3000     -29981.054   -29989.045        7.991   320.3     -0.048      0.537      0.465      0.505      0.381      0.021
189.3500     -29981.496   -29989.400        7.904   316.8     -0.399      0.154      0.102     -0.632     -0.176     -0.421
189.4000     -29981.374   -29989.338        7.964   319.2     -0.378      0.565     -0.330     -0.033      0.449      0.049
189.4500     -29981.436   -29989.793        8.357   335.0     -0.007     -0.159      0.823      0.519      0.557      0.046
189.5000     -29981.870   -29989.209        7.339   294.2     -0.696     -0.431     -0.858     -0.103     -0.271      0.048
189.5500     -29981.632   -29988.652        7.020   281.4      0.411      0.628      0.568     -0.833      0.363      0.125
189.6000     -29981.489   -29989.295        7.806   312.9     -0.039     -0.881     -0.338     -0.624      0.107     -0.065
189.6500     -29980.938   -29989.451        8.513   341.2     -0.628      0.263     -1.429      0.266     -0.033      0.647
189.7000     -29980.633   -29988.188        7.554   302.8     -0.486      0.112     -0.382     -0.219     -0.034      0.212
189.7500     -29980.614   -29989.080        8.466   339.4     -1.051     -0.269     -0.141      0.934      0.087      0.294
189.8000     -29980.733   -29988.416        7.683   308.0     -1.003     -0.783     -0.171     -0.480     -0.335     -0.341
189.8500     -29980.848   -29989.328        8.480   339.9     -0.593     -0.388     -0.411      0.775      0.243      0.046
189.9000     -29980.457   -29989.051        8.594   344.5     -0.670      0.206      0.414     -0.209      0.111      0.132
189.9500     -29980.672   -29988.611        7.939   318.2     -0.582     -0.318     -0.681     -0.005      0.045      0.497
190.0000     -29980.962   -29989.068        8.106   324.9      0.450      0.082     -0.107     -0.297     -0.082      0.204
190.0500     -29981.052   -29989.508        8.456   339.0     -0.921     -0.630     -0.873      0.125     -0.256      0.038
190.1000     -29981.634   -29989.654        8.020   321.5      0.412      0.052     -0.772      0.261      0.095      0.499
190.1500     -29981.380   -29989.316        7.937   318.1     -1.329     -0.982     -0.366     -0.323     -0.152     -0.042
190.2000     -29981.492   -29988.932        7.440   298.2      0.063     -0.036      0.303      0.128     -0.233      0.914
190.2500     -29981.203   -29989.623        8.420   337.5      0.174     -0.171     -0.249     -0.035     -0.005      0.536
190.3000     -29981.342   -29988.971        7.629   305.8     -0.333     -0.449      0.137      0.159      0.082      0.280
190.3500     -29981.175   -29989.941        8.766   351.4     -0.915     -1.208      0.257     -0.083      0.022      0.447
190.4000     -29981.077   -29989.436        8.359   335.1      0.601     -0.547      0.238     -0.285      0.519      0.093
190.4500     -29980.790   -29989.201        8.411   337.2     -0.381     -0.264     -0.008      0.429      0.073     -0.099
190.5000     -29980.963   -29989.002        8.039   322.3     -0.911     -0.423     -0.388     -0.866     -0.091     -0.314
190.5500     -29980.943   -29988.615        7.672   307.5     -0.863      1.488      0.392      0.736      0.071      0.359
190.6000     -29980.946   -29988.768        7.822   313.5      0.610     -0.095     -0.281     -0.294      0.370     -0.346
190.6500     -29980.499   -29988.732        8.233   330.0     -0.760      0.138     -0.283      0.407     -0.736      0.229
190.7000     -29980.809   -29988.986        8.177   327.8     -0.473      0.254      0.477     -0.732     -0.062      0.517
190.7500     -29980.999   -29989.764        8.764   351.3      0.894      0.154      0.046     -0.441      0.493      0.595
190.8000     -29981.349   -29990.088        8.738   350.3     -0.834      0.682      0.501      0.150     -0.052      0.214
190.8500     -29981.366   -29989.553        8.186   328.1     -0.081      0.193     -1.317      0.164      0.122     -0.233
190.9000     -29981.034   -29989.520        8.486   340.2     -0.563     -0.199     -0.134     -0.052      0.364     -0.084
190.9500     -29980.633   -29989.438        8.804   352.9     -0.664     -0.283     -0.088     -0.195     -0.150     -0.101
191.0000     -29980.882   -29989.635        8.752   350.8     -0.600      0.490     -0.756      0.489      0.286     -0.470
191.0500     -29980.656   -29988.883        8.227   329.8      0.801      0.337      0.575      0.513     -0.324     -0.158
191.1000     -29980.665   -29989.102        8.436   338.2     -0.485      0.165     -0.420      0.719      0.214     -0.021
191.1500     -29980.402   -29988.793        8.391   336.3      0.022      0.234      0.652      0.392     -0.089      0.200
191.2000     -29980.420   -29989.662        9.242   370.5     -0.565     -0.079     -0.519     -0.023     -0.088     -0.070
191.2500     -29980.674   -29989.480        8.806   353.0     -0.489      1.068      0.258      0.026      0.696     -0.121
191.3000     -29980.479   -29988.686        8.207   329.0     -0.061      0.018     -0.097      0.537     -0.220      0.056
191.3500     -29980.496   -29989.352        8.856   355.0     -1.243     -0.630     -0.522      0.209     -0.422     -0.597
191.4000     -29980.440   -29989.078        8.638   346.2      0.066     -0.389      0.145     -0.111      0.295      0.271
191.4500     -29980.243   -29988.689        8.446   338.6     -0.550     -0.459     -0.724      0.491     -0.008     -0.269
191.5000     -29979.928   -29988.508        8.580   343.9      0.086     -0.644      0.700     -0.111     -0.189      0.178
191.5500     -29979.691   -29988.656        8.965   359.4      0.013     -0.003     -0.140     -0.078     -0.220      0.052
191.6000     -29979.716   -29988.055        8.339   334.3      1.279      0.467      0.347      0.213     -0.040     -0.191
191.6500     -29980.351   -29988.396        8.046   322.5      0.200      0.313     -0.365      0.022     -0.656     -0.010
191.7000     -29979.952   -29988.293        8.341   334.3      1.053      0.367      0.972     -0.091     -0.052     -0.232
191.7500     -29980.221   -29988.318        8.098   324.6     -0.233      0.082      0.192      0.379     -0.105     -0.007
191.8000     -29980.765   -29988.594        7.829   313.8     -0.522      0.538      0.036     -0.121      0.021     -0.387
191.8500     -29980.185   -29988.533        8.349   334.6     -0.071     -0.462     -0.070     -0.111     -0.389     -0.515
191.9000     -29980.664   -29989.350        8.686   348.2      0.380     -0.115     -0.248     -0.156     -0.564      0.560
191.9500     -29980.541   -29988.857        8.316   333.4     -0.703     -0.287     -0.396      0.414     -0.324     -0.184
192.0000     -29980.146   -29988.660        8.515   341.3     -0.240     -0.067      0.021      0.018      0.643     -0.182
192.0500     -29980.650   -29988.611        7.961   319.1      0.074     -0.207      0.368      0.080     -0.142     -0.043
192.1000     -29980.975   -29989.025        8.050   322.7     -0.376     -0.120     -0.158     -0.010      0.217      0.242
192.1500     -29980.455   -29989.107        8.653   346.8      0.218      0.238     -1.119      0.310     -0.341      0.356
192.2000     -29980.649   -29989.018        8.368   335.4      0.328      0.654      0.005     -0.223     -0.257      0.067
192.2500     -29980.555   -29989.236        8.681   348.0      0.308     -0.808     -0.027      0.186     -0.093      0.233
192.3000     -29980.335   -29988.838        8.503   340.8     -0.298     -0.704     -0.773     -0.231      0.370     -0.143
192.3500     -29980.201   -29989.092        8.891   356.4     -1.808     -0.796     -0.899     -0.060     -0.130      0.134
192.4000     -29980.297   -29988.504        8.206   329.0     -0.733     -1.221     -0.410     -0.352     -0.121      0.199
192.4500     -29980.198   -29988.758        8.559   343.1     -0.808     -0.144     -0.612     -0.361      0.165     -0.226
192.5000     -29980.082   -29988.125        8.043   322.4     -1.225     -0.657     -0.107     -0.216      0.266      0.588
192.5500     -29979.831   -29988.709        8.878   355.9      0.843     -0.217     -0.451     -0.252      0.031      0.214
192.6000     -29979.612   -29988.836        9.224   369.8     -0.165      0.372      0.248     -0.542      0.211      0.315
192.6500     -29980.226   -29989.199        8.973   359.7     -0.518     -0.866     -0.599     -0.106      0.255     -0.168
192.7000     -29980.280   -29988.760        8.480   339.9     -0.704     -0.044     -0.936     -0.211      0.449      0.010
192.7500     -29980.085   -29989.352        9.267   371.5      0.486     -1.169     -0.983     -0.328     -0.096     -0.239
192.8000     -29980.369   -29988.904        8.535   342.1     -1.156      0.099     -0.129      0.541      0.253     -0.803
192.8500     -29979.763   -29989.020        9.256   371.0     -0.623      0.091      0.417      0.503      0.578      0.225
192.9000     -29979.464   -29988.051        8.587   344.2     -0.127     -0.629      0.633     -0.067     -0.299     -0.349
192.9500     -29979.292   -29987.879        8.587   344.2     -0.089     -0.301     -0.852     -0.148      0.295      0.001
193.0000     -29979.693   -29989.133        9.439   378.4     -1.162     -0.232     -0.300      0.100      0.099      0.014
193.0500     -29979.516   -29988.373        8.857   355.0     -1.076     -0.904     -0.644     -0.219      0.182     -0.573
193.1000     -29979.437   -29989.096        9.659   387.2      0.033      0.109     -0.757      0.384      0.185     -0.462
193.1500     -29979.148   -29988.338        9.190   368.4     -0.560     -0.735     -0.743     -0.011     -0.143     -0.437
193.2000     -29978.616   -29987.990        9.374   375.8      0.485      0.470      0.315     -0.362     -0.113      0.083
193.2500     -29979.286   -29988.262        8.975   359.8      0.997     -0.449      0.074     -0.760     -0.193     -0.210
193.3000     -29979.325   -29987.939        8.614   345.3      0.325     -0.163     -0.851      0.708      0.565      0.123
193.3500     -29979.691   -29988.365        8.675   347.7     -0.611     -1.247     -1.467     -0.376      0.467      0.014
193.4000     -29979.676   -29988.711        9.034   362.1     -0.763      0.117     -0.282     -0.224     -0.209      0.500
193.4500     -29979.916   -29988.541        8.625   345.7      0.117     -0.280      0.663      0.532      0.049      0.548
193.5000     -29980.695   -29989.311        8.616   345.4     -0.223     -0.197      0.301     -0.624      0.054      0.017
193.5500     -29980.617   -29989.275        8.658   347.1     -0.350     -0.218     -1.742      0.483     -0.304      0.250
193.6000     -29980.431   -29989.021        8.591   344.4     -0.468     -0.264      0.086     -0.387     -0.147     -0.473
193.6500     -29979.921   -29988.967        9.046   362.6     -0.594     -0.245     -0.068     -0.185     -0.620      0.201
193.7000     -29979.879   -29989.193        9.314   373.4     -0.225     -0.987     -1.151     -0.207      0.256     -0.418
193.7500     -29980.234   -29988.521        8.288   332.2     -0.256      0.164     -0.195      0.144     -0.017     -0.288
193.8000     -29980.142   -29988.562        8.421   337.5     -0.344     -0.459     -1.650     -0.138     -0.157      0.027
193.8500     -29980.471   -29988.457        7.986   320.1      0.220     -0.478     -0.264      0.001     -0.610     -0.440
193.9000     -29980.296   -29988.615        8.319   333.5      0.245     -0.637     -0.473     -0.056      0.512      0.507
193.9500     -29980.480   -29988.510        8.029   321.9      0.278     -0.520      0.730     -0.525     -0.450      0.114
194.0000     -29980.796   -29988.766        7.969   319.5     -0.218     -0.255      0.577     -0.053      0.591     -0.121
194.0500     -29980.913   -29988.143        7.230   289.8     -1.189     -0.752     -0.670     -0.537     -0.115      0.045
194.1000     -29981.364   -29989.025        7.662   307.1      0.057     -0.312     -0.256     -0.742      0.612      0.392
194.1500     -29981.274   -29989.539        8.265   331.3     -0.239     -1.199     -0.102      0.271     -0.442     -0.289
194.2000     -29981.369   -29988.920        7.551   302.7      0.302     -0.626      0.406     -0.305      0.069     -0.182
194.2500     -29981.362   -29988.119        6.757   270.8     -0.901     -0.012     -0.537      0.112     -0.202     -0.419
194.3000     -29981.286   -29988.525        7.239   290.2     -0.214     -0.389     -0.548      0.334      0.920      0.210
194.3500     -29981.483   -29989.398        7.915   317.3     -0.547      0.329     -0.351     -0.323     -0.285     -0.038
194.4000     -29981.738   -29988.934        7.195   288.4      0.635      0.284      0.406     -0.393     -0.143      0.007
194.4500     -29981.681   -29989.314        7.633   306.0     -0.322      0.474     -0.057     -0.787      0.687      0.091
194.5000     -29982.008   -29989.018        7.009   281.0      0.280      0.133      0.181     -0.236     -0.262      0.294
194.5500     -29981.845   -29989.273        7.429   297.8     -1.017      0.008     -0.605      0.081     -0.149     -0.296
194.6000     -29981.365   -29988.984        7.619   305.4      0.113     -0.815     -0.832      0.119      0.652      0.295
194.6500     -29981.007   -29988.988        7.982   319.9     -0.441     -0.057      0.028      0.336      0.005     -0.051
194.7000     -29980.629   -29989.125        8.496   340.5      0.146     -0.528     -0.438      0.047      0.423     -0.200
194.7500     -29980.991   -29988.652        7.661   307.1     -0.556     -1.207      0.238     -0.291     -0.737      0.216
194.8000     -29980.595   -29988.164        7.569   303.4      0.033     -0.263     -0.000      0.797      0.267     -0.244
194.8500     -29979.993   -29988.582        8.589   344.3      0.299     -0.943     -0.620     -0.309     -0.222      0.507
194.9000     -29980.376   -29988.330        7.954   318.8     -0.845     -0.498     -0.151      0.014      0.079     -0.027
194.9500     -29979.730   -29987.773        8.044   322.4     -0.124     -0.568      0.590      0.091      0.183     -0.309
195.0000     -29980.298   -29988.811        8.513   341.2      1.074     -0.793      0.194     -0.376      0.628     -0.099
195.0500     -29980.323   -29988.820        8.497   340.6     -0.415     -0.307      0.623     -0.141     -0.146     -0.127
195.1000     -29980.737   -29988.727        7.989   320.3     -0.171     -0.167     -0.975     -0.381      0.353      0.393
195.1500     -29980.832   -29989.158        8.327   333.8     -0.217     -0.163     -0.497      0.021     -0.031      0.030
195.2000     -29980.806   -29988.963        8.157   327.0     -0.072     -0.309     -0.558      0.078     -0.225      0.228
195.2500     -29981.352   -29989.447        8.095   324.5     -0.028      0.101      0.934     -0.598      0.107      0.567
195.3000     -29981.398   -29990.355        8.958   359.1      0.458     -0.664     -0.386     -0.316      0.055     -0.146
195.3500     -29981.540   -29990.494        8.954   358.9     -0.491     -0.853     -0.529      0.027      0.394     -0.059
195.4000     -29980.914   -29989.320        8.406   336.9     -0.559     -0.439     -0.917     -0.029      0.445      0.476
195.4500     -29980.724   -29988.855        8.132   326.0     -0.435     -1.035     -0.224      0.063     -0.385      0.164
195.5000     -29980.554   -29988.447        7.893   316.4     -0.545      0.523     -0.350      0.219     -0.197     -0.622
195.5500     -29981.081   -29988.549        7.468   299.4     -0.221     -0.803     -0.586     -0.161     -0.459      0.092
195.6000     -29980.826   -29988.459        7.633   306.0     -0.167     -0.549      0.237      0.123      0.913     -0.538
195.6500     -29981.428   -29988.697        7.270   291.4     -0.686     -1.100      0.995      0.040      0.137      0.692
195.7000     -29981.518   -29989.268        7.750   310.7     -0.048      0.234      0.212      0.373     -0.012     -0.137
195.7500     -29981.581   -29989.156        7.575   303.6      0.425      0.496      0.992     -0.328     -0.329      0.238
195.8000     -29981.446   -29989.186        7.739   310.2     -0.329      0.285      0.188     -0.452      0.282      0.289
195.8500     -29981.272   -29989.797        8.525   341.7      0.335     -0.691     -0.367     -0.291     -0.066     -0.075
195.9000     -29980.933   -29989.229        8.296   332.5     -0.780     -0.050     -0.325      0.052      0.033     -0.450
195.9500     -29980.623   -29988.229        7.606   304.9      0.595      0.308     -0.153     -0.025     -0.017      0.409
196.0000     -29980.543   -29988.316        7.773   311.6      0.168     -0.309     -0.722     -0.390     -0.258      0.256
196.0500     -29980.822   -29988.961        8.139   326.3     -0.913     -0.418     -0.517      0.311     -0.402     -0.102
196.1000     -29980.617   -29988.334        7.717   309.3     -0.045      0.569     -0.830     -0.487      0.094      0.016
196.1500     -29980.659   -29988.260        7.600   304.7      0.106     -0.327     -0.248      0.171     -0.320     -0.640
196.2000     -29980.750   -29988.389        7.638   306.2      1.547      1.671      0.199     -0.744     -0.421      0.547
196.2500     -29980.861   -29988.814        7.954   318.8     -0.993     -1.155     -0.559      0.109      0.310      0.244
196.3000     -29980.985   -29988.836        7.851   314.7     -1.054      1.291     -0.466     -0.116     -0.346     -0.329
196.3500     -29980.304   -29988.955        8.651   346.8     -0.470     -0.342      0.127      0.280     -0.196      0.227
196.4000     -29980.608   -29988.586        7.978   319.8     -0.372     -0.652     -0.457     -0.061     -0.029     -0.467
196.4500     -29980.613   -29988.129        7.515   301.3     -0.508      0.503     -0.809      0.201      0.621      0.160
196.5000     -29980.125   -29988.691        8.566   343.4      0.175      0.430      0.013      0.786      0.437     -0.685
196.5500     -29980.521   -29988.238        7.718   309.4     -1.077     -0.569     -0.284     -0.378      0.267      0.231
196.6000     -29980.353   -29988.750        8.397   336.6     -0.477     -0.120      0.262     -0.219      0.374     -0.236
196.6500     -29980.293   -29988.334        8.041   322.3     -1.009     -0.421     -1.736     -0.464     -0.542      0.550
196.7000     -29980.448   -29989.033        8.585   344.1      0.659     -0.070      0.796      0.112      0.457     -0.310
196.7500     -29980.811   -29988.525        7.714   309.2     -0.323      0.142     -0.623      0.189      0.240      0.489
196.8000     -29980.422   -29988.537        8.116   325.3      0.494     -0.363     -0.207     -0.092      0.134     -0.512
196.8500     -29979.178   -29987.807        8.628   345.9     -0.713      0.135      0.469      0.334     -0.147      0.257
196.9000     -29978.515   -29987.736        9.221   369.6     -0.018     -0.550     -0.251     -0.373      0.045     -0.500
196.9500     -29978.825   -29987.705        8.880   355.9     -1.039     -0.401     -0.022      0.663     -0.077      0.165
197.0000     -29979.430   -29987.588        8.158   327.0     -0.290      0.547     -1.255     -0.204     -0.136     -0.142
197.0500     -29979.162   -29988.406        9.244   370.5     -1.146     -0.104     -0.167     -0.223      0.502      0.329
197.1000     -29979.595   -29987.951        8.356   334.9     -0.186      0.183     -0.764      0.267     -0.390      0.043
197.1500     -29978.955   -29987.557        8.602   344.8     -0.954     -0.045     -1.193     -0.195     -0.078     -0.434
197.2000     -29978.527   -29987.645        9.118   365.5     -0.049     -0.091     -0.348      0.532      0.067      0.662
197.2500     -29978.856   -29987.625        8.769   351.5     -0.723     -0.078     -0.333     -0.698      0.014     -0.049
197.3000     -29979.527   -29988.148        8.622   345.6      0.499     -0.191     -0.753     -0.065      0.244     -0.342
197.3500     -29979.940   -29988.986        9.047   362.6     -0.582     -0.062      0.186      0.303      0.180     -0.103
197.4000     -29980.334   -29988.404        8.070   323.5     -0.069     -0.090     -0.076      0.133      0.155     -0.012
197.4500     -29980.318   -29988.605        8.287   332.2     -0.337      0.405      0.184      0.252      0.655      0.096
197.5000     -29980.509   -29988.977        8.467   339.4     -0.456     -0.639     -0.382     -0.300     -0.157      0.098
197.5500     -29980.408   -29989.277        8.869   355.5      0.137     -0.067     -0.812     -0.405      0.041      0.150
197.6000     -29980.749   -29989.512        8.762   351.2     -0.568     -1.068     -0.296     -0.076      0.011      0.139
197.6500     -29980.653   -29989.260        8.607   345.0     -0.918      0.423     -0.750      0.078      0.506      0.586
197.7000     -29981.595   -29989.045        7.450   298.6     -0.067     -0.386      0.307     -0.422     -0.263      0.024
197.7500     -29981.311   -29989.590        8.279   331.8     -0.028      0.730     -0.347      0.334      0.203     -0.033
197.8000     -29981.334   -29988.711        7.377   295.7     -0.340     -0.223      0.798     -0.404     -0.833      0.067
197.8500     -29981.620   -29989.461        7.841   314.3      0.239      0.674     -0.467     -0.299     -0.063     -0.248
197.9000     -29981.783   -29989.695        7.913   317.2      0.098      0.210      0.434     -0.364      0.156     -0.215
197.9500     -29981.626   -29989.699        8.073   323.6      0.253     -0.226     -0.309     -0.469      0.155      0.368
198.0000     -29981.745   -29989.607        7.862   315.1     -0.694     -0.312      0.307     -0.454     -0.087      0.202
198.0500     -29981.772   -29989.951        8.180   327.9     -0.026      0.148     -0.017      0.420      0.067     -0.101
198.1000     -29982.021   -29989.658        7.637   306.1     -0.217     -0.222     -1.129     -0.414     -0.619     -0.002
198.1500     -29981.947   -29989.232        7.285   292.0      0.050     -0.475     -0.272     -0.083     -0.207      0.260
198.2000     -29981.957   -29989.857        7.901   316.7     -0.284      0.063     -1.067      0.253     -0.115      0.170
198.2500     -29981.675   -29989.746        8.071   323.5     -1.008     -0.356     -0.951     -0.226     -0.877      0.285
198.3000     -29981.541   -29989.043        7.502   300.7     -0.874      0.196     -0.312      0.193      0.631      0.201
198.3500     -29981.317   -29988.652        7.336   294.0     -0.571     -0.114      0.307      0.037     -0.452     -0.144
198.4000     -29980.953   -29988.705        7.752   310.7      0.045     -1.023     -0.647     -0.168      0.171     -0.386
198.4500     -29980.578   -29988.344        7.766   311.3      0.583     -0.348      0.444      0.424     -0.375      0.168
198.5000     -29980.770   -29989.068        8.298   332.6      0.235     -0.650     -0.418      0.040     -0.111      0.052
198.5500     -29980.960   -29989.551        8.591   344.4     -0.385     -0.695      1.348      0.108     -0.132     -0.000
198.6000     -29980.850   -29989.604        8.754   350.9     -0.350      0.061     -0.793      0.150     -0.092      0.007
198.6500     -29981.003   -29988.814        7.812   313.1     -0.159     -1.117      0.085     -0.181      0.241     -0.460
198.7000     -29980.707   -29988.713        8.006   320.9     -0.633     -0.414     -1.089      0.008     -0.109      0.079
198.7500     -29980.393   -29989.355        8.963   359.3      0.522      0.605      0.117     -0.435     -0.104      0.089
198.8000     -29979.758   -29988.883        9.124   365.8     -0.589     -0.305     -0.720      0.021     -0.424     -0.035
198.8500     -29979.931   -29988.756        8.825   353.7     -0.152     -0.119     -0.427     -0.156     -0.115     -0.303
198.9000     -29980.241   -29988.736        8.495   340.5     -0.500     -0.115     -0.484      0.047      0.721      0.349
198.9500     -29980.024   -29988.924        8.900   356.7     -0.352      0.407     -0.537     -0.029      0.115     -0.181
199.0000     -29979.087   -29988.324        9.237   370.3      0.659     -0.175      0.229      0.153     -0.025      0.039
199.0500     -29979.318   -29988.381        9.063   363.3      0.201     -0.463      0.153      0.028      0.405      0.244
199.1000     -29979.402   -29988.770        9.368   375.5      0.549     -1.150     -0.436      0.350     -0.308      0.262
199.1500     -29979.470   -29988.662        9.192   368.4      0.674     -0.359     -0.436     -0.022      0.103     -0.023
199.2000     -29979.453   -29988.154        8.701   348.8     -0.322     -0.680     -0.055      0.347     -0.629     -0.517
199.2500     -29980.600   -29988.461        7.861   315.1      0.192      0.353     -0.227     -0.129      0.345      0.356
199.3000     -29980.510   -29988.875        8.365   335.3      0.532     -0.104      0.341      0.180     -0.085      0.200
199.3500     -29980.462   -29989.154        8.692   348.4     -0.313      0.416      0.257      0.257      0.048      0.157
199.4000     -29980.912   -29989.277        8.365   335.3     -0.140      0.240     -0.386      0.053     -0.320      0.216
199.4500     -29980.813   -29988.750        7.937   318.1     -0.185     -0.627      0.172     -0.068      0.076     -0.560
199.5000     -29980.808   -29989.182        8.373   335.6     -0.659      0.039     -0.107      0.163     -0.153      0.486
199.5500     -29980.845   -29988.758        7.913   317.2     -0.023      1.310      0.044     -0.220      0.113     -0.392
199.6000     -29980.831   -29988.832        8.001   320.7      0.005     -0.585      0.083      0.725      0.303     -0.192
199.6500     -29980.978   -29988.146        7.169   287.4     -0.925     -0.699     -0.062     -0.069     -0.056      0.016
199.7000     -29980.279   -29988.742        8.463   339.2      0.820     -0.192     -0.187     -0.638     -0.015      0.149
199.7500     -29980.520   -29988.490        7.970   319.5      0.176      0.264     -0.166     -0.052     -0.194     -0.213
199.8000     -29979.896   -29988.307        8.411   337.2     -0.037      1.396      0.418     -0.383     -0.038      0.201
199.8500     -29979.953   -29987.293        7.340   294.2     -0.803      0.456      0.084     -0.037     -0.286      0.780
199.9000     -29980.483   -29988.043        7.560   303.0     -0.341      0.949     -0.115      0.449     -0.476     -0.366
199.9500     -29980.685   -29988.393        7.707   308.9     -0.500     -0.223      1.076     -0.332      0.158     -0.078
200.0000     -29980.635   -29988.664        8.029   321.8     -0.366     -0.327      1.166      0.009     -0.547      0.041
200.0500     -29980.723   -29989.404        8.681   348.0     -0.424      0.910      0.176      0.399      0.399      0.776
200.1000     -29980.661   -29989.246        8.585   344.1      0.171      0.342      0.128     -0.024     -0.387      0.097
200.1500     -29981.068   -29989.365        8.298   332.6      0.058     -0.073      0.083      0.007      0.447      0.026
200.2000     -29980.819   -29989.039        8.220   329.5     -0.416     -1.064     -0.675     -0.178      0.163      0.287
200.2500     -29981.378   -29988.777        7.399   296.6      0.236      0.317      0.163     -0.101      0.414      0.197
200.3000     -29980.756   -29988.676        7.920   317.5      0.713     -0.710      1.786      0.174     -0.011     -0.545
200.3500     -29980.998   -29988.930        7.932   318.0      0.453      0.475     -0.466     -0.087      0.355      0.558
200.4000     -29980.743   -29989.295        8.552   342.8     -0.215     -0.756      0.190      0.019      0.257      0.505
200.4500     -29980.414   -29988.291        7.877   315.7     -0.356     -0.142     -0.896      0.331      0.057     -0.017
200.5000     -29980.653   -29988.936        8.283   332.0     -0.521     -0.849     -0.101     -0.699      0.043      1.035
200.5500     -29980.864   -29988.793        7.929   317.8     -1.719     -0.837     -1.091      0.264      0.418     -0.098
200.6000     -29981.237   -29989.084        7.846   314.5     -1.558     -0.066     -0.341      0.806     -0.505     -0.421
200.6500     -29981.192   -29989.809        8.617   345.4      0.120     -0.829     -0.764     -0.195     -0.027      0.469
200.7000     -29981.454   -29989.234        7.780   311.9     -0.331     -0.255      0.035     -0.215     -0.161      0.107
200.7500     -29981.647   -29989.480        7.834   314.0     -0.484     -0.403     -1.059     -0.087     -0.411      0.057
200.8000     -29982.333   -29989.234        6.901   276.6     -1.035     -0.978     -0.497      0.235      0.379      0.057
200.8500     -29982.066   -29989.369        7.303   292.7      0.375     -0.842     -0.707      0.802      0.265     -0.120
200.9000     -29981.397   -29989.602        8.205   328.9     -0.592     -0.933      0.891     -0.668     -0.312      0.330
200.9500     -29981.499   -29989.668        8.169   327.5      0.247     -0.096     -0.260      0.120      0.079      0.429
201.0000     -29981.410   -29989.285        7.875   315.7     -0.169     -0.700      0.203      0.240      0.028      0.554
201.0500     -29980.749   -29989.443        8.694   348.5      0.354     -1.316     -0.268     -0.903     -0.099      0.010
201.1000     -29980.152   -29988.832        8.680   347.9     -0.809     -0.071     -0.942      0.281     -0.183     -0.101
201.1500     -29979.995   -29989.109        9.114   365.3      0.174     -0.081     -0.623     -0.139      0.044      0.496
201.2000     -29980.016   -29989.098        9.082   364.0      0.579     -0.213      0.113      0.268     -0.302      0.496
201.2500     -29980.044   -29989.230        9.186   368.2     -0.329      0.234      0.306      0.448     -0.430      0.431
201.3000     -29980.077   -29988.596        8.518   341.5      0.470      0.132      0.407     -0.142      0.407      0.202
201.3500     -29979.879   -29988.559        8.680   347.9      0.048     -0.148      1.240     -0.205      0.088      0.599
201.4000     -29979.167   -29988.258        9.091   364.4      0.592      0.447      0.783      0.036     -0.229     -0.302
201.4500     -29979.382   -29987.732        8.351   334.7     -0.974     -1.641     -0.122     -0.207     -0.138      0.457
201.5000     -29979.193   -29988.287        9.094   364.5      0.324      0.209      0.856     -0.469      0.425     -0.013
201.5500     -29979.244   -29987.814        8.570   343.5     -0.354      0.688     -0.663      0.216      0.037     -0.187
201.6000     -29979.312   -29988.574        9.262   371.3     -0.427     -0.823      0.638      0.074     -1.018     -0.488
201.6500     -29979.143   -29987.809        8.666   347.4     -0.155     -0.559     -0.007      0.015      0.735      0.200
201.7000     -29978.671   -29988.029        9.358   375.1     -0.169      0.593     -1.535      0.088      0.576      0.037
201.7500     -29978.793   -29987.928        9.134   366.2     -1.772     -1.023     -0.854     -0.320      0.100      0.275
201.8000     -29978.721   -29987.311        8.590   344.3      0.253     -0.372     -0.138     -0.601     -0.330     -0.281
201.8500     -29979.339   -29987.982        8.643   346.5      0.432      0.094     -0.132      0.357      0.107      0.895
201.9000     -29979.550   -29987.676        8.126   325.7      0.526     -0.029     -1.167     -0.697      0.169     -0.096
201.9500     -29980.108   -29988.535        8.427   337.8     -1.106     -0.788     -0.172     -0.017      0.090     -0.130
202.0000     -29980.940   -29988.975        8.035   322.1     -0.258     -0.575     -0.711     -0.130      0.786     -0.010
202.0500     -29980.965   -29990.016        9.051   362.8     -0.100     -0.088      0.340     -0.183     -0.032      0.123
202.1000     -29981.485   -29989.500        8.015   321.3      0.271     -0.381      0.241      0.120     -0.148     -0.060
202.1500     -29981.366   -29989.676        8.310   333.1      0.248     -0.136     -0.099      0.430      0.619     -0.154
202.2000     -29981.135   -29989.873        8.738   350.3     -0.151     -0.207     -0.034      0.370     -0.075      0.144
202.2500     -29980.686   -29989.562        8.876   355.8      0.591      0.746      0.654      0.198      0.228     -0.045
202.3000     -29980.660   -29988.182        7.522   301.5     -0.787      0.369      0.094     -0.510      0.654      0.254
202.3500     -29980.033   -29988.340        8.307   333.0      0.189     -0.864      0.242      1.117     -0.214     -0.307
202.4000     -29980.111   -29988.285        8.174   327.6      0.417      1.152      0.780     -0.466      0.217      0.344
202.4500     -29980.012   -29987.625        7.613   305.2      0.392     -0.837      0.093     -0.053      0.456     -0.999
202.5000     -29980.100   -29989.189        9.089   364.3     -0.340     -0.189      0.174     -0.014     -0.146     -0.122
202.5500     -29980.162   -29988.312        8.151   326.7      0.117     -0.227      0.013      0.859     -0.089     -0.574
202.6000     -29979.958   -29988.195        8.238   330.2     -0.464     -1.024     -1.149      0.024      0.326     -0.351
202.6500     -29979.799   -29989.412        9.613   385.4     -0.756     -1.146     -0.485     -0.058      0.534      0.240
202.7000     -29979.609   -29987.928        8.319   333.5      0.214     -0.277      0.684     -0.041      0.363      0.034
202.7500     -29979.647   -29987.920        8.273   331.6     -0.587      0.171      0.230     -0.256      0.054     -0.520
202.8000     -29979.475   -29988.373        8.898   356.7      0.459      0.192      0.451      0.383      0.658     -0.093
202.8500     -29979.907   -29988.350        8.443   338.4     -1.047     -0.458     -0.413     -0.387     -0.117      0.429
202.9000     -29979.648   -29989.121        9.473   379.7      0.524     -0.080      0.020      0.315      0.319     -0.494
202.9500     -29979.482   -29987.832        8.350   334.7     -0.309     -0.377      0.345      0.647      0.380      0.129
203.0000     -29979.685   -29988.475        8.789   352.3     -0.020     -0.393     -0.759      0.182      0.448     -0.259
203.0500     -29979.702   -29988.213        8.511   341.1      0.288     -0.239     -0.028     -0.651      0.053      0.006
203.1000     -29980.075   -29988.521        8.447   338.6     -0.780     -0.672     -0.667     -0.659      0.022      0.126
203.1500     -29980.006   -29988.199        8.193   328.4     -0.081     -0.247      0.163     -0.327      0.448     -0.481
203.2000     -29979.655   -29988.859        9.204   368.9     -0.485     -0.751     -0.985     -0.144     -0.532      0.525
203.2500     -29979.295   -29988.201        8.906   357.0     -0.648     -0.324     -0.638      0.653      0.177     -0.503
203.3000     -29979.648   -29988.033        8.385   336.1     -1.407     -1.276      0.401      0.137      0.053     -0.359
203.3500     -29979.962   -29988.330        8.368   335.4     -0.583     -0.160     -1.045      0.163     -0.002      0.748
203.4000     -29980.027   -29988.656        8.629   345.9     -0.402      0.423     -0.810      0.084     -0.329     -0.589
203.4500     -29980.536   -29988.672        8.136   326.1      0.345      0.490      0.592     -0.065     -0.082      0.333
203.5000     -29980.267   -29988.422        8.155   326.9     -0.073      0.736      0.586      0.297      0.122     -0.328
203.5500     -29979.812   -29988.436        8.623   345.7      0.468      1.102      0.131      0.669     -0.220      0.012
203.6000     -29980.016   -29988.203        8.187   328.2      0.813      0.355     -0.103      0.480      0.028      0.077
203.6500     -29980.064   -29987.785        7.721   309.5     -0.325     -0.002      0.877     -0.068      0.173     -0.164
203.7000     -29979.676   -29988.283        8.608   345.0      0.969     -1.093      0.207      0.296      0.236     -0.056
203.7500     -29979.769   -29987.758        7.989   320.2     -0.454     -0.251     -0.872     -0.607     -0.343      0.015
203.8000     -29979.925   -29988.010        8.084   324.1      0.004     -0.064     -0.546      0.015      0.629     -0.366
203.8500     -29980.186   -29987.883        7.696   308.5      0.303     -0.510      0.060     -0.173     -0.290     -0.061
203.9000     -29980.220   -29988.293        8.073   323.6     -1.109     -0.265     -0.613      0.697      0.178     -0.119
203.9500     -29980.571   -29988.586        8.015   321.3      0.182     -1.338     -1.097      0.040     -0.071      0.389
204.0000     -29979.770   -29988.240        8.470   339.5     -0.259     -0.649     -0.156     -0.017     -0.046      0.253
204.0500     -29980.406   -29989.072        8.667   347.4     -0.432     -0.627     -0.147      0.380      0.507     -0.270
204.1000     -29980.092   -29988.514        8.422   337.6     -0.853     -0.622     -0.419     -0.358      0.129     -0.174
204.1500     -29979.843   -29988.230        8.387   336.2     -0.087     -0.265     -0.045      0.452     -0.096      0.313
204.2000     -29979.424   -29987.902        8.478   339.8     -0.441     -0.758     -0.800      0.034      0.187     -0.242
204.2500     -29980.342   -29988.045        7.703   308.8     -0.449      0.509      0.002      0.056      0.338     -0.296
204.3000     -29980.729   -29988.785        8.056   322.9     -0.215     -0.725     -0.687     -0.335      0.630      0.208
204.3500     -29980.600   -29988.279        7.679   307.8      0.783     -0.449     -0.302      0.490      0.103      0.309
204.4000     -29980.008   -29988.189        8.181   327.9     -0.478      0.564      0.674     -0.497      0.963      0.220
204.4500     -29979.899   -29988.801        8.902   356.8     -0.045     -0.530     -0.015     -0.039      0.020      0.167
204.5000     -29979.936   -29988.096        8.159   327.1     -1.499     -0.917     -0.664      0.249     -0.018     -0.065
204.5500     -29980.031   -29988.291        8.260   331.1     -0.253     -0.653     -0.715     -0.083      0.257      0.269
204.6000     -29980.152   -29988.838        8.685   348.2      0.341      0.988     -1.016      0.106     -0.696     -0.556
204.6500     -29980.084   -29987.996        7.912   317.1     -0.765      0.338     -0.847     -0.059     -0.263      0.334
204.7000     -29979.648   -29988.037        8.389   336.3      0.876     -0.550     -0.490      0.647     -0.152      0.099
204.7500     -29979.727   -29987.742        8.016   321.3     -0.602     -0.514      0.003     -0.024     -0.066      0.003
204.8000     -29980.124   -29987.861        7.738   310.2     -0.690     -1.826     -1.256     -0.077     -0.195      0.064
204.8500     -29980.234   -29988.471        8.237   330.2     -0.046     -0.072     -0.274      0.201     -0.340      0.001
204.9000     -29979.792   -29988.473        8.680   347.9     -0.085     -0.740     -1.048     -0.237      0.554      0.173
204.9500     -29980.110   -29988.854        8.744   350.5     -0.894     -1.010     -0.048      0.147      0.209     -0.549
205.0000     -29980.489   -29988.754        8.265   331.3      0.682      0.751     -0.639      0.188     -0.508     -0.313
205.0500     -29980.819   -29989.197        8.378   335.8      0.459      0.314      0.554      0.036      0.165      0.103
205.1000     -29980.712   -29988.721        8.008   321.0      0.211     -0.850     -0.470     -0.117      0.215      0.460
205.1500     -29981.235   -29988.732        7.498   300.5     -0.554     -0.609     -1.146     -0.243     -0.609      0.226
205.2000     -29981.614   -29989.182        7.567   303.3     -0.390      0.101     -0.561      0.110      0.257     -0.388
205.2500     -29981.862   -29989.521        7.660   307.0     -0.911      0.243     -0.374     -0.125     -0.259      0.004
205.3000     -29981.496   -29989.197        7.702   308.7     -0.056     -0.766     -0.845     -0.449     -0.325      0.331
205.3500     -29981.257   -29989.279        8.023   321.6      0.113     -0.086     -0.079     -0.346     -0.345     -0.237
205.4000     -29981.716   -29989.898        8.183   328.0     -0.237      0.127     -0.040     -0.154     -0.340     -0.183
205.4500     -29981.470   -29989.680        8.209   329.1      0.068      0.250      0.555      0.134      0.144      0.490
205.5000     -29980.928   -29989.098        8.170   327.5     -0.062     -0.427     -0.784     -0.241     -0.293      0.139
205.5500     -29981.095   -29989.043        7.948   318.6     -0.538     -0.229     -0.372     -0.273      0.410     -0.237
205.6000     -29981.588   -29988.809        7.220   289.4      0.916      0.185     -0.253     -0.210     -0.235     -0.113
205.6500     -29981.030   -29988.973        7.942   318.4     -0.318      0.140     -0.922     -0.284     -0.160     -0.378
205.7000     -29981.136   -29988.152        7.017   281.3      0.177     -0.356     -0.255      0.669     -0.047      0.317
205.7500     -29981.072   -29989.031        7.959   319.0     -0.460     -0.176      0.129     -0.237     -0.401     -0.346
205.8000     -29981.619   -29988.584        6.965   279.2     -0.821     -0.389     -0.881      0.069      0.211      0.115
205.8500     -29982.058   -29988.768        6.710   269.0      0.238      0.458     -0.053     -0.395      0.277      0.230
205.9000     -29981.960   -29989.549        7.589   304.2     -0.462     -0.107     -0.235     -0.466     -0.134     -0.456
205.9500     -29982.248   -29989.957        7.709   309.0      0.328      0.095     -0.945     -0.147      0.006     -0.193
206.0000     -29981.848   -29989.314        7.467   299.3      0.113     -0.781     -0.073     -0.839      0.312      0.039
206.0500     -29981.540   -29989.303        7.763   311.2      0.806      0.130      0.183     -0.068     -0.299      0.172
206.1000     -29980.940   -29989.279        8.339   334.3     -0.088      0.019      0.042      0.368      0.304      0.358
206.1500     -29980.851   -29989.512        8.660   347.1      0.192     -0.038     -0.032     -0.303     -0.765      0.487
206.2000     -29980.534   -29988.469        7.935   318.1     -0.534     -1.185     -0.206      0.488     -0.017     -0.017
206.2500     -29980.028   -29988.844        8.816   353.4     -0.349     -0.674     -0.931     -0.452     -0.102      0.310
206.3000     -29979.978   -29988.510        8.531   342.0      0.494      0.333      0.207      0.611      0.352     -0.232
206.3500     -29980.593   -29988.604        8.011   321.1     -0.215     -0.351      0.227     -0.173      0.373     -0.068
206.4000     -29980.566   -29988.354        7.788   312.2     -0.065     -0.407     -0.113     -0.330     -0.853     -0.312
206.4500     -29980.802   -29989.000        8.198   328.6      1.016      0.435      0.707      0.416     -0.256      0.411
206.5000     -29980.501   -29989.006        8.505   340.9      0.053      0.239     -0.183     -0.345     -0.222     -0.591
206.5500     -29980.268   -29988.666        8.398   336.6     -0.204      0.375      0.232      0.235      0.129     -0.141
206.6000     -29980.701   -29988.129        7.428   297.8     -0.326      0.463      0.556     -0.093     -0.636     -0.000
206.6500     -29980.781   -29988.941        8.161   327.1      0.118     -0.256      0.401     -0.693     -0.399      0.263
206.7000     -29980.888   -29988.641        7.753   310.8     -1.059      0.222     -0.074      0.319      0.257      0.682
206.7500     -29980.699   -29988.672        7.973   319.6     -0.374     -0.072     -0.268      1.253     -0.247     -0.403
206.8000     -29981.069   -29989.082        8.013   321.2     -0.068      0.046      0.118      0.175      0.993      0.042
206.8500     -29981.610   -29989.875        8.265   331.3     -0.657     -0.852      0.090      0.544      0.305     -0.415
206.9000     -29981.488   -29989.305        7.817   313.3      0.564     -0.695      0.027      0.100      0.216     -0.007
206.9500     -29981.129   -29989.457        8.328   333.8     -0.187     -0.860     -0.392     -0.220     -0.732      0.089
207.0000     -29981.902   -29990.164        8.262   331.2      0.223     -0.584      0.497     -0.658      0.089      0.032
207.0500     -29981.462   -29989.299        7.837   314.2      0.301      0.587      0.674     -0.062      0.662      0.244
207.1000     -29981.324   -29989.156        7.833   314.0      0.393     -0.450     -0.802      0.054      0.459      0.219
207.1500     -29980.659   -29988.936        8.277   331.8     -0.284      0.235      1.260      0.183      0.108      0.165
207.2000     -29980.840   -29988.863        8.024   321.6      0.352      0.176     -0.667      0.145     -0.355     -0.085
207.2500     -29980.777   -29988.273        7.496   300.5      0.335     -0.073      0.472      0.141      0.434     -0.264
207.3000     -29981.016   -29989.219        8.202   328.8     -0.548      0.804      0.111      0.096     -0.290     -0.104
207.3500     -29980.846   -29989.512        8.666   347.4     -1.047     -0.334      0.098      0.338      0.376      0.431
207.4000     -29981.323   -29989.303        7.980   319.9      0.158      0.735     -0.121     -0.293      0.095      0.208
207.4500     -29980.838   -29989.174        8.336   334.2      1.568      0.243      0.528      0.648      0.087     -0.906
207.5000     -29980.524   -29988.705        8.181   327.9      0.165     -0.242     -0.279      0.658      0.326      0.509
207.5500     -29980.425   -29988.725        8.300   332.7      1.046      0.146     -0.597      0.379      0.146     -0.715
207.6000     -29980.616   -29988.947        8.331   333.9     -0.699     -0.090      0.397      0.311      0.299      0.253
207.6500     -29980.771   -29989.605        8.834   354.1      0.406     -0.288     -0.202     -0.080      0.026     -0.038
207.7000     -29981.072   -29988.852        7.779   311.8     -0.062     -0.195     -0.029     -0.301     -0.220      0.107
207.7500     -29981.787   -29989.998        8.211   329.1      0.315     -0.104      0.214      0.101     -0.030      0.434
207.8000     -29981.667   -29989.803        8.136   326.1     -0.075      0.003     -1.021     -0.444      0.018      0.273
207.8500     -29981.587   -29989.242        7.655   306.9     -0.560     -0.738     -0.337      0.044      0.036      0.110
207.9000     -29981.693   -29989.676        7.983   320.0      0.210     -0.438      0.183      0.274     -0.043      0.060
207.9500     -29981.652   -29990.215        8.563   343.2      0.230     -0.774     -0.101     -0.670     -0.100      0.552
208.0000     -29981.538   -29989.119        7.581   303.9     -1.684     -0.548     -0.421      0.112     -0.207     -0.489
208.0500     -29982.099   -29989.832        7.733   310.0     -0.832     -0.237     -0.664     -0.463     -0.002      0.187
208.1000     -29981.956   -29989.924        7.968   319.4     -0.568     -0.339      0.641     -0.096      0.135      0.219
208.1500     -29981.887   -29989.400        7.513   301.2     -0.751     -0.586     -0.711      0.196      0.353     -0.214
208.2000     -29982.121   -29989.975        7.853   314.8     -0.692     -0.597     -0.564     -0.184      0.016      0.545
208.2500     -29982.034   -29989.709        7.675   307.6     -1.111     -0.095     -0.359      0.713     -0.221     -0.220
208.3000     -29981.873   -29989.309        7.435   298.0     -0.713     -1.124     -0.792     -0.004     -0.315     -0.073
208.3500     -29981.494   -29990.232        8.739   350.3     -0.023      0.125     -0.352     -0.341      0.810      0.132
208.4000     -29981.354   -29988.795        7.441   298.3      0.413      0.163     -1.130     -0.050      0.544      0.004
208.4500     -29981.541   -29988.936        7.394   296.4     -0.200     -0.484      0.014      0.069      0.006     -0.052
208.5000     -29981.343   -29988.754        7.410   297.0      0.565      0.209      0.127     -0.038      0.855     -0.390
208.5500     -29980.791   -29989.148        8.358   335.0     -0.188     -0.043     -0.468      0.194      0.244      0.173
208.6000     -29981.016   -29988.824        7.808   313.0      0.392     -0.496      0.139     -0.133      0.351     -0.154
208.6500     -29980.265   -29988.395        8.129   325.9     -0.141      0.295     -0.929     -0.019      0.464      0.070
208.7000     -29980.245   -29988.975        8.729   349.9      0.370      0.679     -0.307     -0.440      0.201      0.280
208.7500     -29980.070   -29988.836        8.766   351.4     -0.646      0.302     -0.709     -0.060      0.039      0.038
208.8000     -29980.269   -29988.656        8.387   336.2     -0.504     -0.445     -0.585      0.013      0.326      0.083
208.8500     -29979.726   -29988.844        9.118   365.5      0.549     -0.513      0.207     -0.049     -0.128     -0.326
208.9000     -29980.248   -29988.275        8.028   321.8      0.326     -0.063     -1.606     -0.377      0.248     -0.151
208.9500     -29980.437   -29989.029        8.592   344.4      0.450      1.020     -0.437     -0.065     -0.420     -0.232
209.0000     -29979.909   -29989.023        9.114   365.3     -0.593     -0.168     -1.277     -0.252      0.174      0.481
209.0500     -29979.853   -29988.844        8.991   360.4     -1.325     -0.823     -1.520      0.185      0.382     -0.133
209.1000     -29980.092   -29988.465        8.373   335.6     -0.231     -0.224      0.783     -0.334      0.488     -0.246
209.1500     -29979.986   -29988.482        8.497   340.6     -1.129     -0.201     -1.191     -0.290      0.118     -0.141
209.2000     -29979.927   -29988.605        8.678   347.9      0.026     -1.288     -0.242      0.459      0.397      0.237
209.2500     -29979.808   -29989.178        9.369   375.6     -0.220     -0.171     -0.585     -0.108     -0.336      0.220
209.3000     -29980.568   -29988.873        8.305   332.9     -0.136     -0.148     -0.182     -0.707      0.285     -0.016
209.3500     -29980.333   -29989.055        8.722   349.6      0.295      0.046     -2.172     -0.725     -0.317     -0.151
209.4000     -29979.833   -29989.311        9.478   379.9     -0.669     -1.073     -0.492     -0.463      0.235      0.158
209.4500     -29980.087   -29988.400        8.313   333.2      0.810      0.820      0.473      0.362     -0.187     -0.104
209.5000     -29980.058   -29989.092        9.033   362.1     -0.218     -0.923     -0.066     -0.194      0.716      0.354
209.5500     -29980.178   -29988.992        8.814   353.3     -0.542     -1.398     -0.967      0.219      0.220     -0.077
209.6000     -29980.726   -29989.738        9.012   361.3     -0.222      0.441      0.228     -0.710      0.378      0.250
209.6500     -29980.749   -29989.400        8.652   346.8     -0.566      0.210      0.164      0.300     -0.113     -0.613
209.7000     -29980.611   -29989.602        8.991   360.4     -0.624      0.112      0.419     -0.052      0.060     -0.023
209.7500     -29980.976   -29989.412        8.436   338.2     -1.341      0.121     -0.820     -0.355     -0.372      0.547
209.8000     -29981.104   -29988.768        7.664   307.2     -0.892     -0.003      1.156     -0.149     -0.060     -0.455
209.8500     -29981.226   -29989.037        7.811   313.1     -0.908     -1.508     -0.722     -0.062     -0.447      0.434
209.9000     -29981.182   -29988.879        7.697   308.5     -0.829      0.276      0.966     -0.151      0.198     -0.109
209.9500     -29981.490   -29989.375        7.885   316.1     -0.186     -0.272     -0.366     -0.464     -1.079     -0.302
210.0000     -29981.299   -29989.604        8.305   332.9     -0.702     -0.230     -0.362     -0.258     -0.059     -0.038
210.0500     -29981.527   -29989.814        8.288   332.2     -0.112     -0.072     -0.026     -0.285      0.034      0.289
210.1000     -29980.957   -29989.174        8.217   329.4     -1.341     -0.669     -0.040      0.611     -0.324      0.050
210.1500     -29981.267   -29989.047        7.780   311.9      0.399      0.792     -1.067     -0.178      0.182      0.312
210.2000     -29980.784   -29989.066        8.283   332.0     -0.499     -0.424     -0.225     -0.143     -0.161      0.334
210.2500     -29980.530   -29988.854        8.323   333.6     -0.161     -0.364     -0.280      0.376      0.006      0.808
210.3000     -29980.561   -29989.309        8.748   350.7     -1.382     -0.326     -0.139      0.001     -0.238     -0.416
210.3500     -29980.399   -29988.031        7.632   305.9     -0.781     -0.017      0.338     -0.228     -0.109      0.190
210.4000     -29980.355   -29988.812        8.457   339.0     -0.714      0.118      0.281     -0.091      0.006     -0.806
210.4500     -29980.394   -29989.279        8.886   356.2      0.685      0.161      0.505      0.431      0.383      0.333
210.5000     -29980.330   -29988.762        8.432   338.0     -0.777      0.080     -0.366      0.040      0.181      0.456
210.5500     -29980.672   -29988.957        8.285   332.1     -0.653     -0.775     -0.084     -0.619     -0.040     -0.652
210.6000     -29980.208   -29989.082        8.874   355.7     -0.394      0.736     -0.071      0.800      0.088      0.810
210.6500     -29980.293   -29989.516        9.223   369.7      0.241     -0.398     -0.040     -0.071      0.246      0.207
210.7000     -29980.433   -29989.443        9.011   361.2     -0.403     -1.053     -0.406      0.320     -0.446      0.016
210.7500     -29980.997   -29988.947        7.950   318.7     -0.124     -1.378     -0.010      0.192     -0.154     -0.456
210.8000     -29981.100   -29989.275        8.175   327.7     -0.916     -0.513     -0.025      0.145      0.513      0.040
210.8500     -29981.769   -29989.201        7.432   297.9     -0.541     -0.170     -0.414     -0.158      0.035     -0.063
210.9000     -29982.036   -29990.152        8.116   325.3     -0.473     -0.518     -0.064      0.091     -0.199      0.238
210.9500     -29982.285   -29990.518        8.232   330.0     -0.207     -0.598     -0.548      0.373     -0.601      0.106
211.0000     -29982.654   -29989.865        7.211   289.1      0.017      0.604     -0.074     -0.228     -0.221     -0.173
211.0500     -29982.412   -29989.795        7.383   295.9     -0.048     -0.265      0.551      0.837      0.090      0.331
211.1000     -29982.142   -29989.760        7.618   305.3     -1.116     -0.281      0.259     -0.259      0.070      0.801
211.1500     -29982.176   -29990.068        7.892   316.3     -1.094     -0.181     -1.349      0.182     -0.080      0.298
211.2000     -29982.077   -29989.805        7.728   309.8     -0.837     -0.500      0.388      0.237     -0.240      0.515
211.2500     -29982.545   -29990.453        7.909   317.0     -0.625      0.369     -0.455     -0.243      0.032     -0.101
211.3000     -29982.334   -29989.832        7.498   300.5      0.554     -0.599     -0.353     -0.078      0.007      0.373
211.3500     -29982.278   -29990.197        7.919   317.4      0.151     -0.357      0.421      0.162      0.097      0.075
211.4000     -29982.192   -29990.111        7.919   317.4     -0.582     -0.944     -0.489      0.135     -0.239      0.194
211.4500     -29982.330   -29990.447        8.117   325.4     -0.123      0.485      0.415     -0.111     -0.063      0.199
211.5000     -29982.628   -29990.127        7.499   300.6      0.486      0.189      0.806      0.520     -0.225     -0.022
211.5500     -29982.381   -29990.223        7.842   314.3     -0.583     -0.429     -0.605      0.109      0.070      0.783
211.6000     -29982.891   -29990.410        7.519   301.4     -0.079     -0.788      0.867      0.435      0.289     -0.020
211.6500     -29983.364   -29990.803        7.439   298.2     -0.607     -0.731     -1.321     -0.009     -0.815      0.305
211.7000     -29982.992   -29990.777        7.786   312.1      0.183     -0.288      0.140      0.590      0.504     -0.574
211.7500     -29982.804   -29990.732        7.929   317.8      0.220     -0.243      0.265      0.128     -0.107     -0.429
211.8000     -29982.832   -29990.154        7.322   293.5     -0.696     -0.117     -0.278      0.017     -0.268      0.226
211.8500     -29982.637   -29990.055        7.418   297.3     -0.205     -0.150     -0.010     -0.304      0.294     -0.217
211.9000     -29983.020   -29990.445        7.425   297.6     -0.311     -0.288     -0.161      0.359     -0.148      0.086
211.9500     -29982.340   -29990.100        7.760   311.0      0.818      0.312      1.126      0.364      0.117      0.311
212.0000     -29982.141   -29990.371        8.230   329.9     -0.386     -0.133     -0.047      0.203      0.031      0.366
212.0500     -29981.838   -29990.465        8.627   345.8     -1.016     -0.282     -0.669     -0.492     -0.227      0.297
212.1000     -29981.911   -29989.480        7.570   303.4      0.188      0.088     -0.233     -0.043     -0.478     -0.489
212.1500     -29982.230   -29990.072        7.842   314.4      0.202     -0.443     -0.609     -0.244     -0.014      0.457
212.2000     -29982.414   -29990.426        8.012   321.1      0.879      0.226     -0.572     -0.336     -0.416      0.565
212.2500     -29982.588   -29990.922        8.334   334.1     -0.982     -0.114     -0.056      0.455     -0.180      0.128
212.3000     -29982.354   -29990.490        8.136   326.1      0.287      0.101      0.195     -0.021     -0.168      0.937
212.3500     -29982.171   -29990.658        8.487   340.2     -0.887     -0.712     -0.959     -0.091     -0.280     -0.012
212.4000     -29982.254   -29990.215        7.961   319.1     -0.592      0.023     -1.072      0.261      0.419     -0.004
212.4500     -29982.033   -29990.207        8.174   327.7     -0.361     -0.454     -1.387      0.451      0.188      0.327
212.5000     -29982.105   -29990.045        7.940   318.3     -0.123     -0.902      0.231      0.065     -0.169     -0.278
212.5500     -29981.669   -29989.996        8.327   333.8      0.197      0.082     -0.638     -0.077      0.105      0.208
212.6000     -29981.479   -29989.332        7.853   314.8     -0.332     -0.084      0.487      0.109     -0.270     -0.419
212.6500     -29981.558   -29989.984        8.426   337.8     -0.696     -0.560     -1.026      0.223      0.215     -0.094
212.7000     -29981.044   -29988.705        7.661   307.1     -0.059      0.031     -0.983      0.139      0.250     -0.131
212.7500     -29981.085   -29989.395        8.309   333.1     -0.909      0.216      0.607      0.179     -0.150      0.240
212.8000     -29980.955   -29988.969        8.014   321.2     -0.831     -0.418     -0.546      0.045      0.505      0.014
212.8500     -29980.859   -29988.930        8.071   323.5     -0.963     -1.513     -1.063      0.112      0.202     -0.140
212.9000     -29981.432   -29989.828        8.396   336.6     -0.237     -0.088     -0.340     -0.482      0.074     -0.398
212.9500     -29981.874   -29989.635        7.761   311.1     -0.338      0.227     -0.399     -0.177     -0.238      0.553
213.0000     -29981.302   -29989.629        8.327   333.8      0.779     -0.262      0.082     -0.488     -0.380      0.171
213.0500     -29981.162   -29989.750        8.588   344.3     -0.276      0.749     -0.621      0.161     -0.120      0.342
213.1000     -29981.451   -29990.408        8.957   359.0      1.003      0.423      0.162      0.273     -0.010     -0.432
213.1500     -29982.081   -29989.486        7.405   296.8     -1.761     -1.628     -1.499     -0.131     -0.424      0.304
213.2000     -29982.060   -29990.461        8.401   336.7     -0.912      0.365     -0.568     -0.019     -0.129     -0.390
213.2500     -29982.075   -29989.863        7.788   312.2     -0.378     -0.053     -0.676      0.321      0.310      0.103
213.3000     -29981.529   -29989.547        8.018   321.4     -0.262     -1.194     -0.266     -0.103      0.130     -0.162
213.3500     -29981.992   -29990.031        8.040   322.3     -1.676     -0.295     -1.050      0.270     -0.205      0.399
213.4000     -29982.174   -29989.713        7.539   302.2     -0.535     -0.630      0.023      0.109     -0.493      0.310
213.4500     -29982.155   -29989.756        7.601   304.7     -0.121     -0.035      0.109      0.883     -0.081     -0.457
213.5000     -29982.283   -29990.014        7.731   309.9      0.337      0.121     -0.743     -0.392     -0.438      0.161
213.5500     -29982.380   -29990.318        7.938   318.2     -0.239      0.110      0.327      0.229     -0.401      0.174
213.6000     -29982.365   -29990.348        7.983   320.0      0.962      0.050     -0.396      0.090     -0.121     -0.230
213.6500     -29981.889   -29990.104        8.215   329.3     -2.287     -0.791     -0.967      0.148      0.402      0.824
213.7000     -29982.174   -29989.734        7.561   303.1     -0.126     -0.418     -0.598     -0.337      0.353      0.130
213.7500     -29981.776   -29990.102        8.326   333.7      0.095      0.609      0.218     -0.552      0.241     -0.106
213.8000     -29981.781   -29990.355        8.574   343.7     -0.623     -0.447     -0.776     -0.088     -0.262      0.087
213.8500     -29981.515   -29989.627        8.112   325.2     -0.033      0.059     -0.558     -0.526     -0.217     -0.202
213.9000     -29981.337   -29989.357        8.021   321.5     -0.991     -0.482     -0.465      0.206      0.009     -0.249
213.9500     -29981.380   -29989.842        8.462   339.2      0.785     -0.362      0.213     -0.168     -0.291      0.112
214.0000     -29980.920   -29989.680        8.760   351.1      0.295     -0.125     -0.337     -0.143      0.090      0.124
214.0500     -29980.623   -29989.316        8.693   348.5     -0.061      0.277      0.750      0.127      0.681     -0.091
214.1000     -29980.947   -29989.096        8.149   326.6     -0.419     -0.108     -1.141      0.028      0.028     -0.342
214.1500     -29980.781   -29988.773        7.993   320.4      0.258      0.324      1.335     -0.218     -0.154      0.074
214.2000     -29980.693   -29988.797        8.104   324.8     -0.505     -0.207     -0.027      0.057      0.016     -0.212
214.2500     -29980.673   -29988.654        7.981   319.9     -0.126     -0.708     -0.480     -0.288     -0.293      0.198
214.3000     -29980.954   -29989.006        8.051   322.7      0.145      0.463     -0.340      0.045     -0.396     -0.227
214.3500     -29980.639   -29988.990        8.351   334.8      0.046     -0.617      0.259     -0.223      0.706      0.092
214.4000     -29980.385   -29988.605        8.220   329.5     -0.318     -0.473     -0.413      0.304      0.482     -0.072
214.4500     -29980.341   -29988.947        8.607   345.0     -0.077      0.202      0.883      0.002      0.121      0.382
214.5000     -29980.514   -29989.330        8.816   353.4      1.350      0.396      0.819      0.164     -0.073      0.513
214.5500     -29980.673   -29988.750        8.077   323.8     -0.383      0.473      0.332     -0.129     -0.815      0.235
214.6000     -29980.268   -29988.859        8.592   344.4     -0.136      0.134      0.660      0.276      0.137     -0.372
214.6500     -29979.899   -29988.531        8.632   346.0      0.693      1.013      0.246     -0.148     -0.566      0.182
214.7000     -29980.258   -29988.176        7.918   317.4      0.202     -0.339      0.237     -0.373     -0.482     -0.409
214.7500     -29980.732   -29988.387        7.655   306.8     -0.803     -0.669      0.031      0.485      0.401      0.219
214.8000     -29980.413   -29988.615        8.203   328.8      0.195     -0.750     -0.466     -0.121     -0.657     -0.323
214.8500     -29979.782   -29988.477        8.695   348.5      0.301     -0.023     -0.262      0.095      0.405      0.592
214.9000     -29979.886   -29988.984        9.099   364.7     -0.738      0.796     -0.094     -0.080      0.148     -0.730
214.9500     -29980.619   -29988.799        8.180   327.9     -0.152      0.184     -0.332      0.067      0.258      0.331
215.0000     -29980.846   -29989.041        8.195   328.5     -0.778     -1.181     -0.920      0.549      0.344     -0.386
215.0500     -29980.960   -29989.393        8.432   338.0     -0.611     -0.669     -0.096      0.857     -0.562      0.394
215.1000     -29981.182   -29988.846        7.664   307.2     -0.506     -0.217     -0.666     -0.290      0.277     -0.045
215.1500     -29980.985   -29988.352        7.367   295.3      0.503      0.925      0.299     -0.101      0.062     -0.031
215.2000     -29981.138   -29988.980        7.842   314.4      0.624      0.656      1.069      0.187      0.240      0.158
215.2500     -29980.892   -29988.994        8.102   324.8     -0.719     -0.888      0.742      0.071     -0.161      0.471
215.3000     -29980.578   -29989.008        8.430   337.9     -0.967     -0.462     -0.375     -0.182     -0.165      0.233
215.3500     -29980.933   -29989.428        8.495   340.5      0.888     -0.530      0.546      0.512      0.617     -0.009
215.4000     -29981.265   -29988.838        7.573   303.5      0.132      0.697      0.189      0.140      0.240      0.229
215.4500     -29980.787   -29989.139        8.351   334.8     -0.382     -0.508     -0.211     -0.174      0.183      0.066
215.5000     -29980.633   -29988.291        7.658   307.0     -0.083     -0.159      0.135     -0.164      0.325     -0.182
215.5500     -29980.676   -29988.189        7.513   301.2      0.200      0.721     -0.172      0.623     -0.092     -0.248
215.6000     -29980.850   -29988.576        7.726   309.7     -0.929     -0.387      0.137     -0.301     -0.060     -0.024
215.6500     -29980.673   -29988.223        7.550   302.6     -0.259      0.084     -0.144     -0.376     -0.066      0.310
215.7000     -29980.464   -29988.168        7.704   308.8      0.582     -0.004     -0.098     -0.019      0.148      0.114
215.7500     -29980.162   -29988.398        8.236   330.2      0.332     -0.822      0.014     -0.297     -0.061     -0.216
215.8000     -29980.137   -29988.531        8.394   336.5     -0.665     -0.700     -1.838      0.192     -0.288      0.651
215.8500     -29980.162   -29987.779        7.617   305.3     -0.118     -0.233     -1.141      0.048     -0.469     -0.431
215.9000     -29980.683   -29989.379        8.696   348.6     -0.670     -0.086     -0.037     -0.084     -0.388      0.007
215.9500     -29980.570   -29988.451        7.881   315.9     -0.237      0.353     -0.136      0.162      0.055      0.107
216.0000     -29980.393   -29988.516        8.123   325.6     -0.287     -0.244     -0.272     -0.010      0.076     -0.249
216.0500     -29980.243   -29988.340        8.097   324.5      0.508      0.754     -0.398     -0.504     -0.136      0.042
216.1000     -29980.286   -29988.156        7.870   315.5      0.341     -0.681     -0.050     -0.328     -0.611     -0.547
216.1500     -29980.251   -29988.201        7.951   318.7      0.183      0.866     -0.499     -0.326      0.309     -0.455
216.2000     -29980.690   -29988.367        7.677   307.7     -0.960     -0.503     -0.535      0.136     -0.234     -0.601
216.2500     -29980.450   -29988.086        7.635   306.1      0.655     -0.609      0.354      0.558     -0.443      0.357
216.3000     -29980.139   -29989.066        8.928   357.9     -0.113     -0.284     -0.694      0.301     -0.094     -0.144
216.3500     -29979.896   -29988.604        8.708   349.1     -0.774      0.526      0.538      0.027     -0.098      0.620
216.4000     -29980.070   -29987.584        7.514   301.2     -0.255     -0.612     -0.030     -0.179      0.303      0.158
216.4500     -29979.978   -29987.861        7.883   316.0     -0.555     -0.594     -0.162      0.429      0.278     -0.447
216.5000     -29980.284   -29989.207        8.923   357.7     -0.090     -0.037      1.017      0.595      0.255      0.159
216.5500     -29979.932   -29988.783        8.851   354.8     -0.014     -0.242     -0.339     -0.380     -0.721     -0.146
216.6000     -29980.054   -29988.404        8.350   334.7     -0.876     -0.342     -0.291      0.421      0.081      0.115
216.6500     -29979.976   -29988.102        8.125   325.7      0.205     -0.216     -0.809     -0.201      0.001     -0.084
216.7000     -29979.866   -29987.965        8.099   324.6      0.173     -0.069      0.310     -0.251     -0.136      0.184
216.7500     -29979.865   -29987.898        8.033   322.0      0.374      0.104     -0.244      0.309      0.251     -0.126
216.8000     -29980.046   -29988.225        8.179   327.8     -0.198      0.081      0.556     -0.817     -0.153      0.269
216.8500     -29980.230   -29988.320        8.091   324.3     -0.229      0.563     -0.793     -0.583      0.049      0.422
216.9000     -29980.442   -29988.422        7.979   319.9     -0.155      0.582     -0.199      0.079     -0.150      0.267
216.9500     -29980.797   -29988.777        7.981   319.9     -0.139     -0.262     -0.760      0.024      0.194     -0.078
217.0000     -29980.156   -29988.904        8.748   350.7     -0.918     -0.562     -0.816     -0.314     -0.309      0.229
217.0500     -29980.501   -29988.926        8.425   337.7     -0.982     -0.982      0.038     -0.012      0.053      0.306
217.1000     -29980.751   -29988.668        7.917   317.3      0.603      0.670      0.463      0.303      0.151     -0.289
217.1500     -29980.289   -29988.846        8.556   343.0     -0.760     -0.183      1.410     -0.132     -0.460     -0.048
217.2000     -29979.749   -29988.309        8.560   343.1     -0.642     -0.794     -0.359      0.143      0.300      0.111
217.2500     -29979.360   -29987.420        8.060   323.1     -0.287     -0.138      0.729      0.017      0.321      0.312
217.3000     -29979.234   -29987.650        8.416   337.4     -0.771     -0.122     -1.287      0.164      0.919     -0.024
217.3500     -29979.645   -29988.506        8.861   355.2     -0.243      0.389      0.725     -0.165     -0.549     -0.295
217.4000     -29979.795   -29988.111        8.317   333.4      0.224      0.057      0.015      0.185      0.052     -0.230
217.4500     -29979.509   -29988.545        9.036   362.2     -0.139     -0.607     -1.222      0.236     -0.007      0.250
217.5000     -29979.852   -29988.061        8.209   329.0     -0.142     -0.632     -0.280     -0.606     -0.538      0.066
217.5500     -29979.543   -29988.664        9.121   365.6     -0.331      0.178     -0.613     -0.670     -0.145      0.174
217.6000     -29979.266   -29988.244        8.978   359.9     -0.195     -1.331      1.090      0.434      0.080      0.392
217.6500     -29979.401   -29988.176        8.775   351.7     -0.037      0.934      0.280      0.146      0.511      0.105
217.7000     -29978.959   -29987.893        8.933   358.1     -0.480      0.101      0.000      0.075     -0.023      0.137
217.7500     -29979.472   -29988.434        8.962   359.2      0.018     -0.689     -0.691     -0.186      0.037     -0.355
217.8000     -29979.470   -29988.764        9.294   372.5     -0.522      0.093     -0.133      0.452     -0.141     -0.473
217.8500     -29979.613   -29988.744        9.131   366.0     -1.858     -0.569      0.026      0.015      0.200      0.158
217.9000     -29979.804   -29988.295        8.491   340.4     -0.521     -0.512     -0.300      0.571      0.421     -0.213
217.9500     -29979.762   -29987.967        8.205   328.9     -0.901      0.299      0.052      0.451     -0.114      0.097
218.0000     -29979.373   -29987.996        8.623   345.7      0.312      0.317      0.120      0.853      0.922      0.045
218.0500     -29979.689   -29987.951        8.262   331.2     -1.026      0.060     -0.802     -0.194     -0.301      0.159
218.1000     -29980.087   -29988.709        8.622   345.6      0.222      0.008      0.235     -0.087     -0.203      0.234
218.1500     -29980.264   -29988.703        8.439   338.3     -0.739     -0.648     -0.669      0.123     -0.128     -0.528
218.2000     -29980.725   -29988.227        7.501   300.7     -0.059      0.541     -0.481      0.207     -0.243      0.028
218.2500     -29980.750   -29988.715        7.965   319.3      0.200     -0.095      0.230      0.500      0.107     -0.738
218.3000     -29981.081   -29988.668        7.587   304.1      0.181      0.093      0.146      0.057     -0.369     -0.315
218.3500     -29980.280   -29988.426        8.146   326.5     -0.643     -0.172     -0.693      0.174     -0.275      0.888
218.4000     -29980.204   -29988.871        8.667   347.4     -0.256      0.245     -0.478      0.452      0.244     -0.340
218.4500     -29980.711   -29988.479        7.767   311.4      0.048      0.524     -0.875      0.592     -0.327     -0.228
218.5000     -29980.464   -29989.105        8.642   346.4     -0.401     -0.278     -0.438     -0.645     -0.095     -0.053
218.5500     -29980.388   -29989.055        8.667   347.4      0.001     -0.126     -0.303     -0.309     -0.456     -0.732
218.6000     -29981.025   -29988.568        7.544   302.4      0.630      0.934      0.934      0.090     -0.131     -0.031
218.6500     -29981.012   -29988.420        7.408   297.0      0.918      1.006      0.663     -0.137      0.227      0.215
218.7000     -29980.803   -29988.457        7.654   306.8     -0.678      0.239     -0.366      0.154      0.452     -0.388
218.7500     -29980.532   -29988.543        8.011   321.1      0.387      0.184     -0.437     -0.104     -0.745     -0.304
218.8000     -29980.513   -29988.312        7.800   312.6     -0.343     -0.431      0.424     -0.018     -0.089      0.309
218.8500     -29980.296   -29989.305        9.008   361.1      0.476      0.801     -0.241      0.082     -0.021      0.151
218.9000     -29980.874   -29988.412        7.538   302.1      0.385      0.708      0.153      0.088     -0.292      0.274
218.9500     -29980.893   -29988.613        7.721   309.5      0.288      0.712     -0.806     -0.182     -0.336     -0.006
219.0000     -29980.841   -29989.133        8.292   332.4     -1.427     -0.225     -0.080      0.298      0.182     -0.189
219.0500     -29980.751   -29988.441        7.690   308.3     -0.407     -0.055     -0.285     -0.078     -0.396      0.018
219.1000     -29980.070   -29988.469        8.399   336.7      0.727     -0.617      0.027      0.115      0.280     -0.432
219.1500     -29979.955   -29988.529        8.575   343.7     -0.568     -0.026     -0.216      0.243      0.373     -0.312
219.2000     -29979.555   -29988.707        9.152   366.9     -0.359     -0.424     -0.237     -0.122     -0.481      0.464
219.2500     -29979.497   -29989.092        9.594   384.6      0.247     -1.356     -0.506      0.727     -0.145     -0.289
219.3000     -29980.053   -29988.764        8.710   349.2     -0.827     -0.226     -0.512     -0.056     -0.739     -0.118
219.3500     -29980.298   -29988.947        8.649   346.7     -0.809     -0.239     -0.785      0.844     -0.093      0.275
219.4000     -29980.793   -29988.230        7.437   298.1      0.296      0.435      0.351     -0.278      0.154      0.584
219.4500     -29980.581   -29989.615        9.035   362.2     -0.029     -0.625     -0.341      0.055     -0.130     -0.332
219.5000     -29980.059   -29989.004        8.945   358.5      0.168      0.145      0.574     -0.035     -0.204      0.043
219.5500     -29980.066   -29989.246        9.181   368.0      0.092     -0.377      0.517     -0.359     -0.448      0.396
219.6000     -29979.899   -29988.973        9.073   363.7      0.189     -0.342      0.010      0.597      0.180     -0.074
219.6500     -29980.656   -29989.027        8.371   335.5     -0.058     -0.240     -0.727      0.059      0.345     -0.337
219.7000     -29980.394   -29988.621        8.227   329.8      0.081     -0.118     -0.423     -0.156     -0.559      0.284
219.7500     -29980.453   -29988.959        8.505   340.9      0.460     -0.594      0.187     -0.084      0.142      0.128
219.8000     -29980.690   -29989.129        8.439   338.3     -0.472     -0.574     -0.009      0.187      0.257      0.210
219.8500     -29980.644   -29988.760        8.116   325.3     -0.162      0.398     -1.227     -0.008     -0.171     -0.620
219.9000     -29980.658   -29988.445        7.787   312.1     -0.217     -0.609     -0.192      0.276     -0.120      0.058
219.9500     -29980.354   -29987.963        7.609   305.0     -0.609     -0.878     -0.768      0.026     -0.493     -0.018
220.0000     -29979.878   -29988.346        8.467   339.4      0.727     -0.202     -0.765     -0.113      0.000      0.295
220.0500     -29979.738   -29987.438        7.700   308.6     -0.945     -0.693     -0.352      0.452     -0.904      0.153
220.1000     -29979.889   -29988.266        8.376   335.8     -0.293     -0.429      0.242     -0.244     -0.122     -0.085
220.1500     -29979.816   -29988.484        8.669   347.5      0.395     -0.287      0.675     -0.074      0.310     -0.033
220.2000     -29979.769   -29987.977        8.208   329.0     -0.492     -0.431     -0.120      0.156      0.462      0.244
220.2500     -29979.386   -29987.707        8.321   333.5     -0.257     -0.141     -0.608      0.365     -0.414      0.063
220.3000     -29979.910   -29987.686        7.775   311.7      0.055     -1.017      0.517     -0.271     -0.248     -0.136
220.3500     -29980.075   -29987.680        7.605   304.8     -0.208      0.582     -1.381      0.230      0.635     -0.065
220.4000     -29979.871   -29987.805        7.934   318.0     -1.508     -0.346      0.080     -0.488     -0.704     -0.036
220.4500     -29979.608   -29988.018        8.409   337.1     -0.120      0.478      0.103     -0.165      0.221     -0.103
220.5000     -29979.586   -29987.961        8.374   335.7      0.334     -0.157      0.449     -0.437     -0.685     -0.398
220.5500     -29979.792   -29987.812        8.020   321.5      0.064      0.726     -0.436      0.825     -0.874      0.551
220.6000     -29979.724   -29989.020        9.295   372.6     -0.512     -0.363     -0.207      0.207      0.194      0.169
220.6500     -29979.604   -29988.240        8.636   346.2     -0.918     -0.264     -1.127      0.237     -0.240     -0.037
220.7000     -29979.216   -29987.965        8.748   350.7      0.058     -0.602     -0.640      0.308      0.664      0.470
220.7500     -29979.717   -29988.457        8.740   350.4     -0.261      0.686     -0.175      0.219     -0.116     -0.487
220.8000     -29979.692   -29988.895        9.202   368.9      0.522     -0.030     -0.093      0.636     -0.022     -0.264
220.8500     -29979.740   -29988.090        8.349   334.7     -0.954     -0.441     -0.536     -0.146     -0.102     -0.104
220.9000     -29979.831   -29988.098        8.267   331.4     -0.617     -0.812     -0.489      0.375      0.002     -0.154
220.9500     -29979.873   -29987.951        8.078   323.8      0.191      0.991      0.153      0.744     -0.252      0.123
221.0000     -29980.300   -29988.572        8.273   331.6     -0.681     -0.781     -0.810      0.030     -0.094      0.335
221.0500     -29980.691   -29987.957        7.266   291.3     -0.866     -0.614     -0.047      0.130      0.029      0.687
221.1000     -29980.914   -29988.422        7.508   300.9     -0.057     -0.854     -0.192     -0.448     -0.241      0.300
221.1500     -29981.120   -29989.361        8.241   330.4     -0.484     -0.179      0.438     -0.300      0.220     -0.064
221.2000     -29980.910   -29989.600        8.689   348.3     -0.629     -0.320     -0.229      0.490     -0.019     -0.141
221.2500     -29981.414   -29988.986        7.573   303.5     -0.373     -0.825     -0.139     -0.468     -0.191      0.409
221.3000     -29980.632   -29989.115        8.483   340.0      0.051      0.038      0.110     -0.203     -0.153      0.013
221.3500     -29980.802   -29988.395        7.593   304.4     -0.134     -0.526      0.388      0.110     -0.165     -0.455
221.4000     -29980.611   -29989.084        8.473   339.6     -0.664     -0.733     -0.415      0.549      0.141      0.442
221.4500     -29980.449   -29988.398        7.950   318.7      0.152     -0.380     -0.031      0.055     -0.032      0.016
221.5000     -29980.418   -29988.699        8.281   331.9     -0.942     -0.703      0.270     -0.354     -0.298      0.468
221.5500     -29979.944   -29988.438        8.494   340.5      0.313      0.202     -0.301      0.483     -0.184     -0.312
221.6000     -29979.300   -29987.836        8.536   342.2     -0.646     -0.274     -0.822     -0.529     -0.115      0.450
221.6500     -29980.170   -29988.355        8.185   328.1      0.099     -0.027     -0.252     -0.249     -0.425      0.251
221.7000     -29980.390   -29988.023        7.634   306.0      0.497      0.672      0.341     -0.168      0.428     -0.164
221.7500     -29980.206   -29987.943        7.738   310.2     -0.108      0.205      0.320     -0.336      0.552      0.029
221.8000     -29979.862   -29987.742        7.880   315.9      1.035      0.499      0.368     -0.228     -0.537      0.186
221.8500     -29979.665   -29987.635        7.970   319.5     -1.091      0.083     -0.327     -0.390     -0.011     -0.597
221.9000     -29979.632   -29987.656        8.024   321.6      0.300      0.223     -0.326      0.645     -0.117     -0.173
221.9500     -29979.611   -29988.381        8.770   351.5      0.253      0.107      0.416      0.108     -0.369      0.405
222.0000     -29979.855   -29988.867        9.012   361.3     -0.026      0.455      0.085      0.227     -0.166      0.344
222.0500     -29979.517   -29987.852        8.335   334.1     -0.011     -0.028     -0.182     -0.091      0.023     -0.069
222.1000     -29979.631   -29988.008        8.376   335.8     -0.001     -0.760     -0.444      0.140     -0.148      0.682
222.1500     -29979.765   -29988.139        8.373   335.6     -0.862     -1.194     -0.811     -0.496     -0.249      0.051
222.2000     -29979.526   -29988.223        8.697   348.6      0.704      0.237      0.131      0.429      0.324      0.020
222.2500     -29979.692   -29987.816        8.124   325.6      0.616     -0.434      0.155      0.653      0.568     -0.015
222.3000     -29979.711   -29988.014        8.302   332.8     -0.648     -0.500     -1.370     -0.157      0.152     -0.662
222.3500     -29979.600   -29988.186        8.585   344.1      0.054      0.575      0.889     -0.180     -0.202      0.475
222.4000     -29979.244   -29987.457        8.213   329.2      0.449     -0.942      0.547      0.623      0.234      0.715
222.4500     -29979.307   -29987.719        8.411   337.2     -0.184      0.608     -0.632      0.371     -0.060     -0.405
222.5000     -29979.193   -29987.971        8.778   351.9      0.754      0.190      0.656      0.137      0.043      0.457
222.5500     -29979.405   -29987.477        8.071   323.5      0.219     -0.235      0.081     -0.281     -0.085      0.092
222.6000     -29979.573   -29987.457        7.884   316.0     -0.120      0.448     -0.396      0.279      0.446      0.018
222.6500     -29979.254   -29987.979        8.725   349.7      0.749     -0.916     -0.662     -0.955      0.223      0.146
222.7000     -29979.042   -29988.119        9.077   363.9     -0.578     -0.838     -0.044      0.154     -0.229      0.061
222.7500     -29979.091   -29987.850        8.759   351.1     -0.793     -0.509     -0.243      0.816      0.151     -0.054
222.8000     -29978.758   -29987.061        8.302   332.8      0.007     -1.351      0.054     -0.093      0.527      0.413
222.8500     -29978.997   -29987.904        8.907   357.0     -0.507     -1.121     -1.273      0.499      0.184      0.212
222.9000     -29979.047   -29987.959        8.912   357.2      0.036     -0.641      0.918     -0.277     -0.395      0.456
222.9500     -29979.676   -29988.119        8.443   338.4     -0.785      0.396     -0.662      0.577      0.339     -0.251
223.0000     -29980.526   -29988.355        7.830   313.8     -0.441     -0.498      0.495     -0.154     -0.373      0.409
223.0500     -29980.852   -29989.104        8.251   330.8     -0.917     -0.154     -0.922     -0.292      0.037     -0.301
223.1000     -29980.841   -29989.801        8.960   359.2      0.107     -0.865      0.075     -0.804     -0.487      0.082
223.1500     -29981.018   -29989.367        8.350   334.7     -0.541      0.185     -0.502     -0.252      0.222     -0.387
223.2000     -29980.544   -29988.805        8.261   331.1      0.240     -0.565     -0.507     -0.797     -0.188     -0.248
223.2500     -29981.279   -29989.170        7.891   316.3     -1.500     -0.400     -1.011      0.080      0.542     -0.436
223.3000     -29980.725   -29989.076        8.352   334.8     -1.026     -0.605     -0.630      0.093      0.298     -0.235
223.3500     -29980.396   -29989.148        8.753   350.8      0.118      0.241      0.812     -0.472     -0.144     -0.543
223.4000     -29980.572   -29988.742        8.171   327.5      0.060     -0.581     -1.078     -0.311      0.224     -0.485
223.4500     -29980.783   -29989.322        8.539   342.3     -0.434     -0.449      0.255      0.358     -0.075      0.447
223.5000     -29980.891   -29989.344        8.453   338.8      0.404     -0.379     -0.101     -0.136      0.444     -0.236
223.5500     -29980.599   -29989.180        8.580   343.9     -1.131     -1.243     -0.277      0.214     -0.180     -0.165
223.6000     -29980.456   -29988.906        8.450   338.7     -0.230     -0.713     -0.035      0.137     -0.242     -0.547
223.6500     -29981.468   -29989.719        8.251   330.7     -0.088     -0.571      0.310     -0.467      0.123     -0.117
223.7000     -29981.445   -29988.768        7.323   293.5     -0.193     -0.182      0.469      0.642      0.465      0.193
223.7500     -29981.068   -29989.355        8.287   332.2     -0.400      0.117     -0.361     -0.286     -0.131     -0.593
223.8000     -29980.716   -29989.006        8.290   332.3     -0.874     -0.697     -0.198     -0.091      0.818     -0.069
223.8500     -29980.638   -29988.621        7.984   320.0     -0.753     -0.109      0.562     -0.201     -0.041     -0.119
223.9000     -29980.666   -29989.055        8.389   336.3      0.245      0.185     -0.715      0.321      0.271      0.313
223.9500     -29980.712   -29988.812        8.100   324.7     -0.442     -0.465     -0.733     -0.010      0.223      0.348
224.0000     -29980.079   -29988.416        8.337   334.2     -0.012     -1.227      0.034      0.169      0.608     -0.082
224.0500     -29980.354   -29988.568        8.214   329.3     -0.880     -0.489     -0.320      0.167      0.405     -0.119
224.1000     -29980.376   -29988.725        8.348   334.6      0.477      0.108      1.029     -0.491     -0.475     -0.602
224.1500     -29979.654   -29987.326        7.672   307.5      0.408     -0.660     -0.066      0.260     -0.213      0.080
224.2000     -29979.418   -29987.584        8.166   327.3      0.922     -0.200      0.041      0.039     -0.126     -0.228
224.2500     -29979.405   -29988.105        8.700   348.7      0.258     -1.197      0.007     -0.735     -0.027      0.439
224.3000     -29979.605   -29988.732        9.127   365.9     -0.279     -0.657     -1.295     -0.182     -0.600     -0.301
224.3500     -29979.988   -29988.771        8.783   352.1     -1.530     -0.926     -1.148      0.496     -0.038     -0.064
224.4000     -29979.936   -29989.023        9.087   364.3      0.387     -0.487      0.676      0.136     -0.109     -0.068
224.4500     -29979.483   -29988.209        8.726   349.8     -0.066      0.246     -1.027      0.315     -0.325     -0.410
224.5000     -29979.585   -29988.471        8.886   356.2     -0.518      0.324      0.240      0.194      0.049      0.220
224.5500     -29979.968   -29988.602        8.634   346.1     -0.017     -0.126      0.253     -0.258     -0.690      0.119
224.6000     -29979.943   -29988.854        8.910   357.2     -0.234      0.455     -1.104     -0.548      0.381      0.026
224.6500     -29979.621   -29987.576        7.955   318.9     -0.508     -0.805     -1.037     -0.290     -0.275      0.143
224.7000     -29979.465   -29988.314        8.850   354.7     -0.425      0.246     -0.196     -0.122      0.498      0.123
224.7500     -29979.266   -29988.285        9.019   361.5     -1.612     -0.492     -0.272      0.243      0.118     -0.091
224.8000     -29979.416   -29988.432        9.015   361.4     -0.904     -1.058      0.148     -0.062      0.052      0.685
224.8500     -29979.253   -29988.109        8.857   355.0      0.691     -0.316     -0.824     -0.013      0.102     -0.661
224.9000     -29978.571   -29987.189        8.618   345.5     -0.399     -0.802      0.767      0.091     -0.136     -0.339
224.9500     -29978.800   -29988.334        9.534   382.2      0.671      0.591     -0.722     -0.482      0.499     -0.928
225.0000     -29979.424   -29988.104        8.680   347.9     -1.219     -1.067     -0.644     -0.006      0.554     -0.149
225.0500     -29978.774   -29988.086        9.312   373.3     -0.781     -1.267     -1.185     -0.251      0.131     -0.092
225.1000     -29978.895   -29987.352        8.457   339.0     -0.420     -0.906     -0.878      0.320     -0.014     -0.449
225.1500     -29979.009   -29988.252        9.243   370.5     -0.709      0.963     -0.018      0.456      0.107     -0.342
225.2000     -29979.207   -29986.992        7.785   312.1     -0.536     -0.855     -0.299      0.736      0.294      0.638
225.2500     -29979.229   -29988.723        9.494   380.6     -0.916     -0.567     -0.611     -0.718     -0.685     -0.789
225.3000     -29979.373   -29988.135        8.762   351.2      0.048     -0.757     -0.623      0.805      0.130      0.469
225.3500     -29980.426   -29989.449        9.023   361.7      0.313      0.349      0.026     -0.161      0.396     -0.133
225.4000     -29980.879   -29988.805        7.926   317.7      0.014      0.146      0.503      0.464     -0.591      0.397
225.4500     -29980.707   -29989.252        8.545   342.5      0.297     -0.513     -0.968     -0.313      0.726      0.394
225.5000     -29980.597   -29989.549        8.952   358.8      0.435     -0.469      0.517     -0.645      0.044     -0.468
225.5500     -29980.255   -29988.818        8.564   343.3     -0.491      0.268      0.654      0.259     -0.180     -0.130
225.6000     -29981.019   -29989.092        8.073   323.6     -0.066     -0.256     -0.142      0.052      0.155     -0.445
225.6500     -29980.774   -29989.094        8.320   333.5      0.381     -0.083      0.304      0.204     -0.222      0.512
225.7000     -29980.518   -29988.703        8.185   328.1      0.256      0.188     -0.331      0.628      0.213      0.139
225.7500     -29980.347   -29988.787        8.440   338.3     -0.211      0.599      0.267      0.082      0.320      0.613
225.8000     -29980.770   -29989.186        8.415   337.3     -0.797     -1.429     -0.957     -0.450     -0.467     -0.295
225.8500     -29981.070   -29989.336        8.266   331.3      0.054     -0.108     -0.738      0.305      0.191     -0.073
225.9000     -29980.405   -29988.963        8.558   343.0     -1.205      0.844     -0.934      0.505      0.233      0.031
225.9500     -29981.039   -29989.160        8.122   325.5      0.819      0.476     -0.315     -0.094      0.039     -0.180
226.0000     -29980.845   -29989.109        8.265   331.3     -0.673     -0.578     -0.371      0.040      0.209      0.426
226.0500     -29981.049   -29989.236        8.188   328.2     -0.502     -0.231     -0.452     -0.341     -0.022      0.013
226.1000     -29980.971   -29989.039        8.068   323.4      0.701     -0.023     -0.803      0.058     -0.464     -0.115
226.1500     -29980.782   -29990.035        9.254   370.9     -0.591     -0.991     -0.315     -0.105     -0.029     -0.146
226.2000     -29981.367   -29989.332        7.965   319.3     -1.058      0.439     -1.022     -0.195     -0.035      0.614
226.2500     -29981.621   -29990.004        8.383   336.0      0.217     -0.555      0.942      0.273     -0.309     -0.456
226.3000     -29981.465   -29989.680        8.215   329.3      0.991     -0.445     -0.512     -0.433     -0.740     -0.150
226.3500     -29981.312   -29990.416        9.104   364.9      0.147      0.652     -0.807      0.186     -0.037      0.306
226.4000     -29981.123   -29989.588        8.465   339.3     -0.305      0.176      0.036      0.394     -0.114      0.423
226.4500     -29980.998   -29989.014        8.015   321.3      0.234      0.418     -0.152     -0.153      0.314     -0.331
226.5000     -29981.088   -29989.561        8.473   339.6     -0.688     -0.733     -0.083     -0.428      0.266     -0.361
226.5500     -29981.030   -29989.672        8.642   346.4     -0.695     -0.246     -0.177      0.169     -0.198      0.117
226.6000     -29981.274   -29989.385        8.111   325.1     -0.207     -0.445     -0.222     -0.279     -0.100      0.125
226.6500     -29981.581   -29989.201        7.620   305.5     -1.113     -0.173     -0.328     -0.397      0.243     -0.194
226.7000     -29981.328   -29989.510        8.182   328.0      0.052     -0.149      0.811     -0.301     -0.191     -0.189
226.7500     -29981.109   -29989.645        8.536   342.2      0.272      0.239     -0.387      0.599     -0.047     -0.488
226.8000     -29981.332   -29989.758        8.425   337.7      0.012      0.130     -0.508      0.109     -0.375     -0.081
226.8500     -29981.150   -29989.277        8.127   325.8      0.374      0.098      0.099     -0.321      0.594     -0.174
226.9000     -29981.222   -29989.340        8.118   325.4      0.483      0.087     -1.256      0.219     -0.178     -0.095
226.9500     -29980.447   -29988.621        8.174   327.7     -1.147     -0.595      0.437     -0.118     -0.351     -0.135
227.0000     -29980.410   -29988.484        8.075   323.7      0.350      0.563     -0.516      0.391      0.255      0.423
227.0500     -29980.628   -29988.738        8.110   325.1      0.064      0.342      0.052      0.399     -0.608     -0.733
227.1000     -29980.619   -29988.680        8.061   323.1     -1.056      0.004     -0.783      0.590      0.021     -0.199
227.1500     -29980.367   -29988.354        7.987   320.1     -0.607     -0.096      0.058     -0.293     -0.047      0.583
227.2000     -29981.039   -29988.305        7.266   291.3     -0.088     -0.479     -1.003      0.204      0.080     -0.117
227.2500     -29980.972   -29989.111        8.139   326.2      0.646     -0.260      0.124     -0.283     -0.170      0.131
227.3000     -29980.124   -29988.729        8.605   344.9     -1.623     -0.750     -0.367      0.104      0.101     -0.136
227.3500     -29980.209   -29988.180        7.970   319.5     -0.528     -1.521      0.150     -0.303      0.009      0.354
227.4000     -29980.428   -29989.248        8.820   353.6     -0.614      0.475     -1.287     -0.011      0.023      0.246
227.4500     -29980.329   -29989.197        8.868   355.5     -0.193     -1.222     -0.407      0.075      0.469      0.292
227.5000     -29980.709   -29988.971        8.262   331.2     -1.195     -0.868     -0.182      0.170      0.198      0.157
227.5500     -29980.344   -29989.451        9.107   365.0     -0.750      0.160     -0.124      0.248     -0.352     -0.066
227.6000     -29980.207   -29988.789        8.582   344.0     -0.948     -1.146     -0.545      0.024      0.089     -0.426
227.6500     -29980.623   -29989.525        8.902   356.9      0.493     -0.197     -1.030     -0.410      0.077      0.364
227.7000     -29980.469   -29988.693        8.225   329.7     -0.947      0.745     -0.035     -0.091     -0.355     -0.102
227.7500     -29980.211   -29988.928        8.717   349.4     -0.446     -0.684     -1.107     -0.300     -0.184     -0.099
227.8000     -29979.690   -29988.711        9.021   361.6     -0.242     -0.130     -0.117     -0.102      0.242     -0.234
227.8500     -29980.344   -29989.035        8.692   348.4      0.414      0.574     -0.195     -0.375     -0.258      0.340
227.9000     -29980.225   -29989.301        9.076   363.8     -0.575     -0.118      0.510      0.391     -0.020     -0.476
227.9500     -29980.142   -29988.932        8.790   352.3     -0.227      0.535     -0.863      0.329      0.167     -0.329
228.0000     -29980.386   -29988.668        8.282   332.0      0.429      0.605     -0.265     -0.464     -0.577      0.452
228.0500     -29980.528   -29988.805        8.277   331.8     -0.607      0.153     -0.756      0.320      0.020     -0.180
228.1000     -29980.546   -29988.789        8.243   330.4     -0.673      0.053      0.158      0.703     -0.091      0.020
228.1500     -29979.770   -29988.689        8.920   357.5      0.601     -0.235     -0.034     -0.286      0.332      0.257
228.2000     -29979.429   -29987.818        8.389   336.3      0.273     -0.153      0.177      0.306      0.147     -0.067
228.2500     -29978.790   -29987.537        8.748   350.6      0.070      1.100     -0.088      0.250     -0.551     -0.488
228.3000     -29978.850   -29987.885        9.034   362.1     -1.092      0.071     -0.242     -0.418      0.556     -0.101
228.3500     -29979.811   -29988.568        8.757   351.0      0.980     -0.882     -0.773      0.107     -0.193      0.240
228.4000     -29979.897   -29988.633        8.735   350.2     -0.268      0.387     -0.383     -0.394      0.218     -0.786
228.4500     -29979.841   -29988.512        8.670   347.5      0.094      0.006     -0.820      0.185      0.221     -0.491
228.5000     -29980.205   -29988.541        8.337   334.2      1.337     -0.878     -0.018      0.027      0.074      0.001
228.5500     -29980.254   -29988.416        8.162   327.2     -0.352      0.746      0.538      0.710      0.027     -0.175
228.6000     -29980.306   -29988.932        8.626   345.8     -0.578     -0.667     -0.371     -0.460     -0.302     -0.278
228.6500     -29980.532   -29989.023        8.492   340.4     -0.445     -0.381     -0.609      0.373      0.155      0.611
228.7000     -29981.387   -29989.279        7.892   316.4      0.825      0.200     -0.854     -0.282     -0.603     -0.311
228.7500     -29981.482   -29989.297        7.815   313.2     -0.022     -0.082      0.132      0.389      0.085      0.008
228.8000     -29981.868   -29989.652        7.784   312.0      0.258     -0.455      0.224     -0.276     -0.482     -0.038
228.8500     -29981.965   -29989.748        7.784   312.0     -0.280     -0.801     -0.834      0.034      0.616      0.329
228.9000     -29981.962   -29989.871        7.909   317.0     -0.362     -0.042     -0.199      0.206     -0.316      0.191
228.9500     -29981.584   -29989.551        7.967   319.3      0.055     -0.245     -0.351     -0.113      0.287      0.270
229.0000     -29981.498   -29988.955        7.457   298.9     -0.075     -0.379      0.137      0.002     -0.298     -0.196
229.0500     -29981.630   -29989.311        7.680   307.9      0.471      0.560      0.197      0.024      0.077      0.494
229.1000     -29982.574   -29990.451        7.877   315.8      0.083      0.255      0.410      0.533     -0.099      0.246
229.1500     -29982.708   -29990.576        7.868   315.4      0.496     -0.835     -0.022      0.342      0.056      0.404
229.2000     -29982.925   -29990.320        7.395   296.4     -0.905     -0.081     -0.495     -0.088     -0.038     -0.062
229.2500     -29983.012   -29990.609        7.597   304.5      0.035      0.703      0.471      0.137      0.640      0.396
229.3000     -29982.879   -29990.471        7.592   304.3     -0.677     -0.179     -0.525     -0.277      0.381     -0.334
229.3500     -29983.274   -29990.580        7.307   292.9     -0.536     -0.405     -0.866      0.211     -0.142      0.059
229.4000     -29983.226   -29990.121        6.895   276.4     -0.916     -1.443     -0.636      0.040     -0.441      0.115
229.4500     -29982.898   -29990.816        7.918   317.4     -0.458     -0.075     -0.710     -0.074      0.459      0.215
229.5000     -29982.615   -29990.213        7.598   304.6     -0.099      0.282      0.207     -0.304     -0.054     -0.246
229.5500     -29982.655   -29990.561        7.906   316.9      0.513      0.040     -0.790      0.158     -0.002     -0.109
229.6000     -29982.497   -29990.027        7.530   301.9     -0.336      0.290      0.664     -0.372      0.037     -0.199
229.6500     -29981.947   -29990.414        8.467   339.4      0.289      0.078     -0.932      0.221      0.304     -0.294
229.7000     -29981.450   -29989.150        7.701   308.7     -0.962     -0.360     -0.495     -0.467      0.044      0.128
229.7500     -29981.394   -29989.420        8.026   321.7     -0.599     -0.539     -0.288      0.423     -0.585      0.076
229.8000     -29981.415   -29989.672        8.257   331.0     -0.019     -0.615     -1.122      0.229      0.303     -0.219
229.8500     -29981.621   -29990.217        8.596   344.6     -0.183     -0.021     -0.651      0.153      0.670      0.022
229.9000     -29981.255   -29989.762        8.506   341.0     -0.953     -0.562     -0.342     -0.339      0.095      0.195
229.9500     -29981.764   -29990.066        8.302   332.8     -0.474     -0.225     -0.416      0.322     -0.320      0.271
230.0000     -29981.505   -29988.932        7.426   297.7     -1.135     -0.951     -0.557     -0.340     -0.251     -0.158
230.0500     -29981.175   -29989.049        7.874   315.6      0.737     -0.141     -0.433      0.308     -0.118      0.166
230.1000     -29981.287   -29988.893        7.606   304.9     -0.746     -0.694     -0.508      0.374     -0.265      0.150
230.1500     -29981.132   -29989.066        7.934   318.0      0.006      0.271     -0.981     -0.077     -0.046      0.002
230.2000     -29981.245   -29989.502        8.257   331.0      0.036     -0.819     -0.827      0.157      0.012     -0.092
230.2500     -29981.073   -29989.625        8.552   342.8     -0.886     -0.575     -1.268      0.137      0.638     -0.029
230.3000     -29981.211   -29989.109        7.899   316.6     -0.406     -0.501     -0.302      0.187      0.625      0.520
230.3500     -29981.263   -29988.795        7.532   301.9      0.214     -0.233      0.332     -0.509     -0.270      0.025
230.4000     -29980.910   -29988.471        7.561   303.1      1.121      0.220      0.865      0.093      0.057      0.232
230.4500     -29980.423   -29988.359        7.936   318.1      0.686      0.171      0.010     -0.192     -0.285     -0.441
230.5000     -29980.549   -29989.477        8.928   357.9     -0.016     -0.173     -0.089     -0.063      0.173     -0.298
230.5500     -29980.282   -29989.084        8.802   352.8      0.111     -0.418     -0.947      0.082     -0.199      0.032
230.6000     -29980.462   -29988.791        8.329   333.9      0.324      0.322      0.277      0.079     -0.304      0.151
230.6500     -29980.746   -29988.178        7.432   297.9      1.085      0.219      0.627      0.107      0.038     -0.305
230.7000     -29980.399   -29988.275        7.876   315.7      0.052     -0.899     -0.139      0.132      0.481      0.001
230.7500     -29980.506   -29988.330        7.824   313.6     -0.618      0.201     -0.204     -0.216      0.218     -0.225
230.8000     -29980.399   -29988.230        7.831   313.9     -0.173     -0.008      0.367      0.258     -0.174      0.610
230.8500     -29980.486   -29988.074        7.589   304.2      0.634     -0.618      0.383      0.110      0.412     -0.264
230.9000     -29980.531   -29988.438        7.907   316.9     -0.124      0.505      0.880     -0.213      0.143     -0.601
230.9500     -29981.289   -29989.336        8.046   322.5     -0.556     -0.088     -0.226      0.081     -0.129      0.519
231.0000     -29981.041   -29988.809        7.768   311.4     -0.662     -0.598     -0.620     -0.488     -0.117     -0.067
231.0500     -29981.415   -29989.488        8.073   323.6     -0.125      0.634      0.652      0.479      0.150     -0.020
231.1000     -29981.221   -29989.264        8.042   322.4      1.178      0.116     -0.773      0.167     -0.449      0.072
231.1500     -29981.568   -29989.141        7.573   303.6      0.803      0.523      1.284      0.015     -0.653      0.456
231.2000     -29981.658   -29989.590        7.932   318.0     -0.147     -0.419     -0.962      0.143     -0.281      0.024
231.2500     -29981.635   -29989.377        7.742   310.3     -0.359      0.011      0.439      0.005     -0.464     -0.146
231.3000     -29981.683   -29989.344        7.661   307.1      0.786      0.417      0.476     -0.215     -0.436      0.468
231.3500     -29981.216   -29989.332        8.116   325.3      0.564      0.048      0.135      0.422      0.622     -0.286
231.4000     -29981.027   -29988.639        7.612   305.1     -0.015      0.662      0.471     -0.054      0.124      0.319
231.4500     -29980.228   -29988.340        8.112   325.2      0.396      0.392      0.674      0.046      0.692     -0.479
231.5000     -29980.437   -29988.531        8.094   324.4      1.267      0.589      0.113      0.434      0.633     -0.005
231.5500     -29979.736   -29987.133        7.397   296.5     -0.941      0.218      0.006      0.068     -0.285     -0.102
231.6000     -29979.348   -29987.889        8.541   342.4     -0.818     -0.790     -0.414     -0.279      0.549     -0.302
231.6500     -29979.092   -29987.631        8.539   342.3     -0.042     -0.211     -0.305     -0.193     -0.119      0.462
231.7000     -29979.227   -29986.963        7.736   310.1     -0.626      0.295      0.432     -0.393     -0.377      0.586
231.7500     -29979.167   -29987.350        8.183   328.0     -0.031     -0.783     -0.613     -0.277      0.327      0.187
231.8000     -29979.678   -29988.080        8.402   336.8      0.293     -0.284      0.268      0.459     -0.010      0.628
231.8500     -29979.611   -29988.910        9.299   372.8      0.426     -0.241     -0.200     -0.520     -0.517     -0.347
231.9000     -29980.037   -29988.174        8.137   326.2     -0.215      0.445      0.150      0.352      0.268      0.238
231.9500     -29979.821   -29987.750        7.929   317.8      0.644     -0.264      0.057     -0.403      0.301      0.483
232.0000     -29979.476   -29988.203        8.727   349.8      0.731     -0.024      0.386      0.179     -0.215     -0.040
232.0500     -29979.617   -29988.301        8.684   348.1     -0.745      0.540     -0.662     -0.170      0.476     -0.344
232.1000     -29979.520   -29987.727        8.207   329.0      0.129      0.189      0.177      0.140      0.625     -0.009
232.1500     -29979.430   -29987.938        8.507   341.0     -0.187      0.548      0.054     -0.033     -0.361     -0.454
232.2000     -29979.619   -29987.391        7.771   311.5      0.582     -0.132      0.575      0.190      0.708      0.090
232.2500     -29979.381   -29987.395        8.013   321.2      0.001     -0.472      0.104      0.915     -0.047      0.575
232.3000     -29979.273   -29987.199        7.926   317.7      0.147     -0.289     -0.742     -0.266      0.491      0.237
232.3500     -29979.556   -29987.727        8.171   327.5     -0.728     -0.125     -0.303      0.162      0.072      0.100
232.4000     -29979.723   -29988.713        8.990   360.4     -0.586     -0.801      0.128     -0.065      0.156      0.201
232.4500     -29979.742   -29987.990        8.249   330.6     -0.289      0.648      0.404      0.654      0.251      0.163
232.5000     -29980.504   -29988.082        7.578   303.8      0.522     -0.355      0.215      0.820      0.059      0.002
232.5500     -29980.113   -29988.264        8.151   326.7      0.213      1.170      0.579      0.428     -0.181      0.311
232.6000     -29979.697   -29988.559        8.862   355.2      0.891      0.492     -0.045     -0.090     -0.118     -0.613
232.6500     -29979.133   -29988.082        8.949   358.7     -0.603     -1.131     -0.641      0.044     -0.218      0.530
232.7000     -29979.365   -29988.438        9.073   363.7     -0.861     -0.069      0.137     -0.279      0.082     -0.054
232.7500     -29979.299   -29987.998        8.699   348.7     -0.203      0.379      0.050      0.194      0.079     -0.094
232.8000     -29978.928   -29986.850        7.922   317.5     -0.277     -0.291      0.800     -0.158     -0.065     -0.134
232.8500     -29979.152   -29987.301        8.149   326.7     -0.095      0.355     -0.224     -0.401      0.136      0.232
232.9000     -29978.739   -29987.902        9.164   367.3      0.458     -1.146     -0.986     -0.321     -0.133      0.280
232.9500     -29978.886   -29987.738        8.853   354.9     -0.142     -0.055      0.600      0.262      0.075     -0.541
233.0000     -29978.816   -29987.572        8.756   351.0     -0.267     -0.989     -0.281      0.549     -0.242      0.360
233.0500     -29978.645   -29987.592        8.946   358.6      1.454     -0.016      0.079     -0.384     -0.061     -0.195
233.1000     -29978.858   -29987.453        8.595   344.5      0.274     -0.264      0.067     -0.067      0.059      0.457
233.1500     -29978.701   -29986.611        7.910   317.1     -0.570      0.021     -0.706      0.317      0.518     -0.677
233.2000     -29978.297   -29988.148        9.851   394.9      0.218     -1.349      0.049      0.409     -0.138      0.315
233.2500     -29978.788   -29987.484        8.697   348.6     -0.415     -0.091      0.636     -0.538      0.541     -0.411
233.3000     -29978.749   -29987.482        8.734   350.1     -0.035     -0.874     -0.239     -0.656      0.237      0.044
233.3500     -29979.273   -29987.936        8.662   347.2     -0.167     -0.737     -0.804     -0.110     -0.211      0.153
233.4000     -29979.754   -29988.455        8.701   348.8      0.299     -0.149     -0.112     -0.238      0.314     -0.040
233.4500     -29979.868   -29987.932        8.064   323.2     -0.489      0.230      0.116     -0.437     -0.142      0.585
233.5000     -29980.322   -29988.938        8.616   345.4      0.261     -0.860     -0.706     -0.009      0.277      0.394
233.5500     -29980.244   -29989.010        8.766   351.4     -0.198      0.043     -0.200     -0.422     -0.206     -0.033
233.6000     -29980.680   -29988.465        7.785   312.1      0.013      0.499      0.320     -0.668      0.187      0.029
233.6500     -29980.919   -29988.645        7.725   309.7     -0.310     -0.091      0.027      0.118      0.147     -0.438
233.7000     -29980.882   -29988.818        7.936   318.1     -0.635     -0.213     -0.212      0.097     -0.469     -0.611
233.7500     -29981.416   -29988.582        7.166   287.2     -0.257     -0.286      0.124      0.095     -0.620      0.305
233.8000     -29981.335   -29988.873        7.538   302.2     -0.855     -0.408      0.824      0.265      0.021     -0.132
233.8500     -29981.374   -29988.934        7.559   303.0     -0.514      0.967      0.434     -0.235     -0.304     -0.227
233.9000     -29981.440   -29989.098        7.657   306.9     -0.428     -0.013     -0.329      0.289      0.193      0.069
233.9500     -29981.826   -29989.926        8.100   324.7     -0.887     -0.146      0.136     -0.232     -0.019      0.236
234.0000     -29981.793   -29989.832        8.039   322.2     -1.271     -0.260     -0.264      0.064     -0.074     -0.315
234.0500     -29981.642   -29990.100        8.458   339.0      0.041      0.349      0.240     -0.342      0.145     -0.417
234.1000     -29981.873   -29990.438        8.565   343.3     -0.824     -0.232     -0.564      0.154     -0.157      0.086
234.1500     -29982.011   -29989.762        7.751   310.7     -0.617     -1.323      0.092     -0.049     -0.211     -0.235
234.2000     -29982.101   -29990.195        8.094   324.5      0.238      0.015     -0.143     -0.128      0.804     -0.310
234.2500     -29981.742   -29989.934        8.191   328.3     -0.066     -0.083      0.444     -0.023     -1.070      0.012
234.3000     -29981.980   -29990.254        8.274   331.7     -0.661     -0.143      0.197     -0.071     -0.250     -0.019
234.3500     -29982.214   -29990.539        8.325   333.7      0.220      0.527     -0.071      0.332     -0.253     -0.312
234.4000     -29982.280   -29990.611        8.331   334.0     -0.128     -0.524     -0.093      0.255     -0.201      0.452
234.4500     -29982.237   -29989.801        7.564   303.2     -0.499     -0.324     -0.063     -0.089     -0.454      0.046
234.5000     -29981.957   -29989.490        7.534   302.0     -0.947     -0.546      0.448      0.175     -0.252     -0.095
234.5500     -29982.162   -29989.873        7.711   309.1     -1.155     -0.528      0.106     -0.253      0.085      0.146
234.6000     -29982.349   -29989.980        7.631   305.9      0.371     -0.006      0.009      0.413      0.321     -0.699
234.6500     -29982.078   -29989.979        7.901   316.7     -0.951     -0.794      0.064      0.124     -0.603      1.003
234.7000     -29982.042   -29990.342        8.300   332.7     -0.425     -0.113     -0.099     -0.303     -0.065     -0.225
234.7500     -29981.462   -29989.779        8.318   333.4      0.004     -0.614     -0.704      0.111     -0.293     -0.525
234.8000     -29981.669   -29989.436        7.767   311.3      0.586      0.198      0.776      0.216      0.284      0.050
234.8500     -29981.545   -29990.387        8.842   354.4     -0.155     -0.461     -0.088     -0.037     -0.274      0.287
234.9000     -29981.484   -29989.348        7.864   315.2     -0.683      0.022      0.203      0.155     -0.532      0.285
234.9500     -29981.192   -29989.490        8.298   332.6      0.284      0.635     -0.097     -0.059      0.170      0.602
235.0000     -29981.503   -29989.576        8.073   323.6     -0.284     -0.577      0.575     -0.229     -0.429      0.157
235.0500     -29981.244   -29989.510        8.266   331.3      0.087      0.076      0.299     -0.020     -0.241      0.254
235.1000     -29981.162   -29988.660        7.498   300.6     -0.108     -0.405      0.216     -0.408     -0.380      0.288
235.1500     -29981.220   -29989.391        8.170   327.5     -0.690     -0.151     -0.279      0.086      0.044      0.696
235.2000     -29980.749   -29988.408        7.659   307.0      0.368     -0.324      0.869      0.096     -0.526      0.193
235.2500     -29981.097   -29989.156        8.059   323.1      0.167      0.347     -0.182      0.205      0.223      0.127
235.3000     -29981.351   -29989.170        7.819   313.4     -0.661     -0.424     -0.542     -0.654      0.356     -0.086
235.3500     -29981.181   -29988.957        7.776   311.7     -1.159     -0.560     -0.144     -0.625     -0.315      0.152
235.4000     -29981.145   -29988.957        7.812   313.1      0.414      0.489     -0.150     -0.474     -0.582     -0.152
235.4500     -29981.331   -29988.902        7.571   303.5     -0.099      0.113      0.373      0.316      0.223     -0.018
235.5000     -29980.765   -29988.879        8.114   325.3      0.402      0.937     -0.467     -0.889     -0.064      0.239
235.5500     -29981.131   -29989.168        8.037   322.1     -1.225     -0.764     -0.592      0.385     -0.649     -0.723
235.6000     -29980.944   -29989.488        8.544   342.5      0.868     -0.349      0.481     -0.123     -0.231      0.165
235.6500     -29980.600   -29989.432        8.832   354.0     -1.134     -0.213     -0.576      0.388     -0.005     -0.122
235.7000     -29980.923   -29989.359        8.437   338.2      0.362     -0.442     -0.525     -0.276     -0.099      0.006
235.7500     -29981.178   -29989.193        8.015   321.3     -0.596      0.405     -0.633     -0.408      0.175     -0.049
235.8000     -29981.408   -29989.586        8.178   327.8     -0.082     -0.057      0.186      0.181     -0.274     -0.102
235.8500     -29981.224   -29989.441        8.218   329.4      0.473     -0.287     -0.286     -0.415      0.212     -0.007
235.9000     -29981.652   -29989.805        8.152   326.8     -2.015     -0.737     -0.664     -0.265      0.688      0.115
235.9500     -29980.904   -29989.988        9.085   364.2     -0.771     -0.369      0.038     -0.561      0.489      0.512
236.0000     -29980.841   -29990.100        9.259   371.1      0.294      0.507      0.116     -0.387     -0.209     -0.149
236.0500     -29980.964   -29989.865        8.901   356.8     -0.820     -0.247     -1.105      0.058      0.401      0.007
236.1000     -29980.874   -29989.547        8.673   347.6     -0.797     -0.918     -0.661      0.649     -0.454     -0.281
236.1500     -29980.949   -29989.215        8.266   331.3      0.749     -0.186     -0.015     -0.302     -0.118      0.354
236.2000     -29981.257   -29989.939        8.682   348.0      0.751     -0.310      0.761      0.041     -0.176     -0.556
236.2500     -29981.248   -29990.348        9.100   364.8      0.029     -0.449     -0.101      0.089      0.477      0.457
236.3000     -29981.231   -29989.975        8.744   350.5      0.058     -0.605     -0.190     -0.424     -0.734     -0.081
236.3500     -29981.542   -29989.816        8.274   331.7      0.311     -0.131     -0.521      0.650      1.054      0.188
236.4000     -29981.192   -29989.217        8.025   321.7      0.413      0.377     -0.225      0.009     -0.319     -0.052
236.4500     -29981.173   -29988.766        7.593   304.4     -0.005     -0.521      0.441      0.005      0.513      0.732
236.5000     -29981.640   -29989.924        8.284   332.1      0.426      0.397     -0.754     -0.215     -0.236      0.128
236.5500     -29981.155   -29989.258        8.103   324.8     -0.270      0.471     -1.349     -1.032     -0.115     -0.154
236.6000     -29980.823   -29988.578        7.755   310.9     -0.355     -0.469      0.398      0.623     -0.055     -0.237
236.6500     -29981.552   -29989.553        8.001   320.7      0.779     -0.176      0.448     -0.250      0.562      0.262
236.7000     -29982.029   -29990.215        8.186   328.1     -0.581     -0.367      0.109      0.043     -0.829      0.086
236.7500     -29981.566   -29989.725        8.158   327.0     -0.176     -0.470     -0.766      0.514      0.197      0.219
236.8000     -29981.519   -29989.311        7.792   312.3      0.041     -0.284     -0.023      0.334     -0.123      0.533
236.8500     -29981.563   -29989.250        7.687   308.1     -1.847      0.754      0.638      0.273     -0.171     -0.340
236.9000     -29981.418   -29989.209        7.791   312.3      0.135     -0.687     -0.319      0.253      0.082      0.114
236.9500     -29981.000   -29989.236        8.236   330.2      0.127     -0.163      0.059     -0.227     -0.241      0.424
237.0000     -29980.374   -29989.145        8.771   351.6     -0.679     -0.505     -0.894      0.143     -0.282      0.183
237.0500     -29980.805   -29989.670        8.865   355.3     -0.671      0.233      0.242     -0.102      0.447     -0.618
237.1000     -29981.354   -29989.373        8.019   321.4      0.267      0.283     -0.967      0.431     -0.371      0.432
237.1500     -29981.040   -29989.225        8.184   328.1      0.847      0.644     -0.277      0.260      0.443      0.012
237.2000     -29981.238   -29988.875        7.637   306.1     -1.723     -1.432     -0.873      0.625     -0.629      0.050
237.2500     -29981.551   -29988.852        7.301   292.6     -0.229     -0.599     -1.074      0.213      0.061     -0.317
237.3000     -29981.547   -29989.885        8.338   334.2     -0.430      0.237     -0.541     -0.124     -0.289      0.488
237.3500     -29981.732   -29989.459        7.727   309.7      0.079      0.817      1.063      0.132      0.440     -0.784
237.4000     -29981.973   -29990.469        8.496   340.6      0.264     -0.276     -0.657     -0.195      0.329     -0.232
237.4500     -29981.406   -29989.525        8.120   325.5     -1.008     -0.729     -1.050      0.133      0.017      0.242
237.5000     -29981.518   -29989.836        8.318   333.4      0.259      0.397     -0.894      0.187      0.111     -0.261
237.5500     -29981.368   -29989.275        7.907   317.0     -0.565     -1.271     -0.681     -0.327     -0.110     -0.206
237.6000     -29981.468   -29990.424        8.956   359.0     -0.862     -0.188     -0.259      0.408     -0.209     -0.102
237.6500     -29980.615   -29989.188        8.572   343.6     -0.142     -1.255     -0.369      0.025     -0.556      0.539
237.7000     -29980.999   -29989.740        8.741   350.4      0.080      0.709      0.482     -0.078     -0.171     -0.687
237.7500     -29981.239   -29989.754        8.515   341.3      0.347      0.513     -0.291      0.482      0.285     -0.244
237.8000     -29981.097   -29988.883        7.786   312.1     -0.018      0.240     -0.163     -0.087      0.013      0.130
237.8500     -29980.424   -29988.854        8.429   337.9     -0.127     -0.008      0.252      0.419     -0.285      0.196
237.9000     -29980.718   -29989.432        8.714   349.3      0.513      0.083      0.346     -0.077     -0.130     -0.480
237.9500     -29980.552   -29988.654        8.102   324.8      0.062     -0.047      0.226      0.064     -0.305      0.067
238.0000     -29980.321   -29988.414        8.093   324.4     -0.745      0.224     -1.053     -0.127     -0.175      0.570
238.0500     -29979.843   -29988.721        8.877   355.8     -0.031     -0.611     -0.388      0.178     -0.447     -0.012
238.1000     -29980.100   -29988.611        8.512   341.2     -0.850      0.206     -0.334     -0.002     -0.420     -0.534
238.1500     -29980.212   -29988.715        8.503   340.8     -0.339     -0.481     -0.063     -0.361      0.277     -0.205
238.2000     -29979.879   -29988.123        8.244   330.5     -0.027     -0.191     -1.104     -0.330     -0.194      0.455
238.2500     -29979.921   -29988.504        8.583   344.0     -0.409     -0.522     -0.070     -0.076      0.020      0.295
238.3000     -29979.952   -29988.520        8.567   343.4     -0.324      0.111     -0.106      0.241     -0.151     -0.032
238.3500     -29979.543   -29987.834        8.291   332.4     -1.344     -0.435     -0.957      0.110     -0.254      0.427
238.4000     -29980.358   -29989.205        8.847   354.6     -0.030     -0.225     -0.451      0.039      0.582      0.080
238.4500     -29980.544   -29989.098        8.553   342.9     -0.790     -0.903     -0.683      0.068     -0.610      0.259
238.5000     -29980.920   -29989.498        8.578   343.8     -0.785     -0.067     -0.051     -0.035     -0.047     -0.449
238.5500     -29980.901   -29989.250        8.349   334.7      0.566     -0.587      0.736     -0.586     -0.037     -0.172
238.6000     -29980.290   -29988.641        8.351   334.7     -0.128     -0.816     -0.825      0.219      0.047     -0.221
238.6500     -29980.681   -29989.066        8.386   336.1     -0.628      0.136     -0.234      0.060      0.940      0.117
238.7000     -29980.872   -29988.576        7.704   308.8     -0.791     -0.092     -0.243      0.214     -0.329      0.381
238.7500     -29980.528   -29988.984        8.456   339.0      1.077      0.698      0.287     -0.193      0.163     -0.098
238.8000     -29980.480   -29989.053        8.573   343.7      0.214      0.292     -0.092     -0.414     -0.076      0.339
238.8500     -29980.890   -29989.096        8.206   328.9     -0.159     -0.021      0.442      0.061      0.120      0.491
238.9000     -29980.684   -29988.199        7.515   301.2      0.436      1.066      1.020      0.103     -0.203     -0.131
238.9500     -29980.812   -29989.297        8.484   340.1     -0.491     -0.334     -1.075     -0.050      0.091      0.322
239.0000     -29981.091   -29989.078        7.988   320.2     -0.325     -0.819     -0.655     -0.352     -0.397     -0.135
239.0500     -29981.545   -29989.338        7.793   312.4     -0.318     -0.424     -1.015     -0.412      0.002      0.357
239.1000     -29981.419   -29989.166        7.747   310.6     -1.207     -0.062     -0.715      0.118      0.538     -0.459
239.1500     -29981.373   -29989.119        7.746   310.5      0.238     -0.258      0.048      0.534     -0.403     -0.531
239.2000     -29981.084   -29989.082        7.998   320.6     -0.173      0.133     -0.062     -0.802     -0.095     -0.077
239.2500     -29981.402   -29988.852        7.449   298.6     -0.560     -0.190      0.125      0.357      0.140     -0.596
239.3000     -29981.848   -29989.279        7.431   297.9      0.600     -0.336     -0.028      0.462     -0.344      0.113
239.3500     -29982.090   -29989.188        7.097   284.5     -0.945     -0.413     -1.179     -0.188      0.497      0.500
239.4000     -29982.367   -29990.334        7.967   319.4      0.160     -0.814     -0.406      0.277     -0.271      0.396
239.4500     -29982.168   -29989.855        7.687   308.1     -0.312     -0.135     -0.753      0.129      0.230      0.189
239.5000     -29982.415   -29989.973        7.557   302.9     -0.767      0.052     -0.191      0.080     -0.057      0.165
239.5500     -29982.026   -29989.871        7.845   314.4     -0.229     -0.997     -0.668      0.329      0.105     -0.068
239.6000     -29982.188   -29990.020        7.831   313.9      0.591      0.701      0.084     -0.340     -0.481     -0.759
239.6500     -29982.307   -29990.705        8.398   336.6      0.508      1.242     -0.350      0.281     -0.301      0.134
239.7000     -29982.126   -29990.025        7.900   316.7     -0.622     -0.129      1.178      0.373     -0.025      0.052
239.7500     -29981.925   -29989.891        7.966   319.3     -0.595      0.501      0.652     -0.183      1.066      0.414
239.8000     -29982.181   -29990.455        8.274   331.7      0.265     -0.957      0.348      0.250      0.138     -0.112
239.8500     -29982.539   -29990.416        7.877   315.8     -0.914     -0.215      0.065     -0.508     -0.609      0.074
239.9000     -29982.640   -29990.418        7.778   311.8     -0.276     -0.444      0.676     -0.278      0.146     -0.357
239.9500     -29982.369   -29990.281        7.913   317.2      0.049     -0.538     -0.156      0.131     -0.404     -0.346
240.0000     -29982.301   -29990.207        7.906   316.9     -1.214     -0.304     -0.457     -0.175     -0.141      0.338
240.0500     -29982.586   -29991.227        8.641   346.4      0.637      0.521     -0.143      0.186     -0.108     -0.315
240.1000     -29982.181   -29990.305        8.124   325.6     -0.415      0.606     -0.471      0.437     -0.046      0.040
240.1500     -29982.102   -29990.570        8.468   339.4     -1.254     -0.455     -0.975      0.003     -0.436      0.409
240.2000     -29981.899   -29990.244        8.345   334.5      0.747     -0.382     -0.186      0.014      0.086     -0.180
240.2500     -29981.658   -29989.807        8.149   326.6     -1.028      0.014     -0.332     -0.295      0.170      0.233
240.3000     -29981.542   -29989.436        7.893   316.4      0.320      0.182     -0.341     -0.178     -0.035     -0.643
240.3500     -29981.135   -29989.430        8.295   332.5     -0.007      0.361     -0.630     -0.453      0.178      0.438
240.4000     -29981.000   -29989.529        8.530   341.9      0.443     -0.140     -0.585     -0.021     -0.208     -0.385
240.4500     -29980.854   -29989.561        8.707   349.0     -0.093     -0.294     -0.020      0.250     -0.064     -0.203
240.5000     -29981.142   -29989.496        8.354   334.9      0.029     -0.209     -0.635      0.324      0.093      0.073
240.5500     -29981.099   -29989.115        8.016   321.3     -0.317      0.228     -0.489     -0.251     -0.025     -0.134
240.6000     -29981.174   -29989.578        8.404   336.9      0.409     -0.000      0.567      0.133     -0.194      0.137
240.6500     -29981.081   -29989.035        7.954   318.8      0.553      0.940      0.039      0.023     -0.107     -0.431
240.7000     -29981.282   -29988.596        7.314   293.2     -0.874     -0.033     -0.248     -0.045      0.061      0.363
240.7500     -29981.367   -29988.500        7.133   285.9     -0.524      0.513     -0.709      0.246      0.316     -0.367
240.8000     -29980.922   -29989.453        8.532   342.0      0.072      0.733      0.180      0.311      0.540      0.277
240.8500     -29981.020   -29989.480        8.460   339.1     -0.111     -0.594     -0.531     -0.336     -0.555      0.024
240.9000     -29981.342   -29989.629        8.287   332.2      0.160     -0.450     -0.284     -0.306     -0.085      0.151
240.9500     -29981.361   -29989.066        7.705   308.9      0.158     -0.114     -0.493      0.693      0.442     -0.195
241.0000     -29981.311   -29988.916        7.605   304.9     -0.693     -0.886     -0.179      0.072     -0.685     -0.075
241.0500     -29981.196   -29989.758        8.562   343.2     -0.579     -0.216     -0.094      0.306      0.267     -0.039
241.1000     -29981.232   -29989.676        8.444   338.5     -0.729     -0.528     -0.441     -0.129      0.031     -0.496
241.1500     -29981.033   -29988.861        7.828   313.8     -0.410      0.476     -0.181     -0.419      0.013     -0.216
241.2000     -29981.357   -29989.248        7.891   316.3      1.625     -0.002     -0.223      0.643     -0.153      0.100
241.2500     -29980.967   -29989.125        8.158   327.0     -1.088     -0.059      0.315     -0.144     -0.032      0.113
241.3000     -29981.113   -29989.680        8.567   343.4      0.044     -0.838     -0.337     -0.097      0.042      0.389
241.3500     -29981.587   -29989.285        7.698   308.6      0.144      0.685     -0.237     -0.210      0.682     -0.822
241.4000     -29981.643   -29989.555        7.912   317.1     -0.192     -1.775     -0.682      0.603     -0.371     -0.054
241.4500     -29981.309   -29989.074        7.765   311.3     -0.205     -0.378     -0.301     -0.003      0.373      0.582
241.5000     -29981.416   -29988.660        7.244   290.4      0.013     -0.556      0.275      0.210     -0.090      0.419
241.5500     -29980.671   -29988.531        7.860   315.1      0.139     -0.434      0.035     -0.271     -0.265      0.118
241.6000     -29981.128   -29988.758        7.630   305.9      0.132      0.027     -0.166      0.256     -0.083      0.633
241.6500     -29981.385   -29988.961        7.576   303.7      0.652     -1.196     -0.731      0.092      0.617     -0.311
241.7000     -29981.157   -29988.930        7.772   311.6     -1.393      0.481     -0.032     -0.486      0.103      0.392
241.7500     -29980.890   -29989.283        8.393   336.4     -0.977      0.055     -0.922      0.164      0.187      0.478
241.8000     -29980.999   -29989.785        8.786   352.2     -0.709      0.020     -0.447      0.454     -0.102     -0.469
241.8500     -29981.075   -29989.131        8.056   322.9      0.014      0.034     -0.172      0.007     -0.143     -0.113
241.9000     -29980.852   -29988.730        7.878   315.8     -0.791     -0.290      0.776     -0.340      0.028     -0.037
241.9500     -29981.154   -29989.287        8.134   326.0     -0.079     -0.407     -0.559     -0.246      0.015      0.035
242.0000     -29981.203   -29989.398        8.196   328.5      0.205     -0.704     -0.660      0.282     -0.002     -0.121
242.0500     -29981.383   -29989.262        7.879   315.8     -0.275     -1.424     -0.404     -0.331      0.647      0.175
242.1000     -29981.893   -29989.836        7.943   318.4     -0.711     -0.394     -0.516      0.333     -0.016     -0.478
242.1500     -29981.848   -29989.729        7.881   315.9     -1.417     -0.985     -0.540      0.755     -0.049     -0.121
242.2000     -29981.720   -29990.010        8.290   332.3      0.286     -0.075      0.553      0.104     -0.102     -0.156
242.2500     -29981.966   -29988.904        6.939   278.1      0.597     -0.110     -0.493      0.087      0.425     -0.224
242.3000     -29982.201   -29989.836        7.635   306.1     -0.916     -0.071     -1.349     -0.268     -0.142      0.062
242.3500     -29981.639   -29989.273        7.634   306.0     -0.370     -0.946      0.570      0.811      0.104     -0.623
242.4000     -29981.437   -29989.424        7.987   320.1     -0.577     -0.032      0.758     -0.030     -0.167     -0.035
242.4500     -29981.307   -29989.531        8.224   329.7     -0.795      0.002     -0.255      0.207      0.486      0.334
242.5000     -29981.290   -29988.746        7.456   298.9     -0.233     -0.031     -0.171     -0.130      0.294     -0.066
242.5500     -29981.017   -29989.227        8.210   329.1     -0.198     -0.767     -0.834     -0.369      0.279     -0.148
242.6000     -29981.107   -29989.309        8.201   328.8     -0.707     -0.143      0.595      0.362     -0.181      0.409
242.6500     -29981.305   -29989.152        7.848   314.6     -0.111      0.981     -0.120     -0.222     -0.092      0.036
242.7000     -29981.322   -29989.197        7.876   315.7     -0.705     -0.500      0.090      0.808      0.153     -0.015
242.7500     -29980.821   -29989.172        8.351   334.7      0.723      1.199     -0.241      0.059     -0.366     -0.555
242.8000     -29981.205   -29988.893        7.687   308.1     -0.403     -0.719     -0.553      0.262      0.280      0.546
242.8500     -29980.860   -29989.422        8.562   343.2     -0.286      0.890      0.133     -0.060      0.468     -0.370
242.9000     -29981.075   -29988.852        7.777   311.7      0.393     -1.078     -0.417      0.506      0.203      0.148
242.9500     -29980.770   -29989.301        8.531   342.0     -0.820     -0.586     -0.491      0.414      0.082     -0.413
243.0000     -29980.965   -29988.717        7.752   310.7     -1.150     -0.985     -1.408      0.091     -0.271     -0.231
243.0500     -29981.071   -29988.838        7.767   311.3     -0.364     -0.077      0.353      0.479      0.837     -0.826
243.1000     -29980.477   -29988.758        8.281   331.9     -1.273     -0.453     -1.187      0.335     -0.017      0.358
243.1500     -29980.105   -29988.709        8.604   344.9      0.215     -0.355      0.197     -0.247     -0.366      0.518
243.2000     -29979.624   -29987.750        8.126   325.7     -1.322     -0.415     -1.545      0.060      0.211     -0.523
243.2500     -29979.559   -29988.561        9.002   360.8      1.051     -0.217      0.177     -0.111      0.524     -0.443
243.3000     -29979.399   -29987.789        8.390   336.3     -0.659     -1.199      0.236     -0.342     -0.406     -0.014
243.3500     -29980.096   -29987.906        7.810   313.1     -0.144      1.156     -0.967      0.678      0.151      0.333
243.4000     -29980.204   -29988.143        7.938   318.2      0.444      0.056      0.896     -0.162     -0.226     -0.204
243.4500     -29979.861   -29987.775        7.915   317.3     -0.502      0.453     -0.067     -0.246     -0.145     -0.361
243.5000     -29979.749   -29987.477        7.728   309.8     -1.045     -0.664     -1.066      0.420      0.477     -0.267
243.5500     -29979.914   -29988.264        8.350   334.7      0.854     -0.091     -0.743      0.008     -0.174      0.053
243.6000     -29979.776   -29988.334        8.558   343.0     -0.161     -0.048      0.193      0.294     -0.107      0.034
243.6500     -29979.864   -29988.789        8.925   357.7     -0.007     -0.257     -0.057      0.246      0.043     -0.126
243.7000     -29980.065   -29988.869        8.804   352.9     -1.389      0.464     -0.281      0.188      0.499      0.084
243.7500     -29980.204   -29989.016        8.812   353.2     -0.120     -0.334     -0.625      0.450     -0.840     -0.031
243.8000     -29980.102   -29988.693        8.592   344.4     -1.122      0.185      0.818     -0.088      0.267      0.296
243.8500     -29980.007   -29988.707        8.700   348.7      0.203      0.963     -0.284      0.687      0.385     -0.269
243.9000     -29979.654   -29987.902        8.248   330.6     -0.443      0.320     -0.017      0.154      0.217      0.001
243.9500     -29980.197   -29988.451        8.254   330.9     -0.190      1.019     -0.521     -0.301      0.043     -0.493
244.0000     -29979.899   -29987.777        7.878   315.8     -0.735     -0.336     -0.053     -0.072     -0.081     -0.218
244.0500     -29980.312   -29989.129        8.817   353.4      0.003     -0.630     -0.701      0.177     -0.357     -0.491
244.1000     -29980.297   -29988.496        8.199   328.6     -0.577     -0.197      0.231     -0.171      0.058      0.550
244.1500     -29980.125   -29988.908        8.783   352.1     -0.234      0.179     -0.986     -0.323      0.197     -0.095
244.2000     -29979.848   -29988.225        8.376   335.8     -1.121      0.302     -0.181     -0.023      0.030      0.691
244.2500     -29979.636   -29987.746        8.110   325.1     -0.975     -0.033     -0.659     -0.087      0.440      0.150
244.3000     -29980.251   -29988.850        8.598   344.7      0.251     -0.058     -0.117     -0.008     -0.171     -0.015
244.3500     -29980.761   -29989.117        8.357   335.0      0.091     -0.636      0.640      0.251      0.118     -0.056
244.4000     -29980.547   -29988.789        8.242   330.4      0.983      0.197      0.636      0.041      0.366      0.480
244.4500     -29980.041   -29988.203        8.163   327.2     -1.203      0.314     -0.194     -0.364     -0.017      0.128
244.5000     -29979.956   -29988.010        8.054   322.8      0.196     -1.204      0.298      0.040      0.047     -0.090
244.5500     -29979.677   -29988.754        9.077   363.8     -0.440     -0.342     -0.423     -0.153      0.010      0.229
244.6000     -29979.794   -29988.484        8.690   348.3     -0.165     -0.407     -0.017      0.337     -0.420      0.266
244.6500     -29979.962   -29987.744        7.782   312.0     -0.539     -0.889     -1.051      0.052     -0.229      0.053
244.7000     -29979.950   -29988.277        8.328   333.8     -0.762     -0.095     -0.469      0.346      0.257      0.296
244.7500     -29980.117   -29988.367        8.250   330.7      0.224     -0.829     -0.661     -0.260      0.386      0.408
244.8000     -29979.625   -29987.566        7.942   318.3     -0.342     -0.164      0.589     -0.055     -0.300     -0.304
244.8500     -29979.376   -29988.059        8.683   348.0     -0.681     -0.404     -0.341      0.017     -0.104     -0.171
244.9000     -29979.138   -29988.240        9.103   364.9     -0.861     -0.084      0.124      0.088      0.202      0.237
244.9500     -29979.292   -29987.494        8.202   328.8      0.139     -0.063      0.099     -0.352      0.172      0.042
245.0000     -29979.044   -29988.543        9.499   380.7     -0.243     -0.693     -1.233     -0.320      0.116     -0.197
245.0500     -29979.694   -29989.297        9.603   384.9     -0.534     -1.218      0.675      0.077     -0.034      0.483
245.1000     -29979.987   -29988.828        8.841   354.4     -0.458     -0.769     -0.364     -0.673      0.128      0.221
245.1500     -29979.899   -29988.436        8.537   342.2      0.001     -0.903     -0.631      0.444      0.622     -0.481
245.2000     -29980.073   -29987.838        7.765   311.2      0.038     -0.756     -0.252      0.083      0.141      0.220
245.2500     -29979.505   -29988.018        8.512   341.2     -0.546      0.212     -0.265     -0.530     -0.323     -0.385
245.3000     -29979.341   -29987.791        8.450   338.7      0.679     -0.913     -0.386      0.763      0.081      0.049
245.3500     -29979.861   -29988.201        8.340   334.3      0.197     -0.817     -0.720     -0.066     -0.209      0.153
245.4000     -29979.583   -29987.756        8.173   327.6      0.263     -1.235     -0.850     -0.039     -0.439      0.821
245.4500     -29979.808   -29988.168        8.359   335.1     -1.473     -0.603     -0.656      0.335      0.061     -0.295
245.5000     -29979.815   -29988.201        8.387   336.2     -1.050     -1.273     -0.589      0.067     -0.272     -0.221
245.5500     -29980.080   -29988.510        8.430   337.9     -0.852     -0.770     -0.472     -0.441      0.188      0.269
245.6000     -29980.190   -29989.252        9.061   363.2     -0.222     -0.531      0.358     -0.418     -0.273      0.097
245.6500     -29980.328   -29989.291        8.963   359.3      0.172     -0.330     -0.833      0.289     -0.059     -0.291
245.7000     -29979.555   -29989.104        9.548   382.7     -0.392      0.370     -0.254     -0.016     -0.532     -0.242
245.7500     -29979.782   -29988.107        8.325   333.7      0.864     -0.802      0.233      0.457     -0.147     -0.125
245.8000     -29980.105   -29988.271        8.166   327.3     -0.279     -0.256     -1.558     -0.181     -0.132     -0.141
245.8500     -29980.145   -29988.809        8.664   347.3     -0.448     -0.348     -0.463      0.484      0.341      0.267
245.9000     -29980.185   -29988.805        8.620   345.5     -0.368     -0.702      0.587      0.118      0.036     -0.402
245.9500     -29980.426   -29988.602        8.176   327.7      0.573      0.445      0.283      0.885      0.250     -0.135
246.0000     -29980.583   -29988.789        8.207   329.0     -0.049     -0.672      0.353     -0.021     -0.349      0.148
246.0500     -29980.383   -29988.465        8.081   323.9     -0.228     -1.012     -0.658      0.646      0.321      0.109
246.1000     -29980.957   -29989.467        8.510   341.1      0.341     -0.393     -1.406      0.199     -0.021     -0.310
246.1500     -29980.701   -29989.094        8.393   336.4     -0.317     -0.540     -0.240     -0.273      0.133     -0.221
246.2000     -29981.310   -29989.453        8.143   326.4     -0.583     -0.836     -1.035     -0.071     -0.130      0.136
246.2500     -29981.077   -29989.045        7.968   319.4      0.289     -0.755     -0.048      0.099     -0.227     -0.330
246.3000     -29980.843   -29988.938        8.094   324.5     -0.095      0.108     -0.553     -0.372     -0.460      0.484
246.3500     -29980.780   -29988.971        8.190   328.3     -0.405     -0.436     -0.002      0.055     -0.141     -0.090
246.4000     -29980.534   -29988.703        8.169   327.4     -0.066     -0.183      0.489      0.158     -0.697      0.361
246.4500     -29980.522   -29988.275        7.754   310.8      0.471      0.439      0.802     -0.058     -0.027      0.252
246.5000     -29980.161   -29988.094        7.933   318.0     -0.645     -0.948     -1.156     -0.192      0.097      0.070
246.5500     -29980.098   -29988.604        8.506   341.0     -0.909     -0.536     -0.432      0.084     -0.147      0.076
246.6000     -29980.128   -29989.279        9.151   366.8     -0.671      0.243     -0.247      0.138     -0.154      0.097
246.6500     -29980.277   -29988.988        8.711   349.2     -0.949     -1.100     -1.324     -0.270     -0.647     -0.023
246.7000     -29979.721   -29988.531        8.810   353.2     -1.183     -1.591     -0.101      0.402     -0.540      0.010
246.7500     -29980.196   -29989.773        9.577   383.9     -0.544     -0.301     -0.425      0.128     -0.400      0.552
246.8000     -29979.940   -29988.613        8.673   347.7     -0.187     -0.048     -0.645     -0.235      0.247     -0.632
246.8500     -29980.192   -29988.135        7.942   318.4      0.378     -0.078      0.034      0.304     -0.614     -0.460
246.9000     -29980.189   -29988.361        8.172   327.6     -0.082     -0.290     -0.467      0.378      0.015      0.422
246.9500     -29980.068   -29989.242        9.174   367.7     -0.338     -0.350      0.577     -0.427      0.356     -0.559
247.0000     -29980.019   -29988.988        8.970   359.5     -0.385     -0.083      0.164      0.213      0.319     -0.199
247.0500     -29980.516   -29988.875        8.359   335.1      0.740     -0.738      0.418     -0.303     -0.098     -0.046
247.1000     -29981.033   -29989.541        8.508   341.0     -1.188     -0.818     -0.758      0.207      0.091      0.266
247.1500     -29980.804   -29989.209        8.405   336.9      0.037     -0.554      0.034     -0.032     -0.100     -0.328
247.2000     -29980.667   -29989.127        8.460   339.1     -0.232     -0.393      0.316     -0.401     -0.442     -0.431
247.2500     -29979.999   -29989.771        9.773   391.7     -0.125     -0.568     -0.477     -0.094     -0.061     -0.259
247.3000     -29980.077   -29989.725        9.648   386.7     -0.625      0.219     -0.040     -0.037      0.373     -0.176
247.3500     -29980.603   -29988.979        8.375   335.7      0.589     -0.072     -0.289     -0.229     -0.531     -0.372
247.4000     -29980.530   -29988.875        8.345   334.5      0.111      0.778      0.713     -0.279      0.105      0.185
247.4500     -29980.697   -29988.590        7.893   316.4      0.156     -0.076     -0.294      0.444      0.413      0.145
247.5000     -29981.468   -29989.062        7.595   304.4     -0.489     -0.167     -0.964      0.015     -0.223      0.374
247.5500     -29981.447   -29988.984        7.537   302.1      0.091     -0.494      0.635     -0.157      0.201      0.066
247.6000     -29980.960   -29988.715        7.755   310.9     -0.684     -0.202     -0.017     -0.029      0.096      0.111
247.6500     -29980.941   -29989.613        8.672   347.6      0.238     -0.376     -0.370      0.152     -0.355      0.169
247.7000     -29980.977   -29989.211        8.234   330.1     -0.359      0.041      0.220     -0.141     -0.269     -0.320
247.7500     -29981.058   -29989.562        8.505   340.9      0.536      1.145      0.244     -0.294     -0.041     -0.251
247.8000     -29980.721   -29988.615        7.894   316.4      0.325     -0.808      0.201     -0.213      0.211      0.681
247.8500     -29980.974   -29988.980        8.007   321.0     -0.857     -0.760      0.166     -0.466     -0.025     -0.359
247.9000     -29980.809   -29989.400        8.591   344.4     -0.044     -0.337      0.210      0.597      0.265      0.162
247.9500     -29980.817   -29988.664        7.847   314.5     -1.018     -0.106     -1.130     -0.146     -0.252     -0.319
248.0000     -29980.642   -29988.998        8.356   335.0     -0.144     -0.901      0.064     -0.065      0.139     -0.225
248.0500     -29980.279   -29989.215        8.936   358.2      0.354     -0.873     -1.037     -0.149      0.180      0.367
248.1000     -29980.023   -29988.521        8.498   340.7      0.750     -1.225     -0.188     -0.785      0.804      0.911
248.1500     -29980.202   -29987.975        7.773   311.6     -0.083     -0.431      0.575     -0.016      0.100      0.047
248.2000     -29980.420   -29988.805        8.385   336.1      0.838      0.366     -0.291      0.248     -0.255      0.128
248.2500     -29980.635   -29988.752        8.117   325.4      0.200     -0.635      0.170     -0.525     -0.075     -0.007
248.3000     -29980.795   -29988.783        7.988   320.2     -0.302      0.011     -0.391     -0.453     -0.437      0.366
248.3500     -29980.854   -29989.295        8.441   338.4     -0.047     -0.305      0.545      0.218     -0.482     -0.064
248.4000     -29980.440   -29989.080        8.640   346.3     -0.275     -0.163      0.082     -0.235     -0.312     -0.271
248.4500     -29979.896   -29988.154        8.258   331.0     -0.557     -1.497     -0.955     -0.155      0.164      0.074
248.5000     -29980.179   -29988.582        8.403   336.8     -0.106      0.799      0.299     -0.221      0.243      0.229
248.5500     -29980.196   -29988.863        8.667   347.4      0.906     -0.306     -0.272      0.098     -0.541      0.094
248.6000     -29980.395   -29988.424        8.029   321.8      0.849     -0.163     -1.062      0.147      0.397     -0.380
248.6500     -29980.007   -29988.271        8.264   331.3     -1.021     -0.552      0.215     -0.615      0.264      0.033
248.7000     -29979.675   -29988.633        8.958   359.1      0.970     -0.465     -0.899     -0.109     -0.036     -0.111
248.7500     -29980.065   -29988.836        8.771   351.6     -0.423     -0.818     -0.129      0.287      0.198     -0.179
248.8000     -29980.347   -29988.768        8.421   337.6     -0.164     -0.028     -0.698     -0.184      0.295     -0.306
248.8500     -29980.748   -29988.539        7.791   312.3     -0.212     -0.434      0.213     -0.140     -0.555     -0.017
248.9000     -29980.676   -29988.701        8.025   321.7     -0.212     -0.876     -0.291     -0.339      0.802     -0.162
248.9500     -29980.621   -29988.990        8.369   335.5     -0.452     -0.809     -0.953     -0.362     -0.316      0.243
249.0000     -29980.904   -29989.109        8.205   328.9      0.335     -0.772      0.208      0.298      0.040     -0.004
249.0500     -29980.726   -29988.717        7.990   320.3     -0.694     -0.649     -1.009     -0.116     -0.403      0.166
249.1000     -29980.561   -29989.104        8.543   342.4     -0.695     -0.501     -1.015     -0.087     -0.238      0.209
249.1500     -29980.298   -29988.164        7.867   315.3     -0.894     -0.983      0.063     -0.904      0.379     -0.502
249.2000     -29980.284   -29988.287        8.003   320.8     -0.831      0.201      0.687      0.642     -0.074      0.519
249.2500     -29980.044   -29988.799        8.755   350.9      0.389      0.373     -0.202     -0.229      0.575     -0.356
249.3000     -29979.977   -29988.537        8.560   343.1      0.643      0.199      0.062      0.113     -0.072     -0.061
249.3500     -29979.965   -29988.533        8.568   343.5      0.231      0.787      0.224      0.466      0.320      0.016
249.4000     -29979.131   -29987.652        8.521   341.6     -0.007      0.201     -0.344     -0.318     -0.108      0.307
249.4500     -29979.720   -29988.020        8.299   332.7      0.295     -0.284     -0.169      0.053      0.015     -0.326
249.5000     -29979.983   -29988.674        8.691   348.4     -0.313      0.064      0.489     -0.237     -0.275     -0.520
249.5500     -29979.508   -29988.424        8.916   357.4     -0.154     -0.702     -0.197      0.386      0.563      0.258
249.6000     -29979.566   -29990.090       10.523   421.8      0.093      0.429     -1.237     -0.216     -0.080      0.094
249.6500     -29979.219   -29988.402        9.183   368.1     -0.644     -0.137     -1.013     -0.113     -0.030      0.031
249.7000     -29979.000   -29988.145        9.144   366.5     -1.232     -1.414     -0.300     -0.098     -0.644     -0.365
249.7500     -29979.228   -29988.176        8.948   358.7     -0.870     -1.296     -0.531     -0.877      0.252      0.088
249.8000     -29979.165   -29988.467        9.302   372.9     -0.137     -0.334     -0.875     -0.049     -0.115     -0.200
249.8500     -29979.477   -29988.891        9.414   377.4     -0.470     -1.441     -0.247     -0.101      0.006     -0.366
249.9000     -29979.583   -29987.947        8.365   335.3     -0.621     -0.369      0.151      0.474     -0.337     -0.385
249.9500     -29979.714   -29988.533        8.819   353.5     -0.127      0.574     -0.625      0.155     -0.147      0.373
250.0000     -29979.660   -29988.404        8.744   350.5     -1.099     -0.211     -1.083     -0.339     -0.433     -0.436
250.0500     -29979.435   -29987.961        8.526   341.8      0.656     -0.419     -1.186      0.121      0.105      0.002
250.1000     -29980.328   -29988.502        8.173   327.6      0.052     -0.489      0.128     -0.385      0.553     -0.569
250.1500     -29980.522   -29988.459        7.937   318.1      0.134      0.191     -0.004      0.340     -0.304      0.740
250.2000     -29980.330   -29988.838        8.508   341.1     -0.852     -0.608      0.089     -0.339      0.152     -0.372
250.2500     -29979.775   -29987.877        8.101   324.7     -0.266     -0.263     -0.419     -0.117     -0.565     -0.061
250.3000     -29979.639   -29988.330        8.691   348.4     -0.018      0.025      0.284     -0.055     -0.213      0.034
250.3500     -29980.470   -29988.604        8.134   326.0      0.260     -0.420      0.421     -0.381     -0.238     -0.480
250.4000     -29980.081   -29989.479        9.398   376.7     -1.228      0.286      0.159     -0.332      0.059     -0.173
250.4500     -29980.235   -29988.668        8.433   338.0      0.378     -0.038      0.676     -0.051     -0.239     -0.246
250.5000     -29980.413   -29988.463        8.050   322.7     -0.080     -0.042      0.115     -0.535      0.498      0.515
250.5500     -29980.616   -29988.588        7.972   319.5     -0.336     -0.534     -0.248      0.005     -0.178      0.040
250.6000     -29980.427   -29988.691        8.265   331.3     -1.157     -0.535      0.058     -0.119      0.316      0.008
250.6500     -29980.404   -29988.326        7.922   317.5      0.108      0.447      0.501     -0.487      0.255      0.172
250.7000     -29980.266   -29988.500        8.234   330.0     -0.864     -1.176     -0.759      0.171      0.064      0.093
250.7500     -29980.186   -29988.930        8.744   350.5      0.188     -0.671      0.686      0.188     -0.337      0.018
250.8000     -29980.192   -29988.588        8.396   336.6      0.016      0.215     -1.268      0.139      0.145      0.427
250.8500     -29980.481   -29989.340        8.859   355.1     -0.782      0.239     -0.375     -0.131      0.309     -0.240
250.9000     -29980.271   -29989.629        9.358   375.1      0.573     -0.683     -0.759     -0.592      0.190      0.379
250.9500     -29979.633   -29988.684        9.051   362.8      0.108     -0.537     -0.288     -0.267      0.170     -0.185
251.0000     -29979.722   -29988.057        8.335   334.1      0.718      0.521      1.143      0.147      0.719     -0.119
251.0500     -29979.239   -29987.639        8.400   336.7      0.876      0.860      1.215     -0.459     -0.264     -0.141
251.1000     -29979.395   -29988.557        9.162   367.3      0.039     -0.054      0.046      0.310      0.476      0.063
251.1500     -29979.160   -29988.199        9.039   362.3     -0.292      0.339     -0.284      0.076      0.243      0.051
251.2000     -29979.570   -29988.043        8.473   339.6      0.229     -0.294      0.212      0.182      0.164      0.021
251.2500     -29980.169   -29988.178        8.008   321.0     -0.662      0.085      0.111     -0.279     -0.082      0.386
251.3000     -29980.616   -29988.588        7.972   319.6      0.405     -0.528     -0.935      0.263      0.693      0.077
251.3500     -29980.645   -29989.035        8.390   336.3     -0.199     -0.005      0.178      0.027     -0.168      0.337
251.4000     -29980.199   -29988.803        8.604   344.9     -0.209     -0.424      0.276      0.331      0.202      0.382
251.4500     -29979.701   -29988.760        9.059   363.1      0.266     -0.014     -1.025      0.017     -0.301      0.187
251.5000     -29980.030   -29988.416        8.386   336.2     -0.456     -0.685     -0.356     -0.046     -0.238     -0.012
251.5500     -29979.796   -29988.377        8.581   344.0     -0.598     -0.009     -0.317      0.143      0.056      0.074
251.6000     -29979.550   -29988.584        9.034   362.1      0.172      0.130     -0.647      0.629     -0.380     -0.190
251.6500     -29979.312   -29988.410        9.099   364.7      0.798      0.626      0.176      0.085      0.052      0.234
251.7000     -29980.085   -29988.037        7.952   318.8     -0.509     -0.261     -0.092     -0.000      0.252      0.108
251.7500     -29980.066   -29988.660        8.595   344.5      0.008      0.295      0.262     -0.054     -0.245     -0.301
251.8000     -29979.883   -29988.947        9.064   363.3     -0.038     -0.614     -1.010     -0.159     -0.160      0.110
251.8500     -29980.455   -29989.045        8.590   344.3     -1.437     -0.623      0.370      0.385      0.081     -0.226
251.9000     -29980.743   -29988.754        8.011   321.1      0.191     -0.906     -0.822     -0.168      0.213      0.244
251.9500     -29980.968   -29989.385        8.417   337.4     -0.427     -0.351      0.373      0.262     -0.114      0.077
252.0000     -29980.849   -29989.125        8.276   331.7     -0.949     -0.402     -0.790      0.028      0.471     -0.159
252.0500     -29980.455   -29988.881        8.426   337.7     -1.220     -0.705     -1.486     -0.494     -0.321      0.161
252.1000     -29980.422   -29987.955        7.534   302.0     -0.008     -0.329     -0.064     -0.342      0.527      0.032
252.1500     -29980.235   -29989.109        8.875   355.7     -0.891     -0.980     -0.754      0.415      0.212     -0.216
252.2000     -29980.311   -29989.297        8.986   360.2     -1.373     -1.199     -0.888      0.104      0.117      0.016
252.2500     -29980.515   -29989.309        8.794   352.5     -0.558     -0.741     -1.180      0.065      0.063      0.249
252.3000     -29980.828   -29989.170        8.342   334.4     -0.795     -0.016      0.767      0.576      0.611     -0.294
252.3500     -29980.620   -29988.785        8.165   327.3      0.329     -0.117     -0.191      0.366     -0.028      0.068
252.4000     -29980.955   -29988.309        7.354   294.8     -0.013      0.430      0.278      0.012      0.114      0.285
252.4500     -29980.819   -29989.080        8.261   331.1     -0.024     -0.129     -0.925     -0.342      0.380      0.253
252.5000     -29980.607   -29988.242        7.635   306.1     -1.191      0.690     -0.021     -0.208     -0.266      0.019
252.5500     -29980.681   -29988.578        7.897   316.6     -0.011     -0.098     -0.443     -0.045      0.609     -0.015
252.6000     -29981.025   -29989.604        8.579   343.9     -0.003      0.210     -1.173     -0.091      0.155      0.316
252.6500     -29981.323   -29989.312        7.990   320.3     -0.557      0.068     -0.149     -0.061      0.413     -0.056
252.7000     -29980.950   -29989.662        8.712   349.2     -0.978     -0.100     -0.100     -0.020     -0.594     -0.376
252.7500     -29981.562   -29989.547        7.984   320.1      0.530      0.329      0.664      0.498     -0.136     -0.133
252.8000     -29981.037   -29989.662        8.625   345.7     -0.242      0.519      1.051     -0.305     -0.059      0.274
252.8500     -29980.870   -29989.031        8.161   327.1     -0.401      0.435      0.603      0.210     -0.111      0.435
252.9000     -29980.615   -29989.965        9.350   374.8      0.301      0.009     -0.161     -0.401     -0.134      0.370
252.9500     -29980.724   -29989.137        8.413   337.2     -0.750     -1.287      0.307      0.197     -0.011     -0.092
253.0000     -29980.864   -29989.266        8.401   336.8     -0.814     -0.754     -0.592      0.483     -0.244      0.192
253.0500     -29980.760   -29989.602        8.842   354.4      0.178      0.160      0.105      0.611      0.129      0.146
253.1000     -29980.729   -29989.021        8.293   332.4     -0.706     -0.789     -0.565      0.206     -0.349     -0.038
253.1500     -29981.186   -29989.623        8.437   338.2      0.075     -0.131     -0.158      0.044      0.080     -0.465
253.2000     -29981.334   -29989.328        7.994   320.4     -0.907      0.323     -0.788     -0.530      0.365     -0.288
253.2500     -29981.587   -29989.125        7.538   302.2     -0.658     -1.313     -0.331     -0.123      0.045      0.073
253.3000     -29981.954   -29989.484        7.531   301.9     -0.211     -0.208      0.244      0.588      0.207     -0.242
253.3500     -29981.838   -29989.182        7.343   294.4      0.297     -0.952      0.257      0.051      0.316      0.366
253.4000     -29981.602   -29989.168        7.566   303.3     -0.483      0.256     -0.876     -0.231      0.546      0.107
253.4500     -29981.394   -29989.486        8.092   324.4     -0.310     -0.225      0.139      0.350     -0.207      0.150
253.5000     -29981.856   -29988.807        6.951   278.6      0.108      0.044     -0.827     -0.715      0.140      0.268
253.5500     -29981.905   -29989.844        7.938   318.2     -0.876     -1.090      0.060      0.362     -0.219      0.385
253.6000     -29981.842   -29989.361        7.520   301.4     -0.556     -0.062     -0.189     -0.301      0.021      0.657
253.6500     -29981.826   -29989.998        8.172   327.6     -0.012     -0.444      0.272      0.016      0.301      0.249
253.7000     -29981.308   -29989.791        8.483   340.0     -1.448     -1.029      0.031      0.359      0.518     -0.444
253.7500     -29981.178   -29988.939        7.762   311.1      0.839     -0.476      0.431      0.134     -0.569      0.003
253.8000     -29981.254   -29989.918        8.664   347.3     -0.073      1.069      1.714      0.296      0.688      0.164
253.8500     -29980.924   -29989.879        8.955   358.9      0.758     -0.112      0.670     -0.549      0.212     -0.400
253.9000     -29981.178   -29989.115        7.937   318.1     -0.154      0.125      1.544     -0.112     -0.123     -0.055
253.9500     -29981.468   -29989.004        7.536   302.1     -0.371     -0.451     -1.266      0.327     -0.248     -0.031
254.0000     -29982.044   -29989.479        7.435   298.0     -1.250     -0.281      0.415     -0.003     -0.159     -0.103
254.0500     -29982.485   -29989.850        7.365   295.2     -1.062     -0.170      0.256     -0.265     -0.496     -0.315
254.1000     -29982.662   -29990.061        7.398   296.5      0.475      0.222      0.124      0.049      0.150     -0.264
254.1500     -29982.263   -29990.195        7.933   318.0     -0.205      0.899      0.403      0.368      0.287      0.274
254.2000     -29981.933   -29989.998        8.065   323.3     -0.146     -0.252      0.274     -0.008      0.183     -0.273
254.2500     -29981.914   -29989.363        7.449   298.6     -0.224     -0.891      0.134     -0.019     -0.018     -0.029
254.3000     -29981.606   -29989.160        7.554   302.8      0.377     -0.064     -1.435     -0.594      0.087     -0.077
254.3500     -29981.569   -29989.146        7.578   303.8     -0.236     -0.093      0.445     -0.093      0.072     -0.056
254.4000     -29981.590   -29989.398        7.808   313.0     -0.883     -0.393      0.002     -0.018     -0.207     -0.245
254.4500     -29981.337   -29989.547        8.209   329.1      0.805     -0.851     -0.438      0.109     -0.037      0.376
254.5000     -29980.805   -29989.334        8.529   341.9     -0.019     -0.350      0.097     -0.100     -0.285      0.081
254.5500     -29981.046   -29989.084        8.038   322.2     -0.475     -0.721     -0.464     -0.169      0.120      0.001
254.6000     -29980.651   -29988.701        8.050   322.7      0.218     -0.251      0.401      0.225      0.709     -0.378
254.6500     -29980.525   -29989.059        8.533   342.1      0.405      0.730     -0.624      0.304     -0.261      0.207
254.7000     -29981.127   -29989.072        7.945   318.5      0.007     -0.459     -0.110      0.408      0.336      0.004
254.7500     -29980.935   -29988.670        7.735   310.1      0.314     -0.843     -0.150     -0.362     -0.005      0.303
254.8000     -29981.275   -29988.811        7.536   302.1      0.094      0.508      1.018     -0.250      0.254     -0.033
254.8500     -29981.187   -29988.934        7.747   310.5      1.062      0.495     -0.423      0.485     -0.186     -0.183
254.9000     -29981.357   -29988.811        7.453   298.8     -0.118     -0.732      0.660      0.206      0.026      0.197
254.9500     -29981.069   -29988.922        7.853   314.8      0.462     -0.681     -0.413     -0.118      0.437     -0.006
255.0000     -29981.234   -29988.957        7.723   309.6     -0.569     -0.235      0.157      0.259      0.197      0.442
255.0500     -29981.023   -29989.055        8.032   321.9     -0.358     -0.605     -0.451     -0.707      0.038      0.646
255.1000     -29980.613   -29988.152        7.539   302.2      0.089     -0.250      0.411      0.405     -0.305     -0.530
255.1500     -29980.445   -29988.404        7.959   319.0     -0.225     -0.841      0.515     -0.213      0.078      0.061
255.2000     -29980.282   -29988.254        7.972   319.5      0.470      0.130      0.127      0.388     -0.106     -0.574
255.2500     -29980.789   -29988.793        8.004   320.8      0.800     -0.305      0.923      0.129      0.298      0.054
255.3000     -29980.543   -29989.107        8.564   343.3      0.250     -0.448     -0.149     -0.276      0.076      0.412
255.3500     -29980.145   -29988.277        8.132   326.0     -0.376      0.091      0.556     -0.040     -0.626      0.125
255.4000     -29980.903   -29988.832        7.929   317.8     -0.489      0.261      0.001      0.459     -0.213     -0.263
255.4500     -29980.700   -29988.703        8.003   320.8     -0.396     -0.579     -0.803     -0.643     -0.099      0.082
255.5000     -29980.360   -29989.203        8.843   354.5     -0.806     -0.654     -0.199      0.122      0.031     -0.352
255.5500     -29980.438   -29988.762        8.323   333.6      0.300      0.092     -0.182     -0.063     -0.004     -0.298
255.6000     -29980.363   -29988.232        7.870   315.5     -0.438     -0.228     -0.708      0.118      0.689     -0.393
255.6500     -29980.706   -29988.674        7.967   319.4     -0.682     -0.618     -0.531      0.029      0.016      0.274
255.7000     -29980.139   -29987.590        7.451   298.7     -0.301     -0.323     -0.257      0.154     -0.308     -0.318
255.7500     -29980.459   -29988.438        7.978   319.8     -0.895     -0.497     -0.450      0.027      0.091     -0.154
255.8000     -29980.800   -29988.996        8.196   328.5     -0.070     -1.229     -0.586     -0.282      0.664     -0.159
255.8500     -29980.676   -29988.641        7.964   319.2      0.266     -0.156     -1.012      0.493     -0.094     -0.471
255.9000     -29980.913   -29988.609        7.696   308.5     -0.615     -1.012     -0.304     -0.179      0.307      0.399
255.9500     -29980.820   -29988.730        7.910   317.1     -0.515      0.527     -0.656     -0.411     -0.592     -0.611
256.0000     -29981.189   -29989.174        7.984   320.0      0.322     -0.498      0.535     -0.052     -0.133      0.220
256.0500     -29981.401   -29989.053        7.652   306.7      0.027      0.348     -0.412      0.232      0.781     -0.336
256.1000     -29981.642   -29989.373        7.731   309.9      0.732     -0.236      0.033     -0.043      0.007     -0.276
256.1500     -29981.712   -29989.434        7.722   309.5      0.200     -1.181      0.449     -0.334      0.048      0.309
256.2000     -29981.340   -29989.205        7.865   315.3     -0.085     -0.582     -0.498     -0.499     -0.326      0.155
256.2500     -29981.179   -29989.092        7.913   317.2     -1.521      0.056      0.311      0.185      0.039     -0.274
256.3000     -29980.607   -29988.736        8.130   325.9      0.888     -0.283     -0.381     -0.693     -0.159      0.289
256.3500     -29980.373   -29988.734        8.362   335.2     -0.531      0.018     -0.091      0.066      0.707     -0.440
256.4000     -29980.636   -29988.467        7.830   313.9      0.341      0.377      0.104     -0.381      0.347     -0.364
256.4500     -29980.151   -29988.904        8.753   350.9     -1.244     -1.854     -1.062      0.018      0.262      0.151
256.5000     -29980.756   -29988.775        8.020   321.5     -0.384     -0.567     -1.136      0.076     -0.016     -0.323
256.5500     -29980.241   -29988.816        8.575   343.7     -0.850     -0.806     -1.014      0.076     -0.098     -0.609
256.6000     -29980.212   -29987.984        7.773   311.6     -0.262     -0.027     -0.109     -0.637      0.398     -0.811
256.6500     -29980.619   -29988.438        7.819   313.4      0.359     -0.579     -1.039      0.212     -0.044      0.327
256.7000     -29981.095   -29989.344        8.248   330.6      0.071      0.655     -0.422     -0.062     -0.039      0.253
256.7500     -29981.173   -29989.055        7.881   315.9     -0.919     -1.130     -0.192     -0.215      0.487     -0.186
256.8000     -29981.543   -29989.641        8.098   324.6      0.092      0.089     -1.156     -0.466      0.028      0.030
256.8500     -29981.291   -29990.270        8.979   359.9      0.659     -0.215      0.281     -0.803      0.398     -0.483
256.9000     -29980.777   -29988.893        8.116   325.3     -0.215     -0.238     -0.188     -0.322     -0.103     -0.287
256.9500     -29980.755   -29989.162        8.407   337.0      0.351      0.832     -0.959      0.218     -0.133      0.312
257.0000     -29980.465   -29988.664        8.199   328.6     -0.043     -0.430      0.160     -0.165     -0.098      0.338
257.0500     -29980.902   -29989.137        8.235   330.1     -0.690      0.376     -0.513      0.049      0.466      0.271
257.1000     -29981.069   -29989.094        8.025   321.7      0.346     -0.266     -0.878      0.040      0.226     -0.157
257.1500     -29980.894   -29988.826        7.932   317.9     -0.454     -0.031      0.248     -0.594      0.090     -0.057
257.2000     -29980.851   -29988.734        7.883   316.0      0.700      0.032     -0.141      0.378     -0.442      0.279
257.2500     -29980.965   -29988.816        7.852   314.7     -0.355      0.533      0.135     -0.396      0.138      0.004
257.3000     -29980.621   -29988.965        8.344   334.5      0.239      0.595     -0.243     -0.001      0.005      0.114
257.3500     -29980.912   -29988.809        7.897   316.5      0.345     -0.431     -0.255      0.026      0.378     -0.103
257.4000     -29980.647   -29988.744        8.097   324.6     -0.834      0.374     -0.165     -0.564      0.242     -0.338
257.4500     -29980.219   -29988.553        8.334   334.1      0.172      0.415     -0.267      0.026     -0.131     -0.379
257.5000     -29980.349   -29988.967        8.618   345.5      0.856      0.919      0.457      0.123      0.210      0.026
257.5500     -29980.152   -29988.256        8.104   324.8      0.116      0.472     -0.389      0.337     -0.167     -0.569
257.6000     -29979.932   -29988.287        8.355   334.9     -0.365     -0.990      0.093      0.388      0.246     -0.839
257.6500     -29980.329   -29989.109        8.780   352.0     -0.186      0.373     -0.082      0.040     -0.091      0.397
257.7000     -29980.312   -29988.584        8.272   331.6      1.388      1.006      0.535     -0.478      0.267     -0.999
257.7500     -29980.407   -29988.293        7.886   316.1      0.002      0.373     -0.153     -0.026      0.248      0.306
257.8000     -29980.264   -29988.465        8.201   328.7      0.903      1.171      0.557     -0.218     -0.084      0.273
257.8500     -29980.046   -29987.814        7.768   311.4     -0.444     -1.363     -0.345      0.066     -0.646      0.058
257.9000     -29979.781   -29988.051        8.270   331.5     -1.299      0.102     -0.535      0.312      0.412     -0.490
257.9500     -29979.902   -29987.791        7.889   316.2     -0.254     -1.051     -0.677      0.244     -0.121      0.406
258.0000     -29980.443   -29988.143        7.699   308.6     -0.080     -0.071     -0.987      0.085      0.134     -0.252
258.0500     -29980.176   -29988.189        8.014   321.2     -0.034     -0.255     -0.093      0.335      0.245     -0.503
258.1000     -29980.291   -29988.467        8.175   327.7      0.805     -0.910     -0.186     -0.413      0.363     -0.232
258.1500     -29980.483   -29988.941        8.458   339.0     -0.040      0.301     -0.002     -0.334      0.288      0.350
258.2000     -29979.136   -29988.047        8.911   357.2     -0.464     -0.271     -0.806      0.036     -0.364      0.286
258.2500     -29979.690   -29988.330        8.640   346.3     -0.612     -0.591      0.558     -0.149      0.315     -0.260
258.3000     -29979.918   -29988.428        8.509   341.1      0.561      0.007     -0.504      0.010      0.266     -0.329
258.3500     -29979.830   -29988.902        9.072   363.6      0.328      0.478     -0.751     -0.232      0.320     -0.445
258.4000     -29979.624   -29988.760        9.135   366.2     -0.467     -0.518      0.647     -0.067     -0.679      0.217
258.4500     -29979.564   -29988.135        8.571   343.6      0.616      0.459      0.506     -0.591     -0.131     -0.460
258.5000     -29978.940   -29987.471        8.531   342.0     -0.222      0.892      0.439      0.173     -0.224      0.214
258.5500     -29978.753   -29987.402        8.649   346.7      0.187      0.739      0.359     -0.033      0.111      0.030
258.6000     -29978.740   -29987.686        8.946   358.6      1.161     -0.422     -0.319      0.613     -0.074     -0.294
258.6500     -29979.106   -29988.295        9.189   368.3     -0.074     -1.096     -0.783     -0.353     -0.425      0.786
258.7000     -29978.834   -29987.607        8.773   351.7      0.355     -0.624      0.592     -0.505     -0.258      0.330
258.7500     -29978.946   -29988.771        9.825   393.9      1.176      0.478     -0.081      0.710     -0.345     -0.120
258.8000     -29979.223   -29988.359        9.137   366.2      0.321      0.930      0.027     -0.488     -0.719     -0.087
258.8500     -29979.550   -29988.312        8.762   351.2      0.336      0.323     -0.832     -0.050     -0.057      0.475
258.9000     -29979.922   -29987.424        7.502   300.7     -0.366      0.441     -0.726      0.106     -0.174     -0.208
258.9500     -29980.342   -29988.742        8.400   336.7      0.868      0.417     -0.229     -0.121      0.097     -0.071
259.0000     -29980.368   -29988.023        7.655   306.9      0.218      0.093      0.546      0.329      0.048      0.090
259.0500     -29980.489   -29989.217        8.728   349.9     -0.533     -0.012     -0.774      0.230     -0.101      0.140
259.1000     -29980.717   -29988.711        7.994   320.4     -0.239      0.169     -0.014      0.540      0.773      0.492
259.1500     -29980.628   -29988.738        8.110   325.1      0.059      0.108      0.831      0.021     -0.105      0.287
259.2000     -29980.710   -29988.752        8.042   322.4      0.772      0.444      0.518     -0.281     -0.230     -0.800
259.2500     -29980.300   -29988.279        7.980   319.9      0.246     -0.094     -0.462      0.160      0.379      0.587
259.3000     -29980.380   -29988.693        8.313   333.2     -0.714     -1.356     -0.508      0.043     -0.404      0.187
259.3500     -29980.806   -29989.500        8.694   348.5     -0.577      0.066     -0.623     -0.073      0.161     -0.322
259.4000     -29980.924   -29988.916        7.992   320.4     -0.419     -1.296     -1.546      0.266      0.169      0.314
259.4500     -29981.297   -29989.203        7.906   316.9     -0.176     -0.655     -0.705      0.104      0.476     -0.201
259.5000     -29981.369   -29989.168        7.799   312.6     -0.115     -0.690     -0.552     -0.098     -0.398     -0.142
259.5500     -29980.479   -29989.385        8.906   357.0      0.767      0.055     -1.075      0.398      0.130     -0.339
259.6000     -29980.610   -29989.580        8.970   359.6     -0.751     -1.179     -0.183     -0.197     -0.041     -0.092
259.6500     -29980.386   -29989.199        8.813   353.3     -0.095      0.518      0.311      0.681      0.230      0.213
259.7000     -29980.889   -29989.830        8.941   358.4      0.021     -0.928      0.313      0.397      0.579     -0.181
259.7500     -29980.901   -29989.504        8.603   344.8     -0.761      0.551      0.180     -0.093     -0.449      0.304
259.8000     -29980.628   -29988.908        8.280   331.9      0.627     -0.186      0.345      0.588      0.116     -0.530
259.8500     -29980.803   -29989.934        9.131   366.0     -0.013      1.147      0.296      0.286      0.268      0.182
259.9000     -29981.206   -29988.838        7.632   305.9     -0.503     -0.614      0.270     -0.075      0.582      0.712
259.9500     -29981.699   -29989.658        7.960   319.1      0.363     -0.513     -0.463      0.270     -0.322      0.003
260.0000     -29981.322   -29989.514        8.191   328.3     -0.479      0.138      0.649      0.331      0.213      0.337
260.0500     -29981.177   -29989.223        8.045   322.5     -0.342     -0.472     -1.052      0.176     -0.180      0.381
260.1000     -29981.250   -29989.758        8.508   341.0      0.373     -0.015     -0.362     -0.106     -0.481     -0.221
260.1500     -29981.270   -29989.619        8.349   334.7     -0.038      0.614      1.180     -0.458      0.113      0.628
260.2000     -29981.124   -29989.703        8.579   343.9     -0.635     -0.885     -1.493      0.113     -0.587     -0.108
260.2500     -29980.981   -29989.893        8.912   357.2     -0.437      0.211     -0.326     -0.088     -0.205      0.141
260.3000     -29980.897   -29989.336        8.439   338.3     -0.867      0.094      0.444      0.054     -0.063      0.081
260.3500     -29981.177   -29989.582        8.405   336.9     -1.016     -0.835     -0.632     -0.425     -0.048     -0.174
260.4000     -29980.858   -29988.820        7.963   319.2     -0.753      0.040     -0.043      0.080     -0.087      0.420
260.4500     -29980.538   -29988.789        8.251   330.7      0.041      0.162     -0.016      0.188      0.094      0.064
260.5000     -29980.333   -29988.234        7.901   316.7     -0.641     -1.150     -0.567     -0.040      0.570     -0.505
260.5500     -29980.334   -29989.000        8.666   347.4     -1.568      0.092     -0.320      0.012      0.215     -0.115
260.6000     -29980.574   -29988.818        8.244   330.5     -1.242     -0.750     -0.949      0.000     -0.906      0.177
260.6500     -29980.353   -29988.863        8.511   341.1     -0.283     -0.176      0.585      0.323      0.905      0.505
260.7000     -29980.511   -29988.807        8.296   332.5     -0.330      0.602     -0.505      0.210     -0.493      0.016
260.7500     -29980.074   -29989.035        8.962   359.2     -1.065      0.090     -0.415     -0.343      0.467      0.547
260.8000     -29980.180   -29989.781        9.601   384.8     -0.371     -0.403     -1.040      0.182     -0.131      0.088
260.8500     -29980.685   -29989.330        8.645   346.5      0.174     -0.927      0.288      0.175      0.175     -0.428
260.9000     -29980.647   -29989.861        9.215   369.4      0.445      0.190      0.237     -0.508     -0.714      0.179
260.9500     -29980.327   -29988.979        8.651   346.8     -0.745     -0.581      0.029      0.405     -0.155      0.109
261.0000     -29980.470   -29988.908        8.438   338.2      0.400     -0.116     -0.082     -0.741     -0.213      0.500
261.0500     -29981.405   -29989.133        7.728   309.8     -0.923     -1.379     -0.527      0.450     -0.498      0.288
261.1000     -29980.925   -29989.365        8.440   338.3     -0.398     -1.304      0.060      0.275      0.213     -0.067
261.1500     -29981.636   -29989.777        8.142   326.4     -0.176     -0.123     -1.183      0.057      0.019      0.286
261.2000     -29981.512   -29989.938        8.426   337.7     -0.313     -0.167      0.720      0.139     -0.539      0.012
261.2500     -29981.444   -29989.707        8.263   331.2     -0.383     -1.314     -0.779     -0.322      0.676     -0.699
261.3000     -29981.519   -29989.900        8.381   336.0     -0.409     -0.769     -0.143     -0.186     -0.007      0.313
261.3500     -29981.341   -29990.473        9.132   366.0      0.335     -0.163      0.334      0.228     -0.013     -0.880
261.4000     -29980.985   -29989.301        8.316   333.4     -0.551     -0.286     -0.182      0.148      0.402      0.309
261.4500     -29981.223   -29989.686        8.462   339.2      0.282      0.898      0.121     -0.259      0.343      0.302
261.5000     -29981.450   -29989.365        7.915   317.3      0.109      0.340     -0.465     -0.301     -0.188      0.030
261.5500     -29981.219   -29989.502        8.283   332.0     -0.038     -0.011     -0.091      0.240      0.096      0.411
261.6000     -29981.390   -29989.434        8.044   322.4     -0.753     -0.179     -0.343     -0.653     -0.090      0.438
261.6500     -29981.983   -29989.703        7.720   309.4      0.112     -0.465     -0.382      0.142      0.715     -0.164
261.7000     -29982.151   -29990.133        7.982   319.9      0.326     -0.545     -0.305      0.568      0.075      0.140
261.7500     -29981.996   -29989.910        7.914   317.2     -0.958     -0.205     -0.459     -0.023     -0.387      0.469
261.8000     -29981.829   -29989.752        7.923   317.6     -0.159     -0.453     -0.526     -0.465      0.399     -0.359
261.8500     -29981.993   -29990.031        8.038   322.2     -0.060     -0.287      0.541     -0.297     -0.227      0.525
261.9000     -29982.082   -29989.734        7.652   306.7     -0.459     -0.164     -0.279      0.146      0.175      0.727
261.9500     -29981.835   -29989.709        7.874   315.6      0.489      0.103      0.039      0.077      0.366     -0.460
262.0000     -29981.572   -29989.502        7.930   317.9      0.561      0.432      0.540     -0.195      0.346      0.210
262.0500     -29982.468   -29989.857        7.389   296.2     -0.850      0.465     -0.248     -0.232      0.655     -0.187
262.1000     -29982.425   -29990.152        7.727   309.7     -0.348     -1.007      0.528      0.043     -0.575      0.428
262.1500     -29982.765   -29990.107        7.342   294.3      0.292      0.558     -0.717     -0.439     -0.433      0.428
262.2000     -29982.280   -29989.498        7.218   289.3     -0.144     -0.008      0.080     -0.232      0.279     -0.042
262.2500     -29982.033   -29989.451        7.419   297.4      0.180     -0.227      0.659     -0.568     -0.639     -0.097
262.3000     -29981.907   -29990.256        8.349   334.6     -0.072     -0.134      0.793     -0.188      0.569     -0.048
262.3500     -29981.614   -29989.691        8.077   323.8      0.278     -0.278      0.155     -0.120      0.334      0.726
262.4000     -29981.849   -29989.564        7.716   309.3     -0.294     -0.656     -0.937     -0.791      0.251     -0.681
262.4500     -29982.092   -29990.387        8.295   332.5     -1.280     -0.194     -0.298     -0.161     -0.401     -0.593
262.5000     -29981.815   -29990.344        8.529   341.9      0.539     -0.261      0.050      0.082      0.495      0.026
262.5500     -29981.629   -29989.592        7.962   319.2      0.372     -0.830     -0.028     -0.118     -0.191     -0.130
262.6000     -29982.022   -29989.773        7.751   310.7     -0.214      0.414      0.503     -0.207      0.760      0.313
262.6500     -29981.739   -29990.146        8.407   337.0      1.116     -0.118      0.251     -0.853     -0.489     -0.457
262.7000     -29981.679   -29989.248        7.569   303.4     -0.013      0.347     -0.024     -0.054      0.466      0.298
262.7500     -29980.828   -29989.645        8.816   353.4      0.250      0.398      0.234     -0.546      0.094      0.022
262.8000     -29980.274   -29988.859        8.585   344.1     -0.506     -0.329      0.869     -0.474     -0.040     -0.215
262.8500     -29980.075   -29988.557        8.481   340.0      0.686     -0.274      0.661      0.045     -0.196     -0.232
262.9000     -29980.071   -29988.541        8.471   339.5     -0.604     -0.711      0.210     -0.094     -0.248     -0.145
262.9500     -29979.897   -29988.703        8.806   353.0     -0.198     -0.187     -0.879     -0.208     -0.190     -0.199
263.0000     -29980.663   -29988.811        8.147   326.6     -0.381     -0.382      0.297     -0.218     -0.224     -0.375
263.0500     -29981.517   -29989.619        8.102   324.8     -0.046      0.494      0.615     -0.315     -0.195      0.131
263.1000     -29981.236   -29989.297        8.061   323.1     -0.367      0.009      0.018     -0.296     -0.338     -0.004
263.1500     -29981.557   -29989.850        8.292   332.4     -0.821      0.076      0.122      0.368     -0.411     -0.174
263.2000     -29981.206   -29989.447        8.242   330.4      0.092     -0.891     -0.260     -0.096      0.509     -0.008
263.2500     -29981.528   -29990.195        8.668   347.4     -0.818      0.047     -0.744      0.420      0.003     -0.399
263.3000     -29981.202   -29989.598        8.396   336.5     -0.001      0.272      0.361     -0.200     -0.088     -0.258
263.3500     -29981.178   -29989.746        8.569   343.5      1.025     -0.162      0.187     -0.182      0.221     -0.025
263.4000     -29981.142   -29989.176        8.034   322.0     -0.067     -0.670     -0.144      0.002     -0.100      0.468
263.4500     -29980.537   -29988.811        8.273   331.6     -0.970     -0.472     -0.576      0.821     -0.014     -0.401
263.5000     -29980.226   -29989.277        9.051   362.8      0.466     -0.599     -0.170      0.294      0.392      0.428
263.5500     -29980.094   -29988.434        8.340   334.3     -1.029     -0.239     -0.983     -0.185      0.291      0.138
263.6000     -29980.410   -29989.053        8.643   346.5      0.770      0.635      0.439     -0.231      0.104     -0.255
263.6500     -29980.323   -29988.541        8.218   329.4      0.543      0.265      0.735      0.707      0.143     -0.076
263.7000     -29980.415   -29988.900        8.486   340.1     -0.066      0.017      0.469     -0.460     -0.680     -0.003
263.7500     -29980.679   -29989.109        8.431   337.9     -0.387     -0.569     -1.037      0.274      0.340     -0.406
263.8000     -29980.123   -29988.301        8.177   327.8     -0.271     -0.759     -0.762      0.081      0.180      0.086
263.8500     -29979.858   -29987.617        7.759   311.0      0.968      0.338     -0.022     -0.124      0.404     -0.037
263.9000     -29979.605   -29988.473        8.868   355.5     -0.432     -0.494     -0.080     -0.350      0.076      0.620
263.9500     -29980.132   -29988.898        8.766   351.4     -0.543     -0.809     -0.490     -0.145      0.349     -0.034
264.0000     -29980.152   -29988.463        8.311   333.2     -0.072     -0.339     -0.766     -0.458     -0.446     -0.303
264.0500     -29980.197   -29989.135        8.938   358.3      0.242      0.555      1.287     -0.174     -0.654     -0.109
264.1000     -29980.203   -29988.191        7.988   320.2     -0.123      0.578     -0.057     -0.228     -0.116      0.472
264.1500     -29979.905   -29987.539        7.634   306.0     -0.498     -0.887     -0.117     -0.037      0.337      0.309
264.2000     -29979.794   -29988.287        8.493   340.4     -0.084      0.936      0.083     -0.644      0.095      0.272
264.2500     -29980.459   -29988.566        8.107   325.0      0.652      0.451     -0.165      0.451     -0.178      0.222
264.3000     -29980.222   -29988.602        8.379   335.9     -0.448      0.052     -0.429     -0.076      0.562     -0.014
264.3500     -29980.375   -29988.676        8.301   332.8     -0.017      0.690     -0.151     -0.509      0.080      0.176
264.4000     -29980.486   -29989.264        8.778   351.9     -0.025      0.243     -0.397      0.129      0.138      0.248
264.4500     -29980.544   -29988.697        8.153   326.8     -0.592      0.150      0.073      0.284     -0.014     -0.220
264.5000     -29980.874   -29989.611        8.737   350.2     -0.531     -0.093     -0.767     -0.075     -0.172     -0.375
264.5500     -29980.619   -29988.842        8.223   329.6      0.823     -1.094     -0.204      0.053     -0.349      0.070
264.6000     -29981.128   -29989.307        8.178   327.8      0.274      0.467     -0.232     -0.210      0.587      0.320
264.6500     -29980.696   -29989.611        8.915   357.4      0.242      0.097      0.390     -0.611      0.338      0.338
264.7000     -29980.810   -29989.246        8.436   338.1     -0.243     -0.222     -1.356     -0.242      0.252      0.015
264.7500     -29981.122   -29989.334        8.212   329.2     -0.014     -0.014     -0.389     -0.057     -0.240     -0.443
264.8000     -29980.764   -29989.191        8.428   337.8      0.408     -1.172     -0.681     -0.489      0.434      0.691
264.8500     -29980.778   -29988.801        8.023   321.6      0.030      0.570     -0.090     -0.182     -0.116     -0.045
264.9000     -29980.837   -29988.877        8.040   322.3     -0.501     -1.504     -1.492      0.128     -0.156      0.588
264.9500     -29981.093   -29988.865        7.772   311.6     -0.055     -0.152      0.018      0.265      0.091     -0.016
265.0000     -29980.613   -29989.098        8.485   340.1     -0.657     -0.622     -0.929     -0.104      0.278     -0.061
265.0500     -29981.335   -29989.182        7.847   314.5      0.058      0.808      0.143     -0.417      0.302     -0.412
265.1000     -29981.537   -29989.854        8.316   333.3     -0.001     -0.217     -0.586      0.348      0.252     -0.079
265.1500     -29981.805   -29989.893        8.087   324.2     -0.423     -0.125     -0.717      0.108     -0.527      0.220
265.2000     -29982.075   -29989.969        7.894   316.4     -0.050      0.010     -1.140     -0.786     -0.074     -0.163
265.2500     -29982.265   -29989.877        7.612   305.1     -0.561      0.327      1.066      0.196     -0.097      0.142
265.3000     -29982.135   -29989.727        7.592   304.3      0.045      0.569     -0.522     -0.036     -0.453     -0.565
265.3500     -29982.246   -29990.119        7.873   315.6     -0.447      0.075     -0.263     -0.412      0.540     -0.084
265.4000     -29981.862   -29989.877        8.015   321.3      0.635     -0.044     -0.467     -0.701     -0.183     -0.487
265.4500     -29981.812   -29989.998        8.186   328.1     -0.104      0.121      0.072      0.517     -0.301     -0.190
265.5000     -29982.041   -29989.676        7.635   306.0     -0.674      0.161     -0.891     -0.113      0.210      0.030
265.5500     -29981.912   -29989.814        7.903   316.8     -0.607     -0.265      0.715     -0.114     -0.492      0.206
265.6000     -29981.838   -29990.012        8.174   327.7     -0.906      0.416      0.301     -0.354     -0.050     -0.447
265.6500     -29982.260   -29989.152        6.893   276.3     -0.425     -0.568     -0.566      0.380      0.519      0.028
265.7000     -29982.454   -29989.701        7.247   290.5      0.466      0.381     -0.054     -0.037      0.524     -0.349
265.7500     -29982.384   -29989.752        7.368   295.3     -0.455      0.011     -0.045     -0.388     -0.229      0.062
265.8000     -29982.211   -29989.678        7.467   299.3     -0.700     -0.563     -0.084     -0.301     -0.099     -0.640
265.8500     -29982.215   -29990.006        7.790   312.3     -0.019     -0.195      0.386      0.391      0.406     -0.037
265.9000     -29982.222   -29990.262        8.040   322.3      0.235      0.033      0.117      0.226     -0.049     -0.244
265.9500     -29982.020   -29989.668        7.648   306.6      0.692      0.867      0.077      0.079     -0.252      0.260
266.0000     -29981.719   -29989.777        8.058   323.0      0.009      0.006     -0.149     -0.138      0.161      0.154
266.0500     -29981.115   -29989.385        8.269   331.5      0.305     -0.356      0.299     -0.124     -0.000      0.080
266.1000     -29980.888   -29989.178        8.289   332.3     -0.297      0.059      0.400      0.620      0.268     -0.138
266.1500     -29980.868   -29989.143        8.275   331.7     -0.005     -0.600     -0.198     -0.481     -0.061     -0.075
266.2000     -29981.601   -29989.752        8.151   326.7     -0.251     -0.111     -0.141      0.309     -0.284      0.031
266.2500     -29981.349   -29989.916        8.567   343.4     -0.378      0.504     -0.095     -0.131      0.704      0.006
266.3000     -29981.261   -29988.564        7.303   292.7      0.411      1.138      0.594     -0.245     -0.480      0.105
266.3500     -29981.511   -29989.266        7.755   310.9      0.127      0.212     -0.288     -0.085     -0.006     -0.490
266.4000     -29981.241   -29988.814        7.574   303.6     -0.484     -1.420      0.423      0.537      0.336      0.470
266.4500     -29980.939   -29989.082        8.143   326.4     -0.136      0.257      0.794      0.564      0.400     -0.425
266.5000     -29981.302   -29989.469        8.166   327.4      0.488      0.404      0.154     -0.058     -0.220      0.143
266.5500     -29981.558   -29989.727        8.169   327.5      0.806     -0.298      1.008      0.427      0.120      0.379
266.6000     -29981.767   -29989.404        7.637   306.1     -1.732     -0.953     -0.229     -0.069     -0.482     -0.006
266.6500     -29981.921   -29990.043        8.122   325.6     -0.165      0.488     -0.573      0.523      0.469      0.095
266.7000     -29982.032   -29989.754        7.722   309.5     -0.178     -0.388      0.064      0.030     -0.088     -0.001
266.7500     -29982.100   -29989.146        7.047   282.5     -0.236      0.364      0.515     -0.449      0.391      0.288
266.8000     -29981.992   -29989.646        7.655   306.8      0.321      0.164      0.605     -0.295     -0.354     -0.067
266.8500     -29981.568   -29989.191        7.624   305.6      0.229      0.350     -0.857      0.780      0.185     -0.244
266.9000     -29981.339   -29989.494        8.155   326.9      0.018      0.175     -0.698      0.043     -0.344     -0.174
266.9500     -29981.042   -29989.635        8.592   344.4      0.421     -0.438     -0.954      0.136      0.105      0.502
267.0000     -29981.551   -29989.689        8.138   326.2     -0.542     -0.313      0.168     -0.545     -0.204      0.285
267.0500     -29981.463   -29989.762        8.299   332.7     -0.052      0.874      0.177      0.294     -0.019     -0.132
267.1000     -29981.197   -29989.230        8.033   322.0      0.142     -0.376     -0.075      0.077     -0.230      0.640
267.1500     -29980.985   -29990.156        9.171   367.6     -1.038      0.049      0.505      0.589      0.170     -0.230
267.2000     -29981.395   -29989.828        8.433   338.0     -0.668     -0.913     -0.521      0.162      0.041      0.232
267.2500     -29981.568   -29989.566        7.998   320.6     -0.813     -0.095     -0.350      0.417     -0.389     -0.632
267.3000     -29981.665   -29989.883        8.218   329.4     -0.220      0.893     -0.400      0.084     -0.388      0.312
267.3500     -29981.792   -29989.789        7.997   320.6     -0.422     -1.237      0.379      0.164      0.038     -0.234
267.4000     -29981.812   -29990.412        8.600   344.7     -0.072     -0.259     -0.618     -0.914     -0.542     -0.213
267.4500     -29982.009   -29990.211        8.202   328.8      0.162      0.909      0.486      0.087      0.277      0.246
267.5000     -29981.677   -29988.971        7.294   292.4     -0.248      0.011     -0.167     -0.598      0.439     -0.571
267.5500     -29981.945   -29989.566        7.621   305.5      0.571      0.125      0.533      0.299     -0.092     -0.351
267.6000     -29981.543   -29990.461        8.918   357.5     -0.546      0.310     -0.631     -0.257     -0.158     -0.399
267.6500     -29981.657   -29989.596        7.939   318.2      0.343      0.099     -0.054     -0.013      0.251     -0.572
267.7000     -29981.461   -29988.949        7.488   300.2      0.061      0.262      0.101      0.026      0.381      0.039
267.7500     -29982.204   -29989.311        7.107   284.9      0.041     -0.444      0.340      0.514      0.172     -0.433
267.8000     -29981.540   -29990.219        8.679   347.9     -0.173     -0.363      1.436     -0.036      0.003      0.126
267.8500     -29981.572   -29989.869        8.297   332.6     -0.073     -0.038      0.612     -0.230     -0.897      0.217
267.9000     -29981.513   -29989.395        7.881   315.9     -0.060      0.454     -0.043      0.253     -0.228     -0.057
267.9500     -29981.359   -29989.668        8.309   333.1      0.144     -0.232      0.709      0.486     -0.058      0.499
268.0000     -29981.956   -29989.742        7.786   312.1      0.286     -0.192      0.029     -0.149      0.222      0.101
268.0500     -29981.475   -29989.242        7.767   311.3      1.019      0.352      0.499      0.354      0.039      0.444
268.1000     -29981.278   -29988.893        7.614   305.2      0.199     -0.135      1.360     -0.306      0.099      0.274
268.1500     -29981.335   -29989.150        7.816   313.3      0.878      1.259      0.730      0.270     -0.207      0.038
268.2000     -29981.447   -29989.477        8.030   321.9      0.193     -1.067      0.168      0.162     -0.186      0.142
268.2500     -29981.062   -29989.305        8.243   330.4     -0.586     -0.601     -0.525     -0.719     -0.528      0.021
268.3000     -29980.995   -29989.088        8.093   324.4      0.751     -0.338      0.106     -0.541      0.086     -0.156
268.3500     -29980.763   -29989.424        8.661   347.2     -0.266      0.692     -1.879      0.490      0.175      0.030
268.4000     -29980.529   -29988.936        8.406   337.0     -0.636     -0.649      0.137     -0.112     -0.266     -0.067
268.4500     -29980.476   -29988.920        8.444   338.5      1.272      0.034     -0.725     -0.244     -0.011     -0.359
268.5000     -29981.227   -29989.041        7.814   313.2      0.056      0.597      0.511     -0.496      0.446      0.098
268.5500     -29981.555   -29989.703        8.148   326.6     -0.079     -0.550      0.913     -0.365     -0.128      0.125
268.6000     -29981.574   -29989.951        8.377   335.8      0.616     -0.311     -0.022      0.760     -0.235     -0.378
268.6500     -29981.745   -29989.896        8.152   326.8     -0.433     -1.004      0.218     -0.676      0.290     -0.008
268.7000     -29981.999   -29989.145        7.146   286.4     -0.012     -0.349      0.351      0.408     -0.527     -0.544
268.7500     -29981.816   -29989.822        8.007   320.9     -0.210     -0.657     -0.606     -0.322      0.371     -0.317
268.8000     -29981.808   -29990.305        8.497   340.6      0.061     -0.153      0.233     -0.207     -0.192     -0.158
268.8500     -29981.549   -29990.279        8.731   350.0     -0.089     -0.829     -0.053      0.122     -0.370     -0.112
268.9000     -29981.256   -29989.988        8.732   350.0     -0.222     -1.224     -0.615     -0.522      0.386      0.379
268.9500     -29981.285   -29990.105        8.821   353.6     -1.114     -0.429     -0.723     -0.146     -0.580      0.716
269.0000     -29981.785   -29990.168        8.383   336.0     -0.182     -1.194     -0.800     -0.159     -0.214     -0.177
269.0500     -29982.103   -29989.910        7.807   312.9     -0.132      0.352      0.084      0.197     -0.156      0.399
269.1000     -29981.983   -29990.035        8.052   322.8      0.037     -0.140      0.215      0.290      0.016     -0.050
269.1500     -29982.064   -29990.070        8.007   320.9     -0.405     -0.443     -0.267      0.170     -0.154     -0.040
269.2000     -29982.263   -29990.043        7.780   311.8     -0.528     -0.886     -0.140     -0.021     -0.092     -0.494
269.2500     -29981.768   -29989.623        7.855   314.8      0.105     -0.273      0.442     -0.028      0.227     -0.011
269.3000     -29981.995   -29990.186        8.190   328.3     -0.232      1.108     -0.195      0.209     -0.515     -0.108
269.3500     -29981.323   -29989.363        8.040   322.3      1.062      0.352     -0.536      0.090      0.101      0.503
269.4000     -29981.000   -29988.580        7.580   303.8      0.327     -0.806     -0.161     -0.530      0.216     -0.198
269.4500     -29980.604   -29988.549        7.945   318.5      0.239      0.269     -0.141      0.298      0.029      0.231
269.5000     -29980.375   -29988.965        8.590   344.3     -0.397      0.289      0.098      0.205     -0.350     -0.657
269.5500     -29979.700   -29988.381        8.680   348.0     -0.052      0.153     -0.125     -0.373      0.007      0.014
269.6000     -29979.501   -29988.600        9.098   364.7     -0.237     -0.471      0.177     -0.126      0.318     -0.280
269.6500     -29979.225   -29988.164        8.939   358.3     -0.481      0.142     -0.065     -0.180      0.761      0.046
269.7000     -29979.048   -29987.865        8.817   353.4     -0.176      0.418      0.078      0.354     -0.038     -0.175
269.7500     -29978.881   -29987.834        8.953   358.9     -0.775      0.046      0.098     -0.559     -0.089      0.030
269.8000     -29978.954   -29987.854        8.899   356.7     -0.540     -0.488     -0.226     -0.291      0.092     -0.121
269.8500     -29979.269   -29987.379        8.110   325.1     -1.040     -0.706     -1.063     -0.035     -0.279     -0.034
269.9000     -29980.173   -29987.719        7.545   302.5     -0.396     -0.237     -0.325     -0.207      0.081     -0.323
269.9500     -29980.344   -29988.258        7.913   317.2     -0.121     -0.304     -0.867     -0.800      0.080      0.079
270.0000     -29980.952   -29988.551        7.599   304.6     -1.033     -0.101      0.099      0.387      0.411     -0.404
270.0500     -29980.544   -29988.570        8.026   321.7     -1.169      0.001     -1.238     -0.078      0.346      0.617
270.1000     -29981.039   -29989.449        8.410   337.1     -0.623     -0.034      0.211      0.090      0.453     -0.350
270.1500     -29981.246   -29989.256        8.010   321.1      0.541      0.342     -0.580      0.657     -0.020      0.500
270.2000     -29980.524   -29989.178        8.654   346.9     -1.299     -0.761     -0.638      0.178      0.072     -0.155
270.2500     -29980.806   -29989.043        8.237   330.2     -1.161     -0.561     -0.744      0.041     -0.211     -0.488
270.3000     -29980.471   -29988.359        7.888   316.2      0.320      0.940     -0.788     -0.042      0.390     -0.274
270.3500     -29980.647   -29988.289        7.642   306.3     -0.241     -0.347      0.845      0.445     -0.277     -0.051
270.4000     -29980.776   -29988.701        7.925   317.7      1.160     -0.162     -0.599      0.240      0.440      0.180
270.4500     -29980.886   -29989.078        8.193   328.4      0.815      0.547      0.323      0.014     -0.247      0.001
270.5000     -29980.756   -29989.512        8.755   351.0     -0.760      0.112     -0.521      0.367      0.432     -0.453
270.5500     -29980.914   -29989.361        8.448   338.6      0.082     -0.334     -0.329      0.229     -1.070      0.215
270.6000     -29980.932   -29988.682        7.749   310.6     -1.185     -0.175      0.393      0.249     -0.433     -0.209
270.6500     -29981.014   -29988.488        7.474   299.6      0.814     -0.582      0.962     -0.242      0.152      0.198
270.7000     -29981.039   -29988.957        7.918   317.4     -0.970      0.355      0.135      0.252      0.034      0.245
270.7500     -29981.502   -29989.568        8.067   323.4     -0.417     -0.461     -0.271      0.068     -0.076      0.011
270.8000     -29981.566   -29989.344        7.777   311.7      0.152     -0.958     -0.057     -0.003     -0.286      0.140
270.8500     -29981.748   -29989.012        7.264   291.2     -0.125     -0.131     -0.528     -0.027     -0.275     -0.002
270.9000     -29981.439   -29989.330        7.891   316.3     -0.711     -0.703     -0.253     -0.393     -0.625      0.034
270.9500     -29981.600   -29989.697        8.097   324.6     -0.989     -0.039     -1.166      0.814     -0.346      0.327
271.0000     -29981.591   -29990.145        8.553   342.9     -0.763     -0.967     -1.133     -0.178     -0.272     -0.302
271.0500     -29981.529   -29989.371        7.842   314.3      0.812     -0.331      0.056      0.213     -0.345     -0.150
271.1000     -29981.137   -29989.131        7.994   320.4     -0.088     -1.004      0.107     -0.799      0.534      0.226
271.1500     -29981.507   -29989.480        7.973   319.6     -0.101     -1.168     -0.582      0.417     -0.600      0.472
271.2000     -29981.512   -29989.750        8.238   330.2     -0.347     -1.271      0.049      0.066      0.040     -0.015
271.2500     -29981.302   -29989.482        8.180   327.9      0.132     -0.466      0.539      0.229     -0.216      0.058
271.3000     -29981.041   -29989.520        8.479   339.9     -0.512     -0.721     -0.297      0.175      0.358      0.001
271.3500     -29981.034   -29988.955        7.921   317.5     -0.038      0.294     -0.154     -0.326     -0.015     -0.335
271.4000     -29981.228   -29989.180        7.952   318.7      0.206     -0.488     -0.458      0.942      0.318      0.256
271.4500     -29980.991   -29989.043        8.052   322.8     -0.147     -0.530      0.042     -0.485     -0.310     -0.592
271.5000     -29981.991   -29989.719        7.727   309.7      0.032     -0.242      0.706      0.177      0.222     -0.293
271.5500     -29982.200   -29990.402        8.203   328.8      0.910     -0.230      0.637      0.099      0.317     -0.138
271.6000     -29982.646   -29990.645        7.999   320.6      0.689      0.372      0.609      0.325      0.356     -0.402
271.6500     -29982.402   -29990.232        7.830   313.9     -0.427     -0.831      0.246      0.136      0.257      0.271
271.7000     -29982.132   -29989.602        7.470   299.4     -0.693      0.250     -0.279     -0.183      0.113      0.076
271.7500     -29982.063   -29990.855        8.792   352.4     -1.125     -1.590     -1.336      0.174      0.109      0.341
271.8000     -29982.740   -29990.234        7.495   300.4     -1.469     -0.474     -1.005     -0.289      0.039      0.720
271.8500     -29982.688   -29990.502        7.814   313.2      0.212     -1.205     -0.754      0.076     -0.132     -0.033
271.9000     -29982.211   -29990.336        8.125   325.7     -0.900      0.067     -0.251     -0.042      0.365     -0.360
271.9500     -29981.953   -29989.955        8.002   320.8      0.063     -0.661     -0.558     -0.222      0.093      0.354
272.0000     -29982.009   -29990.400        8.392   336.4      0.167     -0.660     -0.609     -0.431      0.482      0.309
272.0500     -29981.847   -29990.012        8.164   327.3     -0.549     -0.815     -0.467      0.225      0.070     -0.139
272.1000     -29981.317   -29989.180        7.863   315.2     -0.748     -0.886     -0.496     -0.130      0.201      0.136
272.1500     -29981.077   -29989.312        8.236   330.1     -0.615     -0.585     -0.590     -0.192     -0.061      0.073
272.2000     -29981.438   -29989.986        8.549   342.7     -0.465      0.128     -0.132     -0.128      0.005     -0.016
272.2500     -29981.784   -29990.195        8.412   337.2      0.138     -0.836     -1.018     -0.913      0.333      0.024
272.3000     -29981.983   -29989.859        7.876   315.7     -0.521     -0.890      0.003     -0.095      0.310      0.346
272.3500     -29981.785   -29989.471        7.686   308.1      0.586      0.073      0.299      0.331     -0.455     -0.071
272.4000     -29981.551   -29989.990        8.439   338.3     -0.241     -0.257     -0.786      0.115      0.202     -0.301
272.4500     -29981.749   -29989.793        8.044   322.5      0.206     -0.711     -0.377      0.114      0.284      0.147
272.5000     -29982.032   -29989.799        7.767   311.3      0.354     -0.047     -1.319     -0.134     -0.085     -0.256
272.5500     -29981.577   -29989.979        8.401   336.8      0.399     -0.134     -0.121     -0.010      0.142      0.483
272.6000     -29981.906   -29989.783        7.877   315.8     -0.681     -0.416     -1.451      0.181     -0.190      0.632
272.6500     -29981.860   -29989.738        7.878   315.8      0.124     -0.998     -0.544     -0.281     -0.233      0.063
272.7000     -29981.664   -29989.422        7.758   311.0     -0.336     -0.272     -0.485      0.113      0.089     -0.109
272.7500     -29981.598   -29990.139        8.540   342.3      0.331     -0.425     -0.626     -0.160      0.735      0.213
272.8000     -29980.933   -29989.646        8.714   349.3     -0.208     -1.254     -0.153     -0.368      0.102     -0.820
272.8500     -29980.885   -29989.498        8.613   345.3     -0.509      0.373     -0.281     -0.268      0.106      0.027
272.9000     -29980.689   -29989.531        8.842   354.4      0.525     -0.495     -0.506     -0.377      0.297     -0.609
272.9500     -29980.415   -29989.154        8.739   350.3     -0.434     -0.430     -0.156     -0.496      0.150      0.233
273.0000     -29980.298   -29988.754        8.455   338.9     -0.289     -0.478     -0.507      0.861      0.338     -0.238
273.0500     -29980.318   -29988.752        8.434   338.1     -0.260     -0.536      0.542     -0.302      0.258      0.001
273.1000     -29980.413   -29988.764        8.351   334.7     -1.157      0.899     -1.035      0.210      0.380      0.286
273.1500     -29980.416   -29988.822        8.407   337.0     -0.636     -1.410     -0.013     -0.480     -0.213      0.575
273.2000     -29980.330   -29989.006        8.676   347.8     -0.156      0.453     -0.263      0.181      0.105     -0.393
273.2500     -29980.035   -29988.367        8.332   334.0      0.395     -0.783     -0.231     -0.219      0.070      0.199
273.3000     -29979.931   -29988.729        8.798   352.7      1.121      0.032      0.360     -0.581     -0.275     -0.230
273.3500     -29980.428   -29988.916        8.488   340.2     -0.004     -0.416     -0.353      0.144      0.461      0.239
273.4000     -29980.503   -29989.053        8.550   342.7     -0.339      0.422     -0.437      0.333      0.409      0.413
273.4500     -29980.702   -29988.688        7.986   320.1      0.435     -0.637     -0.215     -0.015      0.020      0.208
273.5000     -29980.617   -29989.424        8.807   353.0      0.401      0.649      0.140      0.372      0.511     -0.275
273.5500     -29980.638   -29989.150        8.512   341.2      0.127      0.585     -0.777      0.315     -0.309     -0.243
273.6000     -29980.487   -29988.799        8.311   333.2     -0.280     -0.724     -0.105      0.155      0.055     -0.532
273.6500     -29980.633   -29988.555        7.922   317.6      0.289     -0.518      0.298      0.336      0.041      0.033
273.7000     -29980.259   -29988.225        7.966   319.3     -0.779     -0.467     -1.135     -0.138      0.488      0.270
273.7500     -29979.846   -29989.305        9.459   379.2     -0.455     -0.607     -0.220     -0.763     -0.469      0.291
273.8000     -29980.204   -29989.027        8.823   353.7     -1.122     -0.106     -0.020      0.341      0.390     -0.353
273.8500     -29980.296   -29989.570        9.274   371.8      0.496     -0.419     -0.785      0.008     -0.499     -0.116
273.9000     -29980.258   -29988.730        8.472   339.6     -0.567     -0.186      0.094      0.267      0.111      0.163
273.9500     -29980.166   -29988.061        7.894   316.4     -0.450     -0.860     -0.068     -0.128      0.232     -0.296
274.0000     -29980.507   -29988.510        8.002   320.8      0.097     -1.024     -0.055      0.319     -0.060      0.528
274.0500     -29980.789   -29988.715        7.926   317.7      0.084     -0.554     -0.413     -0.151     -0.158     -0.071
274.1000     -29980.604   -29989.090        8.486   340.1     -0.509      0.463     -0.010      0.409      0.494      0.232
274.1500     -29980.562   -29989.102        8.539   342.3      0.021     -0.503     -0.959     -0.048     -0.350     -0.773
274.2000     -29981.026   -29988.785        7.759   311.0      0.333      0.190      0.556      0.140     -0.205      0.268
274.2500     -29981.264   -29988.859        7.595   304.5     -1.312     -0.716     -0.228     -0.250      0.268     -0.585
274.3000     -29981.238   -29989.730        8.493   340.4     -0.278     -0.473      0.064     -0.398      0.140      0.313
274.3500     -29980.908   -29989.086        8.178   327.8      0.277     -0.106      0.624      0.258     -0.316     -0.101
274.4000     -29980.727   -29989.598        8.870   355.6     -0.399     -1.157      0.083     -0.208     -0.070      0.193
274.4500     -29980.529   -29989.225        8.696   348.6      0.611     -0.076      0.239      0.229     -0.041      0.011
274.5000     -29981.064   -29989.041        7.977   319.8     -0.644     -0.439     -1.079      0.041     -0.309      0.090
274.5500     -29980.713   -29988.395        7.682   307.9     -0.354      0.538      0.790      0.064     -0.284     -0.311
274.6000     -29980.918   -29988.836        7.918   317.4      1.029      0.298      0.321     -0.063     -0.092     -0.317
274.6500     -29981.204   -29989.805        8.601   344.7     -0.055     -0.310      0.664      0.067      0.007      0.309
274.7000     -29980.898   -29989.633        8.735   350.1     -1.008     -0.360     -1.064     -0.501      0.155     -0.244
274.7500     -29980.213   -29988.781        8.568   343.4      0.788      0.027      0.666     -0.589      0.278      0.237
274.8000     -29980.840   -29989.758        8.918   357.5     -0.604      0.321     -0.249      0.494     -0.571      0.245
274.8500     -29980.188   -29988.877        8.689   348.3      0.176     -0.216     -0.171     -0.715      0.359      0.195
274.9000     -29980.177   -29988.076        7.899   316.6     -1.002      0.470     -0.598      0.233      0.283      0.292
274.9500     -29980.119   -29989.023        8.904   356.9     -0.379      0.167     -0.093      0.491      0.451     -0.437
275.0000     -29980.269   -29989.006        8.736   350.2     -0.204     -0.385      0.307     -0.178      0.063     -0.824
275.0500     -29979.958   -29988.520        8.561   343.2      0.429      1.274      1.036      0.354      0.210      0.300
275.1000     -29980.153   -29988.559        8.405   336.9      0.300      1.211     -0.044     -0.379      0.015      0.495
275.1500     -29979.917   -29988.395        8.478   339.8     -0.200      0.015     -0.079     -0.128      0.148      0.318
275.2000     -29980.049   -29988.447        8.398   336.6     -0.417     -0.216     -0.366     -0.427      0.158     -0.037
275.2500     -29979.718   -29988.611        8.894   356.5     -0.596     -0.068     -0.349     -0.058      0.168      0.333
275.3000     -29980.424   -29988.631        8.207   329.0     -0.128     -0.191     -0.792      0.168      0.118     -0.078
275.3500     -29980.048   -29988.598        8.549   342.7     -0.203     -0.007      1.838      0.105     -0.609     -0.676
275.4000     -29979.937   -29987.895        7.957   319.0     -0.033     -0.639     -0.183      0.046     -0.101      0.274
275.4500     -29980.181   -29987.604        7.422   297.5     -0.922     -1.106      0.132     -0.060     -0.427     -0.147
275.5000     -29980.447   -29988.500        8.053   322.8      0.016     -1.040      0.320     -0.034     -0.114     -0.283
275.5500     -29980.579   -29988.930        8.351   334.7     -0.805     -0.620     -0.520     -0.604      0.067      0.367
275.6000     -29980.785   -29989.260        8.474   339.7     -0.757      0.078     -0.403      0.179     -0.321     -0.364
275.6500     -29980.548   -29989.006        8.458   339.0      0.263      0.255      0.605     -0.163      0.215     -0.072
275.7000     -29980.091   -29987.922        7.831   313.9      0.001     -0.557     -1.204      0.086     -0.104      0.047
275.7500     -29980.453   -29988.031        7.578   303.8     -0.766     -0.384     -1.372     -0.457      0.338     -0.160
275.8000     -29980.525   -29987.945        7.420   297.4      0.966     -0.665     -0.900      0.053     -0.539     -0.257
275.8500     -29980.619   -29988.410        7.791   312.3      0.179      0.569     -0.003     -0.507      0.026     -0.060
275.9000     -29980.363   -29988.352        7.988   320.2      0.719      0.556      0.256      0.137     -0.496      0.011
275.9500     -29979.904   -29988.426        8.522   341.6      0.325     -0.278     -0.772     -0.111      0.335     -0.207
276.0000     -29980.050   -29988.936        8.885   356.2     -1.214      0.103      0.006      0.143      0.275      0.407
276.0500     -29979.944   -29988.252        8.308   333.0      0.372     -0.531     -0.410      0.031      0.366     -0.172
276.1000     -29980.394   -29988.332        7.938   318.2      0.215      0.772      0.761      0.401     -0.229      0.069
276.1500     -29981.072   -29989.467        8.395   336.5     -1.018     -0.466     -0.411      0.466      0.171     -0.095
276.2000     -29981.421   -29989.615        8.194   328.5      0.534      0.475     -0.452     -0.093     -0.292      0.223
276.2500     -29981.459   -29989.609        8.150   326.7      0.276      0.280      0.315      0.479      0.178     -0.413
276.3000     -29981.470   -29989.119        7.649   306.6     -0.922     -0.393     -0.877     -0.414      0.110     -0.060
276.3500     -29981.236   -29989.035        7.800   312.6     -0.076      0.455      0.148     -0.176     -0.083      0.304
276.4000     -29981.178   -29989.885        8.707   349.0      0.243      0.417      0.189      0.256      0.343     -0.437
276.4500     -29981.512   -29989.590        8.078   323.8      0.159     -0.278     -0.211     -0.027      0.595     -0.157
276.5000     -29982.058   -29989.855        7.797   312.5      0.675     -0.586      0.284      0.007     -0.122     -0.087
276.5500     -29981.751   -29990.402        8.651   346.8     -0.572      0.086     -1.025      0.044      0.343     -0.159
276.6000     -29981.855   -29989.820        7.966   319.3     -0.962     -1.764     -0.803     -0.425     -0.339     -0.135
276.6500     -29981.767   -29989.645        7.877   315.7     -0.829      0.469     -0.679     -0.248     -0.094     -0.046
276.7000     -29981.401   -29989.367        7.966   319.3      0.097     -0.413     -0.555     -0.117      0.184      0.134
276.7500     -29981.775   -29988.945        7.170   287.4     -0.399     -0.547     -0.079     -0.288      0.549     -0.070
276.8000     -29981.215   -29988.877        7.662   307.1     -0.825     -0.348     -1.058     -1.003      0.043      0.530
276.8500     -29980.981   -29989.342        8.361   335.1     -1.438     -0.635      0.093      1.033     -0.197     -0.291
276.9000     -29981.344   -29989.078        7.734   310.0     -0.603     -0.814     -1.044     -0.200      0.567      0.027
276.9500     -29980.741   -29989.430        8.688   348.3     -0.404     -1.184     -0.561     -0.576     -0.277      0.171
277.0000     -29981.011   -29989.641        8.630   345.9     -0.445     -0.589     -0.345      0.446     -0.040      0.335
277.0500     -29980.838   -29988.635        7.797   312.5      0.503     -0.474     -0.238     -0.144      0.062      0.220
277.1000     -29981.159   -29988.908        7.749   310.6      0.288      0.133     -0.472      0.497     -0.412      0.456
277.1500     -29981.079   -29989.453        8.374   335.7      0.478     -1.222     -0.589     -0.257      0.465     -0.588
277.2000     -29981.356   -29989.193        7.838   314.2     -0.121     -0.145     -0.105     -0.141     -0.153     -0.134
277.2500     -29981.567   -29989.299        7.732   309.9      0.762     -0.269     -0.608     -0.425     -0.295      0.112
277.3000     -29981.508   -29988.906        7.398   296.5      0.624     -1.024     -0.050     -0.903     -0.010     -0.021
277.3500     -29981.083   -29989.182        8.099   324.6     -0.027     -0.249     -0.231      0.479      0.362      0.095
277.4000     -29981.103   -29989.734        8.631   346.0     -0.125      0.440      0.473      0.470     -0.439      0.600
277.4500     -29980.903   -29988.775        7.872   315.6      0.879     -0.520     -0.365      0.115      0.378      0.390
277.5000     -29981.248   -29988.682        7.433   298.0     -0.549      0.046      0.348     -0.483     -0.188      0.031
277.5500     -29981.240   -29989.674        8.434   338.1      0.781      0.028      0.216      0.395      0.334      0.155
277.6000     -29980.470   -29988.793        8.323   333.6      0.158     -0.348     -0.033     -0.133      0.099      0.031
277.6500     -29980.191   -29988.809        8.618   345.4     -0.775      0.196      0.228      0.184     -0.057      0.465
277.7000     -29980.165   -29989.287        9.123   365.7     -0.085     -0.141      0.521     -0.488      0.399      0.063
277.7500     -29980.530   -29988.904        8.374   335.7     -0.751     -0.762     -1.106      0.204     -0.466     -0.607
277.8000     -29981.277   -29989.537        8.260   331.1      0.447     -0.398     -0.287      0.459      0.283      0.364
277.8500     -29981.664   -29989.732        8.069   323.4     -0.694      0.453     -0.212     -0.221      0.295      0.006
277.9000     -29981.913   -29989.438        7.524   301.6      1.103      0.206      0.344     -0.370      0.188     -0.177
277.9500     -29981.739   -29990.031        8.292   332.4     -0.979     -0.834     -0.915      0.150      0.149     -0.416
278.0000     -29981.996   -29989.744        7.748   310.6      0.899      0.127      0.058      0.099     -0.570      0.004
278.0500     -29982.438   -29989.576        7.138   286.1     -0.369     -0.236     -0.410     -0.169      0.173     -0.147
278.1000     -29982.824   -29989.832        7.008   280.9      0.534     -0.922     -0.930      0.659      0.211     -0.254
278.1500     -29982.164   -29990.100        7.935   318.1     -0.258      0.570     -0.041     -0.179     -0.571      0.453
278.2000     -29982.147   -29990.127        7.980   319.9      0.389      0.061      0.015     -0.297      0.110      0.039
278.2500     -29982.528   -29990.102        7.574   303.6     -0.500     -0.948     -0.914      0.722     -0.181     -0.516
278.3000     -29982.548   -29990.287        7.739   310.2      0.156      0.410      0.241     -0.345      0.165      0.793
278.3500     -29982.218   -29989.629        7.411   297.1     -0.041     -0.050     -1.050      0.710      0.316     -0.015
278.4000     -29982.292   -29990.287        7.995   320.5      0.744     -0.345      0.988     -0.359      0.593      0.235
278.4500     -29982.573   -29989.998        7.425   297.6      0.485      0.194     -0.078      0.075     -0.199      0.633
278.5000     -29982.502   -29990.287        7.786   312.1     -0.460     -0.502     -0.091     -0.073      0.232     -0.137
278.5500     -29983.131   -29990.484        7.354   294.8     -0.237     -0.335     -0.778      0.354     -0.255      0.262
278.6000     -29983.283   -29990.811        7.527   301.7     -0.513     -0.907     -1.064      0.100      0.193      0.041
278.6500     -29982.615   -29990.357        7.743   310.4     -1.071     -0.386      0.127     -0.217      0.476     -0.195
278.7000     -29982.471   -29990.084        7.613   305.2     -0.714     -0.467     -0.517      0.347     -0.042      0.211
278.7500     -29982.383   -29990.604        8.220   329.5     -0.235     -0.157      0.438      0.072      0.245     -0.100
278.8000     -29981.951   -29990.865        8.914   357.3     -0.866      0.212     -0.310      0.010      0.064     -0.534
278.8500     -29982.453   -29990.850        8.397   336.6      0.997     -0.465     -0.357     -0.209     -0.087      0.772
278.9000     -29982.911   -29990.807        7.896   316.5     -1.401     -0.624     -0.951      0.613      0.051     -0.216
278.9500     -29983.455   -29991.033        7.578   303.8     -1.175     -0.628     -0.729     -0.210      0.305      0.669
279.0000     -29983.604   -29990.414        6.810   273.0      0.051     -0.726     -0.681      0.701      0.048      0.057
279.0500     -29983.550   -29991.068        7.518   301.4      0.053     -0.054     -0.298     -0.213      0.081     -0.013
279.1000     -29983.786   -29990.936        7.149   286.6     -0.247     -0.949     -0.958      0.027     -0.117     -0.231
279.1500     -29983.936   -29991.867        7.931   317.9      0.146      0.326      0.556     -0.027      0.356      0.116
279.2000     -29983.504   -29991.133        7.629   305.8     -0.135     -1.249     -0.768     -0.482      0.258      0.107
279.2500     -29983.715   -29991.232        7.518   301.3      0.348     -0.062     -0.092      0.216     -0.448     -0.067
279.3000     -29983.506   -29991.541        8.035   322.1     -0.268      0.148      0.156      0.262     -0.052      0.330
279.3500     -29983.466   -29991.395        7.928   317.8     -1.184     -0.436     -0.151      0.133      0.284      0.429
279.4000     -29982.851   -29990.604        7.753   310.8     -0.317      0.062     -0.909     -0.321     -0.131     -0.361
279.4500     -29983.321   -29991.064        7.743   310.4     -1.040     -0.725      0.294      0.524     -0.338      1.418
279.5000     -29983.158   -29991.697        8.540   342.3     -0.377     -0.551     -0.703     -0.178     -0.314     -0.254
279.5500     -29983.603   -29991.381        7.778   311.8      0.515     -0.430     -0.018     -0.033      0.686      0.625
279.6000     -29983.330   -29990.973        7.643   306.4     -0.925      0.227     -0.016     -0.060     -0.234     -0.489
279.6500     -29983.660   -29990.721        7.061   283.0      0.321      0.204      0.752      0.549      0.593     -0.095
279.7000     -29983.247   -29991.068        7.821   313.5     -0.371     -0.987     -0.801     -0.409     -0.046     -0.308
279.7500     -29983.316   -29991.291        7.975   319.7     -0.714      0.036      0.095      0.505      0.041     -0.211
279.8000     -29983.502   -29991.172        7.670   307.4      0.414     -1.485      0.072      0.243      0.052      0.290
279.8500     -29983.233   -29990.770        7.536   302.1     -0.614     -0.087     -0.887     -0.125      0.202     -0.247
279.9000     -29983.369   -29991.062        7.693   308.4     -0.046     -1.612      0.276      0.440     -0.389     -0.295
279.9500     -29982.751   -29991.078        8.327   333.8      0.718     -0.626      0.059      0.188     -0.029     -0.108
280.0000     -29983.255   -29991.086        7.831   313.9     -0.679     -0.707     -0.492      0.060      0.044     -0.694
280.0500     -29982.888   -29991.133        8.245   330.5     -0.327     -1.012     -0.365     -0.062     -0.118     -0.356
280.1000     -29982.862   -29990.588        7.726   309.7     -0.315     -0.001     -0.310     -0.097      0.521     -0.254
280.1500     -29982.909   -29990.242        7.334   294.0     -0.246     -0.143     -0.650      0.431     -0.308      0.705
280.2000     -29982.708   -29990.467        7.758   311.0      0.300     -1.074     -1.183      0.088      0.614     -0.173
280.2500     -29982.891   -29991.020        8.128   325.8     -0.236     -0.486     -1.317      0.046     -0.343     -0.165
280.3000     -29982.476   -29990.805        8.328   333.8     -0.208     -1.037      0.140      0.144      0.034     -0.924
280.3500     -29982.571   -29989.891        7.319   293.4     -0.424     -0.266     -0.396     -0.249     -0.132      0.115
280.4000     -29982.155   -29989.525        7.370   295.4      0.123     -0.841      0.164      0.620     -0.248      0.015
280.4500     -29981.894   -29989.660        7.766   311.3     -0.304      0.194      0.463      0.026     -0.095     -0.189
280.5000     -29981.502   -29989.773        8.272   331.6     -0.388      0.127     -0.277      0.443      0.268     -0.610
280.5500     -29981.551   -29989.660        8.109   325.0      0.117     -0.861      0.338      0.304     -0.090      0.769
280.6000     -29981.581   -29989.746        8.165   327.3     -0.557     -2.487     -0.796      0.128      0.291     -0.408
280.6500     -29981.842   -29989.400        7.559   303.0     -1.125     -1.477     -0.059      0.069     -0.223     -0.010
280.7000     -29982.281   -29990.266        7.984   320.1      0.612      0.362     -0.443     -0.272      0.242     -0.412
280.7500     -29981.885   -29989.906        8.021   321.5      0.050     -0.015     -0.323      0.022      0.051     -0.034
280.8000     -29982.264   -29990.383        8.119   325.4     -0.421     -0.686     -0.832      0.288      0.210     -0.242
280.8500     -29981.678   -29989.871        8.193   328.4     -0.141     -0.288     -0.647      0.107     -0.381      0.236
280.9000     -29981.441   -29989.781        8.341   334.3     -0.709     -0.449     -0.845      0.059     -0.360      0.038
280.9500     -29981.904   -29990.049        8.145   326.5     -1.249     -0.580     -0.489      0.282      0.906     -0.376
281.0000     -29981.690   -29989.889        8.199   328.7      0.086      0.165     -0.064     -0.256      0.225     -0.457
281.0500     -29981.771   -29989.701        7.931   317.9     -1.449     -1.113     -0.215      0.254     -0.095      0.124
281.1000     -29981.610   -29989.297        7.687   308.1     -0.310     -1.459     -0.572     -0.222      0.393      0.515
281.1500     -29981.398   -29989.766        8.368   335.4     -0.753     -0.097      0.635     -0.269     -0.178     -0.881
281.2000     -29981.327   -29989.924        8.597   344.6     -0.534     -0.569     -0.128      0.210      0.231      0.001
281.2500     -29980.802   -29989.900        9.099   364.7     -0.408     -0.094     -0.664     -0.441      0.419     -0.268
281.3000     -29981.499   -29990.170        8.671   347.6     -0.707     -0.525     -0.884     -0.158     -0.256      0.092
281.3500     -29981.634   -29989.951        8.317   333.4     -0.941     -1.366      0.144      0.264     -0.049      0.248
281.4000     -29981.996   -29990.010        8.014   321.2     -0.414     -0.831      0.066      0.218      0.035     -0.244
281.4500     -29982.086   -29989.705        7.619   305.4     -1.023     -0.727      0.081      0.501     -0.026     -0.056
281.5000     -29982.666   -29990.029        7.363   295.2     -0.348     -0.933     -0.767     -0.146     -0.109      0.073
281.5500     -29982.401   -29990.121        7.720   309.5      0.330     -1.420      0.216     -0.126     -0.346      0.538
281.6000     -29982.283   -29989.932        7.648   306.6     -0.533      0.382     -0.179      0.270      0.707      0.015
281.6500     -29982.201   -29990.473        8.272   331.6      0.217      0.149     -0.083      0.040     -0.683      0.042
281.7000     -29982.064   -29990.070        8.006   320.9      0.019      0.001      1.305      0.103     -0.166      0.233
281.7500     -29982.537   -29990.039        7.502   300.7      0.416     -0.160      0.651      0.054      0.068      0.046
281.8000     -29982.318   -29989.760        7.441   298.3      0.092      0.124      0.060     -0.379      0.322     -0.735
281.8500     -29982.546   -29989.586        7.040   282.2     -0.081     -0.267     -0.378     -0.182      0.331      0.091
281.9000     -29982.611   -29990.164        7.553   302.8     -1.040      0.846      0.395      0.284     -0.172     -0.125
281.9500     -29982.319   -29990.236        7.917   317.4     -1.480     -0.447     -0.080     -0.216      0.053      0.384
282.0000     -29981.862   -29990.203        8.341   334.3      0.281     -0.669     -0.726     -0.394      0.263     -0.381
282.0500     -29981.868   -29989.887        8.018   321.4     -0.450     -0.900     -0.878      0.356     -0.106      0.099
282.1000     -29981.391   -29989.555        8.164   327.2     -0.504      0.102     -0.638     -0.030      0.033     -0.316
282.1500     -29981.035   -29989.316        8.282   332.0     -0.299      0.005      1.234     -0.499     -0.277     -0.257
282.2000     -29980.693   -29989.357        8.664   347.3      0.124     -0.157     -0.767     -0.127      0.002     -0.131
282.2500     -29981.166   -29989.393        8.227   329.8     -0.010     -0.254     -0.479     -0.196      0.053     -0.280
282.3000     -29981.013   -29989.232        8.219   329.5      0.399      0.734      0.508      0.143     -0.769     -0.412
282.3500     -29980.769   -29989.035        8.266   331.3     -0.038     -1.114     -0.546     -0.304      0.421     -0.129
282.4000     -29980.643   -29988.781        8.138   326.2     -0.894     -0.518     -0.982     -0.218     -0.827      0.738
282.4500     -29980.692   -29988.553        7.861   315.1      0.214     -1.270     -0.486     -0.420     -0.201     -0.328
282.5000     -29980.387   -29988.246        7.859   315.0     -0.472      0.376     -0.555     -0.617     -0.508      0.146
282.5500     -29980.311   -29988.373        8.062   323.1      0.290     -0.062     -0.798      0.485      0.012      0.113
282.6000     -29980.084   -29988.336        8.251   330.8      0.387     -0.096      0.095     -0.463      0.074     -0.289
282.6500     -29979.817   -29988.869        9.053   362.9     -0.636     -0.719     -0.437      0.618     -0.342      0.122
282.7000     -29980.261   -29989.830        9.569   383.6     -0.861     -0.313     -0.615     -0.620      0.281      0.204
282.7500     -29980.386   -29989.512        9.126   365.8      0.469     -0.093      0.106      0.424      0.341      0.368
282.8000     -29980.742   -29989.508        8.766   351.4     -0.302     -0.090      0.342     -0.188      0.244     -0.294
282.8500     -29980.248   -29989.318        9.071   363.6     -0.320     -0.538      0.522     -0.312     -0.022      0.775
282.9000     -29980.207   -29988.379        8.172   327.6     -0.462     -0.848     -0.502      0.154      0.360     -0.278
282.9500     -29980.453   -29988.971        8.518   341.4      0.177      0.125     -0.663     -0.694     -0.088      0.342
283.0000     -29980.177   -29988.664        8.487   340.2     -0.540     -0.144     -0.659     -0.240      0.108      0.255
283.0500     -29979.980   -29988.508        8.527   341.8     -0.125     -0.476     -0.921     -0.189     -0.115     -0.432
283.1000     -29980.405   -29989.133        8.728   349.8     -0.662     -0.576     -0.554      0.018      0.097      0.503
283.1500     -29980.804   -29989.734        8.931   358.0     -0.725     -0.111     -0.656     -0.523      0.209      0.400
283.2000     -29980.686   -29988.771        8.085   324.1     -1.336     -0.753     -0.049     -0.145     -0.292      0.197
283.2500     -29980.197   -29988.793        8.596   344.6     -0.371     -0.446     -0.672     -0.544     -0.242     -0.518
283.3000     -29980.250   -29988.533        8.283   332.0     -1.753      0.212      0.210     -0.225     -0.248      0.148
283.3500     -29980.676   -29989.516        8.840   354.3     -0.729     -0.967     -0.192     -0.191     -0.248     -0.183
283.4000     -29980.562   -29988.850        8.287   332.2     -0.346     -0.556     -0.819     -0.475     -0.057      0.481
283.4500     -29980.813   -29989.152        8.339   334.3     -0.792     -0.950     -0.630      0.144      0.119     -0.220
283.5000     -29981.220   -29988.791        7.571   303.5     -0.450     -1.319     -0.765     -0.389      0.234      0.382
283.5500     -29981.335   -29989.998        8.663   347.3     -0.375      0.426      0.351     -0.422     -0.257     -0.106
283.6000     -29981.697   -29990.018        8.320   333.5     -0.230      0.597     -0.211      0.201     -0.020     -0.743
283.6500     -29982.185   -29990.193        8.008   321.0      0.121     -0.363     -0.646      0.104      0.135      0.443
283.7000     -29981.357   -29989.293        7.936   318.1     -0.660     -0.652     -0.217     -0.307     -0.130     -0.343
283.7500     -29981.297   -29989.875        8.578   343.8     -0.536      0.294     -0.681     -0.221     -0.227      0.127
283.8000     -29981.328   -29989.244        7.916   317.3     -0.086      0.422      0.275      0.129      0.047      0.006
283.8500     -29981.741   -29989.270        7.529   301.8     -0.623     -0.052     -0.088     -0.249     -0.197     -0.143
283.9000     -29981.727   -29989.918        8.191   328.3     -0.186      0.190     -0.333      0.037     -0.398     -0.040
283.9500     -29981.972   -29991.098        9.126   365.8      0.136     -0.771     -0.422      0.021     -0.046     -0.474
284.0000     -29981.879   -29990.008        8.129   325.8     -0.193     -0.826     -1.598      0.170     -0.128     -0.159
284.0500     -29981.971   -29990.633        8.662   347.2     -0.444     -1.121     -1.212     -0.452      0.082      0.427
284.1000     -29981.138   -29989.965        8.826   353.8     -0.329     -0.216     -0.071     -0.166     -0.418     -0.138
284.1500     -29981.195   -29989.611        8.416   337.3      1.170     -0.484     -0.580     -0.257      0.245      0.276
284.2000     -29981.822   -29989.998        8.176   327.7     -0.364     -0.437     -0.341      0.339      0.253      0.149
284.2500     -29981.408   -29989.910        8.502   340.8     -0.149     -0.105     -0.096      0.049     -0.599     -0.191
284.3000     -29981.739   -29989.604        7.865   315.3      0.471      0.185     -0.761     -0.109      0.408     -0.100
284.3500     -29981.679   -29989.676        7.997   320.6     -0.583      0.009     -0.618     -0.140     -0.504      0.461
284.4000     -29981.337   -29989.408        8.071   323.5      0.077      0.720      0.707     -0.076      0.168     -0.188
284.4500     -29981.066   -29988.760        7.694   308.4     -0.029      0.581      0.317      0.069      0.153     -0.306
284.5000     -29980.691   -29988.266        7.574   303.6      0.099      0.078      0.557      0.061     -0.608      0.031
284.5500     -29980.668   -29988.240        7.572   303.5      0.607      0.216      0.405     -0.025     -0.412     -0.342
284.6000     -29980.715   -29988.764        8.049   322.6      0.478     -0.208      0.362     -0.308      0.072      0.096
284.6500     -29980.228   -29988.211        7.983   320.0      0.020      0.510     -0.139     -0.179     -0.304      0.020
284.7000     -29979.690   -29988.891        9.200   368.8     -0.943     -0.580      0.069      0.037     -0.269     -0.244
284.7500     -29979.758   -29988.641        8.882   356.0     -0.825     -0.972     -0.729     -0.064     -0.231     -0.015
284.8000     -29979.945   -29989.004        9.059   363.1     -0.132     -0.402      0.093     -0.425      0.381     -0.129
284.8500     -29979.778   -29988.590        8.812   353.2     -0.159     -0.490     -1.176      0.127      0.223      0.618
284.9000     -29979.519   -29988.412        8.893   356.5      0.759      0.110     -0.601      0.078      0.225      0.137
284.9500     -29979.557   -29988.938        9.380   376.0     -0.410     -0.900      0.294     -0.113      0.336      0.097
285.0000     -29979.441   -29988.598        9.157   367.0     -0.728     -0.142      0.553      0.643     -0.031      0.327
285.0500     -29980.187   -29988.539        8.352   334.8     -0.148     -0.327     -0.499     -0.585      0.184     -0.208
285.1000     -29979.880   -29988.824        8.944   358.5     -0.744     -0.392     -0.247      0.102      0.003      0.917
285.1500     -29980.491   -29988.693        8.203   328.8     -0.138      0.177      0.175     -0.277     -0.006     -0.596
285.2000     -29980.698   -29989.330        8.632   346.0     -0.221     -0.060     -0.217     -0.083     -0.062      0.125
285.2500     -29980.569   -29989.012        8.443   338.4     -0.124     -0.709      0.087      0.548      0.019     -0.101
285.3000     -29980.425   -29989.354        8.929   357.9     -0.127     -0.340      0.363      0.378     -0.272      0.349
285.3500     -29980.448   -29990.150        9.702   388.9     -0.042      0.237      0.242     -0.136      0.093      0.255
285.4000     -29980.272   -29988.818        8.546   342.6     -0.549     -1.265      0.402     -0.034     -0.207     -0.334
285.4500     -29980.549   -29989.404        8.855   354.9     -0.374      0.093     -0.647      0.251      0.875     -0.216
285.5000     -29980.016   -29988.592        8.576   343.7     -0.897     -0.144     -0.701     -0.073     -0.046      0.384
285.5500     -29980.180   -29988.906        8.726   349.8     -0.590     -1.624     -0.104     -0.026      0.097      0.161
285.6000     -29980.331   -29988.264        7.932   318.0     -0.399     -0.515     -0.611      0.189      0.327     -0.686
285.6500     -29980.418   -29988.088        7.670   307.5     -0.468     -0.789      0.117     -0.391      0.027      0.525
285.7000     -29980.843   -29988.682        7.839   314.2     -0.434      0.185     -0.716      0.002      0.100     -0.152
285.7500     -29980.859   -29989.068        8.209   329.1     -0.691     -0.040      0.476      0.141      0.648      0.180
285.8000     -29980.748   -29988.748        8.000   320.7     -0.465      0.200     -0.085      0.257      0.029     -0.029
285.8500     -29980.601   -29989.010        8.409   337.1      0.212     -0.231     -0.468      0.135     -0.135      0.016
285.9000     -29980.843   -29989.852        9.008   361.1     -0.767      0.075      0.401     -0.184      0.317      0.194
285.9500     -29981.380   -29989.678        8.298   332.6      0.585     -0.095      0.104      0.179     -0.245     -0.385
286.0000     -29981.219   -29988.848        7.629   305.8     -0.454     -0.252     -0.302     -0.039     -0.086     -0.298
286.0500     -29981.799   -29989.256        7.457   298.9      0.426      0.330      0.138      0.035     -0.451      0.086
286.1000     -29982.067   -29989.455        7.389   296.2      0.121     -0.364     -0.821      0.059     -0.479      0.337
286.1500     -29981.510   -29989.264        7.754   310.8      0.034      0.498      0.669      0.169     -0.104      0.325
286.2000     -29980.785   -29988.852        8.066   323.3     -1.072     -0.076     -0.410     -0.242     -0.557      0.120
286.2500     -29980.945   -29988.965        8.020   321.5     -0.054      0.404      0.541      0.324     -0.037      0.030
286.3000     -29980.591   -29988.742        8.151   326.7      0.004     -0.061     -0.782     -0.274      0.137     -0.437
286.3500     -29979.830   -29988.275        8.446   338.5     -0.745     -0.992     -0.398     -0.295     -0.216      0.547
286.4000     -29979.990   -29988.781        8.791   352.4      0.764      0.314     -0.328     -0.078     -0.232     -0.392
286.4500     -29979.675   -29987.732        8.058   323.0     -0.584     -0.466     -1.157      0.271     -0.349      0.786
286.5000     -29979.798   -29988.537        8.739   350.3     -0.240      0.607      0.555     -0.189     -0.498      0.339
286.5500     -29979.821   -29988.311        8.490   340.3     -0.359     -0.790     -1.047     -0.275      0.142     -0.209
286.6000     -29979.900   -29987.969        8.068   323.4     -1.200     -0.813     -1.083      0.008      0.237     -0.484
286.6500     -29980.421   -29988.723        8.302   332.8      0.364     -0.293     -0.217      0.294     -0.100      0.573
286.7000     -29980.668   -29988.754        8.086   324.1      0.478     -0.040      0.787     -0.703     -0.196     -0.374
286.7500     -29981.316   -29989.270        7.954   318.8     -1.080     -0.339     -0.849     -0.172     -0.074     -0.005
286.8000     -29981.368   -29989.262        7.894   316.4     -0.393     -0.962     -1.696     -0.007     -0.315     -0.054
286.8500     -29981.328   -29989.816        8.488   340.2     -0.468     -0.245     -1.152      0.594     -0.368      0.207
286.9000     -29981.190   -29989.092        7.902   316.7     -0.558     -0.584     -0.195     -0.012     -0.462      0.026
286.9500     -29981.026   -29989.070        8.044   322.4     -0.516     -0.379     -0.339      0.828     -0.711     -0.004
287.0000     -29980.849   -29988.930        8.081   323.9      0.031     -0.243     -0.190     -0.443     -0.156      0.191
287.0500     -29981.277   -29989.354        8.076   323.7     -0.679     -0.376     -0.186     -0.360      0.280     -0.252
287.1000     -29981.287   -29989.361        8.074   323.7     -0.260     -0.038      0.019      0.179     -0.203     -0.267
287.1500     -29980.728   -29988.730        8.002   320.8      0.934      0.695     -0.035      0.232     -0.274     -0.065
287.2000     -29981.129   -29988.883        7.754   310.8     -0.056     -0.424      0.048      0.123     -0.387      0.055
287.2500     -29980.777   -29988.180        7.402   296.7      0.143      0.672      0.115      0.016      0.386     -0.307
287.3000     -29980.566   -29989.332        8.766   351.4      0.331      0.217      0.321      0.272     -0.486      0.332
287.3500     -29980.418   -29988.150        7.733   310.0      0.064     -1.299     -0.294     -0.907      0.006     -0.264
287.4000     -29980.483   -29988.406        7.923   317.6     -0.507     -0.624     -0.906      0.220      0.137     -0.325
287.4500     -29980.130   -29989.076        8.946   358.6     -0.478     -0.092      0.131      0.491      0.018     -0.556
287.5000     -29979.891   -29988.172        8.280   331.9     -0.488      0.426     -0.216      0.189     -0.603     -0.003
287.5500     -29979.849   -29988.650        8.802   352.8     -0.164      0.532      0.855     -0.266      0.665     -0.063
287.6000     -29979.991   -29988.297        8.306   332.9      0.530      0.812      0.284      0.497      0.454      0.080
287.6500     -29980.028   -29988.779        8.751   350.8     -0.690      0.201      0.376      0.127      0.124      0.078
287.7000     -29979.672   -29988.199        8.527   341.8     -0.274      0.058     -0.195      0.241      0.055     -0.235
287.7500     -29979.516   -29988.432        8.916   357.4      0.386     -0.052      0.269     -0.431      0.239      0.420
287.8000     -29979.484   -29989.098        9.614   385.4     -0.006     -0.772      0.589      0.085      0.239     -0.585
287.8500     -29979.547   -29987.500        7.953   318.8     -0.883     -0.303      0.348      0.868      0.266     -0.009
287.9000     -29979.381   -29988.467        9.086   364.2      0.313     -1.008     -0.471     -0.537     -0.144     -0.095
287.9500     -29979.606   -29987.920        8.314   333.3      0.189      0.497      0.707      0.528      0.497     -0.056
288.0000     -29979.361   -29987.229        7.868   315.4     -0.733      0.593     -0.098     -0.699      0.245     -0.267
288.0500     -29979.702   -29987.572        7.871   315.5      0.205      0.551      0.077     -0.391     -0.009      0.327
288.1000     -29979.389   -29987.932        8.543   342.4     -0.845     -0.036     -1.121     -0.215     -0.277     -0.160
288.1500     -29978.799   -29987.949        9.151   366.8     -0.699     -0.709      0.180      0.005     -0.195     -0.209
288.2000     -29979.016   -29988.164        9.148   366.7     -0.619     -0.148     -1.002      0.531      0.089     -0.211
288.2500     -29979.059   -29987.898        8.840   354.3      0.806     -0.917      0.444     -0.211      0.173      0.165
288.3000     -29978.717   -29986.846        8.129   325.8     -0.053     -0.346     -0.085      0.131      0.914     -0.150
288.3500     -29978.993   -29987.447        8.455   338.9     -0.240     -0.255     -0.267     -0.074     -0.196     -0.025
288.4000     -29979.254   -29987.820        8.566   343.4     -1.415     -0.977      0.468     -0.289     -0.327     -0.426
288.4500     -29979.976   -29988.354        8.377   335.8      0.494      0.873      0.011     -0.346     -0.305     -0.156
288.5000     -29980.001   -29988.713        8.712   349.2      0.087      0.244      0.454     -0.073      0.330     -0.129
288.5500     -29980.046   -29988.281        8.235   330.1      0.045      0.854      0.059     -0.040     -0.083      0.630
288.6000     -29980.475   -29988.857        8.383   336.0     -0.254     -1.306     -0.597      0.028      0.410     -0.081
288.6500     -29980.304   -29988.549        8.244   330.5      0.214      0.401      0.507      0.098      0.032     -0.109
288.7000     -29979.867   -29988.562        8.695   348.5     -1.431      0.098      0.015      0.038     -0.197     -0.183
288.7500     -29980.038   -29987.883        7.845   314.5      0.189     -0.430      0.236     -0.054      0.610      0.330
288.8000     -29980.198   -29988.436        8.237   330.2      0.869      0.489      0.801     -0.268     -0.097      0.514
288.8500     -29980.805   -29988.502        7.697   308.5     -0.142      0.293      0.066      0.669      0.401      0.137
288.9000     -29980.863   -29989.291        8.428   337.8      0.024      0.328     -0.103     -0.306     -0.315      0.029
288.9500     -29980.281   -29988.199        7.918   317.4     -0.080     -0.327     -0.154      0.357      0.440     -0.252
289.0000     -29980.404   -29988.943        8.539   342.3     -0.921      0.091     -0.375      0.750     -0.311     -0.106
289.0500     -29980.743   -29989.246        8.503   340.9      0.072     -0.708     -0.182     -0.576     -0.179      0.001
289.1000     -29981.042   -29988.750        7.708   309.0     -0.437      0.702     -1.212      0.243      0.304      0.077
289.1500     -29980.956   -29988.896        7.940   318.3     -0.062      0.203      0.723      0.276      0.546     -0.003
289.2000     -29981.249   -29989.182        7.933   318.0      0.064      0.534      0.000     -0.282     -0.245      0.235
289.2500     -29981.138   -29989.182        8.043   322.4     -1.245     -0.315     -0.675     -0.102      0.453     -0.079
289.3000     -29981.074   -29988.969        7.895   316.5     -0.101     -0.752     -0.547      0.220     -0.294     -0.409
289.3500     -29981.273   -29989.199        7.926   317.7     -0.039      0.251      0.880     -0.066      0.370     -0.097
289.4000     -29981.336   -29988.795        7.459   299.0     -0.168     -0.445     -0.242      0.107     -0.263      0.239
289.4500     -29981.422   -29989.373        7.951   318.7     -0.795     -0.403      0.476      0.051      0.518     -0.533
289.5000     -29982.058   -29989.139        7.081   283.8     -0.176     -0.042     -0.257      0.030     -0.834     -0.330
289.5500     -29981.322   -29989.088        7.766   311.3      0.065     -0.200     -0.606      0.179      0.256     -0.131
289.6000     -29981.203   -29989.355        8.152   326.8     -0.602     -0.675     -0.224      0.256      0.191      0.112
289.6500     -29981.522   -29989.529        8.007   321.0      0.717     -0.261     -0.222     -0.329      0.021     -0.319
289.7000     -29981.399   -29989.490        8.091   324.3     -0.418     -0.005      0.323      0.397      0.410     -1.175
289.7500     -29980.902   -29988.934        8.032   322.0      0.126      0.009     -0.285     -0.421     -0.536     -0.387
289.8000     -29980.935   -29988.930        7.994   320.5     -0.823     -1.221     -0.924     -0.484      0.576     -0.706
289.8500     -29980.771   -29988.885        8.114   325.3     -0.122     -1.034     -0.298      0.195     -0.060      0.222
289.9000     -29980.772   -29988.812        8.040   322.3      0.131     -0.619     -1.110      0.182      0.019     -0.088
289.9500     -29980.200   -29988.727        8.527   341.8     -0.354     -0.064      0.169     -0.016      0.261      0.141
290.0000     -29980.221   -29988.414        8.193   328.4     -0.756      0.174     -0.614     -0.067     -0.114     -0.507
290.0500     -29980.012   -29988.371        8.359   335.1      0.196     -0.040     -0.867     -0.611     -0.147      0.647
290.1000     -29979.342   -29988.426        9.084   364.1     -0.810      0.421      0.096      0.341      0.328     -0.762
290.1500     -29979.413   -29988.215        8.801   352.8      0.910      0.465     -0.707     -0.470     -0.170      0.396
290.2000     -29979.216   -29987.855        8.639   346.3      0.046      0.268      0.463     -0.280     -0.181     -0.073
290.2500     -29979.568   -29987.691        8.124   325.6      0.441     -0.175     -0.855     -0.470     -0.299      0.201
290.3000     -29979.254   -29987.291        8.037   322.2     -0.161      0.144      0.397      0.388     -0.260      0.685
290.3500     -29980.108   -29988.355        8.248   330.6     -0.129     -0.696     -0.510      0.382      0.021     -0.180
290.4000     -29979.295   -29987.596        8.301   332.7     -0.447     -0.036     -0.444      0.264     -0.392     -0.249
290.4500     -29979.982   -29988.488        8.506   341.0     -1.332     -0.764     -1.128     -0.160      0.338      0.191
290.5000     -29979.748   -29987.725        7.977   319.8      0.364     -0.486      0.448      0.090     -0.774      0.060
290.5500     -29979.678   -29988.158        8.480   339.9     -0.078     -0.222      0.380      0.230      0.343      0.054
290.6000     -29980.106   -29988.762        8.656   347.0     -0.043     -0.596     -0.390      0.081     -0.241      0.340
290.6500     -29979.784   -29988.330        8.546   342.6     -0.314     -1.291     -0.713     -0.006      0.260      0.120
290.7000     -29979.730   -29988.400        8.670   347.5     -0.499     -0.582     -0.273      0.116     -0.047     -0.141
290.7500     -29979.618   -29988.645        9.027   361.8      0.065     -0.495      0.876      0.314     -0.353      0.054
290.8000     -29980.323   -29988.600        8.277   331.8      0.815     -0.680      0.053      0.084     -0.083      0.629
290.8500     -29980.260   -29988.393        8.133   326.0     -0.275     -1.300     -0.527     -0.787      0.069      0.019
290.9000     -29980.101   -29989.158        9.057   363.0     -0.193      0.006     -0.601      0.983      0.265      0.201
290.9500     -29979.860   -29988.066        8.207   329.0     -0.164      0.603      0.249     -0.399     -0.151     -0.417
291.0000     -29979.202   -29987.428        8.226   329.7     -0.227     -0.818      0.024      0.261     -0.342     -0.348
291.0500     -29979.419   -29987.328        7.910   317.1     -0.627     -0.711     -0.139      0.294      0.022     -0.111
291.1000     -29978.980   -29987.363        8.384   336.1     -0.634     -0.432     -0.426     -0.191      0.333     -0.171
291.1500     -29978.618   -29987.527        8.909   357.1     -0.670     -0.145     -0.522     -0.129     -0.197      0.417
291.2000     -29979.607   -29987.609        8.003   320.8      0.050     -0.321     -0.435     -0.045     -0.268     -0.364
291.2500     -29979.611   -29987.973        8.362   335.2     -0.394     -0.826     -0.585      0.158      0.289      0.502
291.3000     -29979.723   -29988.768        9.045   362.6     -0.695      0.255      0.127     -0.552     -0.380     -0.331
291.3500     -29979.522   -29988.885        9.363   375.3     -1.395     -0.085     -1.478      0.317     -0.457      0.596
291.4000     -29979.220   -29988.398        9.178   367.9     -0.330     -0.760     -0.987     -0.406      0.520     -0.047
291.4500     -29979.925   -29988.814        8.890   356.3      0.050     -0.604      0.008     -0.170     -0.231      0.172
291.5000     -29979.883   -29988.037        8.155   326.9      0.503      0.452      0.222      0.627      0.335     -0.102
291.5500     -29980.322   -29988.547        8.225   329.7      0.384     -0.073     -0.643     -0.090      0.003     -0.265
291.6000     -29980.486   -29988.551        8.065   323.3      0.657      0.000     -0.716      0.198     -0.042     -0.483
291.6500     -29980.245   -29988.854        8.609   345.1      0.527     -0.420      0.278      0.077      0.125     -0.282
291.7000     -29979.899   -29988.346        8.447   338.6     -0.289     -1.475     -0.821      0.396     -0.475      0.096
291.7500     -29980.128   -29988.746        8.618   345.4     -0.153      1.078      0.386      0.613      0.072     -0.031
291.8000     -29980.859   -29988.959        8.100   324.7     -0.011     -1.544     -0.651     -0.061      0.268     -0.285
291.8500     -29980.737   -29988.848        8.111   325.1     -0.217     -0.704     -0.259      0.428     -0.152      0.460
291.9000     -29981.014   -29988.871        7.857   314.9     -1.350     -0.099     -0.390     -0.291      0.013     -0.289
291.9500     -29981.284   -29989.385        8.100   324.7     -0.382     -0.643     -0.496      0.237     -0.187      0.118
292.0000     -29981.332   -29989.719        8.387   336.2     -0.662      0.089      0.013     -0.158      0.526      0.138
292.0500     -29981.269   -29988.604        7.334   294.0      0.673     -0.005      0.588      0.635      0.045      0.026
292.1000     -29981.313   -29988.898        7.585   304.1      0.539      0.594      0.583     -0.016     -0.508     -0.002
292.1500     -29981.610   -29989.244        7.634   306.0     -0.407     -0.097     -0.155     -0.636      0.103     -0.350
292.2000     -29981.355   -29988.695        7.340   294.2     -0.193     -0.821     -0.686      0.112     -0.543     -0.348
292.2500     -29981.651   -29989.635        7.984   320.0     -0.169      0.169     -1.048      0.010     -0.148      0.044
292.3000     -29981.358   -29989.125        7.767   311.3     -0.394      0.496     -0.117     -0.392      0.125     -0.847
292.3500     -29981.216   -29988.830        7.614   305.2      0.036     -0.345     -0.280      0.084      0.039      0.260
292.4000     -29980.673   -29988.641        7.967   319.4     -0.229      0.138      0.870     -0.602      0.034     -0.384
292.4500     -29980.918   -29989.406        8.488   340.3      0.618      0.621      0.237     -0.119     -0.121      0.300
292.5000     -29980.911   -29989.107        8.197   328.6      0.352     -0.472      0.084      0.351      0.167     -0.191
292.5500     -29980.520   -29989.084        8.564   343.3     -1.209     -0.811     -0.282     -0.073      0.059      0.010
292.6000     -29980.522   -29988.961        8.439   338.3      0.440     -0.599     -0.287     -0.269     -0.315     -0.114
292.6500     -29980.613   -29989.193        8.580   343.9      0.296      0.570      0.194      0.189     -0.268      0.161
292.7000     -29980.599   -29988.617        8.018   321.4     -0.200     -1.149     -0.120      0.232     -0.263     -0.034
292.7500     -29980.643   -29988.621        7.978   319.8      0.814      0.319     -0.908     -0.434      0.467      0.243
292.8000     -29980.918   -29988.971        8.052   322.8     -0.306      0.102      0.481     -0.404      0.507     -0.272
292.8500     -29980.824   -29987.766        6.942   278.2     -0.213      0.226      0.452      0.258      0.487      0.378
292.9000     -29980.703   -29988.506        7.803   312.8     -0.246      0.620      0.748     -0.062      0.158      0.239
292.9500     -29980.804   -29988.625        7.821   313.5      0.493     -0.227     -0.002     -0.485      0.174     -0.592
293.0000     -29980.809   -29988.996        8.188   328.2      0.137     -1.010     -0.521     -0.006      0.224     -0.068
293.0500     -29980.786   -29989.576        8.790   352.4     -1.015     -0.664     -0.732      0.221      0.066     -0.034
293.1000     -29980.766   -29989.383        8.616   345.4      0.099     -0.265     -0.095     -0.114     -0.530      0.141
293.1500     -29980.431   -29988.717        8.286   332.1      0.025      0.005     -0.364      0.004     -0.215     -0.187
293.2000     -29980.322   -29988.656        8.334   334.1     -0.602     -0.097     -0.161      0.656     -0.081      0.175
293.2500     -29980.719   -29988.949        8.230   329.9      0.407      0.126      0.226     -0.470     -0.136      0.031
293.3000     -29980.213   -29988.330        8.118   325.4      0.040      0.289      0.171      0.279      0.427      0.257
293.3500     -29980.057   -29988.232        8.175   327.7      0.380     -0.021     -0.034     -0.557      0.224     -0.285
293.4000     -29979.774   -29988.318        8.544   342.5     -0.917     -0.127      0.243     -0.270     -0.421     -0.009
293.4500     -29979.809   -29988.270        8.461   339.1      0.558     -0.406      0.234     -0.020     -0.690     -0.110
293.5000     -29980.487   -29988.732        8.245   330.5     -0.209      0.422      0.617     -0.568      0.101      0.260
293.5500     -29980.383   -29988.402        8.020   321.5      0.199      0.243      0.139      0.136     -0.084      0.157
293.6000     -29980.047   -29988.447        8.400   336.7     -0.151     -1.176      0.201     -0.284      0.730     -0.030
293.6500     -29979.853   -29988.822        8.970   359.5     -0.954     -0.585     -0.983      0.080     -0.401     -0.167
293.7000     -29979.818   -29988.867        9.049   362.7     -1.223     -1.247     -1.208     -0.240      0.369     -0.278
293.7500     -29979.734   -29988.529        8.795   352.5     -0.174     -0.340     -0.803     -0.061      0.198      0.481
293.8000     -29979.639   -29987.461        7.822   313.5      0.038      0.155      0.422     -0.316     -0.405     -0.662
293.8500     -29979.959   -29988.350        8.391   336.3      0.336      0.824      0.133      0.565      0.193      0.030
293.9000     -29979.943   -29988.539        8.596   344.6     -0.214     -0.337      0.540     -0.216     -0.369     -0.234
293.9500     -29980.120   -29989.092        8.972   359.6     -0.500     -0.002     -0.498     -0.154      0.517      0.088
294.0000     -29980.921   -29989.426        8.505   340.9      0.844     -0.746      0.151     -0.411      0.536     -0.434
294.0500     -29980.694   -29989.205        8.511   341.2     -0.846     -0.002     -0.440      0.120     -0.207     -0.332
294.1000     -29980.148   -29988.117        7.969   319.5      0.007     -0.629      0.256      0.045      0.084     -0.575
294.1500     -29979.802   -29988.383        8.581   344.0     -0.138      0.451     -0.690      0.303      0.560      0.386
294.2000     -29979.573   -29988.074        8.501   340.8     -0.138     -0.337     -0.017     -0.210      0.115     -0.328
294.2500     -29980.019   -29988.504        8.485   340.1      0.536     -0.448      0.262     -0.598     -0.327     -0.072
294.3000     -29980.289   -29988.508        8.219   329.5     -0.056      0.644      0.419      0.013      0.177      0.138
294.3500     -29979.965   -29989.191        9.226   369.8      0.812      0.108     -0.794      0.146      0.719      0.177
294.4000     -29979.748   -29988.295        8.547   342.6      0.022      0.435      0.421     -0.028      0.351      0.065
294.4500     -29979.829   -29987.857        8.028   321.8      0.907     -0.011      0.309     -0.075     -0.155     -0.557
294.5000     -29980.118   -29988.453        8.335   334.1      0.592      0.129      0.805     -0.079     -0.049      0.410
294.5500     -29979.716   -29988.156        8.440   338.3     -0.064      0.329     -0.027      0.671      0.331     -0.470
294.6000     -29979.636   -29988.061        8.425   337.7      0.820     -0.041      0.162     -0.391     -0.453     -0.444
294.6500     -29979.364   -29987.848        8.484   340.1     -0.810      0.130     -1.102      0.225      0.431      0.578
294.7000     -29978.905   -29988.258        9.353   374.9     -0.559     -0.909     -0.468     -0.392      0.375     -0.066
294.7500     -29979.010   -29987.871        8.861   355.2     -0.048      0.297      0.072      0.351      0.180     -0.530
294.8000     -29979.249   -29987.799        8.550   342.7     -0.050      0.013     -0.393     -0.009      0.367     -0.342
294.8500     -29979.799   -29988.281        8.482   340.0      0.743     -0.253     -0.772      0.004     -0.453     -0.211
294.9000     -29979.708   -29988.570        8.862   355.2      0.159      0.107      0.732      0.467      0.277     -0.069
294.9500     -29979.831   -29988.150        8.319   333.5      0.020      0.500      0.568     -0.141     -0.297      0.169
295.0000     -29979.107   -29988.213        9.106   365.0     -0.693      0.032      0.482     -0.001      0.275      0.027
295.0500     -29979.051   -29987.654        8.603   344.8      0.606     -0.234      0.327     -0.022     -0.464     -0.568
295.1000     -29978.989   -29987.789        8.800   352.8      0.156     -0.181      0.385     -0.304      0.543      0.611
295.1500     -29979.252   -29987.895        8.643   346.5     -1.637     -0.222     -1.299     -0.900      0.410     -0.442
295.2000     -29979.438   -29988.131        8.693   348.5     -0.262     -0.781     -0.030     -0.034     -0.131      0.368
295.2500     -29979.474   -29988.352        8.878   355.9     -0.185     -0.014      0.147      0.930     -0.043      0.510
295.3000     -29980.038   -29989.119        9.081   364.0     -1.417     -1.144     -0.478     -0.024      0.361     -0.629
295.3500     -29979.870   -29988.609        8.740   350.3      0.486      0.295     -0.515     -0.006     -0.289      0.699
295.4000     -29980.210   -29988.475        8.264   331.3     -0.996     -0.517     -0.529     -0.164     -0.019      0.286
295.4500     -29980.220   -29989.219        8.999   360.7     -0.442     -1.045     -0.874     -0.237      0.166      0.205
295.5000     -29980.111   -29988.232        8.121   325.5     -0.429      0.678      0.101     -0.260      0.273      0.008
295.5500     -29980.902   -29988.826        7.924   317.6      0.310      0.144      0.610     -0.036     -0.371     -0.292
295.6000     -29980.431   -29988.479        8.048   322.6      0.053     -0.281     -0.494     -0.350     -0.118     -0.319
295.6500     -29980.338   -29988.715        8.377   335.8     -0.343      0.817     -0.195      0.417     -0.132      0.230
295.7000     -29980.415   -29988.461        8.046   322.5     -0.000     -0.090      0.264     -0.042     -0.234     -0.218
295.7500     -29980.619   -29988.646        8.027   321.8     -0.454      0.706     -0.453     -0.184      0.223      0.446
295.8000     -29980.372   -29988.400        8.028   321.8     -0.221      0.025      0.699      0.665      0.189      0.335
295.8500     -29979.997   -29988.287        8.291   332.3      0.310     -0.043     -1.328     -0.054      0.252     -0.089
295.9000     -29979.852   -29987.709        7.857   314.9     -0.731      0.877     -0.362      0.058      0.029      0.268
295.9500     -29980.045   -29988.109        8.064   323.2      0.569      0.104     -0.203     -0.065     -0.240      0.705
296.0000     -29980.124   -29988.484        8.360   335.1      0.214     -0.422     -0.157      0.299     -0.339     -0.195
296.0500     -29980.643   -29988.535        7.892   316.3     -0.606      0.506     -0.843     -0.397     -0.035     -0.481
296.1000     -29980.382   -29988.834        8.452   338.8     -0.270      0.165      0.114     -0.127     -0.472      0.310
296.1500     -29980.093   -29988.303        8.209   329.1     -0.184     -0.766      0.395     -0.152      0.596      0.154
296.2000     -29979.964   -29989.135        9.170   367.6     -0.030      0.660     -1.211     -0.078     -0.717      0.511
296.2500     -29980.239   -29988.400        8.162   327.2      0.232     -1.169     -0.661      0.240     -0.193     -0.007
296.3000     -29980.079   -29988.514        8.435   338.1      0.001      0.348     -0.052     -0.272      0.092     -0.145
296.3500     -29980.197   -29988.232        8.035   322.1      0.379     -0.965      0.209     -0.222     -0.245     -0.270
296.4000     -29980.276   -29988.602        8.325   333.7     -0.048     -0.805     -0.613     -0.606     -0.353     -0.299
296.4500     -29980.226   -29988.703        8.477   339.8     -0.272      0.066     -0.911     -0.010     -0.393     -0.222
296.5000     -29980.538   -29988.832        8.294   332.5     -0.218     -0.330     -0.048      0.082      0.143     -0.625
296.5500     -29980.534   -29988.662        8.128   325.8     -0.635     -0.833     -0.349     -0.131     -0.816     -0.278
296.6000     -29981.554   -29989.381        7.827   313.7     -0.153      0.028     -0.729      0.307     -0.053      0.010
296.6500     -29981.850   -29990.314        8.464   339.3     -0.505     -0.700     -1.570     -0.302     -0.172     -0.164
296.7000     -29981.442   -29989.693        8.252   330.8     -0.401     -0.380     -0.156     -0.082      0.452     -0.188
296.7500     -29981.564   -29989.926        8.362   335.2      0.680      0.231     -1.048     -0.663     -0.488     -0.503
296.8000     -29981.322   -29988.898        7.576   303.7     -0.076     -0.047      0.361      0.268      0.339     -0.045
296.8500     -29981.296   -29989.057        7.760   311.1     -0.246     -0.817     -0.639      0.272     -0.356      0.607
296.9000     -29981.561   -29989.422        7.861   315.1     -0.355     -0.714     -1.207      0.158     -0.137     -0.021
296.9500     -29982.028   -29989.793        7.765   311.3     -0.480      0.441     -0.117      0.062     -0.162     -0.522
297.0000     -29982.208   -29989.260        7.052   282.7     -0.100     -0.852     -0.109      0.029      0.360      0.292
297.0500     -29981.953   -29988.781        6.828   273.7     -0.329      0.695      0.048     -0.025     -0.062      0.558
297.1000     -29981.818   -29989.572        7.755   310.8     -0.316     -0.420     -0.003      0.017     -0.029      0.736
297.1500     -29981.432   -29989.473        8.041   322.3      0.787      0.690     -0.157      0.553      0.003     -0.478
297.2000     -29981.074   -29989.916        8.842   354.4      0.272     -0.262     -0.527      0.189      0.053      0.214
297.2500     -29980.788   -29989.561        8.772   351.6     -0.273      0.427      0.654     -0.618     -0.319     -0.393
297.3000     -29980.962   -29989.279        8.318   333.4      1.195     -0.451      0.172      0.164      0.183     -0.144
297.3500     -29980.987   -29989.527        8.541   342.4     -0.654     -0.417     -1.183      0.049      0.129     -0.065
297.4000     -29981.535   -29989.479        7.944   318.4     -0.565     -0.168     -0.451      0.106     -0.101     -0.170
297.4500     -29981.548   -29989.859        8.311   333.2     -0.606     -0.407      0.270      0.057     -0.290     -0.430
297.5000     -29981.876   -29989.818        7.942   318.4      0.708     -0.041     -0.264      0.382     -0.058      0.618
297.5500     -29981.729   -29989.713        7.984   320.0      0.086      0.985      1.065     -0.215     -0.410     -0.302
297.6000     -29981.473   -29989.783        8.310   333.1      0.916      0.166      0.056      0.404     -0.267      0.236
297.6500     -29981.707   -29989.537        7.830   313.9      0.224      0.425      0.498     -0.210     -0.828      0.464
297.7000     -29981.398   -29989.592        8.194   328.4      0.891      0.385      0.499      0.648      0.540     -0.325
297.7500     -29981.553   -29989.885        8.331   334.0     -0.270     -0.176     -0.678      0.035      0.107     -0.489
297.8000     -29981.671   -29989.994        8.323   333.6      0.068      0.530      0.021     -0.760      0.336      0.208
297.8500     -29981.407   -29989.402        7.995   320.5      0.479     -0.354      0.619      0.112     -0.182     -0.226
297.9000     -29981.885   -29989.979        8.094   324.4     -0.119     -0.959     -1.065     -0.319     -0.008      0.027
297.9500     -29981.591   -29990.055        8.464   339.3     -1.060      0.357     -0.127     -0.379     -0.223      0.129
298.0000     -29982.213   -29990.318        8.105   324.9      1.182     -0.332     -0.074      0.826      0.020      0.030
298.0500     -29981.835   -29989.582        7.747   310.6      0.551      1.050     -0.762     -0.438     -0.037     -0.684
298.1000     -29982.114   -29989.963        7.849   314.6      0.286      0.511      0.055      0.090     -0.584     -0.265
298.1500     -29982.359   -29989.527        7.168   287.3     -0.877     -0.886     -0.565      0.329      0.456     -0.559
298.2000     -29981.975   -29990.082        8.107   325.0     -0.473     -0.119      0.276     -0.737     -0.649      0.322
298.2500     -29982.063   -29990.162        8.100   324.7     -0.900     -0.501     -0.485      0.347      0.043     -0.683
298.3000     -29981.981   -29990.520        8.538   342.3     -1.627     -0.403     -1.198      0.043      0.071      0.108
298.3500     -29982.060   -29990.941        8.882   356.0     -1.106     -0.725     -0.990     -0.164     -0.234      0.024
298.4000     -29981.838   -29989.980        8.142   326.4      0.882      0.383      0.308      0.249     -0.403     -0.157
298.4500     -29981.514   -29990.066        8.552   342.8     -0.652      0.161     -0.414     -0.387      0.037     -0.240
298.5000     -29981.194   -29988.906        7.712   309.1      0.216     -0.302      0.028      0.267      0.035      0.169
298.5500     -29981.147   -29989.055        7.908   317.0     -0.304     -0.041      0.514      0.453      0.105     -0.512
298.6000     -29981.222   -29989.377        8.155   326.9     -0.497      0.591     -0.320     -0.403     -0.001      0.390
298.6500     -29981.437   -29989.777        8.340   334.3     -0.521     -0.723     -0.429      0.164     -0.076     -0.174
298.7000     -29981.223   -29989.209        7.986   320.1     -1.116     -0.135     -1.347     -0.589     -0.131      0.546
298.7500     -29980.816   -29988.973        8.157   327.0     -0.089     -0.239      0.562      0.425     -0.392     -0.151
298.8000     -29980.906   -29989.135        8.229   329.9     -0.133      0.395     -0.107      0.282     -0.433     -0.152
298.8500     -29981.582   -29989.121        7.540   302.2      0.561     -1.283      0.221      0.067     -0.070     -0.124
298.9000     -29981.498   -29989.639        8.141   326.3     -0.869     -0.141      0.242     -0.217     -0.557     -0.140
298.9500     -29981.085   -29989.225        8.139   326.3      0.020     -0.249     -0.114      0.265      0.505     -0.257
299.0000     -29980.831   -29989.746        8.915   357.4     -1.445     -0.317     -0.238     -0.166     -0.599      0.499
299.0500     -29980.817   -29989.275        8.458   339.0     -0.064      0.033     -0.311      0.169     -0.012     -0.168
299.1000     -29980.551   -29988.467        7.915   317.3     -0.947     -0.435      0.140     -0.191      0.325     -0.179
299.1500     -29980.150   -29988.779        8.629   345.9      0.280     -0.561      0.267      0.826     -0.463      0.484
299.2000     -29980.652   -29988.889        8.237   330.2      0.365     -0.200     -0.120     -0.163      0.263     -0.203
299.2500     -29980.729   -29988.953        8.224   329.7     -0.341     -0.629      0.031     -0.715      0.243     -0.303
299.3000     -29980.950   -29988.338        7.388   296.1      0.409     -0.554      0.397     -0.436     -0.550      0.441
299.3500     -29980.854   -29988.799        7.945   318.5     -0.257     -1.492     -0.346      0.295      0.023     -0.082
299.4000     -29980.802   -29990.379        9.577   383.9     -1.983     -0.043     -0.820      0.292     -0.087     -0.386
299.4500     -29981.768   -29989.758        7.989   320.3      0.080     -0.306     -0.201      0.613     -0.602      0.169
299.5000     -29981.822   -29989.768        7.945   318.5     -1.071     -0.345      0.036     -0.150      0.321      0.649
299.5500     -29981.447   -29988.910        7.464   299.2     -0.124      0.277      0.189     -0.435      0.056     -0.398
299.6000     -29981.524   -29989.348        7.824   313.6      0.858     -0.003      0.429     -0.074      0.180      0.800
299.6500     -29981.404   -29988.977        7.573   303.6     -0.479     -0.403     -0.490     -0.779      0.320     -0.808
299.7000     -29981.204   -29989.764        8.560   343.1      0.313      0.493      0.044      0.591      0.046      0.918
299.7500     -29981.264   -29988.996        7.732   309.9     -0.126      0.811     -0.118     -0.356     -0.091     -0.700
299.8000     -29981.524   -29989.389        7.864   315.2      0.308     -0.815     -0.438      0.010      0.404     -0.130
299.8500     -29981.281   -29989.535        8.254   330.8      0.146      0.842     -0.005     -0.192      0.186      0.064
299.9000     -29981.161   -29989.549        8.388   336.2     -0.087      0.049     -0.222     -0.047     -0.031     -0.343
299.9500     -29981.557   -29989.559        8.002   320.8     -0.291      0.736      0.386     -0.250     -0.317      0.018
300.0000     -29981.533   -29989.461        7.928   317.8      0.242     -0.173      0.714     -0.238      0.400     -0.263
300.0500     -29981.912   -29988.744        6.832   273.9      0.105     -0.750     -0.323      0.199      0.087      0.066
300.1000     -29982.043   -29990.174        8.131   325.9      0.155      0.439      0.076      0.178      0.282      0.002
300.1500     -29981.891   -29990.055        8.164   327.3     -0.265      0.675      0.218     -0.122      0.708      0.286
300.2000     -29982.024   -29990.059        8.035   322.1     -0.871      0.278     -0.486      0.715     -0.049     -0.345
300.2500     -29981.821   -29989.338        7.517   301.3      0.513      0.223     -0.049     -0.073      0.140      0.269
300.3000     -29981.836   -29989.678        7.842   314.3     -0.319     -0.566     -0.593     -0.500     -0.433     -0.510
300.3500     -29982.251   -29989.916        7.665   307.2     -0.383      0.154      0.036      0.291      0.085      0.185
300.4000     -29982.223   -29989.881        7.658   307.0     -0.592     -0.620     -1.208     -0.871     -0.409     -0.482
300.4500     -29982.410   -29989.977        7.566   303.3     -1.083      0.124      0.484      0.388      0.083     -0.333
300.5000     -29982.330   -29989.740        7.410   297.0     -0.307     -0.197     -0.435     -0.110      0.252      0.281
300.5500     -29982.442   -29989.582        7.140   286.2      0.008      0.050     -0.289     -0.119     -0.355      0.331
300.6000     -29982.246   -29989.828        7.583   303.9      0.781      0.016     -0.048     -0.623      0.470      0.102
300.6500     -29982.354   -29990.035        7.681   307.9     -1.042     -0.909     -0.042      0.154     -0.168     -0.014
300.7000     -29982.577   -29990.408        7.831   313.9      0.057     -0.021     -0.312      0.365      0.013      0.118
300.7500     -29982.390   -29990.047        7.657   306.9     -0.286     -0.789     -0.012     -0.108     -0.376      0.029
300.8000     -29982.906   -29990.871        7.965   319.3      0.342     -0.026      0.356      0.314     -0.325     -0.098
300.8500     -29982.422   -29989.785        7.363   295.1     -0.359     -0.239      0.002     -0.078     -0.698     -0.863
300.9000     -29982.388   -29989.744        7.356   294.9     -1.789     -0.989      0.384     -0.155      0.540      0.184
300.9500     -29983.000   -29990.416        7.416   297.3      0.361     -0.431      0.464     -0.447     -0.115     -0.626
301.0000     -29982.360   -29990.662        8.302   332.8     -0.672     -0.421      0.585      0.065      0.314      0.483
301.0500     -29982.203   -29989.822        7.620   305.4     -0.100      0.082      0.448     -0.245      0.276      0.017
301.1000     -29981.524   -29989.570        8.046   322.5     -0.911     -0.058     -0.090      0.382      0.177      0.219
301.1500     -29981.728   -29990.070        8.342   334.4      0.126     -1.255     -0.275      0.115     -0.650      0.127
301.2000     -29981.635   -29990.342        8.707   349.0     -0.981     -0.857     -0.047     -0.549      0.198     -0.459
301.2500     -29981.876   -29989.984        8.109   325.0      0.268      0.402      0.832     -0.478      0.340      0.551
301.3000     -29981.998   -29989.863        7.865   315.3     -0.627     -1.134     -0.660     -0.115      0.383     -0.144
301.3500     -29981.587   -29989.244        7.657   306.9     -0.634      0.225     -0.434     -0.114     -0.039      0.119
301.4000     -29981.237   -29989.639        8.402   336.8     -0.116      0.356     -0.405      0.421     -0.444      0.090
301.4500     -29981.804   -29989.326        7.522   301.5     -1.551     -0.026      0.372     -0.059      0.287     -0.468
301.5000     -29981.812   -29989.902        8.090   324.3     -0.209     -0.513     -0.450      0.036     -0.065      0.280
301.5500     -29981.669   -29989.340        7.671   307.5     -0.335      0.823     -0.255      0.137      0.351     -0.495
301.6000     -29982.000   -29989.617        7.617   305.3      0.513      0.434     -0.181     -0.010     -0.015     -0.108
301.6500     -29981.952   -29989.303        7.350   294.6     -0.752     -0.614     -0.840      0.224      0.194     -0.458
301.7000     -29981.714   -29989.143        7.429   297.8     -0.804     -0.714     -0.360      0.292     -0.016     -0.110
301.7500     -29981.702   -29990.277        8.575   343.7      0.721      0.505      0.272     -0.261      0.197      0.597
301.8000     -29981.718   -29989.922        8.203   328.8      0.045     -0.100     -0.377     -0.162      0.130      0.742
301.8500     -29981.502   -29989.939        8.438   338.2      0.400      0.536      0.180     -0.141      0.586     -0.367
301.9000     -29981.622   -29989.451        7.830   313.8     -0.809     -0.726      0.151      0.298      0.019      0.438
301.9500     -29981.663   -29988.996        7.333   294.0     -0.711     -0.127     -0.415     -0.594      0.351     -0.350
302.0000     -29981.233   -29988.732        7.499   300.6      0.178     -0.908     -1.080     -0.072      0.089      0.599
302.0500     -29981.263   -29989.551        8.288   332.2     -0.751      0.011      0.113     -0.552     -0.236      0.206
302.1000     -29981.834   -29989.525        7.691   308.3      0.976     -0.840     -0.913      0.131      0.179      0.047
302.1500     -29982.057   -29989.441        7.384   296.0     -1.473     -1.579     -0.296     -0.611     -0.122      0.391
302.2000     -29981.643   -29989.303        7.660   307.0      0.388      0.009     -0.700      0.304      0.146      0.259
302.2500     -29981.192   -29989.035        7.843   314.4     -0.502     -1.219     -1.520      0.006     -0.203      0.131
302.3000     -29981.434   -29989.518        8.083   324.0      0.528     -0.762      0.043     -0.368      0.547     -0.394
302.3500     -29981.177   -29989.109        7.933   318.0      0.079      0.070      0.492     -0.179      0.108      0.132
302.4000     -29981.534   -29989.275        7.742   310.3     -0.710     -0.379     -0.589      0.085      0.360     -0.007
302.4500     -29981.327   -29988.908        7.581   303.9     -0.532     -0.671     -0.588     -0.593     -0.136      0.456
302.5000     -29981.617   -29989.176        7.559   303.0     -0.646      0.069      0.357     -0.276      0.219      0.263
302.5500     -29981.575   -29988.951        7.376   295.7      0.052     -0.261     -0.455     -0.207      0.390     -0.002
302.6000     -29981.604   -29989.113        7.510   301.0     -0.456     -0.810      0.547     -0.338     -0.052     -0.039
302.6500     -29980.926   -29989.084        8.158   327.0     -1.073     -0.584     -0.988      0.166     -0.114     -0.455
302.7000     -29981.097   -29989.150        8.054   322.8     -0.200     -0.325      0.047     -0.085      0.212     -0.127
302.7500     -29981.286   -29989.277        7.991   320.3     -0.005     -1.723      0.140     -0.085     -0.096     -0.080
302.8000     -29981.513   -29988.900        7.388   296.1     -0.890     -0.563     -0.582     -0.125      0.426      0.282
302.8500     -29981.407   -29989.404        7.998   320.6     -1.339     -0.491     -1.614      0.319     -0.495      0.320
302.9000     -29981.417   -29989.893        8.476   339.7     -0.755     -0.345     -0.266      0.586      0.172     -0.106
302.9500     -29981.030   -29989.240        8.210   329.1     -0.223     -0.105     -0.203     -0.719      0.200     -0.080
303.0000     -29981.465   -29989.373        7.908   317.0     -0.473      0.122     -0.190     -0.043      0.054     -0.061
303.0500     -29981.291   -29989.084        7.793   312.4     -0.576      0.175      0.144      0.167     -0.029      0.009
303.1000     -29981.100   -29988.750        7.650   306.7      0.483     -0.209     -0.475      0.630     -0.423      0.195
303.1500     -29981.049   -29989.648        8.600   344.7     -0.259      0.011     -0.126      0.444      0.470     -0.033
303.2000     -29981.469   -29989.340        7.871   315.5     -0.551     -0.819     -0.582      0.744      0.191     -0.000
303.2500     -29981.467   -29989.121        7.654   306.8     -0.647     -0.511     -0.099      0.241      0.093      0.151
303.3000     -29981.346   -29989.600        8.254   330.9      0.173      0.183      0.393      0.410     -0.062     -0.053
303.3500     -29981.108   -29989.127        8.019   321.4     -1.240     -0.869     -1.108     -0.271      0.175      0.047
303.4000     -29980.596   -29989.090        8.494   340.5     -0.580     -0.178     -0.529     -0.048     -0.127     -0.022
303.4500     -29980.921   -29989.521        8.600   344.7     -0.018     -1.065      0.192      0.031      0.371      0.461
303.5000     -29980.965   -29989.332        8.367   335.4     -0.035      0.327      0.566      0.175      0.106      0.615
303.5500     -29981.201   -29989.477        8.275   331.7     -0.469     -0.270     -0.629     -0.054      0.093     -0.047
303.6000     -29980.876   -29988.900        8.025   321.7      0.184     -0.183      0.808     -0.174      0.319      0.351
303.6500     -29981.328   -29990.045        8.717   349.4     -1.018     -0.653     -0.717     -0.027     -0.407     -0.350
303.7000     -29981.327   -29989.553        8.226   329.7     -0.083      0.236     -0.141      0.129      0.282      0.204
303.7500     -29980.916   -29990.092        9.176   367.8     -0.843     -0.545     -0.356      0.282     -0.155     -0.116
303.8000     -29981.564   -29989.809        8.245   330.5     -0.807     -1.392     -1.174     -0.104      0.090      0.089
303.8500     -29981.818   -29989.941        8.123   325.6      0.273      0.033      0.580      0.069      0.539     -0.345
303.9000     -29981.613   -29989.625        8.012   321.2     -0.710     -0.675     -0.410     -0.000      0.428      0.147
303.9500     -29981.528   -29989.471        7.942   318.4     -0.494     -0.701     -0.609      0.251     -0.073     -0.408
304.0000     -29981.553   -29989.795        8.242   330.4     -0.393     -0.947     -0.219     -0.175     -0.335     -0.384
304.0500     -29981.011   -29989.301        8.290   332.3     -0.328     -0.999     -0.456      0.659      0.556      0.508
304.1000     -29980.830   -29989.303        8.473   339.6     -0.158     -0.439     -0.261     -0.122     -0.234      0.057
304.1500     -29980.931   -29988.951        8.020   321.5     -0.183     -0.883     -0.657     -0.157     -0.706     -0.175
304.2000     -29981.039   -29989.039        8.000   320.7     -0.343     -0.421      0.298      0.007      0.322      0.344
304.2500     -29980.183   -29988.963        8.780   351.9     -0.310     -0.475     -0.251     -0.171     -0.456     -0.242
304.3000     -29980.762   -29989.248        8.486   340.2     -1.076     -0.920     -1.152     -0.259      0.272      0.383
304.3500     -29981.378   -29989.209        7.831   313.9     -0.393     -0.487      0.740     -0.115     -0.274      0.086
304.4000     -29981.269   -29989.934        8.664   347.3     -0.702      0.927     -0.291      0.016      0.259      0.021
304.4500     -29981.313   -29989.170        7.857   314.9     -0.152     -0.823      0.125      0.555      0.330      0.325
304.5000     -29980.318   -29988.834        8.516   341.4     -0.467     -0.720      0.733     -0.383     -0.033      0.293
304.5500     -29980.727   -29989.238        8.511   341.2     -0.180      0.220      0.190      0.119     -0.124      0.140
304.6000     -29980.475   -29988.787        8.312   333.2      0.066      0.762      0.038      0.177      0.006     -0.247
304.6500     -29980.004   -29988.549        8.545   342.5     -0.955     -0.277     -0.968     -0.022      0.067      0.517
304.7000     -29979.463   -29988.482        9.019   361.5     -0.101      0.141     -0.849     -0.342     -0.551     -0.132
304.7500     -29979.516   -29989.207        9.691   388.5      0.305     -0.041      0.312     -0.047     -0.030      0.057
304.8000     -29979.567   -29988.506        8.939   358.3      0.137     -1.197      0.110      0.277     -0.154      0.636
304.8500     -29979.459   -29989.133        9.674   387.8     -0.282      0.165      0.570      0.037     -0.208     -0.130
304.9000     -29979.142   -29987.803        8.661   347.2     -1.349     -0.216     -0.041     -0.416     -0.069     -0.483
304.9500     -29979.229   -29987.760        8.531   342.0      0.965      0.617      0.274     -0.262     -0.536     -0.074
305.0000     -29978.474   -29987.408        8.934   358.1     -1.185      0.785     -0.855      0.240     -0.418     -0.135
305.0500     -29978.884   -29987.955        9.071   363.6     -0.475     -0.671      0.309      0.346      0.140     -0.499
305.1000     -29978.300   -29987.885        9.584   384.2      0.306      0.264      0.464     -0.023     -0.247      0.214
305.1500     -29978.798   -29988.129        9.331   374.0     -0.918     -0.224     -0.255      0.770     -0.300      0.012
305.2000     -29978.865   -29987.361        8.497   340.6      0.059     -0.317     -0.597     -0.266      0.079     -0.406
305.2500     -29979.133   -29988.334        9.201   368.8     -0.770     -1.001     -0.066      0.200      0.657     -0.355
305.3000     -29979.564   -29988.094        8.530   341.9     -0.586     -0.101     -1.049      0.200      0.319      0.362
305.3500     -29980.059   -29988.486        8.428   337.8     -1.532     -1.299     -0.269     -0.170     -0.174      0.116
305.4000     -29980.169   -29988.801        8.632   346.0     -0.497      0.974     -0.092      0.017      0.101     -0.007
305.4500     -29980.619   -29988.869        8.251   330.7      0.100      0.064     -0.535      0.042     -0.294      0.415
305.5000     -29979.919   -29988.930        9.010   361.2      0.165      0.347     -0.626      0.588      0.238      0.219
305.5500     -29979.775   -29988.459        8.684   348.1     -0.728     -0.418      0.287     -0.002     -0.035      0.151
305.6000     -29979.506   -29987.816        8.311   333.1     -1.420     -0.988     -0.940      0.671     -0.303      0.067
305.6500     -29979.656   -29988.580        8.924   357.7     -0.995      0.335     -0.121     -0.194     -0.387     -0.031
305.7000     -29980.114   -29988.395        8.280   331.9      0.287      0.164     -0.552      0.501      0.201      0.025
305.7500     -29980.564   -29987.814        7.250   290.6     -0.182     -0.410      0.311      0.023      0.008     -0.327
305.8000     -29980.667   -29988.504        7.837   314.1      0.026      0.928      0.020     -0.207     -0.018     -0.153
305.8500     -29981.171   -29989.281        8.110   325.1     -0.759      0.471     -0.436      0.455      0.373      0.317
305.9000     -29981.249   -29989.471        8.222   329.6     -0.017      0.351      0.182      0.324     -0.197      0.438
305.9500     -29981.278   -29989.098        7.819   313.4      0.637      0.367      0.501      0.238      0.140     -0.256
306.0000     -29980.771   -29988.705        7.934   318.0     -1.097      0.279      0.319      0.092     -0.205      0.401
306.0500     -29980.664   -29988.344        7.680   307.9     -0.061     -0.206     -0.397     -0.065      0.023     -0.403
306.1000     -29980.499   -29988.672        8.173   327.6     -0.287      0.208      0.717     -0.013     -0.030     -0.320
306.1500     -29980.241   -29988.164        7.923   317.6     -0.924     -0.418      0.328     -0.286      0.401     -0.352
306.2000     -29980.405   -29987.859        7.454   298.8     -0.882     -1.206     -0.964      0.287     -0.023      0.026
306.2500     -29980.110   -29988.373        8.263   331.2     -0.331      0.684     -0.177     -0.268      0.026      0.190
306.3000     -29980.174   -29988.777        8.603   344.9     -0.132      0.309      0.143     -0.011     -0.405     -0.062
306.3500     -29980.101   -29988.010        7.909   317.0     -1.208     -0.202     -1.673      0.906      0.120      0.562
306.4000     -29980.448   -29987.703        7.255   290.8      0.826     -0.683      0.462     -0.060     -0.271     -0.219
306.4500     -29980.618   -29988.703        8.086   324.1     -0.125      0.645      0.137      0.294      0.309      0.273
306.5000     -29980.415   -29988.617        8.202   328.8     -0.226     -0.208     -0.743      0.122     -0.605     -0.243
306.5500     -29981.073   -29989.227        8.153   326.8      0.443     -0.362      0.599     -0.144      0.212     -0.311
306.6000     -29980.874   -29988.758        7.884   316.0     -0.565      0.182     -0.469     -0.307     -0.423      0.106
306.6500     -29980.855   -29988.928        8.072   323.6     -0.013     -0.470      0.439      0.007     -0.093     -0.070
306.7000     -29980.694   -29988.707        8.013   321.2     -0.915     -0.613     -0.834      0.182      0.193     -0.064
306.7500     -29980.682   -29988.816        8.134   326.0      0.227      0.263     -0.337     -0.474     -0.603     -0.243
306.8000     -29980.292   -29988.566        8.274   331.7     -0.421     -0.487     -0.332      0.320      0.062     -0.084
306.8500     -29980.631   -29988.857        8.227   329.8     -0.971     -0.715     -0.887     -0.015     -0.690      0.581
306.9000     -29981.054   -29988.936        7.882   315.9     -0.570     -0.318      0.116     -0.478      0.176      0.163
306.9500     -29981.231   -29988.781        7.551   302.7     -0.088      0.457     -0.426     -0.067      0.616     -0.166
307.0000     -29981.080   -29988.957        7.877   315.8      0.328     -0.006     -0.186     -0.419      0.116      0.567
307.0500     -29981.391   -29989.381        7.990   320.3     -1.503      0.470     -0.839     -0.434      0.418      0.316
307.1000     -29981.235   -29988.945        7.710   309.1      0.840      1.161     -0.561      0.355     -0.103     -0.034
307.1500     -29981.311   -29988.627        7.316   293.2     -0.003     -0.224     -0.434     -0.107     -0.322      0.101
307.2000     -29981.294   -29989.299        8.005   320.9     -0.538      0.585     -0.260      0.012     -0.416      0.128
307.2500     -29980.809   -29988.783        7.974   319.6     -0.118      0.701      0.239     -0.313     -0.130      0.215
307.3000     -29981.275   -29989.652        8.377   335.8     -0.218     -0.730     -0.550      0.456      0.010      0.077
307.3500     -29980.874   -29988.896        8.022   321.6      0.253      0.608      0.338      0.215      0.682     -0.315
307.4000     -29980.890   -29988.635        7.745   310.4      0.339      0.214     -0.142      0.214     -0.322     -0.148
307.4500     -29980.273   -29989.256        8.983   360.1     -0.876     -0.109     -0.843     -0.063     -0.196      0.305
307.5000     -29979.862   -29988.271        8.409   337.1     -0.578     -0.298      0.002      0.282     -0.006     -0.081
307.5500     -29979.694   -29988.061        8.367   335.4      0.096     -0.250      0.008     -0.270     -0.069      0.325
307.6000     -29979.616   -29988.719        9.103   364.9     -0.684     -0.544     -0.221      0.004      0.110     -0.290
307.6500     -29979.842   -29988.686        8.844   354.5     -0.244     -0.622     -1.031     -0.010      0.118     -0.090
307.7000     -29979.597   -29987.809        8.211   329.1      0.146      0.867     -0.594      0.035      0.322      0.348
307.7500     -29979.450   -29988.695        9.245   370.6     -0.072     -1.012      0.182      0.162     -0.093     -0.611
307.8000     -29980.110   -29988.467        8.357   335.0     -0.369     -0.075     -0.352      0.336     -0.277      0.085
307.8500     -29980.221   -29988.602        8.380   335.9      0.989      0.468      0.047      0.401     -0.150      0.041
307.9000     -29980.264   -29989.031        8.767   351.4      0.244      0.509      0.868      0.446     -0.264     -0.159
307.9500     -29980.587   -29988.727        8.140   326.3     -0.450     -0.781     -1.304      0.071      0.803      0.189
308.0000     -29980.335   -29988.639        8.303   332.8     -0.716      0.241     -0.240     -0.048      0.024     -0.114
308.0500     -29980.957   -29988.385        7.427   297.7      0.585     -0.169     -0.116     -0.283      0.278     -0.017
308.1000     -29980.867   -29989.400        8.534   342.1     -0.929      0.209     -0.908      0.304     -0.338      0.018
308.1500     -29980.836   -29989.393        8.556   343.0     -0.042     -0.089      0.689      0.019     -0.333     -0.288
308.2000     -29980.893   -29988.662        7.770   311.4      0.994      0.000      0.553     -0.237      0.026     -0.055
308.2500     -29980.398   -29988.992        8.595   344.5     -0.061     -0.400     -0.305     -0.047     -0.406     -0.289
308.3000     -29980.468   -29989.439        8.971   359.6      0.103      0.153     -1.441     -0.402      0.363      0.342
308.3500     -29980.157   -29988.916        8.759   351.1      0.831     -0.636     -0.178      0.043      0.092      0.135
308.4000     -29980.360   -29989.197        8.837   354.2     -0.545     -0.266     -0.713      0.153      0.616     -0.161
308.4500     -29980.481   -29989.182        8.701   348.8      0.256      0.073      0.007      0.063      0.366      0.396
308.5000     -29980.086   -29988.469        8.382   336.0     -0.591     -0.821      0.194     -0.135      0.061      0.381
308.5500     -29979.265   -29988.039        8.774   351.7      0.399     -0.398     -0.363     -0.149      0.357     -0.044
308.6000     -29979.922   -29988.570        8.648   346.7     -0.746     -0.318     -0.671      1.048      0.307     -0.137
308.6500     -29979.728   -29988.881        9.152   366.9     -1.231     -1.022     -1.545     -0.414     -0.327     -0.376
308.7000     -29980.513   -29989.371        8.858   355.1     -0.823      0.033     -0.023     -0.082     -0.087     -0.008
308.7500     -29980.796   -29989.600        8.804   352.9      0.002     -0.430     -0.228      0.118      0.577     -0.078
308.8000     -29981.397   -29988.781        7.384   296.0     -0.697     -0.293      0.788      0.473     -0.072     -0.232
308.8500     -29981.915   -29989.709        7.794   312.4     -0.745      0.274     -0.408     -0.315      0.314     -0.096
308.9000     -29981.329   -29989.410        8.081   323.9     -1.229     -1.468      0.134      0.234      0.173      0.109
308.9500     -29981.341   -29989.725        8.384   336.1     -0.687     -0.348     -0.527     -0.301      0.281     -0.154
309.0000     -29981.037   -29989.469        8.431   338.0     -0.628     -0.102      0.231     -0.042     -0.047     -0.405
309.0500     -29981.339   -29988.959        7.620   305.4      0.051      0.036      0.593      0.348     -0.007      0.242
309.1000     -29981.432   -29989.189        7.758   311.0     -0.473     -0.131      0.049     -0.199      0.367     -0.544
309.1500     -29981.232   -29989.811        8.579   343.9      0.650      0.719     -0.924      0.311      0.705      0.272
309.2000     -29980.891   -29989.373        8.482   340.0     -0.343     -1.074      1.149      0.397     -0.172      0.403
309.2500     -29980.138   -29988.693        8.555   342.9     -0.219     -1.207     -0.284     -0.414      0.232      0.107
309.3000     -29980.149   -29988.473        8.324   333.7      0.052      0.622     -0.143      0.903     -0.312     -0.225
309.3500     -29980.030   -29988.580        8.550   342.7      0.064     -0.602      0.322     -0.384     -0.076      0.112
309.4000     -29980.080   -29988.707        8.627   345.8     -1.046     -0.430     -0.073     -0.079     -0.235      0.498
309.4500     -29980.591   -29989.195        8.605   344.9     -0.455     -0.566     -0.548     -0.042      0.001      0.351
309.5000     -29980.978   -29989.395        8.417   337.4     -0.187     -0.548     -0.086     -0.168     -0.375      0.007
309.5500     -29980.955   -29988.998        8.043   322.4     -0.232     -0.518     -0.754     -0.120     -0.254     -0.206
309.6000     -29981.199   -29989.275        8.077   323.7     -0.616     -0.240      0.500      0.029      0.269     -0.065
309.6500     -29981.157   -29988.502        7.345   294.4      0.344     -0.500      0.682     -0.235      0.185      0.085
309.7000     -29980.785   -29989.205        8.420   337.5      0.826      0.500     -1.372     -0.009     -0.438     -0.318
309.7500     -29980.481   -29988.461        7.980   319.9     -0.080     -0.262      0.349      0.243      0.022      0.038
309.8000     -29980.614   -29988.502        7.888   316.2     -0.570     -0.020     -0.070      0.150      0.041      0.293
309.8500     -29980.562   -29988.398        7.837   314.1     -0.308     -0.915     -0.593      0.370     -0.308     -0.023
309.9000     -29980.377   -29989.225        8.847   354.6     -0.316      0.027      0.205      0.387      0.529      0.008
309.9500     -29980.698   -29989.150        8.453   338.8      0.198      0.204      0.077     -0.185     -0.165      0.460
310.0000     -29981.036   -29988.678        7.642   306.3     -0.115      0.263     -0.209     -0.116      0.280     -0.516
310.0500     -29980.863   -29989.383        8.519   341.5      0.487      0.310     -0.182      0.089      0.082      0.454
310.1000     -29980.377   -29988.254        7.877   315.7     -0.263     -0.342     -0.950      0.241      0.032      0.697
310.1500     -29980.508   -29988.426        7.918   317.4     -1.121     -0.147     -0.473     -0.123      0.112      0.120
310.2000     -29980.541   -29988.814        8.274   331.7      0.114     -0.113     -0.115     -0.396      0.041      0.709
310.2500     -29979.823   -29988.000        8.177   327.8      0.129     -0.408      0.018      0.147     -0.152     -0.194
310.3000     -29980.496   -29988.725        8.229   329.9     -0.590      0.317     -0.441     -0.191      0.438     -0.747
310.3500     -29980.418   -29988.363        7.946   318.5     -0.372     -0.206     -0.181     -0.778     -0.170     -0.245
310.4000     -29980.281   -29987.311        7.029   281.8      0.098     -0.076     -0.054      0.536     -0.329      0.145
310.4500     -29980.251   -29987.861        7.610   305.0     -0.218     -0.395     -0.543     -0.396     -0.537      0.222
310.5000     -29980.142   -29988.654        8.513   341.2     -0.279      0.215     -0.414     -0.058     -0.076     -0.351
310.5500     -29980.492   -29988.262        7.770   311.4      0.403     -0.339      0.007     -0.382      0.350     -0.141
310.6000     -29980.877   -29989.004        8.127   325.8     -0.301     -0.280      0.219      0.052      0.112      0.272
310.6500     -29980.810   -29988.930        8.120   325.5      0.196      0.594      0.121      0.201      0.287     -0.282
310.7000     -29980.574   -29989.139        8.565   343.3     -0.417     -0.486     -0.366     -0.083     -0.187     -0.097
310.7500     -29980.609   -29988.117        7.509   301.0      0.599      0.201     -0.755      0.219      0.099     -0.180
310.8000     -29980.143   -29989.203        9.060   363.2     -0.908     -0.867      0.442     -0.295      0.085     -0.260
310.8500     -29979.961   -29988.426        8.465   339.3     -0.262      0.166     -0.182      0.164      0.094      0.251
310.9000     -29979.791   -29987.848        8.057   322.9     -0.738     -0.412     -0.593      0.517      0.076     -0.162
310.9500     -29979.686   -29988.375        8.689   348.3     -1.169     -0.072      0.369     -0.413      0.409     -0.058
311.0000     -29978.806   -29987.977        9.170   367.6     -0.915     -1.151     -0.683      0.070     -0.570      0.230
311.0500     -29978.978   -29988.293        9.315   373.4     -0.670     -0.536     -0.538      0.137     -0.512     -0.428
311.1000     -29979.270   -29988.008        8.737   350.2     -0.138     -0.231     -0.334      0.485     -0.114     -0.387
311.1500     -29979.318   -29987.842        8.524   341.7     -0.863     -0.456      0.367     -0.265     -0.278      0.069
311.2000     -29979.217   -29988.504        9.287   372.3     -1.018     -0.727      0.347     -0.023     -0.350      0.024
311.2500     -29978.942   -29988.227        9.285   372.2      0.468     -0.620     -0.476     -0.027     -0.075     -0.306
311.3000     -29979.379   -29987.797        8.418   337.4     -0.709     -1.124     -0.932      0.998     -0.128     -0.043
311.3500     -29979.023   -29987.557        8.533   342.1     -0.204      0.138      0.128      0.014      0.472     -0.119
311.4000     -29979.290   -29988.158        8.868   355.5      1.118      0.466     -0.273     -0.146     -0.469      0.355
311.4500     -29978.998   -29987.885        8.887   356.2     -0.310      0.177      0.832      0.383      0.436      0.321
311.5000     -29979.528   -29987.969        8.441   338.4      0.321      0.081      0.315      0.042      0.566     -0.078
311.5500     -29979.423   -29988.135        8.711   349.2     -0.131      0.649     -0.065      0.733     -0.624     -0.064
311.6000     -29979.085   -29987.486        8.401   336.7     -0.456     -0.904     -0.994     -0.018      0.217      0.183
311.6500     -29979.279   -29988.672        9.393   376.5      0.001      0.084      0.035      0.329      0.179     -0.173
311.7000     -29979.592   -29988.178        8.586   344.2     -0.796      0.236     -0.604     -0.401     -0.017      0.683
311.7500     -29979.794   -29988.543        8.749   350.7      0.319     -1.016     -0.608      0.070     -0.362     -0.168
311.8000     -29979.785   -29988.588        8.803   352.9     -0.009     -0.574      0.018     -0.115      0.477      0.644
311.8500     -29979.845   -29989.014        9.169   367.5     -0.310     -0.760     -0.440     -0.573      0.141      0.563
311.9000     -29979.851   -29988.576        8.725   349.7     -0.567      0.148     -0.497     -0.367      0.276     -0.259
311.9500     -29980.322   -29988.477        8.154   326.9      0.724      0.330     -1.162     -0.211      0.295     -0.131
312.0000     -29980.462   -29988.992        8.530   341.9     -0.111      0.525      0.079     -0.016      0.052      0.165
312.0500     -29980.330   -29988.840        8.510   341.1     -0.285     -0.383      0.218      0.189      0.389     -0.250
312.1000     -29980.052   -29987.748        7.697   308.5      0.565     -0.010      0.110      0.534     -0.448     -0.598
312.1500     -29979.882   -29987.436        7.554   302.8      0.777      0.516      0.941     -0.015      0.030      0.115
312.2000     -29979.686   -29987.951        8.265   331.3     -0.195      0.611     -0.527      0.144     -0.293      0.528
312.2500     -29980.209   -29988.348        8.139   326.3     -0.080     -0.947     -0.874     -0.397     -0.284      0.347
312.3000     -29979.810   -29988.062        8.252   330.8      0.124     -1.181     -0.815      0.424      0.611     -0.189
312.3500     -29979.811   -29987.799        7.988   320.2     -0.616      0.394     -1.675     -0.315     -0.480     -0.382
312.4000     -29979.486   -29988.441        8.955   359.0     -0.434     -1.474      0.065     -0.616      0.228      0.072
312.4500     -29979.931   -29987.994        8.063   323.2     -0.040     -0.049     -0.544     -0.131      0.109      0.081
312.5000     -29980.166   -29987.584        7.418   297.3     -0.289     -0.329      0.177      0.251     -0.278      0.696
312.5500     -29980.179   -29988.967        8.787   352.2      0.644     -0.027     -0.155      0.408     -0.392     -0.345
312.6000     -29979.855   -29988.557        8.701   348.8      0.512     -0.493     -0.093      0.168     -0.504      0.377
312.6500     -29979.854   -29988.008        8.154   326.8     -0.265     -0.853     -0.351     -0.263     -0.520     -0.392
312.7000     -29980.032   -29988.230        8.198   328.6      0.364      0.097     -0.635      0.175      0.182      0.110
312.7500     -29980.385   -29988.926        8.540   342.3      0.341      0.361     -0.576     -0.050      0.543     -0.020
312.8000     -29980.509   -29988.830        8.321   333.5     -0.877     -1.076      0.186      0.088      0.489      0.018
312.8500     -29980.438   -29988.750        8.312   333.2      0.464      0.181     -0.985      0.179      0.497     -0.113
312.9000     -29980.493   -29988.953        8.460   339.1     -0.549     -1.054     -0.031     -0.601      0.229     -0.255
312.9500     -29980.520   -29989.100        8.580   343.9      0.104      0.350     -0.163     -0.013      0.012      0.032
313.0000     -29980.333   -29989.131        8.798   352.7     -0.578     -0.820     -0.407      0.092     -0.529     -0.135
313.0500     -29980.750   -29988.660        7.911   317.1     -0.918     -0.450     -0.428      0.277      0.438     -0.286
313.1000     -29980.658   -29988.303        7.645   306.4     -0.222     -0.498     -0.611     -0.182     -0.410      0.298
313.1500     -29980.384   -29988.689        8.306   332.9     -0.464     -0.289      0.283      0.084      0.067     -0.348
313.2000     -29980.617   -29988.885        8.268   331.4     -0.803     -0.099     -0.850     -0.275     -0.106      0.214
313.2500     -29981.183   -29988.613        7.430   297.8     -0.132      0.458     -0.194      0.098      0.182     -0.031
313.3000     -29980.918   -29989.094        8.176   327.7      0.234     -0.458      0.453     -0.138     -0.247     -0.620
313.3500     -29981.185   -29989.594        8.409   337.1     -0.400      0.205      0.408      0.464      0.186     -0.635
313.4000     -29980.916   -29988.812        7.897   316.5     -0.822     -0.029     -1.267      0.012      0.221     -0.157
313.4500     -29981.164   -29989.453        8.289   332.3     -0.410     -0.243      0.105     -0.275     -0.304      0.028
313.5000     -29981.248   -29989.061        7.812   313.2     -0.044      1.048     -0.595     -0.301     -0.274      0.076
313.5500     -29980.407   -29988.830        8.423   337.6     -1.195     -1.099      0.081     -0.346     -0.099      0.394
313.6000     -29980.297   -29988.809        8.511   341.2     -0.137     -0.292     -0.236     -0.082     -0.485      0.494
313.6500     -29980.298   -29988.725        8.427   337.8      0.366      0.471      0.769     -0.083      0.244     -0.412
313.7000     -29980.078   -29988.268        8.190   328.3      0.142      0.660      0.240      0.051     -0.002      0.252
313.7500     -29980.073   -29988.385        8.312   333.2     -0.485     -0.570      0.463      0.262     -0.394      0.290
313.8000     -29980.162   -29988.420        8.257   331.0     -0.607     -0.006     -0.150     -0.029      0.353     -0.328
313.8500     -29979.519   -29987.709        8.190   328.3     -0.214     -1.331     -1.267     -0.295     -0.359      0.250
313.9000     -29979.739   -29989.648        9.910   397.2      0.019     -0.083     -0.945      0.224     -0.271     -0.497
313.9500     -29979.884   -29989.014        9.129   366.0     -0.961      0.829      0.203      0.276      0.433      0.270
314.0000     -29979.397   -29988.158        8.761   351.2      0.395     -0.004     -0.127      0.136     -0.234      0.030
314.0500     -29979.495   -29988.705        9.210   369.2      0.145     -1.115     -0.171      0.201     -0.151      0.459
314.1000     -29979.827   -29988.680        8.853   354.9     -0.117     -0.425     -0.712      0.776     -0.167      0.167
314.1500     -29979.919   -29987.932        8.012   321.2     -0.314     -0.001      0.489     -0.396      0.186     -0.156
314.2000     -29979.848   -29988.680        8.832   354.0     -0.250      0.275     -0.920      0.120     -0.379      0.204
314.2500     -29979.958   -29988.242        8.284   332.1     -0.059      0.081     -0.023      0.058      0.222     -0.037
314.3000     -29979.816   -29988.693        8.878   355.9     -1.141     -0.111     -0.872      0.038     -0.105     -0.395
314.3500     -29979.789   -29989.043        9.253   370.9     -0.621      0.031     -0.817     -0.466      0.098     -0.044
314.4000     -29979.419   -29988.070        8.651   346.8     -0.722     -1.188     -0.195      0.238     -0.136     -0.068
314.4500     -29979.490   -29988.428        8.937   358.3     -0.878      0.178      0.181     -0.543      0.343      0.248
314.5000     -29979.750   -29988.924        9.174   367.7     -0.043      0.325     -0.577     -0.131     -0.148      0.492
314.5500     -29979.716   -29988.346        8.630   345.9     -0.279     -0.857     -0.207      0.500     -0.087     -1.155
314.6000     -29979.509   -29988.293        8.784   352.1     -0.501      0.882     -0.213     -0.222      0.171      0.375
314.6500     -29979.299   -29989.031        9.733   390.1     -0.118      0.176     -1.081      0.258      0.447     -0.186
314.7000     -29979.518   -29988.779        9.261   371.2     -1.450     -0.513     -0.924     -0.343     -0.154     -0.297
314.7500     -29979.570   -29988.713        9.142   366.5     -0.616     -0.269     -0.667      1.034      0.754      0.263
314.8000     -29980.191   -29988.242        8.051   322.7      0.184      0.193      0.021     -0.002     -0.197     -0.034
314.8500     -29979.718   -29987.953        8.235   330.1      0.140     -0.285      0.675     -0.070     -0.475     -0.191
314.9000     -29980.330   -29988.699        8.369   335.5      0.326     -0.265     -0.295     -0.168      0.211      0.699
314.9500     -29980.162   -29988.230        8.069   323.4      0.598      0.253      0.713     -0.173      0.004      0.069
315.0000     -29980.331   -29988.213        7.882   315.9     -0.970     -0.363     -0.240      0.387     -0.177     -0.036
315.0500     -29980.654   -29988.561        7.907   316.9      0.084     -0.344      1.475     -0.698     -0.379     -0.463
315.1000     -29980.586   -29988.381        7.795   312.5      0.556     -0.331     -0.070      0.241     -0.736      0.146
315.1500     -29980.608   -29989.227        8.618   345.5     -0.550      0.260     -0.577      0.363     -0.089     -0.675
315.2000     -29980.404   -29989.037        8.633   346.0      0.274      1.137      0.795      0.418     -0.043      0.278
315.2500     -29980.813   -29988.879        8.066   323.3      0.279     -0.664     -0.702     -0.540     -0.428      0.175
315.3000     -29980.659   -29988.697        8.038   322.2     -0.688     -0.633     -0.184      0.088      0.184      0.035
315.3500     -29980.711   -29988.916        8.205   328.9      0.255     -0.327      0.820      0.231      0.171      0.031
315.4000     -29980.944   -29989.215        8.271   331.6     -0.234      0.487      0.692     -0.565     -0.702      0.072
315.4500     -29981.164   -29989.551        8.387   336.2      0.001     -0.247     -0.096      0.540     -0.088     -0.370
315.5000     -29981.561   -29989.135        7.574   303.6      0.336      0.057     -0.040      0.167     -0.036      0.193
315.5500     -29981.066   -29989.033        7.967   319.3     -0.453      0.116     -0.859     -0.446      0.114      0.122
315.6000     -29981.098   -29989.131        8.033   322.0      0.221     -0.743     -0.222      0.089     -0.248      0.460
315.6500     -29981.016   -29989.129        8.112   325.2     -0.398     -1.383     -0.885     -0.939      0.333      0.475
315.7000     -29980.816   -29989.428        8.612   345.2     -0.287     -0.586      0.100      0.142     -0.345      0.304
315.7500     -29981.006   -29989.340        8.334   334.1     -1.015     -1.356     -1.130     -0.369     -0.193     -0.246
315.8000     -29980.403   -29989.311        8.908   357.1     -0.963     -0.895     -0.895      0.429      0.082     -0.245
315.8500     -29979.823   -29989.365        9.542   382.5      0.078     -0.240     -0.594      0.101     -0.064     -0.221
315.9000     -29980.717   -29988.920        8.203   328.8     -1.215     -1.803     -0.305      0.087     -0.297      0.502
315.9500     -29980.543   -29989.473        8.930   357.9     -0.480     -0.271     -0.610     -0.035     -0.439     -0.424
316.0000     -29981.020   -29989.467        8.447   338.6     -0.426     -0.706     -1.247      0.192      0.771      0.256
316.0500     -29981.058   -29989.244        8.186   328.1      0.376      0.217     -0.119      0.646      0.252      0.309
316.1000     -29980.575   -29988.779        8.205   328.9      0.172      0.218      0.176      0.517     -0.227     -0.745
316.1500     -29980.329   -29988.682        8.352   334.8     -0.210     -1.188     -0.264     -0.025     -0.364     -0.154
316.2000     -29980.509   -29988.727        8.217   329.4      0.730     -0.800     -0.018      0.513      0.485     -0.133
316.2500     -29980.150   -29988.463        8.313   333.2      0.129     -0.651     -0.698      0.262     -0.064     -0.028
316.3000     -29980.619   -29988.990        8.371   335.6     -1.391     -0.956     -0.586     -0.415     -0.016      0.494
316.3500     -29981.272   -29989.430        8.157   327.0     -0.433     -0.564     -0.076      0.525     -0.346      0.295
316.4000     -29981.819   -29990.182        8.363   335.2     -0.828     -0.202     -0.104     -0.662      0.003     -0.167
316.4500     -29981.777   -29989.871        8.094   324.5      0.315     -0.409      0.352      0.320      0.115      0.023
316.5000     -29982.007   -29989.861        7.854   314.8     -0.534     -0.224      0.579     -0.163     -0.237     -0.270
316.5500     -29981.637   -29989.404        7.768   311.4     -0.458     -0.747     -0.461      0.151     -0.073     -0.116
316.6000     -29981.630   -29989.424        7.794   312.4     -0.679     -0.261     -0.435     -0.324     -0.389     -0.425
316.6500     -29981.285   -29989.477        8.191   328.3      0.569      0.321     -0.912      0.075      0.122     -0.289
316.7000     -29981.724   -29990.062        8.338   334.2     -0.331      0.734     -0.122      0.189      0.031     -0.575
316.7500     -29982.019   -29989.893        7.874   315.6     -0.500     -0.780     -0.739     -0.398     -0.063     -0.102
316.8000     -29982.147   -29990.719        8.571   343.6     -0.632     -0.712     -0.356      0.284     -0.209     -0.421
316.8500     -29982.622   -29990.396        7.775   311.6      0.353     -0.316      0.319     -0.814     -0.687      0.137
316.9000     -29982.707   -29990.141        7.433   298.0     -0.660     -0.405     -0.026      0.114      0.127     -0.035
316.9500     -29982.430   -29990.312        7.883   316.0     -0.542     -0.311     -0.515      0.152     -0.250      0.239
317.0000     -29982.345   -29990.406        8.062   323.2      0.181     -0.027     -0.236     -0.057     -0.228      0.245
317.0500     -29981.261   -29989.490        8.229   329.9      0.913     -0.479     -0.291      0.118     -0.341     -0.615
317.1000     -29981.355   -29989.693        8.338   334.2     -1.276     -0.241      0.117      0.096      0.442      0.257
317.1500     -29981.049   -29989.350        8.301   332.7      0.766     -1.119      0.342     -0.262     -0.098     -0.315
317.2000     -29981.318   -29989.359        8.041   322.3     -0.296     -0.106      0.057     -0.153      0.115      0.174
317.2500     -29980.769   -29988.893        8.124   325.6     -0.162      0.057      0.147      0.671     -0.009     -0.074
317.3000     -29980.640   -29988.473        7.832   314.0     -0.292     -0.486     -0.644     -0.202      0.049     -0.972
317.3500     -29980.450   -29988.979        8.529   341.9      0.587      0.168     -0.285     -0.099     -0.141     -0.470
317.4000     -29981.479   -29989.406        7.927   317.8     -0.374     -0.656     -0.497     -0.343     -0.007      0.357
317.4500     -29980.900   -29989.584        8.684   348.1      0.149     -0.437     -0.358     -0.179      0.039      0.041
317.5000     -29980.793   -29989.432        8.639   346.3     -0.269     -0.511      0.992     -0.001      0.415      0.237
317.5500     -29981.233   -29989.211        7.978   319.8      0.095     -0.369      0.042     -0.247      0.403     -0.483
317.6000     -29981.098   -29989.311        8.213   329.2      0.013     -0.775     -0.337      0.652      0.139      0.045
317.6500     -29981.031   -29988.941        7.911   317.1      1.035     -0.362      0.233     -0.152      0.165     -0.737
317.7000     -29980.678   -29988.514        7.835   314.1      0.250      0.151     -0.612     -0.037      0.075     -0.133
317.7500     -29980.247   -29988.395        8.147   326.6      0.658      0.180      0.028      0.526     -0.425     -0.713
317.8000     -29980.579   -29988.854        8.275   331.7      0.284      0.351      0.623     -0.023      0.485      0.186
317.8500     -29980.226   -29988.260        8.034   322.0     -0.872     -0.784     -0.384      0.641      0.010      0.209
317.9000     -29979.985   -29987.785        7.800   312.7     -0.655     -0.358     -0.097     -0.406     -0.173     -0.605
317.9500     -29979.638   -29988.051        8.413   337.2     -0.147     -0.230      1.076     -0.097      0.370     -0.375
318.0000     -29979.631   -29987.385        7.753   310.8     -0.428      0.907      0.754      0.011     -0.428      0.380
318.0500     -29979.085   -29988.104        9.018   361.5      0.140      0.285      0.330     -0.200      0.157      0.037
318.1000     -29979.464   -29987.547        8.083   324.0      0.537      0.397     -1.095     -0.047      0.270     -0.152
318.1500     -29979.223   -29988.922        9.699   388.8     -0.799     -0.009     -0.260      0.116      0.415     -0.036
318.2000     -29979.792   -29988.227        8.435   338.1      0.236     -0.944     -1.089      0.071     -0.146     -0.079
318.2500     -29979.739   -29988.213        8.474   339.7     -0.505     -0.232     -0.204      0.119     -0.807     -0.620
318.3000     -29980.248   -29988.924        8.675   347.7     -0.048     -0.501     -0.150      0.218      0.154     -0.409
318.3500     -29979.944   -29988.285        8.341   334.4     -0.276      0.607     -0.961      0.212     -0.175      1.046
318.4000     -29980.400   -29988.785        8.385   336.1     -0.555     -0.158     -0.771     -0.098     -0.144     -0.755
318.4500     -29981.380   -29989.350        7.970   319.5     -0.128      0.258     -0.095      0.318      0.297     -0.426
318.5000     -29980.732   -29989.148        8.416   337.4      0.295     -0.610      0.231     -0.040     -0.162     -0.200
318.5500     -29981.159   -29989.648        8.489   340.3     -0.489      0.418     -0.367      0.566     -0.184      0.309
318.6000     -29981.320   -29989.520        8.200   328.7     -0.555     -1.080      0.126     -0.160      0.453     -0.403
318.6500     -29982.207   -29989.562        7.356   294.9     -0.669     -1.168      0.132     -0.501     -0.472     -0.542
318.7000     -29982.498   -29990.258        7.759   311.0     -0.699      0.432     -0.932      0.107      0.381      0.059
318.7500     -29982.611   -29990.127        7.516   301.3      0.118     -0.288      0.136      0.309      0.156     -0.057
318.8000     -29982.281   -29989.998        7.717   309.3      0.124     -0.108     -0.400      0.473     -0.064     -0.445
318.8500     -29982.581   -29990.115        7.535   302.0      0.685     -0.945      0.019     -0.090      0.476     -0.359
318.9000     -29982.300   -29989.000        6.700   268.6      0.581      0.087     -0.446     -0.247     -0.163     -0.092
318.9500     -29982.328   -29989.461        7.133   285.9     -0.335     -0.057     -0.107      0.236      0.020      0.033
319.0000     -29982.512   -29989.814        7.302   292.7      0.040     -0.576      0.249     -0.081     -0.474      0.070
319.0500     -29982.259   -29989.709        7.450   298.6     -0.626      0.191     -0.297      0.257     -0.322      0.071
319.1000     -29981.889   -29989.580        7.691   308.3      0.052      0.197      0.468      0.354     -0.005     -0.049
319.1500     -29981.888   -29989.443        7.555   302.8     -0.199     -0.846     -0.718      0.178     -0.506      0.199
319.2000     -29981.854   -29989.332        7.478   299.8     -0.551      0.220      0.400      0.279     -0.357     -0.179
319.2500     -29981.392   -29989.236        7.845   314.4      0.410     -0.376     -0.063     -0.176      0.555      0.502
319.3000     -29981.521   -29988.951        7.430   297.8      0.798      1.171     -0.168      0.090      0.253     -0.063
319.3500     -29980.912   -29989.012        8.099   324.7      0.337     -0.343     -0.421      0.406      0.119     -0.363
319.4000     -29980.858   -29988.697        7.840   314.2     -0.284     -0.210      0.299      0.559     -0.531      0.100
319.4500     -29980.866   -29989.727        8.861   355.2      0.100      0.416      0.694     -0.298      0.591     -0.187
319.5000     -29980.720   -29989.168        8.448   338.6      0.844     -0.588      0.015      0.272     -0.280     -0.096
319.5500     -29980.709   -29988.777        8.068   323.4      0.288     -0.190      0.191      0.247     -0.494     -0.246
319.6000     -29981.169   -29988.807        7.638   306.1     -0.439     -0.065      0.085     -0.302      0.654      0.032
319.6500     -29981.616   -29989.643        8.027   321.7      0.138     -0.816     -0.533     -0.015      0.391     -0.086
319.7000     -29981.578   -29989.398        7.820   313.5     -0.671      0.002     -1.014     -0.460      0.145      0.546
319.7500     -29980.915   -29989.066        8.151   326.7      1.019     -0.390      0.662     -0.519      0.213      0.139
319.8000     -29981.134   -29988.996        7.862   315.1     -0.271      0.643      0.016     -0.383      0.289      0.433
319.8500     -29980.842   -29988.660        7.818   313.4      0.391      0.705      0.632      0.216      0.207      0.340
319.9000     -29980.971   -29988.730        7.760   311.1     -0.082     -0.333      0.286      0.450     -0.168     -0.013
319.9500     -29980.518   -29988.906        8.389   336.3     -0.032     -0.052     -0.237      0.666     -0.584      0.029
320.0000     -29980.142   -29988.141        7.998   320.6     -0.142      0.369     -0.363     -0.330      0.439     -0.319
