Time[ps]      Etot[eV]     Epot[eV]     Ekin[eV]    T[K]      ---------------------- stress [GPa] -----------------------
0.0000       -29978.685   -29987.385        8.700   348.7      0.035      0.068     -0.193     -0.199     -0.639     -0.040
0.0500       -29979.055   -29987.342        8.287   332.2      0.179     -0.695     -0.072      0.042     -0.304     -0.011
0.1000       -29979.070   -29987.201        8.131   325.9     -0.437     -0.741     -0.124     -0.276     -0.193     -0.594
0.1500       -29978.858   -29986.990        8.132   326.0     -1.069      0.907     -0.153      0.149      0.026     -0.218
0.2000       -29978.869   -29987.375        8.506   341.0      0.182     -0.440      0.275      0.224      0.024     -0.280
0.2500       -29979.106   -29987.600        8.494   340.5      0.028     -0.034      0.106      0.428      0.043     -0.557
0.3000       -29979.473   -29988.203        8.730   350.0      0.470     -0.219     -0.524     -0.082      0.045     -0.608
0.3500       -29979.853   -29988.963        9.110   365.2      0.468     -0.234      0.516     -0.024      0.407     -0.038
0.4000       -29979.351   -29987.764        8.413   337.2     -0.132      0.389     -0.371     -0.113      0.071      0.170
0.4500       -29979.259   -29987.955        8.696   348.6      0.272     -0.138      0.624     -0.306     -0.076      0.021
0.5000       -29979.231   -29987.521        8.291   332.3     -1.323     -0.464      0.274      0.261     -0.599      0.076
0.5500       -29979.375   -29987.623        8.248   330.6     -0.005      0.298      0.686     -0.636      0.172     -0.145
0.6000       -29979.469   -29988.398        8.929   357.9      0.062      0.088     -0.011      0.149      0.194      0.086
0.6500       -29979.533   -29988.619        9.086   364.2     -0.319     -0.822     -0.990      0.103      0.503     -0.175
0.7000       -29979.930   -29988.502        8.572   343.6      1.137      0.897      0.919     -0.442     -0.221     -0.327
0.7500       -29980.048   -29988.613        8.565   343.3     -0.037     -0.184     -0.179     -0.281      0.170     -0.084
0.8000       -29979.707   -29988.551        8.844   354.5     -0.283     -0.004      0.472     -0.151      0.098      0.056
0.8500       -29979.858   -29989.076        9.219   369.5     -0.556     -0.593     -0.530     -0.048      0.061     -0.041
0.9000       -29979.766   -29988.900        9.134   366.1     -0.786     -0.221     -1.448      0.408      0.011      0.017
0.9500       -29979.135   -29988.264        9.129   365.9      0.983     -0.378     -0.283      0.341      0.288      0.736
1.0000       -29979.166   -29987.623        8.457   339.0     -0.052      0.797      0.692     -0.143     -0.144      0.640
1.0500       -29979.135   -29987.535        8.400   336.7      0.251     -1.050     -0.478     -0.001     -0.648     -0.130
1.1000       -29979.225   -29987.744        8.519   341.5     -0.404      0.936     -0.162     -0.490     -0.266      0.662
1.1500       -29978.867   -29987.744        8.877   355.9     -0.622     -0.361      0.127     -0.080     -0.192      0.494
1.2000       -29978.776   -29987.361        8.586   344.1     -1.505     -0.923     -0.643     -0.310      0.474     -0.570
1.2500       -29979.220   -29988.061        8.841   354.4     -0.087      0.985      0.195      0.065     -0.193      0.458
1.3000       -29979.783   -29988.297        8.513   341.3     -0.953      0.178     -0.768     -0.271     -0.460     -0.077
1.3500       -29979.340   -29988.236        8.897   356.6     -0.566      0.487     -1.109      0.002      0.342      0.106
1.4000       -29979.234   -29988.109        8.876   355.8     -1.006     -0.276     -1.091     -0.647     -0.061      0.028
1.4500       -29979.174   -29988.385        9.211   369.2     -0.392     -0.369     -0.018      0.256      0.160      0.350
1.5000       -29979.411   -29988.666        9.255   371.0     -0.181      0.260     -0.973      0.569     -0.100      0.208
1.5500       -29978.879   -29987.697        8.818   353.5     -1.051     -0.471     -0.320      0.432     -0.252     -0.212
1.6000       -29979.009   -29987.561        8.551   342.8      0.118     -0.558     -1.316     -0.096     -0.141      0.084
1.6500       -29979.070   -29987.113        8.043   322.4     -0.759     -0.205      0.537      0.485     -0.495     -0.028
1.7000       -29979.088   -29987.846        8.758   351.1     -0.068     -0.393     -0.358      0.074      0.055     -0.529
1.7500       -29979.504   -29987.502        7.998   320.6     -1.318      0.198     -0.660     -0.317     -0.431      0.635
1.8000       -29979.269   -29988.393        9.124   365.7     -0.821     -1.388     -1.206      0.825     -0.122     -0.365
1.8500       -29979.426   -29987.812        8.386   336.2     -0.683     -0.732     -1.232      0.243     -0.383      0.011
1.9000       -29979.664   -29987.504        7.840   314.3     -0.046     -1.163     -0.652     -0.041     -0.377      0.100
1.9500       -29979.820   -29988.055        8.235   330.1     -1.216     -0.972     -1.112      0.316      0.016     -0.338
2.0000       -29979.937   -29988.658        8.721   349.6      0.128     -0.588     -0.338      0.094      0.056      0.025
2.0500       -29980.381   -29988.680        8.298   332.6      0.074      0.218      0.035     -0.209      0.089      0.466
2.1000       -29980.513   -29988.516        8.003   320.8     -0.155     -0.238     -1.266     -0.165      0.056     -0.529
2.1500       -29980.846   -29989.084        8.238   330.2     -0.071      0.557      0.539     -0.011     -0.687      0.304
2.2000       -29980.532   -29988.584        8.052   322.8      0.068      0.041      0.604     -0.319     -0.351      0.283
2.2500       -29980.298   -29988.791        8.494   340.5      0.005     -0.058      0.253      0.316     -0.230     -0.435
2.3000       -29980.340   -29989.346        9.006   361.0      0.741      0.023      1.049     -0.078      0.078      0.463
2.3500       -29980.061   -29988.801        8.740   350.4      0.346     -0.364     -0.234      0.362     -0.360     -0.105
2.4000       -29980.166   -29988.830        8.664   347.3     -0.089     -0.944     -0.431     -0.179      0.048      0.036
2.4500       -29980.201   -29988.486        8.285   332.1      0.252     -0.762      0.346      0.304     -0.330     -0.376
2.5000       -29980.243   -29988.521        8.278   331.8     -0.512     -0.125     -0.164     -0.185      0.106      0.123
2.5500       -29980.323   -29988.943        8.620   345.5      0.529      0.420      0.383     -0.300      0.354     -0.097
2.6000       -29979.707   -29987.785        8.078   323.8      0.453      0.752     -0.615      0.516     -0.254     -0.065
2.6500       -29979.452   -29988.086        8.634   346.1      0.045     -0.187      0.052     -0.880      0.302     -0.386
2.7000       -29979.374   -29987.955        8.581   344.0     -0.316     -0.170     -0.305      0.324     -0.010      0.207
2.7500       -29979.169   -29987.574        8.405   336.9      0.180     -0.398      0.439     -0.455      0.477     -0.299
2.8000       -29978.866   -29987.248        8.382   336.0     -0.355     -0.696     -0.831      0.134     -0.098     -0.354
2.8500       -29978.627   -29988.049        9.421   377.7     -0.211      0.490      0.083     -0.035      0.204     -0.019
2.9000       -29979.186   -29987.971        8.785   352.1     -0.282     -0.826      0.920     -0.490     -0.164      0.312
2.9500       -29979.262   -29988.268        9.006   361.0     -0.116     -0.140     -0.942     -0.103     -0.580     -0.165
3.0000       -29978.851   -29987.857        9.006   361.0     -1.431     -0.865     -0.014     -0.233     -0.174     -0.140
3.0500       -29978.983   -29987.994        9.012   361.2     -0.536     -0.382     -0.823      0.059      0.442     -0.126
3.1000       -29978.671   -29987.395        8.723   349.7      0.055     -0.028      0.049     -0.461     -0.407      0.176
3.1500       -29978.700   -29987.273        8.573   343.7     -0.322     -1.286     -0.483      0.752     -0.091     -0.132
3.2000       -29978.910   -29987.484        8.574   343.7      0.121      0.137     -0.770     -0.154     -0.120      0.093
3.2500       -29978.598   -29987.723        9.124   365.7      0.315      0.540      0.797     -0.364     -0.133      0.067
3.3000       -29978.816   -29987.570        8.754   350.9     -0.478      0.076     -0.787     -0.004      0.538     -0.352
3.3500       -29978.973   -29987.133        8.160   327.1     -0.436     -0.586     -0.024     -0.383     -0.245     -0.123
3.4000       -29979.022   -29987.998        8.976   359.8     -0.616     -0.133      0.541      0.016     -0.165     -0.345
3.4500       -29978.746   -29987.031        8.285   332.1      0.872     -0.763     -0.712      0.154     -0.262     -0.229
3.5000       -29979.217   -29987.609        8.393   336.4     -1.532      0.074      0.307     -0.074     -0.145      0.055
3.5500       -29979.178   -29987.877        8.699   348.7     -0.282     -0.574      0.055      0.120     -0.015     -0.116
3.6000       -29979.303   -29987.393        8.089   324.2      1.012     -0.296      0.435     -0.070     -0.180     -0.200
3.6500       -29979.006   -29987.311        8.305   332.9     -0.338     -0.401     -0.691      0.371      0.113     -0.160
3.7000       -29979.084   -29986.973        7.889   316.2      0.349      0.242      0.899     -0.090     -0.027      0.732
3.7500       -29979.561   -29987.326        7.765   311.3      0.212     -0.371      0.106      0.334     -0.128     -0.410
3.8000       -29978.632   -29987.182        8.550   342.7      0.747      0.543     -0.054     -0.515     -0.283     -0.133
3.8500       -29978.604   -29986.461        7.857   314.9     -0.106      0.512      0.588      0.474      0.159      0.523
3.9000       -29978.486   -29986.910        8.424   337.7      0.042     -0.017     -0.211     -0.004      0.327     -0.119
3.9500       -29978.360   -29987.498        9.138   366.3     -0.529     -0.972      0.245      0.464      0.117      0.267
4.0000       -29978.322   -29987.418        9.096   364.6     -0.111     -0.024     -0.630     -0.689      0.316     -0.347
4.0500       -29978.529   -29987.242        8.713   349.3      0.427      1.033      0.045     -0.202     -0.239      0.932
4.1000       -29978.728   -29987.428        8.700   348.7     -0.294     -0.631      0.209      0.055      0.302     -0.322
4.1500       -29978.740   -29987.863        9.123   365.7     -0.289     -0.595     -0.637      0.169      0.519      0.131
4.2000       -29979.252   -29988.461        9.209   369.1     -0.877     -0.323      0.801     -0.315      0.079     -0.288
4.2500       -29978.975   -29987.219        8.244   330.5     -0.077      0.067      0.266     -0.229      0.002     -0.118
4.3000       -29978.985   -29987.500        8.515   341.3      1.128      0.649      0.635      0.382     -0.066     -0.173
4.3500       -29978.558   -29986.715        8.156   326.9      0.205      0.281      0.494     -0.297      0.316     -0.855
4.4000       -29979.144   -29987.426        8.282   332.0      0.475     -0.175     -0.780      0.182      0.170      0.585
4.4500       -29979.275   -29987.838        8.563   343.2     -0.513      0.179      0.396     -0.060      0.039     -0.108
4.5000       -29979.572   -29988.207        8.635   346.1     -0.472      1.029     -0.430      0.555     -0.099     -0.506
4.5500       -29979.918   -29987.875        7.957   319.0      1.009     -0.911      0.468     -0.242      0.840     -0.275
4.6000       -29979.949   -29987.809        7.859   315.0     -0.106     -0.197      0.219      0.533      0.031     -0.083
4.6500       -29980.036   -29989.086        9.050   362.7      0.288      0.147     -0.471      0.518     -0.200      0.152
4.7000       -29980.019   -29988.672        8.653   346.8     -0.192      0.225     -0.117     -0.113     -0.055     -0.023
4.7500       -29980.255   -29988.258        8.002   320.8     -0.325      0.019     -0.553      0.044     -0.285      0.136
4.8000       -29980.555   -29988.264        7.709   309.0     -0.091      0.253     -0.929      0.714      0.069     -0.419
4.8500       -29980.644   -29989.264        8.619   345.5      0.344     -0.531      0.335     -0.163     -0.321      0.553
4.9000       -29980.746   -29988.631        7.884   316.0     -0.020     -0.300      0.097     -0.073     -0.107      0.160
4.9500       -29980.774   -29988.531        7.757   310.9     -0.507     -1.367     -0.753     -0.070     -0.233     -0.192
5.0000       -29980.726   -29988.887        8.160   327.1     -0.400     -0.827     -0.616      0.318      0.077     -0.422
5.0500       -29980.318   -29988.689        8.371   335.6     -0.079     -0.851      0.071      0.401      0.163     -0.512
5.1000       -29980.306   -29988.361        8.056   322.9      0.342      0.823      1.083      0.157      0.503      0.499
5.1500       -29980.548   -29989.076        8.528   341.8      0.358     -0.998     -0.488      0.069      0.218     -0.092
5.2000       -29980.466   -29988.039        7.573   303.6      0.352     -0.036      0.228     -0.698     -0.385      0.296
5.2500       -29980.448   -29989.326        8.878   355.9      0.761      0.234      0.132      0.000     -0.426     -0.562
5.3000       -29980.430   -29988.562        8.133   326.0     -0.209      0.269      0.131     -0.063     -0.842     -0.261
5.3500       -29980.222   -29988.064        7.843   314.4      0.398      0.898      0.907      0.977     -0.070     -0.020
5.4000       -29980.161   -29988.855        8.695   348.5     -0.099      0.310     -1.444      0.515     -0.646      0.034
5.4500       -29980.050   -29988.441        8.392   336.4     -0.284     -0.286      0.439      0.935     -0.417     -0.345
5.5000       -29980.023   -29988.416        8.393   336.4      0.200     -0.122     -0.006     -0.084     -0.288     -0.435
5.5500       -29980.685   -29988.557        7.872   315.5      0.355      0.254     -0.326     -0.048      0.160      0.377
5.6000       -29980.474   -29989.023        8.550   342.7      0.123     -0.655      0.355     -0.337     -0.638     -0.597
5.6500       -29980.141   -29988.738        8.597   344.6     -0.472      0.431      0.021      0.259      0.354      0.032
5.7000       -29980.152   -29988.967        8.815   353.4      0.372      0.111      0.593      0.163      0.001     -0.103
5.7500       -29980.107   -29988.516        8.409   337.1     -0.217      0.248      1.400     -0.190     -0.243      0.186
5.8000       -29980.096   -29988.625        8.529   341.9     -0.487     -0.837     -0.236      0.385      0.020      0.010
5.8500       -29981.071   -29988.941        7.870   315.5      0.392      0.086      0.702      0.165     -0.102     -0.604
5.9000       -29981.038   -29989.027        7.990   320.3      0.110      0.993      0.440      0.509      0.072      0.565
5.9500       -29981.090   -29988.316        7.227   289.7      0.041      0.282     -0.103      0.010      0.102      0.165
6.0000       -29981.243   -29988.965        7.722   309.5     -0.722     -0.969     -0.829     -0.229     -0.286      0.120
6.0500       -29981.183   -29988.617        7.434   298.0     -0.383     -1.154     -1.046     -0.092      0.391      0.189
6.1000       -29980.592   -29988.246        7.654   306.8      0.447      0.095      0.154      0.045     -0.188     -0.089
6.1500       -29980.193   -29988.164        7.971   319.5     -1.374      0.354     -0.390      0.130     -0.073      0.173
6.2000       -29979.940   -29988.621        8.681   348.0      0.147     -0.403     -0.329      0.370      0.017     -0.182
6.2500       -29980.763   -29988.658        7.895   316.5     -0.918     -0.435     -0.595      0.136      0.445      0.489
6.3000       -29980.468   -29988.500        8.032   322.0     -0.303     -0.524     -0.116     -0.304      0.253     -0.575
6.3500       -29980.283   -29988.549        8.266   331.3      0.449     -0.865     -0.135      0.334     -0.363     -0.049
6.4000       -29980.393   -29988.553        8.160   327.1     -0.097     -0.187      0.143      0.262      0.204      0.129
6.4500       -29980.287   -29988.662        8.375   335.7     -0.070     -0.967     -1.101     -0.135     -0.235      0.608
6.5000       -29980.427   -29988.203        7.776   311.7     -0.565     -1.105     -0.563      0.507      0.584     -0.043
6.5500       -29980.374   -29988.588        8.214   329.3     -0.923     -0.512      0.286      0.209     -0.149     -0.054
6.6000       -29980.841   -29989.432        8.591   344.4     -0.491     -0.664     -0.558      0.647     -0.471     -0.030
6.6500       -29980.774   -29989.270        8.495   340.5     -0.145     -0.233     -0.075     -0.093     -0.147      0.314
6.7000       -29980.979   -29988.586        7.607   304.9      1.258      0.341      0.280      0.294      0.472     -0.584
6.7500       -29981.199   -29989.121        7.922   317.6      0.269      1.050      0.090      0.510     -0.511      0.368
6.8000       -29981.157   -29988.852        7.694   308.4      0.085     -0.301     -0.178     -1.077      0.346      0.050
6.8500       -29981.563   -29989.006        7.443   298.4     -0.942     -0.763     -0.455      0.944      0.262      0.146
6.9000       -29981.879   -29989.746        7.867   315.4      0.018     -0.002     -0.395     -0.432     -0.222     -0.195
6.9500       -29981.739   -29989.293        7.554   302.8      1.215     -0.518     -0.229     -0.165      0.011     -0.018
7.0000       -29981.294   -29989.014        7.719   309.4      0.327      0.243      0.287      0.107     -0.549     -0.197
7.0500       -29981.159   -29988.920        7.761   311.1     -0.592     -1.015     -0.499      0.669     -0.448      0.153
7.1000       -29981.321   -29989.537        8.216   329.3      0.308     -0.160      0.286     -0.044      0.465      0.026
7.1500       -29981.262   -29989.443        8.181   327.9      0.391      0.697     -0.175      0.050     -0.104      0.075
7.2000       -29981.540   -29988.920        7.379   295.8     -0.723     -0.807     -0.810      0.438     -0.055      0.011
7.2500       -29982.017   -29989.662        7.645   306.5     -0.091      0.117     -0.675      0.232     -0.490      0.140
7.3000       -29981.883   -29989.691        7.808   313.0      0.446     -0.163      0.260     -0.327     -0.185     -0.331
7.3500       -29981.593   -29989.559        7.965   319.3      0.130     -1.093     -0.956      0.508     -0.116      0.365
7.4000       -29980.534   -29989.129        8.595   344.5     -0.563     -0.625      0.004      0.016      0.182     -0.108
7.4500       -29980.977   -29988.707        7.730   309.9     -0.142     -0.594     -0.855     -0.160     -0.165      0.443
7.5000       -29980.725   -29988.533        7.808   313.0     -1.319     -1.206     -0.273     -0.237     -0.521      0.589
7.5500       -29980.680   -29989.080        8.400   336.7     -0.238     -0.233     -0.733     -0.236      0.226     -0.180
7.6000       -29981.077   -29989.619        8.542   342.4     -0.466     -0.080     -0.060     -0.516     -0.544      0.221
7.6500       -29981.590   -29989.965        8.375   335.7     -0.459     -0.652     -0.176      0.039     -0.034     -0.152
7.7000       -29981.618   -29989.969        8.350   334.7     -0.879     -0.835     -0.071      0.078     -0.128     -0.251
7.7500       -29981.633   -29989.404        7.771   311.5     -0.959     -0.511     -0.182      0.520      0.092      0.431
7.8000       -29981.432   -29989.402        7.970   319.5      0.847     -0.178     -0.304     -0.065     -0.605      0.630
7.8500       -29981.781   -29989.982        8.202   328.8     -0.330      0.119     -0.258      0.161     -0.292     -0.061
7.9000       -29981.881   -29989.963        8.082   323.9      1.109     -0.124      0.693     -0.125     -0.296     -0.234
7.9500       -29981.246   -29989.531        8.285   332.1     -0.439      0.068     -0.048     -0.585     -0.236      0.187
8.0000       -29980.966   -29988.965        7.999   320.6      0.149      0.141     -0.509      0.168     -0.035     -0.029
8.0500       -29981.063   -29988.664        7.602   304.7      0.228      0.137     -0.500      0.521      0.185      0.106
8.1000       -29981.022   -29989.207        8.185   328.1     -0.265     -0.980     -0.538     -0.525     -0.137     -0.378
8.1500       -29980.978   -29988.770        7.792   312.3      0.212     -0.448      0.075     -0.206     -0.071      0.064
8.2000       -29981.304   -29989.092        7.788   312.2     -0.899     -0.865     -1.034     -0.162     -0.248     -0.311
8.2500       -29982.247   -29990.143        7.895   316.5     -0.128      0.457      0.362     -0.116     -0.157      0.098
8.3000       -29982.821   -29990.596        7.775   311.6      0.176     -0.689      0.080     -0.110      0.097     -0.280
8.3500       -29982.572   -29990.242        7.670   307.5      0.109     -0.306      0.710      0.426      0.541      0.238
8.4000       -29982.882   -29989.867        6.985   280.0     -0.632      0.140      0.097     -0.304     -0.634     -0.214
8.4500       -29982.889   -29989.793        6.904   276.8     -0.626     -0.478     -0.373     -0.002     -0.580     -0.075
8.5000       -29982.101   -29989.611        7.511   301.1      0.279     -0.058      0.672      0.216      0.215     -0.077
8.5500       -29982.492   -29989.891        7.399   296.6     -0.075      0.333      0.825     -0.391     -0.662     -0.511
8.6000       -29981.918   -29990.195        8.277   331.8      0.028     -0.611      0.118     -0.342      0.161     -0.000
8.6500       -29982.331   -29989.471        7.140   286.2      0.129     -1.073      0.237     -0.252     -0.261      0.377
8.7000       -29981.920   -29989.371        7.451   298.7     -0.080     -0.726     -0.189      0.171     -0.106     -0.110
8.7500       -29981.630   -29988.752        7.122   285.5      0.608     -0.691     -0.234     -0.147      0.287     -0.199
8.8000       -29981.735   -29989.711        7.976   319.7     -0.855     -0.688      0.187     -0.141      0.257      0.055
8.8500       -29981.390   -29989.564        8.174   327.7     -0.466     -0.820     -1.106     -0.311     -0.306      0.510
8.9000       -29981.460   -29989.541        8.081   323.9     -1.006     -1.550     -1.166     -0.206      0.027     -0.305
8.9500       -29981.778   -29988.883        7.105   284.8      0.119      0.039      0.680      0.892     -0.060      0.097
9.0000       -29981.867   -29989.145        7.277   291.7     -0.277     -0.263     -0.835     -0.707     -0.162      0.212
9.0500       -29981.392   -29989.059        7.666   307.3      0.471     -0.688      0.187      0.460      0.631      0.096
9.1000       -29980.907   -29989.170        8.263   331.2     -0.375     -0.707     -0.125     -0.740     -0.370      0.026
9.1500       -29980.737   -29988.334        7.597   304.5     -0.850     -0.389      0.049      0.396     -0.378      0.460
9.2000       -29980.880   -29988.688        7.808   313.0     -0.830     -0.762      0.492     -0.003      0.328      0.263
9.2500       -29980.949   -29989.158        8.209   329.1     -0.271     -0.141     -1.184      0.056     -0.353     -0.124
9.3000       -29980.548   -29988.523        7.975   319.7     -0.226     -1.053      0.021     -0.551      0.153      0.414
9.3500       -29980.563   -29988.977        8.414   337.3     -0.527     -0.019     -0.161      0.203      0.413      0.291
9.4000       -29980.111   -29988.910        8.799   352.7     -0.337      0.025     -0.331      0.455      0.265      0.341
9.4500       -29980.006   -29988.807        8.801   352.8     -0.484     -0.441     -0.229      0.632      0.662      0.063
9.5000       -29979.799   -29988.520        8.721   349.6      0.373     -0.130      0.085     -0.412      0.013     -0.066
9.5500       -29980.051   -29988.275        8.224   329.7     -0.665     -0.157     -0.347     -0.221     -0.270     -0.545
9.6000       -29979.973   -29988.119        8.146   326.5     -0.378     -1.664     -0.118      0.490      0.134      0.467
9.6500       -29980.061   -29987.816        7.755   310.9     -0.187      0.420     -0.349     -0.368     -0.224      0.621
9.7000       -29979.319   -29988.004        8.685   348.1      0.185     -0.388      0.400     -0.019     -0.381      0.188
9.7500       -29979.530   -29987.865        8.335   334.1     -1.273     -0.665     -0.949      0.196     -0.468      0.278
9.8000       -29979.930   -29988.650        8.720   349.5      0.126     -0.788     -0.547     -0.966      0.650     -0.150
9.8500       -29979.661   -29988.766        9.105   365.0     -0.680      0.733     -0.574     -0.475      0.300      0.343
9.9000       -29979.296   -29987.977        8.680   347.9     -0.335     -0.724     -0.573      0.125     -0.006     -0.161
9.9500       -29979.911   -29988.643        8.731   350.0     -0.117      0.529     -0.749      0.559      0.056      0.543
10.0000      -29979.170   -29988.404        9.234   370.1     -0.623     -0.876      0.445     -0.441      0.034      0.124
10.0500      -29978.968   -29987.814        8.846   354.6     -0.032      0.754      0.253     -0.225     -0.367     -0.411
10.1000      -29979.581   -29988.363        8.783   352.1      1.139      0.363      0.027     -0.421      0.114     -0.180
10.1500      -29979.640   -29988.533        8.894   356.5     -0.084      0.116     -0.154     -0.228      0.348      0.220
10.2000      -29979.917   -29988.859        8.942   358.5      0.159      0.012      0.317      0.409      0.155     -0.188
10.2500      -29980.393   -29988.166        7.773   311.6     -0.578     -1.259     -0.215      0.200      0.205      0.198
10.3000      -29979.942   -29988.889        8.947   358.6      0.838      0.097      0.661      0.349     -0.310     -0.187
10.3500      -29979.351   -29988.400        9.049   362.7     -0.172      0.163     -0.863      0.052      0.641     -0.215
10.4000      -29979.892   -29988.492        8.601   344.8      0.171      0.429      0.635     -0.325     -0.551      0.242
10.4500      -29980.351   -29988.080        7.729   309.8     -1.013     -0.478     -0.923     -0.049      0.033     -0.217
10.5000      -29980.368   -29988.783        8.415   337.3      0.036      0.053      0.713      0.475     -0.178      0.021
10.5500      -29980.668   -29988.594        7.926   317.7      0.756      0.156      0.248     -0.035      0.808      0.137
10.6000      -29980.652   -29989.027        8.376   335.7      0.088      0.072      0.113      0.170     -0.265     -0.382
10.6500      -29980.867   -29988.340        7.473   299.5      0.759      0.436     -0.144     -0.126      0.008      0.136
10.7000      -29980.488   -29989.160        8.672   347.6      0.186      0.472      0.432     -0.413      0.092     -0.067
10.7500      -29980.737   -29989.352        8.615   345.3      0.238      0.258      0.254      0.019     -0.101     -0.132
10.8000      -29980.415   -29988.438        8.022   321.6     -0.061      0.517      0.498     -0.043      0.016     -0.233
10.8500      -29980.930   -29988.430        7.499   300.6      0.599      0.501     -0.280     -0.410     -0.025      0.069
10.9000      -29981.201   -29988.602        7.400   296.6      0.374      0.094     -0.587     -0.403      0.137     -0.022
10.9500      -29981.223   -29988.656        7.433   298.0      0.048      0.344      0.526     -0.252      0.053      0.419
11.0000      -29981.344   -29988.959        7.615   305.2      0.311      0.381     -0.668     -0.092     -0.392     -0.073
11.0500      -29981.572   -29988.982        7.410   297.0     -0.325     -0.684     -0.732     -0.378      0.305      0.165
11.1000      -29981.171   -29988.799        7.628   305.8      0.086      0.549      1.335      0.185     -0.156      0.235
11.1500      -29981.071   -29989.250        8.179   327.9     -0.076      0.047     -0.217     -0.498      0.038      0.716
11.2000      -29980.758   -29989.742        8.984   360.1      0.857     -0.639     -0.989      0.080      0.213     -0.871
11.2500      -29980.348   -29988.693        8.346   334.5     -0.062      0.624     -0.139     -0.407     -0.108     -0.439
11.3000      -29981.022   -29988.391        7.368   295.4      0.697     -0.090     -0.681      1.015     -0.102     -0.176
11.3500      -29981.609   -29989.238        7.630   305.8      0.048     -0.265     -0.333      0.516     -0.236      0.207
11.4000      -29981.925   -29989.393        7.468   299.4     -0.238     -0.492     -0.750     -0.025      0.856     -0.160
11.4500      -29982.088   -29990.170        8.082   324.0      0.829     -0.030     -0.306     -0.116     -0.374     -0.468
11.5000      -29982.125   -29990.547        8.422   337.6     -0.601     -0.644     -1.013      0.473      0.711      0.207
11.5500      -29982.485   -29990.338        7.853   314.8      0.250      0.802      0.288     -0.118     -0.245      0.410
11.6000      -29982.420   -29990.584        8.164   327.3     -0.937     -0.803     -0.385      0.363      0.599      0.013
11.6500      -29982.064   -29990.455        8.391   336.3     -0.227      0.277      0.303      0.050      0.186      0.161
11.7000      -29981.965   -29989.562        7.598   304.6      0.480     -0.537     -0.391      0.157      0.238      0.327
11.7500      -29982.384   -29989.564        7.180   287.8      0.596     -0.248      0.570     -0.273      0.430      0.252
11.8000      -29981.862   -29989.848        7.986   320.1     -0.332     -0.539      0.358      0.064     -0.375      0.382
11.8500      -29982.133   -29990.367        8.234   330.1     -0.176     -0.314     -0.790     -0.501      0.261      0.535
11.9000      -29982.391   -29990.250        7.859   315.0      0.130     -0.021      0.204     -0.585      0.023      0.496
11.9500      -29982.348   -29990.531        8.184   328.0      0.359      0.578      0.087      0.090     -0.566      0.068
12.0000      -29982.089   -29991.117        9.028   361.9      0.731     -1.153      0.215     -0.432      0.326      0.234
12.0500      -29982.549   -29990.369        7.820   313.5     -0.798      0.006      0.051     -0.358      0.000      0.440
12.1000      -29982.268   -29990.037        7.769   311.4      0.289     -0.971     -0.358      0.245     -0.269     -0.064
12.1500      -29982.039   -29989.832        7.793   312.4     -1.157     -0.122     -0.913     -0.507     -0.263     -0.237
12.2000      -29982.060   -29990.248        8.188   328.2      0.157      0.141      0.254     -0.068     -0.155      0.347
12.2500      -29982.235   -29990.605        8.371   335.5     -0.480      0.381     -0.040      0.107     -0.329     -0.233
12.3000      -29982.680   -29989.941        7.261   291.1      0.122     -0.601     -0.592      0.506      0.259      0.177
12.3500      -29982.354   -29990.562        8.209   329.0      0.047      0.312      0.538     -0.378     -0.085      0.303
12.4000      -29982.243   -29990.715        8.472   339.6     -0.271     -0.010      0.474     -0.001      0.286     -0.734
12.4500      -29981.963   -29990.307        8.343   334.4     -0.167      0.640      0.045     -0.001      0.308     -0.113
12.5000      -29981.951   -29989.754        7.803   312.8      1.530      0.651      0.561     -0.306     -0.595      0.277
12.5500      -29981.742   -29989.449        7.707   309.0     -1.091     -0.629     -0.609     -0.407      0.104      0.105
12.6000      -29981.704   -29989.922        8.218   329.4     -0.912     -0.570     -0.513      0.529     -0.108     -0.199
12.6500      -29981.711   -29989.572        7.862   315.1     -0.998     -0.411     -0.774     -0.481      0.137     -0.139
12.7000      -29980.981   -29989.100        8.119   325.4     -1.082     -0.639     -0.052      0.447      0.204      0.303
12.7500      -29981.468   -29989.428        7.960   319.1      1.035      0.166     -0.605      0.287     -0.326     -0.123
12.8000      -29981.289   -29989.670        8.381   336.0     -0.689     -0.924     -0.061     -0.403      0.652     -0.037
12.8500      -29981.144   -29989.697        8.553   342.8     -0.512     -1.116     -0.135      0.184     -0.205     -0.128
12.9000      -29980.774   -29988.941        8.168   327.4      0.392     -0.547     -0.116      0.489      0.122      0.096
12.9500      -29980.955   -29988.838        7.883   316.0     -0.605     -0.117      0.224     -0.703     -0.426     -0.032
13.0000      -29980.945   -29989.309        8.364   335.3     -0.228     -0.271      0.009      0.270      0.359      0.017
13.0500      -29980.701   -29989.215        8.514   341.3      0.393     -0.722     -0.361     -0.698      0.612     -0.267
13.1000      -29980.580   -29988.920        8.340   334.3     -0.318     -0.005      0.759     -0.004      0.396      0.113
13.1500      -29980.531   -29988.740        8.209   329.1     -0.232     -0.640     -0.702     -0.480      0.095     -0.471
13.2000      -29980.233   -29988.260        8.026   321.7      0.064     -0.618     -0.501     -0.074      0.696     -0.178
13.2500      -29979.961   -29988.635        8.673   347.7     -0.204     -0.073     -0.909      0.327     -0.570      0.171
13.3000      -29980.485   -29988.535        8.050   322.7      0.479      0.593      0.043     -0.091      0.592      0.274
13.3500      -29980.508   -29988.471        7.963   319.2      0.081      0.205      0.964      0.373     -0.245     -0.187
13.4000      -29980.365   -29988.965        8.599   344.7     -0.238     -0.291     -0.272      0.537      0.596      0.363
13.4500      -29980.878   -29989.057        8.179   327.8      0.229      0.376     -0.040     -0.073     -0.468     -0.313
13.5000      -29980.553   -29989.520        8.967   359.4     -0.446     -0.671      0.117     -0.479      0.012     -0.375
13.5500      -29980.449   -29989.248        8.800   352.7     -0.368      0.133      0.347      0.121      0.178      0.142
13.6000      -29980.613   -29988.555        7.942   318.4     -0.126     -1.307     -0.921     -0.029      0.057      0.056
13.6500      -29980.989   -29989.643        8.654   346.9     -0.529     -0.334      0.053     -0.050      0.428      0.361
13.7000      -29981.296   -29989.016        7.720   309.5      0.091     -0.487     -0.738     -0.259     -0.446     -0.005
13.7500      -29981.397   -29989.096        7.698   308.6     -0.053     -1.543      0.282      0.289      0.121     -0.114
13.8000      -29981.271   -29989.080        7.809   313.0     -0.364     -1.111     -0.876      0.190     -0.462     -0.325
13.8500      -29981.297   -29989.043        7.746   310.5     -0.724     -1.694     -1.055      0.232     -0.645      0.535
13.9000      -29981.539   -29990.002        8.463   339.2      0.169     -0.322     -0.351     -0.194      0.134      0.180
13.9500      -29981.392   -29989.848        8.456   339.0     -0.648     -0.474     -0.087      0.167     -0.321     -0.516
14.0000      -29981.471   -29989.678        8.207   329.0      0.928      0.324     -0.889     -0.328      0.089      0.159
14.0500      -29981.417   -29990.086        8.669   347.5     -0.191     -1.420     -0.185      0.030      0.099      0.590
14.1000      -29981.806   -29989.344        7.538   302.2     -0.669      0.342     -0.025     -0.491      0.359     -0.144
14.1500      -29981.649   -29989.771        8.122   325.6      0.438     -0.517     -0.308      0.093      0.392      0.145
14.2000      -29981.887   -29990.080        8.193   328.4      0.926      0.188      0.402     -0.184      0.336     -0.139
14.2500      -29981.880   -29989.729        7.849   314.6      0.439     -0.558     -0.569     -0.391     -0.691      0.118
14.3000      -29982.122   -29990.277        8.156   326.9     -0.186     -0.089     -0.490     -0.155      0.605      0.700
14.3500      -29981.651   -29989.350        7.699   308.6     -0.513     -0.674     -0.889      0.453      0.306     -0.092
14.4000      -29982.172   -29990.463        8.291   332.3      0.011      0.404      0.201      0.223     -0.394     -0.040
14.4500      -29981.877   -29989.967        8.090   324.3      1.078      0.302      1.423     -0.427      0.283      0.345
14.5000      -29981.829   -29990.523        8.694   348.5      0.531      0.797      0.744      0.140     -0.002      0.557
14.5500      -29982.204   -29989.768        7.563   303.2     -0.218      0.425      0.016     -0.399      0.251     -0.508
14.6000      -29981.653   -29990.205        8.552   342.8      0.292      0.473     -0.470     -0.286     -0.466      0.224
14.6500      -29981.042   -29989.602        8.560   343.1      0.376     -0.402      0.471     -0.250      0.160      0.019
14.7000      -29980.932   -29989.242        8.310   333.1      0.114      0.171     -0.310     -0.154      0.552     -0.018
14.7500      -29980.468   -29989.234        8.767   351.4     -0.431     -0.244     -1.232      0.169      0.208      0.123
14.8000      -29980.367   -29989.062        8.696   348.6      0.123     -0.482     -0.290     -0.033      0.521     -0.201
14.8500      -29979.845   -29988.750        8.905   357.0      0.715     -0.344      0.125     -0.310      0.450      0.581
14.9000      -29980.113   -29989.195        9.082   364.1     -0.070      0.256      0.293     -0.145      0.098      0.099
14.9500      -29980.400   -29989.000        8.600   344.7     -1.529     -0.797     -0.354      0.314     -0.070     -0.379
15.0000      -29980.639   -29989.699        9.060   363.2      0.146     -0.342      0.122     -0.235      0.160      0.108
15.0500      -29980.907   -29989.307        8.400   336.7      1.137     -0.187     -0.080     -0.486     -0.031     -0.315
15.1000      -29980.588   -29988.715        8.127   325.8     -0.279      0.316     -0.271      0.083      0.389      0.111
15.1500      -29981.010   -29989.041        8.031   321.9      0.128     -0.183     -0.111      0.517     -0.284     -0.147
15.2000      -29981.186   -29989.551        8.365   335.3      0.373     -0.230      0.185      0.131      0.624      0.576
15.2500      -29980.994   -29989.436        8.441   338.4     -1.414     -0.923     -0.841      0.218     -0.678      0.270
15.3000      -29981.478   -29989.791        8.313   333.2     -0.434      0.731      0.308     -0.268      0.246     -0.317
15.3500      -29981.844   -29989.443        7.600   304.6      0.516     -0.512     -0.107     -0.489      0.415      0.136
15.4000      -29981.869   -29989.219        7.349   294.6     -0.336     -0.472     -0.886     -0.129      0.032     -0.044
15.4500      -29981.571   -29989.836        8.265   331.3      0.258     -0.516     -0.050      0.236     -0.689     -0.051
15.5000      -29981.671   -29989.141        7.469   299.4     -0.020     -0.588     -0.760      0.318      0.601      0.458
15.5500      -29981.705   -29989.184        7.479   299.8     -0.767     -0.331     -0.718      0.087     -0.565     -0.656
15.6000      -29981.768   -29989.178        7.410   297.0     -0.615     -0.581     -0.550     -0.232      0.857     -0.161
15.6500      -29981.517   -29989.584        8.067   323.4      0.165     -0.218     -0.182      0.207     -0.252     -0.035
15.7000      -29981.957   -29989.613        7.656   306.9      0.019     -0.692     -0.598     -0.314      0.209      0.310
15.7500      -29981.918   -29989.695        7.778   311.8      0.066     -0.367      0.509     -0.142      0.019     -0.312
15.8000      -29981.750   -29989.363        7.613   305.2      0.401     -0.100      0.108      0.600      0.909      0.435
15.8500      -29981.142   -29989.223        8.081   323.9      0.231      0.081      0.025     -0.415      0.253     -0.289
15.9000      -29981.299   -29989.137        7.838   314.2     -0.047      0.483     -0.572      0.454      0.538      0.128
15.9500      -29981.683   -29989.420        7.737   310.1      0.711     -0.978     -0.271     -0.014      0.192      0.174
16.0000      -29982.198   -29990.303        8.105   324.9      0.371      0.824      0.350      0.171     -0.559     -0.246
16.0500      -29981.941   -29989.693        7.753   310.8     -0.050      0.441     -0.374     -0.613      0.021     -0.175
16.1000      -29981.824   -29989.018        7.193   288.3      0.550      0.038      0.718      0.332     -0.161      0.068
16.1500      -29981.832   -29989.840        8.007   321.0      0.263      0.502      0.291     -0.025     -0.481      0.067
16.2000      -29982.068   -29989.502        7.434   298.0     -0.523     -0.451     -0.388     -0.024     -0.016     -0.283
16.2500      -29982.518   -29990.398        7.881   315.9      0.103     -0.258      0.698      0.598     -0.453     -0.046
16.3000      -29982.591   -29989.814        7.224   289.6      0.884      0.598     -0.595     -0.043     -0.219      0.189
16.3500      -29982.544   -29989.730        7.186   288.1     -0.843      0.294      0.277     -0.066      0.126      0.187
16.4000      -29982.334   -29990.709        8.375   335.7      0.528     -0.603      0.814      0.251      0.129     -0.182
16.4500      -29981.899   -29989.357        7.458   299.0      0.248      1.044     -0.173     -0.200      0.164      0.061
16.5000      -29981.680   -29989.623        7.943   318.4      0.100      0.252      0.407      0.116     -0.202      0.043
16.5500      -29982.127   -29989.529        7.403   296.7      0.252      0.012     -0.493     -0.600      0.278      0.155
16.6000      -29982.220   -29989.729        7.508   301.0     -0.129     -0.355     -0.351     -0.012     -0.302      0.157
16.6500      -29982.029   -29990.131        8.102   324.8     -0.226     -0.587     -0.383     -0.037     -0.017      0.366
16.7000      -29981.396   -29989.588        8.192   328.4      0.302     -0.432     -0.431     -0.209     -0.218     -0.078
16.7500      -29981.895   -29989.688        7.793   312.4     -0.007      0.362     -0.727     -0.187     -0.519      0.391
16.8000      -29981.734   -29989.996        8.262   331.2      0.029     -0.075      0.087      0.062     -0.463     -0.226
16.8500      -29982.035   -29990.254        8.219   329.4      0.289     -0.053      0.131     -0.078      0.230     -0.409
16.9000      -29982.239   -29990.508        8.269   331.5     -0.032     -0.430     -0.205      0.076     -0.303     -0.274
16.9500      -29981.542   -29990.441        8.899   356.7     -0.498     -0.924      0.044     -0.168      0.018     -0.148
17.0000      -29981.188   -29989.822        8.634   346.1     -0.208     -0.188     -0.539      0.220      0.033     -0.151
17.0500      -29981.062   -29990.184        9.122   365.7     -0.411     -0.995      0.215      0.204     -0.424     -0.286
17.1000      -29980.591   -29988.760        8.169   327.4      0.489     -0.173      0.957     -0.033      0.267      0.366
17.1500      -29980.625   -29988.836        8.211   329.1      0.469     -0.330     -1.486      0.282      0.279      0.137
17.2000      -29980.590   -29989.197        8.608   345.0     -0.309      0.125     -0.197      0.582      0.132     -0.934
17.2500      -29981.242   -29989.406        8.164   327.3     -0.855      0.190      0.131      0.055      0.189     -0.228
17.3000      -29981.265   -29989.506        8.241   330.3     -0.291     -0.116     -0.331     -0.008     -0.034      0.066
17.3500      -29981.544   -29989.139        7.595   304.4      0.638      0.265      0.421      0.261      0.096      0.131
17.4000      -29981.207   -29988.977        7.769   311.4     -0.431     -0.180      0.036      0.170     -0.120      0.070
17.4500      -29981.279   -29989.426        8.147   326.6     -0.583     -0.648     -0.023     -0.569     -0.295     -0.182
17.5000      -29980.883   -29989.457        8.574   343.7      0.779     -0.436      0.872      0.319      0.467      0.360
17.5500      -29980.820   -29989.221        8.400   336.7     -0.050      0.647     -0.060      0.109      0.034     -0.179
17.6000      -29980.438   -29989.074        8.637   346.2     -0.070     -1.139     -0.071     -0.055      0.101      0.069
17.6500      -29980.523   -29988.771        8.249   330.6      0.579     -0.256     -0.096      0.464      0.633     -0.464
17.7000      -29980.237   -29989.104        8.866   355.4     -0.064     -0.375     -0.141     -0.047      0.695      0.419
17.7500      -29980.568   -29988.264        7.696   308.5      0.382      0.611      0.225      0.032      0.065      0.085
17.8000      -29979.892   -29988.832        8.940   358.4      1.126      0.272      0.559     -0.035     -0.188     -0.033
17.8500      -29979.762   -29988.617        8.855   354.9     -0.209     -0.317     -0.530      0.115      0.664      0.060
17.9000      -29980.368   -29988.760        8.392   336.4     -0.791     -0.547      0.011     -0.041     -0.214      0.580
17.9500      -29980.918   -29989.986        9.068   363.5      0.229     -0.354     -0.711     -0.101      0.056      0.344
18.0000      -29981.565   -29989.414        7.849   314.6      0.236      0.502     -0.616      0.057      0.373     -0.310
18.0500      -29981.401   -29989.688        8.287   332.2     -1.310     -0.680     -0.494      0.280     -0.413      0.304
18.1000      -29981.063   -29989.979        8.915   357.4     -1.051     -0.411     -0.858      0.073     -0.345     -0.413
18.1500      -29980.326   -29988.783        8.458   339.0      0.208     -0.309      0.657      0.671      0.114     -0.290
18.2000      -29980.384   -29988.604        8.219   329.5     -0.392     -0.134     -0.767     -0.311     -0.363      0.024
18.2500      -29980.861   -29989.371        8.510   341.1      0.972     -0.244     -0.342     -0.065      0.127     -0.305
18.3000      -29980.637   -29988.191        7.555   302.8     -0.358      0.104     -0.365      0.265     -0.545      0.651
18.3500      -29981.311   -29988.791        7.480   299.8     -0.182     -0.134     -0.520     -0.129     -0.255     -0.004
18.4000      -29980.873   -29988.572        7.699   308.6      0.355     -0.068      0.510     -0.444     -0.166      0.363
18.4500      -29980.563   -29988.387        7.823   313.6      0.407     -0.560     -0.910      0.785      0.133     -0.445
18.5000      -29980.359   -29988.135        7.775   311.7     -0.111     -1.241     -0.801      0.568      0.006      0.022
18.5500      -29980.491   -29988.918        8.427   337.8      0.446      0.305     -1.220      0.113      0.181     -0.418
18.6000      -29980.578   -29988.676        8.097   324.6      0.274     -0.870     -0.174      0.548      0.295     -0.019
18.6500      -29980.524   -29988.611        8.088   324.2     -0.178     -0.544     -0.169      0.368     -0.214     -0.356
18.7000      -29980.290   -29988.727        8.437   338.2      0.402     -0.392     -0.247     -0.019      0.451      0.140
18.7500      -29980.361   -29989.141        8.779   351.9     -1.268     -0.330      0.134     -0.398      0.278     -0.361
18.8000      -29980.160   -29988.424        8.264   331.3      0.107     -0.157     -1.610      0.002     -0.295      0.579
18.8500      -29980.170   -29988.197        8.027   321.8     -0.218     -0.010     -0.483     -0.538     -0.117     -0.463
18.9000      -29980.236   -29988.898        8.662   347.2      0.166     -0.146     -0.109      0.375     -0.081      0.404
18.9500      -29980.081   -29988.162        8.081   323.9     -0.565      0.698     -0.905      0.059      0.223      0.315
19.0000      -29980.468   -29988.855        8.388   336.2     -0.495     -0.544     -0.379     -0.208      0.080     -0.042
19.0500      -29980.470   -29989.000        8.530   341.9      0.154     -0.281     -1.017     -0.195      0.115      0.094
19.1000      -29980.724   -29989.449        8.725   349.7     -0.032      0.794      0.541     -0.288     -0.399     -0.107
19.1500      -29980.540   -29988.395        7.854   314.8      0.558      0.105     -0.261     -0.106      0.088     -0.291
19.2000      -29980.690   -29988.744        8.054   322.8      0.376     -0.443     -0.322      0.014     -0.284      0.078
19.2500      -29980.574   -29988.992        8.418   337.4     -1.045     -0.499     -0.113     -0.525      0.265     -0.226
19.3000      -29980.776   -29989.400        8.624   345.7      0.467      0.184      0.234      0.136      0.204     -0.069
19.3500      -29981.017   -29989.379        8.362   335.2     -1.449     -1.309     -1.081     -0.512     -0.019      0.291
19.4000      -29980.753   -29988.963        8.210   329.1     -0.565     -0.160     -0.876     -0.469     -0.263      0.060
19.4500      -29980.664   -29988.693        8.030   321.9     -0.289      0.240      0.490     -0.375      0.107     -0.248
19.5000      -29981.196   -29989.117        7.921   317.5     -1.070     -0.911     -0.454      0.265     -0.542      0.321
19.5500      -29981.130   -29988.900        7.770   311.5      0.316      0.635     -0.963     -0.249      0.032     -0.240
19.6000      -29981.600   -29988.939        7.339   294.2     -0.748     -1.154     -0.267     -0.428      0.030      0.065
19.6500      -29981.287   -29989.004        7.717   309.3     -0.614     -0.433     -0.794     -0.069     -0.703     -0.322
19.7000      -29981.541   -29989.521        7.981   319.9     -0.420     -0.546      0.961      0.207     -0.272     -0.263
19.7500      -29981.993   -29989.102        7.108   284.9     -0.666     -0.004     -0.825     -0.034     -0.098      0.464
19.8000      -29981.908   -29989.451        7.544   302.4      0.076     -0.396     -1.406     -0.533     -0.352     -0.437
19.8500      -29981.524   -29989.396        7.873   315.6     -0.433     -0.475      0.360      0.191      0.065      0.620
19.9000      -29981.834   -29988.982        7.148   286.5      0.210     -0.452     -0.136     -0.646      0.285     -0.032
19.9500      -29981.595   -29989.488        7.893   316.4      0.005      0.321      0.153      0.196     -0.129      0.000
20.0000      -29981.795   -29988.982        7.187   288.1     -0.135     -0.508     -0.125      0.002      0.093      0.301
20.0500      -29981.877   -29989.836        7.959   319.0      0.280      0.478      0.146      0.078     -0.263      0.225
20.1000      -29981.659   -29989.682        8.023   321.6     -0.896     -0.928     -0.908      0.255     -0.052     -0.159
20.1500      -29981.499   -29988.721        7.222   289.5     -0.295      0.258     -0.195      0.066      0.466     -0.020
20.2000      -29980.950   -29989.082        8.132   326.0     -0.954      0.900     -0.676     -0.190     -0.493      0.118
20.2500      -29981.034   -29988.984        7.950   318.7      0.509     -0.391     -0.248      0.299      0.459      0.929
20.3000      -29980.983   -29988.666        7.683   308.0     -0.082     -0.512     -0.831      0.461      0.102     -0.429
20.3500      -29980.963   -29988.721        7.758   311.0      0.811     -0.580     -0.974      0.329      0.081      0.082
20.4000      -29980.761   -29989.154        8.394   336.5     -0.534     -0.400     -0.617     -0.101      0.396      0.159
20.4500      -29980.711   -29988.930        8.219   329.5     -0.293     -0.111     -0.868      0.379     -0.160     -0.053
20.5000      -29981.039   -29988.992        7.953   318.8      0.237     -1.430      0.403     -0.082      0.120      0.478
20.5500      -29980.768   -29989.377        8.608   345.1      0.545      0.536      0.173     -0.422     -0.419     -0.053
20.6000      -29981.317   -29989.354        8.036   322.1     -0.242     -0.229     -0.056     -0.362      0.622     -0.240
20.6500      -29981.218   -29988.920        7.702   308.7      0.090      0.100      0.333     -0.604     -0.004      0.257
20.7000      -29980.871   -29989.102        8.230   329.9      0.285     -0.775     -1.299      0.359     -0.050      0.434
20.7500      -29981.026   -29989.002        7.976   319.7     -0.125      0.690      0.314     -0.165      0.108     -0.717
20.8000      -29980.784   -29988.701        7.918   317.4      0.672      0.292     -0.246      0.704     -0.125      0.212
20.8500      -29980.670   -29989.021        8.352   334.8      0.890      0.184     -0.780     -0.717     -0.177     -0.489
20.9000      -29980.748   -29989.215        8.467   339.4     -0.830     -0.899     -0.342      0.026      0.674     -0.591
20.9500      -29981.042   -29988.697        7.655   306.9      0.314      0.343     -1.139     -0.123     -0.031      0.767
21.0000      -29981.095   -29989.527        8.433   338.0      0.307      0.287      0.127      0.216     -0.050     -0.042
21.0500      -29981.111   -29989.416        8.305   332.9     -0.626      0.191     -0.361     -0.220      0.050      0.041
21.1000      -29981.019   -29988.986        7.968   319.4      0.342     -0.268      0.156      0.425     -0.071      0.302
21.1500      -29980.154   -29988.244        8.090   324.3      0.709     -0.382     -1.133     -0.074      0.375     -0.362
21.2000      -29980.830   -29988.703        7.873   315.6      0.123     -0.342     -0.078      0.024     -0.777     -0.341
21.2500      -29980.990   -29989.189        8.199   328.7      0.416      0.040      0.102     -0.023      0.812      0.160
21.3000      -29981.409   -29989.504        8.095   324.5     -1.322     -0.485     -0.648     -0.168     -0.485      0.132
21.3500      -29980.911   -29989.121        8.210   329.1     -0.448     -1.114     -0.500     -0.210      0.503      0.209
21.4000      -29980.764   -29988.977        8.212   329.2     -0.939     -0.939     -0.946     -0.219      0.306      0.078
21.4500      -29980.442   -29988.438        7.996   320.5      0.190     -0.145     -0.560      0.062     -0.054     -0.744
21.5000      -29980.241   -29988.615        8.374   335.7      0.521     -0.560      0.196     -0.260      0.310      0.355
21.5500      -29979.930   -29988.432        8.502   340.8      0.611      0.033     -0.613      0.167     -0.265      0.107
21.6000      -29980.435   -29989.102        8.666   347.4      0.161     -0.544      0.107     -0.248      0.127      0.420
21.6500      -29980.629   -29988.971        8.341   334.4     -0.372      0.162      0.171     -0.243      0.076     -0.155
21.7000      -29980.397   -29988.992        8.595   344.5      0.351     -0.300      0.702      0.235      0.425     -0.213
21.7500      -29980.530   -29988.984        8.454   338.9     -0.203     -0.394      0.057     -0.160     -0.009     -0.654
21.8000      -29980.513   -29988.734        8.221   329.5      0.566      0.327      0.207      0.236      0.298      0.401
21.8500      -29980.858   -29988.568        7.711   309.1     -0.680      0.320     -0.415      0.137     -0.165     -0.523
21.9000      -29980.687   -29988.410        7.724   309.6      0.689      0.009      0.419     -0.587      0.125      0.226
21.9500      -29980.854   -29988.814        7.960   319.1      0.614      1.274      1.140     -0.043      0.590     -0.346
22.0000      -29980.785   -29989.084        8.299   332.7      0.855      0.254      0.804     -0.322      0.336      0.729
22.0500      -29980.806   -29989.111        8.305   332.9      0.139      1.100      0.352     -0.035      0.385     -0.155
22.1000      -29980.871   -29988.494        7.623   305.6      0.232     -0.013     -0.689      0.416     -0.252     -0.229
22.1500      -29980.707   -29988.031        7.324   293.6     -0.568     -0.720     -0.581      0.138     -0.321     -0.276
22.2000      -29980.047   -29988.535        8.488   340.3      0.315     -0.316     -0.178      0.205      0.031     -0.097
22.2500      -29979.934   -29988.496        8.563   343.2      0.326      0.161     -0.085     -0.205      0.021      0.325
22.3000      -29979.810   -29987.988        8.178   327.8      0.163     -0.178     -0.708      0.279      0.374     -0.024
22.3500      -29980.170   -29988.436        8.265   331.3     -1.055     -0.371     -0.942      0.634     -0.405      0.103
22.4000      -29980.407   -29989.061        8.653   346.9      0.309     -0.355      0.005      0.164      0.243      0.463
22.4500      -29980.425   -29988.291        7.866   315.3      0.048     -0.565      0.169      0.394      0.247      0.381
22.5000      -29979.958   -29988.689        8.731   350.0     -0.015      0.701      0.484     -0.022     -0.039     -0.317
22.5500      -29980.213   -29988.850        8.637   346.2      0.020     -0.921     -0.050     -0.450     -0.309      0.030
22.6000      -29980.575   -29988.061        7.486   300.1     -0.322     -1.064     -0.250     -0.115     -0.233      0.209
22.6500      -29980.186   -29989.168        8.982   360.0     -0.123      0.184      0.096      0.062      0.471      0.049
22.7000      -29980.946   -29989.051        8.105   324.9      0.774      0.537     -0.040     -0.400      0.038     -0.327
22.7500      -29980.906   -29989.039        8.133   326.0     -0.313     -0.136     -0.583      0.089     -0.371      0.275
22.8000      -29980.623   -29988.395        7.772   311.5      0.592      0.691      0.151     -0.263      0.935     -0.788
22.8500      -29981.250   -29988.998        7.748   310.6      0.334      1.088     -0.080      0.006     -0.376      0.242
22.9000      -29980.925   -29988.693        7.768   311.4      0.269      0.435      0.553      0.316     -0.578     -0.073
22.9500      -29980.394   -29988.508        8.114   325.2     -0.945     -0.233     -0.726      0.512      0.382     -0.065
23.0000      -29980.305   -29988.559        8.254   330.8      0.189      0.562      0.109     -0.611     -0.784     -0.065
23.0500      -29980.285   -29988.473        8.187   328.2     -0.390     -0.230      1.034      0.240     -0.075     -0.170
23.1000      -29980.806   -29988.621        7.815   313.3     -0.226      0.277     -1.180     -0.334      0.109     -0.036
23.1500      -29980.693   -29988.127        7.434   298.0     -0.963     -0.339     -0.288      0.212      0.104     -0.147
23.2000      -29980.457   -29988.441        7.984   320.0      0.832      0.016     -0.205     -0.245      0.230     -0.135
23.2500      -29980.031   -29989.037        9.007   361.0     -0.642     -0.094      0.059      1.142     -0.434      0.224
23.3000      -29980.111   -29988.656        8.545   342.5     -0.839      0.302      0.219      0.123      0.015      0.089
23.3500      -29980.185   -29988.016        7.830   313.9      0.447     -0.140     -0.086     -0.436      0.379      0.584
23.4000      -29980.117   -29988.629        8.512   341.2     -0.695      0.010     -0.170      0.260     -0.707     -0.220
23.4500      -29980.511   -29988.557        8.046   322.5      0.055      0.738      0.482     -0.097      0.685      0.073
23.5000      -29980.700   -29988.842        8.142   326.4      0.444     -0.351     -0.168      0.283     -0.747     -0.281
23.5500      -29980.502   -29988.316        7.814   313.2     -0.553     -0.181     -1.203     -0.314     -0.219      0.172
23.6000      -29980.584   -29987.986        7.403   296.7     -0.705      0.356      0.552     -0.381      0.407     -0.518
23.6500      -29981.199   -29988.512        7.313   293.1      0.180      0.082     -0.114      0.263      0.065     -0.031
23.7000      -29980.713   -29988.975        8.262   331.2      0.776      0.893      1.078     -0.208     -0.215     -0.146
23.7500      -29980.510   -29988.734        8.224   329.7      0.204     -0.242     -0.133      0.562      0.224      0.364
23.8000      -29980.312   -29988.086        7.774   311.6     -0.235      0.166      0.586     -0.723     -0.206     -0.014
23.8500      -29980.770   -29988.623        7.853   314.8     -0.482     -0.220      0.295      0.156      0.057      0.015
23.9000      -29980.849   -29989.164        8.315   333.3     -0.855     -0.036     -0.699      0.622     -0.499     -0.147
23.9500      -29981.062   -29988.568        7.507   300.9     -0.179      0.480      0.021      0.513      0.186      0.019
24.0000      -29980.712   -29988.973        8.261   331.1     -1.554     -0.900      0.377      0.094     -0.101      0.210
24.0500      -29980.893   -29989.605        8.712   349.2      0.058      0.270     -0.095     -0.218      0.002     -0.416
24.1000      -29980.993   -29989.098        8.104   324.9     -0.060     -0.612      0.168      0.050     -0.258     -0.069
24.1500      -29980.753   -29988.639        7.885   316.1      0.454     -0.675     -0.551      0.219      0.276      0.106
24.2000      -29981.071   -29989.059        7.988   320.2     -0.652     -0.090     -0.071     -0.458     -0.315     -0.106
24.2500      -29981.617   -29988.949        7.332   293.9      0.177     -0.099      0.031     -0.104     -0.089     -0.089
24.3000      -29980.744   -29988.822        8.078   323.8      0.360     -1.078      0.855      0.285      0.157      0.130
24.3500      -29980.971   -29989.066        8.096   324.5     -0.188      0.383      0.226     -0.689     -0.105     -0.574
24.4000      -29980.977   -29988.938        7.960   319.1     -0.264      0.308     -0.067     -0.144      0.295      0.504
24.4500      -29980.519   -29989.049        8.530   341.9      0.343     -0.718     -0.291     -0.214     -0.024      0.088
24.5000      -29981.116   -29989.314        8.198   328.6     -0.343     -0.704     -0.275      0.261     -0.837      0.405
24.5500      -29981.169   -29989.049        7.879   315.8     -0.907     -0.457     -0.112     -0.107      0.461     -0.547
24.6000      -29981.453   -29989.146        7.693   308.4      0.141      0.138     -0.218     -0.114      0.381     -0.039
24.6500      -29981.057   -29989.600        8.543   342.4     -0.526     -0.777      0.269     -0.138     -0.143     -0.383
24.7000      -29980.724   -29988.674        7.950   318.7     -0.475      0.180      0.106      0.059      0.487      0.195
24.7500      -29980.695   -29989.088        8.393   336.4      0.062      0.053      0.531     -0.257     -0.707     -0.336
24.8000      -29980.777   -29988.658        7.881   315.9      0.030     -0.148     -0.080     -0.363     -0.734      0.898
24.8500      -29980.369   -29988.914        8.545   342.5     -0.771     -0.159     -0.326      0.138      0.498     -0.217
24.9000      -29980.910   -29988.764        7.854   314.8     -0.347      0.300     -0.259      0.101     -0.403     -0.154
24.9500      -29981.199   -29989.539        8.340   334.3     -0.230     -0.116     -0.374      0.210     -0.058     -0.181
25.0000      -29981.103   -29988.332        7.229   289.8      0.969     -0.439     -0.338      0.243     -0.084     -0.345
25.0500      -29980.783   -29988.932        8.149   326.6     -0.051      0.015      0.696     -0.278      0.313     -0.279
25.1000      -29980.540   -29988.936        8.395   336.5      0.127     -0.145     -0.038     -0.509     -0.306     -0.216
25.1500      -29981.003   -29988.977        7.973   319.6      0.800      0.231      0.246      0.137     -0.224     -0.443
25.2000      -29981.173   -29988.957        7.784   312.0     -1.129     -0.443     -0.313     -0.150     -0.357     -0.458
25.2500      -29980.812   -29988.307        7.494   300.4     -0.131     -0.540     -0.327      0.360      0.092     -0.792
25.3000      -29980.858   -29988.758        7.900   316.7     -0.519      0.355      0.118     -0.139     -0.026      0.501
25.3500      -29980.647   -29988.918        8.271   331.6     -1.021     -0.573     -0.630      0.393      0.015      0.073
25.4000      -29980.713   -29988.578        7.865   315.3     -0.607     -1.244     -0.304      0.305     -0.364     -0.157
25.4500      -29980.901   -29989.174        8.272   331.6     -0.601     -0.956     -0.084      0.812      0.098     -0.072
25.5000      -29981.286   -29988.928        7.642   306.3     -0.118     -0.749     -0.068     -0.024     -0.313      0.227
25.5500      -29980.956   -29989.393        8.437   338.2      0.316     -0.382      0.229     -0.149     -0.508      0.301
25.6000      -29981.097   -29988.836        7.739   310.2     -0.703     -0.119     -0.005     -0.227     -0.548     -0.215
25.6500      -29981.237   -29988.873        7.636   306.1      0.384     -0.198      0.832      0.332     -0.276      0.077
25.7000      -29980.354   -29988.498        8.144   326.4     -0.599     -0.187     -0.487     -0.043     -0.069     -0.076
25.7500      -29980.194   -29988.041        7.847   314.5      0.642      0.081     -0.180      0.164     -0.631     -0.755
25.8000      -29980.123   -29988.494        8.371   335.5     -0.342      0.272      0.675     -1.010     -0.000      0.232
25.8500      -29979.769   -29988.438        8.668   347.5     -0.012      0.000     -0.478      0.130     -0.380      0.493
25.9000      -29979.851   -29988.223        8.372   335.6     -0.091      0.777     -0.173     -0.039     -0.082     -0.304
25.9500      -29980.193   -29987.738        7.546   302.5      1.190      0.530      1.358      0.158     -0.242      0.399
26.0000      -29980.254   -29988.742        8.488   340.2     -0.950     -0.536     -0.715     -0.583     -0.532     -0.095
26.0500      -29979.960   -29988.365        8.405   336.9      0.206      0.256      0.051      0.494     -0.133      0.307
26.1000      -29979.656   -29988.311        8.654   346.9     -0.324      0.072     -0.272      0.075      0.376      0.346
26.1500      -29979.345   -29988.230        8.885   356.2     -0.547     -1.014     -0.949     -0.194     -0.520      0.556
26.2000      -29979.104   -29988.289        9.185   368.2     -0.816     -0.875     -0.138     -0.175      0.301     -0.119
26.2500      -29979.619   -29988.385        8.766   351.4     -0.637     -1.436     -0.309     -0.297     -0.284      0.098
26.3000      -29980.383   -29988.984        8.602   344.8     -0.533     -0.788     -0.968     -0.005     -0.153     -0.103
26.3500      -29980.767   -29988.953        8.186   328.1     -0.594     -0.372     -0.278      0.504      0.408      0.156
26.4000      -29980.826   -29989.359        8.533   342.1      0.128      0.041      0.469      0.158      0.091     -0.209
26.4500      -29980.789   -29988.590        7.800   312.7      0.674      1.053      0.219     -0.026     -0.365      0.470
26.5000      -29979.852   -29989.037        9.185   368.2      0.060      0.371      0.842     -0.132      0.207     -0.105
26.5500      -29979.690   -29988.170        8.480   339.9     -0.090     -0.808     -0.579     -0.494      0.332     -0.904
26.6000      -29979.690   -29988.037        8.347   334.6      0.385     -0.009      0.240      0.157     -0.120      0.565
26.6500      -29979.813   -29988.502        8.689   348.3      0.222      0.447     -0.285     -0.027     -0.596     -0.136
26.7000      -29979.460   -29987.635        8.175   327.7     -1.071      0.454     -0.251      0.245      0.250     -0.052
26.7500      -29979.277   -29987.830        8.553   342.8      0.218     -0.441      0.978      0.256     -0.649     -0.369
26.8000      -29979.216   -29987.865        8.649   346.7      0.075     -0.766     -0.509      0.269      0.426      0.029
26.8500      -29979.573   -29987.832        8.259   331.1      0.080     -0.750     -0.999      0.122      0.111     -0.306
26.9000      -29979.701   -29988.471        8.770   351.5     -0.810     -0.550     -0.197     -0.052     -0.113     -0.047
26.9500      -29980.111   -29988.578        8.467   339.4     -0.366     -0.607     -0.480     -0.176     -0.278      0.355
27.0000      -29980.251   -29989.008        8.757   351.0     -0.666     -0.734     -0.797     -0.113      0.055     -0.231
27.0500      -29980.041   -29988.908        8.867   355.4     -0.007     -0.113     -0.196     -0.063      0.107     -0.094
27.1000      -29979.879   -29989.176        9.297   372.7     -0.678      0.040     -0.786      0.490     -0.170      0.005
27.1500      -29979.877   -29988.836        8.959   359.1     -0.178     -0.542     -1.174     -0.014     -0.730      0.335
27.2000      -29979.727   -29988.104        8.377   335.8     -0.383     -0.165      0.570      0.573      0.199      0.024
27.2500      -29979.793   -29988.619        8.826   353.8      0.175     -0.105     -1.085     -0.067      0.179     -0.355
27.3000      -29980.170   -29988.994        8.824   353.7     -0.072      0.100     -0.991      0.588      0.212     -0.893
27.3500      -29979.626   -29988.855        9.229   369.9     -0.272     -0.267      0.018     -0.276     -0.796      0.136
27.4000      -29978.990   -29988.797        9.807   393.1     -0.545     -0.064     -0.475      0.008     -0.214     -0.144
27.4500      -29979.513   -29988.742        9.229   370.0      0.626     -0.127     -1.255     -0.129     -0.687     -0.172
27.5000      -29979.277   -29988.258        8.981   360.0      0.213     -0.301     -0.220      0.256      0.128     -0.065
27.5500      -29979.636   -29988.199        8.563   343.3      0.136      0.383      0.103     -0.587     -0.126     -0.057
27.6000      -29979.834   -29988.488        8.654   346.9      0.139     -0.056      0.502      0.728      0.115     -0.536
27.6500      -29979.864   -29988.607        8.744   350.5     -0.179     -0.365     -0.647      0.163      0.251     -0.046
27.7000      -29979.594   -29988.432        8.838   354.3     -0.140      0.930     -0.522     -0.003     -0.780     -0.533
27.7500      -29979.320   -29987.877        8.557   343.0     -0.171      1.035      1.237      0.178      0.014     -0.289
27.8000      -29979.504   -29988.648        9.145   366.6      0.166      0.475      0.092      0.588     -0.002     -0.259
27.8500      -29979.361   -29987.887        8.526   341.8      0.298     -0.136      0.630      0.181      0.014      0.541
27.9000      -29979.237   -29987.715        8.478   339.8     -0.121     -0.871      0.111      0.762      0.348     -0.029
27.9500      -29979.462   -29987.986        8.525   341.7      0.148      0.869     -0.132     -0.356      0.065      0.128
28.0000      -29979.322   -29988.607        9.286   372.2      0.541      0.368      0.399      0.440      0.377      0.211
28.0500      -29978.876   -29988.115        9.239   370.3     -0.785      0.560      0.088     -0.046      0.290      0.107
28.1000      -29979.061   -29987.951        8.891   356.4      0.185     -0.337      0.110      0.187      0.094      0.028
28.1500      -29979.201   -29987.320        8.119   325.5     -1.262     -0.150     -1.050      0.230     -0.034     -0.383
28.2000      -29979.382   -29987.895        8.513   341.2      0.516     -0.632      0.356     -0.060      0.441      0.704
28.2500      -29979.385   -29987.410        8.025   321.7     -0.626     -0.161     -0.491      0.341      0.418     -0.019
28.3000      -29979.297   -29987.023        7.727   309.7      0.583     -1.162     -0.113      0.122     -0.135      0.282
28.3500      -29979.259   -29987.574        8.315   333.3     -0.217     -0.536     -0.204      0.164      0.294      0.200
28.4000      -29979.426   -29987.750        8.324   333.7     -0.608     -0.422      0.062      0.634      0.751      0.266
28.4500      -29979.235   -29988.674        9.438   378.3      0.637     -0.118     -0.783      0.291      0.443     -0.360
28.5000      -29979.524   -29988.014        8.489   340.3     -0.848     -0.637      1.430      0.176      0.070     -0.112
28.5500      -29979.819   -29987.820        8.002   320.7      0.256      0.384     -1.150     -0.216      0.373      0.782
28.6000      -29979.396   -29987.824        8.428   337.8     -0.460      1.040      0.733     -0.241      0.157     -0.039
28.6500      -29979.200   -29988.266        9.066   363.4     -0.190     -0.492     -0.186      0.172     -0.024     -0.071
28.7000      -29979.170   -29987.951        8.781   352.0     -0.713     -0.327      0.429      0.459      0.503     -0.211
28.7500      -29978.963   -29987.508        8.545   342.5      0.164     -0.835     -0.302      0.402      0.013      0.134
28.8000      -29979.695   -29988.760        9.064   363.3     -0.297      0.700      0.432      0.506     -0.642     -0.093
28.8500      -29979.918   -29988.270        8.351   334.8      0.380      0.026     -0.796     -0.548      0.498     -0.018
28.9000      -29980.133   -29988.619        8.487   340.2      0.665      1.535      0.260      0.690     -0.573     -0.755
28.9500      -29980.662   -29988.564        7.903   316.8      0.122      0.559      0.488     -0.079      0.789     -0.698
29.0000      -29980.619   -29988.330        7.711   309.1     -1.147     -0.683     -0.765     -0.221     -0.356      0.419
29.0500      -29980.194   -29989.141        8.947   358.6      0.269     -0.550     -0.809      0.503      0.227     -0.210
29.1000      -29980.653   -29989.340        8.687   348.2     -0.191     -0.752     -0.200     -0.390      0.161      0.314
29.1500      -29981.236   -29989.746        8.510   341.1     -0.104     -0.009      0.718      0.220     -0.116      0.227
29.2000      -29980.751   -29989.385        8.634   346.1     -0.055      0.494      0.076     -0.155     -0.211      0.426
29.2500      -29980.610   -29988.789        8.179   327.8      0.017     -0.261      0.244     -0.458     -0.136     -0.129
29.3000      -29980.463   -29989.590        9.127   365.8      1.014      0.413      0.393      0.688      0.513      0.343
29.3500      -29981.063   -29989.381        8.318   333.4     -0.002     -0.272     -0.604     -0.065      0.103     -0.444
29.4000      -29980.832   -29989.020        8.188   328.2     -0.374     -0.301     -0.363     -0.217     -0.114     -0.655
29.4500      -29981.140   -29989.512        8.372   335.6      0.061     -0.163      0.349     -0.072      0.293     -0.032
29.5000      -29981.103   -29989.305        8.201   328.7      0.044      0.686     -0.277      0.270      0.014     -0.115
29.5500      -29981.183   -29989.438        8.255   330.9     -1.459     -0.923     -0.299     -0.474      0.291     -0.293
29.6000      -29981.076   -29989.057        7.981   319.9     -0.705      0.735     -1.318      0.204      0.076     -0.113
29.6500      -29981.137   -29989.180        8.043   322.4     -1.279      0.091     -0.645     -0.023     -0.364     -0.611
29.7000      -29981.100   -29989.596        8.496   340.6     -1.321     -0.258     -0.777     -0.031      0.618      0.129
29.7500      -29980.968   -29989.576        8.608   345.1     -0.162     -0.968     -0.478      0.260     -0.207     -0.764
29.8000      -29980.996   -29989.383        8.386   336.2      0.100     -0.453     -0.017     -0.199     -0.538      0.083
29.8500      -29980.916   -29989.645        8.729   349.9      0.326      0.287     -0.011     -0.444     -0.443      0.501
29.9000      -29981.117   -29989.859        8.742   350.4      0.413      0.029     -0.044      0.147     -0.416     -0.263
29.9500      -29981.110   -29990.076        8.966   359.4     -0.024     -0.184     -0.905     -0.441      0.322      0.196
30.0000      -29980.943   -29988.926        7.983   320.0     -0.952     -0.286     -0.413      0.002     -0.539     -0.082
30.0500      -29980.207   -29988.920        8.713   349.3      0.766     -0.806      0.322     -0.123     -0.421      0.781
30.1000      -29979.845   -29988.387        8.542   342.4     -0.472      0.302     -0.932      0.170     -0.206     -0.299
30.1500      -29979.801   -29988.588        8.786   352.2      0.244      0.070     -0.337      0.180     -0.197     -0.045
30.2000      -29980.076   -29988.850        8.774   351.7     -0.170     -0.844     -0.341     -0.092      0.205     -0.109
30.2500      -29980.186   -29988.734        8.548   342.6      1.101      0.231     -0.834      0.538      0.315      0.092
30.3000      -29980.382   -29988.760        8.378   335.8     -0.066     -0.019      0.035      0.495      0.085      0.054
30.3500      -29979.981   -29989.637        9.656   387.1      0.184     -0.469     -0.697     -0.274      0.633      0.047
30.4000      -29980.418   -29989.082        8.664   347.3      1.692      0.483      0.306     -0.428     -0.391     -0.567
30.4500      -29980.235   -29988.826        8.591   344.4      0.064      0.497      0.147      0.182      0.091      0.797
30.5000      -29980.079   -29989.025        8.946   358.6      0.661      0.105     -0.231     -0.193      0.254      0.316
30.5500      -29980.089   -29989.508        9.419   377.6     -0.696     -0.618     -0.764      0.177      0.356      0.055
30.6000      -29979.982   -29988.402        8.420   337.5     -0.140     -0.028     -0.298     -0.064      0.014     -0.296
30.6500      -29979.398   -29987.916        8.518   341.4      0.217     -0.158     -1.495     -0.294      0.004     -0.063
30.7000      -29979.717   -29988.170        8.453   338.8      0.507     -0.413      0.893      0.612      0.226     -0.564
30.7500      -29979.789   -29987.951        8.163   327.2     -0.060      0.251      0.033      0.233     -0.164     -0.132
30.8000      -29980.011   -29988.648        8.637   346.2     -0.258     -0.074     -0.109     -0.115     -0.342      0.122
30.8500      -29980.303   -29988.674        8.371   335.5      0.291      0.593     -0.881     -0.176     -0.545     -0.206
30.9000      -29980.835   -29988.812        7.978   319.8     -0.462     -1.048     -1.050      0.689     -0.038     -0.100
30.9500      -29981.202   -29988.994        7.792   312.3      0.300     -0.116     -0.258      0.341     -0.393     -0.117
31.0000      -29980.967   -29988.412        7.445   298.4     -0.192     -0.701      0.549     -0.443      0.621     -0.701
31.0500      -29981.002   -29989.467        8.465   339.3     -0.705     -0.358     -1.101     -0.206      0.210      0.020
31.1000      -29981.375   -29989.191        7.816   313.3     -0.420      0.129      0.481      0.465      0.048      0.326
31.1500      -29981.137   -29989.383        8.245   330.5     -0.466     -0.318     -0.894      0.299     -0.083      0.513
31.2000      -29981.414   -29989.514        8.100   324.7      0.102     -0.913      0.656      0.064      0.315      0.150
31.2500      -29981.439   -29989.178        7.738   310.2      0.267      0.230     -0.219      0.973      0.104     -0.082
31.3000      -29981.501   -29989.172        7.670   307.5      0.364     -0.082     -0.520     -0.273     -0.296     -0.080
31.3500      -29981.534   -29989.822        8.289   332.2     -0.833     -0.028      0.293     -0.473     -0.299     -0.005
31.4000      -29982.049   -29989.711        7.662   307.1     -0.814     -0.778     -0.818      0.238     -0.019      0.030
31.4500      -29981.715   -29989.318        7.604   304.8     -1.391     -0.337     -0.476      0.314      0.586      0.635
31.5000      -29982.061   -29989.607        7.547   302.5     -0.327     -0.515     -0.315      0.210      0.601      0.370
31.5500      -29982.118   -29989.064        6.946   278.4      0.331      0.598     -0.540      0.285      0.391      0.638
31.6000      -29982.096   -29989.586        7.489   300.2     -0.162     -0.300      0.222      0.281      0.103      0.388
31.6500      -29982.348   -29989.627        7.279   291.8     -0.263     -0.100     -0.668      0.184      0.020     -0.048
31.7000      -29981.319   -29989.764        8.445   338.5     -1.609      0.845     -0.635      0.057     -0.013      0.691
31.7500      -29981.094   -29989.619        8.526   341.7      0.090     -0.394      0.063     -0.597     -0.268      0.528
31.8000      -29981.165   -29988.826        7.661   307.1      0.121     -0.186     -0.579      0.035     -0.131     -0.294
31.8500      -29981.172   -29989.545        8.373   335.6      0.182      0.229     -0.326      0.433      0.247      0.200
31.9000      -29981.346   -29989.000        7.654   306.8     -0.138     -0.223     -0.142      0.295      0.121     -0.037
31.9500      -29980.222   -29989.178        8.956   359.0     -0.389     -0.018      0.658     -0.312      0.026      0.163
32.0000      -29980.642   -29989.195        8.554   342.9     -0.750     -1.193      0.216      0.347      0.228      0.253
32.0500      -29980.857   -29989.088        8.231   330.0     -0.456     -0.417     -1.195     -0.976      0.134     -0.669
32.1000      -29980.689   -29989.762        9.072   363.7      0.148     -0.024      0.606     -0.077     -0.193      0.079
32.1500      -29980.935   -29989.189        8.255   330.9     -0.721     -0.508      0.683     -0.398     -0.049     -0.373
32.2000      -29980.489   -29989.309        8.820   353.5      0.075      0.481     -0.078      0.148      0.253      0.076
32.2500      -29980.705   -29989.049        8.344   334.5      0.394     -0.813      0.186      0.059     -0.466     -0.244
32.3000      -29980.230   -29989.184        8.954   358.9     -0.355      0.199      0.025     -0.157      0.131     -0.570
32.3500      -29980.242   -29988.711        8.469   339.5     -0.194      0.283      0.311     -0.262     -0.196      0.144
32.4000      -29980.173   -29988.586        8.413   337.2     -0.500     -0.361     -0.177     -0.197     -0.491      0.343
32.4500      -29980.148   -29988.066        7.918   317.4     -0.835      0.211      0.029      0.189      0.607     -0.205
32.5000      -29979.843   -29988.605        8.762   351.2      0.124      0.206     -0.148      0.749      0.047      0.347
32.5500      -29979.919   -29988.301        8.382   336.0     -0.109      0.466     -0.021     -0.334      0.060      0.483
32.6000      -29980.142   -29987.740        7.598   304.6     -1.078     -0.073      0.045      0.359      0.290      0.136
32.6500      -29980.037   -29987.734        7.698   308.6      0.150     -0.108      0.457     -0.882     -0.213      0.094
32.7000      -29979.806   -29988.070        8.265   331.3     -0.175      0.188      0.038     -0.445     -0.166      0.149
32.7500      -29980.222   -29988.566        8.344   334.5     -0.787     -0.074     -0.123     -0.105     -0.029     -0.426
32.8000      -29980.195   -29988.793        8.598   344.7     -0.122      0.060     -1.018      0.167      0.168      0.332
32.8500      -29980.514   -29988.566        8.052   322.8     -1.757     -0.483     -0.761     -0.134     -0.211      0.883
32.9000      -29980.570   -29989.096        8.526   341.8     -0.296     -0.431     -0.132      0.256     -0.831     -0.350
32.9500      -29981.011   -29990.082        9.071   363.6     -0.306      0.163      0.423     -0.220     -0.171     -0.151
33.0000      -29980.734   -29989.389        8.655   346.9      0.217     -0.328      0.386      0.117      0.177      0.134
33.0500      -29981.270   -29989.031        7.762   311.1     -0.203      0.266      0.073      0.419     -0.488      0.459
33.1000      -29981.830   -29989.855        8.025   321.7      0.196     -0.325     -0.242     -1.007     -0.009     -0.384
33.1500      -29981.941   -29989.133        7.191   288.3      0.259     -0.350     -0.437      0.371     -0.175      0.297
33.2000      -29982.136   -29990.000        7.864   315.2     -0.301      0.487      0.101     -0.049      0.258     -0.231
33.2500      -29982.164   -29989.400        7.236   290.1      0.127     -0.406     -0.508     -0.084      0.456     -0.658
33.3000      -29981.785   -29989.738        7.953   318.8      0.234     -0.246      0.075      0.137      0.234      0.701
33.3500      -29982.041   -29989.645        7.604   304.8     -0.556     -0.529     -0.663     -0.006     -0.157      0.142
33.4000      -29982.077   -29989.756        7.678   307.8      0.751     -0.196      0.260      0.028     -0.070     -0.097
33.4500      -29981.775   -29989.238        7.463   299.2     -0.292     -0.421     -0.619     -0.407     -0.463      0.231
33.5000      -29981.908   -29989.213        7.304   292.8      1.001     -0.604     -0.492     -0.035      0.321     -0.105
33.5500      -29981.760   -29989.863        8.104   324.8      0.100      0.328      0.507     -0.639      0.303      0.063
33.6000      -29981.387   -29989.459        8.072   323.6      0.031      0.360      0.532     -0.059     -0.449     -0.116
33.6500      -29981.463   -29990.084        8.621   345.6     -0.400     -0.857     -0.993      0.287     -0.025     -0.330
33.7000      -29981.280   -29988.824        7.544   302.4      0.267     -0.109     -0.063     -0.294      0.234     -0.121
33.7500      -29980.929   -29989.320        8.391   336.4      0.223      0.542      0.358      0.515      0.116      0.263
33.8000      -29981.109   -29989.221        8.111   325.1      0.590     -0.304      0.187      0.596      0.033      0.149
33.8500      -29981.608   -29988.699        7.092   284.3     -0.337      0.591      0.105      0.249      0.436      0.337
33.9000      -29981.328   -29989.178        7.849   314.6      0.600      0.465      1.448      0.709      0.119     -0.262
33.9500      -29981.110   -29988.629        7.519   301.4     -0.940     -0.227     -0.144     -0.198      0.084      0.141
34.0000      -29980.884   -29989.193        8.309   333.1     -0.709      0.582     -0.386      0.142     -0.128      0.102
34.0500      -29981.192   -29989.029        7.837   314.1      0.152     -0.346      0.274      0.297      0.236     -0.530
34.1000      -29980.893   -29988.982        8.089   324.2      0.225     -0.458     -0.281     -0.062     -0.362      0.569
34.1500      -29980.866   -29988.283        7.417   297.3     -0.705     -1.818     -1.193      0.848     -0.151      0.272
34.2000      -29980.714   -29988.703        7.989   320.2     -0.111     -0.868      0.475     -0.422     -0.426     -0.225
34.2500      -29980.746   -29988.916        8.170   327.5     -0.181     -0.434     -0.160      0.029      0.041     -0.041
34.3000      -29981.133   -29988.908        7.776   311.7     -0.436      0.158      0.805      0.580      0.672     -0.318
34.3500      -29980.724   -29988.729        8.005   320.9      0.027     -0.089     -0.006      0.040     -0.445     -0.046
34.4000      -29980.433   -29988.674        8.241   330.3      0.466      0.784     -0.006      0.099      0.026     -0.242
34.4500      -29980.004   -29988.879        8.875   355.8     -0.266      0.069     -1.032      0.112     -0.118     -0.144
34.5000      -29980.507   -29988.719        8.212   329.2      0.061     -0.353      0.822     -0.107      0.151     -0.650
34.5500      -29980.334   -29988.746        8.412   337.2      0.617     -0.291     -0.742      0.351     -0.205      0.071
34.6000      -29980.219   -29987.824        7.605   304.9      0.482     -0.148      0.376     -0.104      0.458     -0.049
34.6500      -29980.144   -29988.021        7.877   315.8      0.226     -0.845      0.897     -0.429     -0.994     -0.061
34.7000      -29980.479   -29988.406        7.928   317.8      0.273     -0.588     -0.495      0.085      0.070     -0.210
34.7500      -29980.376   -29988.570        8.194   328.5     -0.899     -0.505     -0.456      0.350      0.188      0.180
34.8000      -29980.936   -29989.168        8.232   330.0      0.249      0.108     -1.011      0.247     -0.587      0.126
34.8500      -29980.668   -29988.713        8.045   322.5      0.218     -0.903     -0.696      0.108     -0.084     -0.516
34.9000      -29980.376   -29988.604        8.227   329.8     -0.587      0.046      0.123      0.240     -0.461     -0.266
34.9500      -29980.079   -29987.918        7.839   314.2      0.709      0.042     -0.252     -0.469      0.093     -0.006
35.0000      -29980.194   -29987.959        7.765   311.2      0.297      0.419      0.444     -0.088      0.399      0.325
35.0500      -29979.662   -29988.105        8.444   338.5      0.308      0.710      1.198     -0.152     -0.867     -0.379
35.1000      -29979.653   -29988.576        8.924   357.7      0.005      0.611     -1.317     -0.186      0.174      0.059
35.1500      -29979.759   -29987.885        8.126   325.7      0.130      0.394      0.637      0.541     -0.233      0.104
35.2000      -29979.267   -29987.707        8.440   338.3     -0.800     -0.617     -0.819     -0.091     -0.342      0.468
35.2500      -29979.435   -29987.225        7.789   312.2     -0.104     -0.875     -0.404     -0.078      0.228      0.286
35.3000      -29979.716   -29988.193        8.477   339.8     -0.872      0.096     -1.399     -0.059     -0.177     -0.044
35.3500      -29979.611   -29987.881        8.270   331.5      0.157     -0.445     -0.291      0.330      0.202      0.234
35.4000      -29979.532   -29988.258        8.725   349.8     -0.374     -0.981     -0.509      0.142     -0.381     -0.098
35.4500      -29980.471   -29988.555        8.084   324.0      0.583     -0.107     -0.649     -0.227      0.170      0.451
35.5000      -29980.404   -29988.582        8.178   327.8      0.362      1.268      0.879     -0.263     -0.005     -0.393
35.5500      -29980.988   -29988.883        7.895   316.5     -0.268     -0.539     -0.601      0.278      0.160     -0.603
35.6000      -29981.117   -29989.629        8.511   341.2     -0.055     -0.299     -0.104     -0.491     -0.244     -0.080
35.6500      -29980.731   -29988.578        7.847   314.5      0.087      0.826     -1.053      0.236      0.614      0.429
35.7000      -29980.923   -29988.652        7.729   309.8     -0.612     -0.519      0.011     -0.030     -0.564     -0.702
35.7500      -29980.927   -29988.406        7.479   299.8     -0.892      0.398     -0.193     -0.002      0.135      0.447
35.8000      -29980.514   -29988.387        7.873   315.6      0.018     -0.489     -0.482      0.015     -0.439     -0.708
35.8500      -29980.481   -29988.832        8.351   334.7     -0.246      0.243     -0.878     -0.033      0.400     -0.158
35.9000      -29980.195   -29988.279        8.084   324.1     -0.439      0.283     -0.021     -0.403     -0.006     -0.156
35.9500      -29980.200   -29988.986        8.786   352.2      0.313     -0.939     -0.785     -0.117     -0.073      0.494
36.0000      -29980.390   -29988.680        8.289   332.3     -0.915     -0.584      0.114      0.238      0.515     -0.320
36.0500      -29980.519   -29989.252        8.733   350.1     -0.732     -0.591     -0.782     -0.277     -0.275      0.003
36.1000      -29980.825   -29988.736        7.911   317.1     -1.151      0.957      0.177     -0.264     -0.172     -0.064
36.1500      -29981.303   -29989.404        8.101   324.7      0.385     -1.306     -0.856     -0.035     -0.412     -0.150
36.2000      -29981.357   -29989.086        7.729   309.8     -0.964     -0.457     -0.699      0.538      0.249      0.029
36.2500      -29981.307   -29989.752        8.445   338.5      0.485     -0.280      0.141     -0.375     -0.774     -0.391
36.3000      -29981.408   -29989.441        8.034   322.0     -0.460     -0.559      0.266     -0.361      0.538     -0.354
36.3500      -29980.707   -29989.312        8.606   345.0      0.007      0.605      0.284      0.551     -0.035     -0.168
36.4000      -29980.368   -29988.605        8.238   330.2     -0.489     -0.375     -1.216     -0.150     -0.302     -0.314
36.4500      -29979.815   -29988.410        8.595   344.5      0.204     -0.988      0.379      0.338      0.767      0.368
36.5000      -29980.529   -29988.793        8.264   331.3     -0.691      0.010     -0.936      0.602     -0.666     -0.191
36.5500      -29980.224   -29988.793        8.569   343.5      0.215     -0.485     -0.206      0.390      0.534      0.029
36.6000      -29980.966   -29988.695        7.729   309.8     -0.121      0.515      0.383     -0.492     -0.371      0.034
36.6500      -29980.987   -29988.891        7.904   316.8      0.124     -0.591     -0.486      0.147     -0.090      0.235
36.7000      -29980.462   -29989.027        8.566   343.4      0.459      0.359     -0.262      0.342      0.260     -0.012
36.7500      -29980.543   -29988.525        7.983   320.0      0.453     -0.181      0.404      0.445     -0.053     -0.237
36.8000      -29980.561   -29988.070        7.509   301.0      0.443      1.112      1.105      0.173      0.292     -0.254
36.8500      -29981.093   -29988.955        7.862   315.2      0.305      0.742      0.133     -0.172     -0.312      0.147
36.9000      -29981.064   -29988.553        7.488   300.2      0.456     -0.308     -0.273      0.256      0.140     -0.153
36.9500      -29980.755   -29988.133        7.378   295.7      0.598     -1.124     -0.099     -0.332      0.279      0.113
37.0000      -29980.592   -29988.342        7.749   310.6     -0.638      0.356     -1.368      0.160     -0.131      0.340
37.0500      -29979.763   -29988.600        8.836   354.2      0.501     -0.384      0.334      0.247      0.189     -0.022
37.1000      -29980.036   -29988.568        8.533   342.0     -0.267      0.476      0.072     -0.507     -0.215     -0.252
37.1500      -29979.825   -29988.684        8.859   355.1     -0.376      0.265      0.241     -0.063      0.183      0.142
37.2000      -29980.271   -29988.645        8.373   335.6     -0.322     -1.108     -0.837      0.287      0.050     -0.114
37.2500      -29980.258   -29988.162        7.904   316.8      0.337     -0.470     -1.196     -0.331     -0.384      0.279
37.3000      -29980.204   -29988.844        8.639   346.3     -0.929      0.379      0.087      0.611      0.260     -0.444
37.3500      -29979.970   -29988.457        8.487   340.2     -0.830      0.364     -0.111      0.109      0.171     -0.193
37.4000      -29980.110   -29988.605        8.496   340.5      0.552      1.121     -0.435      0.311     -0.507     -0.176
37.4500      -29979.918   -29988.508        8.590   344.3     -0.009      0.769      0.317      0.170      0.731      0.879
37.5000      -29979.748   -29987.949        8.201   328.7     -0.168     -0.475      0.701      0.269      0.341      0.166
37.5500      -29979.719   -29988.559        8.839   354.3     -0.702      0.845     -0.190      0.583      0.344     -0.341
37.6000      -29979.762   -29988.160        8.399   336.7      0.005      0.331      0.121     -0.201     -0.361      0.118
37.6500      -29980.100   -29988.764        8.664   347.3      0.514      0.606     -0.171      0.402     -0.635      0.324
37.7000      -29979.686   -29988.305        8.618   345.5     -0.212     -0.006      0.624     -0.305     -0.409      0.314
37.7500      -29979.504   -29988.365        8.862   355.2      0.708      0.466     -0.198      0.416      0.349     -0.260
37.8000      -29980.065   -29988.584        8.519   341.5     -1.415     -0.226     -0.406      0.191     -0.538      0.161
37.8500      -29980.029   -29988.148        8.120   325.5     -0.187     -1.294     -0.105      0.493      0.130     -0.037
37.9000      -29980.085   -29988.617        8.533   342.0     -0.552      0.047      0.597     -0.173      0.764     -0.095
37.9500      -29979.807   -29987.764        7.957   318.9     -0.647     -0.197     -0.283      0.709     -0.220     -0.148
38.0000      -29979.766   -29987.736        7.971   319.5      0.403     -0.351     -0.266      0.056      0.153      0.029
38.0500      -29980.093   -29988.656        8.563   343.2      0.743      0.763      0.261     -0.019     -0.161     -0.201
38.1000      -29979.985   -29988.434        8.448   338.6     -0.308     -1.368     -0.736      0.366      0.579      0.267
38.1500      -29980.134   -29988.342        8.208   329.0     -0.137     -0.418      0.162      0.089      0.351     -0.544
38.2000      -29980.545   -29988.838        8.292   332.4      0.027     -0.176     -0.794      0.298     -0.722      0.130
38.2500      -29980.632   -29988.834        8.202   328.8     -0.647     -0.939     -0.507      0.010      0.561      0.234
38.3000      -29980.399   -29988.953        8.555   342.9      0.203      0.170     -0.863     -0.173     -0.245     -0.128
38.3500      -29980.055   -29988.945        8.890   356.4     -0.971     -0.386     -0.004     -0.082      0.099      0.083
38.4000      -29979.975   -29989.244        9.269   371.6     -0.210      0.352     -1.225      0.715     -0.114     -0.322
38.4500      -29980.212   -29989.176        8.963   359.3      0.052     -0.561     -1.248     -0.017     -0.033     -0.187
38.5000      -29980.114   -29988.895        8.781   352.0     -0.154     -0.062      0.295      0.055      0.046     -0.333
38.5500      -29980.326   -29988.484        8.158   327.0      0.334      0.583     -0.906     -0.097     -0.215      0.316
38.6000      -29979.722   -29988.105        8.384   336.1      0.811      0.503      0.412      0.171      0.829     -0.048
38.6500      -29979.440   -29988.264        8.823   353.7     -0.534      0.094      0.797      0.331     -0.178     -0.556
38.7000      -29979.382   -29988.104        8.722   349.6     -0.690     -0.535     -0.157      0.079     -0.037     -0.080
38.7500      -29979.620   -29988.068        8.448   338.6      0.546      0.943      0.077      0.387      0.540     -0.959
38.8000      -29980.182   -29989.211        9.029   361.9     -0.271     -0.789      0.335      0.074     -0.022     -0.054
38.8500      -29979.829   -29988.688        8.858   355.1      0.278     -0.095     -0.213      0.071     -0.064     -0.226
38.9000      -29980.067   -29988.109        8.043   322.4      1.228     -0.615      0.039     -0.164     -0.018     -0.302
38.9500      -29980.237   -29988.682        8.444   338.5     -0.587     -0.266      0.170      0.489     -0.107      0.369
39.0000      -29980.164   -29988.082        7.918   317.4     -0.433     -0.165     -0.711      0.216     -0.422     -0.235
39.0500      -29980.172   -29988.197        8.025   321.7     -0.977     -1.688     -0.622      0.223      0.385      0.412
39.1000      -29980.374   -29988.865        8.491   340.4      0.160      0.698      0.148      0.625      0.109     -0.779
39.1500      -29980.260   -29988.910        8.650   346.7     -0.561     -0.433      0.115     -0.029     -0.163      0.246
39.2000      -29980.791   -29988.707        7.916   317.3      0.159      0.731      0.248     -0.449      0.175      0.226
39.2500      -29980.889   -29988.941        8.053   322.8      0.806      0.498      0.070      0.119      0.443     -0.164
39.3000      -29980.260   -29989.230        8.970   359.6     -0.271     -0.436      0.773     -0.257     -0.181      0.634
39.3500      -29980.453   -29988.896        8.443   338.5      0.152      1.555      0.623     -0.136      0.607     -0.072
39.4000      -29980.731   -29989.711        8.980   360.0      0.302      0.400      0.557     -0.615      0.046      0.089
39.4500      -29980.480   -29989.527        9.047   362.6     -0.718     -1.609     -0.873      0.365      0.329     -0.314
39.5000      -29980.942   -29988.990        8.048   322.6     -0.680     -0.967     -1.206     -0.193     -0.040      0.288
39.5500      -29980.786   -29989.453        8.667   347.4     -0.594     -0.975     -0.489      0.164      0.546     -0.395
39.6000      -29980.546   -29988.686        8.139   326.3     -1.075     -0.711      0.196     -0.382     -0.203      0.769
39.6500      -29980.828   -29989.436        8.607   345.0     -0.240     -0.008     -0.179      0.153      0.099     -0.027
39.7000      -29980.336   -29989.248        8.912   357.2     -0.398      0.146     -0.003      0.189     -0.208     -0.000
39.7500      -29980.454   -29989.791        9.337   374.3     -0.754     -0.113     -1.496      0.148      0.103     -0.427
39.8000      -29980.858   -29989.137        8.279   331.9     -0.949      0.051     -0.216      1.108      0.412     -0.368
39.8500      -29980.863   -29989.209        8.346   334.5      0.280      1.318      0.379      0.164      0.375      0.003
39.9000      -29980.807   -29988.914        8.108   325.0     -0.798      0.377     -0.564      0.764      0.474      0.157
39.9500      -29980.956   -29989.041        8.085   324.1      0.020     -1.352     -0.579     -0.079      0.048     -0.299
40.0000      -29980.851   -29988.977        8.125   325.7     -0.163     -0.072      0.017     -0.004     -0.114     -0.010
40.0500      -29981.068   -29989.441        8.374   335.7      0.116     -0.249     -0.018     -0.300     -0.311     -0.343
40.1000      -29981.188   -29989.260        8.072   323.6      0.014     -0.266      0.009      0.512     -0.013     -0.020
40.1500      -29980.946   -29988.855        7.910   317.1     -0.879     -0.378     -0.610     -0.304     -0.005     -0.114
40.2000      -29981.097   -29988.754        7.656   306.9      0.356      0.312      0.453     -0.010      0.256      0.053
40.2500      -29980.322   -29989.180        8.858   355.1      0.381     -0.549     -0.540      0.444     -0.127     -0.593
40.3000      -29979.928   -29988.992        9.064   363.3     -0.006     -0.183     -0.387      0.130      0.363      0.183
40.3500      -29980.296   -29988.596        8.300   332.7      0.286      0.140     -0.756      0.029      0.107     -0.522
40.4000      -29980.334   -29988.795        8.461   339.2      0.351     -0.866      0.643     -0.094      0.184      0.509
40.4500      -29980.266   -29987.965        7.699   308.6     -0.287     -0.105     -0.942      0.487     -0.402      0.050
40.5000      -29980.247   -29988.566        8.319   333.5      0.293      0.700      0.551     -0.021      0.684     -0.260
40.5500      -29979.653   -29988.039        8.386   336.1     -0.484     -0.251      0.175      0.220      0.511      0.313
40.6000      -29980.187   -29988.297        8.110   325.1      0.079     -0.176     -0.616      0.084      0.226      0.224
40.6500      -29980.718   -29988.623        7.905   316.9      0.238      0.945      0.552     -0.057      0.199     -0.370
40.7000      -29981.006   -29989.049        8.043   322.4      0.070      0.020      0.035     -0.056      0.172      0.779
40.7500      -29981.008   -29989.549        8.541   342.4     -1.025     -0.441      0.046      0.564      0.074      0.073
40.8000      -29981.169   -29989.178        8.009   321.0     -0.864      0.124      0.225     -0.121      0.003      0.140
40.8500      -29980.657   -29988.641        7.984   320.0     -0.300     -0.242      0.093     -0.018     -0.342      0.298
40.9000      -29981.061   -29988.574        7.513   301.2     -0.597     -0.159     -0.477     -0.051      0.152     -0.005
40.9500      -29980.695   -29989.438        8.743   350.4      0.000     -0.627     -0.310     -0.340      0.125     -0.087
41.0000      -29980.051   -29988.471        8.420   337.5     -0.637     -1.479     -0.826      0.158     -0.072     -0.168
41.0500      -29980.256   -29988.652        8.396   336.6     -0.862     -0.417     -0.513     -0.442     -0.099     -0.571
41.1000      -29980.583   -29988.861        8.279   331.9     -0.483      0.169      0.660      0.072      0.612      0.304
41.1500      -29980.499   -29988.242        7.743   310.4     -0.083     -0.233     -0.383      0.315     -0.437     -0.355
41.2000      -29980.965   -29988.650        7.685   308.1      0.110      1.180     -0.450     -0.285      0.243      0.126
41.2500      -29980.953   -29988.555        7.602   304.7      0.265     -0.297      0.099     -0.149     -0.081      0.078
41.3000      -29980.727   -29989.760        9.033   362.1     -0.045     -0.091     -0.617      0.181      0.737     -0.050
41.3500      -29980.159   -29988.742        8.583   344.0      0.340      0.517     -0.096      0.453     -0.496      0.187
41.4000      -29980.023   -29988.635        8.612   345.2     -0.435     -0.517      0.168      0.227     -0.161      0.196
41.4500      -29979.906   -29988.027        8.122   325.5      0.481     -0.258     -0.261      0.051      0.286     -0.118
41.5000      -29979.359   -29988.021        8.662   347.2      0.595     -0.178     -0.103      0.051     -0.074     -0.180
41.5500      -29979.236   -29988.637        9.401   376.8     -0.120     -0.229     -0.753      0.333     -0.427      0.029
41.6000      -29979.465   -29988.348        8.883   356.1      0.580     -0.026     -0.723      0.353     -0.016      0.498
41.6500      -29979.681   -29988.500        8.819   353.5      0.406      0.483      1.621      0.343      0.033     -0.192
41.7000      -29979.806   -29988.326        8.520   341.5     -0.387      0.406      1.063     -0.390      0.211      0.096
41.7500      -29979.786   -29988.623        8.837   354.2     -0.302     -0.353     -0.141     -0.460     -0.344      0.101
41.8000      -29980.046   -29989.129        9.083   364.1     -0.731      0.406     -0.713      0.087     -0.085      0.135
41.8500      -29980.055   -29988.215        8.160   327.1     -0.454      0.792     -0.109     -0.037     -0.267     -0.312
41.9000      -29979.817   -29989.229        9.411   377.2      0.508      0.257      0.464      0.201      0.260     -0.050
41.9500      -29980.336   -29988.424        8.088   324.2     -0.024      0.021      0.480     -0.219      0.049     -0.462
42.0000      -29980.063   -29988.064        8.001   320.7     -0.063      0.756     -0.359      0.354     -0.197      0.323
42.0500      -29980.603   -29989.217        8.613   345.3     -0.008     -0.309      0.029      0.235      0.670     -0.396
42.1000      -29980.781   -29989.730        8.949   358.7     -0.459     -0.363     -0.233      0.450     -0.302      0.295
42.1500      -29980.770   -29989.539        8.769   351.5      0.321      0.447     -0.360      0.006      0.041      0.040
42.2000      -29980.541   -29989.736        9.196   368.6     -0.855     -0.082      0.399     -0.246     -0.054      0.048
42.2500      -29980.198   -29987.766        7.567   303.3     -0.909     -0.835     -0.437     -0.163      0.675      0.759
42.3000      -29980.208   -29987.898        7.690   308.3      0.449      0.507      0.526      0.244      0.094     -0.540
42.3500      -29980.362   -29988.396        8.034   322.1      0.586     -0.070     -0.535      0.265      0.102     -0.209
42.4000      -29979.946   -29988.938        8.992   360.4     -1.171      0.426      0.326     -0.175     -0.142     -0.312
42.4500      -29980.313   -29988.816        8.503   340.8      0.111     -0.482      0.333      0.012     -0.337     -0.229
42.5000      -29980.206   -29988.480        8.275   331.7     -1.016     -1.287     -1.160      0.451      0.392     -0.412
42.5500      -29979.641   -29988.617        8.976   359.8     -0.007     -0.023     -0.361     -0.071     -0.502      0.112
42.6000      -29979.621   -29987.943        8.322   333.6     -0.394     -0.469     -0.148     -0.365      0.505     -0.165
42.6500      -29979.669   -29988.027        8.358   335.0     -0.975     -0.794     -1.284      0.138     -0.396     -0.215
42.7000      -29979.393   -29988.660        9.267   371.5      0.482     -0.562      0.680      0.005     -0.288      0.263
42.7500      -29979.261   -29988.166        8.905   356.9      0.065     -0.418      0.598      0.238     -0.125      0.166
42.8000      -29979.317   -29987.887        8.570   343.5     -0.782      0.152      0.078     -0.004      0.652      0.100
42.8500      -29979.861   -29988.725        8.863   355.3      0.847      0.930     -0.186     -0.496      0.198     -0.677
42.9000      -29980.363   -29988.859        8.496   340.6     -0.582     -0.849     -0.016      0.678      0.080      0.050
42.9500      -29980.222   -29988.838        8.615   345.3     -0.533     -1.079     -1.472      0.086      0.355      0.194
43.0000      -29980.778   -29988.990        8.213   329.2     -0.114     -1.916     -0.461     -0.432     -0.066     -0.367
43.0500      -29981.261   -29988.959        7.698   308.6      0.255     -0.682     -0.035      0.004     -0.164     -0.087
43.1000      -29980.589   -29988.725        8.136   326.1     -0.397      0.191      0.597     -0.214      0.799     -0.148
43.1500      -29979.992   -29988.104        8.111   325.1      0.285      0.402     -0.235      0.400     -0.050     -0.083
43.2000      -29979.963   -29988.807        8.843   354.5      0.124     -0.232      1.054     -0.948      0.570     -0.003
43.2500      -29979.625   -29987.848        8.223   329.6      0.145     -0.728      0.137      0.320      0.021     -0.376
43.3000      -29979.783   -29988.703        8.920   357.6      0.329      0.306      0.021      0.145     -0.659     -0.074
43.3500      -29979.830   -29988.285        8.455   338.9     -0.835     -0.752      0.035      0.308      0.173      0.376
43.4000      -29979.881   -29988.809        8.928   357.9     -0.002     -0.552     -0.934      0.152     -0.274     -0.489
43.4500      -29979.790   -29988.393        8.603   344.8     -0.317      0.265     -1.171      0.075      0.051      0.373
43.5000      -29980.115   -29988.502        8.387   336.2     -0.110     -0.527     -0.314      0.185      0.066     -0.053
43.5500      -29979.959   -29988.371        8.412   337.2      0.473     -1.050      0.098      0.103     -0.503     -0.071
43.6000      -29979.928   -29988.527        8.599   344.7     -1.084     -0.146     -0.761     -0.316     -0.139      0.125
43.6500      -29980.724   -29987.971        7.246   290.5     -0.186     -0.722     -1.004      0.347      0.111      0.167
43.7000      -29980.688   -29988.768        8.079   323.9     -0.504     -0.108     -0.094     -0.080     -0.378      0.017
43.7500      -29981.111   -29988.928        7.817   313.3     -0.006      0.748      0.301      0.223     -0.269     -0.178
43.8000      -29981.009   -29988.865        7.856   314.9     -0.230     -1.289     -1.150     -0.117     -0.478     -0.404
43.8500      -29980.831   -29988.809        7.977   319.8     -0.914     -0.983     -1.295      0.102      0.402     -0.194
43.9000      -29980.758   -29988.902        8.144   326.5     -1.027      0.041     -0.996      0.563     -0.625     -0.174
43.9500      -29980.664   -29988.703        8.039   322.3     -0.644     -1.189     -1.287      0.103     -0.330     -0.034
44.0000      -29980.261   -29988.439        8.178   327.8      0.044      0.294      0.095      0.133      0.094     -0.122
44.0500      -29979.842   -29988.326        8.484   340.1     -0.418     -0.467     -0.258     -0.074     -0.660      0.057
44.1000      -29980.060   -29988.305        8.245   330.5      0.270     -1.123     -0.014     -0.002      0.048     -0.112
44.1500      -29979.932   -29988.754        8.822   353.6      0.332      0.496     -0.077     -0.252     -0.542      0.096
44.2000      -29979.912   -29988.285        8.373   335.6     -0.743     -1.232     -0.247      0.348     -0.141     -0.033
44.2500      -29980.232   -29988.207        7.975   319.7     -0.250     -1.233      0.047      0.156      0.422     -0.358
44.3000      -29980.264   -29989.033        8.769   351.5     -0.609      0.160      0.385      0.176      0.201     -0.024
44.3500      -29980.371   -29988.252        7.881   315.9     -0.783     -0.577     -0.312      0.309      0.408      0.074
44.4000      -29980.630   -29988.697        8.067   323.4     -0.757      0.626      0.118     -0.227     -0.017      0.388
44.4500      -29980.151   -29988.084        7.933   318.0     -0.569     -1.148     -0.421      0.108     -0.337     -0.752
44.5000      -29980.434   -29988.316        7.882   316.0     -0.565     -0.070     -0.209     -0.197     -0.043      0.110
44.5500      -29979.802   -29988.178        8.375   335.7      0.094      0.250     -0.736     -0.322     -0.710     -0.273
44.6000      -29979.457   -29987.619        8.163   327.2     -0.937     -0.821     -0.648     -0.195      0.587      0.121
44.6500      -29979.328   -29987.828        8.500   340.7     -0.547      0.344     -0.159      0.801     -0.087     -0.534
44.7000      -29979.699   -29987.998        8.299   332.7     -1.158     -0.945     -0.856      0.396      0.034     -0.116
44.7500      -29979.566   -29987.990        8.424   337.7     -0.096     -0.558      0.425      0.057     -0.086      0.131
44.8000      -29980.142   -29988.637        8.494   340.5     -0.723      0.137     -0.199     -0.479      0.025     -0.684
44.8500      -29980.195   -29987.896        7.702   308.7      0.440      0.263     -0.252     -0.121      0.183      0.210
44.9000      -29980.084   -29988.387        8.302   332.8     -0.921     -0.847     -0.659      0.440      0.061     -0.876
44.9500      -29980.550   -29987.535        6.985   280.0     -0.437     -0.177     -0.585      0.011      0.332      0.394
45.0000      -29980.394   -29988.852        8.457   339.0      1.031     -0.315      0.489      0.620     -0.190     -0.128
45.0500      -29980.363   -29989.242        8.880   355.9      0.502     -0.172      0.240     -0.486      0.069      0.189
45.1000      -29980.451   -29988.627        8.176   327.7      0.149     -0.141     -0.107      0.405      0.348     -0.196
45.1500      -29980.917   -29988.691        7.774   311.6     -0.166     -0.571     -0.069     -0.192      0.371     -0.410
45.2000      -29981.115   -29988.641        7.526   301.7      0.212     -0.088     -0.647      0.104      0.035     -0.169
45.2500      -29980.516   -29988.549        8.033   322.0     -0.156     -0.099     -0.723     -0.132     -0.256      0.038
45.3000      -29980.220   -29988.383        8.162   327.2      0.081      0.527     -0.505      0.062      0.428     -0.116
45.3500      -29980.235   -29988.166        7.931   317.9     -0.005     -0.279      0.318      0.329      0.023     -0.915
45.4000      -29980.387   -29988.365        7.978   319.8     -0.390      0.064     -0.023     -0.351      0.026      0.458
45.4500      -29981.061   -29988.855        7.795   312.5      1.162      0.614     -0.561      0.112     -0.143     -0.070
45.5000      -29980.387   -29988.498        8.111   325.1     -0.883      0.236      0.504      0.111      0.478     -0.104
45.5500      -29980.051   -29988.570        8.519   341.5      0.336     -0.212      0.925      0.368     -0.044     -0.240
45.6000      -29979.922   -29987.836        7.914   317.2     -0.198     -0.097     -0.839     -0.160      0.198     -0.572
45.6500      -29979.948   -29989.303        9.354   375.0      0.090      0.109      0.632      0.077     -0.261     -0.397
45.7000      -29980.911   -29989.055        8.144   326.4     -0.326      0.695      0.460     -0.159      0.123     -0.258
45.7500      -29980.430   -29989.139        8.709   349.1      0.385     -0.763     -0.166      0.151      0.060     -0.726
45.8000      -29980.740   -29989.373        8.633   346.1      0.078     -0.479     -0.383      0.390     -0.243      0.214
45.8500      -29981.510   -29989.363        7.854   314.8      0.081     -0.643      0.588     -0.520     -0.148     -0.510
45.9000      -29981.408   -29988.598        7.190   288.2     -0.156     -0.123     -0.068      0.461      0.181      0.119
45.9500      -29981.126   -29988.643        7.517   301.3      0.009      0.072     -0.538     -0.005     -0.425      0.027
46.0000      -29981.349   -29988.631        7.282   291.9     -0.188     -0.673     -0.406     -0.139      0.410     -0.093
46.0500      -29981.296   -29988.479        7.182   287.9     -0.509     -0.108      0.719      0.293     -0.134      0.447
46.1000      -29981.984   -29988.947        6.963   279.1      0.652     -0.151      0.639     -0.384     -0.008      0.038
46.1500      -29981.561   -29988.465        6.904   276.7     -0.805     -1.220     -0.510      0.120      0.383      0.192
46.2000      -29981.315   -29989.281        7.966   319.3     -0.046      0.246      0.003      0.056     -0.011      0.131
46.2500      -29981.371   -29989.293        7.922   317.5      0.227      0.169     -0.152      0.284     -0.079      0.261
46.3000      -29980.887   -29989.160        8.273   331.6     -0.639      0.037     -0.121     -0.292      0.888      0.036
46.3500      -29980.959   -29988.469        7.509   301.0     -1.077     -0.387      0.059      0.368     -0.273     -0.351
46.4000      -29980.937   -29988.928        7.991   320.3      0.273     -0.028     -0.479     -0.168     -0.307     -0.226
46.4500      -29980.921   -29988.748        7.827   313.7     -0.761     -0.118     -0.131      0.048      0.047     -0.009
46.5000      -29981.095   -29989.256        8.161   327.1     -0.229     -0.588     -0.141      0.171      0.076      0.304
46.5500      -29981.615   -29989.250        7.635   306.0     -0.394      0.882     -0.543     -0.045      0.116     -0.231
46.6000      -29981.985   -29989.572        7.587   304.1      0.007     -0.540     -0.963      0.061     -0.074      0.236
46.6500      -29981.499   -29989.307        7.808   313.0     -0.181      0.307     -0.664      0.474      0.011     -0.169
46.7000      -29981.296   -29988.961        7.665   307.2     -0.214     -0.061     -0.228     -0.175      0.269     -0.220
46.7500      -29980.856   -29988.822        7.966   319.3     -0.292     -0.244     -0.663      0.304      0.423      0.398
46.8000      -29980.978   -29989.025        8.048   322.6     -1.200     -0.012      0.285      0.142     -0.333     -0.047
46.8500      -29980.717   -29989.482        8.765   351.3     -0.860     -0.576     -0.023      0.069      0.307      0.272
46.9000      -29980.529   -29989.471        8.942   358.4     -0.384      0.082     -0.411     -0.118      0.546      0.224
46.9500      -29980.678   -29989.219        8.541   342.3     -0.031     -0.015     -0.123      0.313      0.162      0.073
47.0000      -29980.253   -29988.562        8.309   333.1     -0.797      0.482     -0.349      0.293     -0.368     -0.035
47.0500      -29980.786   -29988.850        8.064   323.2      0.092      0.337      0.020      0.158      0.190      0.320
47.1000      -29980.351   -29988.441        8.090   324.3     -0.460     -0.005     -0.418     -0.542     -0.135      0.089
47.1500      -29980.105   -29989.113        9.009   361.1     -0.126     -0.869     -0.363      0.085      0.106      0.295
47.2000      -29980.678   -29988.801        8.123   325.6     -0.559     -0.287      0.339     -0.154      0.217      0.363
47.2500      -29981.260   -29989.115        7.855   314.9      0.937      0.130      0.489      0.313      0.114     -0.001
47.3000      -29981.125   -29989.645        8.520   341.5     -0.076     -0.381     -0.048      0.119      0.459     -0.080
47.3500      -29981.049   -29988.852        7.802   312.8     -0.754     -0.620      0.676      1.033      0.108      0.490
47.4000      -29980.743   -29989.629        8.885   356.2      0.256      0.250     -0.856      0.225     -0.145      0.488
47.4500      -29979.938   -29988.186        8.247   330.6      0.546      0.790     -0.612      0.114      0.119      0.186
47.5000      -29980.042   -29988.391        8.349   334.7      0.128      0.103     -0.340      0.713      0.150      0.274
47.5500      -29980.714   -29988.789        8.075   323.7      1.129     -0.826      0.231     -0.505     -0.240      0.752
47.6000      -29980.840   -29988.438        7.598   304.6      0.537      0.157     -0.991     -0.088     -0.592      0.797
47.6500      -29980.589   -29988.346        7.756   310.9      0.100      0.245      0.061      0.823     -0.010     -0.174
47.7000      -29980.385   -29989.031        8.647   346.6      0.252     -0.653     -0.117     -0.371      0.059     -0.049
47.7500      -29980.623   -29988.730        8.108   325.0      0.821     -0.658      0.272      0.064     -0.051      0.496
47.8000      -29980.898   -29989.232        8.334   334.1     -0.818     -0.059     -0.221      0.137      0.047     -0.041
47.8500      -29980.635   -29989.379        8.744   350.5      0.278      0.118      0.255     -0.289      0.168     -0.225
47.9000      -29980.643   -29989.291        8.648   346.7      0.563     -0.772     -0.465      0.336      0.186     -0.420
47.9500      -29980.538   -29989.393        8.855   354.9     -0.635     -0.330     -0.342      0.193     -0.404      0.390
48.0000      -29981.427   -29989.408        7.982   319.9      0.693     -0.386      0.304      0.361      0.270     -0.303
48.0500      -29981.386   -29989.592        8.206   328.9     -0.142     -0.900      0.263      0.197     -0.160      0.400
48.1000      -29981.352   -29989.350        7.998   320.6     -0.322     -0.291     -0.385      0.184      0.237     -0.220
48.1500      -29981.450   -29989.205        7.755   310.9     -0.942      0.043     -0.361     -0.371     -0.502      0.459
48.2000      -29981.478   -29989.715        8.237   330.2     -0.302     -1.349      0.622      0.403      0.176     -0.250
48.2500      -29981.131   -29989.717        8.586   344.2     -0.172      0.455      0.142      0.113      0.309     -0.472
48.3000      -29981.416   -29989.600        8.184   328.0     -0.044      0.625      1.230     -0.441     -0.126     -0.627
48.3500      -29981.350   -29989.143        7.793   312.4      1.224      0.543     -0.068      0.600     -0.113      0.106
48.4000      -29980.590   -29989.178        8.588   344.3     -1.419     -0.619     -0.956      0.013     -0.132     -0.998
48.4500      -29980.382   -29989.020        8.638   346.2      0.487     -0.812     -0.896      0.011     -0.118     -0.442
48.5000      -29980.520   -29988.949        8.430   337.9     -0.796     -0.450     -0.839      0.165      0.157     -0.140
48.5500      -29980.396   -29988.502        8.106   324.9     -0.474     -1.053     -0.075     -0.299      0.392     -0.230
48.6000      -29980.239   -29988.457        8.218   329.4     -0.387     -0.229     -1.675     -0.129     -0.115      0.166
48.6500      -29980.739   -29989.488        8.749   350.7     -1.256     -0.200     -0.039      0.441      0.037     -0.108
48.7000      -29980.698   -29988.992        8.295   332.5     -0.371     -0.315     -0.215     -0.531     -0.285      0.116
48.7500      -29980.425   -29988.611        8.186   328.1      0.530     -0.469     -0.407      0.486      0.167     -0.091
48.8000      -29980.461   -29988.340        7.878   315.8      0.179     -1.034      0.680      0.163     -0.149      0.083
48.8500      -29980.539   -29988.611        8.072   323.6      0.183      0.111     -0.718     -0.901     -0.008      1.037
48.9000      -29980.576   -29988.795        8.219   329.5     -1.186     -0.559     -0.274      0.783     -0.125     -0.476
48.9500      -29981.182   -29989.205        8.023   321.6     -0.666      0.317     -0.613     -0.517      0.333     -0.235
49.0000      -29981.288   -29989.150        7.862   315.2     -0.008     -0.045      0.396      0.052     -0.288      0.096
49.0500      -29981.079   -29988.998        7.919   317.4     -0.311      0.018     -0.381      0.831     -0.563     -0.041
49.1000      -29980.465   -29988.281        7.816   313.3      0.080     -0.389      0.338      0.451      0.236      0.045
49.1500      -29980.378   -29988.533        8.156   326.9     -0.376     -0.130     -0.745      0.288     -0.046     -0.455
49.2000      -29979.772   -29987.932        8.160   327.1     -1.045     -0.978      0.307     -0.366      0.526      0.083
49.2500      -29979.508   -29987.992        8.485   340.1     -0.056     -0.462     -1.151      0.303     -0.559     -0.119
49.3000      -29979.904   -29987.758        7.853   314.8      0.757     -0.373     -0.251     -0.001     -0.486      0.232
49.3500      -29980.246   -29988.576        8.330   333.9      1.033      0.424     -0.239     -0.039      0.622      0.365
49.4000      -29980.072   -29988.207        8.135   326.1      0.323     -0.060      0.810      0.346      0.102     -0.186
49.4500      -29980.246   -29988.389        8.142   326.4     -0.704      0.748     -0.105      0.094     -0.140      0.003
49.5000      -29980.114   -29988.012        7.898   316.6      1.268      0.175      1.256     -0.045     -0.383     -0.193
49.5500      -29980.361   -29988.311        7.950   318.7     -0.508      0.437     -0.232      0.225      0.218      0.193
49.6000      -29980.106   -29988.035        7.929   317.8     -0.483     -0.365     -0.963     -0.378     -0.358      0.105
49.6500      -29979.987   -29988.809        8.821   353.6      0.240     -0.785      0.217      0.017     -0.016      0.134
49.7000      -29979.489   -29988.322        8.834   354.1     -0.898     -0.305     -1.398      0.219     -0.154     -0.057
49.7500      -29979.033   -29988.332        9.299   372.8      0.098     -0.844     -0.035     -0.499      0.069     -0.321
49.8000      -29979.560   -29988.242        8.682   348.0      0.055     -0.484     -0.966     -0.107     -0.403     -0.243
49.8500      -29980.061   -29988.246        8.185   328.1     -0.158     -0.072     -0.607      0.428     -0.848     -0.303
49.9000      -29979.811   -29988.121        8.310   333.1      0.430     -0.795     -0.421      0.102      0.503      0.277
49.9500      -29979.870   -29987.908        8.038   322.2     -0.192     -0.785     -0.801      0.007     -0.277      0.183
50.0000      -29979.569   -29987.639        8.070   323.5     -0.660     -1.545     -0.961      0.223      0.332     -0.171
50.0500      -29979.293   -29987.547        8.254   330.8     -0.684     -0.498     -0.839      0.049      0.042      0.282
50.1000      -29979.467   -29987.293        7.826   313.7     -0.302     -0.222      0.022     -0.205     -0.557     -0.608
50.1500      -29979.128   -29988.088        8.960   359.2     -0.581     -0.991     -0.763      0.077      0.517      0.019
50.2000      -29979.048   -29987.922        8.874   355.7      0.759     -0.253      0.005     -0.179      0.204     -0.029
50.2500      -29978.729   -29987.377        8.648   346.7      0.140     -0.496     -0.664      0.676      0.062     -0.191
50.3000      -29979.375   -29987.881        8.506   341.0     -0.639     -0.194     -0.403     -0.275     -0.217      0.391
50.3500      -29979.004   -29987.117        8.113   325.2      0.433     -0.141      0.696      0.137     -0.118     -0.437
50.4000      -29979.384   -29987.721        8.337   334.2      1.158      0.834     -1.119     -0.062      0.450      0.059
50.4500      -29979.068   -29987.607        8.539   342.3      0.046     -0.638     -0.309      0.357      0.520     -0.081
50.5000      -29979.467   -29987.713        8.246   330.5     -0.400      0.303     -0.153      0.141     -0.205     -0.279
50.5500      -29979.378   -29988.338        8.960   359.1     -0.328     -1.013     -0.769      0.099      0.097     -0.072
50.6000      -29979.903   -29989.258        9.355   375.0     -1.006     -0.775     -0.319      0.504     -0.621      0.182
50.6500      -29979.658   -29989.104        9.446   378.6     -0.550     -1.093     -1.098      0.267     -0.428      0.170
50.7000      -29980.092   -29988.160        8.068   323.4     -0.598     -1.001     -0.591      0.162      0.040      0.049
50.7500      -29980.348   -29988.418        8.070   323.5     -0.144      0.064      0.500      0.129     -0.220     -0.126
50.8000      -29980.690   -29988.865        8.176   327.7     -0.223      0.834     -0.028     -0.089     -0.006      0.527
50.8500      -29980.913   -29988.818        7.905   316.9      0.616      0.479     -0.275     -0.411     -0.150     -0.070
50.9000      -29980.921   -29989.473        8.551   342.8     -0.062      0.094      0.005      0.062      0.467     -0.058
50.9500      -29981.197   -29989.594        8.397   336.6      0.584      0.331     -0.117     -0.126     -0.256     -0.281
51.0000      -29981.072   -29989.514        8.441   338.4     -0.744     -0.024     -0.457      0.070      0.083     -0.315
51.0500      -29980.872   -29989.713        8.841   354.4      0.781      0.720     -0.315     -0.136     -0.024     -0.235
51.1000      -29980.827   -29989.711        8.884   356.1     -0.015      0.073      0.373     -0.152     -0.158     -0.038
51.1500      -29981.542   -29989.021        7.480   299.8     -0.310      0.096     -0.401      0.336     -0.416     -0.175
51.2000      -29981.627   -29989.186        7.559   303.0     -0.024     -0.573     -0.189     -0.035      0.190      0.174
51.2500      -29981.210   -29989.477        8.266   331.4     -0.540     -0.145     -0.915      0.038     -0.558      0.137
51.3000      -29981.247   -29989.166        7.919   317.4     -1.117     -1.238     -0.257     -0.627      0.159     -0.146
51.3500      -29981.360   -29989.443        8.083   324.0     -0.281      0.460      0.425     -0.430     -0.431     -0.728
51.4000      -29981.318   -29989.527        8.210   329.1     -0.400     -0.311     -0.587     -0.091     -0.494      0.553
51.4500      -29981.209   -29989.281        8.073   323.6     -0.130      0.572     -0.140      0.117      0.297     -0.174
51.5000      -29981.835   -29989.584        7.749   310.6      0.299      0.418     -0.362     -0.591     -0.037      0.220
51.5500      -29981.779   -29989.588        7.808   313.0     -1.215     -0.313     -0.831     -0.347      0.020      0.262
51.6000      -29981.676   -29989.473        7.797   312.5     -0.227     -0.540     -1.181     -0.220      0.226      0.682
51.6500      -29981.737   -29990.012        8.275   331.7     -0.403      0.101     -0.097     -0.445     -0.197      0.134
51.7000      -29981.784   -29990.100        8.316   333.3      0.224      0.484      0.432      0.496     -0.208      0.216
51.7500      -29981.756   -29989.020        7.264   291.2     -0.784      0.040     -0.202      0.471     -0.059      0.554
51.8000      -29982.307   -29990.361        8.054   322.9     -0.760     -0.345     -0.397     -0.108     -0.043      0.139
51.8500      -29982.298   -29989.729        7.431   297.9     -0.832     -1.073     -0.238      0.626     -0.363     -0.277
51.9000      -29982.246   -29990.006        7.760   311.1     -0.263      0.015      0.389     -0.362      0.194     -0.375
51.9500      -29981.940   -29990.482        8.543   342.4      0.320      0.348     -0.812      0.230      0.026      0.057
52.0000      -29981.246   -29989.498        8.253   330.8     -1.142     -0.590     -1.449      0.162      0.001     -0.046
52.0500      -29981.263   -29988.998        7.735   310.0     -0.280     -0.147      0.000      0.515      0.008     -0.500
52.1000      -29981.180   -29989.607        8.427   337.8     -0.378      0.052     -0.806      0.313     -0.467      0.519
52.1500      -29981.036   -29989.799        8.762   351.2     -0.376     -1.320     -0.723      0.479     -0.169      0.273
52.2000      -29981.189   -29989.562        8.374   335.7     -0.389     -0.469     -1.370     -0.363     -0.083     -0.709
52.2500      -29981.551   -29989.904        8.353   334.8     -0.235     -0.371      0.124      0.376      0.272     -0.231
52.3000      -29981.026   -29989.350        8.324   333.7     -0.166     -0.256     -1.297      0.498     -0.708     -0.244
52.3500      -29980.330   -29989.137        8.807   353.0      0.616     -0.083     -0.237      0.304     -0.615      0.157
52.4000      -29979.961   -29988.436        8.474   339.7     -0.170     -0.647      0.181     -0.120      0.259     -0.464
52.4500      -29980.018   -29988.693        8.675   347.7     -1.626     -0.946     -0.493      0.200      0.036      0.114
52.5000      -29979.676   -29988.406        8.731   350.0      0.429     -0.514      0.268     -0.629     -0.305      0.455
52.5500      -29979.888   -29988.688        8.799   352.7     -0.722     -0.013     -0.602     -0.492      0.121      0.320
52.6000      -29980.028   -29989.002        8.974   359.7     -0.290      0.385     -0.304      0.484     -0.218     -0.057
52.6500      -29980.171   -29988.559        8.387   336.2     -0.379      0.387      0.215     -0.593     -0.144      0.472
52.7000      -29980.236   -29988.748        8.512   341.2     -0.413     -0.617     -0.664      0.149     -0.071      0.383
52.7500      -29979.978   -29988.051        8.073   323.6     -0.002      0.406      0.287      0.083      0.081     -0.579
52.8000      -29980.365   -29988.518        8.153   326.8      0.311      0.620      0.114     -0.429     -0.226     -0.006
52.8500      -29980.535   -29988.697        8.162   327.2     -0.033     -0.198     -1.210      0.146     -0.135     -0.063
52.9000      -29980.298   -29989.123        8.825   353.8      0.737      0.110      0.350     -0.431     -0.164     -0.055
52.9500      -29980.599   -29989.158        8.560   343.1      0.244      0.520      0.776     -0.035     -0.394      0.143
53.0000      -29980.080   -29989.312        9.233   370.1     -0.430      0.715      0.309     -0.301      0.385     -0.305
53.0500      -29980.258   -29987.750        7.492   300.3      1.030      0.065     -0.571     -0.227     -0.441      0.228
53.1000      -29980.187   -29988.311        8.123   325.6     -0.036      0.244      0.277      0.184      0.069     -0.014
53.1500      -29980.990   -29988.566        7.576   303.7      0.390      0.691     -0.476      0.080      0.694     -0.055
53.2000      -29980.879   -29988.713        7.834   314.0     -0.774     -0.430     -0.511     -0.296     -0.216      0.450
53.2500      -29980.650   -29988.102        7.451   298.7      0.092      0.059     -0.562     -0.317     -0.079     -0.027
53.3000      -29980.345   -29988.592        8.247   330.6      0.392     -0.026      0.400      0.161      0.028     -0.115
53.3500      -29980.783   -29988.855        8.073   323.6     -0.536     -0.048      0.042      0.032      0.434     -0.211
53.4000      -29980.537   -29988.379        7.842   314.4     -0.541      0.651      0.139     -0.389     -0.155      0.023
53.4500      -29980.724   -29987.916        7.192   288.3     -0.127      0.114      1.213     -0.092      0.387      0.166
53.5000      -29980.211   -29988.689        8.478   339.9     -0.041      0.332     -0.205     -0.108     -0.108      0.683
53.5500      -29980.558   -29988.834        8.276   331.8     -0.186     -0.009     -0.549      0.212      0.163     -0.352
53.6000      -29980.434   -29988.559        8.125   325.7     -1.610     -1.253     -0.648     -0.453      0.074      0.367
53.6500      -29980.736   -29989.020        8.283   332.0     -0.753     -1.053     -0.022      0.093     -0.219      0.314
53.7000      -29981.227   -29988.873        7.646   306.5     -0.604      0.392     -0.967      0.142     -0.020     -0.419
53.7500      -29981.218   -29988.729        7.510   301.1     -0.522     -1.159     -0.983     -0.448      0.111      0.453
53.8000      -29981.208   -29988.959        7.751   310.7      0.335      0.193     -0.298      0.179     -0.280      0.349
53.8500      -29980.840   -29988.834        7.994   320.4     -0.958     -0.323     -0.697      0.169      0.007      0.253
53.9000      -29980.714   -29989.037        8.324   333.6     -0.299      0.232     -0.386      0.478      0.300      0.338
53.9500      -29980.292   -29988.523        8.232   330.0     -0.004     -0.459     -0.078      0.017     -0.022     -0.638
54.0000      -29980.151   -29988.098        7.946   318.5      0.922     -0.453     -0.289      0.088      0.154      0.429
54.0500      -29980.085   -29987.768        7.682   307.9     -0.561     -0.179      0.618      0.477      0.082      0.010
54.1000      -29980.385   -29988.496        8.111   325.1     -0.303     -0.420     -0.116     -0.277      0.352      0.110
54.1500      -29980.401   -29987.975        7.573   303.6     -0.848     -0.405     -0.209      0.360      0.684     -0.835
54.2000      -29980.708   -29988.166        7.458   299.0     -0.729     -1.217     -0.642     -0.196      0.049      0.236
54.2500      -29980.937   -29989.438        8.501   340.8     -1.146     -1.039     -0.404     -0.141     -0.461     -0.236
54.3000      -29980.685   -29989.207        8.522   341.6     -0.822     -0.599      0.032     -0.188      0.138      0.403
54.3500      -29980.782   -29988.842        8.060   323.1      0.119     -0.555      0.095      0.626     -0.353     -0.262
54.4000      -29980.913   -29988.844        7.930   317.9     -0.305     -0.462     -0.380      0.222     -0.070     -0.161
54.4500      -29980.756   -29988.561        7.804   312.8     -0.311     -0.029      0.619     -0.122      0.619      0.072
54.5000      -29980.410   -29988.750        8.340   334.3      0.474     -0.425      0.000      0.155     -0.444     -0.284
54.5500      -29981.148   -29989.150        8.002   320.8      0.140      0.295      1.549      0.251     -0.154      0.190
54.6000      -29981.270   -29988.564        7.294   292.4     -0.390     -0.129     -0.415     -0.293     -0.294     -0.316
54.6500      -29981.168   -29988.795        7.627   305.7     -0.238     -0.086     -0.228     -0.730     -0.080     -0.154
54.7000      -29980.478   -29988.537        8.059   323.1     -0.736     -0.242     -0.177     -0.203      0.493      0.014
54.7500      -29980.739   -29989.289        8.550   342.7      0.454     -0.689     -0.138      0.280     -0.196     -0.629
54.8000      -29981.289   -29988.326        7.037   282.1      0.069     -0.845     -0.502      0.292     -1.131      0.323
54.8500      -29981.802   -29989.279        7.478   299.7      0.625     -0.490      0.176      0.153      0.616     -0.630
54.9000      -29981.332   -29989.012        7.679   307.8      0.957      0.198      0.417     -0.651     -0.289      0.207
54.9500      -29981.945   -29989.732        7.787   312.2      0.464      0.840      0.303      0.473      0.277     -0.075
55.0000      -29982.008   -29989.725        7.716   309.3      0.023     -0.162      1.307     -0.143     -0.145     -0.336
55.0500      -29981.655   -29989.480        7.825   313.7     -0.327      0.208     -0.016      0.542     -0.089     -0.226
55.1000      -29980.975   -29988.830        7.855   314.9      0.931     -0.316     -0.293     -0.051      0.462     -0.332
55.1500      -29981.014   -29988.979        7.964   319.2     -1.293     -1.614     -0.191      0.009      0.010     -0.143
55.2000      -29980.565   -29988.883        8.317   333.4     -0.297      0.214     -0.579      0.089     -0.665     -0.032
55.2500      -29980.945   -29989.176        8.231   329.9      1.625     -0.277      0.565      0.240     -0.222      0.079
55.3000      -29981.072   -29989.551        8.479   339.9     -0.934     -0.270     -0.823      0.466      0.484     -0.175
55.3500      -29981.192   -29988.879        7.687   308.1     -0.687     -1.995     -0.310      0.112     -0.550     -0.621
55.4000      -29980.997   -29989.180        8.183   328.0     -0.634      0.970      0.070      0.642      0.894     -0.079
55.4500      -29980.739   -29988.172        7.433   298.0     -0.065     -0.298     -1.780      0.585      0.241     -0.368
55.5000      -29980.612   -29988.574        7.962   319.2      0.171      0.317      0.378     -0.740     -0.430     -0.189
55.5500      -29980.675   -29989.082        8.407   337.0      0.220      0.312     -0.331     -0.004     -0.019     -0.297
55.6000      -29980.554   -29988.785        8.232   330.0      0.323      0.158     -0.869      0.433      0.265      0.063
55.6500      -29980.846   -29988.855        8.010   321.1     -0.790     -0.130      0.343      0.200      0.085      0.498
55.7000      -29979.609   -29988.123        8.514   341.3     -0.020     -1.082     -0.176     -0.349     -0.156     -0.422
55.7500      -29979.999   -29988.750        8.751   350.8     -0.600      0.539     -0.392     -0.111     -0.045      0.041
55.8000      -29979.589   -29988.371        8.782   352.0     -0.698     -0.004     -0.800     -0.074     -0.094     -0.456
55.8500      -29980.033   -29988.521        8.489   340.3      0.350     -0.781     -0.033     -0.036      0.114      0.031
55.9000      -29980.431   -29988.279        7.849   314.6     -1.398     -0.582     -0.861     -0.053     -0.097      0.014
55.9500      -29980.570   -29988.178        7.608   305.0      0.125     -0.405     -0.523      0.653     -0.443      0.004
56.0000      -29980.098   -29988.896        8.799   352.7     -0.033      0.416      0.592     -0.453     -0.465     -0.545
56.0500      -29980.466   -29988.467        8.001   320.7     -1.400     -0.834     -0.484     -0.523      0.147     -0.197
56.1000      -29980.945   -29988.160        7.215   289.2     -0.733      0.177     -0.086      0.004     -0.174      0.074
56.1500      -29980.961   -29988.812        7.851   314.7      0.297     -0.171      0.374     -0.152      0.165     -0.011
56.2000      -29980.725   -29988.613        7.889   316.2     -0.851     -0.051     -1.562     -0.333      0.205     -0.241
56.2500      -29980.552   -29988.918        8.366   335.3     -0.476     -0.695      0.244      0.397     -0.164     -0.378
56.3000      -29980.543   -29989.049        8.506   340.9     -0.927     -0.413     -0.666     -0.081     -0.032     -0.100
56.3500      -29980.751   -29988.836        8.085   324.1     -0.782     -0.511     -0.312      0.452      0.194     -0.326
56.4000      -29980.534   -29989.605        9.072   363.6     -0.240     -0.435     -0.549     -0.231      0.016     -0.321
56.4500      -29980.557   -29989.152        8.595   344.5      0.438     -0.653     -0.750     -0.019     -0.296     -0.135
56.5000      -29980.217   -29989.158        8.941   358.4     -0.253     -0.152      0.036      0.559     -0.395     -0.213
56.5500      -29980.215   -29988.666        8.451   338.7     -0.025     -1.045     -0.467     -0.460     -0.129      0.200
56.6000      -29980.571   -29988.908        8.337   334.2     -1.151     -0.483     -0.390      0.076      0.649     -0.307
56.6500      -29980.128   -29988.389        8.261   331.1     -0.668     -0.892     -0.840     -0.738      0.039     -0.393
56.7000      -29980.429   -29988.604        8.174   327.7     -0.397     -0.625     -0.309     -0.311      0.385      0.596
56.7500      -29980.635   -29989.264        8.628   345.9      0.032     -0.722     -1.371     -0.287     -0.402      0.282
56.8000      -29980.926   -29988.617        7.691   308.3     -0.742     -0.677     -0.086      0.280     -0.078     -0.030
56.8500      -29980.878   -29988.645        7.767   311.3     -0.048      0.209      0.047     -0.626     -0.199      0.087
56.9000      -29980.173   -29988.314        8.142   326.4     -0.923     -0.864     -1.100      0.763     -0.355      0.046
56.9500      -29980.067   -29988.416        8.349   334.7      0.007     -1.360     -0.431      0.429     -0.252      0.114
57.0000      -29980.189   -29988.494        8.305   332.9     -1.061     -0.067     -0.452     -0.301      0.186     -0.242
57.0500      -29979.983   -29988.338        8.355   334.9     -0.265     -0.346     -1.152      0.296      0.012     -0.220
57.1000      -29980.098   -29988.990        8.892   356.4     -0.731     -0.673     -0.422      0.189      0.377      0.074
57.1500      -29980.912   -29988.908        7.997   320.5      0.694      0.565      0.592      0.220     -0.459     -0.352
57.2000      -29980.771   -29988.914        8.143   326.4      0.377     -0.808      0.271      0.077     -0.215      0.455
57.2500      -29980.361   -29988.463        8.102   324.7      0.571      0.021     -0.712      0.169     -0.114      0.535
57.3000      -29979.905   -29987.861        7.956   318.9      0.690      0.683      0.214      0.269      0.041     -0.085
57.3500      -29980.014   -29988.969        8.955   359.0     -0.337     -0.352     -0.723     -0.291     -0.051      0.282
57.4000      -29979.502   -29988.059        8.557   343.0     -0.038     -1.302     -0.155     -0.176      0.091     -0.076
57.4500      -29979.422   -29987.809        8.387   336.2     -1.545     -0.917     -0.394      0.231     -0.650     -0.204
57.5000      -29979.921   -29988.482        8.561   343.2     -0.008      1.025     -0.100     -0.174     -0.703     -0.469
57.5500      -29979.708   -29987.930        8.222   329.6     -0.122     -0.580     -0.031     -0.461      0.361     -0.148
57.6000      -29979.820   -29987.451        7.632   305.9     -1.742     -0.299     -0.837      0.102     -0.319     -0.157
57.6500      -29979.993   -29988.533        8.541   342.4     -0.877     -0.530     -0.129      0.033     -0.196      0.173
57.7000      -29979.613   -29987.850        8.237   330.2     -0.374     -0.408     -0.051      0.595      0.271     -0.652
57.7500      -29979.559   -29988.475        8.916   357.4     -0.020      0.039      0.415     -0.098      0.068     -0.366
57.8000      -29979.348   -29987.846        8.498   340.6     -0.070     -0.612     -0.518      0.083      0.453     -0.372
57.8500      -29979.879   -29988.105        8.227   329.8     -0.122      0.309      0.546      0.304     -0.338      0.265
57.9000      -29980.172   -29988.869        8.697   348.6     -0.511     -0.173     -0.140     -0.100     -0.347      0.051
57.9500      -29980.810   -29989.080        8.270   331.5     -0.438     -0.743      0.509     -0.150      0.145     -0.280
58.0000      -29980.988   -29988.951        7.963   319.2      0.450      0.044     -0.320     -0.086     -0.300     -0.381
58.0500      -29980.344   -29988.451        8.107   325.0      0.348      0.638      0.383     -0.468     -0.313      0.382
58.1000      -29980.932   -29988.627        7.695   308.4      0.187      0.114      0.282      0.332      0.464     -0.087
58.1500      -29980.933   -29988.938        8.004   320.9     -1.102     -0.120     -0.365     -1.345     -0.135      0.346
58.2000      -29980.434   -29988.756        8.322   333.6     -1.460     -0.309     -0.342      0.269     -0.186     -0.254
58.2500      -29979.783   -29988.672        8.889   356.3     -0.175     -0.379     -0.156      0.212      0.791      0.271
58.3000      -29980.407   -29988.514        8.107   324.9     -0.462     -1.093      0.495      0.064      0.087      0.549
58.3500      -29980.732   -29988.807        8.075   323.7     -0.173     -0.168     -0.985     -0.069     -0.114      0.199
58.4000      -29980.463   -29989.465        9.002   360.8     -0.422     -0.422      0.241     -0.152     -0.091      0.189
58.4500      -29980.374   -29988.191        7.817   313.4      0.340      0.301      0.076      0.187      0.607      0.326
58.5000      -29980.294   -29988.348        8.054   322.8     -0.383      0.230      0.569     -0.248     -0.762     -0.437
58.5500      -29979.917   -29988.004        8.087   324.1      0.011     -0.224     -0.317      0.529      0.450     -0.075
58.6000      -29979.806   -29988.432        8.626   345.8     -0.611      0.377     -0.278      0.121     -0.304     -0.212
58.6500      -29979.983   -29988.535        8.553   342.8      0.054      0.123      0.930     -0.329     -0.450     -0.054
58.7000      -29979.939   -29988.223        8.283   332.0      0.092      0.144     -0.233     -0.141      0.325     -0.142
58.7500      -29979.944   -29988.357        8.413   337.2      0.215     -0.127      0.081     -0.049     -0.005      0.234
58.8000      -29980.030   -29988.668        8.638   346.2      0.048      0.046     -0.304     -0.120     -0.260     -0.008
58.8500      -29979.762   -29987.955        8.193   328.4      0.372      0.337     -0.219      0.097      0.199     -0.061
58.9000      -29979.472   -29988.135        8.663   347.2      0.987     -0.230      0.960     -0.107     -0.044      0.133
58.9500      -29978.665   -29987.504        8.839   354.3     -0.625     -0.389      0.261      0.436      0.825      0.137
59.0000      -29978.421   -29987.580        9.159   367.1      0.067     -0.011     -0.402     -0.587      0.134     -0.142
59.0500      -29978.586   -29987.168        8.582   344.0      0.776      0.013      0.381      0.496     -0.224     -0.081
59.1000      -29978.571   -29987.734        9.163   367.3     -0.053      0.399      0.481     -0.539      0.389      0.348
59.1500      -29978.154   -29987.625        9.471   379.7      0.792      0.687      0.503      0.322      0.084     -0.205
59.2000      -29978.920   -29987.949        9.029   361.9      0.097      0.813      1.319     -0.523      0.302      0.542
59.2500      -29979.308   -29988.465        9.157   367.0      0.342     -0.217     -0.114     -0.496     -0.011      0.310
59.3000      -29979.019   -29988.553        9.534   382.2      0.239     -0.282     -0.463      0.304      0.481     -0.306
59.3500      -29979.165   -29987.797        8.632   346.0     -0.799      0.220     -0.722      0.044      0.705     -0.551
59.4000      -29979.069   -29988.244        9.175   367.8     -0.109      0.467     -0.436      0.607     -0.535      0.642
59.4500      -29979.672   -29988.695        9.023   361.7      0.457      0.503      0.860     -0.002      0.351      0.028
59.5000      -29979.530   -29987.773        8.244   330.5     -0.893     -0.699     -0.843     -0.538     -0.400      0.200
59.5500      -29980.428   -29989.008        8.580   343.9     -0.055      0.081     -0.756     -0.164     -0.736      0.051
59.6000      -29980.866   -29988.959        8.093   324.4     -0.279     -0.814     -0.405     -0.087      0.331      0.188
59.6500      -29981.209   -29988.648        7.439   298.2     -0.415     -0.350      0.057      0.419     -0.392      0.092
59.7000      -29981.581   -29988.992        7.411   297.1      0.304      0.100     -0.115      0.476      0.004     -0.076
59.7500      -29981.507   -29989.170        7.663   307.2      0.821      0.438      1.235     -0.264     -0.056      0.018
59.8000      -29981.048   -29989.271        8.224   329.6     -0.061     -0.427      0.414      0.482      0.474      0.260
59.8500      -29980.425   -29987.855        7.430   297.8      0.406      0.373     -0.305      0.155     -0.201      0.007
59.9000      -29980.477   -29988.457        7.980   319.9      0.417     -0.294      0.060     -0.231      0.283      0.907
59.9500      -29980.279   -29988.641        8.362   335.2      0.322     -0.384      0.574     -0.010      0.231      0.121
60.0000      -29980.046   -29988.664        8.618   345.5      0.416      0.733     -0.574      0.329     -0.242     -0.021
60.0500      -29979.633   -29987.535        7.902   316.7     -0.350      0.265      0.321     -0.485     -0.852     -0.264
60.1000      -29979.797   -29987.648        7.852   314.7      0.904      0.406      0.552      0.529     -0.062      0.301
60.1500      -29980.581   -29988.393        7.812   313.1     -0.434     -0.288     -0.311      0.113      0.233      0.134
60.2000      -29980.470   -29988.334        7.864   315.2      0.202     -0.375      0.115     -0.671     -0.320     -0.373
60.2500      -29979.983   -29988.164        8.181   327.9      0.994      0.811      1.063      0.176     -0.358      0.451
60.3000      -29980.110   -29988.768        8.658   347.0     -0.949     -0.426      1.249      0.508     -0.334     -0.084
60.3500      -29980.313   -29988.727        8.414   337.3     -0.184      0.213     -1.192      0.534     -0.147      0.326
60.4000      -29980.279   -29988.393        8.114   325.2      0.342     -0.442      0.274      0.172     -0.280      0.063
60.4500      -29980.081   -29988.066        7.986   320.1      0.218     -0.198      0.135      0.411     -0.372      0.301
60.5000      -29979.684   -29988.131        8.447   338.6     -0.714      0.317     -0.222     -0.119     -0.223     -0.121
60.5500      -29979.699   -29988.213        8.514   341.3     -0.472     -0.008     -0.554     -0.053      0.115     -0.533
60.6000      -29979.631   -29988.693        9.062   363.3     -1.396     -0.867     -0.853      0.018      0.114     -0.054
60.6500      -29980.477   -29988.947        8.470   339.5     -1.536     -1.306     -0.464     -0.272     -0.513      0.010
60.7000      -29980.245   -29988.309        8.064   323.2      0.444     -0.254     -0.227     -0.208      0.198      0.041
60.7500      -29980.441   -29988.309        7.867   315.4     -0.321     -0.885     -0.080     -0.260     -0.116      0.032
60.8000      -29980.521   -29988.939        8.419   337.5     -0.176     -0.382     -0.748     -0.426     -0.367      0.095
60.8500      -29980.653   -29989.033        8.380   335.9      0.128     -0.836     -0.750      0.592     -0.032      0.225
60.9000      -29980.703   -29988.676        7.972   319.6      0.152      0.477     -0.089     -0.394     -0.213      0.057
60.9500      -29981.370   -29989.699        8.330   333.9      0.379      0.217     -0.112      0.051      0.672      0.738
61.0000      -29981.306   -29989.377        8.071   323.5      0.165     -0.334      0.448      0.586     -0.672     -0.187
61.0500      -29981.300   -29988.961        7.661   307.1     -0.152     -0.786     -0.712     -0.140      0.192      0.158
61.1000      -29981.485   -29989.805        8.320   333.5     -0.002      0.900     -0.595      0.260     -0.145      0.197
61.1500      -29981.277   -29989.520        8.243   330.4     -0.617     -0.584     -0.652      0.038     -0.021     -0.100
61.2000      -29981.343   -29988.992        7.649   306.6     -0.211     -0.001     -1.026     -0.314      0.474     -0.430
61.2500      -29980.967   -29988.768        7.801   312.7      0.275      0.653      0.500     -0.021      0.182      0.374
61.3000      -29981.293   -29989.121        7.828   313.8     -1.144     -0.854     -0.507      0.142      0.603      0.166
61.3500      -29981.531   -29989.641        8.110   325.1     -0.339     -0.369     -0.619     -0.191     -0.205     -0.507
61.4000      -29981.054   -29989.260        8.206   328.9     -0.765     -0.765     -0.246     -0.711      0.026     -0.529
61.4500      -29980.984   -29989.750        8.766   351.4      0.353     -0.575     -0.417      0.335      0.248      0.385
61.5000      -29981.454   -29988.906        7.452   298.7     -0.256      0.724     -0.132     -0.091      0.233     -0.303
61.5500      -29981.730   -29989.006        7.276   291.6     -0.625     -0.064     -0.559     -0.012      0.340     -0.080
61.6000      -29981.703   -29989.580        7.877   315.7     -0.413      0.219     -0.470      0.817      0.328      0.466
61.6500      -29981.070   -29988.547        7.476   299.7      0.180     -0.722      0.330     -0.354     -0.418     -0.423
61.7000      -29981.518   -29989.723        8.204   328.9      0.354      0.106     -0.551      0.055      0.168      0.723
61.7500      -29981.307   -29988.822        7.515   301.2      0.387      0.151      0.578     -0.207     -0.581     -0.266
61.8000      -29981.759   -29988.943        7.184   288.0     -0.462     -0.487      0.555      0.076      0.233      0.308
61.8500      -29981.851   -29989.125        7.274   291.6      0.515     -0.074     -0.974     -0.220      0.403      0.431
61.9000      -29981.543   -29990.064        8.522   341.6      0.093     -0.055      1.047     -0.054      0.192      0.154
61.9500      -29981.121   -29989.428        8.307   333.0      0.524      1.490     -0.341      0.411     -0.530      0.394
62.0000      -29980.091   -29988.744        8.653   346.9      0.516      0.603      0.756     -0.243     -0.681     -0.510
62.0500      -29979.812   -29988.336        8.524   341.7      0.503     -0.515      0.251     -0.469      0.204     -0.259
62.1000      -29979.325   -29987.998        8.673   347.6     -0.471     -0.426     -0.605      0.144      0.296      0.702
62.1500      -29979.971   -29988.477        8.505   340.9      0.311     -0.877      0.155      0.170      0.208      0.113
62.2000      -29979.864   -29988.232        8.368   335.4      0.372      0.246      0.130      0.015      0.056     -0.174
62.2500      -29979.817   -29988.426        8.609   345.1     -0.118      0.866     -0.542      0.663      0.356     -0.344
62.3000      -29979.199   -29988.125        8.926   357.8     -0.668      0.261      0.009      0.521      0.090     -0.515
62.3500      -29979.386   -29988.410        9.025   361.7     -0.433      0.613     -0.200     -0.082     -0.160      0.402
62.4000      -29979.255   -29987.494        8.239   330.3     -1.032     -0.764     -2.409     -0.227      0.511     -0.227
62.4500      -29978.653   -29987.486        8.833   354.1     -0.948     -0.634     -0.072      0.591     -0.431      0.260
62.5000      -29978.863   -29987.854        8.990   360.4     -0.039     -0.243     -0.553      0.207     -0.230      0.031
62.5500      -29979.619   -29988.607        8.988   360.3      0.168     -0.111     -0.425      0.100     -0.036     -0.356
62.6000      -29979.670   -29987.824        8.155   326.9     -1.324     -0.045     -0.840     -0.037     -0.256     -0.220
62.6500      -29979.358   -29988.607        9.250   370.8      0.097      0.177      0.438      0.054     -0.043      0.240
62.7000      -29979.601   -29988.885        9.284   372.1     -0.472      0.053      0.483      0.555      0.037      0.179
62.7500      -29979.016   -29988.426        9.410   377.2     -0.278     -0.695      0.013      0.529     -0.806      0.051
62.8000      -29979.188   -29988.754        9.566   383.4     -0.039      1.538      0.136      0.181      0.421     -0.517
62.8500      -29979.111   -29988.240        9.129   365.9     -0.676     -0.860     -0.670     -0.020     -0.415      0.112
62.9000      -29979.863   -29988.955        9.092   364.5      0.162     -0.749     -0.468      0.260     -0.660     -0.177
62.9500      -29979.939   -29989.002        9.063   363.3     -0.537      0.486     -0.126      0.149     -0.218      0.045
63.0000      -29980.251   -29989.072        8.822   353.6     -0.089     -0.100     -0.805      0.100      0.172      1.081
63.0500      -29980.147   -29989.174        9.027   361.8     -0.128     -0.244      0.510     -0.186     -0.234      0.196
63.1000      -29979.693   -29988.623        8.930   357.9      0.020      0.108     -0.671      0.322      0.029      0.575
63.1500      -29980.299   -29988.570        8.271   331.6      0.009     -0.194      0.255     -0.087      0.110     -0.136
63.2000      -29979.914   -29988.402        8.488   340.3     -0.787     -0.382     -1.490      0.489     -0.311      0.100
63.2500      -29980.260   -29988.736        8.477   339.8     -1.106     -0.383     -0.835      0.017     -0.147      0.071
63.3000      -29980.561   -29989.500        8.939   358.3     -1.512     -0.952      0.135     -0.426      0.409     -0.163
63.3500      -29980.426   -29989.346        8.920   357.5     -0.155     -1.097     -0.639     -0.738     -0.120      0.312
63.4000      -29981.384   -29989.146        7.762   311.2     -0.853     -0.295     -0.385      0.636      0.173     -0.365
63.4500      -29981.472   -29988.900        7.428   297.7      0.324      0.272      0.288     -0.180     -0.052      0.061
63.5000      -29981.257   -29989.127        7.869   315.4     -0.182      0.403      0.243      0.187      0.492     -0.197
63.5500      -29981.490   -29989.764        8.273   331.6     -0.515     -0.361     -0.566     -0.131      0.136     -0.193
63.6000      -29981.526   -29989.168        7.642   306.3     -0.084      0.279      0.304      0.320      0.330      0.045
63.6500      -29981.746   -29989.172        7.426   297.7     -0.103     -0.200     -0.157      0.093      0.128     -0.559
63.7000      -29981.666   -29989.189        7.524   301.6      0.661     -0.018     -0.573      0.454      0.827      0.601
63.7500      -29981.164   -29989.004        7.840   314.3      0.118      0.169      0.017      0.319     -0.188     -0.476
63.8000      -29981.070   -29988.570        7.501   300.7      0.193     -0.940     -0.729      0.233     -0.304      0.242
63.8500      -29980.400   -29988.871        8.471   339.5      0.387      0.020      0.045      0.111      0.384     -0.005
63.9000      -29979.811   -29988.146        8.335   334.1     -0.022     -0.258      0.014      0.344     -0.012      0.072
63.9500      -29980.044   -29989.094        9.049   362.7      0.677      0.207     -0.113     -0.078     -0.108     -0.345
64.0000      -29980.300   -29989.873        9.573   383.7     -0.407      0.257      0.701     -0.271      0.373     -0.141
64.0500      -29980.234   -29989.275        9.042   362.4     -0.058     -1.064     -0.932     -0.018     -0.429      0.237
64.1000      -29979.695   -29988.283        8.589   344.3     -0.705     -0.237     -1.017      0.173      0.430     -0.135
64.1500      -29979.744   -29988.283        8.539   342.3     -0.575      0.726     -0.148     -0.491     -0.176      0.057
64.2000      -29979.518   -29987.471        7.953   318.8     -0.065     -0.712      0.000     -0.818     -0.164      0.210
64.2500      -29979.945   -29988.527        8.582   344.0      0.585      0.222      0.341      0.189      0.302     -0.342
64.3000      -29979.664   -29987.730        8.066   323.3     -1.400     -0.309     -1.762      0.417     -0.671      0.060
64.3500      -29979.567   -29988.104        8.536   342.2      0.228     -0.034      0.163     -0.434     -0.380      0.217
64.4000      -29980.406   -29989.146        8.741   350.4     -1.100     -1.372     -1.471      0.425     -0.357     -0.075
64.4500      -29980.821   -29989.154        8.334   334.1     -0.262     -0.282     -0.421     -0.430      0.666      0.176
64.5000      -29980.940   -29989.336        8.396   336.5     -0.457     -0.166     -0.271      0.260      0.180     -0.182
64.5500      -29980.965   -29988.807        7.842   314.3     -0.729     -1.222     -0.286      0.133      0.394     -0.093
64.6000      -29980.628   -29988.725        8.097   324.6     -0.713     -0.666      0.096      0.357     -0.531      0.249
64.6500      -29980.714   -29988.865        8.151   326.7     -0.503     -0.990     -0.124      0.500      0.086     -0.001
64.7000      -29980.607   -29988.664        8.057   323.0     -0.289     -0.029     -0.630     -0.208      0.533     -0.262
64.7500      -29980.747   -29989.193        8.447   338.6     -0.009     -0.428     -0.713      0.033     -0.264      0.405
64.8000      -29980.230   -29988.502        8.272   331.6     -0.459      0.032     -0.354     -0.258      0.345      0.382
64.8500      -29980.428   -29988.760        8.332   334.0     -0.522     -0.084     -0.762     -0.590      0.087     -0.287
64.9000      -29980.381   -29989.574        9.193   368.5     -0.215     -1.204     -1.547      0.331     -0.203     -0.054
64.9500      -29980.510   -29989.139        8.629   345.9     -0.944     -0.091     -1.026     -0.122     -0.009     -0.076
65.0000      -29980.593   -29988.623        8.030   321.9      0.120     -0.253      0.316      0.271      0.155      0.073
65.0500      -29980.066   -29988.338        8.272   331.6      0.857     -0.206      0.221     -0.836      0.260     -0.172
65.1000      -29980.088   -29988.779        8.691   348.4     -0.197     -0.210     -0.925     -0.456      0.042      0.343
65.1500      -29980.174   -29988.672        8.497   340.6     -0.135     -0.390      0.554      0.331      0.477      0.245
65.2000      -29979.860   -29988.531        8.671   347.6      0.556      0.124      0.065     -0.410      0.191      0.075
65.2500      -29979.783   -29987.908        8.125   325.7     -0.261     -0.145     -0.421      0.250     -0.108     -0.381
65.3000      -29979.950   -29988.061        8.110   325.1      0.339     -0.159      1.276     -0.378      0.690     -0.226
65.3500      -29979.972   -29987.873        7.901   316.7     -0.965      0.730     -1.487      0.203      0.001      0.274
65.4000      -29979.953   -29988.416        8.463   339.2     -0.740     -0.243      1.042     -0.190     -0.402     -0.289
65.4500      -29980.223   -29987.834        7.611   305.1     -0.407     -0.401     -0.523      0.905      0.452      0.571
65.5000      -29980.278   -29989.074        8.796   352.6     -0.402     -0.523     -0.721     -0.427      0.069      0.122
65.5500      -29980.057   -29988.422        8.365   335.3     -1.434      0.398      0.836     -0.822     -0.111      0.175
65.6000      -29980.142   -29989.037        8.895   356.6     -0.188      0.397      0.497      0.047      0.033      0.294
65.6500      -29979.598   -29988.291        8.693   348.5      0.640      0.146     -0.549     -0.002     -0.543     -0.430
65.7000      -29979.794   -29988.150        8.356   335.0     -1.240     -0.181     -0.038     -0.835      0.143      0.223
65.7500      -29979.110   -29987.688        8.577   343.8     -0.781     -0.617     -0.366      0.010     -0.217      0.180
65.8000      -29979.325   -29987.350        8.024   321.6     -0.420     -0.527     -0.317     -0.308      0.419      0.032
65.8500      -29978.921   -29987.682        8.761   351.2     -0.608      0.630     -0.271      0.125     -0.372     -0.240
65.9000      -29979.062   -29987.598        8.536   342.1      0.851      0.297      0.364     -0.146     -0.211      0.603
65.9500      -29979.095   -29987.795        8.699   348.7      0.167      0.054     -0.108      0.716     -0.129     -0.484
66.0000      -29979.280   -29988.410        9.130   366.0     -0.104     -0.120      0.442      0.044      0.092      0.323
66.0500      -29979.638   -29987.668        8.030   321.9      0.336      1.161     -0.669      0.171      0.116      0.332
66.1000      -29979.690   -29988.297        8.607   345.0      0.330     -0.069      0.424     -0.007     -0.265     -0.426
66.1500      -29979.400   -29988.355        8.955   359.0      0.758      0.171      0.290      0.492      0.313     -0.117
66.2000      -29979.654   -29987.502        7.848   314.6      0.303     -0.023     -0.464     -0.624      0.334     -0.872
66.2500      -29979.590   -29987.662        8.072   323.6      0.338      0.653      0.351      0.072     -0.346      0.135
66.3000      -29980.274   -29988.275        8.001   320.7      0.010     -0.104     -0.156     -0.105      0.092     -0.346
66.3500      -29980.142   -29988.896        8.755   350.9      1.195      0.817     -0.764     -0.229     -0.411      0.442
66.4000      -29980.107   -29988.551        8.444   338.5     -0.232     -0.393      0.944     -0.008     -0.081      0.138
66.4500      -29979.683   -29988.182        8.499   340.7      0.031     -0.092     -0.527      0.105     -0.001     -0.575
66.5000      -29979.662   -29987.271        7.609   305.0      0.456      0.479      0.209     -0.220     -0.100      0.673
66.5500      -29979.049   -29987.951        8.902   356.8     -0.447     -1.433     -0.667     -0.247     -0.099     -0.631
66.6000      -29978.679   -29987.328        8.649   346.7     -0.877     -0.644     -0.411      0.565     -0.306      0.227
66.6500      -29978.973   -29987.928        8.954   358.9      0.202      0.548      0.005      0.490      0.128     -0.263
66.7000      -29979.015   -29988.020        9.005   360.9      0.075     -0.361     -0.699      0.405      0.412      0.222
66.7500      -29979.036   -29988.732        9.696   388.7      0.118     -0.111      1.185      0.001      0.060      0.706
66.8000      -29978.555   -29987.574        9.020   361.5      0.057     -0.645     -0.306      0.113     -0.508     -0.033
66.8500      -29979.441   -29987.883        8.442   338.4      0.469     -0.183     -0.456      0.447      0.244      0.336
66.9000      -29979.642   -29987.877        8.235   330.1     -0.349     -0.205     -0.747     -0.125      0.034     -0.710
66.9500      -29979.363   -29988.730        9.367   375.5      0.563     -0.152      0.515     -0.376      0.399      0.476
67.0000      -29979.411   -29988.650        9.239   370.4     -0.509      0.156     -0.072     -0.212     -0.352      0.326
67.0500      -29979.534   -29988.158        8.625   345.7      0.357      0.171     -0.884      0.286     -0.221      0.174
67.1000      -29980.141   -29988.594        8.453   338.8     -0.897     -0.841     -0.503      0.067     -0.003     -0.024
67.1500      -29979.777   -29988.232        8.455   338.9     -0.099     -0.074     -0.595     -0.539     -0.088      0.545
67.2000      -29979.941   -29988.578        8.637   346.2     -0.042     -0.688      0.055     -0.238     -0.056     -0.223
67.2500      -29980.417   -29988.426        8.008   321.0     -0.170      0.271     -0.851     -0.244     -0.397      0.301
67.3000      -29980.476   -29988.730        8.254   330.9     -0.147     -0.559      0.031     -0.518      0.218     -0.380
67.3500      -29980.589   -29988.492        7.903   316.8      0.699      0.451     -0.190      0.241     -0.232      0.548
67.4000      -29980.876   -29988.375        7.499   300.6      0.605      0.424     -0.240      0.473      0.191     -0.599
67.4500      -29980.821   -29989.002        8.181   327.9      0.690     -0.454      0.385     -0.075     -0.228      0.813
67.5000      -29980.722   -29988.684        7.961   319.1      0.278     -0.248     -0.615      0.046     -0.243     -0.431
67.5500      -29980.733   -29988.512        7.779   311.8      0.543      0.052      0.863      0.762      0.552     -0.104
67.6000      -29980.290   -29988.260        7.970   319.5     -0.179     -0.296     -0.300      0.011      0.792      0.155
67.6500      -29979.895   -29988.150        8.255   330.9     -0.102     -1.003     -0.416      0.313      0.083     -0.043
67.7000      -29979.814   -29987.926        8.112   325.2     -0.385      0.479     -0.880      0.581      0.013     -0.267
67.7500      -29979.646   -29988.125        8.479   339.9      0.378     -0.296      0.710     -0.478     -0.116     -0.098
67.8000      -29979.556   -29988.607        9.051   362.8     -1.110     -0.724     -0.327     -0.403      0.661     -0.187
67.8500      -29979.639   -29988.121        8.482   340.0      0.775     -0.446      0.510      0.134     -0.050     -0.350
67.9000      -29980.404   -29988.227        7.822   313.6     -0.172      0.719     -0.306     -0.368     -0.698     -0.146
67.9500      -29980.270   -29989.045        8.774   351.7     -0.033      0.077      0.374     -0.298     -0.746     -0.743
68.0000      -29980.326   -29988.402        8.076   323.7      0.603     -0.545     -0.207     -0.019      0.240      0.356
68.0500      -29979.949   -29987.893        7.943   318.4     -0.464      0.507     -0.390      0.252     -0.139     -0.491
68.1000      -29979.914   -29987.879        7.965   319.3      0.465     -0.292     -0.947     -0.032     -0.562      0.156
68.1500      -29979.794   -29988.129        8.335   334.1     -1.034      0.221      0.080      0.162     -0.046     -0.561
68.2000      -29980.143   -29989.111        8.968   359.5      0.488     -0.612      0.053      0.060      0.512      0.426
68.2500      -29979.953   -29989.074        9.122   365.6     -0.209     -0.009     -0.201      0.142     -0.030      0.400
68.3000      -29979.604   -29988.145        8.541   342.4     -1.668     -0.282     -0.330     -0.213      0.105     -0.487
68.3500      -29979.907   -29988.562        8.655   346.9      1.600      0.647     -0.046      0.276      0.620     -0.279
68.4000      -29979.626   -29987.656        8.030   321.9     -0.100      0.558     -0.872     -0.327      0.076     -0.069
68.4500      -29979.947   -29987.930        7.982   320.0      0.626      0.718      1.356     -0.646     -0.058      0.268
68.5000      -29979.820   -29987.896        8.077   323.8     -0.047     -0.630     -1.633      0.373     -0.162     -0.245
68.5500      -29979.975   -29988.326        8.351   334.7     -0.440      0.632     -0.849     -0.198      0.037     -0.213
68.6000      -29980.138   -29988.436        8.297   332.6      0.278     -0.158     -0.518     -0.109     -0.344      0.182
68.6500      -29979.981   -29988.629        8.648   346.6      0.257     -0.452     -0.756      0.295     -0.285     -0.165
68.7000      -29980.421   -29988.535        8.114   325.3     -0.304      0.619     -0.925      0.264     -0.330     -0.243
68.7500      -29980.375   -29988.270        7.895   316.5     -0.077     -0.110     -0.449     -0.297     -0.234     -0.298
68.8000      -29980.911   -29988.531        7.620   305.4     -0.477     -0.220     -0.343     -0.221     -0.054      0.374
68.8500      -29981.353   -29988.986        7.634   306.0      0.365     -1.131     -1.913     -0.312     -0.245     -0.335
68.9000      -29980.903   -29989.389        8.485   340.1     -0.003      0.520      0.090     -0.132     -0.001     -0.067
68.9500      -29980.417   -29988.268        7.850   314.7     -0.441      0.075      0.903      0.165      0.417      0.389
69.0000      -29980.649   -29988.766        8.116   325.3     -0.100     -0.569     -1.031      0.049      0.387     -0.634
69.0500      -29980.490   -29989.055        8.565   343.3     -0.022     -0.375     -0.042      0.147     -0.036      0.029
69.1000      -29980.359   -29988.738        8.379   335.9     -0.121     -0.093      0.577     -0.304      0.040     -0.071
69.1500      -29980.041   -29988.635        8.594   344.5      0.032     -0.195     -0.791     -0.597     -0.517      0.111
69.2000      -29979.714   -29988.271        8.557   343.0     -0.328      0.440      0.249     -0.578     -0.029      0.159
69.2500      -29979.676   -29987.697        8.021   321.5     -0.162     -0.385      0.123     -0.399     -0.306     -0.095
69.3000      -29979.242   -29987.523        8.281   331.9      0.257     -0.576     -0.647      0.416      0.275      0.610
69.3500      -29979.600   -29988.691        9.092   364.4     -0.070     -0.177      1.208     -0.081     -0.503      0.231
69.4000      -29979.715   -29988.320        8.605   344.9     -0.799     -0.252     -0.128     -0.252      0.237      0.570
69.4500      -29979.896   -29988.307        8.410   337.1     -0.028     -1.159     -0.821      0.576      0.286     -0.239
69.5000      -29980.472   -29988.590        8.118   325.4     -0.518      0.647     -0.166     -0.278     -0.275      0.271
69.5500      -29980.587   -29988.787        8.200   328.7      0.786      0.247     -0.398      0.415     -0.304      0.138
69.6000      -29980.793   -29988.713        7.920   317.5     -0.119      0.110     -0.691      0.085     -0.257     -0.041
69.6500      -29980.865   -29989.100        8.235   330.1      0.288     -0.139     -0.467      0.545     -0.017     -0.242
69.7000      -29981.016   -29988.975        7.959   319.0     -0.140     -0.146      0.364     -0.512     -0.127     -0.589
69.7500      -29981.204   -29989.371        8.168   327.4      0.621      0.695     -0.585     -0.004     -0.042      0.289
69.8000      -29981.189   -29989.102        7.913   317.2      0.304     -0.053     -0.050     -0.032      0.120     -0.129
69.8500      -29980.896   -29988.861        7.965   319.3     -0.894     -0.389      0.363     -0.087     -0.054      0.243
69.9000      -29981.371   -29989.393        8.022   321.6     -0.552     -0.736     -0.604     -0.333      0.153     -0.376
69.9500      -29981.602   -29989.186        7.583   304.0      0.566     -0.770     -0.153      0.022     -0.573     -0.605
70.0000      -29981.454   -29989.107        7.654   306.8     -0.520     -0.558     -0.491     -0.036      0.718      0.104
70.0500      -29981.014   -29988.432        7.417   297.3     -0.850     -0.354      0.011      0.126      0.105     -0.414
70.1000      -29980.725   -29988.832        8.107   325.0      0.309     -0.092     -0.817      0.232      0.184      0.159
70.1500      -29980.113   -29988.721        8.608   345.0     -0.407     -0.023      0.241      0.134     -0.228     -0.121
70.2000      -29979.898   -29988.043        8.145   326.5     -0.199     -0.135     -0.658     -0.033      0.213      0.258
70.2500      -29979.479   -29988.102        8.623   345.6     -0.417     -0.800     -0.743     -0.157      0.171     -0.263
70.3000      -29979.765   -29988.787        9.022   361.6     -0.701      0.057     -0.588     -0.342      0.167      0.299
70.3500      -29979.691   -29988.031        8.340   334.3      0.233     -1.560     -1.303     -0.288      0.438     -0.085
70.4000      -29979.743   -29988.176        8.433   338.0     -0.782      0.073      0.351      0.501      0.532      0.022
70.4500      -29979.425   -29987.637        8.211   329.1     -0.190     -0.740     -0.701     -0.727      0.074     -0.080
70.5000      -29980.027   -29988.004        7.977   319.8     -0.299      1.348      0.142      0.185      0.647      0.158
70.5500      -29980.297   -29988.707        8.410   337.1      0.432     -0.104     -0.310     -0.006     -0.134      0.045
70.6000      -29981.059   -29989.020        7.961   319.1     -0.664     -0.303     -0.529     -0.440      0.265     -0.188
70.6500      -29980.789   -29988.627        7.838   314.2     -0.062      0.568     -0.441     -0.137     -0.153     -0.105
70.7000      -29980.901   -29989.002        8.101   324.7     -0.681     -0.823     -0.903     -0.075     -0.448     -0.042
70.7500      -29981.015   -29988.352        7.336   294.1     -0.854     -0.605     -0.707     -0.340     -0.013      0.276
70.8000      -29981.100   -29989.178        8.078   323.8      0.144     -0.598      0.010     -0.521     -0.086     -0.576
70.8500      -29980.813   -29988.844        8.030   321.9     -0.686     -0.190      0.279     -0.212      0.341     -0.192
70.9000      -29981.254   -29989.129        7.875   315.7     -0.329     -0.163     -1.102      0.584      0.179      0.700
70.9500      -29980.411   -29988.312        7.901   316.7      0.315     -0.190      0.086      0.347      0.802      0.113
71.0000      -29980.660   -29988.666        8.006   320.9     -0.813     -0.084     -0.479     -0.102     -0.018     -0.313
71.0500      -29980.765   -29988.777        8.012   321.2     -0.359     -1.100     -0.367     -0.212     -0.282     -0.045
71.1000      -29980.397   -29988.420        8.023   321.6      0.807     -0.039     -0.044      0.197      0.364      0.349
71.1500      -29980.593   -29988.670        8.077   323.8     -0.206      0.582     -0.703     -0.300     -0.245      0.339
71.2000      -29980.623   -29988.904        8.282   332.0     -0.361     -0.634     -0.562      0.053      0.322      0.480
71.2500      -29980.623   -29989.088        8.465   339.3     -0.067     -1.015      0.066      0.091     -0.318      0.274
71.3000      -29980.563   -29988.691        8.128   325.8     -0.421     -0.057     -0.353      0.183     -0.107      0.121
71.3500      -29980.642   -29988.725        8.082   324.0     -0.012     -0.642     -0.085      0.580     -0.009      0.426
71.4000      -29979.822   -29988.566        8.745   350.5     -0.429     -0.506      0.480      0.268     -0.137      0.089
71.4500      -29979.948   -29988.568        8.620   345.5     -0.464      0.350     -0.756      0.710      0.519     -0.467
71.5000      -29979.750   -29988.613        8.863   355.3      0.293      0.182     -0.798      0.522     -0.176     -0.347
71.5500      -29979.876   -29988.471        8.595   344.5     -0.672     -0.797     -0.497     -0.690      0.365     -0.428
71.6000      -29980.444   -29988.289        7.845   314.4     -0.383      0.096      0.217      0.366     -0.520      0.394
71.6500      -29980.238   -29988.258        8.019   321.5      0.285      0.687      0.850     -0.159      0.381     -0.010
71.7000      -29979.907   -29988.477        8.570   343.5      0.323     -1.258     -0.136      0.194     -0.557     -0.149
71.7500      -29980.581   -29988.285        7.704   308.8     -0.225      0.527      0.188      0.089      0.109      0.163
71.8000      -29980.190   -29987.947        7.757   311.0     -0.013     -0.656     -0.156     -0.191      0.127      0.165
71.8500      -29980.098   -29988.762        8.663   347.3     -0.248     -0.338      0.237      0.032      0.345     -0.018
71.9000      -29979.766   -29987.723        7.957   318.9      0.037     -0.424      0.340     -0.348      0.137     -0.347
71.9500      -29979.283   -29987.660        8.377   335.8      0.265     -0.917     -0.113     -0.054     -0.103     -0.189
72.0000      -29979.313   -29987.754        8.441   338.4      0.624      0.591     -0.146      0.282     -0.202      0.482
72.0500      -29979.357   -29988.156        8.799   352.7     -0.677      0.385     -0.756     -0.004      0.037      0.105
72.1000      -29979.404   -29988.160        8.757   351.0     -0.529     -0.526     -0.307     -0.239     -0.078      0.438
72.1500      -29980.182   -29988.559        8.377   335.8      0.031     -0.930     -0.360     -0.245     -0.295      0.582
72.2000      -29980.036   -29988.094        8.058   323.0     -0.526      0.115      0.163      0.502      0.070      0.255
72.2500      -29979.936   -29988.264        8.328   333.8      0.215      0.017     -0.206      0.032     -0.033      0.469
72.3000      -29979.672   -29988.285        8.614   345.3      0.043      0.297      0.254      0.023     -0.211     -0.156
72.3500      -29979.680   -29987.838        8.158   327.0      0.588      0.200     -0.006     -0.023      0.389      0.031
72.4000      -29979.797   -29988.324        8.527   341.8      0.256     -0.590      0.314     -0.111     -0.272      0.067
72.4500      -29979.353   -29987.738        8.385   336.1     -0.610     -0.040     -1.794      0.182      0.284      0.421
72.5000      -29979.202   -29987.531        8.329   333.9     -0.676     -1.132     -0.781     -0.326      0.161      0.043
72.5500      -29979.338   -29988.043        8.705   348.9      0.273     -1.638     -0.880      0.462      0.525     -0.305
72.6000      -29979.555   -29988.590        9.035   362.2     -0.104     -0.432     -0.633      0.119     -0.025     -0.238
72.6500      -29980.107   -29988.131        8.023   321.6     -0.523      0.270     -0.305      0.203     -0.209      0.244
72.7000      -29979.707   -29988.289        8.582   344.0      0.199     -0.104      0.150     -0.661     -0.210      0.541
72.7500      -29979.788   -29988.129        8.341   334.3      0.058     -0.358     -0.322      0.263      0.147      0.071
72.8000      -29979.383   -29987.580        8.197   328.6     -0.282     -0.172     -0.214     -0.274      0.143      0.242
72.8500      -29978.830   -29988.072        9.243   370.5      0.063      0.025      0.280     -0.441     -0.098     -0.163
72.9000      -29979.222   -29987.613        8.391   336.3     -0.369     -0.151      0.060     -0.211      0.051     -0.780
72.9500      -29979.574   -29988.727        9.152   366.9      0.632     -0.777      0.480     -0.368      0.228     -0.104
73.0000      -29979.973   -29988.086        8.113   325.2      0.043      0.102     -0.349     -0.029     -0.337      0.267
73.0500      -29980.812   -29988.883        8.071   323.5      0.127     -0.812     -0.222     -0.195     -0.210      0.102
73.1000      -29980.941   -29988.695        7.754   310.8     -0.517     -0.512     -1.185     -0.273      0.657      0.341
73.1500      -29981.044   -29989.107        8.063   323.2      0.570     -0.107      0.023     -0.435     -0.518      0.479
73.2000      -29980.874   -29988.686        7.812   313.1     -0.132      0.935     -0.344      0.570     -0.000      0.178
73.2500      -29981.196   -29988.799        7.603   304.8      0.311      0.045     -0.607      0.133     -0.236     -0.120
73.3000      -29981.225   -29988.932        7.707   308.9     -0.125      0.489     -0.174     -0.282      0.419     -0.021
73.3500      -29981.614   -29989.619        8.005   320.9      0.396      0.294     -0.333     -0.164      0.193      0.482
73.4000      -29981.661   -29989.547        7.886   316.1      0.406      0.183      0.442     -0.547     -0.236     -0.152
73.4500      -29981.697   -29989.273        7.576   303.7      0.502      0.327      0.321      0.036      0.247     -0.269
73.5000      -29981.125   -29988.963        7.838   314.2      0.139     -0.335     -0.147     -0.257      0.235      0.648
73.5500      -29980.527   -29988.725        8.198   328.6      0.128     -0.038     -0.527      0.298      0.118      0.090
73.6000      -29980.851   -29988.607        7.757   310.9     -0.994     -0.605     -0.219     -0.363      0.182     -0.151
73.6500      -29980.424   -29989.584        9.160   367.2     -0.811     -0.130     -0.817     -0.544      0.046      0.262
73.7000      -29980.432   -29988.598        8.166   327.3      0.365     -0.425     -1.133      0.212     -0.352      0.320
73.7500      -29980.594   -29988.307        7.713   309.2     -1.437     -1.005     -1.282     -0.120      0.063     -0.366
73.8000      -29980.455   -29988.777        8.322   333.6     -1.150      0.093     -0.698      0.560      0.035      0.828
73.8500      -29980.622   -29988.752        8.130   325.9     -0.738      0.165      0.075      0.008      0.175     -0.496
73.9000      -29980.274   -29988.234        7.960   319.1     -0.927     -0.077     -0.275      0.044      0.047      0.366
73.9500      -29980.337   -29988.373        8.036   322.1      0.016     -0.483     -0.406     -0.013      0.319     -0.018
74.0000      -29980.528   -29988.541        8.013   321.2     -0.398     -0.777      0.807     -0.176      0.200     -0.283
74.0500      -29980.512   -29988.438        7.926   317.7     -0.151     -0.354      0.078     -0.027     -0.469      0.027
74.1000      -29980.179   -29989.076        8.898   356.7      0.205      0.219      0.234      0.302      0.597     -0.283
74.1500      -29980.986   -29989.023        8.037   322.2     -0.644     -0.556     -0.641     -0.115      0.070      0.639
74.2000      -29980.886   -29988.941        8.055   322.9      0.012      0.326     -0.222      1.027      0.175     -0.098
74.2500      -29980.814   -29988.861        8.047   322.6     -0.875     -0.986     -0.264     -0.481      0.181     -0.155
74.3000      -29980.768   -29989.049        8.281   331.9     -0.565     -0.851     -0.800     -0.143      0.342      0.085
74.3500      -29981.028   -29989.230        8.202   328.8      0.359     -0.133     -0.037      0.315      0.340     -0.372
74.4000      -29981.016   -29989.143        8.127   325.8     -0.900     -0.103      0.270      0.283     -0.045     -0.430
74.4500      -29980.909   -29988.746        7.837   314.1     -0.011     -0.179     -0.421      0.340      0.331      0.195
74.5000      -29981.154   -29988.711        7.557   302.9     -0.166      0.254     -0.297     -0.378      0.082     -0.128
74.5500      -29980.907   -29988.658        7.751   310.7     -0.874     -0.171      0.020      0.809     -0.129      0.010
74.6000      -29981.098   -29988.750        7.652   306.7     -0.595     -0.175      0.246     -0.130     -0.389      0.289
74.6500      -29980.874   -29989.123        8.249   330.7     -0.329      0.682     -0.245     -0.210     -0.148     -0.508
74.7000      -29981.212   -29988.393        7.180   287.8      0.338      0.168     -0.049     -0.170      0.558     -0.589
74.7500      -29981.379   -29988.027        6.648   266.5     -0.823     -0.182      0.271      0.216      0.419      0.436
74.8000      -29981.354   -29989.461        8.106   324.9      0.511     -0.274      0.213      0.081     -0.034     -0.487
74.8500      -29981.445   -29989.748        8.303   332.8     -0.559      0.445     -0.978     -0.299     -0.328      0.033
74.9000      -29981.288   -29988.824        7.536   302.1     -0.436     -0.075      0.321      0.863     -0.232      0.089
74.9500      -29980.956   -29988.725        7.768   311.4     -0.301     -0.918      0.224     -0.553     -0.171      0.124
75.0000      -29980.776   -29988.484        7.708   309.0     -0.552     -0.558     -1.091     -0.135     -0.294      0.383
75.0500      -29980.557   -29988.219        7.662   307.1     -0.257      0.122      0.639      0.107     -0.570      0.189
75.1000      -29980.218   -29988.168        7.950   318.7     -0.515     -0.751     -0.266     -0.430      0.215      0.074
75.1500      -29979.932   -29988.623        8.691   348.4     -0.189     -0.296     -0.413     -0.251     -0.191     -0.485
75.2000      -29979.287   -29987.930        8.642   346.4      0.365      0.184      1.027     -0.295     -0.088     -0.102
75.2500      -29979.361   -29988.873        9.512   381.3     -0.077      0.557      0.094      0.349      0.074     -0.237
75.3000      -29979.622   -29988.281        8.659   347.1     -0.095     -0.506     -1.097     -0.730      0.307      0.330
75.3500      -29979.642   -29987.691        8.050   322.7     -0.671     -0.077      0.022      0.289     -0.150     -0.509
75.4000      -29980.120   -29987.953        7.833   314.0      0.323     -0.008      0.228      0.261      0.176     -0.007
75.4500      -29980.102   -29988.195        8.093   324.4     -0.827     -0.245     -0.392     -0.116      0.301     -0.059
75.5000      -29980.336   -29987.662        7.326   293.7     -1.667     -1.775     -1.041      0.173      0.268      0.318
75.5500      -29980.459   -29987.996        7.537   302.1      0.659      0.040     -0.856     -0.309      0.170     -0.004
75.6000      -29980.032   -29988.115        8.084   324.0     -0.155     -1.096     -0.457     -0.046     -0.391     -0.087
75.6500      -29980.035   -29987.664        7.629   305.8     -0.832     -1.448      0.144     -0.034      0.164     -0.147
75.7000      -29980.120   -29987.580        7.460   299.0     -0.559     -0.267     -0.510      0.392     -0.049      0.015
75.7500      -29979.609   -29987.473        7.863   315.2     -0.695     -0.478     -0.211     -0.118      0.392      0.500
75.8000      -29979.665   -29988.035        8.370   335.5     -0.154     -0.071     -0.596      0.198     -0.324      0.012
75.8500      -29979.917   -29988.582        8.665   347.3     -0.926     -0.512     -0.769     -0.375      0.719     -0.371
75.9000      -29980.061   -29988.275        8.214   329.3      0.161     -0.010     -1.114     -0.120      0.129     -0.189
75.9500      -29979.545   -29987.646        8.101   324.7     -0.416     -0.386      0.093     -0.480      0.211     -0.072
76.0000      -29979.688   -29987.117        7.429   297.8      0.414      0.378     -0.239      0.156      0.074      0.432
76.0500      -29979.077   -29987.330        8.253   330.8     -1.155     -0.316     -0.174      0.426      0.487     -0.207
76.1000      -29979.245   -29987.244        7.999   320.6     -1.055     -0.829     -1.056     -0.050     -0.606      0.708
76.1500      -29979.550   -29988.064        8.514   341.3      0.434     -0.761      0.096     -0.112      0.183      0.056
76.2000      -29979.559   -29987.531        7.972   319.6     -0.426     -0.571     -0.022      0.227     -0.251     -0.236
76.2500      -29978.992   -29987.994        9.002   360.8     -0.215     -0.510      0.041     -0.023      0.166      0.713
76.3000      -29979.384   -29987.795        8.411   337.2     -1.011     -0.524     -1.233      0.068      0.090     -0.802
76.3500      -29979.491   -29987.891        8.399   336.7     -1.006     -0.116     -0.918      0.613      0.355     -0.115
76.4000      -29979.434   -29987.504        8.070   323.5     -0.698     -0.465     -0.365     -0.458     -0.271      0.178
76.4500      -29979.404   -29987.506        8.102   324.8      0.636      1.116      1.128      0.486     -0.306      0.105
76.5000      -29979.170   -29988.082        8.912   357.2      0.345      0.089     -0.696     -0.771     -0.097     -0.215
76.5500      -29979.212   -29987.600        8.387   336.2     -0.739     -0.517     -0.458      0.229     -0.722     -0.069
76.6000      -29979.374   -29988.018        8.644   346.5      0.302      0.616      0.172     -0.008     -0.258      0.112
76.6500      -29979.460   -29987.986        8.526   341.8     -0.566     -0.081      0.440      0.592      0.354     -0.060
76.7000      -29979.725   -29988.002        8.277   331.8      0.257      0.036      0.427     -0.304     -0.051      0.386
76.7500      -29980.124   -29987.438        7.314   293.2      0.054      0.451      0.473      0.004     -0.067     -0.223
76.8000      -29980.102   -29988.488        8.386   336.1     -1.153     -0.164     -0.787      0.405      0.258     -0.228
76.8500      -29980.011   -29988.666        8.655   346.9      0.310     -0.440      0.145     -0.152      0.169      0.446
76.9000      -29979.988   -29988.420        8.432   338.0     -0.820     -0.746     -0.901     -0.265     -0.469      0.049
76.9500      -29979.650   -29988.098        8.448   338.6     -0.194     -0.593      0.332      0.094     -0.373     -0.640
77.0000      -29980.096   -29987.721        7.625   305.6      0.586     -0.284     -0.082     -0.472      0.138      0.032
77.0500      -29979.546   -29988.062        8.516   341.4     -0.709     -0.612      0.066      0.449     -0.158      0.170
77.1000      -29979.061   -29987.031        7.970   319.5     -0.039     -0.272     -0.274     -0.077     -0.259      0.343
77.1500      -29979.346   -29987.727        8.380   335.9     -0.270     -0.292     -0.051     -0.063     -0.362      0.322
77.2000      -29979.354   -29988.307        8.952   358.9      0.154      0.001     -0.251      0.017     -0.261      0.565
77.2500      -29979.457   -29988.186        8.729   349.9     -0.295     -0.187     -0.093      0.228      0.093     -0.102
77.3000      -29979.190   -29987.588        8.398   336.6      0.129     -0.628     -0.447     -0.746     -0.067      0.396
77.3500      -29979.338   -29987.809        8.471   339.6      0.897      0.140      0.304      0.169      0.107      0.063
77.4000      -29978.811   -29986.400        7.590   304.2     -0.331      0.231      0.222     -0.160     -0.062     -0.081
77.4500      -29979.148   -29987.471        8.323   333.6     -0.326     -0.179     -0.402     -0.463      0.363     -0.029
77.5000      -29979.508   -29987.633        8.125   325.7     -0.405     -0.742     -0.152     -0.004      0.349     -0.285
77.5500      -29979.632   -29987.266        7.633   306.0     -0.197     -0.045     -0.935      0.362     -0.237      0.573
77.6000      -29979.804   -29987.807        8.003   320.8      0.950     -0.623      0.599     -0.570      0.459      0.123
77.6500      -29979.438   -29987.527        8.089   324.3      0.476     -0.673     -0.068     -0.028     -0.130      0.512
77.7000      -29979.582   -29987.463        7.881   315.9      0.407     -0.300      0.160      0.100     -0.185      0.116
77.7500      -29979.217   -29987.707        8.490   340.3     -0.029     -0.119      0.622      0.156     -0.509     -0.000
77.8000      -29978.819   -29987.227        8.407   337.0      0.580     -0.417     -1.291     -0.001      0.260     -0.017
77.8500      -29978.652   -29986.828        8.176   327.7     -0.459     -1.043      0.151     -0.378     -0.147      0.478
77.9000      -29978.803   -29987.496        8.693   348.4     -0.334     -0.920     -0.058      0.155     -0.044      0.069
77.9500      -29978.612   -29987.895        9.282   372.1     -0.694     -0.341     -0.921      0.089     -0.084     -0.360
78.0000      -29978.840   -29987.660        8.820   353.5     -0.427     -0.038     -0.172      0.683     -0.150      0.501
78.0500      -29978.807   -29986.779        7.972   319.6     -0.139     -0.383      1.081     -0.671      0.219      0.097
78.1000      -29978.866   -29987.148        8.282   332.0      0.797      1.430      0.497      0.295      0.378      0.557
78.1500      -29978.903   -29987.221        8.318   333.4     -0.523     -1.352     -0.479      0.240     -0.384     -0.602
78.2000      -29978.549   -29987.533        8.985   360.1     -0.692      0.060     -1.121      0.074      0.268     -0.170
78.2500      -29978.973   -29986.861        7.889   316.2     -1.724     -1.325     -0.755      0.015     -0.345      0.228
78.3000      -29978.911   -29987.465        8.554   342.9     -0.201      0.642     -0.348     -0.160     -0.092      0.114
78.3500      -29979.450   -29987.572        8.122   325.6     -0.073      0.162     -0.448     -0.300      0.023      0.609
78.4000      -29979.417   -29987.309        7.892   316.3     -0.333     -0.584     -0.214     -0.046     -0.290     -0.139
78.4500      -29979.300   -29987.105        7.805   312.9     -0.508     -0.490     -0.051      0.428      0.152     -0.953
78.5000      -29979.134   -29987.549        8.415   337.3      0.935      0.386      0.219     -0.064      0.293     -0.621
78.5500      -29979.188   -29987.150        7.962   319.2     -0.222     -0.103      0.386      0.268     -0.258      0.352
78.6000      -29979.190   -29987.273        8.084   324.0      0.569      0.640      0.578      0.042      0.569     -0.680
78.6500      -29978.847   -29987.104        8.256   331.0      0.462      0.904      0.302      0.337      0.057     -0.051
78.7000      -29979.031   -29987.242        8.211   329.2     -0.437     -0.250     -0.853      0.453     -0.041     -0.034
78.7500      -29979.363   -29988.094        8.731   350.0     -0.044      0.394      0.098     -0.195      0.498     -0.645
78.8000      -29979.232   -29987.537        8.305   332.9      0.698      0.315     -0.018     -0.284      0.370     -0.263
78.8500      -29978.924   -29987.293        8.369   335.5      1.287      0.569     -0.017     -0.145     -0.438      0.406
78.9000      -29978.852   -29987.559        8.707   349.0      0.576      0.012     -0.268     -0.361      0.086     -0.050
78.9500      -29979.442   -29987.947        8.505   340.9      0.377      0.551      0.291      0.257      0.146      0.001
79.0000      -29979.408   -29987.131        7.723   309.6     -0.637     -0.124      0.123      0.051     -0.048      0.155
79.0500      -29979.681   -29987.666        7.985   320.1     -0.047      0.511      0.434     -0.296      0.285     -0.259
79.1000      -29980.126   -29988.547        8.421   337.6     -0.808     -0.202      0.047      0.195      0.407     -0.016
79.1500      -29980.057   -29988.688        8.630   345.9     -1.302     -0.664     -0.090      0.146     -0.023      0.308
79.2000      -29979.815   -29987.508        7.692   308.3     -0.909     -1.298     -1.795      0.112     -0.503      0.481
79.2500      -29979.999   -29988.000        8.001   320.7      0.196     -0.602     -0.818     -0.028     -0.190     -0.071
79.3000      -29980.268   -29988.225        7.957   318.9     -0.401     -0.377      0.024      0.039      0.574      0.251
79.3500      -29979.889   -29988.541        8.652   346.8     -0.279     -0.379     -0.438     -0.481      0.056     -0.307
79.4000      -29980.241   -29987.891        7.650   306.6     -0.524     -0.230      0.219     -0.439      0.262      0.035
79.4500      -29979.921   -29988.283        8.362   335.2     -0.425     -0.966      0.387     -0.140     -0.033     -0.419
79.5000      -29979.003   -29987.371        8.369   335.4      0.123     -0.071     -0.665     -0.128     -0.043      0.026
79.5500      -29979.065   -29987.479        8.414   337.3     -0.118     -0.096      0.785     -0.564      0.087      0.249
79.6000      -29979.187   -29987.771        8.584   344.1     -0.241     -0.353     -0.259      0.688      0.344     -0.376
79.6500      -29979.099   -29988.051        8.952   358.8     -0.849     -0.263     -0.132     -0.097      0.218      0.545
79.7000      -29979.210   -29987.693        8.483   340.1     -1.162     -0.343     -0.830     -0.295      0.079     -0.459
79.7500      -29979.035   -29987.859        8.824   353.7     -0.066     -0.056      0.777     -0.192      0.211     -0.276
79.8000      -29979.353   -29988.285        8.932   358.0     -1.216     -0.476     -1.443      0.092      0.271     -0.032
79.8500      -29979.406   -29988.566        9.160   367.2     -0.682      0.368     -1.189     -0.386     -0.289      0.128
79.9000      -29979.637   -29987.881        8.244   330.4     -0.316     -0.198     -0.084      0.114      0.719      0.140
79.9500      -29978.965   -29987.971        9.006   361.0      0.287     -0.132      0.153      0.466     -0.343     -0.267
80.0000      -29979.611   -29988.264        8.653   346.8      0.665     -0.593     -0.370      0.208      0.711     -0.280
80.0500      -29980.072   -29988.203        8.131   325.9      0.348      0.307     -0.705     -0.204     -0.056      0.154
80.1000      -29980.029   -29988.293        8.264   331.3      0.393      0.027     -0.269      0.364     -0.086      0.170
80.1500      -29980.364   -29988.752        8.388   336.2      0.623     -0.383     -0.393     -0.468     -0.268      0.001
80.2000      -29980.593   -29988.617        8.024   321.6      0.261      0.169      0.572     -0.364      0.330      0.130
80.2500      -29980.770   -29988.898        8.128   325.8     -1.299     -0.491     -0.927      0.044     -0.241     -0.058
80.3000      -29981.324   -29989.232        7.909   317.0     -0.763     -0.443      0.003      0.057     -0.187      0.535
80.3500      -29981.217   -29989.143        7.925   317.7      0.069     -0.191     -0.383     -0.227     -0.117     -0.082
80.4000      -29981.173   -29989.367        8.194   328.5      0.501     -0.499     -0.034     -0.342      0.338      0.697
80.4500      -29981.211   -29988.646        7.435   298.0      1.064      0.713      0.573      0.312     -0.303     -0.253
80.5000      -29981.472   -29989.023        7.551   302.7     -0.797     -0.204     -0.744     -0.146     -0.151      0.398
80.5500      -29981.842   -29990.264        8.422   337.6      0.408      0.027      0.624     -0.033      0.114     -0.316
80.6000      -29981.989   -29990.076        8.087   324.2      0.259     -0.444      0.069      0.137      0.037      0.152
80.6500      -29981.644   -29989.549        7.905   316.9     -0.282     -0.110      0.386     -0.106      0.009      0.481
80.7000      -29981.550   -29989.695        8.145   326.5     -0.518     -0.569     -0.281     -0.476      0.184     -0.574
80.7500      -29981.001   -29988.531        7.530   301.8      0.350     -0.269      0.527      0.051     -0.207     -0.332
80.8000      -29981.074   -29988.873        7.799   312.6     -0.084      0.051     -0.006      0.164     -0.056      0.125
80.8500      -29980.994   -29989.178        8.184   328.1      0.436      0.150      0.363      0.182     -0.187     -0.615
80.9000      -29980.318   -29987.891        7.572   303.5     -0.251     -1.013      0.646     -0.174     -0.044     -0.063
80.9500      -29980.138   -29988.684        8.546   342.6      0.147      0.158     -0.891     -0.512     -0.044      0.566
81.0000      -29981.388   -29989.012        7.624   305.6     -0.442      0.557      0.150      0.055      0.081     -0.325
81.0500      -29981.076   -29989.385        8.309   333.1      0.571      1.385     -0.123      0.043     -0.161      0.222
81.1000      -29981.248   -29988.770        7.522   301.5     -0.153     -0.641      0.089     -0.158     -0.256     -0.396
81.1500      -29981.035   -29989.836        8.801   352.8      0.031      0.298     -0.134      0.052      0.443      0.182
81.2000      -29980.794   -29989.998        9.204   368.9     -1.003     -0.086     -0.239      0.043     -0.097      0.498
81.2500      -29980.745   -29989.295        8.550   342.7      0.124     -0.852      0.496      0.436     -0.108     -0.086
81.3000      -29981.044   -29988.520        7.476   299.7     -0.380     -0.502     -0.181     -0.213      0.179     -0.137
81.3500      -29981.508   -29989.037        7.529   301.8     -0.015     -0.772     -0.018      0.439     -0.058     -0.279
81.4000      -29981.214   -29989.150        7.936   318.1      0.643      0.385      0.234      0.314      0.693      0.141
81.4500      -29981.129   -29988.594        7.465   299.2     -0.471     -0.297     -0.198     -0.077      0.277     -0.278
81.5000      -29980.799   -29988.547        7.748   310.6      0.332      0.226     -0.037      0.128     -0.107      0.237
81.5500      -29980.384   -29988.299        7.915   317.3     -0.245      0.038     -0.236     -0.453     -0.126     -0.224
81.6000      -29980.077   -29988.176        8.098   324.6      0.269      0.555     -1.081      0.004     -0.058      0.500
81.6500      -29980.128   -29988.727        8.599   344.7      0.092      0.092     -0.592     -0.128     -0.087      0.046
81.7000      -29979.666   -29987.828        8.163   327.2      1.129      0.123     -0.204      0.358     -0.066     -0.260
81.7500      -29980.011   -29988.559        8.548   342.6     -1.348     -0.806     -0.468     -0.641     -0.351      0.464
81.8000      -29980.327   -29989.246        8.919   357.5     -1.234     -0.415     -0.812     -0.325      0.238     -0.120
81.8500      -29980.736   -29989.215        8.479   339.9      0.210      0.180      0.089     -0.496      0.171     -0.363
81.9000      -29981.260   -29989.238        7.978   319.8      0.472     -0.640     -0.105     -0.000     -0.066     -0.268
81.9500      -29980.925   -29989.863        8.938   358.3     -0.549     -0.275     -0.332     -0.724      0.253     -0.354
82.0000      -29980.948   -29989.162        8.215   329.3     -0.324     -0.832     -0.511     -0.319     -0.247      0.495
82.0500      -29981.152   -29988.828        7.676   307.7     -0.043     -1.054     -0.599     -0.172      0.218      0.483
82.1000      -29981.542   -29989.141        7.599   304.6      0.395     -0.236     -0.041     -0.138     -0.153      0.026
82.1500      -29981.371   -29989.459        8.088   324.2     -0.875     -1.124     -0.539      0.502     -0.160      0.382
82.2000      -29981.460   -29989.578        8.119   325.4     -0.332     -0.697     -0.091     -0.136     -0.266      0.336
82.2500      -29981.549   -29989.354        7.804   312.8     -0.711     -0.414     -0.509      0.331      0.311      0.131
82.3000      -29981.109   -29988.764        7.655   306.8     -0.165     -1.148     -1.170      0.207      0.294      0.214
82.3500      -29980.916   -29989.072        8.156   326.9     -0.538      0.134     -0.193      0.765     -0.184     -0.129
82.4000      -29980.342   -29987.982        7.640   306.3      0.276      0.014      0.067     -0.623      0.164      0.650
82.4500      -29980.374   -29988.645        8.271   331.5      0.372      0.349     -0.616      0.327      0.032      0.055
82.5000      -29980.148   -29988.939        8.792   352.4     -0.229     -1.002      0.156     -0.052      0.115      0.409
82.5500      -29979.962   -29988.088        8.126   325.7      0.080     -0.071      0.155     -0.138      0.514      0.048
82.6000      -29979.737   -29988.064        8.327   333.8      0.088      0.154      0.910      0.340      0.527      0.106
82.6500      -29979.808   -29988.115        8.307   333.0     -0.414     -1.022      0.109      0.080      0.153     -0.148
82.7000      -29979.770   -29988.590        8.820   353.6      0.201      0.088     -0.384     -0.045      0.018      0.809
82.7500      -29980.379   -29988.803        8.423   337.7     -0.500     -0.685     -0.924     -0.126     -0.018      0.166
82.8000      -29980.502   -29989.373        8.871   355.6     -0.632     -1.199     -0.362     -0.071     -0.182     -0.083
82.8500      -29981.068   -29989.080        8.012   321.2     -0.064     -2.120      0.086      0.162     -0.283     -0.384
82.9000      -29980.776   -29989.094        8.317   333.4     -0.900     -0.412      0.136     -0.283      0.055     -0.102
82.9500      -29980.513   -29988.744        8.231   329.9      0.605     -0.617     -0.729      0.504      0.262      0.503
83.0000      -29980.700   -29988.377        7.677   307.7      0.058     -0.571      0.009      0.392     -0.053      0.709
83.0500      -29980.546   -29989.484        8.938   358.3     -0.059     -0.474      0.230      0.081      0.248      0.391
83.1000      -29980.999   -29988.422        7.423   297.5     -0.158     -0.223      0.467     -0.140     -0.107      0.139
83.1500      -29980.748   -29988.863        8.115   325.3     -0.141     -0.292      0.075      0.436     -0.022     -0.329
83.2000      -29980.880   -29988.936        8.056   322.9     -0.040     -0.597     -0.243     -0.077      0.218      0.639
83.2500      -29980.756   -29989.643        8.886   356.2      0.447     -0.019      0.924      0.302      0.208     -0.115
83.3000      -29980.590   -29989.727        9.137   366.3     -0.580     -0.205     -0.335      0.485     -0.163      0.078
83.3500      -29980.992   -29989.133        8.141   326.3      0.248      0.588     -0.049     -0.483      0.013     -0.182
83.4000      -29980.601   -29988.736        8.135   326.1      0.553     -1.084      0.898      0.148     -0.008      0.317
83.4500      -29980.238   -29989.531        9.293   372.5     -1.097     -0.916     -0.822      0.360      0.384      0.475
83.5000      -29980.990   -29989.660        8.670   347.5     -0.518     -0.794     -0.317     -0.489     -0.215      0.004
83.5500      -29980.902   -29989.160        8.258   331.0     -1.307     -1.187     -1.506      0.344      0.002     -0.180
83.6000      -29981.183   -29988.898        7.715   309.3     -0.507      0.094     -0.763     -0.129     -0.080      0.332
83.6500      -29981.514   -29988.838        7.324   293.6     -0.060     -0.708     -0.824      0.135     -0.215     -0.312
83.7000      -29981.262   -29988.850        7.587   304.1     -0.014      0.027      0.712      0.043     -0.097      0.244
83.7500      -29981.184   -29988.734        7.550   302.6     -0.428     -0.676     -1.099     -0.386     -0.137      0.113
83.8000      -29981.700   -29989.514        7.814   313.2      0.171      0.381     -0.659      0.199      0.145     -0.141
83.8500      -29982.085   -29989.539        7.454   298.8     -0.611     -0.773     -0.292     -0.439     -0.267     -0.512
83.9000      -29981.889   -29989.820        7.931   317.9     -0.991     -0.356     -0.683      0.308      0.398     -0.524
83.9500      -29981.771   -29989.338        7.567   303.3     -0.460     -1.124     -0.307     -0.923      0.147     -0.162
84.0000      -29981.852   -29990.164        8.312   333.2     -0.201      0.190     -0.249      0.071     -0.442     -0.153
84.0500      -29981.973   -29989.629        7.656   306.9     -0.733     -0.135     -0.020     -0.451     -0.264     -0.431
84.1000      -29982.082   -29989.600        7.518   301.4     -0.330     -0.543     -0.749      0.316      0.421      0.278
84.1500      -29982.052   -29989.650        7.598   304.6     -0.848     -0.434     -0.186     -0.346      0.437     -0.357
84.2000      -29982.180   -29990.430        8.250   330.7      0.382     -0.097     -0.593     -0.152      0.198     -0.588
84.2500      -29982.088   -29989.756        7.668   307.4      0.142      0.121      0.019     -0.007     -0.382     -0.133
84.3000      -29982.148   -29989.387        7.239   290.2     -0.785     -0.079      0.015     -0.353      0.232     -0.312
84.3500      -29981.908   -29990.014        8.106   324.9      0.665     -0.541      0.097     -0.440     -0.221      0.491
84.4000      -29982.125   -29990.148        8.023   321.6     -0.143     -0.440     -0.017     -0.665      0.014     -0.137
84.4500      -29982.641   -29990.176        7.535   302.0     -0.564     -0.448     -0.059     -0.333     -0.133      0.352
84.5000      -29982.338   -29989.803        7.465   299.2     -0.356     -0.482     -0.449     -0.233      0.097     -0.331
84.5500      -29981.887   -29989.527        7.641   306.3     -0.476     -0.100     -0.371     -0.686     -0.218      0.334
84.6000      -29981.355   -29989.938        8.582   344.0      0.335     -0.092      0.527     -0.269      0.858     -0.060
84.6500      -29980.885   -29988.777        7.893   316.4     -0.989      0.470     -0.531     -0.595     -0.359      0.386
84.7000      -29980.910   -29988.973        8.062   323.2      0.425     -0.811     -0.501     -0.206     -0.053     -0.330
84.7500      -29981.044   -29989.680        8.636   346.2     -0.508      0.417     -0.441     -0.693      0.196     -0.140
84.8000      -29980.735   -29989.254        8.519   341.5     -0.091     -0.623     -1.051     -0.018      0.099     -0.266
84.8500      -29980.701   -29988.926        8.225   329.7     -0.378     -0.722     -0.124     -0.430      0.194      0.472
84.9000      -29980.982   -29988.459        7.477   299.7     -0.241     -0.569     -0.556     -0.665     -0.317      0.024
84.9500      -29980.880   -29989.482        8.603   344.8     -0.566     -0.270     -0.822      0.183     -0.066      0.337
85.0000      -29980.949   -29989.004        8.055   322.9     -0.593     -1.113     -0.104     -0.267      0.367     -0.073
85.0500      -29980.823   -29988.965        8.142   326.4      0.421     -0.276     -0.903      0.439     -0.664     -0.020
85.1000      -29980.646   -29988.938        8.291   332.3      0.434      0.780     -0.201     -0.141     -0.047     -0.549
85.1500      -29980.969   -29988.994        8.026   321.7     -0.816     -0.756     -0.800      0.579     -0.031      0.199
85.2000      -29981.003   -29988.982        7.979   319.9      0.478     -0.471      0.809     -0.481     -0.597      0.434
85.2500      -29981.392   -29988.979        7.586   304.1      0.196      0.418     -0.130     -0.145      0.078      0.274
85.3000      -29981.351   -29989.623        8.272   331.6     -0.955     -0.436      0.231      0.037      0.042     -0.367
85.3500      -29981.366   -29989.355        7.990   320.3     -0.753     -0.817     -1.018     -0.662      0.390      0.041
85.4000      -29981.518   -29989.020        7.502   300.7     -0.506      0.097     -0.015     -0.259      0.230     -0.410
85.4500      -29982.345   -29989.770        7.425   297.6     -0.061     -0.772      0.261     -0.371     -0.082     -0.257
85.5000      -29981.996   -29989.695        7.699   308.6     -0.132     -0.011     -0.093     -0.310      0.101     -0.291
85.5500      -29982.349   -29989.943        7.594   304.4     -0.201     -0.582     -0.487      0.043     -0.335      0.374
85.6000      -29982.478   -29989.834        7.356   294.9     -0.272     -0.875     -0.422     -0.358      0.360     -0.002
85.6500      -29982.270   -29990.566        8.296   332.6      0.334     -0.913      0.113     -0.125     -0.447      0.285
85.7000      -29982.119   -29990.027        7.908   317.0     -0.500     -0.349     -0.093      0.381      0.414      0.088
85.7500      -29982.133   -29989.521        7.389   296.2      0.099     -0.679      0.577     -0.046     -0.084     -0.563
85.8000      -29981.916   -29989.725        7.809   313.0     -0.639     -0.741     -0.679      0.409     -0.072      0.325
85.8500      -29981.322   -29989.004        7.682   307.9     -0.970     -1.260     -0.985     -0.077      0.256     -0.024
85.9000      -29980.785   -29988.748        7.963   319.2     -0.756     -0.628     -0.617      0.304     -0.296     -0.210
85.9500      -29980.752   -29988.982        8.231   329.9     -0.008     -0.541      0.139     -0.395      0.036     -0.012
86.0000      -29980.380   -29988.328        7.948   318.6      0.044      0.025     -0.465     -0.045     -0.172      0.265
86.0500      -29980.505   -29988.869        8.365   335.3     -1.409     -0.369     -0.042     -0.171     -0.055      0.098
86.1000      -29980.567   -29989.127        8.560   343.1      0.940     -0.378      0.191      0.296     -0.250     -0.160
86.1500      -29980.420   -29989.432        9.012   361.2     -0.205      0.470     -0.197     -0.495      0.214      0.056
86.2000      -29980.514   -29989.160        8.646   346.6      0.458      0.194     -0.054     -0.333     -0.194      0.264
86.2500      -29980.551   -29988.617        8.067   323.4      0.883      0.754     -0.129     -0.304     -0.070      0.141
86.3000      -29981.052   -29989.092        8.039   322.3      0.265      0.233      0.006      0.269     -0.337     -0.157
86.3500      -29981.292   -29989.561        8.268   331.4     -0.300     -0.546      0.424     -0.053      0.098     -0.199
86.4000      -29981.150   -29988.684        7.534   302.0      0.026     -0.335     -0.780      0.074      0.419      0.439
86.4500      -29981.082   -29988.611        7.529   301.8     -0.732     -0.377     -0.284      0.148     -0.433      0.309
86.5000      -29981.294   -29988.959        7.665   307.3     -0.175      0.638     -1.198     -0.629     -0.373      0.735
86.5500      -29981.084   -29989.328        8.244   330.5     -0.332     -1.231     -0.270     -0.064     -0.295     -0.055
86.6000      -29981.046   -29989.381        8.335   334.1     -0.887     -0.205     -0.662     -0.044     -0.767      0.292
86.6500      -29981.023   -29988.572        7.549   302.6     -0.829     -0.484     -0.861      0.433      0.342     -0.283
86.7000      -29980.786   -29988.945        8.159   327.1      0.326     -1.012      0.300      0.110     -0.420      0.790
86.7500      -29980.791   -29989.176        8.385   336.1     -0.434      0.715     -0.917      0.017      0.156     -0.632
86.8000      -29981.192   -29988.588        7.396   296.5      0.311     -0.245      1.224     -0.634     -0.666     -0.348
86.8500      -29981.369   -29988.939        7.570   303.4     -0.941     -0.142     -0.465      0.069      0.463      0.058
86.9000      -29981.159   -29989.166        8.007   321.0     -0.395      0.136      0.157     -0.075     -0.540     -0.209
86.9500      -29981.030   -29989.270        8.240   330.3     -0.920     -0.226     -0.055     -0.568      0.080      0.011
87.0000      -29981.325   -29989.475        8.149   326.7     -0.395     -0.565     -0.506      0.765     -0.053      0.308
87.0500      -29981.190   -29989.104        7.914   317.2      0.045     -0.490     -0.024     -0.036     -0.028      1.007
87.1000      -29981.199   -29988.684        7.485   300.0      0.204     -0.343      0.118     -0.097      0.364     -0.350
87.1500      -29980.299   -29988.637        8.338   334.2     -0.432      0.021     -0.131      0.064      0.296      0.245
87.2000      -29980.609   -29988.748        8.139   326.2      0.301      0.211     -0.283      0.330     -0.383      0.222
87.2500      -29980.317   -29988.646        8.329   333.9     -1.266     -0.314     -1.069      0.343      0.357     -0.382
87.3000      -29980.303   -29988.230        7.927   317.8      0.032     -0.163     -0.140     -0.087     -0.593      0.465
87.3500      -29980.444   -29988.928        8.484   340.1     -0.325     -0.324     -0.229      0.573      0.219     -0.491
87.4000      -29979.866   -29988.584        8.718   349.4     -0.487      0.062     -0.496      0.071      0.137     -0.223
87.4500      -29979.623   -29987.893        8.269   331.5     -0.440      0.235      0.148     -0.330     -0.740      0.137
87.5000      -29979.838   -29988.660        8.823   353.7      0.207     -0.631     -0.144      0.153      0.241     -0.370
87.5500      -29979.873   -29988.842        8.968   359.5      0.015      0.073      0.079     -0.413      0.093     -0.014
87.6000      -29979.742   -29988.193        8.452   338.8     -0.093     -0.152      0.758     -0.210      0.262      0.113
87.6500      -29980.153   -29988.223        8.070   323.5     -1.122     -0.785     -0.320      0.408      0.462     -0.448
87.7000      -29980.455   -29988.223        7.768   311.4      0.067      0.637      0.555     -0.291      0.028      0.478
87.7500      -29980.498   -29988.902        8.405   336.9     -0.143      0.162     -0.128      0.492     -0.184      0.234
87.8000      -29980.261   -29988.955        8.694   348.5     -0.772      0.607      0.592     -0.289      0.007      0.087
87.8500      -29980.428   -29988.379        7.951   318.7     -0.385      0.765      0.605     -0.782      0.064     -0.588
87.9000      -29980.043   -29987.918        7.875   315.7      0.076      0.679      0.122      0.412      0.325      0.411
87.9500      -29979.878   -29988.533        8.655   346.9     -0.711     -0.069     -0.180     -0.721     -0.006      0.033
88.0000      -29980.437   -29989.189        8.752   350.8     -0.461     -0.124     -0.629      0.013      0.234      0.022
88.0500      -29980.286   -29988.582        8.296   332.5      0.046     -0.587     -0.304      0.525      0.048      0.195
88.1000      -29980.286   -29987.855        7.570   303.4     -0.210      1.042     -0.403     -0.273      0.484     -0.348
88.1500      -29980.030   -29988.221        8.190   328.3     -0.051     -0.809      0.614      0.407      0.244      0.328
88.2000      -29980.578   -29988.936        8.357   335.0     -0.317     -0.292     -0.558     -0.385      0.181      0.443
88.2500      -29981.122   -29989.074        7.952   318.7      0.067      0.668     -0.358     -0.409      0.262     -0.733
88.3000      -29980.967   -29989.033        8.066   323.3     -0.740     -0.294     -0.092      0.101     -0.011      0.105
88.3500      -29981.198   -29988.990        7.792   312.4     -1.023     -0.611      0.046      0.177      0.042     -0.043
88.4000      -29980.669   -29989.223        8.553   342.9      0.568     -0.347      0.245      0.160     -0.186      0.103
88.4500      -29980.682   -29989.006        8.324   333.6     -0.740     -0.692     -0.830     -0.152      0.359     -0.430
88.5000      -29980.578   -29988.785        8.207   329.0     -1.808     -0.050     -0.808      0.055     -0.240      0.334
88.5500      -29980.674   -29989.205        8.531   342.0      0.775      0.359      0.087     -0.230     -0.683     -0.096
88.6000      -29980.558   -29988.936        8.377   335.8     -0.279     -0.408     -0.781      0.051      0.559     -0.104
88.6500      -29980.569   -29988.322        7.754   310.8     -0.962     -0.011     -0.464      0.215     -0.099      0.049
88.7000      -29980.361   -29988.963        8.602   344.8      0.281     -0.583      0.402      0.018     -0.619     -0.558
88.7500      -29980.626   -29988.053        7.427   297.7     -0.142      0.876     -0.155     -0.033      0.394      0.292
88.8000      -29980.916   -29988.930        8.013   321.2      0.029      0.030     -0.263     -0.009     -0.245     -0.025
88.8500      -29980.767   -29988.850        8.082   324.0     -0.224     -0.588     -0.755     -0.559      0.211      0.574
88.9000      -29980.696   -29988.324        7.628   305.8     -0.898      0.338     -0.572      0.664      0.206     -0.141
88.9500      -29980.309   -29989.211        8.902   356.8     -0.689     -0.263     -0.009      0.235      0.126      0.328
89.0000      -29980.695   -29988.502        7.807   313.0     -0.393     -0.948     -0.372      0.237     -0.000     -0.530
89.0500      -29980.436   -29988.848        8.411   337.2     -1.143      0.575      0.192      0.415     -0.088     -0.064
89.1000      -29980.730   -29989.160        8.430   337.9      0.558     -0.879     -0.662     -0.305      0.068     -0.124
89.1500      -29980.671   -29988.260        7.589   304.2     -0.545      0.351      0.092      0.570     -0.148      0.073
89.2000      -29980.232   -29989.006        8.774   351.7     -0.204     -0.039     -0.137     -0.047     -0.390     -0.477
89.2500      -29980.055   -29988.705        8.650   346.7     -0.333     -0.065      0.300     -0.274     -0.179      0.619
89.3000      -29980.258   -29988.777        8.519   341.5      0.132      0.671     -0.021      0.070     -0.683      0.308
89.3500      -29980.918   -29988.842        7.924   317.6      0.359      0.248      0.651     -0.165      0.228      0.805
89.4000      -29980.967   -29988.789        7.823   313.6      0.233      0.078     -0.026     -0.179     -0.162     -0.432
89.4500      -29980.352   -29988.723        8.371   335.5     -0.502     -0.026     -0.201     -0.171     -0.137      0.510
89.5000      -29980.624   -29988.928        8.304   332.9     -1.113     -0.328     -0.144     -0.300     -0.270     -0.227
89.5500      -29980.589   -29989.066        8.477   339.8     -0.065     -0.129     -0.451      0.049      0.224      0.319
89.6000      -29981.354   -29989.486        8.133   326.0      0.006      0.697     -0.762      0.126      0.028     -0.154
89.6500      -29981.052   -29989.602        8.550   342.7      0.264      0.179     -0.121     -0.566     -0.019      0.151
89.7000      -29980.588   -29988.756        8.168   327.4     -0.462      0.004     -0.606     -0.227      0.265      0.168
89.7500      -29980.269   -29988.207        7.938   318.2     -0.491      0.066      0.037     -0.474      0.153      0.575
89.8000      -29980.131   -29988.457        8.326   333.7     -0.803     -0.596     -0.764     -0.299     -0.319      0.224
89.8500      -29980.363   -29988.438        8.074   323.7      0.418     -0.120     -0.495     -0.017      0.184     -0.180
89.9000      -29981.085   -29988.559        7.473   299.6     -0.690      0.556     -0.383      0.500     -0.372     -0.339
89.9500      -29981.339   -29989.748        8.409   337.1     -0.125     -0.330      0.126     -0.038      0.546      0.159
90.0000      -29981.505   -29989.617        8.113   325.2     -0.282      0.299     -0.579     -0.168     -0.648     -0.608
90.0500      -29981.491   -29988.484        6.994   280.3      0.083     -0.797     -0.681      0.190     -0.246     -0.150
90.1000      -29981.475   -29988.885        7.410   297.0     -1.156     -0.383     -1.178     -0.245      0.479      0.146
90.1500      -29981.534   -29989.061        7.526   301.7     -0.759     -0.029      0.729      0.553     -0.115      0.190
90.2000      -29980.984   -29989.412        8.428   337.8     -0.660     -0.181     -0.642     -0.492     -0.345      0.135
90.2500      -29981.080   -29988.584        7.504   300.8     -0.223      0.325      0.695      0.079     -0.435      0.070
90.3000      -29980.905   -29988.480        7.575   303.7     -0.368     -0.208     -0.360     -0.419     -0.145     -0.084
90.3500      -29980.613   -29988.943        8.330   333.9      0.155      0.083      0.130      0.069      0.065     -0.013
90.4000      -29980.088   -29989.389        9.301   372.8      0.215     -0.010     -0.299     -0.201     -0.149      0.018
90.4500      -29980.148   -29988.768        8.619   345.5      0.317      0.562      0.745      0.243     -0.172     -0.061
90.5000      -29980.165   -29988.730        8.566   343.4     -1.402     -0.384     -0.766      0.103     -0.156     -0.180
90.5500      -29980.133   -29988.648        8.516   341.3      0.565      0.319     -0.558      0.179      0.328      0.372
90.6000      -29980.286   -29988.604        8.317   333.4     -0.513     -0.980     -0.630      0.008     -0.496      0.229
90.6500      -29980.549   -29988.408        7.859   315.0     -0.782     -1.237     -0.041     -0.397      0.233     -0.387
90.7000      -29980.480   -29988.682        8.202   328.8      0.213     -0.828     -0.347      0.209     -0.053      0.489
90.7500      -29980.256   -29988.576        8.320   333.5      0.086      0.141     -1.144     -0.288      0.069     -0.045
90.8000      -29980.249   -29988.656        8.407   337.0     -0.987     -0.049     -0.588      0.086      0.236      0.287
90.8500      -29980.622   -29988.490        7.868   315.4      0.233     -0.448     -0.258     -0.052     -0.284     -0.173
90.9000      -29980.496   -29988.318        7.822   313.5      0.624     -0.149     -0.113     -0.311     -0.096      0.443
90.9500      -29980.566   -29989.049        8.483   340.0     -0.099     -0.253     -0.200     -0.617     -0.211      0.071
91.0000      -29980.479   -29988.752        8.273   331.6      0.234      0.232     -0.371      0.739      0.345     -0.015
91.0500      -29980.524   -29988.455        7.931   317.9     -1.303      0.211     -1.139     -0.637     -0.081     -0.026
91.1000      -29980.621   -29988.926        8.305   332.9      0.000     -0.941     -0.282      0.008      0.068      0.212
91.1500      -29979.946   -29988.617        8.671   347.6     -0.618     -0.112      0.053      0.071     -0.017     -0.096
91.2000      -29979.431   -29988.395        8.964   359.3     -0.015     -0.617     -0.304     -0.545      0.024      0.164
91.2500      -29979.538   -29988.010        8.472   339.6     -0.070      0.290      0.047      0.327     -0.016      0.306
91.3000      -29979.759   -29988.158        8.400   336.7     -0.597     -0.142     -0.737      0.008     -0.102      0.381
91.3500      -29979.848   -29988.078        8.230   329.9     -0.226     -0.816     -1.291      0.311      0.382     -0.645
91.4000      -29980.188   -29989.010        8.822   353.6     -0.304     -0.348     -0.322     -0.232      0.143      0.040
91.4500      -29980.742   -29989.539        8.797   352.6     -0.230     -0.017     -0.249      0.050      0.338      0.526
91.5000      -29980.930   -29989.102        8.171   327.5     -0.496     -0.212     -0.205     -0.283     -0.188     -0.079
91.5500      -29981.527   -29988.949        7.422   297.5      0.185     -0.272      0.097     -0.033      0.404      0.489
91.6000      -29981.610   -29989.107        7.497   300.5     -0.992     -0.123     -0.613      0.022      0.259     -0.439
91.6500      -29981.279   -29988.715        7.436   298.1     -0.281     -0.155      0.365      0.115     -0.552      0.139
91.7000      -29980.569   -29988.488        7.919   317.4     -0.532     -0.436     -0.149     -0.092      0.477     -0.267
91.7500      -29980.422   -29988.139        7.717   309.3     -0.860     -0.541     -0.554     -0.653     -0.675     -0.042
91.8000      -29980.011   -29987.715        7.704   308.8     -0.548     -0.811     -0.900      0.318     -0.106     -0.117
91.8500      -29979.801   -29988.162        8.361   335.1     -1.169     -0.285     -0.562     -0.082     -0.379      0.017
91.9000      -29979.763   -29987.715        7.952   318.8     -0.680      0.109     -0.136      0.435      0.153      0.284
91.9500      -29979.301   -29987.699        8.398   336.6      0.314     -0.114     -0.097      0.360     -0.428     -0.064
92.0000      -29979.247   -29987.670        8.423   337.6     -0.197     -0.211      0.080      0.065     -0.474     -0.201
92.0500      -29979.916   -29988.074        8.158   327.0      1.243      0.901      0.387      0.548     -0.286      0.222
92.1000      -29979.825   -29988.043        8.218   329.4      0.840      0.625      0.730     -0.184     -0.384      0.273
92.1500      -29980.028   -29987.645        7.616   305.3      0.314      0.614      0.679      0.106      0.483      0.337
92.2000      -29979.649   -29987.551        7.902   316.8     -0.207     -0.700     -0.825     -0.388      0.162     -0.040
92.2500      -29980.451   -29988.203        7.752   310.7      0.038      0.482      0.166     -0.419      0.663     -0.232
92.3000      -29980.034   -29988.078        8.045   322.5     -0.177     -0.140      0.396     -0.104      0.137      0.019
92.3500      -29979.975   -29987.934        7.958   319.0      0.150      0.403     -0.020      0.657      0.434      0.054
92.4000      -29979.763   -29987.826        8.063   323.2     -0.510     -1.106     -0.196      0.273      0.520     -0.300
92.4500      -29979.934   -29988.680        8.745   350.6     -0.251     -0.022     -0.083     -0.184      0.527     -0.057
92.5000      -29980.155   -29989.123        8.968   359.5     -0.514     -0.709     -0.636      0.691      0.033     -0.140
92.5500      -29979.887   -29989.498        9.611   385.2     -0.976     -0.012      0.795     -0.350      0.662      0.050
92.6000      -29979.552   -29988.279        8.727   349.8     -0.083      0.402      0.455      0.594      0.084     -0.019
92.6500      -29980.030   -29987.711        7.681   307.9      0.490      0.932      0.905      0.464      0.027      0.032
92.7000      -29980.170   -29988.094        7.924   317.6      0.184     -0.433     -0.856     -0.300      0.009     -0.084
92.7500      -29980.191   -29988.471        8.280   331.9      0.722     -0.153      0.527      0.027      0.222     -0.066
92.8000      -29980.235   -29988.551        8.316   333.3      1.556      0.704     -0.496      0.570      0.220     -0.437
92.8500      -29980.347   -29988.293        7.946   318.5     -0.158     -0.226      0.627     -0.331      0.223      0.425
92.9000      -29980.607   -29988.527        7.920   317.5     -0.183      0.091     -0.817      0.232      0.716     -0.100
92.9500      -29980.624   -29988.996        8.373   335.6      0.868     -0.323      0.617     -0.071     -0.257      0.164
93.0000      -29980.418   -29988.469        8.051   322.7     -0.088      0.672     -0.200      0.388      0.119     -0.237
93.0500      -29979.982   -29988.336        8.354   334.9     -0.087      0.510     -0.305     -0.220      0.334     -0.241
93.1000      -29979.460   -29987.459        7.999   320.6      0.490      0.558      0.570     -0.293      0.504     -0.187
93.1500      -29979.385   -29987.742        8.357   335.0      0.263      0.838      0.260      0.081      0.272     -0.003
93.2000      -29979.362   -29988.496        9.134   366.1     -0.176     -0.553     -0.624     -0.323     -0.074      0.122
93.2500      -29979.455   -29988.201        8.747   350.6     -0.663     -0.734     -0.481      0.187      0.269      0.247
93.3000      -29978.943   -29988.465        9.522   381.7     -0.071      0.336     -0.404     -0.506      0.243      0.005
93.3500      -29979.562   -29987.869        8.307   333.0     -0.863     -1.121     -0.550      0.386     -0.166     -0.299
93.4000      -29979.757   -29988.305        8.547   342.6      0.217     -0.419      0.282      0.098      0.576     -0.053
93.4500      -29979.805   -29987.785        7.980   319.9      0.099      0.981      0.249     -0.420     -0.893      0.541
93.5000      -29979.722   -29988.445        8.723   349.7      0.970     -0.446     -0.510     -0.166      0.176     -0.096
93.5500      -29979.502   -29987.793        8.291   332.4     -0.241      0.327      0.359     -0.214     -0.045     -0.576
93.6000      -29979.395   -29988.213        8.818   353.5      0.684     -0.213      0.278      0.112     -0.663     -0.150
93.6500      -29979.582   -29987.416        7.834   314.0      0.715      0.130     -0.650     -0.717      0.058     -0.319
93.7000      -29979.335   -29987.848        8.512   341.2      0.577     -0.315      0.711      0.594     -0.182     -0.314
93.7500      -29979.228   -29987.178        7.949   318.6     -0.170     -0.030     -1.454     -0.351      0.339      0.333
93.8000      -29979.051   -29987.779        8.728   349.9     -0.711     -0.510     -0.424      0.101     -0.309     -0.245
93.8500      -29979.605   -29988.119        8.514   341.3      0.029     -0.390     -0.326     -0.107      0.043      0.225
93.9000      -29979.901   -29987.885        7.983   320.0      0.008     -0.121      0.798      0.535      0.222      0.096
93.9500      -29980.378   -29987.717        7.338   294.2     -0.280      0.670      0.190      0.050     -0.390      0.226
94.0000      -29979.828   -29988.766        8.938   358.3     -0.176     -0.634      0.867      0.276     -0.387      0.145
94.0500      -29979.818   -29987.998        8.180   327.9      0.422     -0.191      0.557     -0.131     -0.090      0.118
94.1000      -29979.838   -29988.176        8.338   334.2     -0.223      0.378      0.258     -0.269      0.379      0.092
94.1500      -29979.660   -29987.613        7.953   318.8     -0.785     -0.374     -0.045      0.044     -0.338      0.387
94.2000      -29979.962   -29987.916        7.954   318.9      0.623      0.930      0.676     -0.199      0.035     -0.203
94.2500      -29979.884   -29987.812        7.929   317.8     -0.899     -0.972     -1.188      0.235      0.393      0.039
94.3000      -29979.857   -29987.752        7.895   316.5     -1.202     -0.545     -0.455     -0.324     -0.871     -0.134
94.3500      -29980.459   -29988.652        8.194   328.4     -0.738     -1.366      0.300      0.128     -0.075      0.302
94.4000      -29979.985   -29988.748        8.763   351.3     -0.944     -0.911     -1.018     -0.151     -0.021     -0.351
94.4500      -29979.846   -29988.311        8.464   339.3     -0.544     -0.764     -0.452      0.455      0.681     -0.560
94.5000      -29979.980   -29988.467        8.487   340.2     -0.704     -0.936      0.416     -0.186     -1.124     -0.281
94.5500      -29980.017   -29987.986        7.970   319.5     -0.096     -1.212      0.490      0.234      0.262      0.475
94.6000      -29979.613   -29987.807        8.194   328.4     -0.472     -0.331     -1.287     -0.198     -0.355     -0.131
94.6500      -29979.635   -29987.439        7.804   312.8     -0.010      0.040     -0.294     -0.035      0.162     -0.448
94.7000      -29979.569   -29987.539        7.970   319.5     -0.971     -0.682     -0.638     -0.262      0.475      0.510
94.7500      -29979.366   -29988.836        9.470   379.6     -0.243     -0.621     -0.189      0.118     -0.487      0.175
94.8000      -29979.912   -29987.910        7.998   320.6     -1.025     -0.767     -1.301     -0.519     -0.186      0.155
94.8500      -29979.551   -29988.191        8.640   346.3      0.147     -0.115     -0.506      0.662      0.681     -0.384
94.9000      -29979.783   -29987.580        7.797   312.5     -0.649     -0.841     -0.424     -0.138      0.030      0.141
94.9500      -29980.162   -29988.328        8.166   327.3     -0.290     -0.882      0.104     -0.506      0.085      0.299
95.0000      -29980.323   -29988.832        8.509   341.1      0.247     -0.525     -0.562     -0.456     -0.025     -0.308
95.0500      -29980.153   -29988.379        8.226   329.7      1.167      0.028      0.234     -0.173      0.220     -0.339
95.1000      -29980.321   -29988.367        8.046   322.5     -0.019     -0.956     -0.396     -0.108     -0.279      0.132
95.1500      -29980.329   -29988.395        8.065   323.3     -0.781     -0.941     -0.495     -0.078      0.328     -0.299
95.2000      -29979.947   -29988.748        8.801   352.8      0.649     -0.514     -0.034      0.370      0.090      0.570
95.2500      -29980.184   -29988.252        8.068   323.4      0.658     -0.572      0.120      0.401     -0.166      0.091
95.3000      -29979.875   -29988.355        8.480   339.9     -0.014      0.572      0.555      0.939     -0.264      0.181
95.3500      -29979.743   -29987.725        7.981   319.9     -0.081     -0.837     -0.232      0.112      0.450      0.237
95.4000      -29980.006   -29987.977        7.970   319.5     -0.827     -1.947      0.463      0.633      0.311     -0.152
95.4500      -29979.494   -29988.074        8.580   343.9     -0.384     -1.184     -0.097      0.220      0.154     -0.241
95.5000      -29979.381   -29987.887        8.506   341.0      0.135     -0.625      0.130      0.137     -0.088     -0.112
95.5500      -29979.653   -29987.805        8.152   326.8     -0.183      0.622     -0.139      0.134     -0.155     -0.039
95.6000      -29979.762   -29988.146        8.384   336.1     -0.188      0.500      0.530      0.129      0.301     -0.033
95.6500      -29979.476   -29987.893        8.416   337.4     -0.303     -0.710     -0.156     -0.069      0.085     -0.171
95.7000      -29979.706   -29988.674        8.968   359.5      0.100      0.515     -0.472     -0.436      0.102     -0.267
95.7500      -29979.339   -29988.010        8.671   347.6     -0.861     -1.092     -0.255      0.126     -0.270     -0.545
95.8000      -29979.413   -29987.494        8.081   323.9      0.168      0.104      0.388      0.216     -0.344      0.100
95.8500      -29979.782   -29988.035        8.253   330.8      0.508     -0.381     -0.824     -0.322     -0.073      0.019
95.9000      -29979.582   -29988.076        8.494   340.5     -0.416      0.042     -0.560     -0.161     -0.117      0.026
95.9500      -29979.484   -29988.285        8.802   352.8     -0.086     -0.415      0.145      0.055     -0.446     -0.996
96.0000      -29979.994   -29988.650        8.656   347.0      0.403     -0.771      0.109     -0.329     -0.364     -0.026
96.0500      -29979.297   -29988.402        9.105   365.0     -0.303     -0.891     -0.388      0.220     -0.329     -0.259
96.1000      -29979.147   -29988.162        9.015   361.4      0.081      0.333      0.805     -0.098     -0.346     -0.434
96.1500      -29979.263   -29988.205        8.942   358.4     -0.913     -0.380     -1.085      0.086     -0.032     -0.332
96.2000      -29979.791   -29988.131        8.340   334.3     -0.852     -0.404     -0.510      0.734     -0.101      0.029
96.2500      -29980.132   -29988.320        8.188   328.2      0.038      0.054     -0.111     -0.160     -0.112      0.058
96.3000      -29980.123   -29988.377        8.254   330.9      0.683      0.160      0.554      0.030     -0.155     -0.225
96.3500      -29980.168   -29988.154        7.986   320.1     -0.743     -0.369     -1.080      0.385      0.107     -0.241
96.4000      -29979.803   -29988.785        8.983   360.1     -1.566     -0.360     -1.152     -0.015     -0.083     -0.278
96.4500      -29979.610   -29988.625        9.015   361.4      0.244      0.276      0.496     -0.109      0.013     -0.307
96.5000      -29979.708   -29988.336        8.628   345.9      0.031      1.357      0.288      0.194     -0.020      0.008
96.5500      -29979.496   -29987.871        8.375   335.7      0.246     -0.587      0.220      0.772     -0.348      0.090
96.6000      -29979.776   -29988.086        8.310   333.1     -0.581     -0.291     -1.992     -0.318      0.384     -0.479
96.6500      -29979.986   -29988.545        8.559   343.1      0.209     -0.541      0.015      0.237     -0.322      0.379
96.7000      -29979.885   -29988.049        8.164   327.3     -0.051      0.463     -0.602     -0.251      0.468      0.148
96.7500      -29979.935   -29988.439        8.504   340.9     -0.525     -0.355     -0.244      0.184     -0.197     -0.182
96.8000      -29979.556   -29987.500        7.944   318.4     -0.142     -0.591      0.889     -0.330     -0.234      0.067
96.8500      -29979.945   -29988.121        8.176   327.7      0.521     -0.194     -0.035      0.330     -0.092     -0.649
96.9000      -29980.091   -29988.801        8.709   349.1     -1.111     -0.361     -0.394      0.320      0.198     -0.122
96.9500      -29979.823   -29988.359        8.537   342.2     -0.167     -1.181     -1.511     -0.160     -0.044      0.342
97.0000      -29979.446   -29988.131        8.685   348.1     -0.543     -0.102      0.585      0.334     -0.329     -0.188
97.0500      -29979.498   -29988.307        8.808   353.1     -1.811      0.182     -0.874     -0.345      0.041     -0.016
97.1000      -29979.797   -29988.887        9.090   364.4      0.542      0.303      0.290     -0.291     -0.480     -0.050
97.1500      -29980.103   -29988.986        8.884   356.1     -0.439     -0.640     -0.518     -0.070      0.470      0.421
97.2000      -29980.208   -29988.326        8.118   325.4     -0.142     -0.389     -0.855     -0.315     -0.186     -0.250
97.2500      -29980.355   -29988.771        8.416   337.4     -0.315      0.030      0.109     -0.038     -0.148     -0.099
97.3000      -29980.230   -29988.086        7.856   314.9      0.287      0.217     -0.797      0.044     -0.370     -0.387
97.3500      -29979.666   -29988.596        8.930   358.0     -0.419     -0.337      0.692      0.356     -0.160      0.223
97.4000      -29979.355   -29988.135        8.780   351.9     -0.569     -0.676     -0.888     -0.349     -0.337     -0.683
97.4500      -29979.274   -29988.668        9.394   376.6     -0.109      0.683     -0.915     -0.161      0.217      0.251
97.5000      -29979.401   -29988.592        9.191   368.4     -0.027      0.084      0.136      0.463     -0.439     -0.266
97.5500      -29979.309   -29988.238        8.930   357.9     -0.099     -0.899     -0.266     -0.506      0.511     -0.260
97.6000      -29979.240   -29987.781        8.541   342.4      0.233     -0.711     -0.635      0.144     -0.629      0.602
97.6500      -29979.573   -29988.328        8.756   351.0     -0.240      0.319      0.154     -0.346     -0.091     -0.117
97.7000      -29979.432   -29987.785        8.353   334.8      0.753     -0.611     -0.516      0.256      0.687     -0.194
97.7500      -29979.381   -29987.641        8.259   331.1     -0.624     -1.228      0.353      0.525     -0.058      0.204
97.8000      -29979.337   -29988.193        8.856   355.0     -0.423     -0.397     -0.296      0.121      0.573     -0.096
97.8500      -29979.571   -29988.248        8.677   347.8     -0.113     -0.072      0.296     -0.068     -0.328      0.191
97.9000      -29979.697   -29987.934        8.236   330.1     -0.471     -0.423     -0.088     -0.240     -0.264      0.216
97.9500      -29980.017   -29988.424        8.407   337.0      0.271      0.874      0.042     -0.047     -0.399      0.397
98.0000      -29979.795   -29988.648        8.854   354.9      0.961      0.556      0.673      0.110      0.198     -0.695
98.0500      -29980.460   -29988.115        7.655   306.8     -0.831     -0.401      0.042     -0.008     -0.211      0.183
98.1000      -29979.943   -29988.145        8.201   328.7     -0.493     -0.136     -0.165     -0.364      0.035      0.104
98.1500      -29980.450   -29988.705        8.255   330.9     -1.254      0.268     -0.400     -0.157     -0.344     -0.188
98.2000      -29980.708   -29988.301        7.592   304.3      0.125      0.372      0.092      0.007     -0.507      0.397
98.2500      -29980.507   -29987.840        7.333   293.9      0.113     -0.078     -0.744      0.176     -0.077     -0.391
98.3000      -29980.220   -29988.275        8.055   322.9     -0.552     -0.059      0.076     -0.303      0.216      0.309
98.3500      -29980.283   -29988.873        8.590   344.3     -0.292     -0.043     -0.021      0.418     -0.498      0.267
98.4000      -29980.264   -29988.410        8.146   326.5     -0.934      0.130     -0.093      0.161      0.156      0.240
98.4500      -29980.646   -29989.145        8.499   340.7     -0.357     -1.129      0.297     -0.187      0.080      0.266
98.5000      -29980.637   -29988.480        7.843   314.4     -0.402     -0.289     -0.823     -0.176      0.650      0.230
98.5500      -29980.374   -29988.824        8.450   338.7     -0.058     -0.439      0.142      0.086     -0.310      0.018
98.6000      -29980.388   -29988.607        8.219   329.5     -0.083     -0.326     -0.886     -0.168      0.178      0.123
98.6500      -29980.060   -29988.549        8.489   340.3      0.653     -0.646     -0.438     -0.666     -0.099      0.508
98.7000      -29980.516   -29988.219        7.703   308.8     -0.164      0.137      0.175     -0.306     -0.342     -0.130
98.7500      -29980.362   -29988.320        7.959   319.0     -0.970     -0.186     -0.372      0.386     -0.408      0.299
98.8000      -29979.818   -29987.855        8.038   322.2     -0.717     -0.685     -0.191     -0.292      0.188      0.005
98.8500      -29979.321   -29987.918        8.597   344.6      0.151      1.025     -0.111     -0.185      0.047     -0.034
98.9000      -29979.185   -29987.668        8.483   340.0      0.172      0.163     -0.028     -0.052      0.046     -0.782
98.9500      -29978.923   -29986.793        7.870   315.5     -0.898      0.224      0.305      0.219     -0.134      0.002
99.0000      -29978.655   -29987.277        8.622   345.6     -0.550     -0.812     -0.965     -0.051      0.226      0.149
99.0500      -29978.757   -29987.393        8.635   346.1     -0.035     -0.153     -0.614     -0.361     -0.412     -0.117
99.1000      -29978.935   -29987.566        8.632   346.0      0.050      0.307      0.201      0.220      0.280     -0.040
99.1500      -29979.586   -29988.357        8.772   351.6     -0.191     -0.110      0.545     -0.158     -0.480     -0.439
99.2000      -29979.509   -29987.672        8.163   327.2     -0.425     -0.810     -0.216      0.259      0.698      0.297
99.2500      -29979.718   -29988.557        8.838   354.3      0.355      0.702      0.150      0.083      0.150      0.077
99.3000      -29979.304   -29987.934        8.629   345.9      0.325     -0.593     -0.636     -0.099     -0.152     -0.036
99.3500      -29979.204   -29987.547        8.343   334.4     -0.939     -0.301     -0.987     -0.154     -0.270      0.848
99.4000      -29978.878   -29988.102        9.223   369.7     -0.343     -0.049     -0.921     -0.369      0.054     -0.238
99.4500      -29978.851   -29987.510        8.659   347.1     -0.791     -1.224     -0.368      0.078      0.162      0.293
99.5000      -29978.516   -29987.262        8.746   350.6      0.333     -0.075     -0.525     -0.674     -0.194      0.271
99.5500      -29978.496   -29987.404        8.908   357.1      0.299     -0.379      0.740     -0.330     -0.057     -0.151
99.6000      -29978.815   -29987.510        8.694   348.5     -1.185      0.134     -0.787      0.163      0.111      0.055
99.6500      -29978.847   -29987.436        8.588   344.3     -1.076     -0.952     -0.301     -0.018      0.057      0.194
99.7000      -29978.630   -29987.898        9.268   371.5     -0.363     -0.093     -0.106      0.026     -0.493     -0.048
99.7500      -29979.147   -29988.324        9.177   367.9      0.156      0.011     -0.094     -0.276     -0.107     -0.017
99.8000      -29978.923   -29988.281        9.358   375.1     -0.718      0.333      0.522     -0.142      0.225      0.455
99.8500      -29979.131   -29988.184        9.053   362.9     -0.746     -0.443     -1.512      0.008     -0.243      0.048
99.9000      -29979.497   -29988.512        9.015   361.4     -0.725     -0.370     -0.084      0.116     -0.633      0.289
99.9500      -29979.321   -29987.258        7.937   318.1     -0.095     -1.001     -1.670      0.223      0.257     -0.383
100.0000     -29979.710   -29987.971        8.261   331.1     -0.023      1.047      0.072     -0.115     -0.220      0.176
100.0500     -29979.290   -29987.607        8.318   333.4      0.087      0.105      0.317     -0.537      0.072      0.292
100.1000     -29978.920   -29987.279        8.359   335.1     -0.399     -0.171     -1.220      0.285      0.301      0.415
100.1500     -29979.426   -29987.713        8.286   332.2      0.702      0.218     -0.446      0.342      0.249      0.322
100.2000     -29979.414   -29987.688        8.274   331.6     -0.258      0.797     -0.144      0.447     -0.444      0.184
100.2500     -29979.575   -29988.338        8.763   351.3     -0.528     -0.230     -0.732     -0.268     -0.071     -0.282
100.3000     -29979.794   -29988.381        8.587   344.2     -0.477      0.508     -0.375     -0.086      0.001      0.213
100.3500     -29979.812   -29988.803        8.990   360.4      0.450      0.309     -0.739      0.013     -0.424     -0.025
100.4000     -29979.668   -29988.338        8.669   347.5     -0.719     -0.562     -0.303     -0.495      0.312     -0.159
100.4500     -29979.781   -29987.848        8.067   323.3     -0.267      0.201     -0.952     -0.087     -0.109      0.551
100.5000     -29980.084   -29988.057        7.973   319.6     -0.703     -0.489     -0.887     -0.155      0.262     -0.209
100.5500     -29979.192   -29987.727        8.535   342.1      0.865     -0.381      0.205     -0.008     -0.124     -0.160
100.6000     -29979.526   -29988.234        8.708   349.1     -0.683     -0.689     -1.181      0.385     -0.245     -0.432
100.6500     -29980.113   -29988.361        8.248   330.6     -0.323     -0.378     -0.648      0.227      0.325      0.079
100.7000     -29980.370   -29988.568        8.199   328.6     -0.679      0.274     -0.321      0.273     -0.389     -0.218
100.7500     -29980.033   -29988.607        8.574   343.7     -0.658      0.001     -0.087     -0.414      0.516      0.206
100.8000     -29980.163   -29989.029        8.867   355.4     -1.005     -1.134     -0.764      0.303     -0.241      0.102
100.8500     -29980.270   -29988.736        8.467   339.4     -0.816      0.345     -0.152     -0.317      0.088     -0.250
100.9000     -29980.162   -29988.191        8.029   321.8     -0.292     -0.072     -0.132      0.172     -0.256     -0.072
100.9500     -29980.168   -29987.725        7.556   302.9     -0.079     -0.976     -0.504     -0.476      0.844     -0.486
101.0000     -29980.616   -29987.754        7.138   286.1     -1.288     -0.486      0.026     -0.018     -0.237      0.099
101.0500     -29980.497   -29988.588        8.091   324.3      0.444     -0.224      0.355     -0.124     -0.099      0.000
101.1000     -29979.908   -29988.270        8.361   335.2     -0.253     -0.947     -1.080     -0.101      0.021     -0.351
101.1500     -29979.909   -29988.270        8.361   335.1      0.210     -0.433     -0.447      0.289      0.076     -0.122
101.2000     -29979.859   -29987.855        7.997   320.6     -0.490      0.319      0.792      0.270     -0.087     -0.028
101.2500     -29979.975   -29988.160        8.185   328.1     -0.194     -0.033      0.112     -0.039     -0.116     -0.059
101.3000     -29980.159   -29988.426        8.267   331.4     -0.043      0.311     -0.173      0.150      0.123      0.223
101.3500     -29979.883   -29988.426        8.543   342.4      0.682     -0.072      0.834      0.299      0.363     -0.030
101.4000     -29979.960   -29988.670        8.710   349.1      0.370      0.943      0.076     -0.215     -0.087      0.735
101.4500     -29980.267   -29988.492        8.225   329.7      0.166     -0.038     -0.204      0.032      0.423      0.038
101.5000     -29980.487   -29987.867        7.381   295.9     -0.948      0.515     -0.287      0.231     -0.293     -0.213
101.5500     -29980.315   -29988.219        7.904   316.8     -0.839     -1.014     -0.029     -0.762     -0.022      0.166
101.6000     -29980.239   -29988.748        8.509   341.1      0.413      0.115      0.411      0.226     -0.519     -0.087
101.6500     -29980.738   -29988.441        7.704   308.8      0.676      1.056      0.042      0.207      0.053      0.301
101.7000     -29980.796   -29987.816        7.020   281.4     -0.191     -0.291     -0.182     -0.584      0.026      0.255
101.7500     -29980.975   -29988.711        7.736   310.1     -0.662     -0.290     -0.141      0.481     -0.264      0.166
101.8000     -29981.018   -29988.688        7.669   307.4     -0.006     -0.129     -0.827      0.060      0.198     -0.232
101.8500     -29980.758   -29989.027        8.270   331.5     -0.138     -0.546     -0.064      0.427      0.232      0.134
101.9000     -29981.095   -29988.682        7.586   304.1     -0.709      0.275     -0.276     -0.168      0.010     -0.166
101.9500     -29981.151   -29989.264        8.113   325.2      0.258     -0.179      0.607     -0.258      0.027      0.280
102.0000     -29981.204   -29989.332        8.128   325.8     -0.029     -0.409     -0.786     -0.325      0.129      0.164
102.0500     -29980.994   -29989.420        8.426   337.8     -0.356     -0.271     -0.133     -0.798      0.224      0.338
102.1000     -29980.576   -29989.764        9.188   368.3     -0.543     -0.371      0.217      0.305      0.517     -0.064
102.1500     -29980.464   -29988.664        8.200   328.7     -0.516     -0.384     -0.064      0.228     -0.975     -0.018
102.2000     -29980.613   -29989.082        8.469   339.5      0.412     -0.469     -0.359      0.136      0.100      0.073
102.2500     -29980.341   -29988.406        8.066   323.3     -1.525     -0.979     -1.028     -0.397     -0.109      0.112
102.3000     -29980.214   -29988.654        8.441   338.3     -1.542      0.007     -0.488      0.361     -0.529     -0.095
102.3500     -29981.028   -29988.672        7.644   306.4      0.264     -0.282      0.005      0.119      0.412      0.064
102.4000     -29980.839   -29989.875        9.036   362.2      0.005      0.014      0.333     -0.112      0.198      0.111
102.4500     -29980.355   -29988.213        7.857   315.0     -0.391     -0.211     -0.645      0.319     -0.138     -0.386
102.5000     -29980.385   -29988.535        8.151   326.7      0.023      0.095     -0.358     -0.012      0.132      0.420
102.5500     -29980.036   -29988.422        8.386   336.1      0.204     -0.279     -0.460     -0.061      0.128      0.226
102.6000     -29979.854   -29987.635        7.781   311.9      0.213      0.246     -0.359      0.749     -0.374      0.096
102.6500     -29979.886   -29987.906        8.021   321.5      0.689      0.050     -0.095     -0.179      0.040     -0.293
102.7000     -29980.107   -29989.033        8.926   357.8     -0.063      0.308     -0.282      0.130     -0.362      0.228
102.7500     -29980.607   -29987.949        7.342   294.3     -0.602     -0.419     -0.632      0.106      0.273     -0.108
102.8000     -29980.363   -29988.279        7.916   317.3      0.461      1.022     -0.332     -0.242     -0.442      0.131
102.8500     -29979.976   -29988.596        8.620   345.5     -1.156     -0.706     -0.529     -0.155     -0.339      0.006
102.9000     -29979.753   -29988.617        8.864   355.3     -0.455     -0.390     -0.325      0.169      0.245      0.219
102.9500     -29979.716   -29988.537        8.821   353.6      0.413      0.592      0.200      0.142      0.198     -0.357
103.0000     -29979.703   -29988.082        8.379   335.9      0.921      0.323     -0.379     -0.266     -0.204      0.322
103.0500     -29979.548   -29988.281        8.733   350.1      0.079     -0.234      0.215     -0.132      0.945     -0.016
103.1000     -29979.914   -29988.756        8.842   354.4     -0.085     -0.599      0.767      0.240     -0.054      0.340
103.1500     -29980.252   -29988.980        8.728   349.9     -0.351      0.247     -0.785     -0.254     -0.354     -0.859
103.2000     -29980.585   -29988.426        7.841   314.3      0.938     -0.469     -0.060      0.189      0.243     -0.031
103.2500     -29980.381   -29988.289        7.908   317.0      0.154     -0.101     -0.105     -0.234     -0.007      0.842
103.3000     -29980.185   -29988.609        8.425   337.7     -0.775      0.246      0.509     -0.016      0.511     -0.322
103.3500     -29980.415   -29989.373        8.958   359.1      0.553     -0.081     -0.719     -0.100     -0.316      0.082
103.4000     -29980.689   -29988.543        7.854   314.8      1.163      0.046     -0.435      0.034     -0.060     -0.583
103.4500     -29981.097   -29989.049        7.952   318.7     -1.379     -0.463      0.061     -0.452     -0.061      0.260
103.5000     -29980.791   -29988.715        7.924   317.6     -0.738     -0.167     -0.585      0.361     -0.855      0.085
103.5500     -29981.256   -29989.418        8.162   327.2     -1.197      0.328     -0.481     -0.206      0.339     -0.711
103.6000     -29981.018   -29988.898        7.880   315.9      0.597     -0.815     -1.445      0.539      0.934      0.251
103.6500     -29981.270   -29989.367        8.097   324.6      0.337     -1.061     -0.417     -0.103      0.301      0.052
103.7000     -29981.860   -29989.111        7.251   290.6     -0.188     -0.306     -0.204     -0.082     -0.070      0.546
103.7500     -29981.446   -29988.881        7.434   298.0      0.026     -0.296      0.022      0.195      0.520     -0.206
103.8000     -29981.798   -29989.383        7.585   304.0     -0.606      0.452     -0.833      0.152      0.222      0.351
103.8500     -29981.401   -29989.576        8.175   327.7     -0.447     -0.074     -0.146      0.084     -0.255      0.116
103.9000     -29981.022   -29988.662        7.640   306.3      0.599     -0.220     -0.691     -0.220      0.302      0.026
103.9500     -29980.746   -29988.590        7.844   314.4     -0.378      0.935      0.285      0.239     -0.021      0.280
104.0000     -29980.303   -29988.666        8.363   335.2     -0.437     -1.064     -0.019     -0.360     -0.439      0.095
104.0500     -29980.763   -29989.736        8.973   359.7     -0.397     -0.070     -0.285      0.177      0.299     -0.087
104.1000     -29980.696   -29989.275        8.579   343.9     -1.112     -0.118     -0.446     -0.502     -0.246      0.678
104.1500     -29980.313   -29988.865        8.552   342.8     -0.352     -0.721     -0.339     -0.202      0.137      0.027
104.2000     -29980.432   -29989.080        8.648   346.7      0.262      0.397     -1.508      0.701      0.171     -0.489
104.2500     -29980.311   -29988.859        8.549   342.7     -0.708     -1.001      0.226      0.159      0.398     -0.262
104.3000     -29980.186   -29988.590        8.403   336.8     -0.126     -0.421     -0.226     -0.129      0.330      0.500
104.3500     -29980.728   -29988.506        7.778   311.8     -0.202      0.740      0.219      0.152      0.393     -0.637
104.4000     -29980.589   -29988.734        8.145   326.5     -1.111     -1.115     -0.518      0.248      0.356      0.391
104.4500     -29979.953   -29988.107        8.154   326.9     -1.169     -0.346     -0.028      0.500      0.444      0.351
104.5000     -29980.544   -29988.555        8.011   321.1      0.250     -0.294     -0.491     -0.270      0.184     -0.369
104.5500     -29980.907   -29989.082        8.175   327.7      0.152     -0.838      0.257      0.229     -0.308      0.302
104.6000     -29981.061   -29989.668        8.607   345.0      0.876      0.781      0.078     -0.190      0.008      0.079
104.6500     -29981.181   -29989.582        8.401   336.7     -0.481      0.277     -0.027     -0.099      0.082      0.393
104.7000     -29981.431   -29988.832        7.401   296.7     -0.084     -0.114      0.030      0.510      0.257      0.127
104.7500     -29981.295   -29989.631        8.336   334.1      0.322     -0.186     -0.494      0.294     -0.652      0.208
104.8000     -29981.541   -29989.291        7.750   310.6     -0.061      0.376      0.208     -0.029     -0.152      0.070
104.8500     -29981.303   -29989.221        7.918   317.4      0.423      0.689     -0.026      0.649     -0.132     -0.181
104.9000     -29982.335   -29989.869        7.534   302.0     -0.266     -0.560     -0.644      0.012     -0.266      0.185
104.9500     -29981.860   -29990.061        8.200   328.7     -0.283      0.486      0.398      0.209     -0.178      0.037
105.0000     -29981.886   -29989.221        7.335   294.0     -0.614      0.886     -0.408     -0.282     -0.085     -0.139
105.0500     -29981.646   -29988.721        7.075   283.6     -0.525      0.107     -0.204      0.252     -0.310      0.006
105.1000     -29981.287   -29988.914        7.627   305.7     -0.031      0.646      0.182      0.265     -0.209      0.174
105.1500     -29981.470   -29989.146        7.676   307.7      0.447     -0.692      0.783      0.217      0.097     -0.181
105.2000     -29981.481   -29989.121        7.640   306.2      0.169      0.149      0.489      0.091      0.138      0.313
105.2500     -29981.612   -29989.557        7.945   318.5      0.451     -0.639      0.159      0.409      0.164     -0.275
105.3000     -29981.551   -29990.096        8.545   342.5     -0.030     -0.215     -0.657      0.086     -0.571     -0.021
105.3500     -29982.052   -29990.035        7.983   320.0      0.454      0.211     -0.038     -0.319     -0.207     -0.397
105.4000     -29982.216   -29989.455        7.239   290.2      0.173      0.305      0.116      0.047      0.038     -0.054
105.4500     -29982.243   -29989.773        7.531   301.9      0.083      0.743     -0.014      0.235     -0.275      0.004
105.5000     -29982.462   -29990.100        7.638   306.2      0.190     -0.110     -0.494      0.482     -0.353     -0.513
105.5500     -29982.688   -29989.629        6.941   278.2     -0.291      0.671     -0.159      0.056     -0.125      0.176
105.6000     -29982.393   -29990.389        7.995   320.5     -0.364     -0.359     -0.070      0.017     -0.302      0.152
105.6500     -29982.711   -29990.180        7.469   299.4     -0.113     -0.007     -0.354     -0.431      0.127      0.161
105.7000     -29982.969   -29990.047        7.078   283.7     -0.018     -0.797     -0.364     -0.315     -0.681     -0.157
105.7500     -29982.899   -29990.012        7.113   285.1     -0.125     -0.119     -1.134      0.667      0.272      0.092
105.8000     -29982.986   -29990.527        7.542   302.3     -0.062     -0.406     -0.758     -0.049      0.396     -0.230
105.8500     -29982.930   -29990.541        7.611   305.1     -0.640     -0.409     -0.159     -0.423      0.403      0.108
105.9000     -29982.462   -29990.234        7.772   311.5     -0.165     -1.441     -0.829      0.328     -0.124     -0.064
105.9500     -29981.719   -29990.330        8.611   345.2     -0.092     -0.304     -0.325     -0.292      0.091      0.348
106.0000     -29981.630   -29989.818        8.188   328.2      0.165     -0.504     -0.326      0.356     -0.362     -0.542
106.0500     -29980.704   -29988.775        8.072   323.6     -0.991     -0.927     -0.071     -0.054      0.289     -0.673
106.1000     -29980.347   -29988.740        8.394   336.5      0.024     -0.098      0.352      0.003      0.222     -0.276
106.1500     -29980.641   -29989.471        8.830   353.9      0.406      0.163      0.215      0.089     -0.294     -0.172
106.2000     -29980.431   -29989.277        8.847   354.6     -0.371     -0.601     -0.192      0.151      0.262      0.034
106.2500     -29980.610   -29988.873        8.263   331.2     -0.063      0.340      0.247     -0.086      0.016     -0.245
106.3000     -29980.622   -29989.570        8.948   358.7     -0.430     -0.379     -0.109      0.106     -0.165      0.506
106.3500     -29979.930   -29988.316        8.386   336.2      0.262      0.037     -0.108      0.268      0.575     -0.240
106.4000     -29980.206   -29988.791        8.585   344.1     -0.986     -0.976     -0.598      0.369      0.057      0.232
106.4500     -29980.716   -29989.189        8.473   339.6     -0.281      0.181     -0.146      0.259     -0.202     -0.168
106.5000     -29981.146   -29989.490        8.345   334.5      0.363      0.209     -0.023     -0.525     -0.219     -0.341
106.5500     -29980.840   -29988.684        7.843   314.4     -0.083     -1.953     -0.033      0.446      0.071     -0.551
106.6000     -29980.699   -29989.105        8.407   337.0     -0.301      0.049      0.109      0.281      0.420      0.360
106.6500     -29980.686   -29989.209        8.523   341.6     -0.708     -0.860     -0.697      0.252     -0.104     -0.259
106.7000     -29980.637   -29989.125        8.488   340.2     -0.598      0.188      0.517     -0.211      0.324     -0.052
106.7500     -29980.996   -29989.312        8.316   333.4      0.132      0.478      0.552     -0.154     -0.368      0.843
106.8000     -29980.611   -29988.836        8.225   329.7      0.238     -0.157      1.133      0.123     -0.042     -0.599
106.8500     -29981.143   -29988.568        7.425   297.6      1.349      0.595      0.417      0.070     -0.223      0.373
106.9000     -29981.220   -29988.805        7.585   304.0      0.707      0.731      1.034     -0.171     -0.205     -0.151
106.9500     -29981.048   -29988.855        7.807   312.9     -0.689      1.009     -0.179     -0.036     -0.034     -0.079
107.0000     -29980.228   -29988.680        8.451   338.8     -0.417      0.380     -0.983      0.281     -0.406     -0.079
107.0500     -29980.390   -29988.305        7.914   317.2     -0.204      0.392     -0.432     -0.229     -0.118     -0.300
107.1000     -29980.178   -29987.596        7.418   297.3     -0.265     -0.223     -0.943      0.238     -0.110      0.326
107.1500     -29979.984   -29988.152        8.168   327.4     -0.274     -0.942      0.393      0.256      0.412     -0.017
107.2000     -29980.354   -29987.863        7.510   301.0      1.194      0.297     -0.110     -0.525      0.149     -0.065
107.2500     -29980.295   -29988.461        8.166   327.3      0.739      0.047      0.339      0.192      0.451     -0.583
107.3000     -29980.556   -29988.545        7.988   320.2     -0.462      0.346      0.629      0.159      0.155      0.623
107.3500     -29980.232   -29988.213        7.981   319.9     -1.292      0.416      0.115     -0.103     -0.040     -0.393
107.4000     -29980.309   -29988.973        8.664   347.3     -0.802     -0.092     -1.074      0.176     -0.317      0.653
107.4500     -29980.921   -29988.900        7.979   319.8     -1.039      0.347      0.217     -0.248      0.198     -0.236
107.5000     -29980.933   -29989.377        8.444   338.5     -0.658     -1.051     -0.009      0.106     -0.620      0.189
107.5500     -29980.970   -29989.598        8.628   345.8     -0.697     -0.409     -0.321     -0.236     -0.130      0.383
107.6000     -29981.007   -29988.945        7.938   318.2      0.037     -0.618     -0.792     -0.474      0.127     -0.389
107.6500     -29981.193   -29989.316        8.123   325.6     -0.619      0.316      0.029      0.236     -0.266      0.696
107.7000     -29980.972   -29988.699        7.728   309.8      0.186      0.130     -0.467      0.197     -0.526     -0.499
107.7500     -29980.571   -29988.551        7.979   319.8      0.017     -0.256      0.350     -0.390      0.288      0.272
107.8000     -29980.672   -29988.961        8.288   332.2      0.652     -0.031     -0.135      0.092     -0.174     -0.213
107.8500     -29980.110   -29988.984        8.874   355.7     -0.721      0.030     -0.294      0.397      0.022     -0.107
107.9000     -29979.897   -29989.545        9.648   386.7     -0.853     -1.204     -0.980      0.434      0.182      0.237
107.9500     -29979.731   -29989.021        9.290   372.4     -1.019     -0.168     -0.399     -0.553      0.154     -0.478
108.0000     -29979.976   -29989.121        9.145   366.6     -1.063     -0.458     -0.652      0.421      0.368      0.036
108.0500     -29979.784   -29989.463        9.678   388.0     -0.430     -1.114     -0.022     -0.325      0.387     -0.462
108.1000     -29980.234   -29988.861        8.628   345.8      0.074     -0.114     -0.575     -0.277     -0.629      0.034
108.1500     -29980.584   -29989.111        8.527   341.8     -0.605     -0.553     -0.252      0.207      0.727      0.205
108.2000     -29980.614   -29989.375        8.761   351.2      0.773      0.078     -0.347      0.089     -0.117     -0.168
108.2500     -29980.649   -29988.986        8.337   334.2     -0.446     -1.214     -0.990      0.184      0.641      0.068
108.3000     -29980.812   -29988.486        7.674   307.6      0.801      0.223      0.190     -0.166     -0.206      0.194
108.3500     -29980.360   -29988.482        8.123   325.6      0.773      0.315      0.997     -0.362     -0.004     -0.187
108.4000     -29980.824   -29988.854        8.030   321.9     -0.072      0.309     -0.795      0.252     -0.101      0.002
108.4500     -29980.740   -29988.537        7.797   312.5      0.240     -0.585     -0.155      0.173      0.022      0.050
108.5000     -29980.811   -29989.027        8.216   329.3     -0.734      0.143      0.567      0.361      0.187      0.446
108.5500     -29980.963   -29989.418        8.455   338.9      1.580      0.524      0.151     -0.421     -0.787      0.123
108.6000     -29981.084   -29988.959        7.875   315.7      0.101     -0.270      0.941     -0.321      0.862      0.059
108.6500     -29980.020   -29988.297        8.277   331.8     -0.522     -1.071     -0.562     -0.255     -0.046     -0.260
108.7000     -29980.318   -29988.359        8.041   322.3     -1.031     -0.483     -0.613     -0.211     -0.228      0.661
108.7500     -29980.543   -29988.359        7.817   313.3     -0.639     -0.102     -0.042     -0.467      0.831     -0.215
108.8000     -29980.305   -29988.557        8.252   330.8      0.038     -0.040      0.356      0.148     -0.048     -0.090
108.8500     -29980.406   -29988.824        8.419   337.5     -0.625      0.632     -0.293     -0.124      0.099      0.027
108.9000     -29980.534   -29988.621        8.087   324.2      0.666     -0.169      0.526      0.177     -0.025      0.545
108.9500     -29980.408   -29988.727        8.318   333.4     -0.298     -0.363      0.520      0.026      0.376     -0.380
109.0000     -29980.572   -29988.586        8.014   321.2     -0.269     -0.528     -0.370     -0.333      0.147     -0.147
109.0500     -29980.701   -29988.562        7.862   315.1      0.060     -0.465     -0.544      0.069      0.114      0.158
109.1000     -29980.571   -29989.098        8.527   341.8     -0.718     -0.174     -0.900      0.021      0.162      0.350
109.1500     -29980.563   -29988.916        8.353   334.8     -0.887     -0.105     -0.471     -0.068      0.590     -0.169
109.2000     -29980.008   -29988.484        8.476   339.8     -0.785     -0.457      0.074     -0.121      0.083      0.073
109.2500     -29979.994   -29988.629        8.635   346.1     -0.052      0.228     -0.731     -0.142      0.293     -0.684
109.3000     -29979.882   -29988.564        8.683   348.0     -0.774     -0.927     -1.025     -0.173     -0.223      0.089
109.3500     -29980.211   -29988.709        8.498   340.6      0.109      0.180     -0.241     -0.272      0.695     -0.266
109.4000     -29979.902   -29987.926        8.024   321.6     -0.842      0.246     -0.065     -0.183      0.087     -0.014
109.4500     -29979.601   -29987.416        7.815   313.3     -0.645     -0.211     -0.210      0.144     -0.280     -0.432
109.5000     -29979.788   -29987.721        7.932   318.0     -0.277     -0.374     -0.435      0.125      0.114     -0.017
109.5500     -29979.598   -29987.471        7.873   315.6     -0.038      0.511     -1.269     -0.132     -0.497     -0.027
109.6000     -29979.274   -29988.102        8.827   353.8      0.416     -0.342      0.626      0.171     -0.424      0.010
109.6500     -29979.038   -29987.117        8.079   323.8      0.061     -0.308     -0.289      0.319      0.085      0.277
109.7000     -29979.231   -29987.764        8.533   342.0     -0.122     -0.705     -0.075     -0.762     -0.241     -0.080
109.7500     -29978.978   -29988.150        9.172   367.7     -0.051     -0.250     -0.233     -0.296      0.414      0.283
109.8000     -29979.312   -29987.830        8.519   341.5      0.347      0.464     -0.522      0.397     -0.552     -0.210
109.8500     -29979.537   -29987.605        8.068   323.4     -0.409     -0.546      0.277      0.707      0.649      0.020
109.9000     -29979.816   -29988.078        8.262   331.2     -0.782     -0.183     -0.008      0.265     -0.372      0.146
109.9500     -29980.044   -29987.916        7.872   315.5      0.378      0.288      0.112     -0.450     -0.021      0.337
110.0000     -29979.695   -29988.301        8.606   345.0      0.204     -0.189     -0.039     -0.132      0.025      0.067
110.0500     -29979.693   -29987.949        8.256   330.9     -0.252     -0.888     -0.276     -0.303     -0.438     -0.339
110.1000     -29979.445   -29987.799        8.354   334.8     -0.347     -0.275     -0.127      0.563      0.287      0.354
110.1500     -29979.609   -29987.814        8.206   328.9      0.168     -0.941     -1.036     -0.136      0.403     -0.207
110.2000     -29979.584   -29988.326        8.743   350.4     -0.572     -0.054     -0.596     -0.330      0.207      0.166
110.2500     -29979.291   -29987.357        8.066   323.3     -1.181     -0.788     -1.089      0.279     -0.201     -0.141
110.3000     -29979.553   -29988.398        8.845   354.5     -0.307     -0.204      0.381     -0.553      0.812      0.082
110.3500     -29979.300   -29987.994        8.694   348.5      0.262     -0.011     -0.407     -0.209     -0.153     -0.590
110.4000     -29979.405   -29988.275        8.871   355.6      0.492     -0.278      0.029      0.055     -0.255     -0.262
110.4500     -29979.976   -29988.025        8.049   322.7      0.319     -0.167     -0.425      0.296      0.368      0.176
110.5000     -29979.934   -29988.639        8.705   348.9     -1.184     -0.815      0.103      0.246      0.016     -0.062
110.5500     -29979.932   -29988.209        8.277   331.8     -0.145     -0.182      0.380     -0.257      0.118     -0.177
110.6000     -29979.686   -29988.002        8.316   333.3      0.329     -0.029      0.792     -0.036     -0.115     -0.467
110.6500     -29979.094   -29987.861        8.767   351.4     -0.529     -0.822     -0.584      0.049     -0.260      0.152
110.7000     -29979.147   -29987.889        8.741   350.4     -1.159     -0.819      0.004     -0.300      0.407     -0.140
110.7500     -29979.537   -29987.977        8.440   338.3     -0.635     -0.610     -0.891     -0.285     -0.221      0.284
110.8000     -29979.590   -29988.049        8.459   339.1      0.161     -0.844     -0.380      0.465     -0.322      0.077
110.8500     -29979.588   -29988.283        8.695   348.5     -0.498      0.123     -0.278      0.102     -0.307     -0.067
110.9000     -29979.278   -29987.172        7.894   316.4      0.372     -0.830      0.143     -0.764      0.625     -0.086
110.9500     -29979.807   -29987.717        7.909   317.0     -0.743      0.558     -0.826      0.205     -0.507      0.164
111.0000     -29979.433   -29987.273        7.841   314.3      0.749     -0.303      0.172     -0.151      0.366     -0.335
111.0500     -29979.711   -29987.729        8.018   321.4     -0.739     -0.271     -0.017     -0.660     -0.083     -0.263
111.1000     -29979.668   -29987.918        8.250   330.7     -0.775     -0.811     -0.019      0.297     -0.308      0.293
111.1500     -29979.509   -29988.057        8.547   342.6     -0.842      0.030      0.142      0.100     -0.562     -0.359
111.2000     -29979.448   -29988.088        8.640   346.3      1.245      0.218      0.156     -0.666      0.173     -0.276
111.2500     -29979.675   -29988.346        8.670   347.5     -0.176     -0.127      0.825     -0.289     -0.160     -0.726
111.3000     -29980.261   -29988.203        7.942   318.4      0.313     -0.017     -1.344     -0.259      0.329     -0.019
111.3500     -29980.278   -29988.271        7.994   320.4      0.373      0.287     -0.383     -0.008      0.151     -0.207
111.4000     -29979.601   -29988.010        8.409   337.1     -0.522     -0.541     -0.536     -0.007      0.060      0.165
111.4500     -29979.577   -29988.533        8.956   359.0     -0.511      0.351      0.504      0.003      0.136     -0.152
111.5000     -29979.639   -29988.193        8.555   342.9     -1.192     -0.503     -0.592      0.025      0.195      0.613
111.5500     -29979.699   -29988.648        8.949   358.7     -0.324      0.298      0.243      0.106     -0.084     -0.141
111.6000     -29979.952   -29988.625        8.673   347.6      0.575     -1.278      0.134     -0.309     -0.725     -0.349
111.6500     -29980.655   -29988.969        8.314   333.3     -1.327     -0.995     -0.455     -0.110     -0.323     -0.449
111.7000     -29980.712   -29988.779        8.067   323.4     -1.114     -1.069      0.034     -0.098     -0.046     -0.280
111.7500     -29980.534   -29989.492        8.958   359.1      0.493     -0.558     -0.703     -0.272      0.305     -0.003
111.8000     -29981.038   -29988.498        7.461   299.1     -0.222     -0.465     -0.193     -0.144     -0.058      0.608
111.8500     -29981.478   -29989.078        7.600   304.7      1.345      0.244      0.434      0.096     -0.081      0.125
111.9000     -29980.963   -29988.941        7.978   319.8     -0.168     -0.220      0.314     -0.503      0.511      0.031
111.9500     -29981.219   -29988.371        7.152   286.7     -0.648      0.641      0.987      0.516     -0.004     -0.011
112.0000     -29981.312   -29988.859        7.547   302.5     -0.458      0.356     -1.142     -0.341      0.043      0.310
112.0500     -29981.177   -29988.990        7.813   313.2     -0.255     -0.766      0.050     -0.222     -0.285      0.620
112.1000     -29981.427   -29989.340        7.913   317.2      0.209     -0.392     -0.599      0.142     -0.251      0.166
112.1500     -29981.194   -29989.125        7.931   317.9     -0.447      0.540      0.804     -0.127      0.397      0.267
112.2000     -29981.288   -29989.039        7.751   310.7     -0.087      0.043      0.248     -0.140     -0.081     -0.259
112.2500     -29981.081   -29988.617        7.536   302.1     -0.627      0.707     -0.302      0.468     -0.023     -0.366
112.3000     -29980.816   -29988.572        7.756   310.9     -0.259     -0.232     -0.901     -0.399     -0.035      0.184
112.3500     -29980.914   -29988.395        7.480   299.9     -1.020     -0.109     -0.041      0.355     -0.504     -0.375
112.4000     -29980.616   -29988.676        8.059   323.1      0.096     -0.070      0.344      0.137      0.250      0.017
112.4500     -29980.560   -29989.193        8.633   346.1     -0.985     -0.236     -0.740     -0.636     -0.037     -0.250
112.5000     -29980.728   -29989.006        8.278   331.8      0.301     -0.486     -0.093      0.329     -0.263     -0.169
112.5500     -29981.135   -29989.395        8.260   331.1     -1.077     -0.245     -0.340      0.079      0.025      0.332
112.6000     -29981.583   -29989.705        8.123   325.6     -0.471     -0.398      0.390     -0.087      0.347     -0.316
112.6500     -29981.853   -29989.604        7.750   310.7     -1.079     -0.107     -0.331     -0.286     -0.212     -0.550
112.7000     -29981.976   -29989.602        7.626   305.7     -0.790     -0.674     -0.414      0.345     -0.531      0.025
112.7500     -29981.820   -29989.393        7.573   303.5     -0.067      0.407      0.140     -0.930     -0.044      0.140
112.8000     -29981.355   -29989.420        8.065   323.3     -0.587     -0.200     -0.057     -0.131     -0.005     -0.200
112.8500     -29981.381   -29989.754        8.373   335.6     -0.023      0.149      0.845      0.120      0.103     -0.250
112.9000     -29981.047   -29988.768        7.720   309.5      0.763     -0.149     -0.222     -0.453     -0.022     -0.043
112.9500     -29981.191   -29989.436        8.244   330.5     -0.859      0.402      0.258      0.463     -0.155     -0.015
113.0000     -29981.439   -29988.992        7.553   302.8      0.144     -1.302     -0.593     -0.158      0.257     -0.066
113.0500     -29981.831   -29989.723        7.892   316.4      0.398     -0.165      0.733      0.201     -0.009     -0.109
113.1000     -29981.414   -29989.527        8.113   325.2     -1.946     -0.418     -0.343      0.035     -0.090     -0.560
113.1500     -29981.492   -29989.445        7.953   318.8      0.009      0.107     -0.147      0.095      0.116     -0.101
113.2000     -29981.064   -29988.922        7.858   315.0      0.111     -0.719     -0.321     -0.327      0.098      0.324
113.2500     -29980.778   -29988.805        8.027   321.8     -0.045      0.382     -0.014     -0.280     -0.034     -0.460
113.3000     -29980.253   -29988.465        8.212   329.2      0.376     -0.658     -0.280      0.473      0.296      0.831
113.3500     -29980.117   -29988.580        8.463   339.2      0.481      0.130     -0.216     -0.272     -0.246      0.528
113.4000     -29980.205   -29988.348        8.142   326.4     -0.603     -0.911     -1.057     -0.355     -0.460      0.218
113.4500     -29980.358   -29988.570        8.212   329.2     -0.258      0.104      0.167     -0.046      0.448     -0.008
113.5000     -29980.445   -29988.549        8.104   324.8     -0.615     -0.984      0.225     -0.031     -0.030     -0.536
113.5500     -29980.532   -29988.168        7.636   306.1     -0.353      0.088     -0.200      0.122     -0.707     -0.544
113.6000     -29980.341   -29988.246        7.905   316.9      1.030      0.193      0.009     -0.482      0.216      0.073
113.6500     -29979.982   -29987.510        7.528   301.8     -0.124     -0.967     -0.041      0.465      0.003      0.089
113.7000     -29980.325   -29988.703        8.378   335.8      0.217     -0.232      0.163      0.159     -0.258     -0.315
113.7500     -29980.494   -29989.092        8.598   344.7     -1.346      0.014     -0.980     -0.422     -0.375     -0.431
113.8000     -29980.727   -29989.148        8.422   337.6     -0.571     -1.439     -0.647     -0.556      0.169     -0.289
113.8500     -29980.451   -29988.602        8.151   326.7     -0.524      0.399     -0.202      0.203      0.548      0.423
113.9000     -29980.987   -29988.711        7.724   309.6     -0.203      0.244     -1.049     -0.105      0.122     -0.067
113.9500     -29980.745   -29988.586        7.841   314.3     -0.678      0.164      0.202     -0.508      0.672      0.344
114.0000     -29980.404   -29988.992        8.588   344.2     -0.146      0.557     -1.994      0.240     -0.051     -0.451
114.0500     -29980.444   -29989.074        8.631   346.0     -1.147     -0.474     -0.252     -0.248     -0.318      0.266
114.1000     -29980.876   -29988.691        7.815   313.3     -0.072     -0.846     -0.633      0.160      0.582     -0.230
114.1500     -29980.692   -29989.107        8.415   337.3      0.222     -0.037      0.620      0.846     -0.015     -0.263
114.2000     -29980.979   -29988.387        7.408   296.9      0.185      0.053      0.766     -0.106     -0.219     -0.097
114.2500     -29980.727   -29988.771        8.045   322.5     -0.115     -0.371     -0.330      0.394      0.123     -0.403
114.3000     -29980.030   -29988.328        8.298   332.6     -0.543      0.266     -0.341     -0.010     -0.127      0.197
114.3500     -29980.175   -29988.900        8.726   349.8      0.598     -0.056     -0.375     -0.141      0.003      0.046
114.4000     -29979.958   -29988.035        8.078   323.8     -0.184     -0.155      0.615      0.279      0.172     -0.248
114.4500     -29979.726   -29988.250        8.524   341.7     -0.623      0.064     -0.325      0.237     -0.249      0.142
114.5000     -29980.160   -29988.104        7.943   318.4     -0.017      0.321      0.121      0.267     -0.279      0.049
114.5500     -29980.330   -29987.754        7.424   297.6      0.602      0.315     -0.213     -0.216      0.334     -0.084
114.6000     -29980.151   -29987.871        7.720   309.4     -0.244     -0.510     -0.302      0.239     -0.572      0.219
114.6500     -29980.397   -29988.258        7.861   315.1      0.071     -0.465      0.367      0.334      0.222     -0.352
114.7000     -29979.862   -29987.787        7.925   317.7     -0.236     -0.201     -0.793      0.035     -0.185      0.473
114.7500     -29979.748   -29987.844        8.095   324.5      0.041     -0.173      0.490      0.038     -0.273     -0.172
114.8000     -29979.419   -29987.660        8.241   330.3     -0.384     -0.754      0.060      0.202      0.545      0.351
114.8500     -29979.292   -29987.363        8.071   323.5      0.899     -0.337     -0.870     -0.306     -0.333     -0.298
114.9000     -29979.552   -29988.189        8.637   346.2     -0.061      0.176      0.405      0.322      0.285     -0.045
114.9500     -29979.387   -29987.770        8.383   336.0     -0.129     -0.443     -0.341     -0.237     -0.414      0.128
115.0000     -29979.615   -29987.719        8.103   324.8      0.593     -0.357      0.245      0.237      0.184     -0.379
115.0500     -29979.920   -29988.336        8.416   337.4     -0.022     -0.126      0.097      0.148     -0.218     -0.716
115.1000     -29979.426   -29987.416        7.990   320.3     -1.775     -1.468     -1.199      0.073     -0.216     -0.079
115.1500     -29979.284   -29987.807        8.523   341.6      0.989      0.762      0.693     -0.396      0.244     -0.222
115.2000     -29979.097   -29988.131        9.034   362.1     -0.019     -0.433     -0.209      0.167      0.058     -0.096
115.2500     -29979.630   -29987.439        7.809   313.0     -1.065     -0.363      0.102      0.245      0.252     -0.301
115.3000     -29979.942   -29987.744        7.802   312.7     -0.785      0.457     -0.324     -0.099     -0.022      0.128
115.3500     -29979.736   -29988.338        8.602   344.8      0.233     -0.686     -0.698      0.352      0.036      0.013
115.4000     -29979.252   -29987.861        8.609   345.1     -0.018     -0.190      0.448      0.504      0.493      0.158
115.4500     -29979.768   -29988.352        8.583   344.1     -0.357      0.609     -0.125      0.024     -0.481     -0.561
115.5000     -29979.627   -29988.531        8.904   356.9     -0.296      0.470      0.288      0.077     -0.268     -0.052
115.5500     -29979.709   -29987.783        8.074   323.6      0.389      0.384      0.077      0.237     -0.276      0.139
115.6000     -29979.608   -29987.961        8.353   334.8     -0.435     -0.531     -0.221     -0.232     -0.078      0.129
115.6500     -29979.982   -29988.297        8.314   333.3     -0.246     -0.587     -0.153      1.128     -0.037     -0.102
115.7000     -29979.767   -29988.424        8.657   347.0      0.238     -0.698      0.738      0.410     -0.119     -0.179
115.7500     -29979.496   -29988.410        8.914   357.3     -0.135     -0.278     -0.641      0.093      0.623     -0.396
115.8000     -29978.973   -29988.010        9.037   362.3     -0.590      0.455      0.389      0.102     -0.007     -0.472
115.8500     -29978.728   -29987.430        8.702   348.8     -0.995     -0.298     -0.768     -0.348      0.274      0.431
115.9000     -29979.153   -29987.547        8.393   336.4     -0.313     -0.683      0.211      0.298      0.599     -0.461
115.9500     -29979.184   -29988.266        9.081   364.0     -0.990      0.271     -0.227      0.249      0.068      0.794
116.0000     -29979.185   -29988.141        8.955   359.0     -1.400     -0.717      0.249      0.100     -0.171     -0.438
116.0500     -29979.765   -29988.709        8.944   358.5      1.166      0.435     -0.241     -0.219      0.226     -0.287
116.1000     -29979.919   -29987.867        7.948   318.6     -0.388      0.419      1.328     -0.210      0.382     -0.043
116.1500     -29979.546   -29987.584        8.038   322.2     -0.560     -0.644     -0.612     -0.393      0.370     -0.537
116.2000     -29979.627   -29988.248        8.621   345.6     -0.619     -0.058     -0.164     -0.105      0.012      0.118
116.2500     -29979.531   -29987.826        8.295   332.5     -0.117     -0.255      0.171     -0.033     -0.037     -0.249
116.3000     -29979.855   -29987.811        7.955   318.9     -1.100     -0.167      0.434     -0.037      0.471     -0.347
116.3500     -29979.268   -29988.047        8.779   351.9      0.324     -0.553     -0.326     -0.323      0.339     -0.784
116.4000     -29978.954   -29988.105        9.152   366.8      0.276     -0.659      0.443      0.283      0.151     -0.342
116.4500     -29979.270   -29987.779        8.509   341.1     -0.384     -0.512     -0.041     -0.341      0.014     -0.450
116.5000     -29979.437   -29987.553        8.116   325.3     -0.607      0.126     -0.945      0.074      0.501      0.379
116.5500     -29979.006   -29987.260        8.254   330.9     -0.255     -0.191     -0.488      0.667     -0.241      0.048
116.6000     -29978.497   -29988.062        9.566   383.4     -0.086      0.301     -0.190     -0.036      0.194     -0.222
116.6500     -29978.589   -29987.725        9.135   366.2     -0.501     -1.418     -0.743     -0.451     -0.337      0.377
116.7000     -29978.782   -29987.906        9.124   365.7     -0.623     -0.788     -1.071      0.315      0.265     -0.062
116.7500     -29978.979   -29987.734        8.756   351.0      0.149      0.599      0.175      0.103      0.303     -0.290
116.8000     -29979.419   -29987.617        8.199   328.6      0.415     -0.060      0.074     -0.835     -0.126      0.410
116.8500     -29979.881   -29988.025        8.144   326.4     -0.020     -0.301     -0.592      0.664     -0.092     -0.235
116.9000     -29979.232   -29987.984        8.753   350.8      0.042      0.148     -0.668     -0.331      0.402      0.246
116.9500     -29979.027   -29987.605        8.578   343.8      0.066     -0.112      0.560      0.270      0.104      0.185
117.0000     -29978.629   -29987.740        9.111   365.2     -0.646      0.069     -0.187     -0.432      0.478     -0.171
117.0500     -29979.329   -29988.119        8.790   352.3     -0.782     -0.689     -0.167     -0.008     -0.266      0.242
117.1000     -29978.956   -29987.664        8.708   349.0     -0.781     -0.291     -0.216      0.321      0.177      0.148
117.1500     -29979.324   -29988.268        8.943   358.5     -0.287      0.229      0.467      0.125     -0.046     -0.186
117.2000     -29979.165   -29987.920        8.755   350.9     -0.057      0.690     -0.465     -0.053     -0.088      0.040
117.2500     -29979.332   -29988.076        8.745   350.5     -0.332      0.069     -0.554     -0.072      0.469      0.442
117.3000     -29979.488   -29988.318        8.830   353.9     -1.258     -0.727     -0.385      0.376     -0.300     -0.027
117.3500     -29979.570   -29988.189        8.619   345.5     -0.842      0.378      0.530      0.275      0.048     -0.401
117.4000     -29979.632   -29988.348        8.715   349.4     -1.020     -0.164     -1.703     -0.670      0.064      0.074
117.4500     -29980.139   -29988.584        8.445   338.5      0.312     -1.132      0.215      0.237     -0.149      0.003
117.5000     -29979.624   -29987.527        7.903   316.8     -0.131      0.366      0.476     -0.047      0.039      0.468
117.5500     -29979.327   -29988.432        9.105   365.0      0.100      1.246      0.227      0.296      0.241     -1.211
117.6000     -29979.519   -29987.518        7.999   320.6     -0.393     -0.231     -0.577      0.014     -0.049      0.036
117.6500     -29979.700   -29987.389        7.689   308.2     -0.035      0.903     -0.045      0.533      0.166     -0.440
117.7000     -29979.558   -29988.117        8.559   343.1     -0.106     -0.395      0.513     -0.321      0.125      0.490
117.7500     -29979.815   -29988.277        8.462   339.2     -0.949      0.063     -0.758     -0.333     -0.252     -0.050
117.8000     -29979.618   -29987.275        7.658   307.0     -0.287     -0.349      0.331      0.325      0.217      0.087
117.8500     -29979.209   -29987.930        8.720   349.6     -0.048     -0.310     -1.416      0.174      0.257     -0.209
117.9000     -29979.499   -29988.010        8.511   341.1      0.743     -0.733      0.549     -0.166     -0.319     -0.021
117.9500     -29979.608   -29987.859        8.252   330.8     -0.744      0.388     -0.457      0.413      0.203      0.421
118.0000     -29979.458   -29987.920        8.462   339.2     -0.676     -0.519     -0.917     -0.176     -0.309     -0.730
118.0500     -29979.243   -29987.941        8.699   348.7     -0.254     -0.675     -0.217      0.292      0.382      0.188
118.1000     -29979.373   -29987.766        8.393   336.4     -0.230     -0.095     -1.107      0.421     -0.129     -0.469
118.1500     -29979.630   -29987.877        8.247   330.6      0.229      0.652      0.580      0.108     -0.197     -0.250
118.2000     -29979.622   -29987.473        7.851   314.7     -1.082     -0.561      0.692      0.350      0.558     -0.204
118.2500     -29979.572   -29988.168        8.596   344.6     -0.429     -0.095      0.103      0.374     -0.386      0.142
118.3000     -29979.801   -29988.793        8.992   360.4      0.420     -0.589     -0.231      0.515     -0.034     -0.385
118.3500     -29980.681   -29988.561        7.880   315.9      0.344     -0.163     -1.170      0.010      0.224      0.124
118.4000     -29980.916   -29989.109        8.193   328.4      0.035      0.192      0.707      0.245     -0.120      0.111
118.4500     -29980.624   -29988.434        7.809   313.0      0.787      0.008      0.319      0.026      0.541     -0.287
118.5000     -29980.542   -29988.551        8.009   321.0      0.202      0.180      0.309      0.147     -0.173     -0.277
118.5500     -29981.232   -29988.955        7.723   309.6      0.338     -0.414     -0.045      0.103      0.143     -0.023
118.6000     -29980.378   -29988.297        7.919   317.4     -0.198      1.067      0.436     -0.047      0.265      0.201
118.6500     -29980.454   -29988.553        8.099   324.6      0.165     -0.558     -0.274     -0.044     -0.177     -0.299
118.7000     -29980.657   -29988.014        7.357   294.9      0.016     -0.959     -0.434      0.161      0.236     -0.033
118.7500     -29980.904   -29988.291        7.387   296.1     -0.948     -0.228      0.707      0.458     -0.341      0.271
118.8000     -29981.159   -29988.160        7.002   280.7      0.127     -0.308     -0.331      0.007      0.371      0.064
118.8500     -29981.202   -29988.592        7.390   296.2     -0.189     -0.072      0.337      0.023      0.093      0.295
118.9000     -29981.263   -29988.330        7.068   283.3      0.057     -0.178      0.309      0.371     -0.408     -0.044
118.9500     -29980.676   -29988.453        7.777   311.7     -0.261      0.236     -0.619      0.432     -0.217     -0.054
119.0000     -29980.006   -29988.604        8.598   344.6     -1.047     -0.507     -1.002     -0.179     -0.171      0.185
119.0500     -29979.888   -29988.125        8.237   330.2      0.337      0.803      0.003      0.108      0.091     -0.172
119.1000     -29980.155   -29988.623        8.468   339.4      0.393      0.332      0.408     -0.171      0.461     -0.183
119.1500     -29980.507   -29988.207        7.700   308.6      0.125      0.083      0.025      0.709     -0.707      0.490
119.2000     -29980.501   -29988.240        7.739   310.2      0.801      0.887      0.202     -0.580      0.428     -0.483
119.2500     -29980.559   -29988.766        8.207   329.0      0.571      1.742      0.274      0.153     -0.235     -0.143
119.3000     -29980.692   -29988.217        7.525   301.6     -0.081     -0.235      0.033     -0.095     -0.209     -0.429
119.3500     -29980.710   -29987.584        6.874   275.5     -0.046     -1.240     -0.080     -0.308      0.527      0.100
119.4000     -29980.815   -29988.201        7.386   296.1     -0.110     -0.374     -0.869     -0.041      0.266      0.841
119.4500     -29981.077   -29988.820        7.744   310.4     -0.525      0.171     -0.137      0.193      0.752     -0.396
119.5000     -29980.918   -29988.299        7.381   295.9     -0.320     -0.536      0.848     -0.509      0.083     -0.215
119.5500     -29980.878   -29989.109        8.232   330.0      0.619     -0.128     -0.453      0.294      0.157     -0.070
119.6000     -29980.966   -29989.252        8.286   332.1      0.205      0.394      0.515      0.350     -0.211      0.152
119.6500     -29981.360   -29989.432        8.072   323.6      0.021      0.376      0.404      0.125     -0.299     -0.047
119.7000     -29981.071   -29988.721        7.650   306.6     -0.526      0.021     -0.683     -0.587      0.376     -0.649
119.7500     -29980.785   -29988.168        7.383   295.9     -1.351     -0.668     -0.588      0.002     -0.049      0.059
119.8000     -29980.766   -29989.219        8.453   338.8     -0.152      0.409     -1.370      0.232      0.209      0.415
119.8500     -29980.646   -29988.947        8.301   332.7     -0.641     -0.467      0.581      0.471      0.073      0.168
119.9000     -29979.921   -29988.582        8.661   347.2     -0.335      0.463      0.363      0.351     -0.020     -0.284
119.9500     -29980.103   -29988.084        7.981   319.9     -0.376      0.621      0.223     -0.223      0.069      0.686
120.0000     -29980.267   -29988.434        8.167   327.4     -0.556     -0.026      0.318      0.285     -0.052     -0.027
120.0500     -29980.319   -29988.873        8.554   342.9      0.110     -0.122     -1.029      0.180     -0.110     -0.159
120.1000     -29979.919   -29987.721        7.802   312.7     -1.192     -1.296     -0.562     -0.261     -0.432      0.455
120.1500     -29980.466   -29988.279        7.813   313.2      0.025     -0.249      0.056      0.208      0.114     -0.309
120.2000     -29980.222   -29988.012        7.790   312.2     -0.582      0.744     -1.488      0.113     -0.473     -0.366
120.2500     -29979.693   -29988.354        8.660   347.2      0.021      0.083     -0.198     -0.133      0.175      0.188
120.3000     -29979.300   -29987.588        8.288   332.2     -0.239     -0.523     -0.235     -0.122      0.418     -0.159
120.3500     -29979.391   -29987.775        8.385   336.1     -0.374     -0.257     -0.121      0.194      0.036     -0.057
120.4000     -29979.210   -29988.164        8.954   358.9     -0.751     -0.817     -0.239     -0.681      0.244     -0.424
120.4500     -29979.473   -29988.080        8.607   345.0     -0.077     -0.432     -0.715     -0.559     -0.059      0.374
120.5000     -29979.274   -29987.285        8.011   321.1     -0.306     -0.100     -0.891      0.232     -0.557     -0.082
120.5500     -29979.410   -29987.604        8.193   328.4     -0.018     -0.316     -0.053      0.007     -0.198      0.607
120.6000     -29979.339   -29987.605        8.266   331.3      0.190     -0.137     -0.167      0.167     -0.245     -0.012
120.6500     -29979.406   -29988.023        8.618   345.4     -0.081     -0.031      0.031      0.156     -0.364      0.213
120.7000     -29979.688   -29988.320        8.632   346.0      0.001     -0.143     -0.010      0.269      0.636      0.520
120.7500     -29979.467   -29988.396        8.930   358.0     -0.049      0.506      0.409     -0.289     -0.649     -0.359
120.8000     -29979.689   -29988.297        8.608   345.0      0.174     -0.519      0.006     -0.117      0.296     -0.225
120.8500     -29979.964   -29988.076        8.113   325.2      1.182     -0.298     -0.271     -0.728      0.404      0.096
120.9000     -29979.950   -29987.865        7.916   317.3      0.122      0.392      0.375      0.088      0.732      0.080
120.9500     -29980.453   -29987.922        7.469   299.4     -0.218     -0.081      0.278     -0.092     -0.552     -0.272
121.0000     -29980.277   -29987.914        7.638   306.1     -0.512     -0.334     -0.617      0.018      0.717     -0.277
121.0500     -29980.585   -29988.299        7.714   309.2      0.042     -0.220     -0.792      0.381     -0.100      0.061
121.1000     -29980.740   -29988.094        7.354   294.8      0.435     -0.715      0.221      0.475      0.898      0.206
121.1500     -29980.286   -29988.488        8.202   328.8     -0.709     -0.605     -0.981      0.378      0.211     -0.255
121.2000     -29980.408   -29987.865        7.458   298.9      0.254     -0.625     -0.845     -0.229     -0.113      0.401
121.2500     -29980.665   -29987.703        7.038   282.1      0.065     -0.268      0.149     -0.181     -0.398     -0.286
121.3000     -29980.308   -29987.867        7.559   303.0     -0.326      0.689     -0.275     -0.375      0.389      0.010
121.3500     -29980.495   -29988.139        7.644   306.4     -1.250     -0.758     -0.342      0.368      0.256      0.004
121.4000     -29979.959   -29988.283        8.324   333.7      0.480     -0.043      0.085      0.102      0.115     -0.379
121.4500     -29980.339   -29987.996        7.657   306.9     -1.211     -0.269      0.221      0.007     -0.256     -0.290
121.5000     -29980.479   -29987.848        7.369   295.4     -0.268      0.022     -1.068     -0.101      0.136     -0.223
121.5500     -29980.494   -29988.436        7.942   318.3     -0.008      0.157     -0.255     -0.557      0.018     -0.373
121.6000     -29980.244   -29987.996        7.752   310.7     -0.156     -0.056      0.737      0.336      0.353     -0.326
121.6500     -29980.216   -29987.633        7.417   297.3      0.386     -0.126      0.111     -0.300     -0.377      0.034
121.7000     -29980.202   -29988.127        7.925   317.7     -0.176      0.024     -0.355     -0.171     -0.152      0.074
121.7500     -29979.837   -29988.648        8.811   353.2     -0.396     -0.647      0.087      0.620      0.090      0.035
121.8000     -29980.219   -29988.605        8.386   336.2     -0.469     -0.269     -1.113     -0.129     -0.085      0.092
121.8500     -29980.470   -29988.418        7.948   318.6     -1.483     -0.563     -0.974      0.254     -0.691      0.159
121.9000     -29980.231   -29988.369        8.138   326.2      0.049     -0.977     -0.266      0.360     -0.189     -0.340
121.9500     -29980.313   -29989.061        8.748   350.7      0.014     -0.347      0.262      0.248     -0.204     -0.251
122.0000     -29980.949   -29989.102        8.152   326.8     -0.344     -0.377     -0.713      0.044      0.047      0.151
122.0500     -29980.928   -29988.342        7.413   297.2      1.188     -0.801      0.648     -0.285     -0.695      0.355
122.1000     -29981.220   -29988.572        7.352   294.7     -0.193      0.146     -0.119      0.187      0.057      0.768
122.1500     -29981.204   -29988.559        7.354   294.8      0.276     -0.796     -0.267      0.040     -0.353     -0.295
122.2000     -29980.718   -29989.291        8.573   343.7     -0.660     -0.254     -0.651      0.247     -0.161      0.343
122.2500     -29980.790   -29988.100        7.309   293.0     -0.490     -0.682     -0.816      0.054      0.192      0.113
122.3000     -29980.153   -29988.168        8.015   321.3      0.310     -0.435      0.338     -0.109     -0.454     -0.271
122.3500     -29979.864   -29988.307        8.443   338.4     -0.582      0.851      0.354      0.435      0.313      0.049
122.4000     -29979.491   -29987.754        8.262   331.2      0.085     -0.004     -0.378     -0.136      0.273     -0.164
122.4500     -29979.187   -29987.660        8.473   339.7     -1.155      0.222     -0.059      0.005      0.014     -0.137
122.5000     -29979.655   -29987.768        8.113   325.2      0.105      0.387     -0.675     -0.443      0.601     -0.178
122.5500     -29979.669   -29987.529        7.860   315.1      0.638     -0.192     -0.901      0.097      0.053     -0.157
122.6000     -29979.948   -29988.316        8.368   335.4      0.056      0.121      0.108     -0.270     -0.612      0.268
122.6500     -29979.578   -29987.867        8.290   332.3     -0.990     -1.726     -1.223     -0.133      0.141      0.141
122.7000     -29979.808   -29987.900        8.092   324.4     -0.735      0.268     -0.316      0.707     -0.349      0.290
122.7500     -29979.787   -29988.248        8.461   339.2      0.587     -0.310      0.601      0.213     -0.497     -0.671
122.8000     -29979.585   -29988.270        8.685   348.1      0.231      0.799      0.262      0.021      0.118     -0.139
122.8500     -29980.545   -29989.402        8.857   355.0     -0.719     -0.470      0.570      0.062     -0.735      0.015
122.9000     -29980.959   -29989.525        8.566   343.4      0.028     -1.000     -0.619     -0.220      0.129     -0.301
122.9500     -29980.882   -29988.955        8.073   323.6      0.444      0.739      0.123      0.336     -0.620     -0.478
123.0000     -29980.745   -29988.602        7.857   314.9      0.019      0.004     -0.129      0.139     -0.341      0.421
123.0500     -29981.139   -29988.807        7.667   307.3      0.006      0.614     -0.519     -0.264     -0.007     -0.152
123.1000     -29980.918   -29988.697        7.780   311.8      0.975     -0.068      0.218     -0.184      0.299      0.168
123.1500     -29980.644   -29987.836        7.192   288.3     -0.817      0.854     -0.597      0.188      0.185      0.059
123.2000     -29980.318   -29988.311        7.993   320.4      0.235     -0.423      0.130      0.454     -0.644      0.001
123.2500     -29980.363   -29988.566        8.204   328.8      0.713      0.715      1.081     -0.194      0.243     -0.171
123.3000     -29980.091   -29988.293        8.202   328.8     -0.552     -0.328      0.185     -0.490      0.132     -0.123
123.3500     -29980.064   -29988.004        7.940   318.3      0.691     -0.239     -0.473     -0.553      0.288      0.361
123.4000     -29980.311   -29988.330        8.019   321.4     -0.392     -0.819     -0.021     -0.139      0.137     -0.208
123.4500     -29980.084   -29987.820        7.737   310.1      0.287     -0.377     -0.049     -0.149     -0.528      0.802
123.5000     -29979.887   -29989.020        9.132   366.1      0.279      0.244      0.218      0.140     -0.234     -0.273
123.5500     -29979.699   -29987.676        7.977   319.7      0.661      0.062      0.493     -0.450      0.030      0.876
123.6000     -29979.061   -29987.873        8.812   353.2      0.097     -0.363     -0.407     -0.075     -0.287      0.160
123.6500     -29978.963   -29987.311        8.347   334.6     -0.306      0.097     -0.180      0.032     -0.215     -0.035
123.7000     -29978.786   -29987.932        9.146   366.6     -0.747      0.459      0.831     -0.654      0.411      0.289
123.7500     -29978.846   -29987.691        8.846   354.6     -0.435     -0.292     -0.536      0.284      0.317      0.097
123.8000     -29978.788   -29987.719        8.931   358.0     -0.363      0.237     -0.934     -0.005      0.224     -0.169
123.8500     -29978.955   -29987.893        8.938   358.3     -0.832      0.416     -0.801     -0.116      0.065     -0.081
123.9000     -29978.358   -29987.865        9.507   381.1      0.369     -0.232      0.342     -0.104     -0.382      0.283
123.9500     -29978.808   -29987.293        8.485   340.1     -0.581      1.034      0.574      0.229     -0.284      0.218
124.0000     -29979.144   -29987.658        8.515   341.3      0.180     -0.291      0.262      0.155     -0.438      0.217
124.0500     -29979.131   -29987.553        8.422   337.6      0.702      0.160      0.273     -0.732      0.171     -0.637
124.1000     -29978.668   -29987.223        8.555   342.9     -0.453      0.205     -0.661      0.168      0.220      0.331
124.1500     -29978.942   -29987.865        8.923   357.7     -0.253     -0.195      0.253      0.408     -0.204     -0.707
124.2000     -29978.974   -29987.963        8.989   360.3     -0.455     -1.492     -0.318      0.333      0.022      0.606
124.2500     -29979.140   -29987.951        8.811   353.2     -0.140      0.010     -0.827      0.112     -0.253      0.035
124.3000     -29979.133   -29988.312        9.179   367.9     -0.201     -0.250     -0.323     -0.311      0.148     -0.656
124.3500     -29979.228   -29988.029        8.801   352.8      0.363     -0.081      0.251     -0.150     -0.121      0.327
124.4000     -29979.456   -29987.904        8.448   338.6     -0.188     -0.964     -1.198      0.015     -0.086     -0.596
124.4500     -29979.686   -29988.451        8.765   351.3     -0.345     -1.105     -0.421      0.278     -0.349     -0.167
124.5000     -29979.346   -29987.900        8.555   342.9     -0.178     -0.110     -0.407      0.080      0.529      0.265
124.5500     -29979.729   -29988.475        8.746   350.6      1.013     -0.474      0.601      0.419      0.388     -0.273
124.6000     -29979.646   -29988.352        8.706   349.0     -0.419     -0.341     -0.179     -0.044      0.033     -0.261
124.6500     -29979.328   -29988.561        9.233   370.1     -0.114     -1.500     -0.321      0.114      0.015      0.128
124.7000     -29979.312   -29988.352        9.040   362.4     -0.546     -0.296     -0.125     -0.346      0.048     -0.147
124.7500     -29979.879   -29988.604        8.725   349.7      0.087     -0.134     -0.504      0.312      0.055     -0.017
124.8000     -29979.688   -29988.443        8.756   351.0      0.448      0.291      0.282     -0.094     -0.438      0.407
124.8500     -29979.692   -29988.176        8.484   340.1     -0.712     -0.328      0.278      0.702      0.076     -0.325
124.9000     -29979.055   -29988.367        9.312   373.3     -0.006      0.165     -0.664      0.014      0.051      0.284
124.9500     -29979.463   -29987.879        8.416   337.4     -0.764      0.542     -0.159      0.064     -0.754      0.175
125.0000     -29978.752   -29987.213        8.461   339.2     -0.212     -0.442     -0.579      0.567      0.584      0.209
125.0500     -29978.725   -29987.576        8.851   354.8     -0.799      0.609     -0.230      0.260     -0.192      0.010
125.1000     -29978.898   -29987.533        8.635   346.1     -0.105     -0.031      0.580      0.332     -0.249      0.036
125.1500     -29978.672   -29987.244        8.572   343.6      0.452      0.521     -0.734     -0.153      0.450      0.124
125.2000     -29978.825   -29988.113        9.289   372.3     -0.870     -0.738     -0.493     -0.464     -0.164     -0.149
125.2500     -29978.881   -29988.090        9.209   369.1     -0.698     -1.521     -0.941     -0.523      0.343      0.162
125.3000     -29979.250   -29988.033        8.783   352.1     -0.533     -1.535     -0.950     -0.666      0.047     -0.785
125.3500     -29979.047   -29988.436        9.389   376.3     -1.027      0.185     -0.800     -0.747      0.103      0.258
125.4000     -29978.904   -29987.189        8.285   332.1     -0.520      0.007     -0.045      0.051      0.548      0.186
125.4500     -29979.013   -29987.662        8.649   346.7      0.421     -0.207     -0.185     -0.179      0.060      0.641
125.5000     -29978.881   -29986.877        7.996   320.5     -0.452      0.614      0.022     -0.152     -0.093      0.317
125.5500     -29978.835   -29987.326        8.491   340.4      0.101     -0.256     -0.139     -0.033     -0.028     -0.154
125.6000     -29978.305   -29986.426        8.121   325.5     -0.845     -0.303     -0.459      0.230      0.173     -0.028
125.6500     -29978.401   -29987.098        8.696   348.6     -0.483     -1.122     -0.713      0.063     -0.180      0.463
125.7000     -29977.732   -29986.842        9.110   365.2      0.224      0.328      0.522      0.398     -0.281     -0.339
125.7500     -29977.615   -29986.523        8.908   357.1     -0.660     -0.588     -0.149     -0.007     -0.028      0.186
125.8000     -29977.662   -29986.867        9.205   369.0     -0.316      0.267     -0.290     -0.531      0.441      0.150
125.8500     -29978.020   -29987.207        9.187   368.3     -0.062     -0.158     -0.360     -0.207      0.036     -0.172
125.9000     -29978.711   -29988.010        9.298   372.7     -0.487     -0.789      0.587      0.072     -0.252     -0.438
125.9500     -29979.025   -29987.633        8.608   345.0      0.410      0.173     -0.254      0.274      0.119      0.433
126.0000     -29979.414   -29988.658        9.244   370.6     -0.661     -0.096     -0.364     -0.144      0.254      0.251
126.0500     -29979.695   -29988.455        8.760   351.1     -0.640     -0.397      0.080     -0.431      0.065     -0.762
126.1000     -29979.212   -29987.705        8.494   340.5     -0.487     -0.705     -1.125      0.302      0.005      0.637
126.1500     -29979.369   -29988.084        8.715   349.3      0.117     -0.078     -0.860      0.131      0.034      0.150
126.2000     -29980.218   -29988.287        8.069   323.5      0.235     -0.304      0.128     -0.098      0.217     -0.516
126.2500     -29979.983   -29988.264        8.281   331.9     -0.840     -0.388     -1.342     -0.317     -0.208     -0.278
126.3000     -29980.426   -29988.406        7.980   319.9      0.137      0.058     -0.611      0.022     -0.173     -0.051
126.3500     -29980.463   -29988.289        7.826   313.7      0.579     -0.404     -0.553      0.205     -0.264      0.084
126.4000     -29980.545   -29988.736        8.191   328.3      0.042     -0.229      0.193     -0.198     -0.346     -0.095
126.4500     -29980.532   -29988.951        8.419   337.5      0.313     -0.023     -0.313      0.067      0.669     -0.296
126.5000     -29980.537   -29988.812        8.275   331.7     -0.096      0.614      0.562     -0.604     -0.463      0.055
126.5500     -29980.648   -29988.033        7.385   296.0     -0.031     -0.526     -0.741      0.353      0.393      0.040
126.6000     -29980.386   -29988.775        8.389   336.3     -0.072     -0.636     -0.283      0.289     -0.402     -0.064
126.6500     -29980.326   -29988.492        8.166   327.3      0.111     -0.141     -0.892      0.040     -0.069      0.348
126.7000     -29980.133   -29987.697        7.564   303.2     -0.482     -1.174      0.154     -0.130     -0.220     -0.088
126.7500     -29980.051   -29989.361        9.311   373.2      0.383     -1.121      0.026      0.119      0.457      0.046
126.8000     -29979.998   -29988.166        8.168   327.4     -0.022      1.355     -0.338     -0.441      0.068      0.007
126.8500     -29980.477   -29988.953        8.476   339.7     -0.241      0.263      0.329      0.033      0.115      0.370
126.9000     -29980.526   -29989.127        8.601   344.8     -1.150     -0.252      0.047      0.259      0.258     -0.538
126.9500     -29980.394   -29988.498        8.104   324.9     -0.108     -0.026      0.208     -0.534      0.107      0.216
127.0000     -29980.471   -29988.566        8.095   324.5     -0.509      0.094      0.410      0.372      0.358      0.092
127.0500     -29980.613   -29988.373        7.761   311.1      0.683     -0.747      0.052     -0.327      0.167     -0.317
127.1000     -29980.376   -29988.385        8.009   321.0     -0.608      0.688      0.329     -0.245     -0.510      0.318
127.1500     -29980.501   -29988.500        7.999   320.6      0.345     -0.468     -0.315      0.985      0.521      0.170
127.2000     -29980.484   -29988.422        7.938   318.2     -0.051     -0.057     -0.120     -0.492     -0.164     -0.476
127.2500     -29980.459   -29988.885        8.426   337.7     -0.261      0.174     -1.180     -0.001      0.020      0.152
127.3000     -29980.416   -29988.766        8.350   334.7      0.010      0.171      0.006     -0.125      0.109     -0.495
127.3500     -29980.100   -29987.818        7.718   309.4      0.203      0.554      0.663      0.192      0.163      0.140
127.4000     -29980.061   -29988.184        8.123   325.6     -0.736     -0.038      0.085      0.162     -0.151     -0.931
127.4500     -29980.666   -29989.271        8.605   344.9      1.348      0.106      0.714     -0.028     -0.031      0.540
127.5000     -29980.214   -29989.008        8.794   352.5     -0.016     -0.198     -0.009     -0.405      0.254     -0.032
127.5500     -29980.530   -29988.883        8.353   334.8      0.372     -0.900     -0.186      0.068      0.389     -0.129
127.6000     -29980.445   -29989.297        8.852   354.8     -1.151      0.106      0.224     -0.247     -0.166      0.514
127.6500     -29980.443   -29989.029        8.586   344.2     -0.326     -1.479     -1.239      0.476      0.408     -0.206
127.7000     -29980.435   -29988.768        8.332   334.0      0.086     -0.302     -0.658      0.274     -0.217     -0.062
127.7500     -29980.318   -29989.047        8.728   349.9      0.009     -0.689     -0.038     -0.270      0.489      0.220
127.8000     -29980.079   -29988.893        8.814   353.3      0.853      0.073     -0.299      0.064     -0.053     -0.344
127.8500     -29980.290   -29988.326        8.036   322.1      0.592      0.005     -0.030      0.201     -0.040      0.240
127.9000     -29980.692   -29988.855        8.164   327.2      0.209      0.168     -0.171     -0.193      0.187      0.142
127.9500     -29980.985   -29989.252        8.267   331.4      1.081      0.234      0.413     -0.275     -0.171     -0.074
128.0000     -29981.469   -29989.242        7.774   311.6     -0.260      0.776      0.367      0.217      0.319      0.065
128.0500     -29981.338   -29988.977        7.639   306.2      0.335      0.665     -0.772      0.048     -0.379     -0.052
128.1000     -29981.518   -29988.928        7.409   297.0     -0.040     -0.640     -0.054     -0.098      0.329      0.613
128.1500     -29981.870   -29989.221        7.350   294.6      0.131      0.749     -0.523     -0.364     -0.082      0.354
128.2000     -29981.669   -29988.857        7.189   288.2     -0.001     -0.021     -0.017      0.267      0.067      0.680
128.2500     -29981.710   -29989.242        7.532   301.9     -0.360     -0.289     -0.449     -0.026      0.174      0.339
128.3000     -29981.395   -29989.287        7.892   316.4     -1.215     -0.052      0.129      0.033     -0.255      0.248
128.3500     -29980.827   -29989.742        8.915   357.4      0.694      0.105     -0.764      0.081     -0.107     -0.481
128.4000     -29980.694   -29989.592        8.898   356.7     -0.592     -0.590     -0.542     -0.220     -0.041     -0.113
128.4500     -29980.717   -29989.385        8.668   347.5     -1.363     -0.977      0.009      0.072     -0.069     -0.197
128.5000     -29981.207   -29989.125        7.918   317.4      0.057     -0.417     -0.882     -0.205     -0.516      0.072
128.5500     -29981.398   -29989.010        7.612   305.1     -0.172     -0.254     -1.250     -0.156      0.154      0.115
128.6000     -29981.456   -29989.068        7.613   305.2     -1.132     -0.202     -0.735     -0.033      0.189     -0.290
128.6500     -29980.697   -29989.266        8.569   343.5      0.912     -0.055     -0.101     -0.162     -0.339      0.245
128.7000     -29980.917   -29989.256        8.339   334.3     -0.815      0.288     -0.341     -0.628     -0.089      0.729
128.7500     -29981.123   -29989.680        8.556   343.0     -1.148     -0.428     -0.129      0.298      0.168     -0.058
128.8000     -29981.729   -29989.254        7.525   301.6     -0.314     -0.688     -0.719     -0.098      0.227      0.215
128.8500     -29981.667   -29989.424        7.757   310.9     -0.093     -0.279      0.204     -0.016     -0.080     -0.024
128.9000     -29981.557   -29989.059        7.501   300.7      0.228      0.195     -0.016     -0.198     -0.130      0.446
128.9500     -29981.688   -29989.164        7.476   299.7      0.849      0.315     -0.361      0.748      0.109     -0.139
129.0000     -29981.176   -29989.584        8.408   337.0     -0.865     -0.544      0.148     -0.231     -0.254      0.100
129.0500     -29980.943   -29989.191        8.249   330.6     -0.455     -0.295      0.498      0.424      0.354      0.067
129.1000     -29981.605   -29989.076        7.471   299.5     -0.265      0.358     -0.822      0.037      0.063      0.575
129.1500     -29981.434   -29989.021        7.587   304.1      0.839     -0.218      0.134     -0.190     -0.291     -0.107
129.2000     -29981.511   -29988.738        7.227   289.7      0.019      0.012     -0.065     -0.163      0.350      0.892
129.2500     -29981.699   -29988.846        7.147   286.5     -0.277     -0.458      0.173     -0.451     -0.343     -0.004
129.3000     -29981.676   -29989.156        7.480   299.9     -0.236     -0.287     -0.154     -0.140     -0.709     -0.117
129.3500     -29980.963   -29989.096        8.133   326.0      0.658      0.163      0.414      0.212      0.420      0.085
129.4000     -29981.201   -29989.391        8.189   328.3      0.643      0.162      0.821      0.182     -0.030     -0.274
129.4500     -29981.118   -29989.410        8.292   332.4      0.150      0.097     -0.495      0.300      0.440     -0.364
129.5000     -29981.008   -29989.146        8.138   326.2     -1.768     -0.633     -0.602     -0.120      0.482      0.161
129.5500     -29980.755   -29988.896        8.142   326.4      0.251     -0.237     -0.270      0.540     -0.162     -0.239
129.6000     -29981.162   -29988.959        7.797   312.6     -0.793     -0.323     -0.410     -0.584     -0.040      0.220
129.6500     -29981.105   -29989.861        8.757   351.0     -0.649     -0.592      0.149      0.415      0.060      0.172
129.7000     -29980.439   -29988.861        8.423   337.6     -0.777     -0.606     -0.349      0.271      0.260      0.320
129.7500     -29980.023   -29988.125        8.102   324.8      0.254     -0.268     -1.070     -0.283     -0.119     -0.486
129.8000     -29980.342   -29988.594        8.252   330.8     -0.948     -0.359      0.529      0.709      0.155     -0.201
129.8500     -29980.535   -29989.070        8.535   342.1     -0.493     -0.555     -1.108      0.046      0.366     -0.654
129.9000     -29981.022   -29990.043        9.021   361.6     -0.234      0.327      0.060     -0.185     -0.215     -0.070
129.9500     -29981.511   -29989.316        7.806   312.9      1.286      1.134      1.730      0.130     -0.332      0.083
130.0000     -29981.572   -29989.082        7.510   301.0      0.191     -0.221      1.093     -0.020      0.769     -0.356
130.0500     -29981.509   -29989.137        7.628   305.8     -0.480      0.160      0.062      0.617      0.142      0.165
130.1000     -29981.635   -29989.521        7.886   316.1     -0.415     -0.295     -1.557     -0.205     -0.022     -0.329
130.1500     -29981.711   -29989.871        8.160   327.1      0.346      0.519     -0.068      0.625     -0.344     -0.356
130.2000     -29981.572   -29989.316        7.745   310.4      0.851      0.081      0.428     -0.105     -0.376     -0.532
130.2500     -29980.760   -29989.012        8.251   330.8     -0.299     -0.204     -0.356      0.581     -0.266     -0.022
130.3000     -29981.236   -29988.992        7.756   310.9     -0.065     -1.473     -0.083      0.133      0.343      0.111
130.3500     -29981.462   -29989.314        7.852   314.8     -0.233      0.691     -0.388      0.545      0.355     -0.299
130.4000     -29981.343   -29988.928        7.585   304.0     -0.059      0.368     -0.551     -0.489     -0.103     -0.192
130.4500     -29980.739   -29988.613        7.875   315.6      0.054     -0.561      0.660      0.514      0.720     -0.213
130.5000     -29980.748   -29988.303        7.555   302.8     -0.698     -0.177     -1.105      0.107     -0.413     -0.435
130.5500     -29980.911   -29988.807        7.896   316.5     -0.380     -0.216      0.256      0.196      0.462     -0.042
130.6000     -29980.947   -29988.982        8.036   322.1      0.761      0.277      0.222      0.081     -0.198     -0.609
130.6500     -29980.879   -29988.959        8.080   323.9      0.215      0.107      1.032      0.003      0.050     -0.185
130.7000     -29980.789   -29988.992        8.203   328.8     -0.617     -0.258     -0.199     -0.046     -0.128      0.365
130.7500     -29980.419   -29988.854        8.435   338.1      0.311      0.222      0.195      0.055     -0.022     -0.811
130.8000     -29980.218   -29988.641        8.423   337.6     -0.312     -0.314     -0.467      0.214      0.314     -0.070
130.8500     -29979.624   -29988.068        8.444   338.5     -0.337     -0.268      0.124      0.213     -0.276     -0.129
130.9000     -29979.094   -29987.500        8.406   337.0     -0.191      0.869     -0.003     -0.528      0.450      0.661
130.9500     -29979.200   -29987.961        8.761   351.2      0.215     -0.575     -0.185     -0.289     -0.302      0.024
131.0000     -29980.026   -29988.729        8.703   348.9     -0.503     -0.228     -0.062      0.265      0.228      0.417
131.0500     -29980.015   -29988.740        8.725   349.7     -0.011     -0.664     -1.216      0.489      0.104      0.212
131.1000     -29979.710   -29988.555        8.845   354.5      1.282      0.798      0.713     -0.045     -0.403      0.357
131.1500     -29980.239   -29988.816        8.577   343.8     -0.659     -0.226     -0.362     -0.298     -0.089     -0.001
131.2000     -29980.312   -29989.117        8.806   353.0     -0.162     -0.665     -0.128      0.229     -0.099      0.130
131.2500     -29980.384   -29988.656        8.272   331.6     -0.316      0.284      0.554     -0.244      0.193     -0.387
131.3000     -29981.240   -29988.670        7.430   297.8     -0.222      0.147      0.272      0.071     -0.943      0.133
131.3500     -29981.265   -29989.061        7.796   312.5     -0.428     -0.180     -0.540     -0.365      0.770      0.259
131.4000     -29981.350   -29989.332        7.982   320.0      0.906      0.426      0.659      0.223      0.004     -0.612
131.4500     -29980.529   -29988.932        8.402   336.8      0.355     -0.472      0.013     -0.525     -0.022      0.140
131.5000     -29980.694   -29988.740        8.046   322.5     -1.455     -0.212     -1.243      0.148     -0.271      0.208
131.5500     -29980.916   -29989.010        8.093   324.4      0.196      0.020      1.013     -0.444     -0.452     -0.345
131.6000     -29980.732   -29989.207        8.475   339.7     -0.161      0.691      0.114      0.378      0.725      0.067
131.6500     -29980.713   -29988.664        7.951   318.7     -0.188     -0.496      0.535     -0.991      0.297     -0.064
131.7000     -29980.631   -29988.668        8.037   322.2     -0.306      0.000      0.269      0.499      0.095     -0.201
131.7500     -29980.554   -29988.734        8.180   327.9     -0.339      0.025     -0.381      0.162     -0.540     -0.111
131.8000     -29981.153   -29988.684        7.530   301.8     -0.180     -0.639     -0.197      0.301     -0.148     -0.505
131.8500     -29981.033   -29988.729        7.695   308.5      0.546      0.420     -0.839     -0.117     -0.585      0.108
131.9000     -29980.667   -29988.988        8.321   333.6     -0.522     -1.024     -0.189     -0.158      0.636     -0.132
131.9500     -29980.346   -29988.428        8.082   324.0     -0.249     -0.660     -1.222      0.333     -0.446     -0.259
132.0000     -29980.189   -29988.252        8.063   323.2      0.078     -0.267     -0.033     -0.591      0.066      0.160
132.0500     -29980.517   -29988.840        8.323   333.6      0.280      0.107      0.548      0.336      0.138     -0.309
132.1000     -29980.385   -29988.326        7.941   318.3     -0.075     -1.718     -0.316     -0.704     -0.174      0.166
132.1500     -29980.224   -29988.426        8.202   328.8      0.391      0.078     -0.161     -0.021      0.176      0.431
132.2000     -29980.488   -29988.268        7.780   311.9     -0.593     -0.471      0.637      0.587     -0.733     -0.026
132.2500     -29980.989   -29988.719        7.730   309.8      1.044      0.398     -0.547     -1.095      0.017      0.011
132.3000     -29981.053   -29988.307        7.254   290.8     -0.700     -0.019      0.974      0.387      0.292     -0.108
132.3500     -29981.326   -29988.783        7.457   298.9      0.650     -0.399     -0.017     -0.050     -0.604     -0.010
132.4000     -29980.972   -29988.516        7.544   302.4     -0.621     -0.237      0.171      0.397      0.318     -0.098
132.4500     -29980.514   -29988.766        8.252   330.8      0.025     -0.281     -0.037      0.228     -0.406     -0.405
132.5000     -29980.444   -29988.688        8.244   330.4     -0.013     -0.519     -1.010      0.022     -0.263      0.244
132.5500     -29980.550   -29988.529        7.979   319.8     -0.115     -0.524      0.196     -0.125      0.379      0.188
132.6000     -29980.963   -29988.125        7.162   287.1      0.070      2.195     -0.035      0.201     -0.064     -0.864
132.6500     -29980.956   -29988.350        7.393   296.4      0.065     -0.020      0.157     -0.086      0.238     -0.026
132.7000     -29980.922   -29989.502        8.580   343.9     -0.289     -0.136     -0.703     -0.328     -0.331     -0.351
132.7500     -29980.681   -29989.178        8.496   340.6     -0.240     -0.361     -0.325      0.841      0.191     -0.334
132.8000     -29980.733   -29989.373        8.640   346.3      0.351      0.268     -0.338     -0.195      0.281      0.397
132.8500     -29981.198   -29988.791        7.593   304.4      0.123      0.429      0.040      0.565      0.329     -0.388
132.9000     -29981.247   -29989.379        8.132   326.0      0.110     -0.541     -0.804      0.194     -0.323     -0.321
132.9500     -29981.577   -29989.803        8.226   329.7     -1.237     -0.385     -0.479     -0.745     -0.142     -0.209
133.0000     -29981.378   -29990.203        8.825   353.7     -0.367     -0.023     -0.536      0.347     -0.287      0.127
133.0500     -29981.045   -29989.348        8.303   332.8     -0.866      0.057     -0.106     -0.331      0.013      0.401
133.1000     -29980.860   -29989.447        8.587   344.2     -0.183      0.119      0.358     -0.066     -0.144     -0.131
133.1500     -29980.812   -29988.986        8.175   327.7     -1.320     -0.869     -0.026     -0.333      0.071     -0.176
133.2000     -29980.969   -29989.252        8.283   332.0     -0.003     -0.021      0.944     -0.041      0.205      0.615
133.2500     -29980.833   -29988.969        8.136   326.1     -0.137     -0.351     -0.229     -0.227      0.462     -0.197
133.3000     -29980.642   -29989.404        8.763   351.2     -0.150     -1.250     -0.551      0.387     -0.026     -0.224
133.3500     -29981.164   -29989.400        8.237   330.2     -0.671      0.102     -0.164     -0.344     -0.429      0.259
133.4000     -29981.688   -29990.260        8.572   343.6     -1.347     -0.559     -0.964      0.061     -0.073     -0.134
133.4500     -29981.813   -29989.627        7.813   313.2     -0.554     -1.274      0.164     -0.006     -0.058     -0.418
133.5000     -29981.561   -29989.998        8.437   338.2     -0.270      0.049     -0.003      0.452      0.320     -0.079
133.5500     -29980.972   -29989.717        8.745   350.5     -0.647      0.080     -0.337     -0.276     -0.601     -0.469
133.6000     -29980.561   -29989.467        8.906   357.0     -0.471     -0.594     -0.634      0.243      0.737     -0.010
133.6500     -29980.422   -29989.363        8.941   358.4     -1.005     -0.397     -0.494     -0.138     -0.012      0.307
133.7000     -29980.244   -29989.562        9.318   373.5     -1.378     -1.182     -0.679      0.078      0.269      0.422
133.7500     -29980.641   -29988.135        7.494   300.4     -0.468      0.106     -0.061      0.299     -0.361     -0.986
133.8000     -29980.212   -29987.826        7.614   305.2      0.323      0.338      1.039     -0.198      0.025      0.247
133.8500     -29979.935   -29988.400        8.466   339.3      0.536      0.836      0.050     -0.129      0.050     -0.580
133.9000     -29980.188   -29988.387        8.198   328.6     -0.202      0.503     -0.053      0.447     -0.020     -0.112
133.9500     -29980.247   -29988.748        8.501   340.7      0.459     -0.185     -0.902     -0.274      0.007     -0.211
134.0000     -29980.216   -29988.758        8.542   342.4     -0.165     -0.140      0.133      0.191      0.090     -0.115
134.0500     -29979.448   -29987.844        8.395   336.5     -0.264     -0.298      0.469     -0.152     -0.129      0.715
134.1000     -29979.425   -29987.863        8.438   338.2      0.286      0.908      0.146      0.023     -0.187     -0.355
134.1500     -29979.122   -29988.088        8.966   359.4      0.362      0.544     -0.523     -0.354     -0.487      0.318
134.2000     -29978.754   -29987.723        8.968   359.5     -0.054     -0.810     -0.233     -0.077     -0.221      0.264
134.2500     -29979.686   -29987.736        8.050   322.7     -0.668     -0.561     -0.982      0.077      0.357     -0.446
134.3000     -29979.544   -29987.865        8.321   333.6      0.367     -0.337     -0.035      0.784      0.214      0.494
134.3500     -29979.631   -29988.350        8.719   349.5     -0.095     -0.583     -0.409     -0.400      0.109     -0.078
134.4000     -29979.804   -29988.100        8.296   332.5     -0.313     -0.403     -0.973      0.378     -0.082     -0.054
134.4500     -29979.638   -29988.109        8.471   339.6      0.881     -0.183      0.418     -0.036     -0.010      0.494
134.5000     -29979.781   -29988.375        8.594   344.5      0.006      0.255     -0.289      0.182     -0.217      0.025
134.5500     -29979.513   -29987.732        8.219   329.5      0.220     -0.400     -0.269      0.614     -0.353     -0.242
134.6000     -29979.618   -29987.875        8.257   331.0      0.308     -0.251      0.099     -0.359     -0.490     -0.389
134.6500     -29979.284   -29987.402        8.118   325.4     -0.590      0.450      0.060      0.692      0.152      0.513
134.7000     -29979.444   -29987.906        8.462   339.2     -0.793     -0.724     -0.290     -0.401      0.426     -0.121
134.7500     -29979.555   -29988.088        8.533   342.1     -0.088      0.322      0.384      0.304     -0.231     -0.122
134.8000     -29978.930   -29988.119        9.190   368.4      0.193     -0.669      0.662     -0.486      0.368      0.321
134.8500     -29979.234   -29987.572        8.338   334.2      0.927      0.735      0.476      0.173      0.410     -0.392
134.9000     -29978.650   -29988.072        9.423   377.7     -0.182     -0.277     -0.428     -0.051     -0.419      0.207
134.9500     -29979.133   -29987.836        8.703   348.8     -0.655     -0.426      0.271      0.045      0.350     -0.267
135.0000     -29979.703   -29988.305        8.602   344.8      0.374     -0.227     -0.665     -0.459     -0.045     -0.870
135.0500     -29979.531   -29988.574        9.043   362.5     -0.823     -0.506     -0.439      0.313     -0.168      0.165
135.1000     -29978.986   -29987.750        8.764   351.3      0.648     -0.234     -0.453      0.123     -0.185     -0.500
135.1500     -29979.130   -29988.363        9.233   370.1     -0.901     -0.706     -0.472      0.031      0.322     -0.197
135.2000     -29979.437   -29988.369        8.933   358.1     -0.148     -0.587     -0.475     -0.233      0.181     -0.220
135.2500     -29980.173   -29988.484        8.311   333.1     -0.749     -0.612      0.110     -0.155      0.079      0.375
135.3000     -29980.621   -29988.752        8.131   325.9     -0.746     -0.640     -0.453     -0.208      0.047     -0.060
135.3500     -29980.369   -29989.551        9.182   368.1     -0.664     -0.512     -0.213      0.188     -0.039     -0.223
135.4000     -29980.426   -29988.834        8.408   337.0      1.633      0.257     -0.426     -0.311     -0.326      0.248
135.4500     -29980.137   -29988.234        8.097   324.6     -0.631     -0.942     -0.804      0.508      0.753     -0.156
135.5000     -29980.190   -29988.486        8.296   332.5     -0.783      0.125     -0.607      0.505     -0.571     -0.197
135.5500     -29980.125   -29987.975        7.850   314.7      1.230     -0.239     -0.362      0.108      0.365     -0.161
135.6000     -29980.263   -29988.635        8.372   335.6      0.327      0.094      0.824      0.358     -0.237     -0.348
135.6500     -29980.438   -29988.676        8.238   330.2     -0.758      0.454      0.477     -0.069      0.112      0.242
135.7000     -29979.936   -29987.812        7.877   315.7      0.245     -0.864     -0.152      0.296     -0.390     -0.171
135.7500     -29979.838   -29988.607        8.769   351.5     -0.961     -0.150     -0.989      0.256      0.206      0.040
135.8000     -29979.755   -29988.223        8.468   339.4      0.425     -0.411     -0.854      0.154      0.030      0.469
135.8500     -29979.502   -29988.109        8.607   345.0     -0.302     -0.331      0.321     -0.749      0.044     -0.051
135.9000     -29979.898   -29988.178        8.279   331.9     -0.893      0.023     -0.757      0.469      0.668     -0.023
135.9500     -29979.492   -29987.777        8.285   332.1      0.552      0.161      0.728     -0.505      0.503      0.225
136.0000     -29979.836   -29988.008        8.172   327.6      0.007     -0.043     -0.021      0.266     -0.060     -0.132
136.0500     -29979.996   -29988.520        8.524   341.7     -0.703     -0.643     -0.279      0.068      0.364      0.113
136.1000     -29980.091   -29988.143        8.052   322.8     -0.425      0.277      0.250     -0.479     -0.437      0.085
136.1500     -29979.821   -29988.113        8.292   332.4      0.736     -0.595     -0.984     -0.060      0.348      0.293
136.2000     -29979.770   -29987.914        8.144   326.4     -0.137     -0.726     -0.296      0.544     -0.735     -0.027
136.2500     -29979.945   -29987.498        7.553   302.8      0.045      0.120     -0.270     -0.257      0.005     -0.324
136.3000     -29980.445   -29989.201        8.756   351.0     -0.513     -0.341     -0.355      0.590      0.208      0.089
136.3500     -29980.633   -29988.391        7.758   311.0     -1.239     -0.633      0.248     -0.390      0.057      0.452
136.4000     -29980.205   -29988.457        8.252   330.8     -0.779      0.656     -0.615     -0.510      0.249     -0.203
136.4500     -29980.359   -29988.178        7.818   313.4     -0.125     -0.459      0.399      0.146     -0.014     -0.286
136.5000     -29980.588   -29988.330        7.742   310.3      0.492      0.439      0.520     -0.476      0.630      0.337
136.5500     -29980.723   -29988.486        7.763   311.2      0.217     -0.638     -0.439      0.260     -0.318     -0.079
136.6000     -29980.962   -29988.436        7.473   299.6     -0.556     -0.010      0.133      0.179      0.254      0.037
136.6500     -29981.036   -29988.795        7.759   311.0     -0.078      0.045      0.529     -0.570     -0.105     -0.361
136.7000     -29980.897   -29988.787        7.890   316.3     -0.736     -0.441      0.267      0.252     -0.123      0.390
136.7500     -29981.020   -29988.336        7.316   293.3     -1.112     -0.450      0.740     -0.193     -0.263      0.091
136.8000     -29980.428   -29989.102        8.673   347.7     -0.091     -0.408     -0.461      0.120     -0.089      0.060
136.8500     -29979.912   -29987.984        8.072   323.6     -1.068     -0.492      0.081     -0.342     -0.001     -0.302
136.9000     -29979.145   -29988.219        9.074   363.7     -0.545      0.623     -0.696     -0.233     -0.508      0.394
136.9500     -29979.238   -29987.736        8.498   340.6      0.419     -0.950     -0.672      0.072      0.012      0.578
137.0000     -29979.845   -29988.277        8.433   338.0     -0.469     -0.225      0.120      0.224     -1.076     -0.060
137.0500     -29979.771   -29987.314        7.543   302.4     -1.026      0.512     -0.087      0.587     -0.278     -0.364
137.1000     -29980.130   -29987.750        7.620   305.4      0.281      0.030     -0.568     -0.219      0.341      0.084
137.1500     -29980.370   -29988.924        8.554   342.9     -0.544     -0.194      0.344     -0.682     -0.144     -0.189
137.2000     -29980.304   -29989.010        8.705   349.0      0.823      0.797      0.685      0.303      0.089      0.117
137.2500     -29980.688   -29988.836        8.148   326.6      0.847      0.128      0.155      0.280     -0.269      0.274
137.3000     -29980.634   -29988.832        8.198   328.6     -0.309     -0.144      0.483     -0.100      0.306     -0.106
137.3500     -29980.792   -29989.455        8.663   347.3     -0.131     -0.436      0.050      0.397     -0.004      0.137
137.4000     -29980.774   -29988.922        8.148   326.6      0.332      0.647      0.500     -0.064      0.101      0.353
137.4500     -29980.431   -29988.416        7.985   320.1      0.524      0.668      0.519      0.350     -0.069     -0.233
137.5000     -29980.079   -29988.908        8.829   353.9      0.116      0.395      0.175      0.187      0.187      0.144
137.5500     -29980.830   -29988.814        7.985   320.1     -0.376      0.075     -0.214     -0.585     -0.160     -0.332
137.6000     -29980.764   -29988.500        7.736   310.1      0.605      0.513     -0.646      0.185     -0.327     -0.209
137.6500     -29980.937   -29988.846        7.908   317.0      0.420     -0.017      0.047      0.346     -0.047      0.169
137.7000     -29981.208   -29989.014        7.806   312.9      0.098      0.448     -0.387     -0.164     -0.028     -0.183
137.7500     -29980.921   -29988.830        7.909   317.0     -0.301      0.216      0.988     -0.171      0.406     -0.267
137.8000     -29981.130   -29989.238        8.108   325.0     -0.013      0.263      0.353     -0.198      0.080     -0.510
137.8500     -29980.459   -29988.434        7.974   319.7     -0.299     -0.259     -0.110     -0.031     -0.300      0.215
137.9000     -29980.325   -29988.066        7.741   310.3     -0.649      0.420     -0.465      0.321     -0.333     -0.056
137.9500     -29980.605   -29988.150        7.546   302.5      0.178     -0.759     -0.068     -0.270      0.094     -0.420
138.0000     -29980.420   -29988.607        8.187   328.2     -0.788     -0.162     -0.426      0.587      0.057      0.151
138.0500     -29980.487   -29989.678        9.191   368.4      0.113     -0.743     -0.480      0.050     -0.152      0.163
138.1000     -29980.370   -29988.734        8.364   335.3     -0.583      0.013     -0.361     -0.109     -0.100     -0.392
138.1500     -29980.674   -29988.787        8.114   325.2     -0.679     -0.547     -0.919     -0.370     -0.139     -0.161
138.2000     -29980.531   -29988.924        8.393   336.4     -0.067     -0.413     -0.084     -0.207      0.422     -0.115
138.2500     -29980.565   -29988.619        8.054   322.8     -0.457     -0.579      0.317     -0.231     -0.081      0.422
138.3000     -29980.087   -29988.066        7.979   319.8     -0.014     -0.624      0.693      0.006      0.814     -0.383
138.3500     -29979.883   -29987.930        8.046   322.5     -0.028      0.414      0.420      0.612     -0.675     -0.338
138.4000     -29980.390   -29988.336        7.946   318.5      0.022      0.425      0.419     -0.249     -0.143     -0.634
138.4500     -29980.486   -29988.967        8.480   339.9     -0.045     -1.068     -0.330      0.118      0.489     -0.093
138.5000     -29980.574   -29989.129        8.555   342.9     -0.460      0.561      0.320      0.116     -0.469     -0.118
138.5500     -29980.713   -29989.557        8.844   354.5      0.317      0.111      0.327      0.085      0.072     -0.150
138.6000     -29981.103   -29989.543        8.440   338.3     -0.267     -0.407     -0.541     -0.057      0.334      0.124
138.6500     -29980.667   -29988.748        8.081   323.9     -0.506      0.381     -1.112     -0.374      0.481     -0.110
138.7000     -29980.450   -29988.234        7.785   312.0     -0.340     -0.327      0.209      0.645     -0.249      0.189
138.7500     -29980.341   -29988.277        7.936   318.1     -0.500     -0.026     -0.752     -0.212      0.194      0.637
138.8000     -29979.921   -29988.539        8.618   345.5     -0.286      0.250      0.201      0.024      0.671     -0.692
138.8500     -29979.195   -29987.867        8.673   347.6     -0.492     -0.630     -0.152     -0.396     -0.117     -0.024
138.9000     -29979.142   -29987.984        8.842   354.4      0.021      0.607      0.522      0.288      0.134     -0.492
138.9500     -29978.976   -29987.754        8.778   351.8      0.335      0.654      0.146      0.241      0.052      0.055
139.0000     -29979.272   -29987.709        8.437   338.2     -0.081     -0.091      0.097      0.060     -0.211     -0.411
139.0500     -29979.465   -29988.221        8.755   351.0      0.229      0.032     -0.023     -0.471      0.188      0.165
139.1000     -29979.218   -29987.938        8.719   349.5     -1.538     -0.985     -1.126     -0.269      0.068     -0.059
139.1500     -29979.526   -29988.203        8.677   347.8     -0.513     -1.370     -1.209      0.317     -0.024     -0.403
139.2000     -29979.694   -29988.809        9.115   365.4      0.426     -0.900      0.224      0.083     -0.053      0.239
139.2500     -29979.773   -29987.621        7.848   314.6      0.275     -0.675     -0.160     -0.379     -0.747      0.261
139.3000     -29979.583   -29988.570        8.987   360.2     -0.393     -0.012     -0.084      0.412      0.224     -0.289
139.3500     -29979.519   -29988.547        9.028   361.9      0.907     -0.211      0.911     -0.174      0.478      0.006
139.4000     -29979.423   -29987.865        8.442   338.4     -1.393     -0.291     -0.481     -0.323      0.228     -0.102
139.4500     -29979.853   -29988.537        8.684   348.1     -0.201     -0.650     -0.276      0.872     -0.330     -0.782
139.5000     -29980.324   -29988.510        8.186   328.1     -0.334     -0.016     -0.499     -0.223     -0.038      0.815
139.5500     -29980.953   -29989.127        8.174   327.6      0.083     -0.187      0.666      0.061      0.048      0.077
139.6000     -29981.004   -29989.738        8.735   350.1     -0.158     -0.252     -0.643      0.658      0.526     -0.526
139.6500     -29980.974   -29989.102        8.127   325.8     -0.198      0.161      0.595      0.035     -0.564      0.303
139.7000     -29980.619   -29989.396        8.778   351.9     -0.020     -0.377      0.009     -0.349     -0.014     -0.415
139.7500     -29980.733   -29989.336        8.603   344.8      0.265     -0.744     -0.695      0.417      0.361     -0.361
139.8000     -29980.721   -29989.629        8.908   357.1     -0.418     -1.006     -0.008     -0.553     -0.463     -0.331
139.8500     -29980.617   -29989.396        8.779   351.9      0.195     -0.362     -0.657     -0.068      0.109      0.062
139.9000     -29980.813   -29988.807        7.994   320.4      0.270      0.310     -0.349     -0.045      0.311     -0.174
139.9500     -29980.497   -29989.213        8.716   349.4     -0.027     -0.908     -0.530      0.207     -0.076      0.185
140.0000     -29981.162   -29988.799        7.637   306.1     -1.214     -1.391     -1.030     -0.005     -0.106     -0.767
140.0500     -29980.615   -29988.246        7.631   305.9      0.196      0.161      0.954     -0.446     -0.126     -0.014
140.1000     -29980.495   -29988.848        8.352   334.8     -0.469     -0.801     -0.456      0.308     -0.382     -0.023
140.1500     -29980.370   -29988.266        7.896   316.5      0.316      0.420      0.582     -0.065     -0.081      0.320
140.2000     -29980.383   -29988.566        8.183   328.0     -0.396     -0.207      0.199      0.120      0.196     -0.736
140.2500     -29980.552   -29988.541        7.989   320.3      0.307      0.311      0.188      0.120      0.105     -0.016
140.3000     -29979.811   -29987.949        8.138   326.2     -0.561     -0.649     -0.532     -0.114     -0.155     -0.046
140.3500     -29979.573   -29988.359        8.787   352.2      0.138      0.622      0.029      0.179     -0.108     -0.331
140.4000     -29979.080   -29987.789        8.709   349.1     -0.191     -1.109     -0.246      0.138     -0.149      0.029
140.4500     -29978.910   -29987.158        8.248   330.6     -0.978      0.034      0.380      0.141     -0.155     -0.094
140.5000     -29979.163   -29987.760        8.597   344.6      0.235     -1.330     -0.222      0.377      0.425     -0.276
140.5500     -29979.030   -29987.934        8.903   356.9     -0.383     -0.571     -0.655     -0.124      0.047     -0.004
140.6000     -29979.060   -29988.453        9.393   376.5     -0.387     -0.183     -0.106      0.250     -0.098      0.012
140.6500     -29979.375   -29988.295        8.920   357.5     -0.303     -1.045     -0.805     -0.229      0.097     -0.031
140.7000     -29978.955   -29988.471        9.515   381.4      0.056     -0.669     -0.312      0.150      0.779     -0.412
140.7500     -29980.352   -29988.939        8.588   344.2     -0.239      0.345      0.118     -0.305     -0.257     -0.175
140.8000     -29981.213   -29988.869        7.657   306.9     -0.193     -0.677      0.047      0.517      0.139      0.205
140.8500     -29981.346   -29989.395        8.048   322.6     -0.575      0.601      0.135     -0.392      0.464      0.087
140.9000     -29981.555   -29989.051        7.496   300.5      0.942     -0.372      0.258      0.480      0.239      0.386
140.9500     -29981.766   -29989.689        7.923   317.6     -0.651     -0.250     -0.428      0.446      0.189      0.472
141.0000     -29982.212   -29990.053        7.841   314.3      0.238      0.096      0.094     -0.236     -0.022      0.006
141.0500     -29982.077   -29989.992        7.915   317.3     -0.154      0.065      0.429     -0.354      1.156      0.307
141.1000     -29981.349   -29989.469        8.120   325.5     -0.662     -1.046     -0.484     -0.119     -0.094      0.751
141.1500     -29981.720   -29989.873        8.153   326.8     -0.301     -0.175     -0.686      0.198      0.579     -0.375
141.2000     -29981.945   -29989.930        7.985   320.1     -0.081     -0.232      0.063      0.541      0.075      0.068
141.2500     -29981.520   -29989.361        7.841   314.3     -0.168      0.973     -0.340     -0.041     -0.092     -0.405
141.3000     -29981.391   -29989.217        7.826   313.7     -0.619     -0.060      0.205      0.045      0.331     -0.289
141.3500     -29981.114   -29988.504        7.390   296.2     -0.438      0.734     -0.368     -0.145      0.074     -0.303
141.4000     -29981.244   -29989.656        8.412   337.2     -0.372     -0.288     -0.331     -0.260      0.288      0.119
141.4500     -29980.833   -29988.582        7.749   310.6     -0.091     -0.281      0.040     -0.519     -0.444      0.242
141.5000     -29981.471   -29989.363        7.893   316.4     -0.275      0.312     -0.071      0.917      0.434      0.255
141.5500     -29981.337   -29989.037        7.701   308.7      0.055      0.091      0.867     -0.126      0.271     -0.375
141.6000     -29981.464   -29989.422        7.958   319.0     -1.269      1.267      0.150     -0.072     -0.238     -0.127
141.6500     -29981.803   -29989.922        8.119   325.4      0.278      0.196      0.131      0.248      0.230      0.160
141.7000     -29980.968   -29988.934        7.965   319.3     -1.018      0.126     -0.164      0.125      0.221     -0.123
141.7500     -29981.230   -29988.928        7.698   308.6      0.529     -0.598      0.144      0.424      0.114     -0.081
141.8000     -29980.632   -29988.232        7.601   304.7     -0.049     -0.393      0.023      0.023     -0.615     -0.118
141.8500     -29980.888   -29988.520        7.632   305.9      0.214      0.650      0.166     -0.312      0.509      0.200
141.9000     -29980.654   -29988.732        8.078   323.8      0.181      0.134     -0.182      0.034      0.109     -0.043
141.9500     -29980.507   -29989.283        8.776   351.8     -0.201     -0.316      0.898     -0.256      0.405      0.026
142.0000     -29980.734   -29989.049        8.315   333.3     -0.336      0.720     -0.363     -0.472     -0.114     -0.169
142.0500     -29980.156   -29988.717        8.561   343.2      0.637      1.279      1.108      0.427      0.056     -0.162
142.1000     -29980.049   -29987.979        7.929   317.8     -0.934     -0.856     -1.222     -0.361     -0.337      0.184
142.1500     -29980.063   -29988.445        8.382   336.0     -0.898     -0.980     -1.416      0.243     -0.066      0.135
142.2000     -29980.350   -29988.662        8.312   333.2     -0.687      0.151     -1.360      0.278      0.040      0.183
142.2500     -29980.435   -29989.527        9.092   364.4      0.066      0.377     -0.367      0.140      0.029      0.313
142.3000     -29980.741   -29988.980        8.239   330.3      0.734      0.955      0.023      0.182     -0.313      0.084
142.3500     -29980.849   -29988.689        7.841   314.3     -1.385      0.264     -1.040     -0.129      0.426     -0.762
142.4000     -29981.036   -29989.277        8.241   330.3      0.116     -0.250     -0.747     -0.007      0.192     -0.503
142.4500     -29981.532   -29989.855        8.324   333.6     -0.513     -0.581     -0.514     -0.162      0.328      0.003
142.5000     -29981.125   -29989.619        8.495   340.5      0.034      0.366     -0.013     -0.133     -0.464      0.366
142.5500     -29981.554   -29989.412        7.858   315.0      0.338     -0.823     -0.008     -0.051      0.141      0.183
142.6000     -29980.830   -29989.109        8.279   331.9      0.277     -0.428     -0.079     -0.190      0.071     -0.156
142.6500     -29980.691   -29989.150        8.459   339.1     -0.158     -0.358     -0.271     -0.214     -0.284     -0.162
142.7000     -29980.932   -29989.178        8.246   330.5     -1.012     -0.590     -0.393      0.608     -0.202     -0.262
142.7500     -29981.295   -29989.316        8.021   321.5     -0.875      0.239      0.133     -0.087     -0.006      0.052
142.8000     -29980.972   -29988.918        7.946   318.5     -1.092     -0.721     -0.874     -0.055     -0.506      0.278
142.8500     -29981.005   -29989.020        8.014   321.2     -0.150      0.213      1.232     -0.133     -0.325     -0.141
142.9000     -29981.301   -29989.490        8.189   328.2      0.654      0.808     -0.907      0.224     -0.249      0.267
142.9500     -29981.842   -29989.461        7.619   305.4     -0.829     -0.657     -0.203     -0.061      0.022      0.056
143.0000     -29981.340   -29989.596        8.255   330.9     -0.449     -0.577     -1.160     -0.386     -0.362     -0.360
143.0500     -29981.334   -29988.902        7.569   303.4     -1.062     -0.630     -0.967      0.468     -0.177     -1.052
143.1000     -29981.507   -29989.141        7.634   306.0     -0.111     -0.927     -0.647     -0.137      0.470      0.458
143.1500     -29981.115   -29988.494        7.379   295.8     -1.477     -0.511      0.017      0.191      0.013      0.028
143.2000     -29981.228   -29988.730        7.502   300.7     -0.065     -1.242     -0.467      0.326     -0.357      0.421
143.2500     -29981.631   -29988.871        7.240   290.2     -0.320      0.440      0.094     -0.700     -0.278     -0.017
143.3000     -29981.475   -29989.436        7.961   319.1     -0.496     -0.425     -0.670      0.051      0.386     -0.470
143.3500     -29981.363   -29988.750        7.387   296.1     -0.737     -1.267     -0.291      0.227      0.148      0.171
143.4000     -29980.624   -29989.178        8.553   342.9     -1.109     -0.282      0.221     -0.466     -0.202     -0.242
143.4500     -29980.739   -29989.967        9.228   369.9     -0.341     -1.096     -0.448      0.091      0.118      0.764
143.5000     -29981.216   -29989.678        8.461   339.2      0.469      0.345      1.027      0.733     -0.142     -0.706
143.5500     -29980.705   -29988.965        8.259   331.1     -1.012     -1.532     -0.599     -0.662      0.218      0.946
143.6000     -29980.397   -29988.875        8.478   339.8     -1.009     -0.656     -0.817     -0.210      0.225      0.245
143.6500     -29980.468   -29988.650        8.182   328.0      0.289     -0.760     -1.242      0.107      0.347     -0.615
143.7000     -29980.612   -29989.102        8.489   340.3     -0.318     -1.199      0.212     -0.311      0.078      0.252
143.7500     -29980.414   -29989.027        8.613   345.2     -0.237      0.132     -0.267     -0.099     -0.138     -0.421
143.8000     -29980.862   -29988.719        7.856   314.9     -0.231     -0.150     -0.473      0.139     -0.566     -0.175
143.8500     -29981.205   -29989.447        8.242   330.4     -1.290     -0.893     -0.506     -0.267     -0.415     -0.506
143.9000     -29981.614   -29989.787        8.173   327.6     -0.087     -0.435     -0.527      0.009      0.262     -0.053
143.9500     -29981.496   -29989.602        8.106   324.9     -0.622     -0.085     -0.418     -0.049      0.067     -0.418
144.0000     -29980.850   -29989.449        8.599   344.7     -0.086      0.532     -0.460     -0.627     -0.074     -0.043
144.0500     -29981.186   -29989.684        8.498   340.6     -0.667     -0.354     -0.483     -0.181      0.187     -0.764
144.1000     -29981.451   -29989.027        7.577   303.7     -0.539     -0.811     -0.716      0.128      0.084     -0.063
144.1500     -29981.663   -29989.523        7.861   315.1      0.512     -0.587     -0.304      0.314      0.856     -0.085
144.2000     -29981.726   -29989.221        7.494   300.4     -0.663      0.248     -0.461      0.038      0.052     -0.117
144.2500     -29981.110   -29989.051        7.940   318.3     -0.204      0.100     -0.899      0.208      0.330     -0.445
144.3000     -29981.195   -29989.371        8.176   327.7     -0.402     -0.415     -1.011      0.152      0.390     -0.796
144.3500     -29980.949   -29989.602        8.652   346.8     -0.017     -0.091      0.786      0.179      0.591     -0.338
144.4000     -29981.259   -29988.775        7.516   301.3     -1.063      0.008      0.268     -0.079     -0.561     -0.748
144.4500     -29981.524   -29989.553        8.029   321.8      0.573      0.108     -0.578      0.023     -0.065      0.007
144.5000     -29981.553   -29989.158        7.606   304.9     -0.485     -0.514      0.188     -0.217      0.522      0.083
144.5500     -29981.459   -29989.797        8.338   334.2      0.595     -0.599     -0.843      0.354     -0.149      0.031
144.6000     -29981.566   -29989.570        8.004   320.8      0.706     -0.764     -0.098     -0.175     -0.041     -0.543
144.6500     -29981.468   -29990.068        8.601   344.8      0.257      0.719      0.381     -0.199     -0.116     -0.240
144.7000     -29981.586   -29989.256        7.670   307.5      1.077      0.534      0.005      0.138     -0.022     -0.059
144.7500     -29981.729   -29989.355        7.626   305.7     -0.615     -0.255     -0.018     -0.115     -0.205     -0.070
144.8000     -29981.669   -29989.541        7.872   315.5     -1.224     -1.480     -0.812      0.078      0.442     -0.049
144.8500     -29982.111   -29989.680        7.569   303.4      0.037     -0.635     -0.941     -0.536     -0.247     -0.233
144.9000     -29981.781   -29989.875        8.094   324.4     -0.799     -0.527      0.640      0.315      0.039      0.321
144.9500     -29981.412   -29988.689        7.277   291.7     -0.950      0.754     -1.044      0.466     -0.703      0.127
145.0000     -29980.989   -29989.260        8.271   331.5      0.331      0.635      0.283     -0.180      0.467     -0.488
145.0500     -29980.902   -29988.787        7.885   316.1      0.277      1.391     -0.067     -0.083     -0.534     -0.052
145.1000     -29980.686   -29989.234        8.549   342.7     -0.162     -0.932     -0.658     -0.104      0.212      0.384
145.1500     -29981.022   -29989.922        8.900   356.8      0.393      0.117     -0.434     -0.646      0.702     -0.497
145.2000     -29980.842   -29989.242        8.400   336.7      0.176     -0.451     -0.368      0.484      0.166      0.089
145.2500     -29979.896   -29988.641        8.744   350.5     -0.717     -0.729     -2.240     -0.137     -0.100      0.703
145.3000     -29979.666   -29988.309        8.642   346.4     -0.848      0.132      0.283     -0.988     -0.073     -0.047
145.3500     -29979.814   -29988.713        8.899   356.7     -0.356     -0.682     -0.384      0.443     -0.133     -0.066
145.4000     -29979.856   -29988.383        8.527   341.8     -0.334     -0.287     -0.327     -0.205      0.270     -0.114
145.4500     -29980.041   -29988.373        8.332   334.0     -0.362     -0.703     -0.127      0.020      0.129     -0.074
145.5000     -29979.930   -29988.176        8.246   330.5     -0.531     -0.407     -0.432     -0.027     -0.056     -0.269
145.5500     -29979.969   -29988.957        8.988   360.3     -0.834     -0.626     -0.856     -0.376      0.118     -0.444
145.6000     -29979.967   -29988.582        8.615   345.3     -0.488     -0.612     -0.754     -0.482      0.154     -0.198
145.6500     -29979.218   -29988.473        9.255   371.0     -0.695      0.508      0.375     -0.027     -0.398     -0.199
145.7000     -29979.224   -29987.637        8.413   337.2      0.458     -0.915     -0.145      0.137     -0.384     -0.086
145.7500     -29979.928   -29987.629        7.701   308.7     -0.888      1.085      0.751      0.023      0.578      0.322
145.8000     -29980.422   -29988.482        8.061   323.1      0.756      0.240     -0.942     -0.245      0.217      0.023
145.8500     -29980.164   -29988.529        8.365   335.3     -0.295     -0.271     -0.133      0.179      0.061      0.007
145.9000     -29979.957   -29988.426        8.469   339.5     -0.325      0.236     -0.677      0.019      0.234     -0.447
145.9500     -29979.385   -29988.701        9.316   373.4     -1.079     -0.105     -0.196      0.229      0.008      0.273
146.0000     -29979.538   -29987.635        8.097   324.6      0.283     -0.053     -0.082      0.436      0.002     -0.747
146.0500     -29979.974   -29987.443        7.470   299.4     -0.358     -0.259     -0.488     -0.104     -0.127     -0.314
146.1000     -29980.038   -29988.365        8.327   333.8      0.021     -0.898     -0.335     -0.374     -0.525      0.321
146.1500     -29979.291   -29987.395        8.104   324.8      0.891     -0.164     -0.010     -0.162      0.114     -0.156
146.2000     -29980.024   -29988.010        7.986   320.1     -1.393     -0.911     -0.375      0.186     -0.107      0.169
146.2500     -29980.166   -29988.158        7.992   320.4      0.918      0.316     -0.353     -0.090     -0.227     -0.397
146.3000     -29979.649   -29987.773        8.125   325.7     -0.456     -0.275     -0.137      0.405      0.518     -0.126
146.3500     -29979.649   -29988.129        8.480   339.9     -0.374     -0.264     -0.012     -0.076      0.538      0.128
146.4000     -29979.570   -29987.541        7.971   319.5      0.846     -0.023     -1.206     -0.179     -0.075      0.070
146.4500     -29979.322   -29988.045        8.723   349.7     -0.876     -0.082     -0.960     -0.022     -0.182     -0.004
146.5000     -29979.228   -29987.771        8.543   342.5     -1.002     -0.812     -1.493     -0.273     -0.157      0.523
146.5500     -29979.353   -29988.152        8.799   352.7     -0.052     -0.833      0.006     -0.669      0.052      0.141
146.6000     -29979.125   -29988.494        9.369   375.5      0.311      0.071     -0.480     -0.143      0.129      0.025
146.6500     -29980.140   -29988.748        8.608   345.1      0.614     -0.897     -0.580      0.473     -0.585      0.059
146.7000     -29980.348   -29988.273        7.925   317.7     -0.118      0.037     -0.442     -0.188     -0.647     -0.155
146.7500     -29979.445   -29988.197        8.752   350.8      0.086      0.544     -0.369      0.243     -0.170      0.265
146.8000     -29979.416   -29987.865        8.449   338.7     -0.550     -0.606     -0.382      0.392      0.102      0.268
146.8500     -29979.367   -29987.545        8.178   327.8     -0.118     -0.500     -0.379     -0.109     -0.330     -0.034
146.9000     -29979.306   -29987.002        7.696   308.5      0.084     -0.485      0.405      0.251     -0.078      0.047
146.9500     -29979.038   -29987.609        8.571   343.6     -0.500     -0.403      0.491      0.015     -0.231      0.149
147.0000     -29979.345   -29988.123        8.778   351.9      0.196      1.006      0.011      0.020      0.282     -0.038
147.0500     -29979.556   -29987.424        7.867   315.4     -0.435     -1.044     -0.032      0.078     -0.700     -0.364
147.1000     -29979.531   -29987.496        7.965   319.3      1.127      0.739      0.002      0.037      0.280      0.058
147.1500     -29979.804   -29988.209        8.405   336.9      0.152     -0.382      0.163      0.150     -0.317     -0.033
147.2000     -29980.008   -29988.156        8.148   326.6     -1.170      0.008     -0.490     -0.272     -0.181      0.401
147.2500     -29980.198   -29988.627        8.429   337.9     -0.145      0.172     -0.481     -0.535      0.201     -0.659
147.3000     -29980.430   -29988.213        7.783   312.0     -0.733     -0.322     -0.184     -0.160      0.190     -0.007
147.3500     -29980.729   -29988.617        7.888   316.2      0.322     -0.032     -0.163      0.279     -0.232      0.020
147.4000     -29980.744   -29988.912        8.168   327.4     -0.375      0.646     -0.516      0.379      0.318      0.110
147.4500     -29980.368   -29988.174        7.806   312.9     -0.514     -0.576      0.367      0.460     -0.194     -0.208
147.5000     -29980.308   -29988.764        8.455   338.9     -0.355     -0.673     -0.878      0.285      0.218     -0.306
147.5500     -29980.113   -29989.057        8.944   358.5      0.915     -0.093      0.890     -0.404     -0.231      0.416
147.6000     -29980.088   -29989.109        9.021   361.6     -0.495      0.083     -0.549     -0.163     -0.021     -0.071
147.6500     -29980.431   -29989.066        8.635   346.1     -0.263     -0.258      0.796      0.445      0.128      0.449
147.7000     -29980.844   -29989.168        8.324   333.7     -0.841     -0.888     -1.440      0.333     -0.649      0.055
147.7500     -29980.726   -29989.035        8.309   333.1     -0.158     -0.490      0.115     -0.195      0.346      0.193
147.8000     -29981.008   -29988.652        7.644   306.4      0.468      0.285      0.477     -0.127     -0.297      0.008
147.8500     -29980.359   -29988.225        7.865   315.3     -0.228     -0.365     -0.309     -0.257     -0.291      0.266
147.9000     -29980.618   -29988.754        8.136   326.1     -0.591     -0.180      0.339     -0.226      0.347     -0.055
147.9500     -29980.940   -29989.059        8.119   325.4     -0.131     -0.693     -0.206      0.081      0.651      0.237
148.0000     -29980.829   -29988.801        7.972   319.6     -0.568     -1.131     -0.142      0.317      0.346     -0.081
148.0500     -29981.146   -29989.299        8.153   326.8     -0.069     -0.899     -0.662     -0.053     -0.332      0.386
148.1000     -29981.265   -29989.650        8.386   336.1     -0.237      0.341     -0.310     -0.134      0.370     -0.408
148.1500     -29981.044   -29988.525        7.482   299.9     -1.092      0.498     -0.361     -0.614      0.157      0.053
148.2000     -29980.691   -29989.043        8.352   334.8     -0.485     -0.880      0.253     -0.311     -0.131      0.271
148.2500     -29981.051   -29989.312        8.262   331.2     -0.278     -0.208      0.010      0.355      0.321     -0.140
148.3000     -29980.863   -29989.164        8.301   332.7     -0.435     -0.642     -0.127      0.039     -0.173      0.086
148.3500     -29981.265   -29989.590        8.325   333.7     -0.410     -1.344     -0.877     -0.005      0.299      0.000
148.4000     -29981.518   -29988.982        7.464   299.2     -0.412     -0.530     -0.702      0.172      0.079      0.094
148.4500     -29981.818   -29989.742        7.924   317.6     -0.025     -0.361     -0.437     -0.621     -0.264     -0.433
148.5000     -29981.680   -29989.646        7.967   319.4     -0.296     -0.639     -0.545      0.884      0.356      0.401
148.5500     -29982.130   -29989.809        7.678   307.8     -0.399     -0.577     -0.253     -0.217     -0.325      0.193
148.6000     -29981.886   -29990.184        8.298   332.6     -0.476     -0.905     -0.424     -0.058     -0.252     -0.345
148.6500     -29981.264   -29989.645        8.380   335.9      0.787      0.035      0.120     -0.252     -0.541      0.181
148.7000     -29981.546   -29989.586        8.040   322.3     -0.693     -0.445     -0.370     -0.209     -0.180     -0.420
148.7500     -29981.917   -29989.041        7.124   285.6     -0.152     -0.375     -0.371     -0.130      0.181      0.743
148.8000     -29981.307   -29989.707        8.400   336.7      0.917      0.260     -0.576      0.105      0.197      0.138
148.8500     -29981.074   -29989.906        8.832   354.0      0.510      0.305      0.076      0.201     -0.346      0.121
148.9000     -29980.481   -29988.865        8.384   336.1     -0.805      0.037     -0.538     -0.668      0.613      0.020
148.9500     -29980.253   -29988.348        8.095   324.5      1.012     -0.111     -0.873     -0.052     -0.492     -0.273
149.0000     -29980.228   -29989.268        9.040   362.4     -0.897      0.350      0.854      0.267     -0.011     -0.258
149.0500     -29980.347   -29988.422        8.075   323.7     -0.357     -0.680     -1.043      0.250     -0.010     -0.152
149.1000     -29980.602   -29988.055        7.452   298.7     -0.321     -0.146     -0.087     -0.484      0.122      0.077
149.1500     -29980.013   -29988.760        8.747   350.6     -0.101      0.207      0.021     -0.019     -0.594      0.294
149.2000     -29980.460   -29988.914        8.454   338.9     -0.111     -1.015     -0.485     -0.246     -0.383     -0.376
149.2500     -29980.408   -29988.291        7.883   316.0     -0.493     -1.243      0.199     -0.007      0.019     -0.384
149.3000     -29980.209   -29988.717        8.508   341.0     -0.913      0.073     -1.621      0.046      0.262     -0.153
149.3500     -29980.310   -29989.449        9.139   366.3      0.638     -0.551      0.076     -0.220     -0.078      0.061
149.4000     -29980.192   -29988.861        8.670   347.5     -0.670     -1.167      0.190      0.029      0.035     -0.267
149.4500     -29980.440   -29988.879        8.439   338.3     -0.215     -0.245     -0.033      0.116     -0.109     -0.345
149.5000     -29980.585   -29988.732        8.147   326.6     -0.350     -0.111     -0.799     -0.183      0.277      0.099
149.5500     -29980.594   -29988.754        8.160   327.1     -0.386      0.265      0.526      0.219     -0.153      0.038
149.6000     -29980.173   -29988.490        8.317   333.4      0.654     -0.523     -0.182     -0.324      0.052     -0.440
149.6500     -29979.719   -29988.490        8.771   351.6      0.578      0.709      1.508      0.004     -0.280     -0.063
149.7000     -29979.451   -29988.213        8.762   351.2      0.811      0.292      0.143     -0.180      0.019      0.309
149.7500     -29980.288   -29988.006        7.718   309.4     -0.376     -0.544      0.216     -0.452      0.173      0.393
149.8000     -29980.355   -29988.076        7.721   309.5      0.060     -0.101      0.461     -0.455      0.205     -0.384
149.8500     -29980.296   -29988.240        7.944   318.4     -0.802      0.222     -0.787      0.209     -0.045     -0.295
149.9000     -29980.591   -29988.123        7.532   301.9     -0.296     -0.041     -0.862      0.087     -0.629     -0.381
149.9500     -29980.911   -29989.002        8.091   324.3      0.217      0.657      0.310     -0.045      0.146      0.314
150.0000     -29980.821   -29989.250        8.429   337.9      0.091      0.770      0.300      0.203     -0.026      0.031
150.0500     -29980.405   -29988.574        8.169   327.4      0.156      0.072      0.144      0.510     -0.246      0.193
150.1000     -29980.337   -29988.535        8.198   328.6     -0.093      0.605      0.104     -0.249     -0.395     -0.066
150.1500     -29980.606   -29989.258        8.652   346.8      0.652     -0.128     -0.453     -0.187     -0.089     -0.286
150.2000     -29980.809   -29988.268        7.459   299.0     -0.100      0.560      0.356      0.084     -0.218      0.187
150.2500     -29980.666   -29988.957        8.291   332.3      0.015     -0.320      0.147     -0.325     -0.163     -0.350
150.3000     -29980.169   -29988.732        8.563   343.3     -0.331      0.398      0.026     -0.159     -0.266     -0.155
150.3500     -29980.156   -29987.908        7.752   310.7     -1.147      0.266      0.366     -0.527      0.071     -0.198
150.4000     -29980.285   -29988.277        7.992   320.4     -0.567      0.297      0.284     -0.554     -0.700      0.177
150.4500     -29979.798   -29988.174        8.376   335.8      0.693      0.635      0.182     -0.338      0.934      0.189
150.5000     -29979.668   -29987.334        7.666   307.3     -0.993     -0.734     -0.466     -0.085      0.454      0.307
150.5500     -29979.752   -29987.986        8.235   330.1     -0.243      0.272     -0.749     -0.634     -0.317      0.371
150.6000     -29979.926   -29987.861        7.936   318.1     -0.086      0.075      0.779      0.270     -0.128     -0.237
150.6500     -29979.586   -29988.039        8.453   338.8     -0.280      0.450     -0.726     -0.264      0.380      0.096
150.7000     -29979.748   -29988.090        8.342   334.4     -0.175     -0.123     -0.463      0.613      0.185     -0.281
150.7500     -29980.154   -29988.807        8.653   346.8      0.082     -0.197      0.059      0.237     -0.561     -0.279
150.8000     -29980.477   -29988.391        7.913   317.2     -0.682      0.483     -0.044     -0.298      0.091     -0.071
150.8500     -29980.407   -29988.748        8.341   334.3     -0.774     -0.072     -0.035     -0.072     -0.055      0.205
150.9000     -29980.642   -29988.342        7.700   308.6      0.540     -0.112      0.123      0.002      0.205      0.415
150.9500     -29980.767   -29988.453        7.686   308.1     -0.908     -0.553     -0.717      0.638      0.150      0.035
151.0000     -29980.868   -29989.244        8.376   335.7     -0.662     -0.393      0.791     -0.331      0.127      0.325
151.0500     -29981.496   -29989.449        7.953   318.8     -0.395     -0.685     -0.146     -0.438     -0.024      0.126
151.1000     -29981.249   -29989.908        8.660   347.1      0.294      0.196     -0.136      0.115     -0.278     -0.479
151.1500     -29980.573   -29988.791        8.218   329.4     -1.198     -0.272     -0.232     -0.036     -0.319      0.002
151.2000     -29980.489   -29989.135        8.646   346.6      0.332      0.567      0.547     -0.447      0.362      0.217
151.2500     -29980.265   -29988.840        8.574   343.7     -0.806     -0.545     -0.216      0.195      0.249     -0.426
151.3000     -29980.408   -29988.646        8.239   330.2      0.179     -0.528      0.071     -0.338      0.248      0.050
151.3500     -29980.758   -29988.572        7.815   313.2     -1.706     -0.819     -0.139     -0.120     -0.124      0.108
151.4000     -29980.846   -29988.752        7.906   316.9      0.141     -0.078      0.782      0.489      0.113     -0.271
151.4500     -29980.729   -29988.396        7.667   307.3     -0.329      0.282      0.367     -0.472      0.417      0.699
151.5000     -29980.564   -29988.271        7.707   308.9      1.061      0.486      0.521      0.333     -0.569      0.321
151.5500     -29980.586   -29989.234        8.648   346.7     -0.040     -0.010     -0.074      0.635     -0.594      0.373
151.6000     -29980.468   -29988.441        7.974   319.6     -0.214     -0.397     -0.637     -0.522      0.310      0.512
151.6500     -29980.008   -29988.457        8.449   338.7     -0.041     -0.256     -0.037     -0.316      0.525     -0.126
151.7000     -29980.234   -29989.525        9.292   372.5     -0.681     -1.058      0.134      0.492     -0.240     -0.092
151.7500     -29981.359   -29989.453        8.094   324.5     -0.378      0.134     -0.198      0.019     -0.169     -0.087
151.8000     -29981.542   -29989.410        7.868   315.4     -0.113     -0.107      0.038     -0.061     -0.370      0.200
151.8500     -29982.071   -29989.955        7.884   316.0      0.209     -0.386     -0.155      0.564      0.353      0.010
151.9000     -29981.724   -29990.117        8.393   336.4     -0.105      0.540     -0.410     -0.148     -0.212      0.092
151.9500     -29981.551   -29989.475        7.923   317.6      0.342      0.353      0.232     -0.363     -0.189     -0.249
152.0000     -29981.713   -29988.824        7.112   285.1      0.263     -0.940      0.005     -0.126     -0.316      0.167
152.0500     -29981.548   -29990.035        8.488   340.2     -1.058     -0.219     -1.122      0.397      0.616     -0.562
152.1000     -29981.154   -29989.521        8.367   335.4     -0.113     -0.040      0.146      0.060     -0.332      0.348
152.1500     -29981.125   -29990.141        9.016   361.4     -0.116     -0.071     -0.093     -0.135      0.298      0.090
152.2000     -29981.209   -29989.426        8.216   329.3     -0.820     -0.711      0.327      0.341      0.148     -0.016
152.2500     -29981.316   -29989.721        8.405   336.9      0.099     -0.904     -0.491     -0.146     -0.203     -0.138
152.3000     -29981.257   -29989.318        8.061   323.1     -0.025      0.214     -0.792     -0.160      0.259     -0.029
152.3500     -29981.240   -29989.318        8.079   323.8      0.808     -0.037     -0.030     -0.066     -0.178      0.489
152.4000     -29981.439   -29989.154        7.715   309.3     -0.963      0.438      0.638     -0.071     -0.653     -0.132
152.4500     -29981.515   -29989.635        8.119   325.5     -1.260     -0.827     -0.689     -0.226     -0.355     -0.612
152.5000     -29981.469   -29990.016        8.546   342.6     -1.075     -0.896     -0.325     -0.078     -0.298      0.351
152.5500     -29981.549   -29989.656        8.107   325.0     -0.289     -0.532     -0.044     -0.652      0.070     -0.125
152.6000     -29982.009   -29989.191        7.182   287.9     -0.201      0.069     -0.534      0.444     -0.044     -0.335
152.6500     -29981.842   -29989.953        8.111   325.1      0.187     -0.558      0.215     -0.218     -0.220     -0.236
152.7000     -29982.119   -29990.291        8.172   327.6     -0.059     -0.900      0.270     -0.060      0.261      0.273
152.7500     -29982.248   -29989.637        7.388   296.2      0.156      0.157     -0.290      0.160     -0.290     -0.353
152.8000     -29982.301   -29989.143        6.842   274.2     -0.534     -0.739      0.369     -0.137     -0.181      0.648
152.8500     -29982.339   -29989.580        7.241   290.2     -0.417     -0.150     -0.451     -0.238      0.009     -0.383
152.9000     -29982.699   -29989.842        7.143   286.3     -1.018     -0.384     -0.208      0.424      0.428     -0.006
152.9500     -29982.432   -29989.414        6.982   279.9     -0.623     -1.001     -0.188     -0.295     -0.173     -0.192
153.0000     -29982.301   -29990.020        7.719   309.4     -0.853     -0.207     -0.270     -0.088      0.312     -0.300
153.0500     -29981.912   -29989.697        7.786   312.1     -1.601     -0.521     -0.745      0.029      0.133      0.139
153.1000     -29981.710   -29989.561        7.851   314.7     -0.068     -0.767      0.163      0.584      0.228      0.410
153.1500     -29981.084   -29989.074        7.990   320.3     -0.888     -0.524     -0.891      0.372      0.268     -0.083
153.2000     -29980.919   -29988.479        7.559   303.0      0.647     -1.380     -0.842      0.750      0.284     -0.160
153.2500     -29980.638   -29989.033        8.395   336.5     -0.499     -0.152     -0.042      0.642     -0.322      0.302
153.3000     -29981.380   -29989.057        7.677   307.7     -1.324     -1.199     -0.878     -0.412     -0.122     -0.165
153.3500     -29981.698   -29988.982        7.285   292.0     -0.240     -0.050      0.394     -0.054      0.658     -0.213
153.4000     -29981.355   -29988.916        7.561   303.1     -0.515     -0.171      0.563      0.730     -0.062     -0.274
153.4500     -29981.319   -29989.082        7.763   311.2      0.126      0.059     -0.389      0.336     -0.213     -0.260
153.5000     -29981.239   -29989.400        8.161   327.1     -0.348     -0.601      0.178      0.347      0.030     -0.450
153.5500     -29981.382   -29989.549        8.167   327.4     -0.931     -0.539     -1.101      0.070     -0.028     -0.176
153.6000     -29981.759   -29989.492        7.733   310.0     -0.026     -0.514      0.029      0.454     -0.063     -0.060
153.6500     -29981.862   -29989.686        7.824   313.6     -0.219     -0.656     -0.739     -0.246     -0.401     -0.102
153.7000     -29982.211   -29989.668        7.456   298.9     -0.583     -0.968     -0.310      0.076     -0.372      0.132
153.7500     -29982.241   -29989.650        7.409   297.0      0.241     -0.096      0.390     -0.355      0.180     -0.039
153.8000     -29981.768   -29989.537        7.769   311.4     -1.361     -0.671      0.004     -0.251     -0.117      0.446
153.8500     -29981.456   -29989.354        7.898   316.6     -0.370     -0.215     -0.415     -0.109      0.119     -0.938
153.9000     -29981.572   -29988.633        7.061   283.0     -0.324     -0.214      0.231     -0.079     -0.149     -0.015
153.9500     -29981.146   -29988.650        7.504   300.8     -0.690     -0.248      0.019     -0.413     -0.411     -0.377
154.0000     -29981.452   -29989.279        7.827   313.7      0.681      1.142     -0.263      0.466     -0.072      0.148
154.0500     -29981.295   -29989.348        8.052   322.8      0.307     -0.574     -0.456     -0.129      0.079     -0.388
154.1000     -29981.795   -29989.518        7.723   309.6     -0.470     -0.883     -0.871     -0.213     -0.096      0.070
154.1500     -29981.714   -29989.666        7.952   318.8      0.508      0.253      0.207     -0.112     -0.021     -0.198
154.2000     -29981.488   -29989.424        7.936   318.1      0.373     -0.356      0.222      0.321     -0.205     -0.464
154.2500     -29981.537   -29989.242        7.705   308.9     -0.173     -0.488      0.222      0.087     -0.175     -0.239
154.3000     -29981.555   -29989.133        7.578   303.8     -0.483     -0.458     -0.847      0.148      0.098     -0.283
154.3500     -29981.459   -29989.160        7.701   308.7     -0.103     -0.294      0.030     -0.257      0.164      0.468
154.4000     -29981.430   -29989.191        7.761   311.1      0.235     -0.040     -1.301     -0.069      0.129      0.228
154.4500     -29981.682   -29989.463        7.781   311.9     -0.149     -0.023      0.414      0.537      0.456      0.026
154.5000     -29981.109   -29988.957        7.848   314.6     -0.172     -0.673     -0.627     -0.020     -0.169     -0.531
154.5500     -29981.244   -29989.336        8.092   324.4      0.384     -0.814     -0.281      0.665      0.218      0.122
154.6000     -29981.416   -29989.439        8.024   321.6     -0.161     -0.074     -0.289     -0.478     -0.268     -0.239
154.6500     -29981.409   -29989.385        7.976   319.7      0.061      0.116     -0.416      0.552      0.420      0.213
154.7000     -29981.189   -29989.316        8.127   325.8     -0.464     -0.118      0.369      0.109      0.125      0.397
154.7500     -29981.317   -29989.449        8.132   326.0     -0.067     -0.084      0.342      0.590     -0.109      0.309
154.8000     -29981.775   -29989.621        7.846   314.5     -0.656      0.332     -0.593     -0.353      0.128     -0.128
154.8500     -29981.886   -29990.107        8.221   329.5     -0.014     -0.829      0.796      0.122      0.004     -0.225
154.9000     -29981.841   -29989.723        7.882   315.9      0.292      0.070     -0.339     -0.201     -0.027      0.330
154.9500     -29981.485   -29988.504        7.019   281.4     -0.429     -0.411     -0.296     -0.025      0.096      0.626
155.0000     -29980.896   -29988.926        8.029   321.9     -0.552     -0.146     -0.517      0.277     -0.152     -0.345
155.0500     -29980.812   -29989.617        8.805   353.0     -0.736     -1.960     -0.591      0.112     -0.195      0.487
155.1000     -29981.356   -29990.168        8.812   353.2      0.099     -0.166     -0.312      0.199     -0.070     -0.767
155.1500     -29981.252   -29989.385        8.133   326.0      0.548      0.012     -0.217      0.277      0.085     -0.120
155.2000     -29981.352   -29989.750        8.398   336.6      0.114      0.321     -0.379      0.180      0.007     -0.326
155.2500     -29981.360   -29989.570        8.210   329.1      0.283     -0.667     -0.822      0.405     -0.278      0.355
155.3000     -29981.384   -29989.168        7.784   312.0      0.472      0.376      0.140     -0.055     -0.239     -0.097
155.3500     -29981.587   -29989.012        7.424   297.6      0.193      0.678     -0.300     -0.009      0.372      0.511
155.4000     -29981.598   -29989.271        7.673   307.6      1.466      0.915      0.753      0.307      0.144     -0.242
155.4500     -29981.682   -29989.682        7.999   320.6      0.881      0.761      0.060     -0.823     -0.100      0.469
155.5000     -29981.531   -29988.906        7.375   295.6     -0.172     -0.356      0.377      0.684      0.105     -0.603
155.5500     -29981.593   -29989.953        8.361   335.1      0.144      0.031     -1.304     -0.311      0.403      0.063
155.6000     -29982.008   -29989.564        7.557   302.9      0.615     -0.248      0.483      0.190     -0.195     -0.091
155.6500     -29981.275   -29989.729        8.454   338.9      0.018     -0.255     -0.221      0.210      0.022      0.057
155.7000     -29981.310   -29989.527        8.217   329.4     -0.177      0.036      0.506     -0.157     -0.345      0.546
155.7500     -29981.148   -29989.006        7.858   315.0      0.383     -0.657     -0.811      0.080     -0.038     -0.770
155.8000     -29981.924   -29989.592        7.668   307.4      1.052      0.109     -0.058      0.071     -0.598      0.492
155.8500     -29982.066   -29989.557        7.490   300.2      0.534      0.396      0.647     -0.192      0.161     -0.380
155.9000     -29981.549   -29989.275        7.727   309.7      1.418     -0.358      0.684     -0.266     -0.191     -0.187
155.9500     -29981.637   -29989.566        7.929   317.8     -0.203     -0.212      0.922     -0.974      0.177      0.009
156.0000     -29981.336   -29989.424        8.088   324.2      0.596      0.280     -0.866      0.018     -0.095      0.319
156.0500     -29981.486   -29989.393        7.906   316.9     -0.414     -0.814     -0.486     -0.201     -0.310      0.322
156.1000     -29981.908   -29989.961        8.053   322.8     -0.274     -0.631      0.702      0.036     -0.313      0.080
156.1500     -29981.433   -29989.490        8.057   323.0      0.252      0.186     -0.039     -0.174     -0.204      0.873
156.2000     -29981.015   -29989.508        8.493   340.4     -0.088      0.048      0.170     -0.431      0.037     -0.094
156.2500     -29980.858   -29989.137        8.278   331.8      0.330      0.875      0.880     -0.061     -0.241      0.165
156.3000     -29981.152   -29988.566        7.414   297.2     -0.019      0.493      0.039     -0.238     -0.115      0.007
156.3500     -29981.273   -29989.084        7.811   313.1     -0.479     -1.432      0.963      0.081      0.083      0.087
156.4000     -29981.262   -29988.852        7.590   304.2      0.094     -0.396     -1.367      0.252      0.301      0.077
156.4500     -29981.223   -29989.510        8.287   332.2      0.134     -0.923     -0.029      0.581      0.096     -0.478
156.5000     -29981.290   -29989.266        7.976   319.7     -0.101     -0.431     -0.130     -0.488     -0.168      0.082
156.5500     -29981.162   -29989.191        8.030   321.9     -0.389     -0.281      0.211      0.186     -0.085      0.391
156.6000     -29981.044   -29989.633        8.589   344.3     -0.308     -0.429     -0.046     -0.252     -0.426      0.111
156.6500     -29981.059   -29989.660        8.601   344.8     -0.384     -0.002     -0.367      0.144     -0.344     -0.141
156.7000     -29980.939   -29989.592        8.653   346.8     -0.826     -0.624     -0.692     -0.059     -0.243     -0.141
156.7500     -29980.871   -29989.342        8.471   339.6      0.138      0.224     -0.328      0.213     -0.136     -0.015
156.8000     -29980.608   -29989.424        8.815   353.4      0.161      0.186     -0.294      0.040      0.143      0.262
156.8500     -29980.671   -29989.049        8.378   335.8      1.273      0.373      0.073      0.193     -0.157      0.319
156.9000     -29980.850   -29988.998        8.148   326.6      0.300     -0.356      0.387     -0.314      0.053      0.409
156.9500     -29980.845   -29989.199        8.355   334.9      0.167      0.062     -0.157      0.993      0.353      0.170
157.0000     -29981.079   -29989.207        8.128   325.8      0.663      0.401      0.893     -0.494     -0.639     -0.018
157.0500     -29980.704   -29989.404        8.700   348.7     -0.255      0.693      0.597     -0.272      0.002     -0.532
157.1000     -29980.875   -29989.682        8.806   353.0     -0.026     -0.694     -0.763      0.421     -0.073      0.476
157.1500     -29981.713   -29989.789        8.076   323.7     -0.889     -0.613      0.624     -0.159     -0.352     -0.035
157.2000     -29981.873   -29990.039        8.166   327.3     -0.487      0.240     -0.307      0.373     -0.045      0.276
157.2500     -29981.832   -29990.510        8.678   347.8      0.180      0.131      0.116      0.038     -0.109      0.866
157.3000     -29981.817   -29990.178        8.361   335.1      0.099     -0.341      0.891      0.174     -0.301     -0.670
157.3500     -29982.046   -29989.680        7.634   306.0     -0.702      0.267     -0.063      0.382      0.347     -0.269
157.4000     -29981.844   -29989.832        7.988   320.2     -0.993      0.077      0.786      0.367      0.002      0.514
157.4500     -29981.688   -29989.545        7.857   315.0     -0.895     -0.880     -0.749      0.369     -0.168     -0.731
157.5000     -29981.845   -29989.748        7.903   316.8      0.049     -0.506      0.289     -0.215      0.251      0.308
157.5500     -29981.626   -29989.377        7.750   310.7     -0.027     -1.080     -1.034     -0.256     -0.084      0.002
157.6000     -29981.707   -29989.615        7.908   317.0      0.052      0.522     -0.104      0.552     -0.257     -0.047
157.6500     -29982.378   -29989.582        7.204   288.8      0.418      0.911      0.121     -0.195      0.162      0.235
157.7000     -29982.307   -29990.502        8.195   328.5      0.384     -0.272      0.150      0.213      0.382      0.190
157.7500     -29982.172   -29990.508        8.336   334.1      0.363      0.352      0.432      0.156     -0.400     -0.111
157.8000     -29982.223   -29990.051        7.828   313.8     -0.036     -0.357      0.131     -0.311      0.440      0.042
157.8500     -29982.033   -29989.867        7.835   314.0     -0.683     -1.020     -0.798      0.092      0.194     -0.389
157.9000     -29981.782   -29989.838        8.056   322.9     -0.148      0.512     -0.507      0.018      0.056      0.128
157.9500     -29981.042   -29988.773        7.732   309.9     -0.135     -0.758     -0.669     -0.264      0.131      0.161
158.0000     -29981.459   -29989.578        8.119   325.5      0.068      0.576     -0.354      0.638     -0.059     -0.093
158.0500     -29981.699   -29989.578        7.879   315.8      0.591     -0.866     -0.462     -0.129     -0.047     -0.139
158.1000     -29981.508   -29990.068        8.561   343.1     -0.480     -0.513      0.175     -0.213     -0.645      0.089
158.1500     -29981.626   -29990.092        8.466   339.4     -0.601     -0.256     -0.534      0.391      0.254     -0.658
158.2000     -29981.452   -29989.354        7.901   316.7     -0.954     -0.400     -0.585      0.336      0.165      0.354
158.2500     -29981.324   -29989.695        8.371   335.6     -0.722     -0.024     -0.269      0.204     -0.078      0.193
158.3000     -29981.832   -29989.807        7.975   319.7      0.336     -0.130      0.598     -0.130     -0.159     -0.211
158.3500     -29981.739   -29989.678        7.939   318.2     -0.013      0.250     -0.511     -0.085     -0.269      0.369
158.4000     -29982.081   -29990.211        8.130   325.9     -1.001      0.021     -0.089      0.100      0.256     -0.933
158.4500     -29982.395   -29990.037        7.642   306.3     -0.404      0.087     -0.677      0.456     -0.032     -0.642
158.5000     -29982.673   -29990.166        7.493   300.3      0.355     -0.358      0.330     -0.210     -0.339     -0.162
158.5500     -29982.334   -29990.605        8.271   331.5     -0.577      0.905     -0.768      0.379     -0.670     -0.074
158.6000     -29982.278   -29990.529        8.251   330.7     -0.664     -1.137     -0.748      0.157     -0.033     -0.363
158.6500     -29982.505   -29989.854        7.348   294.6     -0.547      0.134      0.249     -0.091     -0.418     -0.133
158.7000     -29982.256   -29989.934        7.678   307.8      0.070     -1.025      0.012     -0.283      0.514     -0.159
158.7500     -29982.311   -29990.270        7.958   319.0     -0.382     -0.364     -0.553     -0.367      0.545     -0.094
158.8000     -29982.634   -29989.760        7.126   285.7      0.181     -0.116      0.851      0.093     -0.054      0.573
158.8500     -29982.808   -29990.824        8.016   321.3     -0.556     -0.058     -0.472     -0.073      0.515     -0.019
158.9000     -29982.843   -29990.861        8.018   321.4     -1.338      0.369     -0.642     -0.312     -0.380      0.245
158.9500     -29983.302   -29990.217        6.915   277.2      0.142     -0.150     -0.263      0.183      0.094     -0.056
159.0000     -29983.778   -29991.057        7.278   291.7     -0.121      0.029     -0.423      0.395     -0.706      0.348
159.0500     -29983.739   -29990.637        6.898   276.5     -0.637      0.398      0.315      0.117      0.050     -0.230
159.1000     -29983.464   -29990.734        7.270   291.4      0.004     -0.198      0.206     -0.363      0.115     -0.018
159.1500     -29983.837   -29991.496        7.659   307.0     -0.063     -0.361      0.541      0.239      0.599     -0.324
159.2000     -29983.544   -29991.379        7.835   314.1      0.160     -0.484     -0.511      0.200     -0.235     -0.209
159.2500     -29983.349   -29990.312        6.964   279.1     -0.154     -0.865     -0.189      0.313      0.171     -0.436
159.3000     -29982.905   -29990.693        7.788   312.2     -0.662      0.269     -0.392     -0.045      0.377      0.460
159.3500     -29982.823   -29990.057        7.234   290.0     -0.815     -1.199     -0.337     -0.631      0.846     -0.160
159.4000     -29983.036   -29990.350        7.313   293.1     -0.628      0.204     -0.293      0.067     -0.151      0.333
159.4500     -29982.288   -29989.756        7.467   299.3     -1.055     -0.526     -0.349      0.282      0.472      0.123
159.5000     -29982.801   -29990.834        8.033   322.0     -0.331     -0.429     -0.126     -0.297     -0.060     -0.122
159.5500     -29982.814   -29990.303        7.489   300.2      0.398      0.520     -0.326      0.368     -0.749      0.006
159.6000     -29982.429   -29990.096        7.667   307.3     -1.448     -1.422     -0.411      0.143     -0.165      0.077
159.6500     -29982.701   -29990.031        7.330   293.8      0.070     -0.327     -0.265      0.029      0.051     -0.446
159.7000     -29982.286   -29989.607        7.321   293.5     -0.549      0.662      0.017     -0.365     -0.000      0.276
159.7500     -29982.578   -29989.693        7.116   285.2      0.021      0.695      0.484      0.575     -0.075     -0.317
159.8000     -29982.545   -29990.135        7.590   304.2     -0.284     -0.864     -0.294      0.162      0.122      0.088
159.8500     -29982.580   -29990.029        7.449   298.6     -0.737     -0.710     -0.888     -0.033     -0.267      0.306
159.9000     -29982.241   -29990.225        7.983   320.0     -0.488      0.540      0.758     -0.214      0.168      0.459
159.9500     -29982.060   -29989.123        7.063   283.1      0.532      0.040     -0.187     -0.006     -0.158     -0.603
160.0000     -29981.460   -29989.240        7.780   311.9     -0.640      0.234     -0.920     -0.002     -0.441      0.492
