Time[ps]      Etot[eV]     Epot[eV]     Ekin[eV]    T[K]      ---------------------- stress [GPa] -----------------------
0.0000       -29980.645   -29988.260        7.615   305.2     -0.204      0.441      1.002      0.026     -0.350     -0.457
0.0500       -29981.069   -29988.703        7.634   306.0      0.797      0.577      0.032     -0.095     -0.325      0.234
0.1000       -29980.915   -29989.223        8.308   333.0     -0.126     -0.717      0.175      0.520      0.203     -0.305
0.1500       -29980.881   -29988.465        7.583   304.0     -0.507      0.649      0.269     -0.141      0.524      0.524
0.2000       -29980.907   -29989.213        8.306   332.9      1.302      0.145     -0.329      0.234     -0.414      0.044
0.2500       -29980.758   -29989.391        8.632   346.0     -0.234      0.310      0.137      0.162      0.834     -0.037
0.3000       -29980.611   -29988.707        8.096   324.5      0.586      0.391     -0.145      0.010      0.027      0.243
0.3500       -29980.758   -29988.672        7.914   317.2     -0.470     -0.288     -0.242     -0.359     -0.245      0.166
0.4000       -29981.043   -29989.283        8.240   330.3     -0.138      0.359      0.256     -0.134     -0.053     -0.602
0.4500       -29981.238   -29989.354        8.115   325.3     -0.019      0.785      0.364      0.059      0.010      0.031
0.5000       -29981.331   -29988.955        7.624   305.6     -0.762      0.448      0.454     -0.275     -0.059     -0.541
0.5500       -29981.314   -29988.658        7.344   294.4      0.938      0.238     -0.270      0.244     -0.259      0.352
0.6000       -29981.007   -29989.021        8.014   321.2     -0.227      0.370      0.773      0.233      0.116     -0.681
0.6500       -29981.133   -29988.986        7.854   314.8      0.769      0.604      0.510      0.064      0.078     -0.126
0.7000       -29981.539   -29989.213        7.674   307.6      0.077      0.889      0.527     -0.051     -0.219      0.504
0.7500       -29981.243   -29990.051        8.808   353.1      0.119     -0.040      0.003      0.504      0.003      0.184
0.8000       -29981.403   -29988.949        7.546   302.5     -0.014      1.572      0.925      0.211     -0.180      0.288
0.8500       -29981.471   -29989.828        8.357   335.0      0.811      0.397      0.273      0.280     -0.474      0.381
0.9000       -29981.602   -29988.891        7.288   292.2      0.669      0.857     -0.167      0.333      0.133      0.176
0.9500       -29981.282   -29988.975        7.693   308.4      0.448     -0.264      0.522     -0.031      0.104     -0.101
1.0000       -29980.759   -29988.668        7.909   317.0     -0.042     -0.688     -1.091     -0.093      0.119      0.734
1.0500       -29980.896   -29988.453        7.558   302.9     -0.486      0.060     -0.656      0.239      0.723      0.336
1.1000       -29980.969   -29988.838        7.869   315.4      0.708     -0.012     -0.215     -0.749     -0.001      0.166
1.1500       -29980.757   -29988.605        7.848   314.6      0.095     -0.095      0.060      0.144     -0.205     -0.133
1.2000       -29980.870   -29989.182        8.311   333.2     -0.007     -0.621     -0.006     -0.180     -0.246      0.505
1.2500       -29980.756   -29988.510        7.754   310.8      0.326      0.304      0.616      0.458      0.034     -0.643
1.3000       -29980.498   -29988.502        8.004   320.9      0.517      0.177     -0.193     -0.069     -0.132      0.257
1.3500       -29980.586   -29988.941        8.356   334.9      0.103      0.245     -0.338      0.023     -0.373     -0.223
1.4000       -29980.740   -29989.141        8.401   336.7      0.629      0.111      0.414      0.794     -0.459     -0.072
1.4500       -29980.579   -29988.293        7.714   309.2     -0.626     -0.229      0.099      0.259     -0.151     -0.095
1.5000       -29980.639   -29989.732        9.093   364.5      0.804     -0.285      0.382      0.054      0.500      0.501
1.5500       -29980.354   -29988.275        7.921   317.5      0.862      0.606     -0.412     -0.206     -0.163     -0.333
1.6000       -29980.182   -29988.436        8.253   330.8      0.625      1.069      0.536     -0.060     -0.300      0.145
1.6500       -29980.274   -29988.602        8.327   333.8     -0.131     -0.194      1.129     -0.055      0.241      0.045
1.7000       -29980.199   -29988.486        8.287   332.2     -0.979     -0.304      0.276     -0.415     -0.133      0.009
1.7500       -29980.328   -29988.902        8.575   343.7      1.150      0.346     -0.364      0.237     -0.359      0.223
1.8000       -29980.694   -29988.871        8.177   327.8     -0.229      0.399     -0.024      0.084      0.095      0.639
1.8500       -29980.813   -29989.066        8.254   330.8      0.263     -0.628      0.086     -0.275      0.070      0.535
1.9000       -29980.246   -29988.422        8.175   327.7      0.219      0.257      0.504     -0.151      0.027     -0.158
1.9500       -29980.207   -29988.186        7.978   319.8      0.092      0.013     -0.451      0.196     -0.256     -0.037
2.0000       -29980.124   -29988.104        7.979   319.8     -0.104     -0.133     -1.193     -0.240     -0.737     -0.481
2.0500       -29980.353   -29988.822        8.469   339.5     -0.253      0.348     -0.676     -0.320     -0.287     -0.650
2.1000       -29980.525   -29989.045        8.520   341.5     -1.517     -0.372      0.224      0.292      0.445      0.230
2.1500       -29980.234   -29988.607        8.373   335.6      1.260     -1.052     -0.672      0.243      0.117     -0.355
2.2000       -29980.639   -29988.967        8.328   333.8      0.161     -0.177      0.168      0.070      0.316     -0.038
2.2500       -29980.967   -29988.391        7.423   297.6     -0.208     -0.014      0.552     -0.488      0.206     -0.427
2.3000       -29980.613   -29988.229        7.615   305.2      0.745      0.094      0.030      0.539     -0.453      0.933
2.3500       -29980.752   -29988.506        7.754   310.8     -0.442      0.113     -0.127      0.497     -0.004     -0.618
2.4000       -29980.653   -29988.906        8.253   330.8      0.537      1.170      0.475     -0.122     -0.035     -0.154
2.4500       -29980.372   -29989.184        8.812   353.2     -0.373      0.067     -0.538      0.168      0.348     -0.181
2.5000       -29980.391   -29989.182        8.790   352.4      0.108      0.328      0.216      0.704      0.056      0.100
2.5500       -29980.386   -29988.291        7.905   316.9     -0.018      1.690      0.716      0.002      0.229      0.195
2.6000       -29980.830   -29989.012        8.182   328.0     -0.356     -0.281     -0.437      0.097     -0.079      0.215
2.6500       -29980.503   -29988.543        8.040   322.3      0.409     -0.442     -0.335     -0.400     -0.168     -0.273
2.7000       -29980.743   -29988.578        7.835   314.1     -0.098      0.317      1.070      0.160     -0.406     -0.017
2.7500       -29980.497   -29988.605        8.108   325.0      0.698      0.281      0.554      0.002     -0.328     -0.219
2.8000       -29979.948   -29987.988        8.041   322.3      0.661     -0.907     -0.134     -0.591     -0.037     -0.502
2.8500       -29979.989   -29987.863        7.875   315.7     -0.051      0.778      0.671     -0.126      0.044      0.312
2.9000       -29979.829   -29988.664        8.835   354.1     -0.437     -0.377     -0.218      0.390     -0.007      0.022
2.9500       -29979.771   -29988.475        8.704   348.9      0.050     -0.284     -0.177      0.057      0.480     -0.987
3.0000       -29980.454   -29988.221        7.767   311.3     -0.358     -0.545     -0.187     -0.632     -0.307      0.367
3.0500       -29979.654   -29988.875        9.221   369.6      0.394      1.027      0.199     -0.030     -0.701     -0.101
3.1000       -29979.761   -29988.189        8.428   337.8      0.422     -0.207      0.648     -0.150      0.470      0.343
3.1500       -29980.290   -29988.965        8.674   347.7     -1.074     -0.937     -1.606     -0.176     -0.047     -0.333
3.2000       -29980.080   -29989.125        9.045   362.6     -0.405      0.191     -0.148     -0.157     -0.337     -0.137
3.2500       -29980.547   -29988.635        8.088   324.2     -0.552     -0.655      0.674      0.295      0.309     -0.387
3.3000       -29980.592   -29988.770        8.177   327.8     -0.479      0.442     -0.926     -0.101      0.716      0.218
3.3500       -29980.531   -29988.549        8.017   321.4     -1.331     -0.650     -0.812     -0.290     -0.405     -0.576
3.4000       -29980.619   -29988.787        8.168   327.4      0.633      0.076     -0.624     -0.406     -0.114      0.485
3.4500       -29980.762   -29988.619        7.857   314.9      0.547     -0.041      0.053     -0.068     -0.097      0.168
3.5000       -29980.226   -29988.811        8.585   344.1     -0.083     -0.247     -1.225     -0.121     -0.175     -0.515
3.5500       -29979.874   -29987.719        7.845   314.5     -0.458      0.008     -0.099     -0.253      0.026     -0.027
3.6000       -29980.103   -29988.072        7.969   319.4     -0.494      0.427      0.239     -0.171     -0.272     -0.064
3.6500       -29979.899   -29988.232        8.333   334.0     -1.207     -0.236     -1.340     -0.137      0.153      0.084
3.7000       -29980.249   -29988.543        8.294   332.5     -0.703     -0.586     -0.106     -0.206      0.259      0.179
3.7500       -29980.056   -29988.256        8.200   328.7      0.086     -0.209     -0.984     -0.099     -0.665      0.043
3.8000       -29980.143   -29988.072        7.929   317.8     -0.180      0.187      0.950     -0.251      0.111     -0.046
3.8500       -29980.109   -29988.639        8.530   341.9     -0.261      0.535      0.704     -0.294      0.113     -0.102
3.9000       -29980.680   -29988.756        8.075   323.7      0.253      0.691     -0.162      0.329     -0.336     -0.600
3.9500       -29980.609   -29988.357        7.749   310.6     -0.510     -0.045      0.173     -0.882      0.002     -0.023
4.0000       -29980.504   -29989.150        8.646   346.6     -0.520      0.134     -0.256     -0.624     -0.139      0.252
4.0500       -29981.028   -29989.109        8.081   323.9      0.719      0.249     -0.097      0.072      0.025     -0.411
4.1000       -29981.104   -29989.088        7.984   320.0      0.179      0.663      0.236     -0.468     -0.356      0.093
4.1500       -29981.042   -29989.365        8.324   333.7     -0.101     -0.303     -0.459     -0.113      0.812     -0.006
4.2000       -29980.227   -29989.062        8.836   354.2     -0.391     -0.178     -0.495     -0.555     -0.086     -0.043
4.2500       -29980.290   -29988.709        8.419   337.5     -0.357     -0.694     -0.632      0.325      0.193     -0.175
4.3000       -29980.115   -29988.666        8.551   342.8      0.309      0.720      0.731      0.137      0.187     -0.262
4.3500       -29980.008   -29988.629        8.621   345.6     -0.660     -0.399      0.470     -0.405      0.078     -0.163
4.4000       -29980.129   -29988.135        8.006   320.9      0.038      0.079      0.915     -0.285      0.458     -0.065
4.4500       -29979.994   -29987.842        7.848   314.6      0.262      0.266     -0.031     -0.337     -0.013     -0.253
4.5000       -29979.600   -29988.135        8.535   342.1      0.416      0.850      1.447      0.179      0.181     -0.345
4.5500       -29979.933   -29988.609        8.676   347.8     -0.160      0.568      0.367     -0.004      0.208     -0.200
4.6000       -29979.632   -29988.297        8.665   347.3      0.378     -0.585     -0.460     -0.015     -0.753     -0.335
4.6500       -29979.333   -29987.561        8.228   329.8     -0.618     -0.556     -1.440     -0.286     -0.348     -0.410
4.7000       -29979.257   -29987.432        8.175   327.7     -0.329     -0.821      0.006      0.187     -0.219      0.554
4.7500       -29979.060   -29988.004        8.944   358.5      0.342      0.057      0.183     -0.527      0.489      0.231
4.8000       -29979.114   -29987.986        8.872   355.6      0.031      1.058      0.096      0.420      0.133      0.603
4.8500       -29979.259   -29987.748        8.489   340.3      0.115      0.238     -0.606     -0.049     -0.114     -0.248
4.9000       -29979.245   -29987.936        8.691   348.4     -0.195     -0.577      0.287     -0.022     -0.268      0.120
4.9500       -29979.648   -29987.998        8.350   334.7     -0.256     -0.859     -0.447     -0.043      0.252      0.055
5.0000       -29979.961   -29988.949        8.989   360.3      0.834      0.576      0.348      0.218     -0.572     -0.373
5.0500       -29980.334   -29988.572        8.238   330.2     -0.407      0.324     -0.624      0.030     -0.381      0.409
5.1000       -29980.832   -29989.064        8.233   330.0     -0.301     -0.672      0.030      1.012      0.034     -0.525
5.1500       -29981.137   -29988.998        7.861   315.1     -0.158      0.213      0.579     -0.099     -0.551     -0.396
5.2000       -29981.369   -29988.637        7.268   291.3     -0.487      0.036     -0.513     -0.185     -0.144     -0.067
5.2500       -29980.793   -29988.697        7.904   316.8     -0.842     -0.082      0.652     -0.402      0.224     -0.527
5.3000       -29980.909   -29989.279        8.371   335.5      0.062     -1.405     -1.496      0.368     -0.092      0.040
5.3500       -29981.340   -29989.043        7.703   308.8     -0.798     -0.330      0.429      0.378     -0.101      0.371
5.4000       -29980.766   -29988.855        8.089   324.3     -0.041     -0.231     -0.615     -0.197     -0.060     -0.258
5.4500       -29980.910   -29988.660        7.750   310.7      0.484      0.569     -0.339     -0.396     -0.021     -0.343
5.5000       -29980.131   -29987.953        7.822   313.6     -0.080      0.110      0.099      0.501      0.095      0.167
5.5500       -29980.290   -29988.771        8.481   340.0     -0.048      0.315      0.583     -0.140      0.282     -0.110
5.6000       -29980.195   -29988.027        7.833   314.0     -0.153     -0.639     -0.095     -0.011     -0.368     -0.105
5.6500       -29980.413   -29988.111        7.699   308.6     -0.601     -0.161      0.893      0.033      0.287      0.143
5.7000       -29980.761   -29989.020        8.258   331.0      0.230      0.245      0.188     -0.179     -0.089     -0.255
5.7500       -29981.203   -29989.285        8.082   324.0     -0.268     -0.324      0.200     -0.203     -0.527      0.150
5.8000       -29981.108   -29988.301        7.193   288.3      0.681      0.286      0.097      0.252      0.102     -0.207
5.8500       -29980.921   -29988.604        7.683   308.0      0.609     -0.049      0.472     -0.315      0.037      0.333
5.9000       -29980.708   -29988.580        7.872   315.5     -0.444     -0.410     -0.523     -0.702     -0.435     -0.070
5.9500       -29980.544   -29987.734        7.190   288.2     -0.306      0.720     -0.560      0.898     -0.191     -0.233
6.0000       -29980.171   -29988.266        8.094   324.5     -0.978     -0.865     -0.125     -0.573      0.067     -0.462
6.0500       -29980.302   -29988.834        8.532   342.0     -0.044      0.151     -0.497      0.407     -0.761      0.077
6.1000       -29980.453   -29989.184        8.731   350.0      0.815     -0.279      0.455     -0.184     -0.061     -0.514
6.1500       -29980.189   -29988.891        8.701   348.8     -1.144     -0.869     -1.372     -0.380      0.020      0.591
6.2000       -29980.290   -29988.439        8.149   326.7     -0.185     -0.580     -0.481      0.498      0.580      0.199
6.2500       -29980.806   -29988.859        8.053   322.8     -0.033     -0.172     -0.086     -0.055      0.021      0.506
6.3000       -29981.028   -29988.611        7.583   304.0     -0.262      0.074     -0.437      0.302     -0.592     -0.468
6.3500       -29981.140   -29988.711        7.571   303.5     -0.384     -0.355     -0.139     -0.041      0.035     -0.230
6.4000       -29981.555   -29988.754        7.199   288.6     -0.343     -0.665      0.658     -0.550     -0.591      0.347
6.4500       -29981.691   -29989.635        7.944   318.4      0.296     -0.198     -0.353      0.582     -0.000      0.001
6.5000       -29981.480   -29989.354        7.874   315.6     -0.732      0.148     -0.632      0.044     -0.570      0.055
6.5500       -29981.175   -29989.156        7.981   319.9     -0.220      0.109     -0.911      0.147     -0.256     -0.010
6.6000       -29980.964   -29989.617        8.654   346.9     -0.176      0.028     -0.800     -0.220     -0.439      0.106
6.6500       -29980.706   -29988.625        7.919   317.4      0.961      0.372      1.309      0.299     -0.079      0.628
6.7000       -29980.781   -29988.672        7.891   316.3      0.115      0.438     -0.321      0.277     -0.178     -0.073
6.7500       -29981.019   -29988.811        7.792   312.3     -0.831     -0.692     -1.070     -0.348     -0.393      0.030
6.8000       -29981.073   -29988.861        7.788   312.2      0.202     -0.107     -0.258     -0.048      0.400      0.436
6.8500       -29980.246   -29988.928        8.682   348.0      0.360      0.260      0.485     -0.410      0.223      0.364
6.9000       -29979.924   -29988.074        8.150   326.7      0.076     -0.317     -0.098      0.054     -0.165     -0.253
6.9500       -29979.635   -29987.764        8.129   325.8     -0.590     -0.327      0.002      0.260      0.047     -0.260
7.0000       -29979.675   -29987.945        8.270   331.5      0.634      1.044     -0.400      0.106      0.411     -0.014
7.0500       -29979.381   -29988.357        8.976   359.8      0.097     -0.439     -0.360     -0.333     -0.709      0.064
7.1000       -29978.804   -29987.740        8.936   358.2      0.794      0.802      0.768     -0.491      0.305      0.136
7.1500       -29978.523   -29987.426        8.903   356.9      0.288     -0.035      0.281      0.178     -0.470      0.131
7.2000       -29978.468   -29987.963        9.495   380.6      0.494     -0.115      0.311     -0.491      0.351     -0.298
7.2500       -29978.619   -29987.342        8.723   349.7      0.052     -0.079     -0.010      0.423      0.428      0.527
7.3000       -29979.222   -29987.602        8.380   335.9      1.149      0.995      0.652     -0.110     -0.396      0.979
7.3500       -29979.434   -29987.709        8.275   331.7      0.267     -0.394     -0.514     -0.615      0.059     -0.084
7.4000       -29979.423   -29987.471        8.047   322.6     -0.242      0.437     -0.032      0.252      0.232      0.294
7.4500       -29979.626   -29988.375        8.749   350.7      0.375     -0.099     -0.182     -0.196     -0.181      0.379
7.5000       -29979.649   -29988.469        8.820   353.5     -0.136     -0.013      0.257     -0.369      1.078     -0.360
7.5500       -29979.606   -29988.527        8.922   357.6      0.605     -0.056     -0.866      0.204     -0.475      0.197
7.6000       -29979.236   -29988.258        9.022   361.7      0.871     -0.200      0.327     -0.100      0.385      0.283
7.6500       -29979.413   -29988.424        9.011   361.2      0.881     -0.433      0.664     -0.011     -0.181      0.073
7.7000       -29979.689   -29988.129        8.440   338.3     -0.065      0.607     -0.163     -0.005      0.049     -0.171
7.7500       -29980.133   -29988.748        8.615   345.3      0.644      0.121      0.658      0.081      0.332      0.310
7.8000       -29980.101   -29988.352        8.250   330.7     -0.545     -0.110     -1.079     -0.762      0.200     -0.054
7.8500       -29979.431   -29988.266        8.835   354.1     -0.556     -0.225      1.116      0.337     -0.017      0.217
7.9000       -29979.478   -29987.572        8.094   324.4      0.923     -0.634     -0.470      0.048     -0.300     -0.482
7.9500       -29979.452   -29988.176        8.724   349.7     -0.163     -0.204      0.282     -0.447     -0.506      0.136
8.0000       -29979.554   -29988.117        8.563   343.3     -0.367     -0.882     -0.667      0.412      0.688     -0.411
8.0500       -29979.779   -29988.188        8.408   337.0      0.876      0.608      0.003     -0.016     -0.187     -0.233
8.1000       -29979.543   -29987.992        8.449   338.7      0.608      0.221     -0.334     -0.312      0.074     -0.400
8.1500       -29979.819   -29987.828        8.009   321.1      0.024     -0.688      0.270      0.524      0.340     -0.638
8.2000       -29979.077   -29987.129        8.052   322.7     -1.053     -0.110     -0.552     -0.278      0.059      0.910
8.2500       -29979.254   -29987.422        8.168   327.4      0.814     -0.693      0.215     -0.314      0.337     -0.273
8.3000       -29979.248   -29987.633        8.385   336.1     -0.769      0.428      0.395     -0.154     -0.816      0.355
8.3500       -29979.605   -29988.467        8.862   355.2     -0.280      0.197     -0.022      0.170      0.072      0.100
8.4000       -29979.313   -29988.176        8.862   355.2      0.052     -0.068      0.362     -0.363      0.178     -0.213
8.4500       -29979.794   -29987.959        8.164   327.3     -0.099     -0.252      0.153      0.088     -0.331     -0.154
8.5000       -29979.547   -29987.705        8.158   327.0     -0.637     -0.258     -0.794      0.060     -0.461      0.036
8.5500       -29979.633   -29987.828        8.195   328.5     -1.416     -1.203     -0.254     -0.227      0.000     -0.286
8.6000       -29979.291   -29987.541        8.250   330.7     -0.185     -0.367     -0.128      0.429     -0.537      0.114
8.6500       -29979.552   -29988.520        8.967   359.5     -0.338      0.015     -0.060     -0.315      0.236      0.228
8.7000       -29979.912   -29987.400        7.489   300.2      0.290      1.099      1.236      0.079      0.124      0.004
8.7500       -29979.709   -29988.137        8.428   337.8     -0.213      0.351      0.735      0.246      0.123     -0.236
8.8000       -29979.575   -29988.002        8.427   337.8      1.001      0.814      0.423     -0.327     -0.249      0.256
8.8500       -29979.215   -29988.152        8.937   358.2      0.511     -0.699      0.535     -0.678      0.223      0.052
8.9000       -29979.071   -29987.369        8.298   332.6     -0.397      0.196     -0.992      0.293      0.052      0.189
8.9500       -29978.711   -29987.391        8.679   347.9     -0.268     -0.544     -0.020     -0.272      0.113      0.526
9.0000       -29979.160   -29987.646        8.487   340.2     -1.251     -0.517     -0.599      0.180     -0.580      0.512
9.0500       -29979.043   -29987.941        8.898   356.7      0.192      0.882      0.206     -0.352     -0.042     -0.421
9.1000       -29979.469   -29987.752        8.283   332.0     -0.008      0.667      0.274     -0.082     -0.059     -0.411
9.1500       -29979.214   -29988.238        9.025   361.8     -0.626     -0.425     -0.377      0.053     -0.014      0.092
9.2000       -29979.068   -29987.799        8.731   350.0      0.883      0.571      0.101      0.026     -0.100      0.480
9.2500       -29979.605   -29988.881        9.275   371.8      0.078     -0.481      0.740      0.235     -0.627     -0.068
9.3000       -29979.834   -29988.348        8.514   341.3      0.487      0.412      0.569     -0.167     -0.237     -0.163
9.3500       -29980.332   -29988.369        8.037   322.2     -0.872     -0.380     -0.247     -0.118     -0.273      0.251
9.4000       -29980.549   -29988.928        8.379   335.9      1.249      0.278      0.552      0.184      0.615      0.017
9.4500       -29980.167   -29988.219        8.052   322.8      0.944     -0.167     -0.005     -0.060      0.540      0.215
9.5000       -29980.830   -29988.848        8.018   321.4      0.155     -0.094     -0.105     -0.192     -0.000     -0.029
9.5500       -29980.751   -29988.627        7.876   315.7      0.520      0.485     -0.098      0.075      0.035      0.293
9.6000       -29980.818   -29989.238        8.420   337.5      0.562     -0.081      0.512      0.186     -0.506     -0.118
9.6500       -29981.238   -29989.510        8.272   331.6     -1.186     -0.531      0.015     -0.180     -0.056     -0.146
9.7000       -29981.135   -29989.035        7.900   316.7     -0.478     -0.658     -0.030      0.586      0.232      0.492
9.7500       -29981.268   -29989.168        7.900   316.7      0.219     -0.389      0.142     -0.375     -0.279      0.051
9.8000       -29981.151   -29988.699        7.548   302.6      0.642     -0.523      0.125      0.208     -0.078      0.025
9.8500       -29980.814   -29988.395        7.581   303.9      0.532      0.733      0.303      0.257      0.396      0.266
9.9000       -29980.813   -29988.674        7.861   315.1      0.070     -0.211      0.856     -0.356     -0.378     -0.208
9.9500       -29980.726   -29989.273        8.547   342.6      0.577      0.046      0.039      0.267      0.353     -0.047
10.0000      -29980.698   -29988.584        7.886   316.1      0.109     -0.284      0.093      0.003     -0.148      0.406
10.0500      -29980.823   -29988.350        7.527   301.7      0.567      0.090     -0.137     -0.019     -0.244     -0.093
10.1000      -29980.636   -29988.447        7.811   313.1      0.494      0.709      1.728     -0.061      0.054     -0.255
10.1500      -29980.151   -29988.398        8.248   330.6      1.134      1.161     -0.263     -0.551     -0.200      0.021
10.2000      -29979.889   -29988.217        8.327   333.8      0.723      1.133      0.171      0.627      0.145      0.122
10.2500      -29979.349   -29987.844        8.495   340.5      0.994      0.596     -0.463     -0.414      0.162      0.137
10.3000      -29979.343   -29988.408        9.066   363.4      0.323      0.042      0.151      0.038     -0.329      0.815
10.3500      -29979.744   -29988.281        8.538   342.2      0.851      0.640      0.495     -0.038      0.275     -0.344
10.4000      -29979.621   -29988.104        8.483   340.0      0.037      0.498     -0.300      0.114     -0.152      0.080
10.4500      -29979.037   -29987.891        8.854   354.9     -0.135     -0.569      0.784     -0.325      0.273     -0.220
10.5000      -29979.528   -29988.166        8.638   346.3      0.182      1.172      0.208      0.334     -0.006     -0.265
10.5500      -29980.130   -29988.674        8.544   342.5      0.664     -0.355      0.090     -0.202     -0.096     -0.236
10.6000      -29979.621   -29988.555        8.934   358.1      0.271      0.186     -0.845     -0.492      0.199      0.391
10.6500      -29979.542   -29987.555        8.013   321.2      0.030     -0.871      1.253      0.375     -0.393     -0.261
10.7000      -29980.046   -29988.537        8.491   340.4      0.706      0.729      0.694     -0.471     -0.257      0.117
10.7500      -29979.968   -29987.971        8.003   320.8      0.038      0.467      0.421      0.128     -0.108      0.173
10.8000      -29980.236   -29988.334        8.097   324.6      0.628      0.694      0.056      0.067      0.192     -0.062
10.8500      -29980.582   -29988.586        8.004   320.8      0.494     -0.842      0.484     -0.203      0.118      0.013
10.9000      -29980.326   -29988.879        8.553   342.8      0.496     -0.445     -0.646     -0.304     -0.159     -0.043
10.9500      -29980.320   -29988.689        8.370   335.5      0.464     -0.012     -0.404     -0.342     -0.407     -0.162
11.0000      -29980.848   -29988.861        8.013   321.2      0.067     -0.418      0.301     -0.331     -0.017      0.363
11.0500      -29980.651   -29988.441        7.790   312.3     -0.972     -0.569     -0.302     -0.165     -0.360     -0.154
11.1000      -29980.166   -29988.441        8.275   331.7      1.274      0.738     -0.173      0.336     -0.262     -0.217
11.1500      -29980.273   -29988.871        8.598   344.6      0.213      0.516     -0.100     -0.034      0.324      0.594
11.2000      -29980.446   -29989.373        8.928   357.9     -0.188      0.184      1.192      0.355      0.179      0.664
11.2500      -29980.654   -29988.461        7.807   312.9      0.883      0.425      0.164      0.011      0.023     -0.238
11.3000      -29980.409   -29988.801        8.392   336.4      0.554     -0.278      0.123     -0.573      0.553     -0.541
11.3500      -29980.655   -29988.498        7.843   314.4      0.473      0.481      0.372     -0.065     -0.278      0.856
11.4000      -29980.914   -29987.771        6.857   274.9      0.427      0.790      0.487     -0.029     -0.056      0.102
11.4500      -29980.646   -29988.918        8.272   331.6      1.513      1.278      0.697     -0.688      0.331      0.049
11.5000      -29980.315   -29988.836        8.520   341.5      0.428      0.460      0.983      0.255      0.282     -0.292
11.5500      -29980.282   -29988.756        8.474   339.7      0.767      1.001     -0.351      0.145      0.354      0.187
11.6000      -29980.301   -29988.586        8.285   332.1      0.762      0.282      0.560     -0.024     -0.126     -0.058
11.6500      -29980.445   -29989.041        8.596   344.6      1.059      0.731      0.343     -0.626      0.408     -0.320
11.7000      -29980.293   -29988.574        8.281   331.9     -0.446      0.432     -0.232      0.911      0.483      0.286
11.7500      -29980.064   -29988.660        8.596   344.6      0.531      1.148      1.247     -0.419      0.436     -0.157
11.8000      -29980.257   -29988.904        8.647   346.6      0.197      0.746      0.546      0.096     -0.191      0.518
11.8500      -29980.039   -29988.418        8.378   335.8      0.419     -0.411      0.315      0.155      0.513      0.084
11.9000      -29979.642   -29988.727        9.085   364.2      1.513      1.229      0.488     -0.324      0.128      0.081
11.9500      -29980.760   -29988.682        7.921   317.5      0.817      0.054      0.813      0.199      0.230     -0.032
12.0000      -29980.484   -29988.557        8.073   323.6     -0.026      0.477     -0.232     -0.185     -0.610     -0.321
12.0500      -29980.667   -29989.324        8.658   347.0      0.379     -0.477     -0.453      0.144      0.132     -0.768
12.1000      -29980.730   -29989.160        8.431   337.9      0.088      0.371      1.408     -0.256      0.040      0.358
12.1500      -29981.185   -29989.266        8.080   323.9     -1.047      0.049     -1.303      0.140      0.666      0.000
12.2000      -29980.932   -29988.979        8.046   322.5     -0.019     -0.176      0.517      0.245      0.311     -0.055
12.2500      -29981.075   -29988.680        7.605   304.8     -0.470     -0.253     -0.080      0.124     -0.148      0.149
12.3000      -29981.165   -29988.957        7.792   312.4      0.533     -0.303      0.347      0.371      0.756      0.447
12.3500      -29981.704   -29989.779        8.075   323.7     -0.465      0.135      0.142      0.022     -0.412      0.007
12.4000      -29981.550   -29989.154        7.604   304.8      0.645     -0.100     -0.740     -0.482      0.251      0.176
12.4500      -29981.251   -29989.258        8.007   321.0     -0.172     -0.021     -0.457      0.322     -0.007      0.193
12.5000      -29980.895   -29988.904        8.009   321.0     -0.228     -0.404     -0.575      0.280     -0.106      0.746
12.5500      -29980.543   -29988.760        8.217   329.4     -0.533     -0.888      0.122      0.307      0.157     -0.268
12.6000      -29980.295   -29989.299        9.004   360.9     -0.083     -0.138      0.268     -0.095      0.058     -0.332
12.6500      -29980.329   -29988.467        8.137   326.2      0.058      0.813      0.228     -0.092      0.005     -0.221
12.7000      -29980.234   -29989.119        8.885   356.1      0.470      0.204     -0.553     -0.343     -0.049     -0.422
12.7500      -29980.086   -29988.146        8.061   323.1     -0.231     -0.312     -0.805      0.386     -0.268      0.026
12.8000      -29979.524   -29987.830        8.306   332.9     -0.412     -0.979      0.192      0.000      0.261     -0.221
12.8500      -29979.634   -29988.982        9.348   374.7     -0.455     -0.005      0.345      0.039      0.002      0.188
12.9000      -29980.150   -29988.586        8.436   338.2      0.206     -0.268     -0.730      0.051      0.865      0.231
12.9500      -29979.961   -29987.693        7.733   310.0     -0.122      0.210      0.443     -0.246     -0.031      0.060
13.0000      -29980.163   -29987.877        7.714   309.2     -0.034     -0.620     -0.622     -0.595      0.168      0.244
13.0500      -29980.799   -29989.078        8.279   331.9      1.380     -0.435     -0.200     -0.112     -0.491     -0.582
13.1000      -29980.790   -29988.645        7.854   314.8      0.371      0.214      0.594     -0.056     -0.187      0.025
13.1500      -29981.112   -29989.205        8.093   324.4      0.691      1.006      0.902     -0.564      0.237     -0.245
13.2000      -29981.002   -29988.570        7.569   303.4      0.414      0.290      0.654      0.269      0.419     -0.432
13.2500      -29980.541   -29988.641        8.100   324.7      0.688      1.324      0.684      0.062     -0.052     -0.145
13.3000      -29980.811   -29988.594        7.783   312.0      1.613     -0.370      0.070      0.622      0.111     -0.123
13.3500      -29980.720   -29987.973        7.253   290.7      0.384      0.649      0.531      0.063      0.415     -0.164
13.4000      -29980.466   -29989.043        8.576   343.8      0.462     -0.199     -0.906      0.342     -0.031     -0.087
13.4500      -29980.248   -29988.508        8.259   331.1      0.238      1.368      0.520     -0.081     -0.283      0.171
13.5000      -29980.286   -29988.715        8.429   337.9      1.520      0.308      0.501     -0.409     -0.041     -0.478
13.5500      -29979.650   -29988.047        8.396   336.6      0.354      0.919      0.415      0.599      0.331      0.258
13.6000      -29979.548   -29987.967        8.419   337.5      0.041     -0.578     -0.638     -0.712     -0.392     -0.245
13.6500      -29979.995   -29988.377        8.382   336.0      0.489      0.163      1.360     -0.188      0.400     -0.689
13.7000      -29979.724   -29988.131        8.407   337.0     -0.242     -0.265     -0.308     -0.046     -0.073     -0.138
13.7500      -29979.493   -29988.209        8.716   349.4     -0.276      0.261     -0.342      0.113      0.123      0.225
13.8000      -29980.033   -29988.570        8.537   342.2      0.067      0.300     -0.312     -0.756      0.202     -0.053
13.8500      -29980.386   -29988.898        8.512   341.2     -0.757     -0.082     -0.366     -0.136     -0.296      0.149
13.9000      -29980.325   -29989.191        8.866   355.4      0.067      0.130     -0.129      0.316      0.124     -0.295
13.9500      -29980.476   -29988.594        8.118   325.4      0.232     -0.452      0.802      0.374      0.603      0.177
14.0000      -29980.177   -29988.348        8.170   327.5      0.165     -0.198      0.193     -0.954     -0.268     -0.366
14.0500      -29980.099   -29988.299        8.200   328.7      0.445     -0.518      1.278     -0.128     -0.417      0.214
14.1000      -29979.609   -29988.289        8.680   347.9     -0.307      0.073      0.595     -0.444      0.215     -0.073
14.1500      -29979.047   -29988.645        9.597   384.7      0.054      0.476      0.187      0.776     -0.271     -0.270
14.2000      -29979.192   -29987.854        8.662   347.2      0.780      0.257      0.356     -0.481     -0.192     -0.323
14.2500      -29979.399   -29988.391        8.991   360.4      0.487      1.704      1.111     -0.273      0.159      0.009
14.3000      -29979.631   -29988.424        8.793   352.5      0.415      0.561      0.341      0.334      0.417      0.016
14.3500      -29979.515   -29988.285        8.771   351.6     -0.079     -0.003      0.250      0.090     -0.386     -0.058
14.4000      -29979.857   -29988.666        8.809   353.1      0.356      0.147      0.997     -0.257      0.032      0.332
14.4500      -29979.362   -29988.014        8.652   346.8      0.198      0.200      0.547      0.015      0.196      0.769
14.5000      -29978.739   -29988.133        9.394   376.5      0.559      0.710      0.349     -0.091      0.262     -0.091
14.5500      -29978.408   -29987.111        8.704   348.9     -0.186      0.421     -0.086      0.139     -0.223      0.383
14.6000      -29978.512   -29986.758        8.246   330.5      0.097     -0.300      0.465      0.508      0.083      0.471
14.6500      -29978.795   -29987.547        8.752   350.8     -0.224      0.626      0.479     -0.337      0.463      0.336
14.7000      -29979.125   -29987.391        8.265   331.3     -0.362      0.503     -0.183     -0.015     -0.265     -0.192
14.7500      -29979.408   -29988.314        8.906   357.0      0.605     -0.264     -0.234     -0.075     -0.351      0.337
14.8000      -29979.226   -29987.664        8.438   338.2     -0.492      0.032      0.556     -0.215     -0.171     -0.522
14.8500      -29979.347   -29987.404        8.058   323.0      0.762      0.601      0.475      0.004      0.172      0.137
14.9000      -29979.745   -29988.027        8.282   332.0     -0.290     -0.375     -0.751     -0.470      0.006      0.255
14.9500      -29979.619   -29988.029        8.411   337.1      0.258      0.051     -1.038      0.086     -0.255     -0.383
15.0000      -29979.008   -29988.033        9.025   361.8      0.257      0.491      0.613     -0.237      0.318     -0.479
15.0500      -29979.089   -29987.699        8.611   345.2      0.071     -0.486     -0.013     -0.574      0.068      0.126
15.1000      -29979.134   -29987.945        8.811   353.2     -1.408      0.499     -0.612     -0.060      0.147     -0.333
15.1500      -29979.361   -29988.709        9.348   374.7      0.748     -0.232     -0.178     -0.723      0.053      0.533
15.2000      -29978.998   -29987.121        8.123   325.6     -0.472      0.819     -0.118      0.064     -0.316     -0.192
15.2500      -29979.147   -29987.020        7.872   315.6     -0.597     -0.774     -0.547     -0.245      0.314      0.115
15.3000      -29979.201   -29987.541        8.340   334.3     -0.557     -1.231     -0.568     -0.307      0.293     -0.206
15.3500      -29979.116   -29987.350        8.234   330.0      0.187      0.396      0.993      0.293      0.224      0.231
15.4000      -29978.937   -29988.324        9.387   376.3      0.006     -0.063      0.331     -0.056     -0.175     -0.162
15.4500      -29978.909   -29988.025        9.116   365.4      0.003      0.326      0.526      0.403     -0.245      0.189
15.5000      -29978.295   -29987.828        9.533   382.1     -0.499      0.366      0.359     -0.081     -0.361     -0.135
15.5500      -29978.417   -29987.326        8.909   357.1     -0.099     -0.305      0.399      0.022      0.097      0.231
15.6000      -29978.767   -29988.432        9.665   387.4      0.929      1.165      0.437      0.122      0.002      0.400
15.6500      -29978.523   -29987.059        8.536   342.1     -0.359     -0.698     -0.497     -0.033     -0.250     -0.196
15.7000      -29978.856   -29987.557        8.701   348.8     -0.174      0.128      0.187      0.092      0.161     -0.210
15.7500      -29979.379   -29987.781        8.403   336.8      1.097      0.022      0.615     -0.127     -0.164      0.517
15.8000      -29979.325   -29987.711        8.386   336.1     -0.810      0.266      0.015      0.167      0.018      0.107
15.8500      -29979.325   -29988.285        8.960   359.2      0.660     -0.066     -0.493      0.033     -0.128     -0.538
15.9000      -29979.156   -29988.479        9.323   373.7      0.256     -0.235      0.996     -0.011     -0.188      0.845
15.9500      -29979.586   -29988.357        8.771   351.6      0.209      0.150     -0.131     -0.670     -0.374     -0.041
16.0000      -29980.024   -29987.750        7.726   309.7     -1.365     -1.012     -0.714      0.279      0.457     -0.040
16.0500      -29979.845   -29988.229        8.383   336.0     -0.221     -1.221     -1.026     -0.190     -0.601     -0.117
16.1000      -29979.979   -29988.904        8.926   357.8     -0.082     -0.593     -0.172      0.303      0.724      0.001
16.1500      -29980.411   -29988.930        8.519   341.5     -0.157     -0.741     -0.512     -0.041      0.905      0.474
16.2000      -29980.054   -29987.811        7.756   310.9     -0.828     -0.486      0.215      0.179     -0.058      0.078
16.2500      -29980.293   -29988.500        8.207   329.0     -0.726      0.355      0.019     -0.062     -0.344      0.095
16.3000      -29980.521   -29988.195        7.675   307.6     -0.576     -0.226     -0.439     -0.101     -0.581     -0.372
16.3500      -29980.608   -29988.629        8.021   321.5     -0.870      0.355     -0.534      0.085      0.208     -0.223
16.4000      -29980.616   -29988.781        8.166   327.3      0.003     -0.383     -0.375     -0.325     -0.085      0.106
16.4500      -29980.674   -29988.938        8.263   331.2      0.286     -0.810      0.066      0.563      0.030      0.412
16.5000      -29980.744   -29988.721        7.977   319.7     -0.149     -1.123     -1.002     -0.123     -0.246     -0.255
16.5500      -29980.106   -29989.131        9.025   361.8      0.115     -0.278      0.749      0.251     -0.021     -0.286
16.6000      -29980.214   -29989.111        8.897   356.6     -0.778     -0.941     -0.456      0.372     -0.329     -0.371
16.6500      -29979.966   -29988.398        8.432   338.0     -0.233     -0.384     -0.633      0.051      0.296      0.077
16.7000      -29980.013   -29988.373        8.360   335.1     -0.534     -0.031     -0.008      0.104     -0.263     -0.082
16.7500      -29980.623   -29988.709        8.086   324.1      1.002     -0.416      0.186     -0.669      0.467      0.371
16.8000      -29980.088   -29988.549        8.461   339.2     -0.239     -1.214     -0.192      0.383      0.086      0.293
16.8500      -29980.287   -29988.557        8.270   331.5      0.060     -1.089     -0.353     -0.476     -0.143     -0.162
16.9000      -29980.740   -29988.652        7.912   317.1      0.140      0.304      0.231      0.209     -0.261      0.530
16.9500      -29980.825   -29988.887        8.062   323.2     -0.664      0.284      1.155      0.155     -0.298      0.123
17.0000      -29980.511   -29988.475        7.964   319.2     -0.726     -0.533     -0.693     -0.100      0.225     -0.001
17.0500      -29980.912   -29988.992        8.081   323.9      0.461     -0.329     -0.005      0.449     -0.014      0.052
17.1000      -29981.199   -29989.098        7.899   316.6     -0.421     -0.118     -0.343     -0.374      0.177      0.056
17.1500      -29980.975   -29988.590        7.615   305.2     -1.092     -0.671      0.024     -0.086     -0.033     -0.187
17.2000      -29980.931   -29988.551        7.619   305.4     -0.377     -0.326     -0.748      0.286      0.546      0.366
17.2500      -29980.432   -29988.324        7.892   316.3      0.908      0.477      0.862     -0.549      0.153      0.040
17.3000      -29980.585   -29988.965        8.380   335.9     -0.878     -0.741      0.225      0.396     -0.071      0.094
17.3500      -29980.769   -29988.207        7.438   298.1      0.437     -0.019      0.852     -0.535     -0.095     -0.193
17.4000      -29979.783   -29988.068        8.285   332.1      1.256      0.098      0.208      0.395      0.273      0.066
17.4500      -29979.772   -29988.395        8.622   345.6      0.040     -0.851     -0.288      0.378      0.160     -0.142
17.5000      -29979.536   -29988.025        8.489   340.3      0.295      0.272      0.244      0.151     -0.370     -0.025
17.5500      -29979.894   -29988.135        8.241   330.3     -0.020     -0.463     -0.069      0.125     -0.232     -0.401
17.6000      -29979.815   -29988.418        8.603   344.9      0.151      0.372      0.719      0.418     -0.097      0.309
17.6500      -29979.994   -29987.732        7.739   310.2      0.182     -0.084      0.083     -0.131     -0.481      0.170
17.7000      -29980.005   -29988.529        8.524   341.7      0.102      0.821      0.593      0.069      0.169      0.219
17.7500      -29980.929   -29989.195        8.266   331.4     -1.013     -0.082      0.842      0.022      0.273     -0.202
17.8000      -29980.567   -29988.707        8.140   326.3     -0.236      0.426     -0.460      0.133     -0.251      0.289
17.8500      -29980.328   -29988.055        7.726   309.7      0.581      0.649      0.353      0.739      0.067     -0.331
17.9000      -29980.637   -29988.295        7.658   307.0     -1.454     -0.029     -1.016     -0.388     -0.560     -0.172
17.9500      -29980.296   -29988.213        7.917   317.3      0.475      0.309      0.413      0.085      0.399      0.568
18.0000      -29980.391   -29988.408        8.018   321.4     -0.100      0.112     -0.344      0.260     -0.025     -0.013
18.0500      -29980.872   -29988.865        7.993   320.4     -0.372     -0.272      0.084      0.541      0.196      0.414
18.1000      -29980.863   -29989.002        8.139   326.2     -0.476     -0.042     -0.128      0.180     -0.024      0.269
18.1500      -29980.851   -29988.676        7.825   313.7      1.190      0.704      0.239     -0.248      0.323      0.385
18.2000      -29980.847   -29989.377        8.530   341.9     -0.378     -1.072     -0.024      0.494      0.318      0.473
18.2500      -29980.855   -29988.578        7.723   309.6     -0.378      1.136     -0.656     -0.202     -0.471     -0.295
18.3000      -29980.704   -29988.670        7.966   319.3      0.032     -0.656      0.566     -0.448     -0.297      0.141
18.3500      -29980.250   -29988.592        8.341   334.4      0.317      0.598     -0.026     -0.120     -0.861     -0.048
18.4000      -29980.360   -29989.461        9.101   364.8      0.006     -0.029      1.090      0.102     -0.035      0.529
18.4500      -29980.543   -29989.023        8.481   339.9      0.018      0.493     -0.289     -0.758     -0.065     -0.142
18.5000      -29981.052   -29988.930        7.878   315.8      0.209      0.326      1.000     -0.086     -0.297      0.776
18.5500      -29981.239   -29988.254        7.015   281.2     -0.323     -0.273     -0.342     -0.130     -0.002     -0.126
18.6000      -29981.024   -29988.586        7.562   303.1      0.399      1.057      0.901      0.438     -0.282     -0.014
18.6500      -29980.856   -29989.236        8.380   335.9      0.097      0.579      0.360      0.102      0.093      0.684
18.7000      -29981.224   -29989.006        7.782   311.9      0.169      0.031      0.593      0.129      0.052     -0.221
18.7500      -29981.457   -29989.408        7.952   318.7      0.506      0.729     -0.051     -0.239     -0.052      0.324
18.8000      -29981.355   -29988.979        7.624   305.6     -0.243      0.844      0.200     -0.213     -0.001      0.099
18.8500      -29981.061   -29989.080        8.019   321.4     -0.232     -0.067     -0.097      0.027      0.298      0.252
18.9000      -29981.511   -29989.830        8.319   333.5      0.178      0.644      0.615     -0.207     -0.672     -0.067
18.9500      -29980.761   -29989.162        8.401   336.7      0.016      0.815      0.070      0.041     -0.152      0.184
19.0000      -29980.529   -29988.779        8.250   330.7     -1.050     -1.366     -0.590     -0.392      0.076     -0.042
19.0500      -29980.615   -29988.914        8.299   332.7     -0.262     -0.019     -0.291      0.091     -0.175     -0.194
19.1000      -29980.474   -29989.225        8.750   350.7      0.277      0.323     -0.009      0.218      0.073     -0.558
19.1500      -29981.013   -29989.084        8.071   323.5     -0.007      0.797      0.582      0.154      0.126      0.653
19.2000      -29980.299   -29988.203        7.905   316.9     -0.037      1.461      0.704      0.339      0.193      0.236
19.2500      -29980.460   -29988.865        8.405   336.9     -0.618      0.313      0.806     -0.156     -0.001     -0.442
19.3000      -29980.425   -29989.238        8.813   353.3      0.397      0.413      0.111      0.032     -0.155     -0.100
19.3500      -29980.932   -29989.377        8.445   338.5      0.104      0.540     -0.043     -0.262     -0.194      0.210
19.4000      -29981.235   -29989.105        7.871   315.5      0.249      0.713      0.410     -0.191      0.286     -0.388
19.4500      -29981.174   -29988.848        7.674   307.6      0.402      0.426     -0.372      0.208     -0.379      0.155
19.5000      -29980.982   -29989.094        8.111   325.1      0.102      0.668      0.745      0.117      0.314     -0.123
19.5500      -29981.047   -29989.312        8.265   331.3      0.016     -0.276      0.008     -0.255     -0.021      0.330
19.6000      -29981.053   -29988.408        7.356   294.8     -0.451     -0.304     -0.588      0.339      0.067     -0.184
19.6500      -29980.883   -29988.486        7.603   304.8      0.328      0.505     -0.167     -0.263     -0.047      0.176
19.7000      -29980.838   -29988.857        8.020   321.5      0.476      0.161      0.304      0.187      0.111      0.257
19.7500      -29980.568   -29988.562        7.994   320.5     -1.211     -0.155     -0.355     -0.044     -0.502      0.078
19.8000      -29980.455   -29988.996        8.541   342.4      0.514      1.098     -0.266      0.182      0.468      0.350
19.8500      -29980.573   -29988.707        8.134   326.1     -0.289      0.372      0.292     -0.095     -0.373      0.034
19.9000      -29980.726   -29989.150        8.425   337.7     -0.064      0.318      0.398      0.114      0.121     -0.439
19.9500      -29981.001   -29989.197        8.196   328.5      0.580      0.160     -0.642     -0.279     -0.067      0.564
20.0000      -29980.960   -29989.059        8.099   324.6      0.806      0.506      0.748     -0.213      0.348     -0.219
20.0500      -29981.180   -29988.773        7.593   304.4     -0.505      0.240     -0.025     -0.407     -0.404      0.223
20.1000      -29980.422   -29988.494        8.072   323.6     -0.879      0.545     -0.878      0.163      0.364      0.213
20.1500      -29980.037   -29988.314        8.277   331.8      0.484     -0.466     -0.153     -0.260      0.602      0.016
20.2000      -29979.938   -29988.908        8.971   359.6      1.271      0.304     -0.153      0.035      0.229      0.035
20.2500      -29979.848   -29988.172        8.324   333.7     -0.361     -0.090      0.650      0.478      0.205     -0.786
20.3000      -29979.534   -29987.936        8.402   336.8      0.641      0.438      0.293     -0.154      0.298      0.262
20.3500      -29979.353   -29988.426        9.073   363.7     -0.985     -0.425     -0.523     -0.085     -0.132      0.166
20.4000      -29979.599   -29988.742        9.143   366.5      0.603     -0.040      0.134      0.030      0.155      0.068
20.4500      -29979.890   -29988.922        9.031   362.0      1.020      0.697      0.127      0.209     -0.450      0.238
20.5000      -29979.652   -29988.078        8.427   337.8      0.357     -0.231     -0.887     -0.177     -0.160     -0.647
20.5500      -29979.697   -29987.990        8.293   332.4     -1.393      0.796     -0.555     -0.101     -0.074     -0.112
20.6000      -29980.308   -29988.818        8.511   341.1     -0.065     -1.287     -1.391      0.040      0.068      0.273
20.6500      -29980.707   -29988.236        7.529   301.8     -0.339      0.578      0.126     -0.202     -0.470     -0.468
20.7000      -29980.603   -29988.947        8.344   334.5     -0.130      0.097     -0.123     -0.312      0.157     -0.368
20.7500      -29980.804   -29988.770        7.966   319.3     -0.683      0.049     -0.025     -0.533      0.129      0.111
20.8000      -29980.197   -29988.723        8.526   341.8     -0.503      0.036     -0.006     -0.049      0.178      0.083
20.8500      -29980.453   -29988.418        7.965   319.3      0.088     -0.055     -0.044      0.341      0.228      0.124
20.9000      -29980.010   -29988.039        8.029   321.8      0.492     -0.182      1.040     -0.674      0.096     -0.642
20.9500      -29980.169   -29988.635        8.466   339.4     -0.686      0.041     -0.567     -0.220     -0.134      0.449
21.0000      -29979.767   -29988.188        8.420   337.5      0.586     -0.505     -0.108     -0.043     -0.021      0.265
21.0500      -29980.058   -29988.641        8.582   344.0     -0.456      0.777     -0.448      0.157     -0.268      0.019
21.1000      -29980.449   -29989.275        8.827   353.8     -0.215     -0.209     -0.174     -0.209     -0.680      0.457
21.1500      -29980.907   -29989.387        8.480   339.9     -0.608     -0.876     -0.667     -0.195      0.518     -0.292
21.2000      -29980.425   -29988.744        8.320   333.5      0.130      0.868     -0.536     -0.868     -0.551      0.764
21.2500      -29980.642   -29988.805        8.163   327.2     -0.130      0.896      0.239     -0.048     -0.392     -0.238
21.3000      -29980.739   -29988.668        7.929   317.8     -0.806     -0.966     -0.323     -0.035      0.463     -0.177
21.3500      -29980.622   -29988.963        8.341   334.4      0.350     -0.600     -0.474      0.486      0.150      0.196
21.4000      -29980.707   -29989.930        9.222   369.7     -0.324      0.107     -0.202     -0.323     -0.289      0.625
21.4500      -29980.162   -29988.686        8.524   341.7     -0.503     -0.324      0.082     -0.412      0.345     -0.517
21.5000      -29979.765   -29988.645        8.879   355.9     -0.061      0.008     -0.032     -0.111      0.193     -0.127
21.5500      -29979.763   -29988.580        8.817   353.4      0.601      0.574      0.172     -0.428      0.427      0.492
21.6000      -29979.455   -29988.861        9.406   377.1      0.241      0.258      0.883      0.434     -0.312     -0.191
21.6500      -29980.489   -29988.248        7.759   311.0      0.969      0.132      0.732      0.216     -0.253      0.135
21.7000      -29980.471   -29988.803        8.331   334.0      1.614      0.099      0.928     -0.407      0.453     -0.126
21.7500      -29979.996   -29988.164        8.168   327.4      0.129      0.024     -0.006      0.065     -0.032      0.372
21.8000      -29980.083   -29987.736        7.653   306.8     -0.429      0.128     -0.352     -0.140      0.007      0.231
21.8500      -29979.939   -29987.336        7.396   296.5      0.127     -0.444     -0.509      0.210      0.009     -0.022
21.9000      -29979.276   -29987.990        8.714   349.3     -0.297      0.056      0.487     -0.533      0.366     -0.173
21.9500      -29979.484   -29988.100        8.616   345.4     -0.755     -0.412     -0.228     -0.463     -0.179     -0.125
22.0000      -29979.968   -29987.568        7.600   304.6      0.630     -0.302      0.081      0.100     -0.289      0.241
22.0500      -29979.813   -29987.869        8.056   322.9      0.732      0.522      0.179      0.456      0.088     -0.047
22.1000      -29979.359   -29988.471        9.112   365.2     -0.059     -0.897      0.523      0.064      0.217     -0.081
22.1500      -29979.394   -29988.486        9.092   364.5      0.200      0.032      1.188      0.102     -0.176     -0.573
22.2000      -29979.866   -29988.869        9.003   360.9      0.778      0.066      0.666      0.127      0.417      0.146
22.2500      -29979.889   -29987.967        8.078   323.8     -0.611     -0.405     -0.341      0.391     -0.035     -0.443
22.3000      -29980.005   -29987.287        7.282   291.9     -0.343     -0.221      0.126     -0.338      0.013     -0.214
22.3500      -29979.884   -29988.434        8.549   342.7      0.169      0.208      0.509      0.598     -0.166     -0.053
22.4000      -29980.454   -29988.371        7.918   317.4      0.105     -0.195      1.371     -0.046      0.135      0.037
22.4500      -29980.658   -29988.949        8.291   332.4      0.438      0.882      0.066      0.394      0.001     -0.389
22.5000      -29980.825   -29989.010        8.185   328.1      0.069     -1.129     -0.682     -0.334      0.070     -0.085
22.5500      -29980.437   -29988.059        7.621   305.5     -0.021      0.845      0.556     -0.186      0.079      0.129
22.6000      -29980.063   -29988.629        8.566   343.4      0.233     -0.267      0.076     -0.517     -0.547     -0.640
22.6500      -29980.218   -29988.322        8.104   324.9     -0.095     -0.152     -0.300      0.302     -0.426      0.005
22.7000      -29980.231   -29988.809        8.577   343.8     -0.949     -0.252     -0.279     -0.127     -0.146      0.144
22.7500      -29979.880   -29988.426        8.546   342.6      0.113      0.696      0.594      0.244      0.416      0.013
22.8000      -29979.378   -29987.680        8.302   332.8     -0.663     -0.220     -0.861     -0.053     -0.323      0.331
22.8500      -29979.537   -29987.678        8.141   326.3     -1.023     -0.526     -0.104      0.265     -0.202     -0.066
22.9000      -29979.513   -29988.715        9.202   368.9      0.090      0.348      0.565      0.034      0.530     -0.249
22.9500      -29979.668   -29988.086        8.418   337.4     -0.360     -0.297      0.411     -0.108     -0.144     -0.075
23.0000      -29979.757   -29988.205        8.448   338.7     -0.267     -0.005     -0.299      0.471      0.089      0.328
23.0500      -29979.959   -29987.943        7.984   320.0     -0.127     -0.169      0.615     -0.135      0.160      0.377
23.1000      -29979.981   -29988.107        8.126   325.7      0.616      0.266      0.212      0.437      0.248     -0.155
23.1500      -29980.282   -29988.795        8.513   341.2     -1.302     -0.294      0.298      0.029     -0.398      0.215
23.2000      -29980.639   -29989.037        8.398   336.6      0.400      0.800      0.534     -0.166      0.051      0.059
23.2500      -29980.060   -29988.469        8.409   337.1     -0.136      0.534     -0.116      0.543      0.077      0.221
23.3000      -29979.823   -29988.424        8.601   344.8      0.268     -0.209      0.778     -0.232      0.167      0.070
23.3500      -29979.985   -29988.029        8.044   322.4     -0.056     -0.410     -0.670     -0.084      0.079      0.092
23.4000      -29979.833   -29988.197        8.364   335.3     -0.197     -0.463     -0.232     -0.432      0.417     -0.190
23.4500      -29980.235   -29988.557        8.322   333.6      0.186      0.598      0.933     -0.208      0.142     -0.521
23.5000      -29980.648   -29989.158        8.510   341.1      0.696      0.396     -0.897     -0.069     -0.290      0.140
23.5500      -29980.454   -29988.547        8.093   324.4      0.054     -0.023      0.585     -0.121     -0.393     -0.096
23.6000      -29980.952   -29989.014        8.061   323.1      0.307      0.604     -0.442     -0.322     -0.256     -0.035
23.6500      -29981.275   -29989.584        8.309   333.1     -0.049     -0.667     -0.509      0.576     -0.295      0.381
23.7000      -29981.371   -29989.566        8.196   328.5     -0.367     -0.046     -0.149     -0.244      0.262      0.152
23.7500      -29981.068   -29989.057        7.989   320.2      0.565      0.466     -0.769     -0.037     -0.084      0.291
23.8000      -29980.996   -29988.701        7.705   308.9     -0.285      0.162      0.123      0.485     -0.066     -0.180
23.8500      -29980.832   -29989.236        8.404   336.9     -0.251      0.148      0.481     -0.169     -0.323      0.498
23.9000      -29980.918   -29989.010        8.092   324.4      0.769      0.178      0.628      0.304      0.028      0.029
23.9500      -29980.413   -29988.736        8.323   333.6     -1.052     -0.480     -1.325     -0.042     -0.093      0.032
24.0000      -29980.323   -29988.820        8.497   340.6     -0.886      0.641      0.282     -0.406     -0.378     -0.250
24.0500      -29980.487   -29988.152        7.665   307.3      0.018      0.532      0.124     -0.040      0.091      0.523
24.1000      -29980.507   -29988.234        7.728   309.8     -0.022      0.431      0.813     -0.743     -0.256     -0.408
24.1500      -29980.256   -29987.764        7.507   300.9      0.040      0.119      0.317      0.752      0.745      0.389
24.2000      -29979.573   -29988.004        8.431   337.9      0.935      0.919      0.028     -0.237     -0.252      0.363
24.2500      -29979.551   -29987.916        8.365   335.3     -0.651     -0.595     -0.347     -0.171     -0.412     -0.077
24.3000      -29979.346   -29988.180        8.834   354.1     -0.076      0.103      0.440      0.209      0.079      0.305
24.3500      -29978.779   -29988.072        9.293   372.5      0.293      0.670      0.286     -0.188      0.021     -0.028
24.4000      -29979.023   -29987.598        8.574   343.7     -0.453     -0.253     -0.779      0.213     -0.229      0.181
24.4500      -29978.907   -29987.051        8.144   326.4     -0.540     -0.502     -0.738      0.032     -0.138     -0.195
24.5000      -29979.033   -29987.275        8.242   330.4     -0.361      0.174      0.748      0.063     -0.157      0.207
24.5500      -29978.785   -29987.279        8.494   340.5      0.117     -0.467     -0.405      0.256     -0.117     -0.596
24.6000      -29978.706   -29987.281        8.575   343.7     -0.560      0.436      0.592      0.034      0.023     -0.438
24.6500      -29978.780   -29987.473        8.693   348.5      0.011      0.834     -0.519     -0.087      0.472      0.027
24.7000      -29978.803   -29987.650        8.848   354.7      0.523      0.597      0.515     -0.349     -0.402     -0.614
24.7500      -29978.910   -29987.660        8.750   350.7     -0.055     -0.614      0.550      0.304     -0.167      0.344
24.8000      -29978.723   -29986.527        7.805   312.8     -0.287      0.523      0.433     -0.232      0.170     -0.072
24.8500      -29978.970   -29987.734        8.765   351.3     -0.800      0.017     -0.557      0.025     -0.518      0.044
24.9000      -29979.229   -29987.768        8.539   342.3     -0.263      0.251     -0.230      0.468      0.376      0.089
24.9500      -29979.039   -29988.236        9.197   368.7      0.232      0.868     -0.481      0.010     -0.006      0.294
25.0000      -29978.371   -29987.078        8.707   349.0     -0.241     -0.037     -0.728      0.275      0.094     -0.472
25.0500      -29978.766   -29987.529        8.764   351.3      0.234      0.280      1.305     -0.514      0.171      0.079
25.1000      -29978.640   -29987.447        8.808   353.0      0.375     -0.473     -0.289     -0.531     -0.299      0.338
25.1500      -29979.377   -29987.951        8.574   343.7      0.147     -0.614      0.330     -0.090     -0.060      0.873
25.2000      -29979.503   -29987.678        8.174   327.7     -0.090     -0.768     -0.287      0.407     -0.076      0.120
25.2500      -29979.360   -29988.404        9.044   362.5     -0.877     -0.187      0.157     -0.091      0.034     -0.633
25.3000      -29979.577   -29988.254        8.676   347.8     -0.198      0.195     -1.269      0.000      0.080     -0.101
25.3500      -29979.776   -29988.191        8.415   337.3     -0.464     -0.404     -0.093     -0.211     -0.198      0.243
25.4000      -29979.705   -29988.090        8.385   336.1      0.400     -0.014      0.145     -0.136     -0.648      0.310
25.4500      -29979.180   -29987.777        8.597   344.6     -0.240      0.057      0.824      0.054      0.057     -0.244
25.5000      -29979.816   -29988.338        8.522   341.6     -0.856     -0.336     -0.350     -0.269      0.086      0.507
25.5500      -29979.787   -29988.092        8.305   332.9      0.530      0.724      0.525     -0.397      0.269      0.058
25.6000      -29979.467   -29987.898        8.431   338.0      0.131     -0.166      0.526     -0.347      0.142     -0.547
25.6500      -29979.890   -29988.566        8.676   347.8     -0.162      0.122      0.369      0.007      0.349      0.073
25.7000      -29979.622   -29988.193        8.571   343.6     -0.171      0.626     -0.116      0.242      0.142      0.294
25.7500      -29979.898   -29987.922        8.023   321.6     -0.315      1.182      0.357      0.621      0.078      0.448
25.8000      -29979.926   -29988.285        8.359   335.1     -0.436      0.097      0.031     -0.342      0.388      0.304
25.8500      -29980.547   -29988.615        8.068   323.4      0.383      0.311      0.195     -0.028      0.008     -0.112
25.9000      -29980.344   -29988.705        8.361   335.1      0.169     -0.153      0.592      0.654     -0.441     -0.393
25.9500      -29979.666   -29989.158        9.492   380.5      0.258      0.226      0.192      0.222      0.481     -0.041
26.0000      -29979.894   -29988.627        8.733   350.1     -0.123     -0.780     -0.543      0.164      0.423      0.091
26.0500      -29979.990   -29987.738        7.748   310.6      0.452      0.797      0.192     -0.312     -0.034     -0.046
26.1000      -29980.163   -29988.465        8.302   332.8     -0.361     -0.126     -0.217      0.455      0.358      0.047
26.1500      -29980.072   -29987.646        7.575   303.6     -0.625     -0.357      0.344     -0.302     -0.810      0.076
26.2000      -29980.106   -29987.580        7.474   299.6     -0.006      0.127      0.193     -0.194      0.494     -0.244
26.2500      -29979.876   -29988.322        8.446   338.6     -0.790     -0.810      0.400     -0.488     -0.307     -0.439
26.3000      -29979.855   -29988.213        8.358   335.0      0.421     -0.018     -0.082     -0.236     -0.128      0.610
26.3500      -29979.636   -29987.854        8.217   329.4      0.222      0.472      0.153      0.026     -0.031     -0.156
26.4000      -29979.831   -29988.697        8.867   355.4     -0.267     -0.157     -0.560      0.325      0.105      0.093
26.4500      -29979.112   -29987.844        8.732   350.0      0.693      0.492     -0.076     -0.288     -0.096      0.326
26.5000      -29979.230   -29987.016        7.786   312.1     -0.459      0.210     -0.867      0.509     -0.094      0.276
26.5500      -29979.224   -29987.486        8.262   331.2     -0.839     -0.068      0.353     -0.479     -0.084      0.040
26.6000      -29979.814   -29987.693        7.880   315.9      1.180     -0.107      0.647      0.410     -0.015      0.174
26.6500      -29979.728   -29987.820        8.093   324.4     -0.481      0.043     -0.355     -0.343      0.276     -0.016
26.7000      -29979.268   -29988.072        8.804   352.9     -0.010      0.020     -1.141      0.034      0.022     -0.085
26.7500      -29979.593   -29987.926        8.333   334.0     -0.235      0.079      0.028      0.008     -0.181      0.023
26.8000      -29979.404   -29987.203        7.799   312.6      0.065     -1.626     -0.021     -0.234      0.419     -0.003
26.8500      -29979.342   -29986.672        7.330   293.8      0.035      0.180     -0.278      0.359      0.233      0.110
26.9000      -29979.415   -29987.229        7.814   313.2      0.664      0.447      1.140     -0.165      0.099     -0.514
26.9500      -29979.295   -29987.287        7.992   320.3     -0.276      0.092     -0.173     -0.332      0.198      0.311
27.0000      -29979.377   -29987.289        7.912   317.1     -0.139      0.337     -0.054     -0.127     -0.382     -0.129
27.0500      -29979.415   -29988.139        8.724   349.7      0.845      0.202      1.469      0.081     -0.169     -0.137
27.1000      -29979.437   -29987.775        8.339   334.3     -0.236     -0.187     -0.343      0.022     -0.251     -0.365
27.1500      -29978.932   -29988.088        9.155   367.0      1.029     -0.017      1.295     -0.436     -0.638      0.361
27.2000      -29979.167   -29987.844        8.677   347.8     -0.471      0.231     -0.316      0.428      0.043      0.571
27.2500      -29979.330   -29987.736        8.407   337.0      0.434     -0.191     -0.092      0.136     -0.239     -0.222
27.3000      -29979.382   -29987.773        8.391   336.4     -0.121     -0.553      0.413     -0.238      0.320      0.167
27.3500      -29979.555   -29987.932        8.376   335.8     -1.061     -0.413     -0.285      0.719     -0.415     -0.243
27.4000      -29979.860   -29987.691        7.832   313.9     -0.637     -0.336      0.420     -0.112      0.552      0.132
27.4500      -29979.375   -29988.029        8.654   346.9      0.682      0.875     -0.207      0.452     -0.359      0.235
27.5000      -29979.487   -29987.604        8.117   325.4      0.363      1.274      0.689     -0.349      0.564      0.137
27.5500      -29978.834   -29987.602        8.767   351.4      0.582      0.045     -0.167     -0.181     -0.509      0.271
27.6000      -29979.424   -29988.527        9.104   364.9     -0.019      0.129     -0.248     -0.037      0.341      0.454
27.6500      -29979.513   -29987.453        7.940   318.3     -0.197      0.491     -0.096     -0.867     -0.486     -0.104
27.7000      -29979.410   -29988.168        8.758   351.1      0.519      0.829      0.923     -0.083      0.050      0.180
27.7500      -29979.274   -29987.484        8.210   329.1      0.120      1.437     -0.833     -0.189     -0.278     -0.001
27.8000      -29979.398   -29988.104        8.706   349.0     -0.063     -0.004      0.214     -0.552     -0.119      0.258
27.8500      -29979.031   -29987.123        8.093   324.4     -0.346      0.103     -0.011      0.131      0.232      0.192
27.9000      -29979.487   -29987.436        7.948   318.6     -0.533      0.725     -0.149      0.235     -0.683     -0.093
27.9500      -29978.902   -29987.934        9.032   362.0      1.114      0.895      0.110      0.199     -0.265     -0.303
28.0000      -29979.204   -29987.850        8.646   346.6     -0.314     -0.298      0.321     -0.215     -0.342     -0.646
28.0500      -29979.720   -29987.988        8.268   331.4     -0.560      0.852      0.568     -0.132     -0.349     -0.235
28.1000      -29979.675   -29987.977        8.302   332.8      0.250     -0.384      0.053     -0.334      0.577      0.041
28.1500      -29980.326   -29988.385        8.058   323.0     -0.034      0.465     -0.295      0.374     -0.122      0.172
28.2000      -29980.459   -29988.273        7.815   313.2     -0.697     -0.365     -0.195     -0.001      0.224     -0.378
28.2500      -29980.382   -29988.375        7.993   320.4     -0.125     -0.080      0.035     -0.240      0.068     -0.235
28.3000      -29980.303   -29987.607        7.305   292.8     -0.045      0.523      0.646      0.027     -0.387     -0.309
28.3500      -29980.491   -29988.135        7.643   306.4      0.100     -0.284     -0.375     -0.057      0.009     -0.063
28.4000      -29979.949   -29987.752        7.803   312.8      0.297      0.467      0.237     -0.069     -0.185     -0.262
28.4500      -29980.037   -29988.504        8.467   339.4     -0.722     -0.031     -0.072     -0.217     -0.158      0.202
28.5000      -29980.020   -29988.256        8.236   330.1     -0.636     -0.220     -0.318     -0.219      0.239     -0.680
28.5500      -29980.449   -29988.758        8.309   333.1      0.900      0.313     -0.179     -0.155     -0.250     -0.335
28.6000      -29980.144   -29988.467        8.323   333.6     -0.527     -0.179     -0.575      0.152      0.234     -0.477
28.6500      -29980.420   -29988.342        7.922   317.6     -0.315     -0.024      0.801     -0.202     -0.162     -0.153
28.7000      -29980.230   -29988.430        8.199   328.7     -0.883     -0.448     -0.373     -0.024     -0.525      0.004
28.7500      -29979.599   -29988.311        8.711   349.2     -0.229     -0.770     -1.179     -0.081     -0.280      0.149
28.8000      -29979.605   -29988.309        8.703   348.9      0.253      0.167      0.143      0.406      0.101     -0.039
28.8500      -29979.543   -29988.637        9.093   364.5      1.232      0.682      0.134     -0.150     -0.237     -0.057
28.9000      -29979.766   -29987.967        8.201   328.7      1.454      0.356      1.585      0.099     -0.021     -0.129
28.9500      -29979.526   -29988.135        8.609   345.1     -0.699      0.920     -0.821      0.429      0.406     -0.097
29.0000      -29978.903   -29987.211        8.308   333.0      0.321     -0.721      1.568     -0.258      0.013     -0.410
29.0500      -29979.514   -29987.684        8.170   327.5      0.063      0.401     -0.763      0.058      0.236      0.412
29.1000      -29979.491   -29987.363        7.872   315.6      0.446     -0.633      0.614     -0.317     -0.191     -0.403
29.1500      -29979.140   -29987.133        7.993   320.4     -0.516     -0.147     -0.671     -0.122     -0.188     -0.300
29.2000      -29979.017   -29988.252        9.235   370.2      0.348      0.245      0.097     -0.133     -0.279     -0.116
29.2500      -29979.291   -29987.869        8.578   343.8     -0.809     -0.238     -0.763      0.404      0.428     -0.076
29.3000      -29979.212   -29986.709        7.497   300.5      0.528      0.125      0.300      0.690     -0.368     -0.228
29.3500      -29979.307   -29987.736        8.430   337.9     -0.153      0.306      0.755     -0.063     -0.123     -0.167
29.4000      -29979.500   -29988.799        9.299   372.7      0.251      0.370      0.216      0.187      0.136      0.306
29.4500      -29978.917   -29987.498        8.581   344.0     -0.100      0.165      0.294      0.263     -0.262     -0.191
29.5000      -29979.539   -29987.604        8.064   323.3      0.142     -1.246     -0.952     -0.322     -0.119      0.095
29.5500      -29979.096   -29987.605        8.509   341.1     -0.229     -0.232      0.174      0.107      0.499      0.061
29.6000      -29979.408   -29987.301        7.893   316.4     -0.663     -0.239     -0.049      0.043     -0.521      0.014
29.6500      -29979.101   -29987.824        8.723   349.7      0.603      0.035     -0.259     -0.112     -0.040     -0.276
29.7000      -29979.119   -29988.131        9.012   361.2     -0.312      0.785     -0.063      0.169     -0.211      0.334
29.7500      -29978.828   -29988.143        9.314   373.4     -0.041     -0.671     -0.007      0.348      0.063     -0.090
29.8000      -29979.404   -29988.014        8.610   345.1     -0.107     -0.819      0.035     -0.076     -0.021     -0.061
29.8500      -29979.625   -29987.896        8.271   331.5     -0.344      0.019     -0.963     -0.642     -0.359      0.091
29.9000      -29979.698   -29988.768        9.070   363.6     -0.220      0.429      0.160      0.346     -0.323     -0.612
29.9500      -29979.494   -29988.023        8.530   341.9     -0.363      0.422      0.790     -0.020      0.018      0.363
30.0000      -29979.607   -29988.572        8.966   359.4     -0.165      0.128      0.449     -0.014     -0.309     -0.080
30.0500      -29980.669   -29988.697        8.029   321.8      0.435      0.471     -0.387     -0.108      0.211      0.679
30.1000      -29981.029   -29988.449        7.420   297.4     -1.017     -0.468     -0.458      0.450     -0.145     -0.464
30.1500      -29981.294   -29988.438        7.144   286.4      1.132      0.755      0.282     -0.080      0.200      0.344
30.2000      -29980.985   -29988.604        7.619   305.4      0.058      1.160     -0.871      0.295     -0.312     -0.002
30.2500      -29981.063   -29989.076        8.014   321.2      0.452      0.811      0.898      0.001      0.376     -0.319
30.3000      -29981.212   -29988.982        7.770   311.5     -0.075      0.362      0.273     -0.480      0.106      0.559
30.3500      -29980.921   -29988.863        7.942   318.4     -0.151     -1.141      0.104     -0.527     -0.012      0.446
30.4000      -29980.934   -29989.234        8.300   332.7     -0.545     -0.186      0.640     -0.252      0.198      0.097
30.4500      -29981.355   -29989.590        8.235   330.1     -0.629      0.036     -0.191     -0.033      0.156      0.228
30.5000      -29981.243   -29989.117        7.874   315.6      0.142     -0.712      0.699     -0.227      0.026      0.035
30.5500      -29981.077   -29989.119        8.042   322.4     -0.740     -0.163     -0.624     -0.195      0.607     -0.189
30.6000      -29981.335   -29989.369        8.034   322.0     -1.029     -0.706     -0.176     -0.014     -0.865     -0.547
30.6500      -29981.206   -29989.049        7.843   314.4     -0.596     -0.688     -0.928     -0.354      0.605      0.128
30.7000      -29980.655   -29988.746        8.091   324.3     -0.458      0.790      0.302      0.320     -0.346     -0.635
30.7500      -29980.774   -29988.871        8.097   324.6      0.143     -0.907      0.607     -0.209     -0.098     -0.559
30.8000      -29980.717   -29988.334        7.617   305.3      0.343      0.193     -0.842     -0.238      0.073      0.037
30.8500      -29980.183   -29988.232        8.049   322.7     -0.225     -0.576     -0.217     -0.092      0.086     -0.039
30.9000      -29980.792   -29989.174        8.381   336.0      0.280      0.020      0.769      0.371      0.390      0.096
30.9500      -29981.092   -29988.951        7.860   315.1     -0.264     -0.210     -1.396      0.347     -0.435      0.091
31.0000      -29981.321   -29989.324        8.003   320.8      0.398     -0.235      0.635      0.008      0.290     -0.674
31.0500      -29980.757   -29989.000        8.243   330.4     -0.926     -0.597     -0.376      0.204     -0.436      0.323
31.1000      -29980.958   -29989.260        8.302   332.8      0.462      0.029     -1.072      0.300      0.036     -0.367
31.1500      -29981.688   -29989.119        7.431   297.9      0.320      1.089      0.909     -0.447     -0.317     -0.570
31.2000      -29982.081   -29989.975        7.893   316.4     -0.911     -0.448      0.252     -0.058      0.263     -0.050
31.2500      -29982.173   -29989.910        7.737   310.1      0.373      0.262      0.623      0.000      0.183     -0.030
31.3000      -29982.045   -29989.643        7.598   304.6      0.851      0.480      0.124      0.343     -0.479      0.020
31.3500      -29981.648   -29989.361        7.713   309.2      0.613      0.210      0.600      0.174      0.075     -0.201
31.4000      -29981.472   -29989.066        7.594   304.4      0.593     -0.117      0.296     -0.211      0.082      0.079
31.4500      -29981.725   -29989.078        7.353   294.7      0.361     -0.137     -0.384     -0.007     -0.013     -0.299
31.5000      -29981.601   -29989.213        7.612   305.1     -0.953     -0.970     -0.347      0.180     -0.515      0.481
31.5500      -29981.433   -29989.131        7.698   308.6      0.384     -0.400     -0.121      0.334      0.271     -0.554
31.6000      -29981.112   -29989.416        8.304   332.8      0.344      0.271      0.282     -0.311      0.083     -0.256
31.6500      -29980.564   -29988.529        7.965   319.3      0.405      0.498      0.011      0.180      0.159      0.323
31.7000      -29980.701   -29988.969        8.267   331.4     -0.602     -0.564      0.099      0.103     -0.180     -0.187
31.7500      -29980.650   -29988.383        7.733   310.0      0.425     -0.112     -0.401      0.195     -0.055     -0.521
31.8000      -29981.272   -29989.320        8.048   322.6     -0.326     -0.130      0.649     -0.270     -0.100      0.559
31.8500      -29981.412   -29988.697        7.285   292.0      0.525      0.580      1.197      0.150     -0.439     -0.495
31.9000      -29981.402   -29988.930        7.528   301.8      0.963     -0.096      0.708     -0.030      0.108     -0.370
31.9500      -29981.826   -29989.172        7.346   294.4      0.295      0.671     -0.323      0.474     -0.209     -0.295
32.0000      -29982.053   -29989.570        7.518   301.3      0.852      0.505      0.397     -0.009      0.297     -0.163
32.0500      -29981.512   -29989.064        7.552   302.7      0.072      0.516      0.079      0.134     -0.590     -0.153
32.1000      -29981.399   -29989.160        7.761   311.1      0.140     -0.182      0.127      0.345     -0.138     -0.052
32.1500      -29981.013   -29988.613        7.601   304.7      0.461     -0.448      0.444      0.278      0.089     -0.051
32.2000      -29981.100   -29988.695        7.595   304.4      0.773      0.942      0.093     -0.502     -0.554      0.201
32.2500      -29981.209   -29988.893        7.684   308.0      0.582     -0.295     -0.808      0.179     -0.036      0.135
32.3000      -29981.273   -29989.145        7.872   315.5     -0.772     -0.205      0.236      0.136      0.369      0.087
32.3500      -29981.007   -29989.342        8.335   334.1      0.204     -0.203      0.034      0.223     -0.293     -0.829
32.4000      -29980.870   -29989.180        8.310   333.1     -0.608      0.643      0.693     -0.090      0.284     -0.210
32.4500      -29980.997   -29989.475        8.477   339.8      0.806     -0.151     -0.166     -0.087      0.099     -0.174
32.5000      -29980.964   -29988.570        7.606   304.9     -0.096      1.050     -0.215      0.222     -0.145     -0.157
32.5500      -29981.072   -29988.945        7.874   315.6      0.716     -1.115      0.643      0.228     -0.100     -0.210
32.6000      -29981.094   -29989.100        8.005   320.9     -0.199      0.351     -0.321      0.490      0.487      0.331
32.6500      -29980.424   -29988.977        8.552   342.8     -0.532     -0.110     -0.115      0.102     -0.081      0.049
32.7000      -29980.494   -29988.938        8.443   338.5      0.396      0.576      0.363      0.422     -0.008      0.182
32.7500      -29980.959   -29988.475        7.515   301.3     -0.058      0.732     -0.010      0.540      0.343     -0.378
32.8000      -29981.309   -29989.588        8.279   331.9      0.152      0.565     -0.093     -0.098     -0.454      0.314
32.8500      -29981.438   -29989.664        8.226   329.7      0.999      0.206      0.423      0.313     -0.179      0.030
32.9000      -29981.372   -29989.807        8.435   338.1      0.001      0.141      0.452      0.089     -0.104      0.201
32.9500      -29981.279   -29990.021        8.743   350.5      0.108      0.643     -0.018     -0.305      0.598     -0.447
33.0000      -29980.559   -29988.582        8.023   321.6      1.473      0.740      0.556     -0.223     -1.141     -0.563
33.0500      -29980.770   -29989.104        8.333   334.0     -0.184     -0.070      1.328      0.465     -0.334     -0.132
33.1000      -29980.440   -29989.098        8.658   347.1      0.026      0.835      0.101     -0.050     -0.041      0.049
33.1500      -29980.389   -29988.797        8.407   337.0      1.050     -0.224      0.360     -0.161     -0.269     -0.603
33.2000      -29979.959   -29988.131        8.172   327.6     -0.910     -0.044     -0.743     -0.158      0.079      0.009
33.2500      -29979.506   -29988.143        8.636   346.2      0.274      0.076      0.102     -0.103      0.127      0.375
33.3000      -29979.706   -29989.197        9.491   380.4     -0.362      0.548      0.614     -0.180     -0.084     -0.063
33.3500      -29979.966   -29988.070        8.104   324.9      1.373      1.582      0.037     -0.448      0.394     -0.323
33.4000      -29979.856   -29988.592        8.736   350.2     -0.839      0.403      0.315     -0.320      0.433     -0.309
33.4500      -29980.006   -29987.879        7.873   315.6      0.105      0.116      0.400      0.539     -0.191     -0.134
33.5000      -29980.570   -29988.467        7.897   316.5      0.085     -0.021      0.035     -0.106     -0.399      0.388
33.5500      -29981.013   -29989.197        8.184   328.1     -0.301     -0.226     -0.408      0.212      0.305      0.433
33.6000      -29981.559   -29988.930        7.371   295.5      0.463     -0.798     -0.038     -0.204      0.008      0.509
33.6500      -29981.127   -29989.512        8.385   336.1     -0.818     -0.293      0.162      0.042     -0.666     -0.000
33.7000      -29981.514   -29989.602        8.088   324.2      0.359     -0.145      0.204     -0.088     -0.372     -0.122
33.7500      -29981.809   -29989.986        8.177   327.8      0.724     -0.366      0.077      0.128     -0.427      0.146
33.8000      -29982.121   -29989.768        7.647   306.5     -0.112     -0.028      0.738      0.085      0.237     -0.013
33.8500      -29982.423   -29989.873        7.450   298.6      0.056     -0.737      0.682     -0.301      0.432     -0.152
33.9000      -29982.349   -29989.969        7.620   305.4     -0.059     -0.230      0.050      0.241     -0.502      0.195
33.9500      -29982.319   -29990.170        7.851   314.7      0.020     -0.556     -0.044      0.406     -0.579      0.163
34.0000      -29982.543   -29989.277        6.734   269.9      0.454     -0.473      0.010     -0.144      0.055      0.531
34.0500      -29982.256   -29989.834        7.578   303.8     -0.491      0.532      0.513     -0.218      0.127      0.138
34.1000      -29982.470   -29990.191        7.721   309.5     -0.001     -0.689     -0.619     -0.319     -0.299     -0.090
34.1500      -29982.333   -29990.049        7.716   309.3      0.422      0.782     -0.505     -0.041      0.194     -0.136
34.2000      -29982.203   -29990.275        8.072   323.6      0.653      0.323     -0.664     -0.309     -0.007      0.434
34.2500      -29982.030   -29990.197        8.167   327.4     -0.059      0.031     -0.617     -0.086     -0.011      0.080
34.3000      -29981.957   -29990.291        8.334   334.1      0.696     -0.002     -0.069     -0.264     -0.040      0.366
34.3500      -29981.556   -29990.010        8.453   338.9     -0.705     -0.391      0.090      0.178     -0.193      0.010
34.4000      -29981.216   -29989.619        8.403   336.8      0.202      1.072      1.055      0.361     -0.565     -0.079
34.4500      -29980.866   -29989.240        8.374   335.7      0.933      0.643      0.434      0.127     -1.055      0.439
34.5000      -29980.758   -29988.775        8.017   321.4      0.077      0.623      0.452     -0.065      0.828      0.017
34.5500      -29980.707   -29988.441        7.735   310.0      0.492      0.639      1.229      0.380      0.319      0.344
34.6000      -29981.036   -29988.508        7.472   299.5      0.821      1.036      0.660     -0.467     -0.176      0.110
34.6500      -29980.702   -29988.355        7.654   306.8     -0.622     -0.719      0.117      0.352      0.334      0.189
34.7000      -29980.858   -29988.348        7.490   300.2     -0.179     -0.360     -0.417      0.236      0.532      0.373
34.7500      -29980.499   -29989.254        8.755   351.0      0.904      0.003     -0.568      0.204      0.309     -0.103
34.8000      -29980.027   -29988.566        8.540   342.3     -1.171     -0.164      0.198     -0.354     -0.277     -0.264
34.8500      -29980.391   -29989.400        9.010   361.2      0.647      0.107     -0.140     -0.374      0.064      0.162
34.9000      -29980.652   -29988.586        7.934   318.0     -0.343      0.143      0.056      1.305     -0.071     -0.128
34.9500      -29980.464   -29989.152        8.688   348.3     -0.080      0.277     -0.293     -0.097      0.231      0.137
35.0000      -29980.337   -29988.426        8.089   324.3      0.027      0.016     -0.052      0.024     -0.264      0.411
35.0500      -29980.573   -29988.928        8.354   334.9      1.188      0.733      0.414     -0.512     -0.646      0.139
35.1000      -29980.379   -29988.375        7.996   320.5     -0.530     -0.058     -0.160      0.645      0.197      0.125
35.1500      -29980.235   -29988.172        7.936   318.1      0.053     -0.141      0.405      0.361      0.339      0.173
35.2000      -29980.396   -29988.531        8.135   326.1     -0.076     -0.662     -0.248     -0.276     -0.293      0.060
35.2500      -29980.475   -29989.303        8.828   353.9      0.933      0.253      0.367      0.044     -0.377     -0.179
35.3000      -29980.087   -29988.041        7.954   318.8      0.631      0.177      0.986     -0.066      0.533     -0.117
35.3500      -29980.046   -29988.543        8.497   340.6      1.055      0.917     -0.194      0.353      0.250     -0.188
35.4000      -29979.187   -29988.137        8.950   358.8     -1.249     -0.654     -0.486     -0.156     -0.120      0.168
35.4500      -29979.368   -29987.682        8.314   333.3      0.599     -0.159     -0.621      0.493      0.579      0.037
35.5000      -29979.468   -29988.131        8.663   347.3     -0.484      0.137      0.185     -0.591     -0.757      0.417
35.5500      -29979.021   -29987.590        8.569   343.5      0.682      0.205      0.394     -0.139     -0.283     -0.469
35.6000      -29978.996   -29987.498        8.502   340.8      0.613      0.300      1.121      0.373      0.057     -0.236
35.6500      -29978.736   -29987.607        8.871   355.6     -0.053      0.400     -0.140     -0.022     -0.136      0.017
35.7000      -29978.684   -29987.979        9.295   372.6      0.281     -0.603     -0.819      0.233      0.178     -0.352
35.7500      -29978.344   -29986.973        8.629   345.9     -0.375     -0.216      0.286      0.654      0.037      0.013
35.8000      -29978.495   -29987.607        9.113   365.3     -1.235     -0.327     -0.050     -0.513      0.482      0.024
35.8500      -29978.612   -29988.064        9.452   378.9     -0.030      0.169     -0.806      0.104     -0.143     -0.044
35.9000      -29979.441   -29988.062        8.622   345.6      0.287     -0.501      0.815     -0.170      0.115      0.442
35.9500      -29979.657   -29988.102        8.445   338.5     -1.003     -0.187      1.457      0.174      0.371      0.256
36.0000      -29979.558   -29988.281        8.723   349.7      0.415     -0.226      0.147     -0.089     -0.591      0.306
36.0500      -29979.677   -29987.703        8.026   321.7      0.295      0.164     -0.000      0.338     -0.688      0.220
36.1000      -29979.523   -29987.572        8.049   322.7     -0.173      0.427      1.036     -0.135      0.028      0.245
36.1500      -29979.830   -29988.037        8.208   329.0     -0.422     -1.100     -0.537      0.413      0.197     -0.649
36.2000      -29979.786   -29987.645        7.859   315.0     -0.876     -0.713      0.263     -0.143      0.173     -0.109
36.2500      -29979.631   -29988.562        8.932   358.0     -0.435     -0.586     -0.161      0.287     -0.143      0.709
36.3000      -29980.080   -29988.363        8.284   332.0      0.692     -0.427     -0.221      0.589      0.439     -0.697
36.3500      -29980.742   -29989.129        8.386   336.2     -0.167      0.224      0.359      0.321     -0.189     -0.381
36.4000      -29981.244   -29989.582        8.338   334.2      1.209      0.079      0.480      0.351      0.323     -0.244
36.4500      -29981.418   -29988.975        7.557   302.9     -0.151      0.810      0.087     -0.136      0.087     -0.512
36.5000      -29981.405   -29989.227        7.821   313.5      0.090     -0.073      0.581      0.664      0.521      0.628
36.5500      -29981.183   -29989.744        8.561   343.2     -0.214      0.334     -0.871     -0.172     -0.093      0.226
36.6000      -29981.432   -29990.293        8.861   355.2     -0.066      0.255     -0.042     -0.107     -0.411     -0.285
36.6500      -29981.709   -29989.781        8.073   323.6      0.075      0.033      0.394     -0.017     -0.221     -0.234
36.7000      -29981.606   -29989.684        8.078   323.8     -0.304      0.904      0.049      0.383      0.594      0.074
36.7500      -29981.542   -29989.658        8.116   325.3      0.695     -0.174      0.186     -0.372      0.246     -0.131
36.8000      -29981.408   -29989.785        8.378   335.8     -0.047      0.404      0.684     -0.203     -0.073      0.190
36.8500      -29981.273   -29989.199        7.927   317.7     -0.448     -0.364     -0.073      0.584      0.547     -0.412
36.9000      -29981.021   -29989.148        8.127   325.8      0.441     -0.163     -0.543      0.865     -0.264      0.677
36.9500      -29980.661   -29989.143        8.482   340.0     -0.128      0.036      1.189     -0.067      0.225      0.255
37.0000      -29981.448   -29989.072        7.624   305.6      0.268      1.121      0.088      0.350      0.007      0.765
37.0500      -29982.049   -29989.910        7.861   315.1      0.450      0.023      0.098     -0.437      0.475      0.207
37.1000      -29981.741   -29989.252        7.511   301.1     -0.096      0.080      0.202     -0.020     -0.101     -0.378
37.1500      -29982.069   -29989.943        7.874   315.6     -0.010      0.302      0.609      0.244      0.397      0.371
37.2000      -29982.095   -29989.400        7.305   292.8     -0.784     -0.719     -0.342     -0.247     -0.530      0.061
37.2500      -29981.663   -29989.705        8.042   322.4     -0.248      0.010     -0.254      0.049     -0.052      0.263
37.3000      -29981.503   -29989.436        7.932   318.0     -0.323     -0.454     -0.308     -0.005      0.124      0.584
37.3500      -29981.538   -29989.586        8.048   322.6     -0.829     -0.510     -0.019     -0.029      0.463     -0.412
37.4000      -29981.170   -29989.172        8.001   320.7      0.420      0.531     -0.346     -0.252      0.053     -0.240
37.4500      -29981.032   -29988.766        7.734   310.0      0.385      0.482      0.652      0.344     -0.014     -0.188
37.5000      -29980.325   -29988.307        7.982   319.9      0.197      0.856      1.892     -0.476     -0.581     -0.619
37.5500      -29980.057   -29988.971        8.914   357.3      0.941     -0.021      1.168     -0.198     -0.123      0.413
37.6000      -29980.893   -29989.105        8.212   329.2     -1.056      0.612     -0.113     -0.113     -0.177      0.025
37.6500      -29980.644   -29988.406        7.763   311.2     -0.762     -0.919      0.772      0.198     -0.855      0.002
37.7000      -29980.450   -29988.689        8.239   330.3     -0.511      0.262      0.171     -0.427      0.643     -0.378
37.7500      -29980.629   -29988.662        8.033   322.0      0.487     -0.076      0.065      0.301     -0.170      0.574
37.8000      -29980.974   -29989.279        8.305   332.9     -0.236     -0.385     -0.593     -0.188      0.218     -0.503
37.8500      -29980.744   -29989.445        8.701   348.8      0.192      0.161      0.023     -0.256     -0.123      0.489
37.9000      -29980.444   -29989.355        8.911   357.2     -0.129     -0.135      0.741      0.106      0.257     -0.038
37.9500      -29980.233   -29989.098        8.865   355.3     -0.267     -0.123     -0.533     -0.090      0.084      0.038
38.0000      -29980.402   -29988.592        8.190   328.3      0.091     -1.158     -0.079     -0.094      0.072     -0.036
38.0500      -29980.736   -29988.707        7.971   319.5     -0.101     -0.537     -0.439     -0.174     -0.105      0.073
38.1000      -29980.818   -29988.752        7.934   318.0     -0.280     -0.099     -0.255     -0.239     -0.538     -0.530
38.1500      -29980.594   -29988.834        8.240   330.3     -0.773     -0.437      0.031     -0.615     -0.197      0.447
38.2000      -29980.981   -29989.367        8.386   336.2      0.186     -0.219     -0.535      0.069      0.036     -0.155
38.2500      -29981.592   -29989.334        7.742   310.3     -0.861      0.351     -1.180      0.218     -0.050      0.127
38.3000      -29981.343   -29989.508        8.165   327.3      0.192     -0.125     -0.576     -0.585     -0.522      0.187
38.3500      -29981.213   -29989.930        8.717   349.4      0.327     -0.566     -0.819     -0.855      0.123      0.099
38.4000      -29981.425   -29988.938        7.512   301.1     -0.369     -0.069     -0.320     -0.033     -0.071     -0.049
38.4500      -29981.475   -29989.424        7.948   318.6     -0.204     -0.980     -0.952      0.212     -0.252      0.079
38.5000      -29981.390   -29988.941        7.551   302.7     -0.411     -0.891      0.246     -0.205     -0.718      0.535
38.5500      -29981.338   -29989.512        8.173   327.6     -1.016     -0.600      0.009     -0.373      0.070      0.119
38.6000      -29981.617   -29989.016        7.398   296.6      0.621      0.603      1.432     -0.438     -0.078      0.136
38.6500      -29981.362   -29989.625        8.263   331.2      0.627      0.558     -0.079     -0.166      0.359     -0.152
38.7000      -29981.113   -29989.461        8.348   334.6      0.224      0.429      0.008      0.322      0.429      0.654
38.7500      -29981.219   -29988.504        7.285   292.0     -0.121     -0.002      0.178      0.083      0.159     -0.392
38.8000      -29980.900   -29989.076        8.176   327.7      0.640     -0.180     -0.933      0.102      0.832      0.639
38.8500      -29981.292   -29989.748        8.456   339.0      0.279      0.468     -0.193     -0.070      0.412      0.148
38.9000      -29980.637   -29988.873        8.236   330.1      0.069     -1.423     -0.560      0.447     -0.228      0.404
38.9500      -29980.426   -29987.689        7.263   291.1     -0.308      0.055     -0.489     -0.357     -0.163      0.056
39.0000      -29980.370   -29989.176        8.806   353.0      0.505     -0.047     -0.008      0.150     -0.347     -0.027
39.0500      -29980.712   -29989.172        8.459   339.1      0.043     -0.297      0.660     -0.088     -0.218     -0.043
39.1000      -29979.984   -29989.186        9.202   368.8      0.732     -0.509      0.048     -0.199     -0.069     -0.601
39.1500      -29980.418   -29988.967        8.549   342.7     -0.185      0.013      0.291     -0.098      0.520      0.346
39.2000      -29980.094   -29988.256        8.161   327.1      0.394      0.466      0.215     -0.119     -0.534      0.010
39.2500      -29980.012   -29987.936        7.924   317.6      1.190     -0.234     -0.605     -0.278      0.116      0.245
39.3000      -29980.169   -29988.410        8.241   330.3     -0.346      0.441      0.817     -0.117      0.439     -0.245
39.3500      -29980.157   -29988.658        8.501   340.8      1.083     -0.577     -0.102     -0.039     -0.091      0.596
39.4000      -29980.387   -29988.928        8.540   342.3     -0.342      0.984      0.187      0.013     -0.103     -0.523
39.4500      -29980.619   -29988.703        8.084   324.1     -0.376      0.510     -0.267     -0.502     -0.101      0.654
39.5000      -29980.546   -29987.951        7.405   296.8     -0.144     -0.228     -0.318      0.113      1.150      0.017
39.5500      -29980.558   -29989.172        8.613   345.3     -0.049     -0.520     -0.863     -0.095      0.190     -0.090
39.6000      -29980.810   -29989.064        8.255   330.9      0.166     -0.254     -0.439     -0.104      0.474      0.152
39.6500      -29980.567   -29988.693        8.126   325.7     -0.143      0.627      1.111      0.547     -0.217     -0.468
39.7000      -29980.974   -29989.492        8.518   341.5      0.589      0.660     -0.801      0.034     -0.061      0.321
39.7500      -29980.635   -29988.201        7.566   303.3     -0.115      0.224      0.910     -0.396      0.405      0.035
39.8000      -29980.618   -29988.463        7.845   314.5      0.892      0.157      0.423     -0.081     -0.385     -0.129
39.8500      -29980.366   -29988.980        8.615   345.3      0.733      0.015      0.539     -0.121      0.161     -0.089
39.9000      -29980.597   -29989.232        8.635   346.1      0.287      1.072      0.491      0.072      0.192     -0.608
39.9500      -29980.703   -29988.588        7.885   316.1      0.682      0.412     -0.662     -0.024     -0.106     -0.103
40.0000      -29980.344   -29988.459        8.115   325.3      1.470      1.498      0.918      0.130     -0.479      0.327
40.0500      -29980.094   -29988.355        8.261   331.2      0.839      1.049     -0.452      0.143      0.133      0.428
40.1000      -29980.093   -29988.406        8.313   333.2      0.903     -0.078      0.866     -0.652     -0.127      0.208
40.1500      -29979.708   -29988.043        8.335   334.1      0.115      0.312      0.298     -0.257     -0.152      0.051
40.2000      -29980.156   -29987.904        7.748   310.6      0.533      0.517      0.324      0.319      0.389      0.323
40.2500      -29979.796   -29987.877        8.081   323.9     -0.371      0.512     -0.605      0.060      0.235     -0.363
40.3000      -29980.000   -29988.133        8.133   326.0     -0.086      0.511      0.237     -0.213      0.208      0.360
40.3500      -29979.761   -29988.430        8.669   347.5     -0.188     -0.570     -0.561      0.135      0.088      0.248
40.4000      -29979.687   -29987.658        7.972   319.5      0.768      0.970      1.105     -0.492      0.346      0.104
40.4500      -29979.709   -29987.523        7.815   313.3     -0.423     -0.616     -0.215     -0.114     -0.388      0.512
40.5000      -29979.625   -29987.893        8.267   331.4      0.017      0.694     -0.065      0.007      0.443     -0.302
40.5500      -29979.420   -29988.027        8.607   345.0      0.472      0.487      0.474      0.626     -0.517     -0.136
40.6000      -29979.580   -29987.477        7.896   316.5      0.283      0.550      0.896      0.176      0.053     -0.164
40.6500      -29979.317   -29986.559        7.242   290.3     -1.187      0.023      0.262     -0.163      0.404      0.351
40.7000      -29979.355   -29987.252        7.897   316.5     -0.084      0.038     -1.664      0.551     -0.530     -0.688
40.7500      -29979.737   -29988.053        8.316   333.3     -0.949     -0.746      0.182     -0.619      0.111      0.570
40.8000      -29979.886   -29987.932        8.046   322.5      0.120      0.017      0.232      0.497     -0.333     -0.245
40.8500      -29979.849   -29988.021        8.172   327.6     -0.136      0.281     -0.121     -0.223      0.001     -0.389
40.9000      -29980.115   -29988.465        8.350   334.7     -0.443     -0.134     -0.434     -0.061     -0.159      0.161
40.9500      -29979.453   -29988.006        8.553   342.8     -0.627     -0.220     -0.071     -0.046      0.102     -0.300
41.0000      -29979.042   -29987.619        8.577   343.8     -0.310     -0.256     -0.752      0.463     -0.341      0.206
41.0500      -29978.835   -29987.383        8.548   342.7      0.256      0.222     -0.677     -0.157     -0.057      0.168
41.1000      -29979.042   -29987.457        8.415   337.3      0.412      0.596      1.401      0.666     -0.114     -0.066
41.1500      -29979.292   -29987.812        8.521   341.5      0.215     -0.167     -0.683     -0.119      0.244      0.383
41.2000      -29979.639   -29987.615        7.977   319.7      0.210      1.659      0.712      0.738      0.024      0.135
41.2500      -29979.918   -29988.371        8.453   338.9      0.825      0.198      0.622     -0.240      0.150      0.282
41.3000      -29979.974   -29987.748        7.774   311.6      0.128      0.518     -0.040      0.187     -0.012      0.068
41.3500      -29979.834   -29987.801        7.966   319.3      0.565     -0.038      0.679     -0.044     -0.375      0.187
41.4000      -29979.830   -29987.312        7.483   299.9     -0.432      0.546     -0.526      0.582      0.254     -0.229
41.4500      -29979.460   -29987.898        8.439   338.3     -0.210     -0.012     -0.140      0.119      0.106      0.537
41.5000      -29979.005   -29987.926        8.921   357.6     -0.356      0.473     -0.134     -0.707      0.291      0.233
41.5500      -29979.567   -29988.158        8.591   344.4     -0.406     -0.233      0.074      0.103     -0.340      0.305
41.6000      -29978.983   -29987.840        8.856   355.0     -0.455      0.124      0.620      0.731     -0.362      0.114
41.6500      -29978.656   -29988.396        9.740   390.4      0.121      0.205      0.147     -0.059      0.248     -0.206
41.7000      -29978.232   -29987.203        8.971   359.6     -0.200      0.023     -0.833      0.643      0.161      0.171
41.7500      -29979.084   -29988.078        8.994   360.5     -0.549     -0.041     -0.635     -0.325      0.249      0.679
41.8000      -29978.827   -29987.799        8.972   359.6     -0.481      0.154      0.529      0.739     -0.343     -0.051
41.8500      -29978.911   -29988.010        9.099   364.7     -0.204      0.354      0.142     -0.240     -0.163      0.026
41.9000      -29978.631   -29986.518        7.887   316.1      0.058     -0.332     -0.373     -0.093     -0.377     -0.144
41.9500      -29978.774   -29987.658        8.884   356.1     -0.042      0.027     -0.495     -0.094      0.060      0.271
42.0000      -29978.807   -29987.754        8.947   358.6     -0.259      0.059     -0.145      0.366     -0.035     -0.628
42.0500      -29978.780   -29987.777        8.998   360.7     -0.077      0.311      0.152     -0.126      0.047     -0.292
42.1000      -29979.045   -29987.328        8.283   332.0      0.475      0.456      0.270      0.166     -0.426      0.083
42.1500      -29979.323   -29988.221        8.898   356.7     -0.291     -0.148     -0.213     -0.497      0.355      0.171
42.2000      -29979.356   -29987.729        8.372   335.6      0.345     -0.219     -0.339     -0.134      0.497      0.210
42.2500      -29979.373   -29988.645        9.272   371.7     -0.004     -0.067      0.357     -0.245      0.518      0.101
42.3000      -29979.340   -29988.314        8.975   359.8     -0.336      0.125      0.032     -0.557      0.249      0.071
42.3500      -29979.242   -29988.438        9.196   368.6      0.278      0.144      0.775      0.497     -0.145      0.581
42.4000      -29979.283   -29988.219        8.936   358.2      0.441     -0.352     -0.886      0.066      0.196     -0.215
42.4500      -29979.629   -29987.930        8.301   332.7     -0.585      0.666     -0.006      0.077      0.199      0.119
42.5000      -29979.741   -29988.111        8.370   335.5      0.008     -0.240      0.512     -0.080      0.121     -0.084
42.5500      -29979.582   -29987.928        8.345   334.5      0.010      0.265     -0.395      0.028     -0.475      0.023
42.6000      -29980.090   -29988.232        8.143   326.4     -0.584     -0.039     -0.226      0.482      0.102     -0.135
42.6500      -29980.779   -29989.133        8.354   334.9      0.258      0.497      1.037     -0.080     -0.280     -0.060
42.7000      -29980.897   -29988.629        7.731   309.9     -0.250      0.156     -0.108     -0.453     -0.126     -0.041
42.7500      -29980.767   -29988.883        8.116   325.3     -0.286     -0.407      0.343     -0.168      0.153      0.140
42.8000      -29980.583   -29988.139        7.556   302.9      0.704     -0.193      0.515     -0.332      0.196      0.528
42.8500      -29980.922   -29988.648        7.727   309.7     -0.071      0.336      0.191     -0.268     -0.093      0.613
42.9000      -29980.706   -29988.357        7.651   306.7      0.496      0.307      0.437      0.053      0.246      0.415
42.9500      -29981.043   -29989.102        8.059   323.0      0.527     -0.425      0.231     -0.176      0.367      0.108
43.0000      -29980.452   -29988.865        8.413   337.2     -0.414      0.478     -0.062      0.049      0.022      0.221
43.0500      -29980.379   -29989.008        8.629   345.9     -0.913     -0.024     -0.038      0.135      0.362     -0.345
43.1000      -29980.915   -29989.240        8.325   333.7     -0.188     -0.406     -1.384      0.368      0.359     -0.064
43.1500      -29980.918   -29989.652        8.734   350.1      1.299      0.662      0.893      0.022     -0.260     -0.039
43.2000      -29981.013   -29989.275        8.262   331.2     -0.247     -0.475      0.004      0.237      0.027      0.677
43.2500      -29981.352   -29989.402        8.050   322.7      0.212      0.185     -0.008      0.127     -0.472      0.203
43.3000      -29981.579   -29989.363        7.784   312.0     -1.205     -0.382      0.071     -0.398      0.228      0.000
43.3500      -29981.916   -29989.619        7.703   308.8     -0.232     -0.505      0.508      0.193      0.012     -0.741
43.4000      -29981.571   -29988.998        7.427   297.7     -0.271      0.178     -0.888      0.406      0.901      0.435
43.4500      -29981.695   -29989.615        7.920   317.5     -0.690     -0.061     -0.390     -0.566     -0.014     -0.270
43.5000      -29981.805   -29989.838        8.033   322.0      0.115     -0.108      0.445      0.049     -0.047      0.173
43.5500      -29981.529   -29988.914        7.385   296.0     -0.007      0.533     -0.111     -0.218     -0.352     -0.299
43.6000      -29981.289   -29989.186        7.896   316.5      1.702      0.447      0.669     -0.227      0.198      0.772
43.6500      -29980.965   -29989.232        8.267   331.4     -0.554     -0.217     -1.351     -0.213     -0.236      0.340
43.7000      -29980.957   -29989.703        8.746   350.6      0.477      0.136     -0.286     -0.300     -0.233      0.393
43.7500      -29980.538   -29989.547        9.009   361.1      0.176     -1.080      0.252     -0.586      0.171      0.204
43.8000      -29980.491   -29989.129        8.638   346.2      0.638     -0.379     -0.146      0.228     -0.297      0.053
43.8500      -29980.796   -29988.365        7.569   303.4     -1.257     -0.660     -0.511      0.376      0.544     -0.041
43.9000      -29980.743   -29988.496        7.753   310.8      0.493      0.662      0.651      0.089      0.150     -0.086
43.9500      -29980.518   -29988.871        8.353   334.8      0.212     -0.390     -0.215      0.337     -0.449     -0.231
44.0000      -29979.788   -29988.062        8.274   331.7      0.081      0.115     -0.713     -0.670      0.667      0.493
44.0500      -29979.900   -29988.381        8.481   339.9      0.360      0.329      0.578     -0.062      0.343      0.026
44.1000      -29979.978   -29988.889        8.911   357.2     -0.225      0.551     -0.283      0.050     -0.458      0.646
44.1500      -29980.256   -29988.807        8.550   342.7      0.947      0.018     -0.552      0.475      0.092      0.123
44.2000      -29980.231   -29988.805        8.574   343.7      0.843      0.621      0.166     -0.095      0.019     -0.327
44.2500      -29980.398   -29988.982        8.585   344.1      0.062      0.196      0.294     -0.518      0.034      0.120
44.3000      -29980.718   -29989.426        8.707   349.0     -0.425     -0.134     -0.906      0.264     -0.148      0.427
44.3500      -29981.433   -29989.088        7.655   306.9      0.424     -0.705      0.330      0.139     -0.165     -0.005
44.4000      -29981.618   -29989.848        8.230   329.9      0.117      0.067      0.073      0.119      0.054     -0.465
44.4500      -29981.704   -29990.027        8.324   333.7     -0.140     -0.848     -0.375     -0.165      0.544     -0.095
44.5000      -29981.556   -29989.080        7.524   301.6      0.621      0.321      0.123     -0.443     -0.089      0.012
44.5500      -29981.647   -29989.236        7.589   304.2      1.307      0.664      0.634      0.682     -0.241      0.223
44.6000      -29981.602   -29989.713        8.111   325.1      0.392     -0.306      0.370     -0.758      0.362     -0.669
44.6500      -29981.488   -29989.871        8.383   336.0      0.241      0.267     -0.125      0.489      0.111      0.623
44.7000      -29981.139   -29989.605        8.467   339.4      0.531      0.035      0.649      0.372     -0.110     -0.105
44.7500      -29981.536   -29990.115        8.579   343.9      0.684     -0.218      0.348     -0.062      0.269      0.279
44.8000      -29981.777   -29989.320        7.544   302.4     -0.461      0.623      0.026     -0.341     -0.171     -0.595
44.8500      -29981.585   -29989.451        7.866   315.3      0.171     -0.625      0.270     -0.145      0.358      0.387
44.9000      -29980.978   -29988.883        7.904   316.8      0.243      0.542      0.308     -0.203      0.437     -0.515
44.9500      -29980.940   -29989.123        8.183   328.0      0.629      0.546      1.170     -0.452      0.122     -0.049
45.0000      -29981.148   -29989.156        8.008   321.0      1.344      0.021      0.722     -0.293     -0.264      0.601
45.0500      -29981.137   -29989.000        7.863   315.2     -0.107      0.607      1.092      0.296     -0.031     -0.260
45.1000      -29981.000   -29989.209        8.209   329.1     -0.081      0.302      0.457     -0.330     -0.348      0.036
45.1500      -29980.634   -29989.301        8.667   347.4      0.231      0.928     -1.176      0.609      0.031      0.202
45.2000      -29980.553   -29988.836        8.283   332.0     -0.199     -0.313     -0.604      0.001     -0.024      0.319
45.2500      -29980.233   -29988.244        8.011   321.1      0.307      0.542      0.894      0.385      0.090     -0.157
45.3000      -29979.665   -29988.045        8.380   335.9      0.615      0.827      0.130     -0.383     -0.765      0.359
45.3500      -29979.959   -29987.758        7.798   312.6     -0.533     -0.438      0.468     -0.019      0.837      0.267
45.4000      -29979.923   -29988.580        8.657   347.0     -0.081     -0.430     -1.582     -0.530     -0.102      0.407
45.4500      -29979.554   -29988.525        8.971   359.6      0.253     -0.080      0.273     -0.085     -0.104     -0.145
45.5000      -29979.528   -29988.592        9.064   363.3      0.119      0.683      0.705     -0.168      0.417     -0.220
45.5500      -29979.355   -29987.930        8.575   343.7      0.619      0.509      0.781      0.211      0.173     -0.045
45.6000      -29979.612   -29987.502        7.890   316.3     -0.342      0.575      0.415     -0.834      0.407      0.398
45.6500      -29979.876   -29987.826        7.950   318.7      0.699      0.362      0.460      0.245     -0.154      0.066
45.7000      -29979.488   -29987.787        8.299   332.7     -0.951      0.673      0.172     -0.131      0.228      0.537
45.7500      -29979.886   -29988.258        8.372   335.6      1.205     -0.032      0.637     -0.094      0.283      0.303
45.8000      -29979.769   -29988.576        8.807   353.0      0.707     -0.140      0.275     -0.149      0.063     -0.592
45.8500      -29980.090   -29989.139        9.049   362.7      0.117     -0.384      0.386      0.399      0.402     -0.270
45.9000      -29979.831   -29988.127        8.296   332.6     -0.259     -0.441      0.117      0.162      0.711     -0.200
45.9500      -29980.378   -29988.465        8.087   324.2     -0.680      0.301      0.105      0.013     -0.069     -0.031
46.0000      -29980.162   -29988.141        7.978   319.8     -0.145     -0.519     -0.308      0.997     -0.190     -0.379
46.0500      -29980.425   -29987.850        7.425   297.6      0.254     -0.063      0.955     -0.801      0.449     -0.185
46.1000      -29979.840   -29988.160        8.320   333.5      0.885     -0.473      0.072      0.564     -0.323     -0.535
46.1500      -29979.315   -29987.572        8.258   331.0      0.212      0.466      0.707     -0.376      0.004      0.024
46.2000      -29979.257   -29987.695        8.438   338.2      1.354      0.245      0.070      0.561     -0.286      0.572
46.2500      -29979.271   -29987.873        8.602   344.8     -0.222     -0.280     -0.733     -0.930      0.102     -0.227
46.3000      -29979.458   -29988.498        9.040   362.4      0.721     -0.097     -0.049      0.107      0.290      0.124
46.3500      -29979.823   -29988.543        8.719   349.5     -0.240      0.012      0.627     -0.110     -0.262      0.396
46.4000      -29979.813   -29987.887        8.074   323.6     -0.029      0.216     -0.915     -0.026     -0.038     -0.556
46.4500      -29979.487   -29987.801        8.313   333.2     -0.280     -0.085      0.583      0.224      0.227      0.025
46.5000      -29979.307   -29987.650        8.343   334.4      0.298     -0.083      0.609      0.231      0.083      0.410
46.5500      -29979.181   -29987.635        8.454   338.9      0.101     -0.225      0.010      0.109      0.294     -0.054
46.6000      -29979.025   -29987.512        8.487   340.2      0.800      1.164      0.796     -0.196      0.149      0.650
46.6500      -29979.192   -29987.217        8.025   321.7      1.468      1.071      0.613      0.965      0.290      0.027
46.7000      -29979.292   -29987.795        8.503   340.8      0.335      0.073      1.034      0.220     -0.258      0.383
46.7500      -29979.238   -29988.070        8.832   354.0      0.984      0.585     -0.644     -0.367     -0.320      0.342
46.8000      -29978.985   -29987.881        8.896   356.6      0.055      0.085      1.112     -0.359     -0.091      0.380
46.8500      -29979.033   -29987.568        8.535   342.1      0.288     -0.307      0.157      0.193      0.260     -0.070
46.9000      -29979.856   -29988.355        8.500   340.7      0.030      0.742      0.063     -0.691      0.149      0.312
46.9500      -29980.200   -29988.436        8.235   330.1     -0.366      0.917     -0.312      0.119     -0.213      0.381
47.0000      -29980.158   -29988.584        8.426   337.8     -0.907      1.034      0.685      0.430      0.561     -0.125
47.0500      -29979.710   -29987.721        8.011   321.1      0.192      0.163      0.336     -0.196      0.957      0.397
47.1000      -29979.976   -29988.076        8.100   324.7     -0.395     -0.227     -0.155      0.316      0.163      0.050
47.1500      -29979.973   -29988.924        8.951   358.8     -0.155      0.541      0.490      0.172     -0.343      0.030
47.2000      -29980.121   -29988.781        8.661   347.2      0.156     -0.284      0.174     -0.249      0.143     -0.489
47.2500      -29980.005   -29989.090        9.084   364.1      0.668     -0.423     -0.466     -0.382     -0.400     -0.411
47.3000      -29980.112   -29988.973        8.861   355.2     -0.231     -0.412     -0.268      0.321     -0.099      0.164
47.3500      -29980.642   -29988.914        8.273   331.6      0.513      0.341     -0.043     -0.363     -0.199      0.620
47.4000      -29980.073   -29988.678        8.605   344.9      0.128      0.287     -0.198      0.095     -0.424     -0.452
47.4500      -29980.329   -29988.287        7.958   319.0      0.071      0.050     -0.611     -0.178      0.264      0.037
47.5000      -29980.332   -29988.873        8.541   342.4     -0.057     -0.500     -1.220      0.330      0.233     -0.279
47.5500      -29980.105   -29988.275        8.170   327.5      1.028      1.529      0.895     -0.659      0.240     -0.110
47.6000      -29980.160   -29988.270        8.109   325.1      0.407     -0.031      0.163      0.345      0.867     -0.744
47.6500      -29980.666   -29989.328        8.662   347.2     -0.426      0.059      0.405     -0.182      0.015      0.014
47.7000      -29980.330   -29988.506        8.176   327.7      0.067     -0.685     -0.502      0.017      0.537     -0.510
47.7500      -29980.114   -29989.059        8.944   358.5      0.315     -0.346     -0.365     -0.103     -0.112      0.667
47.8000      -29979.890   -29988.113        8.223   329.6     -0.465      0.616      0.327     -0.105      0.092     -0.020
47.8500      -29980.271   -29988.402        8.131   325.9      0.516     -0.571      0.155     -0.187      0.052      0.532
47.9000      -29980.011   -29988.508        8.497   340.6     -0.928     -0.360     -0.242     -0.449      0.212     -0.354
47.9500      -29980.409   -29988.725        8.316   333.3      0.342     -0.209      0.215     -0.583      0.196      0.466
48.0000      -29980.244   -29988.740        8.496   340.6     -0.640      0.107      0.105      0.371     -0.197     -0.690
48.0500      -29980.532   -29988.721        8.188   328.2      0.531     -0.057      0.331     -0.428      0.066      0.064
48.1000      -29979.837   -29987.988        8.151   326.7      0.344      0.808      0.863      0.719      0.354     -0.295
48.1500      -29979.434   -29987.895        8.460   339.1     -0.621      0.051     -0.061     -0.232     -0.025      0.585
48.2000      -29979.666   -29988.871        9.205   369.0     -1.403     -0.457     -0.268     -0.095      0.100     -0.082
48.2500      -29980.051   -29988.902        8.851   354.8     -0.145      0.054      0.080     -0.006     -0.245     -0.083
48.3000      -29980.178   -29988.271        8.093   324.4      0.257     -0.507      0.327     -0.055      0.501      0.013
48.3500      -29980.717   -29988.848        8.131   325.9      0.514      0.503      0.535     -0.462      0.008      0.248
48.4000      -29980.526   -29988.502        7.976   319.7     -0.267      0.211      0.806      0.013      0.142     -0.587
48.4500      -29979.839   -29987.980        8.141   326.3      0.668      0.966     -0.043     -0.323      0.440     -0.112
48.5000      -29980.441   -29988.518        8.076   323.7      0.876      0.092      0.372     -0.109     -0.493     -0.603
48.5500      -29980.485   -29988.516        8.031   321.9     -0.641     -0.564     -0.078     -0.444      0.121     -0.243
48.6000      -29980.704   -29988.713        8.009   321.0      0.604      0.453     -0.873      0.083      0.581     -0.493
48.6500      -29980.677   -29989.047        8.370   335.5      0.523      0.752      1.453     -0.685     -0.110      0.127
48.7000      -29980.624   -29989.434        8.809   353.1     -0.497      0.149     -1.163      0.280      0.239      0.588
48.7500      -29980.206   -29988.152        7.946   318.5     -0.042     -0.253      0.618     -0.780     -0.092     -0.566
48.8000      -29979.709   -29988.174        8.465   339.3     -0.475     -0.676      0.288      0.668      0.347     -0.371
48.8500      -29979.524   -29988.867        9.343   374.5      0.038      0.134     -1.000      0.015     -0.085     -0.195
48.9000      -29979.595   -29987.697        8.103   324.8     -0.241      0.271      1.035     -0.198     -0.340     -0.533
48.9500      -29979.456   -29987.738        8.282   332.0      1.151      0.843      0.380      0.264      0.088     -0.032
49.0000      -29979.681   -29988.426        8.745   350.5     -0.047     -0.217     -0.275     -0.055      0.505     -0.461
49.0500      -29979.725   -29987.320        7.595   304.5     -0.205      0.302     -0.729     -0.210     -0.450      0.462
49.1000      -29980.023   -29988.523        8.501   340.8      0.690     -0.262      0.056     -0.141      0.208      0.017
49.1500      -29979.855   -29988.307        8.451   338.8      0.203      0.568      0.328      0.151      0.251     -0.421
49.2000      -29979.950   -29988.451        8.501   340.8     -0.011      0.452      0.735     -0.431     -0.141      0.445
49.2500      -29979.547   -29988.533        8.986   360.2      1.504      1.293     -0.188     -0.063      0.410      0.189
49.3000      -29979.435   -29987.500        8.065   323.3     -0.232      0.378      0.001      0.503      0.660     -0.385
49.3500      -29979.228   -29987.627        8.399   336.7      0.604      0.352     -1.197     -0.042     -0.221     -0.399
49.4000      -29979.040   -29987.689        8.650   346.7     -0.173      0.912      0.059     -0.821      0.171     -0.427
49.4500      -29978.846   -29988.158        9.312   373.3     -0.794     -0.622     -1.326      0.348      0.009      0.160
49.5000      -29978.658   -29988.219        9.561   383.2     -0.847     -0.258      0.595     -0.253     -0.378      0.103
49.5500      -29979.368   -29988.154        8.786   352.2     -0.616     -0.681      0.213     -0.381      0.068     -0.255
49.6000      -29979.482   -29987.568        8.086   324.1      0.179      0.736      1.069      0.743     -0.456      0.769
49.6500      -29979.609   -29988.674        9.064   363.3      0.418      0.195      0.107     -0.427     -0.584      0.094
49.7000      -29979.572   -29987.842        8.270   331.5      0.234     -0.688     -0.202      0.280      0.242      0.058
49.7500      -29979.398   -29987.879        8.481   339.9     -0.258      0.554      0.044      0.210     -0.480      0.399
49.8000      -29979.798   -29988.090        8.292   332.4      0.619     -0.642      0.773     -0.257      0.373     -0.229
49.8500      -29979.493   -29987.746        8.253   330.8      0.169      0.170      1.377      0.063     -0.095      0.019
49.9000      -29980.201   -29988.713        8.512   341.2      0.096      0.362      0.365      0.114     -0.038     -0.115
49.9500      -29980.404   -29988.207        7.803   312.8      0.171     -0.238      0.322      0.037      0.569      0.161
50.0000      -29980.402   -29988.508        8.106   324.9      1.276      0.822      0.879      0.327     -0.426     -0.832
50.0500      -29979.694   -29988.438        8.744   350.5      0.428      0.162      0.183      0.138      0.061      0.212
50.1000      -29979.437   -29988.277        8.840   354.4     -0.027     -0.786      0.941     -0.522      0.121      0.286
50.1500      -29979.622   -29988.572        8.950   358.8      0.500     -1.360     -0.663     -0.594     -0.338      0.234
50.2000      -29979.837   -29988.123        8.286   332.2     -0.114      0.204      0.143      0.348      0.020      0.007
50.2500      -29979.845   -29987.822        7.977   319.8      0.208     -0.494     -0.310      0.346      0.119      0.019
50.3000      -29980.167   -29987.721        7.553   302.8      0.307     -1.007      0.231      0.113     -0.155      0.018
50.3500      -29980.262   -29988.395        8.132   326.0     -0.463     -0.342     -0.130      0.330     -0.085      0.025
50.4000      -29980.370   -29989.064        8.694   348.5     -0.130      0.232     -0.677      0.355     -0.229      0.254
50.4500      -29980.300   -29989.148        8.848   354.7     -0.493     -0.511     -1.482     -0.513      0.004     -0.252
50.5000      -29980.225   -29988.080        7.855   314.9     -0.684     -0.053      0.048      0.139     -0.220     -0.142
50.5500      -29979.771   -29988.311        8.539   342.3     -0.359     -0.163     -0.098     -0.309      0.331      0.128
50.6000      -29979.643   -29988.762        9.118   365.5     -0.571     -1.006     -0.470      0.099     -0.083      0.249
50.6500      -29980.008   -29988.549        8.541   342.4      0.813      0.231      0.218     -0.739     -0.687     -0.278
50.7000      -29980.077   -29987.914        7.837   314.2     -0.646      0.253      0.254      0.384      0.086     -0.981
50.7500      -29979.998   -29987.486        7.489   300.2      0.532      0.055      0.373     -0.253     -0.154     -0.027
50.8000      -29980.031   -29987.771        7.741   310.3      0.149      1.034     -0.329      0.075      0.277     -0.145
50.8500      -29979.932   -29988.246        8.314   333.3      0.712      0.159      0.280      0.132      0.368      0.696
50.9000      -29979.981   -29987.930        7.949   318.6     -0.554      0.250     -0.284     -0.157     -0.104      0.424
50.9500      -29979.769   -29988.434        8.665   347.3     -0.746      0.207      0.575     -0.212      0.559      0.199
51.0000      -29980.193   -29988.732        8.539   342.3      0.281     -0.744     -0.079     -0.288     -0.098     -0.050
51.0500      -29980.391   -29988.885        8.494   340.5      0.197     -0.698      0.037     -0.433     -0.064     -0.044
51.1000      -29980.482   -29988.631        8.148   326.6      0.284      0.867      0.038     -0.059      0.095     -0.162
51.1500      -29980.986   -29989.078        8.092   324.4      0.481     -1.038      1.011      0.444      0.207      0.113
51.2000      -29980.831   -29988.367        7.536   302.1      0.293     -0.388     -0.596     -1.076      0.228     -0.138
51.2500      -29981.015   -29988.668        7.653   306.8      0.698     -0.486      0.176      0.847     -0.138     -0.005
51.3000      -29980.735   -29987.830        7.095   284.4      0.170      0.955      1.145     -0.553     -0.153      0.181
51.3500      -29980.705   -29987.791        7.086   284.1     -0.177      0.414     -0.330     -0.039     -0.227     -0.275
51.4000      -29980.721   -29988.688        7.966   319.3      0.376      0.745     -0.080     -0.132      0.020     -0.255
51.4500      -29980.467   -29988.412        7.945   318.5      0.583     -0.209      0.068      0.381      0.228     -0.267
51.5000      -29980.707   -29988.326        7.619   305.4     -0.284      0.573      0.133     -0.297     -0.345      0.204
51.5500      -29980.380   -29988.129        7.748   310.6      0.614      0.469      0.144      0.046      0.168      1.048
51.6000      -29979.948   -29988.152        8.204   328.9      0.560     -0.121      0.004      0.388     -0.284     -0.274
51.6500      -29979.741   -29988.014        8.272   331.6     -0.013      0.593      0.109      0.185     -0.067     -0.117
51.7000      -29979.480   -29987.322        7.842   314.3      1.081      0.660      1.672     -0.144     -0.217      0.037
51.7500      -29979.549   -29987.451        7.902   316.7      0.009      0.164      0.048      0.327     -0.416      0.341
51.8000      -29979.055   -29987.133        8.078   323.8     -0.027      0.410      0.371      0.069     -0.032      0.186
51.8500      -29979.219   -29987.180        7.961   319.1      0.608      0.310      0.816     -0.387     -0.141     -0.585
51.9000      -29978.721   -29987.271        8.550   342.7     -0.477     -0.866     -1.603     -0.163     -0.172     -0.094
51.9500      -29979.149   -29987.828        8.679   347.9     -0.679      0.612     -0.403      0.036      0.036      0.105
52.0000      -29979.968   -29987.670        7.702   308.7     -0.215     -0.595     -1.377     -0.255      0.141      0.071
52.0500      -29980.146   -29987.682        7.536   302.1     -0.048      0.681      0.492     -0.514     -0.551     -0.349
52.1000      -29979.955   -29988.363        8.408   337.0      0.830      0.709     -0.341     -0.084      0.082     -0.319
52.1500      -29980.024   -29988.502        8.477   339.8     -0.053      0.157     -0.527      0.214     -0.209     -0.131
52.2000      -29980.502   -29988.506        8.003   320.8     -0.166     -0.499      0.160     -0.203      0.034     -0.128
52.2500      -29980.637   -29987.908        7.271   291.5      0.131      0.314      0.698     -0.244      0.260      0.152
52.3000      -29980.370   -29988.730        8.360   335.1      0.113      0.021      0.121      0.551     -0.198      0.013
52.3500      -29980.229   -29988.512        8.283   332.0      0.231     -0.237      0.185      0.446      0.488      0.235
52.4000      -29980.116   -29988.162        8.046   322.5     -0.004     -0.558      0.480     -0.152     -0.388     -0.508
52.4500      -29980.467   -29987.977        7.509   301.0      0.486      0.841     -0.423     -0.283     -0.206     -0.413
52.5000      -29980.733   -29988.043        7.310   293.0      0.964      0.326      0.501      0.089     -0.426     -0.229
52.5500      -29980.885   -29988.510        7.625   305.6      0.463      0.299      0.577     -0.221     -0.038     -0.016
52.6000      -29981.066   -29988.158        7.092   284.3      0.413      0.078      0.216      0.820     -0.153      0.161
52.6500      -29980.973   -29989.375        8.402   336.8      0.053      0.515      0.507     -0.143     -0.295      0.002
52.7000      -29980.924   -29988.662        7.738   310.2      0.118     -0.418      0.011      0.385     -0.234     -0.165
52.7500      -29981.027   -29988.799        7.772   311.5      0.979     -0.201      0.234      0.023     -0.071     -0.089
52.8000      -29980.895   -29988.756        7.861   315.1     -0.114      0.217      0.216      0.264     -0.177      0.262
52.8500      -29980.867   -29988.740        7.874   315.6      0.400      0.183      0.834     -0.123     -0.116      0.594
52.9000      -29981.292   -29989.135        7.843   314.4      0.419      0.642     -0.170     -0.086     -0.158     -0.149
52.9500      -29980.633   -29988.613        7.981   319.9     -1.525     -0.035     -0.175     -0.091      0.053      0.517
53.0000      -29980.390   -29988.244        7.854   314.8      0.240     -0.106     -0.336     -0.101      0.364     -0.283
53.0500      -29980.373   -29988.553        8.180   327.9     -0.114     -0.053     -0.258      0.353     -0.712      0.160
53.1000      -29980.609   -29988.770        8.160   327.1      1.064      0.565      0.782      0.231      0.440     -0.363
53.1500      -29980.720   -29988.594        7.874   315.6      0.782     -0.028     -0.154     -0.312     -0.049     -0.655
53.2000      -29981.073   -29988.891        7.818   313.4      0.987     -0.484     -0.373      0.066      0.157     -0.240
53.2500      -29980.950   -29989.006        8.056   322.9     -0.357     -0.425     -0.778      0.161     -0.051      0.391
53.3000      -29980.683   -29988.836        8.153   326.8     -0.134     -0.447     -0.221     -0.246      0.225      0.194
53.3500      -29980.508   -29988.543        8.035   322.1      1.105     -0.361     -0.351      0.346     -0.288     -0.084
53.4000      -29980.118   -29988.551        8.432   338.0     -0.297      0.489      0.757      0.293     -0.131     -0.052
53.4500      -29980.030   -29987.953        7.924   317.6      0.415     -0.069     -0.375      0.076     -0.383     -0.330
53.5000      -29979.696   -29988.631        8.935   358.1      0.378      0.177      0.218      0.032     -0.285     -0.145
53.5500      -29979.519   -29987.953        8.434   338.1     -0.398     -1.486      0.445      0.064      0.614      0.168
53.6000      -29979.637   -29987.855        8.218   329.4     -0.006     -0.547     -0.392      0.040     -0.579     -0.080
53.6500      -29978.706   -29987.629        8.922   357.7      0.458     -0.379     -0.405     -0.286     -0.149      0.227
53.7000      -29978.597   -29987.746        9.150   366.8     -0.319      0.013     -0.635     -0.003      0.035      0.133
53.7500      -29979.436   -29988.107        8.672   347.6     -0.438     -0.407     -0.218      0.248      0.574     -0.341
53.8000      -29979.615   -29987.381        7.765   311.3     -0.272     -0.656     -0.773     -0.460     -0.215     -0.379
53.8500      -29980.262   -29989.006        8.744   350.5     -0.507     -0.318     -0.430     -0.036      0.377      0.557
53.9000      -29980.505   -29988.898        8.393   336.4      0.377     -0.275     -0.318     -0.173     -0.289      0.211
53.9500      -29980.367   -29989.023        8.656   347.0     -0.609     -0.435      0.009     -0.046     -0.095      0.031
54.0000      -29980.295   -29988.346        8.050   322.7      0.136      0.589     -0.140     -0.191      0.083      0.710
54.0500      -29980.375   -29988.842        8.466   339.4     -0.635      0.028      0.146     -0.018     -0.084     -0.610
54.1000      -29979.923   -29988.268        8.345   334.5      0.756     -0.257      0.056      0.061      0.147      0.051
54.1500      -29980.002   -29988.631        8.629   345.9      0.062     -0.013      0.196      0.446      0.016      0.837
54.2000      -29980.190   -29989.023        8.833   354.1     -0.126     -0.225      0.463     -0.269     -0.010      0.314
54.2500      -29979.928   -29988.590        8.661   347.2     -0.082     -0.332     -0.100     -0.103      0.022     -0.000
54.3000      -29979.387   -29988.084        8.697   348.6      0.482      0.464      0.691      0.098     -0.400      0.222
54.3500      -29979.722   -29988.008        8.286   332.1      0.553      0.442      0.245     -0.285      0.218      0.188
54.4000      -29979.003   -29988.092        9.088   364.3      0.001      0.370      0.745      0.227     -0.008     -0.572
54.4500      -29979.515   -29988.133        8.618   345.5      0.573     -0.058     -0.527      0.351     -0.402      0.123
54.5000      -29979.939   -29988.100        8.160   327.1     -0.050      0.021      0.190      0.159      0.479      0.135
54.5500      -29979.997   -29988.234        8.237   330.2     -0.106      0.607      0.193      0.192      0.149     -0.188
54.6000      -29979.984   -29988.445        8.462   339.2      0.124      0.696      0.455     -0.174     -0.186     -0.513
54.6500      -29979.207   -29988.330        9.123   365.7     -0.398     -0.422      0.159     -0.127      0.090     -0.026
54.7000      -29979.133   -29987.531        8.398   336.6      0.085     -0.952     -0.159      0.420     -0.594      0.187
54.7500      -29978.998   -29987.486        8.488   340.2      0.066     -0.057     -0.770     -0.083     -0.545      0.073
54.8000      -29979.252   -29988.270        9.018   361.5      0.862      0.017     -0.275      0.157      0.007     -0.340
54.8500      -29979.225   -29987.822        8.597   344.6     -0.336     -0.319      0.013     -0.052     -0.473      0.333
54.9000      -29979.146   -29988.301        9.155   367.0      0.361      0.270      0.708      0.330      0.403     -0.061
54.9500      -29979.510   -29987.826        8.316   333.4     -0.387     -0.334      0.574     -0.208      0.221     -0.403
55.0000      -29980.183   -29988.779        8.596   344.6     -0.663     -0.697     -0.798      0.027     -0.185     -0.268
55.0500      -29980.073   -29988.406        8.333   334.0      0.224     -0.230     -0.423     -0.286      0.512     -0.021
55.1000      -29979.953   -29988.158        8.205   328.9     -0.761      0.224     -0.087     -0.199     -0.120      0.560
55.1500      -29979.408   -29988.342        8.934   358.1      0.205     -0.182     -0.465      0.465      0.845     -0.168
55.2000      -29979.995   -29987.873        7.878   315.8      0.365     -0.803      0.070      0.045      0.190      0.003
55.2500      -29979.784   -29988.381        8.597   344.6      0.398      1.171      0.924      0.067      0.508      0.069
55.3000      -29979.360   -29987.709        8.349   334.7     -0.342      0.506     -0.858      0.512      0.576     -0.181
55.3500      -29979.784   -29987.666        7.882   315.9      0.214      0.831      0.486      0.938      0.374     -0.357
55.4000      -29979.846   -29987.902        8.057   322.9     -0.065      0.470     -0.349     -0.068     -0.028      0.142
55.4500      -29979.883   -29988.014        8.131   325.9      0.101      0.269     -0.027      0.279      0.026     -0.361
55.5000      -29979.304   -29987.246        7.942   318.4     -0.778     -0.427      0.135      0.330     -0.546      0.103
55.5500      -29979.348   -29987.703        8.355   334.9      0.247     -1.115      0.018     -0.577     -0.540      0.063
55.6000      -29979.605   -29988.041        8.436   338.1     -0.240     -0.340     -0.783      0.493      0.260      0.110
55.6500      -29980.181   -29988.455        8.274   331.6     -0.478     -0.879     -0.386      0.299      0.230      0.184
55.7000      -29980.289   -29989.053        8.764   351.3     -0.629     -1.048     -0.004      0.142      0.143     -0.515
55.7500      -29980.332   -29988.238        7.906   316.9     -0.382     -0.296     -0.604      0.221     -0.290      0.420
55.8000      -29980.202   -29988.189        7.988   320.2     -0.099      0.731      0.105      0.049     -0.406     -0.461
55.8500      -29979.898   -29988.051        8.152   326.8      0.432     -0.775      1.142     -0.402     -0.274     -0.331
55.9000      -29980.185   -29987.764        7.578   303.8     -0.246      0.592      0.599     -0.129     -0.579     -0.354
55.9500      -29980.544   -29988.010        7.466   299.3      0.422      0.719      0.519      0.112     -0.424     -0.297
56.0000      -29980.513   -29988.799        8.286   332.1     -0.649     -0.599     -0.425     -0.502     -0.126     -0.421
56.0500      -29980.999   -29988.949        7.950   318.7      0.046      1.496      0.089     -0.042      0.331     -0.315
56.1000      -29980.687   -29988.594        7.907   316.9      0.194     -0.355      0.028      0.185     -0.012     -0.024
56.1500      -29979.983   -29988.992        9.009   361.1     -0.145     -0.414      0.710      0.124     -0.373      0.193
56.2000      -29979.778   -29988.369        8.591   344.4     -0.231     -0.377     -0.656      0.412      0.339      0.149
56.2500      -29980.034   -29988.127        8.093   324.4      0.744     -0.564     -0.377     -0.035     -0.162     -0.134
56.3000      -29980.235   -29988.639        8.403   336.9      0.110     -0.946      0.024     -0.727     -0.506     -0.124
56.3500      -29980.848   -29988.346        7.498   300.5      0.463      0.964      0.863      0.023      0.086      0.034
56.4000      -29981.077   -29988.537        7.460   299.0      1.021     -0.325     -0.445     -0.256     -0.062     -0.227
56.4500      -29981.219   -29988.990        7.771   311.5     -0.482      0.516      0.510      0.101     -0.222     -0.191
56.5000      -29981.418   -29989.020        7.602   304.7      0.986      1.103     -0.600     -0.341     -0.129      0.326
56.5500      -29981.374   -29989.053        7.679   307.8     -0.158     -0.040     -0.090      0.014     -0.078     -0.285
56.6000      -29981.416   -29989.012        7.596   304.5     -0.494     -0.069      0.435      0.139     -0.342      0.263
56.6500      -29981.233   -29988.285        7.053   282.7      0.634      0.748      0.242      0.073     -0.229      0.600
56.7000      -29980.971   -29988.723        7.752   310.7      0.594      0.587      0.353      0.017     -0.579     -0.277
56.7500      -29980.903   -29989.064        8.162   327.2      0.238      0.467      0.420      0.972     -0.192     -0.148
56.8000      -29981.087   -29988.980        7.893   316.4      0.914      0.836      0.567     -0.108      0.226     -0.339
56.8500      -29980.919   -29988.102        7.182   287.9      1.185      0.662      0.479     -0.051     -0.043      0.130
56.9000      -29980.960   -29988.863        7.903   316.8      0.727      0.827      0.016     -0.193     -0.195      0.276
56.9500      -29981.195   -29988.900        7.705   308.9     -0.446     -0.300      0.164      0.191     -0.421      0.017
57.0000      -29980.996   -29989.496        8.500   340.7      0.852      0.639      0.486     -0.164     -0.583     -0.406
57.0500      -29980.761   -29988.975        8.214   329.2     -0.195      0.143      0.112      0.013     -0.235      0.047
57.1000      -29980.364   -29988.047        7.683   308.0      0.754     -0.122     -0.328     -0.000      0.896      0.064
57.1500      -29980.486   -29988.033        7.548   302.5     -0.288     -0.228      0.869      0.155     -0.373      0.455
57.2000      -29980.368   -29988.574        8.207   329.0      0.923      0.311     -0.377      0.037      0.311      0.736
57.2500      -29980.481   -29988.461        7.980   319.9      0.345     -1.124     -0.454     -0.219     -0.460     -0.569
57.3000      -29980.060   -29988.281        8.221   329.5     -0.331     -0.586      0.641      0.074      0.278      0.114
57.3500      -29980.840   -29989.234        8.395   336.5      0.811     -0.408     -1.527      0.006     -0.014     -0.644
57.4000      -29981.008   -29988.793        7.785   312.1      0.006     -0.220      0.439      0.043      0.240      0.099
57.4500      -29981.176   -29989.668        8.492   340.4      0.327     -0.430      0.480      0.158      0.498     -0.734
57.5000      -29981.517   -29989.518        8.001   320.7      0.491      0.724     -0.619      0.032      0.380      0.354
57.5500      -29980.909   -29988.684        7.775   311.6     -0.541      0.821      0.777      0.192     -0.236      0.142
57.6000      -29980.992   -29988.381        7.389   296.2     -0.071      1.088     -0.085      0.512      0.261      0.231
57.6500      -29980.578   -29989.221        8.643   346.4      0.009     -0.146     -0.088     -0.047     -0.039      0.238
57.7000      -29981.010   -29989.217        8.207   329.0     -0.872     -0.170     -0.242      0.459      0.006     -0.287
57.7500      -29981.457   -29988.705        7.248   290.5      0.247      0.010     -0.166     -0.214      0.189     -0.461
57.8000      -29981.010   -29988.973        7.963   319.2     -0.012     -0.121      0.525     -0.329     -0.217     -0.110
57.8500      -29981.539   -29989.447        7.908   317.0     -0.151     -0.025      0.807     -0.133     -0.013     -0.094
57.9000      -29980.973   -29989.195        8.222   329.6     -0.838     -0.059      0.020      0.386      0.588     -0.532
57.9500      -29981.157   -29988.898        7.742   310.3      0.084     -0.069      0.001     -0.071      0.040      0.678
58.0000      -29982.032   -29989.559        7.527   301.7      1.396      0.620      1.011     -0.055      0.277      0.116
58.0500      -29981.764   -29989.482        7.719   309.4     -0.635     -0.609      0.353      0.283     -0.199     -0.305
58.1000      -29981.661   -29989.471        7.810   313.1      0.178      0.884     -0.623     -0.241      0.308      0.287
58.1500      -29981.440   -29989.338        7.898   316.6      0.877      0.393      0.863     -0.005     -0.382     -0.354
58.2000      -29981.476   -29989.189        7.713   309.2      0.878      0.628      0.000      0.254     -0.144      0.060
58.2500      -29981.898   -29989.383        7.485   300.0      0.501     -0.117     -0.143     -0.754     -0.051     -0.098
58.3000      -29982.266   -29989.174        6.908   276.9      0.275     -0.458     -0.035      0.448     -0.407      0.185
58.3500      -29982.280   -29989.996        7.717   309.3      0.504      0.801     -0.512      0.017     -0.278     -0.235
58.4000      -29981.890   -29989.863        7.974   319.6      0.250     -0.016      0.797      0.197      0.156     -0.157
58.4500      -29981.710   -29989.270        7.560   303.0      0.200      0.633      0.051     -0.457      0.211      0.143
58.5000      -29981.384   -29989.234        7.851   314.7      0.251     -0.900     -0.684     -0.072     -0.210      0.171
58.5500      -29981.387   -29989.385        7.998   320.6     -0.652     -0.163     -0.287     -0.667     -0.600      0.306
58.6000      -29981.822   -29989.775        7.953   318.8     -1.083      0.351      0.440      0.101      0.200     -0.285
58.6500      -29981.954   -29989.967        8.013   321.2     -0.042     -0.538     -0.038      0.259      0.112     -0.250
58.7000      -29981.447   -29989.580        8.133   326.0     -0.256      0.724      0.152      0.105      0.441     -0.376
58.7500      -29981.174   -29989.227        8.052   322.8     -0.147      0.196     -0.473      0.692      0.297     -0.524
58.8000      -29981.705   -29989.492        7.787   312.1     -0.221     -0.186     -0.025      0.031     -0.303     -0.017
58.8500      -29981.713   -29989.326        7.613   305.2      0.098      0.223      0.498     -0.262     -0.125     -0.479
58.9000      -29981.326   -29989.246        7.920   317.5      0.075      0.079     -0.508     -0.073     -0.247      0.282
58.9500      -29980.808   -29988.775        7.967   319.4      0.116     -0.708     -0.676     -0.017      0.203     -0.329
59.0000      -29980.369   -29989.105        8.736   350.2      0.314     -0.116      0.874     -0.181     -0.359     -0.037
59.0500      -29980.517   -29989.180        8.663   347.2      0.173      0.677     -0.198     -0.071      0.049     -0.034
59.1000      -29980.930   -29988.680        7.750   310.7     -0.647     -0.730     -1.281     -0.088      0.570      0.012
59.1500      -29981.070   -29988.791        7.721   309.5      0.148      0.071     -0.054     -0.517      0.408     -0.588
59.2000      -29980.871   -29989.219        8.348   334.6      0.002     -0.478     -0.753     -0.100     -0.473     -0.076
59.2500      -29980.637   -29988.918        8.281   331.9      1.019      0.329     -0.324     -0.095      0.278      0.128
59.3000      -29980.500   -29988.566        8.067   323.4      0.022     -0.267     -0.257      0.131      0.163     -0.490
59.3500      -29980.605   -29988.945        8.340   334.3     -0.604     -0.718     -1.002     -0.188     -0.585      0.280
59.4000      -29979.849   -29988.391        8.541   342.4      0.289     -0.138     -0.412      0.239      0.171     -0.591
59.4500      -29980.169   -29988.447        8.278   331.8     -0.285      0.488     -0.793      0.096     -0.135      0.272
59.5000      -29980.170   -29987.938        7.768   311.4     -0.933      0.014     -0.797      0.213     -0.038      0.020
59.5500      -29980.265   -29989.191        8.926   357.8      0.564     -0.817     -0.857      0.734     -0.059     -0.265
59.6000      -29980.547   -29988.686        8.138   326.2      0.067     -0.210     -0.683      0.246      0.270      0.240
59.6500      -29980.697   -29988.650        7.953   318.8     -0.687     -0.014      0.168      0.844     -0.280      0.351
59.7000      -29980.748   -29988.664        7.916   317.3      0.687      0.672      0.126     -0.384      0.740      0.084
59.7500      -29980.806   -29989.623        8.817   353.4     -0.407      1.229     -0.356      0.201     -0.479      0.092
59.8000      -29980.832   -29989.252        8.420   337.5      0.116      0.548     -0.779      0.158     -0.228      0.314
59.8500      -29980.484   -29988.832        8.348   334.6      0.573      0.301     -0.102      0.520      0.531     -0.245
59.9000      -29980.075   -29988.291        8.216   329.3     -0.533      0.562      0.636      0.146      0.071     -0.008
59.9500      -29979.951   -29988.932        8.981   360.0      0.163     -0.800      0.396      0.445     -0.020     -0.087
60.0000      -29979.309   -29987.545        8.236   330.2     -0.470     -0.181     -0.712     -0.549      0.395      0.410
60.0500      -29979.436   -29988.094        8.657   347.0      0.216     -0.735      0.400     -0.151      0.457     -0.056
60.1000      -29979.304   -29988.041        8.737   350.2      0.203      0.883      0.244      0.088     -0.122      0.504
60.1500      -29980.013   -29988.605        8.592   344.4     -0.408     -0.993      0.379     -0.120     -0.038      0.314
60.2000      -29980.329   -29988.219        7.889   316.2     -0.289     -0.627     -0.058      0.053     -0.210      0.002
60.2500      -29980.703   -29988.379        7.676   307.7     -0.192      0.205     -0.136     -0.044      0.536      0.387
60.3000      -29980.442   -29988.836        8.394   336.5      0.122     -0.222     -0.082      0.120      0.558      0.446
60.3500      -29980.930   -29988.816        7.887   316.1      0.881     -0.482     -0.327     -0.262     -0.111      0.030
60.4000      -29980.430   -29989.008        8.578   343.8      0.035     -0.123     -0.366     -0.222      0.634      0.239
60.4500      -29980.457   -29989.227        8.770   351.5     -0.064     -0.680     -0.250      0.123     -0.053      0.131
60.5000      -29979.316   -29988.006        8.690   348.3     -0.077      0.142      0.054     -0.236      0.008     -0.070
60.5500      -29979.791   -29988.598        8.807   353.0     -0.421      0.487     -1.244     -0.267     -0.115      0.304
60.6000      -29979.727   -29988.854        9.126   365.8      0.304     -0.624     -0.808     -0.360      0.077     -0.200
60.6500      -29979.284   -29988.449        9.165   367.4     -1.305     -0.317     -0.357      0.035     -0.155     -0.200
60.7000      -29979.450   -29988.098        8.647   346.6     -0.877     -1.258     -0.345     -0.337     -0.386     -0.120
60.7500      -29979.560   -29987.566        8.006   320.9     -0.388      0.398      1.058      0.338      0.017     -0.110
60.8000      -29979.884   -29988.209        8.325   333.7     -0.510      0.337     -0.937     -0.300      0.014     -0.200
60.8500      -29980.045   -29988.777        8.732   350.0      0.644     -0.259     -0.338      0.407      0.070      0.296
60.9000      -29980.859   -29988.549        7.690   308.2      0.449     -0.498     -1.594     -0.368      0.325     -0.200
60.9500      -29980.581   -29988.994        8.414   337.3      0.870     -0.169     -0.500     -0.536      0.069      0.072
61.0000      -29980.938   -29988.916        7.978   319.8     -0.549     -0.054     -0.785      0.588     -0.495      0.119
61.0500      -29980.786   -29988.363        7.577   303.7     -0.203      0.607      0.511     -0.073      0.091     -0.070
61.1000      -29980.720   -29988.871        8.151   326.7     -0.008      0.013     -0.389     -0.444      0.348     -0.438
61.1500      -29980.661   -29989.277        8.616   345.4      0.224      0.104      0.410     -0.419      0.163      0.051
61.2000      -29980.820   -29988.713        7.893   316.4      0.640      0.661     -0.816     -0.323     -0.456     -0.069
61.2500      -29981.054   -29988.877        7.823   313.6      0.516      0.472      0.234      0.261     -0.478     -0.117
61.3000      -29980.933   -29989.084        8.151   326.7      0.651      0.012      0.428     -0.342     -0.147      0.453
61.3500      -29980.723   -29988.262        7.539   302.2      0.332     -0.429      0.627      1.120     -0.105     -0.682
61.4000      -29980.675   -29988.584        7.909   317.0      1.426      0.173      0.816      0.328      0.499      0.195
61.4500      -29980.742   -29987.752        7.010   281.0     -0.416     -0.086     -1.275      0.360     -0.560     -0.316
61.5000      -29980.311   -29988.793        8.482   340.0      0.184     -0.672     -0.293      0.216      0.087      0.566
61.5500      -29980.708   -29989.463        8.755   350.9      0.211      0.991      0.111     -0.768      0.345     -0.743
61.6000      -29981.056   -29989.365        8.309   333.1     -0.628     -0.534      0.217     -0.086     -0.412     -0.041
61.6500      -29981.253   -29989.344        8.091   324.3     -0.500      0.566     -0.217     -0.006     -0.151      0.029
61.7000      -29981.446   -29988.742        7.296   292.5     -0.463     -1.306     -0.372      0.336      0.474     -0.401
61.7500      -29981.134   -29989.092        7.958   319.0      0.822      0.463      0.520     -0.115     -0.044     -0.202
61.8000      -29980.951   -29989.275        8.324   333.7      0.413      0.122     -0.290      0.326     -0.519      0.257
61.8500      -29980.922   -29989.438        8.515   341.3     -0.391     -0.958     -0.322     -0.294     -0.071     -0.276
61.9000      -29981.272   -29988.807        7.534   302.0      1.549      0.070      0.024      0.793      0.068      0.246
61.9500      -29980.881   -29988.684        7.802   312.8      0.412      0.493      0.340     -0.172      0.091     -0.255
62.0000      -29980.798   -29989.229        8.431   338.0      0.228     -0.409     -0.117     -0.062      0.119     -0.272
62.0500      -29980.473   -29988.389        7.916   317.3     -0.429      0.511     -0.264     -0.523     -0.670      0.118
62.1000      -29980.034   -29989.316        9.283   372.1      0.312     -0.216     -0.327      0.279      0.049     -0.112
62.1500      -29980.323   -29988.711        8.388   336.2     -0.291      0.040     -0.162      0.458     -0.099      0.071
62.2000      -29980.932   -29988.875        7.943   318.4      0.597     -0.294     -0.119      0.754     -0.162      0.749
62.2500      -29980.352   -29988.484        8.132   326.0      0.801      0.887      1.482      0.098      0.116     -0.067
62.3000      -29979.952   -29988.891        8.938   358.3     -0.061      0.283     -0.619     -0.300      0.408     -0.303
62.3500      -29979.432   -29988.828        9.397   376.7      0.328      0.956      0.073      0.249     -0.499      0.117
62.4000      -29979.907   -29988.443        8.536   342.2     -0.424      0.089      0.028      0.574     -0.046      0.069
62.4500      -29979.746   -29988.594        8.848   354.7      0.840     -0.019     -0.091      0.567      0.171      0.001
62.5000      -29979.922   -29988.703        8.782   352.0      0.053     -0.174     -0.183      0.013      0.180     -0.267
62.5500      -29980.295   -29988.570        8.275   331.7     -0.232      0.028      0.200     -0.136     -0.168      0.477
62.6000      -29980.261   -29987.865        7.605   304.8      0.059     -0.675     -0.955      0.085     -0.381      0.084
62.6500      -29980.644   -29988.943        8.300   332.7      0.848      0.595      0.143     -0.294      0.126     -0.097
62.7000      -29980.184   -29988.568        8.384   336.1     -0.761     -1.244     -0.011      0.322     -0.237      0.258
62.7500      -29980.448   -29988.180        7.732   309.9     -0.190     -0.342     -0.120      0.164      0.325     -0.200
62.8000      -29980.720   -29988.350        7.630   305.8      0.582      1.295     -0.200      0.052      0.038     -0.180
62.8500      -29980.541   -29988.234        7.694   308.4     -0.987     -1.394     -0.004     -0.107      0.296     -0.099
62.9000      -29980.648   -29988.520        7.871   315.5     -0.658     -0.393     -0.472     -0.003     -0.146      0.618
62.9500      -29980.577   -29988.566        7.989   320.3     -0.626      0.446      0.712     -0.016      0.392     -0.561
63.0000      -29980.804   -29988.443        7.640   306.2      0.627     -0.147     -0.123      0.138     -0.014     -0.369
63.0500      -29980.429   -29988.535        8.106   324.9     -0.382      0.367     -0.235     -0.133      0.203     -0.391
63.1000      -29980.547   -29988.301        7.754   310.8      0.341     -0.419      0.635     -0.280     -0.161      0.575
63.1500      -29980.678   -29988.596        7.918   317.4      0.162      0.437     -0.421     -0.526      0.191     -0.208
63.2000      -29980.372   -29989.012        8.640   346.3      0.358     -0.672     -0.571      0.309      0.030     -0.191
63.2500      -29980.763   -29988.137        7.374   295.6      0.592      0.606      0.387     -0.127     -0.471      0.099
63.3000      -29980.712   -29988.807        8.094   324.5      0.196      0.574      0.089      0.123      0.263     -0.839
63.3500      -29980.814   -29988.031        7.217   289.3      0.153      0.215      0.318     -0.817      0.001     -0.265
63.4000      -29980.561   -29988.674        8.113   325.2      0.199      0.343      0.516      0.146      0.718     -0.190
63.4500      -29980.131   -29988.404        8.273   331.6      0.072     -0.089      0.161     -0.305      0.149     -0.196
63.5000      -29980.817   -29988.576        7.759   311.0     -0.909     -0.961     -0.163      0.275     -0.025     -0.015
63.5500      -29980.655   -29989.504        8.849   354.7     -0.757     -0.296     -0.203      0.177     -0.281     -0.156
63.6000      -29981.192   -29989.498        8.306   333.0     -0.194     -0.725     -0.379      0.054      0.378      0.257
63.6500      -29980.903   -29988.984        8.081   323.9     -0.688      0.082     -0.571     -0.241      0.305     -0.144
63.7000      -29981.149   -29988.723        7.574   303.6      1.264     -0.366      0.722      0.480     -0.228     -0.034
63.7500      -29981.334   -29989.324        7.990   320.3      0.569     -0.353     -0.232     -0.030      0.065      0.214
63.8000      -29981.000   -29989.143        8.142   326.4      0.884     -0.413      0.659      0.092     -0.168      0.102
63.8500      -29980.445   -29988.250        7.805   312.8     -0.553      0.576      0.383     -0.252      0.189      0.278
63.9000      -29980.526   -29989.115        8.589   344.3     -0.508      0.249     -0.463     -0.001      0.213     -0.487
63.9500      -29980.642   -29988.545        7.903   316.8      0.547     -0.110      0.738     -0.121     -0.348     -0.218
64.0000      -29980.299   -29988.340        8.041   322.3     -0.514      0.344     -0.284      0.080      0.522      0.357
64.0500      -29980.229   -29988.322        8.093   324.4      0.005      0.483     -0.985     -0.480     -0.065     -0.090
64.1000      -29979.895   -29988.240        8.345   334.5      1.798      0.262      0.602     -0.259      0.210     -0.471
64.1500      -29979.561   -29988.281        8.720   349.5      0.077     -0.050     -0.350      0.092     -0.064     -0.119
64.2000      -29979.378   -29987.631        8.253   330.8     -0.021     -0.438      0.085      0.510      0.736     -0.256
64.2500      -29979.219   -29987.994        8.776   351.8      0.171      0.893      0.379     -0.228      0.131      0.374
64.3000      -29979.267   -29987.898        8.631   346.0     -0.536     -0.135      0.223     -0.195     -0.324     -0.520
64.3500      -29979.833   -29988.615        8.783   352.0      0.131      0.474      0.172      0.048     -0.570     -0.336
64.4000      -29979.887   -29988.406        8.519   341.5     -0.048      0.698      0.489      0.301      0.449      0.207
64.4500      -29980.489   -29988.283        7.794   312.4      0.411      0.597      1.168     -0.648      0.329     -0.690
64.5000      -29980.367   -29988.428        8.061   323.1     -0.628     -0.398     -0.082      0.038      0.432      0.150
64.5500      -29980.253   -29988.082        7.829   313.8      0.197      0.264     -0.147     -0.341      0.244     -0.340
64.6000      -29979.763   -29987.854        8.091   324.3      0.048     -0.855      0.337     -0.319      0.325      0.016
64.6500      -29979.714   -29987.539        7.825   313.7     -0.285     -0.315      0.347      0.173     -0.354      0.412
64.7000      -29979.351   -29987.709        8.358   335.0     -0.508     -0.189      0.465      0.076     -0.156     -0.051
64.7500      -29979.858   -29987.982        8.125   325.7      0.090     -0.674     -0.540      0.249      0.103     -1.067
64.8000      -29980.185   -29988.365        8.180   327.9      0.946      0.250      0.470      0.474      0.082      0.238
64.8500      -29980.256   -29988.131        7.875   315.7     -0.312      0.331     -0.892      0.038     -0.143     -0.140
64.9000      -29980.816   -29988.482        7.666   307.3     -0.396      0.882      0.673      0.194     -0.590     -0.088
64.9500      -29980.662   -29989.117        8.455   338.9     -0.321     -0.551     -1.120     -0.273      0.375      0.493
65.0000      -29980.522   -29988.424        7.902   316.7     -0.153      0.609      0.376     -0.350     -0.306      0.189
65.0500      -29980.635   -29988.791        8.156   326.9     -0.217     -0.289     -0.456      0.223     -0.222      0.014
65.1000      -29980.509   -29988.557        8.047   322.6     -0.235      0.089      0.271      0.223      0.265     -0.056
65.1500      -29979.920   -29988.717        8.797   352.6      0.184      0.327     -0.204      0.088      0.370      0.178
65.2000      -29979.983   -29987.777        7.794   312.4     -0.583      0.034      0.312     -0.025     -0.243      0.342
65.2500      -29979.912   -29987.852        7.939   318.2     -0.119     -0.244      0.046      0.560     -0.297     -0.764
65.3000      -29980.046   -29988.086        8.040   322.3     -0.133     -0.203      0.164     -0.035      0.733      0.764
65.3500      -29980.462   -29988.410        7.948   318.6     -0.608     -0.759     -0.575     -0.470     -0.733      0.456
65.4000      -29980.463   -29988.584        8.121   325.5      0.062     -0.308     -0.268     -0.129     -0.132      0.486
65.4500      -29980.410   -29988.711        8.301   332.7      0.573      0.018      0.920     -0.175      0.328     -0.104
65.5000      -29980.439   -29988.656        8.217   329.4     -0.759      0.598     -0.280      0.010     -0.336     -0.123
65.5500      -29979.563   -29988.377        8.814   353.3     -0.815     -1.508     -1.064     -0.233      0.147     -0.934
65.6000      -29979.336   -29988.277        8.941   358.4      0.377      0.359     -0.035      0.168     -0.409      0.850
65.6500      -29979.143   -29987.627        8.484   340.1     -1.178      0.498      0.132      0.155     -0.415     -0.107
65.7000      -29979.235   -29987.934        8.699   348.7      0.751      1.230      0.157      0.322     -0.105     -0.090
65.7500      -29978.515   -29987.426        8.911   357.2      0.015     -0.042      1.020     -0.442     -0.499      0.475
65.8000      -29979.228   -29987.354        8.126   325.7     -0.498      0.725     -0.585      0.509     -0.464     -0.297
65.8500      -29979.730   -29987.842        8.112   325.2      1.553      0.913      1.036     -0.098     -0.106     -0.051
65.9000      -29979.885   -29988.088        8.203   328.8      0.044      0.102      1.626     -0.368     -0.186     -0.262
65.9500      -29979.993   -29988.424        8.431   337.9      0.561      0.546      0.453      0.024      0.004      0.133
66.0000      -29979.965   -29987.854        7.888   316.2      1.057      0.672      0.490      0.441     -0.077     -0.641
66.0500      -29979.838   -29988.381        8.543   342.4      0.345     -0.062      0.361      0.051      0.282      0.347
66.1000      -29979.872   -29988.182        8.310   333.1     -0.760      0.159     -0.013      0.272      0.102     -0.528
66.1500      -29979.791   -29988.438        8.647   346.6      0.445      0.069      0.635      0.401     -0.573     -0.090
66.2000      -29980.089   -29988.516        8.427   337.8      0.834      0.187     -0.081      0.038      0.563      0.074
66.2500      -29979.770   -29988.320        8.551   342.8     -0.460      0.492     -0.684      0.271     -0.075     -0.172
66.3000      -29979.760   -29987.729        7.968   319.4     -0.138     -0.615     -0.090     -0.011      0.433     -0.152
66.3500      -29979.060   -29988.145        9.084   364.1      0.161      0.329      0.564      0.407     -0.331     -0.835
66.4000      -29979.218   -29988.383        9.165   367.4      0.276      0.578      0.837     -0.324      0.172      0.218
66.4500      -29979.165   -29987.506        8.340   334.3      0.134      0.487      0.638     -0.120      0.394     -0.702
66.5000      -29979.464   -29987.727        8.262   331.2      1.323      1.057      0.294      0.216     -0.229      0.207
66.5500      -29979.988   -29988.379        8.391   336.4      1.513      1.083      1.462      0.646     -0.183     -0.003
66.6000      -29979.540   -29988.500        8.960   359.1     -0.174     -0.375     -0.815      0.137      0.042      0.028
66.6500      -29979.631   -29987.777        8.146   326.5     -0.319      0.529     -0.013     -0.733     -0.073      0.009
66.7000      -29979.990   -29988.238        8.248   330.6      0.585     -0.015      0.472      0.437     -0.513      0.272
66.7500      -29980.133   -29988.146        8.014   321.2     -0.189      0.039      0.097     -0.408     -0.204     -0.365
66.8000      -29980.676   -29989.014        8.337   334.2      0.908      0.613      1.006      0.063     -0.284      0.069
66.8500      -29980.893   -29988.936        8.043   322.4     -0.248      0.461      0.145     -0.085     -0.017      0.014
66.9000      -29980.948   -29988.957        8.009   321.1      0.326     -0.213      0.595     -0.242      0.156     -0.122
66.9500      -29980.501   -29988.020        7.519   301.4      0.480      0.453     -0.164      0.467      0.939     -0.435
67.0000      -29980.551   -29988.889        8.337   334.2     -0.159      0.128      0.411      0.168     -0.215     -0.155
67.0500      -29980.623   -29988.340        7.717   309.3     -1.288     -0.537      0.079      0.287      0.074     -0.411
67.1000      -29980.821   -29988.889        8.067   323.4      0.596      0.380      0.820      0.115     -0.109     -0.352
67.1500      -29980.526   -29988.623        8.097   324.6      0.684      1.338      0.337      0.132      0.424     -0.021
67.2000      -29980.827   -29988.809        7.982   319.9      0.571     -0.498      0.565      0.533      0.401     -0.057
67.2500      -29981.258   -29988.691        7.433   298.0     -0.174      0.600     -0.807     -0.113      0.163     -0.200
67.3000      -29981.111   -29988.785        7.674   307.6      0.336      1.034     -0.099      0.281     -0.311     -0.096
67.3500      -29980.728   -29989.285        8.557   343.0      0.379      0.847      0.275      0.004      0.256     -0.808
67.4000      -29980.574   -29988.383        7.809   313.0      0.319      0.750      0.755      0.008      0.343     -0.016
67.4500      -29980.339   -29988.148        7.809   313.0      0.661      0.293     -0.081      0.521     -0.752      0.045
67.5000      -29980.479   -29988.738        8.260   331.1      0.510      0.090      0.367     -0.029     -0.375      0.731
67.5500      -29980.420   -29988.531        8.112   325.2     -0.366     -0.121     -0.368     -0.191      0.338      0.077
67.6000      -29979.775   -29988.461        8.686   348.2      0.072     -0.265     -0.662      0.155      0.166      0.008
67.6500      -29979.915   -29988.457        8.542   342.4     -0.500      0.198      0.270      0.082     -0.140      0.350
67.7000      -29979.722   -29987.098        7.376   295.7     -0.553      0.595      1.090     -0.576     -0.068      0.436
67.7500      -29979.564   -29987.131        7.567   303.3      0.588     -0.001      0.275      0.154      0.220      0.323
67.8000      -29978.860   -29987.242        8.382   336.0      0.159      0.383      0.466      0.342     -0.184     -0.134
67.8500      -29978.884   -29987.268        8.384   336.1      0.815      0.729      0.441     -0.213      0.297     -0.085
67.9000      -29978.847   -29986.562        7.715   309.3     -0.609     -0.780      0.258      0.471      0.379      0.000
67.9500      -29979.139   -29987.080        7.941   318.3     -0.154      0.077     -0.210     -0.071     -0.201     -0.594
68.0000      -29979.188   -29987.180        7.991   320.3      0.155     -0.194      0.153      0.797      0.298      0.671
68.0500      -29979.659   -29987.510        7.850   314.7     -0.429     -0.827      0.082      0.341      0.301     -0.548
68.1000      -29979.127   -29987.100        7.973   319.6     -0.990      0.453      0.011     -0.089     -0.358      0.310
68.1500      -29979.158   -29987.279        8.122   325.5      0.550     -0.151     -0.005      0.146     -0.245      0.376
68.2000      -29979.008   -29987.289        8.281   331.9     -0.028     -0.606      0.694      0.465     -0.216     -0.334
68.2500      -29979.197   -29986.840        7.643   306.4     -1.258      0.469      0.124     -0.046     -0.141      0.091
68.3000      -29979.745   -29987.213        7.467   299.3      0.330     -0.108     -0.154     -0.418     -0.146     -0.133
68.3500      -29978.861   -29987.537        8.676   347.8      0.168      0.606     -0.454     -0.098     -0.214     -0.356
68.4000      -29979.135   -29987.498        8.363   335.2     -0.486     -0.529     -0.019      0.052      0.368      0.161
68.4500      -29979.453   -29987.316        7.863   315.2     -0.514      0.112     -0.292     -0.117      0.457     -0.583
68.5000      -29979.293   -29988.127        8.834   354.1      0.165      0.278     -0.419     -0.346      0.390      0.112
68.5500      -29979.886   -29988.396        8.510   341.1     -0.838      0.043     -1.148     -0.479     -0.710      0.029
68.6000      -29979.417   -29987.518        8.100   324.7     -0.511     -0.441     -1.025      0.110      0.986      0.104
68.6500      -29979.346   -29987.961        8.615   345.3     -0.742      0.431     -0.893      0.142     -0.128      0.333
68.7000      -29979.581   -29988.262        8.681   348.0     -0.209     -0.631     -0.127     -0.111      0.222      0.143
68.7500      -29979.540   -29988.180        8.640   346.3     -0.076     -0.095     -0.575     -0.528     -0.136      0.409
68.8000      -29979.198   -29987.629        8.431   338.0      0.664      0.125      0.943     -0.096     -0.341      0.556
68.8500      -29979.561   -29988.773        9.212   369.3     -0.853      0.045      0.378      0.139     -0.269      0.326
68.9000      -29979.560   -29987.564        8.005   320.9      0.304     -0.689     -0.396     -0.231     -0.335      0.382
68.9500      -29979.129   -29987.318        8.189   328.3     -0.610      0.154     -0.010     -0.099     -0.329     -0.396
69.0000      -29979.505   -29987.031        7.526   301.7      0.001      1.080     -0.208     -0.031     -0.197      0.407
69.0500      -29979.117   -29987.670        8.553   342.9      0.735      1.028      1.755     -0.146      0.241      0.263
69.1000      -29978.637   -29987.334        8.697   348.6     -0.151      0.576      0.851     -0.054     -0.134      0.186
69.1500      -29979.268   -29988.625        9.357   375.1     -0.424      0.137     -0.526      0.790     -0.113      0.343
69.2000      -29979.145   -29988.043        8.898   356.7     -0.101      0.273     -0.001      0.229      0.051      0.747
69.2500      -29979.366   -29988.256        8.890   356.3     -0.740     -1.014     -0.393     -0.058     -0.045      0.424
69.3000      -29979.634   -29987.744        8.110   325.1      0.382      0.730      0.351     -0.104     -0.178      0.170
69.3500      -29979.571   -29987.711        8.140   326.3      0.118     -0.361     -1.046     -0.180      0.112      0.043
69.4000      -29979.754   -29988.383        8.629   345.9      0.300     -0.299      0.046     -0.017     -0.186      0.010
69.4500      -29979.666   -29987.295        7.629   305.8     -0.533     -0.611      0.376     -0.100     -0.093      0.105
69.5000      -29979.621   -29987.799        8.178   327.8     -0.804      0.294     -0.401     -0.171     -0.008     -0.290
69.5500      -29979.004   -29987.359        8.355   334.9      0.381     -0.043      0.605      0.190      0.009      0.581
69.6000      -29979.126   -29988.021        8.895   356.6      0.396     -0.389      0.057     -0.421     -0.091     -0.359
69.6500      -29979.245   -29988.357        9.113   365.3      0.228     -0.955     -0.770     -0.328      0.415      0.077
69.7000      -29979.866   -29987.600        7.734   310.0      0.307      0.429     -0.293     -0.448      0.253      0.140
69.7500      -29980.231   -29988.350        8.119   325.4     -0.506     -0.385     -0.211      0.143     -0.263      0.284
69.8000      -29980.322   -29988.262        7.940   318.3     -0.039      0.344     -0.409     -0.244      0.169      0.031
69.8500      -29979.895   -29988.887        8.992   360.4      0.193     -0.210     -0.840     -0.035     -0.547      0.055
69.9000      -29979.852   -29988.086        8.234   330.1      0.055     -0.157     -0.263      0.770      0.438      0.467
69.9500      -29979.997   -29988.635        8.638   346.2     -0.338     -0.976     -0.350      0.261     -0.843      0.322
70.0000      -29980.468   -29988.959        8.490   340.3     -0.285     -0.214     -0.097      0.074      0.086      0.431
70.0500      -29980.483   -29989.312        8.830   353.9      0.447      0.315      0.482     -0.109     -0.057      0.510
70.1000      -29980.238   -29988.398        8.160   327.1     -0.037      0.101      0.480      0.229     -0.186     -0.287
70.1500      -29979.863   -29988.004        8.140   326.3      0.419      0.356      0.013     -0.262     -0.449      0.580
70.2000      -29979.858   -29988.279        8.421   337.6     -0.298      0.225      0.594     -0.133     -0.097     -0.220
70.2500      -29980.008   -29987.725        7.717   309.3     -0.573      0.173      0.553      0.073     -0.001     -0.136
70.3000      -29978.993   -29987.930        8.936   358.2     -0.753      0.371     -0.640     -0.218      0.517      0.006
70.3500      -29978.503   -29987.150        8.647   346.6      0.280      0.991      0.189      0.300      0.444      0.091
70.4000      -29978.895   -29987.449        8.555   342.9     -0.239     -0.040     -0.055      0.172     -0.426     -0.464
70.4500      -29978.919   -29987.127        8.208   329.0     -0.740     -0.481      0.045     -0.738      0.322     -0.056
70.5000      -29978.822   -29987.348        8.526   341.7     -0.762     -0.345     -0.916      0.339     -0.576     -0.343
70.5500      -29978.784   -29987.492        8.708   349.1     -0.069     -0.267      1.014      0.003      0.162     -0.464
70.6000      -29979.286   -29988.229        8.943   358.5      0.504      0.525     -0.347     -0.317     -0.072      0.081
70.6500      -29979.873   -29987.818        7.946   318.5      0.726      0.300      0.783      0.571      0.117     -0.649
70.7000      -29979.356   -29988.381        9.025   361.8     -0.168      1.103      0.239     -0.181     -0.021      0.163
70.7500      -29979.259   -29987.811        8.552   342.8      1.341      0.431      0.486      0.353      0.178      0.446
70.8000      -29979.120   -29987.143        8.022   321.6      0.812     -0.423      0.809     -0.429     -0.200     -0.444
70.8500      -29978.911   -29986.799        7.888   316.2     -0.152      0.095      0.211     -0.165     -0.089     -0.086
70.9000      -29978.588   -29987.354        8.766   351.4     -0.902     -0.461      0.039      0.491      0.247     -0.538
70.9500      -29978.779   -29987.035        8.256   331.0      0.749      0.371      1.835      0.214      0.066     -0.030
71.0000      -29978.001   -29986.973        8.971   359.6     -0.936     -0.091     -0.095      0.142     -0.482     -0.420
71.0500      -29978.410   -29988.266        9.856   395.1      0.081     -0.134      0.510     -0.257      0.549      0.004
71.1000      -29978.060   -29987.170        9.110   365.2      0.233      0.257     -0.124     -0.132     -0.549     -0.284
71.1500      -29978.253   -29987.262        9.009   361.1     -0.509     -0.292      0.311      0.465      0.464     -0.333
71.2000      -29978.266   -29986.939        8.674   347.7      0.224      0.193      0.570      0.893     -0.236     -0.268
71.2500      -29978.656   -29987.459        8.803   352.9      0.649      0.149     -0.292      0.021      0.565     -0.556
71.3000      -29978.452   -29986.514        8.062   323.2     -0.005     -0.609      0.262      0.409      0.292      0.278
71.3500      -29979.010   -29987.523        8.513   341.3      1.135      0.111     -0.017      0.109      0.557      0.513
71.4000      -29978.835   -29986.834        7.999   320.6     -0.974     -0.167     -0.664      0.369      0.209     -0.391
71.4500      -29978.852   -29987.727        8.875   355.7      0.437      0.257     -0.071     -0.071      0.450      0.249
71.5000      -29978.977   -29987.287        8.310   333.1      0.731      0.559      0.049     -0.047      0.215     -0.618
71.5500      -29978.898   -29987.479        8.581   344.0      0.498     -0.120      0.804      0.318     -0.082      0.319
71.6000      -29979.013   -29987.572        8.560   343.1      0.845      0.500     -0.282     -0.573      0.204     -0.255
71.6500      -29979.028   -29987.283        8.255   330.9      0.967      0.604      0.224     -0.281     -0.327     -0.583
71.7000      -29978.759   -29987.934        9.175   367.8      0.206      0.073     -0.058     -0.158     -0.146     -0.377
71.7500      -29979.125   -29988.021        8.897   356.6     -0.898      0.100     -0.089     -0.037      0.635     -0.130
71.8000      -29979.102   -29987.547        8.445   338.5      0.497      0.364     -0.109      0.446      0.291      0.124
71.8500      -29979.171   -29987.207        8.036   322.1      0.889      0.137      0.799     -0.494      0.533      0.037
71.9000      -29978.887   -29987.211        8.324   333.7      0.222      0.196      0.131      0.144      0.244     -0.332
71.9500      -29978.833   -29987.326        8.493   340.4      1.023      0.201      0.637      0.136      0.297     -0.306
72.0000      -29979.476   -29987.533        8.057   323.0      0.298      0.943      0.502      0.263      0.039     -0.090
72.0500      -29979.841   -29987.609        7.768   311.4      0.172      0.858      0.528      0.167     -0.743      0.172
72.1000      -29979.441   -29987.945        8.505   340.9      0.177      0.228      1.533     -0.187      0.224     -0.297
72.1500      -29979.759   -29987.545        7.786   312.1      0.104      0.496      0.049      0.064      0.414      0.303
72.2000      -29979.615   -29987.459        7.844   314.4      1.139     -0.296      0.353     -0.035     -0.379     -0.877
72.2500      -29979.563   -29987.740        8.177   327.8      0.714      0.723      0.810      0.134     -0.354     -0.358
72.3000      -29979.659   -29987.627        7.968   319.4      0.682     -0.301      0.486      0.271      0.378     -0.037
72.3500      -29979.422   -29987.715        8.293   332.4     -0.079     -0.305     -0.351     -0.211      0.255     -0.363
72.4000      -29979.931   -29987.361        7.430   297.8     -0.002      0.567     -0.153      0.658     -0.478      0.159
72.4500      -29979.913   -29987.572        7.659   307.0     -0.377     -0.518      0.043     -0.242      0.211     -0.634
72.5000      -29979.203   -29987.539        8.336   334.2      1.001      0.235     -0.674     -0.296     -0.118     -0.495
72.5500      -29979.174   -29987.641        8.467   339.4     -0.577     -0.103     -0.137      0.395      0.502     -0.091
72.6000      -29979.154   -29987.984        8.830   354.0     -0.609      0.459      0.430     -0.099     -0.454     -0.322
72.6500      -29979.620   -29987.830        8.210   329.1      0.081     -0.714      0.458      0.187      0.294     -0.646
72.7000      -29979.491   -29988.254        8.763   351.2     -0.177     -0.307     -0.167      0.312     -0.023      0.194
72.7500      -29979.442   -29987.686        8.244   330.4     -0.299     -0.348      0.134      0.009     -0.003     -0.360
72.8000      -29979.632   -29988.072        8.440   338.3      0.043      0.635      0.319     -0.035     -0.204      0.369
72.8500      -29979.877   -29987.678        7.801   312.7     -0.075     -0.507      0.589     -0.003     -0.024      0.014
72.9000      -29979.699   -29987.615        7.916   317.3      0.060      0.399     -0.388     -0.089     -0.188     -0.131
72.9500      -29979.194   -29987.270        8.076   323.7     -0.332     -0.644      0.773      0.254     -0.195      0.267
73.0000      -29979.605   -29988.291        8.686   348.2      0.060     -0.045     -0.795      0.001     -0.575     -0.250
73.0500      -29979.583   -29988.098        8.515   341.3      0.419      0.041      0.630     -0.323      0.056     -0.044
73.1000      -29979.151   -29988.369        9.218   369.5     -0.625     -0.129     -0.541     -0.208     -0.537      0.448
73.1500      -29979.200   -29987.771        8.572   343.6      0.494      0.044      0.243     -0.599     -0.349      0.584
73.2000      -29979.806   -29987.662        7.856   314.9     -0.721     -0.035     -0.169     -0.825      0.257      0.206
73.2500      -29979.943   -29988.184        8.241   330.3      0.149     -0.570     -0.053      0.543     -0.077      0.246
73.3000      -29979.404   -29987.891        8.486   340.2     -0.543      0.166      0.361     -0.363     -0.377     -0.028
73.3500      -29979.077   -29987.936        8.858   355.1      0.632      0.535      1.019     -0.074     -0.325     -0.291
73.4000      -29978.820   -29986.998        8.178   327.8      0.202      0.203     -0.412     -0.269     -0.042     -0.625
73.4500      -29978.648   -29987.129        8.481   339.9      1.460      1.196      0.739      0.094      0.023     -0.176
73.5000      -29978.425   -29987.037        8.613   345.2      0.048      0.595      1.063     -0.181      0.316     -0.430
73.5500      -29978.672   -29986.785        8.113   325.2      0.715      0.008      0.649     -0.028     -0.045      0.067
73.6000      -29978.451   -29987.072        8.621   345.6      0.503     -0.887      0.526     -0.030     -0.106     -0.129
73.6500      -29978.868   -29986.854        7.985   320.1      0.407      0.154     -0.569      0.193      0.406      0.476
73.7000      -29978.657   -29986.744        8.087   324.2      0.682      0.405      0.592      0.303      0.047     -0.160
73.7500      -29978.522   -29987.275        8.753   350.9      1.060      0.441     -0.050     -0.144     -0.285     -0.193
73.8000      -29978.712   -29986.689        7.978   319.8      0.029      0.676      0.381      0.069      0.512     -0.174
73.8500      -29978.857   -29986.543        7.686   308.1     -0.514      0.366      0.972     -0.470      0.134      0.180
73.9000      -29978.429   -29987.189        8.761   351.2      0.578      0.256      0.342      0.224     -0.138     -0.687
73.9500      -29978.580   -29986.742        8.162   327.2      1.057      0.515      0.187      0.166     -0.249     -0.057
74.0000      -29979.002   -29987.189        8.187   328.2      0.611      0.570      0.157     -0.259      0.333     -0.127
74.0500      -29979.602   -29987.430        7.828   313.8     -0.272     -0.563      0.094      0.416     -0.386     -0.561
74.1000      -29979.739   -29987.580        7.841   314.3     -0.376      0.427      0.132      0.289     -0.162      0.304
74.1500      -29979.611   -29988.002        8.391   336.3     -0.262     -0.051     -1.196     -0.507      0.110     -0.187
74.2000      -29979.578   -29987.650        8.072   323.6     -0.346     -0.055     -0.390      0.100      0.182      0.030
74.2500      -29979.496   -29987.805        8.309   333.1     -0.354      0.277      0.278     -0.021     -0.072     -0.547
74.3000      -29979.543   -29987.422        7.879   315.8     -1.077     -0.527     -0.711     -0.019      0.131      0.134
74.3500      -29980.168   -29988.088        7.920   317.5     -0.280     -0.605     -0.643      0.090      0.154      0.243
74.4000      -29980.139   -29988.088        7.949   318.6      0.711      0.269     -0.083     -0.344      0.508      0.021
74.4500      -29979.899   -29988.289        8.390   336.3      1.486      0.768      0.865     -0.204     -0.379      0.079
74.5000      -29980.333   -29988.717        8.383   336.0     -0.064     -0.083     -0.119     -0.455     -0.201      0.146
74.5500      -29980.099   -29988.021        7.922   317.6      0.817     -0.046      0.360      0.706      0.214      0.570
74.6000      -29980.009   -29988.547        8.538   342.2     -0.554      0.657      0.466     -0.238      0.077      0.063
74.6500      -29980.266   -29987.957        7.691   308.3      1.376      0.263     -0.123     -0.351     -0.151      0.534
74.7000      -29980.327   -29988.682        8.354   334.9     -0.761     -0.331      0.251     -0.244     -0.078     -0.083
74.7500      -29980.202   -29988.684        8.481   340.0      1.047      0.672      0.081     -0.225     -0.101      0.179
74.8000      -29980.042   -29988.658        8.617   345.4      0.100      0.449     -0.388     -0.204     -0.076     -0.194
74.8500      -29980.016   -29988.518        8.502   340.8     -0.027     -0.668      0.589     -0.001      0.552     -0.014
74.9000      -29979.731   -29988.336        8.605   344.9      0.014      0.748     -0.796      0.580     -0.098     -0.183
74.9500      -29979.943   -29988.176        8.233   330.0     -0.026     -0.105      0.682     -0.019     -0.240     -0.315
75.0000      -29979.670   -29987.949        8.279   331.9     -0.308      0.698      0.835      0.769      0.008      0.002
75.0500      -29979.987   -29988.041        8.054   322.8     -0.325     -0.253     -0.621     -0.408      0.079     -0.115
75.1000      -29980.178   -29988.734        8.557   343.0      0.032      0.078      0.890      0.061      0.472      0.652
75.1500      -29980.235   -29988.268        8.033   322.0      0.772      0.465      0.771     -0.445     -0.079      0.420
75.2000      -29980.421   -29988.576        8.155   326.9      0.332      0.356     -0.070      0.053      0.353     -0.068
75.2500      -29980.736   -29988.758        8.022   321.6     -0.685     -0.833     -0.700     -0.168     -0.346      0.121
75.3000      -29981.366   -29989.646        8.281   331.9     -0.050     -0.495     -0.326     -0.660      0.075      0.033
75.3500      -29981.477   -29988.893        7.415   297.2     -0.221     -0.492      0.596      0.042     -0.003      0.460
75.4000      -29981.295   -29989.299        8.004   320.8      0.367      0.311      0.073     -0.134     -0.062      0.502
75.4500      -29981.724   -29989.309        7.584   304.0      1.008      0.175      1.333     -0.241     -0.371     -0.162
75.5000      -29981.294   -29988.904        7.610   305.1     -0.573      0.435      0.234      0.427      0.238      0.135
75.5500      -29980.987   -29988.820        7.834   314.0      0.481      0.614      0.069      0.580     -0.053      0.046
75.6000      -29980.530   -29988.600        8.069   323.5     -0.202      0.229      0.527      0.446     -0.425     -0.230
75.6500      -29980.583   -29988.467        7.883   316.0     -0.613     -0.280     -0.066     -0.374     -0.846      0.150
75.7000      -29980.610   -29988.855        8.246   330.5      0.056      0.232      0.243     -0.335     -0.172      0.380
75.7500      -29980.027   -29988.451        8.425   337.7      0.617     -0.076     -0.013      0.088     -0.175      0.097
75.8000      -29980.355   -29988.699        8.344   334.5      0.344      0.496     -0.203     -0.105      0.104     -0.247
75.8500      -29980.534   -29988.326        7.792   312.3      0.367     -0.433      0.016      0.157      0.181     -0.025
75.9000      -29980.383   -29987.926        7.542   302.3      0.145     -0.044     -0.392      0.251     -0.186     -0.207
75.9500      -29979.678   -29987.777        8.099   324.6      0.347      0.820      0.084      0.159     -0.717      0.507
76.0000      -29979.910   -29988.633        8.723   349.7     -0.920     -0.185      0.168      0.446     -0.056     -0.078
76.0500      -29979.952   -29988.318        8.366   335.4      0.223     -0.568      0.060     -0.371      0.118      0.362
76.1000      -29979.382   -29987.926        8.543   342.5      0.128      0.805      0.977      0.281     -0.043     -0.431
76.1500      -29979.169   -29987.260        8.091   324.3     -0.065     -0.194      0.187     -0.151     -0.230     -0.063
76.2000      -29979.423   -29986.580        7.157   286.9     -0.640      0.106     -1.303      0.732     -0.021      0.343
76.2500      -29979.246   -29987.293        8.047   322.6     -0.433     -1.156     -0.802      0.293      0.160     -0.018
76.3000      -29978.516   -29987.402        8.887   356.2     -0.146     -0.777     -0.460     -0.742      0.043      0.481
76.3500      -29978.132   -29987.951        9.819   393.6      0.218     -0.114     -0.144     -0.068      0.258     -0.373
76.4000      -29978.185   -29987.268        9.083   364.1      0.071      0.469      0.205      0.257      0.024      0.045
76.4500      -29977.856   -29986.482        8.627   345.8      0.473     -0.346      0.238      0.038      0.329     -0.233
76.5000      -29978.344   -29987.221        8.877   355.8      0.500      0.733      1.405      0.080     -0.020     -0.118
76.5500      -29978.882   -29987.857        8.976   359.8     -0.363     -0.252     -0.181     -0.085     -0.139     -0.256
76.6000      -29979.283   -29988.045        8.762   351.2     -0.472      0.504      0.410     -0.039      0.040      0.086
76.6500      -29979.817   -29987.643        7.826   313.7      0.128     -0.743      0.228      0.349     -0.258     -0.259
76.7000      -29979.842   -29987.676        7.834   314.0      0.117      0.290      0.101     -0.292     -0.220      0.350
76.7500      -29979.286   -29987.676        8.390   336.3     -0.190     -0.192     -0.312      0.333     -0.253      0.480
76.8000      -29979.232   -29987.449        8.217   329.4     -0.169      0.631     -0.035     -0.108      0.568      0.308
76.8500      -29979.371   -29987.727        8.356   334.9     -0.158      0.023     -0.495     -0.308     -0.152     -0.260
76.9000      -29979.389   -29987.406        8.017   321.4      0.133      1.069     -0.280     -0.493     -0.318     -0.096
76.9500      -29979.855   -29987.906        8.052   322.7      0.927      0.421      0.737      0.034     -0.138      0.399
77.0000      -29979.386   -29987.582        8.196   328.6      0.152      0.292      0.574      0.231     -0.523     -0.027
77.0500      -29979.588   -29988.201        8.613   345.2      0.738      0.149      0.797      0.012      0.048     -0.030
77.1000      -29979.741   -29988.352        8.611   345.2     -0.724     -0.119      0.204     -0.088     -0.161      0.376
77.1500      -29979.689   -29987.820        8.131   325.9     -0.137      0.446     -0.734     -0.685     -0.120     -0.466
77.2000      -29979.779   -29987.918        8.139   326.2     -0.462     -0.428     -0.388     -0.042      0.249      0.299
77.2500      -29980.091   -29988.213        8.121   325.5      0.092     -0.459     -0.528     -0.174      0.391      0.473
77.3000      -29979.879   -29988.480        8.602   344.8     -0.162      1.181      0.874     -0.041     -0.236     -0.468
77.3500      -29979.668   -29987.883        8.215   329.3      0.616      1.139      0.334     -0.191      0.004      0.185
77.4000      -29979.106   -29987.887        8.781   352.0      0.783      0.190      0.208      0.009      0.194     -0.241
77.4500      -29979.365   -29987.605        8.240   330.3     -0.329      0.646      0.388     -0.490      0.540     -0.168
77.5000      -29979.012   -29987.363        8.351   334.7      0.160      0.226     -0.413     -0.184     -0.252      0.109
77.5500      -29978.919   -29987.320        8.402   336.8      0.109     -0.069     -0.845      0.595     -0.143     -0.669
77.6000      -29978.884   -29986.951        8.067   323.4      0.238     -1.988      0.129     -0.044      0.478      0.212
77.6500      -29978.583   -29987.080        8.497   340.6     -0.622      0.837      0.642     -0.123     -0.764     -0.135
77.7000      -29978.440   -29987.373        8.933   358.1      0.512      0.140     -0.231      0.115     -0.084     -0.305
77.7500      -29978.377   -29987.979        9.602   384.9     -0.904     -0.721      0.337     -0.301     -0.262      0.740
77.8000      -29978.466   -29987.504        9.038   362.3     -0.118     -0.234      0.310     -0.027      0.411     -0.375
77.8500      -29978.152   -29987.043        8.891   356.4     -0.996     -0.480     -0.399     -0.217     -0.436     -0.331
77.9000      -29978.382   -29987.568        9.187   368.2     -0.829     -0.631     -0.254     -0.186      0.244     -0.322
77.9500      -29977.939   -29986.912        8.973   359.7      0.471      0.311      0.617     -0.928     -0.161      0.080
78.0000      -29978.056   -29986.258        8.201   328.8     -0.900     -0.793      0.010     -0.036     -0.172     -0.118
78.0500      -29978.526   -29986.947        8.421   337.6      0.362      0.373      0.000     -0.411      0.092     -0.444
78.1000      -29978.382   -29987.949        9.567   383.5     -0.192     -0.122     -0.674      0.116     -0.541     -0.249
78.1500      -29977.975   -29987.520        9.544   382.6      0.469     -0.501     -0.317     -0.353      0.634      0.400
78.2000      -29977.629   -29987.490        9.861   395.3      0.643     -0.912     -1.026      0.037     -0.137     -0.726
78.2500      -29978.000   -29987.662        9.662   387.3     -1.193      0.223      0.680      0.153      0.456     -0.032
78.3000      -29978.198   -29986.947        8.749   350.7      0.259      0.209     -0.839      0.860      0.034     -0.368
78.3500      -29978.323   -29987.295        8.972   359.6     -0.898     -0.660     -0.895      0.347     -0.094      0.545
78.4000      -29979.194   -29988.039        8.845   354.5      0.243     -0.368     -0.360      0.294     -0.326     -0.266
78.4500      -29979.404   -29987.465        8.061   323.1     -0.429      0.056     -0.178     -0.177     -0.075      0.252
78.5000      -29978.764   -29987.529        8.766   351.4      0.801     -1.033      0.150     -0.166     -0.309      0.319
78.5500      -29978.067   -29987.469        9.402   376.9      0.077     -0.224      0.177      0.369     -0.437      0.036
78.6000      -29978.176   -29986.816        8.641   346.4     -0.720     -1.698     -0.269     -0.027     -0.012      0.019
78.6500      -29978.585   -29988.631       10.045   402.7     -0.549      0.025      0.174      0.397     -0.194     -0.684
78.7000      -29979.122   -29987.414        8.292   332.4      0.713      0.016      0.566     -0.276     -0.809      0.272
78.7500      -29978.675   -29986.803        8.128   325.8     -0.338      0.201      0.028      0.573      0.586     -0.194
78.8000      -29978.894   -29987.197        8.303   332.8      0.478     -0.584      0.968      0.263     -0.028      0.442
78.8500      -29979.103   -29987.838        8.735   350.1     -0.095      0.151     -0.162     -0.457      0.055     -0.104
78.9000      -29979.256   -29987.807        8.550   342.7      0.004     -0.556     -0.164     -0.142     -0.323      0.035
78.9500      -29979.332   -29987.869        8.537   342.2     -0.431     -0.255     -0.160     -0.221      0.116     -0.235
79.0000      -29979.503   -29987.809        8.306   332.9      0.332      0.135      0.141      0.214      0.590      0.388
79.0500      -29979.594   -29987.469        7.875   315.6      0.059      0.852     -0.127      0.334      0.595     -0.142
79.1000      -29979.904   -29987.736        7.832   313.9     -0.165     -0.562     -0.405     -0.684     -0.215      0.216
79.1500      -29979.283   -29988.379        9.095   364.6      0.488      0.598      0.508      0.337     -0.436     -0.099
79.2000      -29979.491   -29986.709        7.218   289.3     -0.781     -0.494     -0.917     -0.057     -0.435     -0.082
79.2500      -29979.198   -29987.730        8.533   342.0     -1.248     -0.429     -1.516      0.116     -0.151      0.099
79.3000      -29979.289   -29987.896        8.607   345.0     -0.486     -0.296     -0.341      0.094      0.064     -0.574
79.3500      -29979.292   -29987.760        8.468   339.4     -0.150     -0.205     -0.064      0.035      0.374      0.363
79.4000      -29979.695   -29987.627        7.932   318.0      1.151      1.639      0.746     -0.351     -0.858      0.009
79.4500      -29979.574   -29988.096        8.521   341.6      0.379     -0.578      0.049      0.414      0.317     -0.212
79.5000      -29979.571   -29987.867        8.296   332.5     -0.567     -0.683     -0.805     -0.012     -0.443     -0.004
79.5500      -29978.787   -29987.197        8.410   337.1     -0.710      0.726     -0.479     -0.268      0.416     -0.117
79.6000      -29979.061   -29988.250        9.189   368.3     -0.036     -0.704     -1.050     -0.503     -0.475      0.702
79.6500      -29978.945   -29987.572        8.628   345.8     -1.112      0.273     -0.191      0.347      0.236     -0.283
79.7000      -29979.155   -29987.074        7.919   317.4      0.250     -0.455     -0.011      0.189     -0.371     -0.055
79.7500      -29979.331   -29986.906        7.576   303.7     -0.752      0.810     -0.525      0.123      0.247     -0.404
79.8000      -29979.559   -29987.338        7.779   311.8      0.212      0.800     -0.619     -0.373     -0.614      0.321
79.8500      -29979.359   -29987.021        7.663   307.2     -0.181     -0.668      0.447      0.420     -0.283     -0.350
79.9000      -29979.745   -29988.246        8.501   340.8     -0.128     -0.440     -0.680      0.067      0.671      0.098
79.9500      -29979.892   -29989.053        9.160   367.2     -0.408     -0.274      0.008     -0.013      0.130     -0.256
80.0000      -29980.008   -29988.021        8.014   321.2     -0.334     -0.847      0.725     -0.246      0.009     -0.441
