Time[ps]      Etot[eV]     Epot[eV]     Ekin[eV]    T[K]      ---------------------- stress [GPa] -----------------------
0.0000       -29978.326   -29987.453        9.127   365.9     -0.521     -0.123     -0.722     -0.027     -0.013      0.335
0.0500       -29978.335   -29987.678        9.343   374.5     -0.800      0.192     -0.268      0.429     -0.044      0.267
0.1000       -29978.322   -29987.418        9.096   364.6      0.863      0.544      0.174      0.251     -0.259     -0.159
0.1500       -29978.185   -29987.137        8.951   358.8     -0.030      0.827      0.199     -0.083      0.071      0.091
0.2000       -29978.818   -29987.154        8.336   334.2     -0.401      0.129     -1.170      0.399      0.011     -0.101
0.2500       -29978.601   -29987.238        8.638   346.2      0.469     -0.346      0.952     -0.313     -0.093     -0.150
0.3000       -29978.648   -29987.064        8.417   337.4     -0.131      0.652      0.965      0.263      0.225     -0.218
0.3500       -29979.041   -29987.715        8.674   347.7     -0.417     -0.517     -0.864      0.106      0.551      0.351
0.4000       -29979.264   -29987.865        8.602   344.8      0.749     -0.276     -0.120     -0.686     -0.643     -0.417
0.4500       -29979.543   -29987.602        8.058   323.0     -0.894     -0.789      0.472      0.390     -0.099      0.235
0.5000       -29980.182   -29988.357        8.175   327.7     -0.086      0.708      0.069     -0.415      0.257     -0.374
0.5500       -29980.669   -29988.326        7.657   306.9      0.109     -0.307      1.268     -0.270     -0.576     -0.214
0.6000       -29980.418   -29988.174        7.756   310.9      0.060      0.889     -0.762     -0.707      0.258     -0.181
0.6500       -29979.550   -29988.209        8.659   347.1      0.116      0.849     -0.203     -0.360      0.472      0.025
0.7000       -29979.279   -29987.557        8.278   331.8      0.248      0.339     -0.100      0.125     -0.020      0.134
0.7500       -29979.431   -29987.258        7.827   313.7      0.062      0.411     -0.029     -0.064      0.091      0.055
0.8000       -29979.567   -29987.664        8.097   324.6      0.241      0.206     -0.050     -0.298     -0.026     -0.024
0.8500       -29980.018   -29988.375        8.357   335.0     -0.093      0.056     -0.471     -0.201     -0.102     -0.224
0.9000       -29979.922   -29987.717        7.795   312.5     -0.790     -0.472     -0.855     -0.286      0.650      0.079
0.9500       -29979.545   -29987.684        8.139   326.2     -0.890     -0.179      0.283     -0.049      0.114     -0.487
1.0000       -29979.910   -29987.535        7.625   305.7     -0.012      0.578      0.256     -0.119     -0.193      0.042
1.0500       -29979.455   -29987.250        7.795   312.5     -0.146      0.416      0.309     -0.009      0.484     -0.113
1.1000       -29979.512   -29987.480        7.969   319.4     -0.355     -0.824      0.024      0.258     -0.333      0.237
1.1500       -29979.929   -29988.002        8.073   323.6     -0.074      0.587      0.753     -0.586      0.043     -0.083
1.2000       -29979.435   -29988.221        8.785   352.2     -0.155     -0.868     -0.136      0.178      0.187     -0.233
1.2500       -29979.486   -29987.795        8.309   333.0     -0.412     -0.652     -0.069      0.212      0.242      0.014
1.3000       -29979.893   -29987.961        8.068   323.4     -0.180      0.112      0.376     -0.438     -0.400     -0.272
1.3500       -29980.339   -29988.262        7.922   317.6     -0.379     -0.383     -0.149     -0.121     -0.070     -0.253
1.4000       -29980.563   -29989.031        8.469   339.5     -0.234      0.376      0.122     -0.528      0.311     -0.301
1.4500       -29980.606   -29988.834        8.228   329.8     -0.458     -0.504      0.043     -0.140      0.138      0.284
1.5000       -29980.066   -29988.799        8.733   350.0      0.177      0.246      0.356     -0.609     -0.244      0.172
1.5500       -29980.461   -29988.639        8.178   327.8      0.103      0.226     -0.153     -0.526      0.056      0.232
1.6000       -29979.907   -29988.176        8.269   331.5      0.424     -0.026      0.942     -0.473     -0.086     -0.169
1.6500       -29979.876   -29988.623        8.748   350.6      0.373      0.123      0.262     -0.139     -0.746      0.035
1.7000       -29979.862   -29988.566        8.704   348.9      0.644      0.384      0.289     -0.363      0.012     -0.134
1.7500       -29980.088   -29987.906        7.819   313.4      0.826      0.430     -0.114     -0.081     -0.354      0.319
1.8000       -29980.153   -29988.082        7.929   317.8     -0.109     -0.689     -0.582      0.160      0.196     -0.177
1.8500       -29980.165   -29988.621        8.456   339.0      0.906      0.113      0.596      0.494     -0.380     -0.220
1.9000       -29980.007   -29988.500        8.493   340.4     -0.746      0.541      0.206      0.775      0.003      0.342
1.9500       -29979.566   -29987.801        8.235   330.1      0.611      0.681      1.121     -0.333      0.037     -0.783
2.0000       -29980.138   -29988.109        7.972   319.5      1.021      0.607     -0.494      0.247     -0.490      0.143
2.0500       -29980.058   -29988.346        8.288   332.2     -1.034      0.220      0.860     -0.228     -0.161      0.273
2.1000       -29980.246   -29988.475        8.229   329.8      0.024      0.271     -0.340     -0.109     -0.068     -0.472
2.1500       -29980.462   -29988.607        8.145   326.5      0.187     -0.385     -0.422     -0.049      0.060      0.397
2.2000       -29980.513   -29988.947        8.435   338.1      0.246      0.600     -0.218     -0.197     -0.289     -0.198
2.2500       -29980.986   -29989.537        8.551   342.8     -0.567     -0.059     -0.999      0.556      0.182     -0.076
2.3000       -29980.926   -29988.912        7.986   320.1      0.320     -0.460      0.258      0.350     -0.297     -0.653
2.3500       -29981.193   -29989.021        7.829   313.8      0.545      1.078     -0.423     -0.023     -0.522     -0.015
2.4000       -29980.802   -29988.770        7.967   319.4     -0.628     -0.998      0.294      0.421      0.559     -0.442
2.4500       -29980.385   -29988.582        8.197   328.6      0.176     -0.079     -0.176     -0.416      0.060     -0.124
2.5000       -29980.719   -29988.852        8.132   326.0     -0.983     -0.139     -0.296      0.101     -0.582     -0.093
2.5500       -29980.847   -29988.645        7.798   312.6     -0.155     -0.396     -0.562     -0.660      0.107      0.155
2.6000       -29980.667   -29988.965        8.298   332.6     -0.949     -0.880     -1.107      0.401      0.261      0.131
2.6500       -29980.510   -29988.066        7.556   302.9     -0.106      0.133      0.654      0.506     -0.251      0.204
2.7000       -29981.046   -29988.895        7.848   314.6      0.686      0.087      0.308     -0.024     -0.379     -0.990
2.7500       -29981.173   -29989.082        7.909   317.0      0.781      0.169     -0.272     -0.016     -0.039      0.735
2.8000       -29981.418   -29988.725        7.307   292.9      0.016      0.091      1.439     -0.142     -0.466      0.192
2.8500       -29981.542   -29988.850        7.308   292.9      0.665     -0.665     -0.146     -0.117      0.407      0.134
2.9000       -29980.761   -29988.010        7.249   290.6      0.373     -0.577     -0.069     -0.071     -0.176      0.551
2.9500       -29980.017   -29987.500        7.483   300.0     -0.728      0.266     -0.829      0.067     -0.680     -0.349
3.0000       -29979.709   -29987.883        8.174   327.6      0.001     -0.675      0.610      0.177      0.522      0.359
3.0500       -29979.518   -29988.033        8.515   341.3     -0.024      0.206      0.224     -0.286     -0.285      0.500
3.1000       -29979.675   -29987.982        8.307   333.0      0.104     -0.231     -0.211      0.809      0.470     -0.085
3.1500       -29980.151   -29988.205        8.054   322.9     -1.195     -1.133     -1.100      0.014     -0.101      0.427
3.2000       -29980.371   -29988.201        7.830   313.9     -0.508     -0.104     -0.637      0.584     -0.456      0.246
3.2500       -29980.058   -29988.871        8.814   353.3      0.232      0.125     -0.100     -0.084      0.481      0.509
3.3000       -29980.121   -29988.621        8.500   340.7      0.878     -0.368      0.069      0.666     -0.399     -0.185
3.3500       -29980.518   -29988.449        7.932   317.9     -0.176     -0.542     -0.473     -0.250      0.208     -0.132
3.4000       -29980.421   -29988.484        8.064   323.2     -0.355     -0.475      0.070     -0.413     -0.114     -0.609
3.4500       -29980.024   -29988.977        8.953   358.9      0.037      0.191     -0.349     -0.360     -0.622      0.077
3.5000       -29979.894   -29988.879        8.985   360.2     -0.604     -0.007      0.294     -0.181     -0.198     -0.331
3.5500       -29980.183   -29988.379        8.196   328.5      0.189      0.019     -0.469     -0.128      0.152     -0.147
3.6000       -29979.840   -29988.166        8.326   333.8     -1.695      0.468      0.380     -0.022      0.313     -0.356
3.6500       -29980.062   -29988.631        8.569   343.5      0.788      0.555      0.231     -0.116      0.208     -0.010
3.7000       -29980.803   -29988.877        8.074   323.7      0.703     -0.202     -0.498      0.674      0.197      0.149
3.7500       -29980.674   -29988.789        8.116   325.3     -0.081     -0.127      0.326     -0.119      0.329      0.398
3.8000       -29980.329   -29988.701        8.372   335.6      0.673     -0.070      0.390     -0.288      0.116      0.401
3.8500       -29980.645   -29988.350        7.705   308.8     -0.473     -0.519      0.156      0.097     -0.296     -0.405
3.9000       -29980.249   -29988.973        8.724   349.7     -0.849     -0.781     -0.146     -0.557     -0.232     -0.150
3.9500       -29980.491   -29988.717        8.225   329.7     -0.291     -0.067     -1.280      0.521      0.266      0.196
4.0000       -29981.228   -29989.156        7.928   317.8     -1.391     -0.759     -0.696      0.269      0.112     -0.358
4.0500       -29981.957   -29989.936        7.978   319.8     -0.587     -0.326      0.639     -0.123     -0.064      0.072
4.1000       -29981.305   -29989.303        7.998   320.6     -0.865     -0.461     -1.611     -0.246      0.604      0.564
4.1500       -29980.924   -29989.359        8.436   338.1      0.292      0.176      0.588     -0.093     -0.287     -0.649
4.2000       -29980.201   -29988.553        8.352   334.8     -0.075     -0.211      0.221     -0.143      0.262      0.473
4.2500       -29980.171   -29989.160        8.989   360.3      0.126     -0.392     -0.348      0.280      0.243      0.246
4.3000       -29980.058   -29988.305        8.247   330.6     -0.516     -0.690     -0.311      0.381     -0.256     -0.398
4.3500       -29980.031   -29988.826        8.796   352.6     -0.376      0.024      0.583      0.267      0.181      0.067
4.4000       -29979.843   -29988.301        8.458   339.0     -1.191      0.578     -0.458      0.097     -0.686     -0.277
4.4500       -29979.977   -29988.422        8.444   338.5      0.642      0.775      0.970      0.380     -0.421      0.107
4.5000       -29979.937   -29988.482        8.545   342.5     -0.562     -0.920     -0.317      0.075     -0.123      0.039
4.5500       -29979.979   -29988.775        8.796   352.6     -1.009      0.936     -0.736      0.038      0.049     -0.147
4.6000       -29980.079   -29989.047        8.968   359.5     -0.128      0.069      0.205      0.359     -0.003      0.294
4.6500       -29980.084   -29988.664        8.580   343.9     -0.546     -0.128     -1.084      0.140     -0.317     -0.591
4.7000       -29980.115   -29988.305        8.189   328.3      0.074     -0.729     -0.929     -0.340      0.295     -0.655
4.7500       -29979.991   -29988.715        8.723   349.7      0.152     -0.710      0.102      0.533     -0.084      0.095
4.8000       -29979.754   -29988.574        8.820   353.5     -0.270     -0.534      0.230     -0.559      0.052      0.064
4.8500       -29979.238   -29989.064        9.827   393.9     -0.048     -0.066      0.022     -0.035     -0.124     -0.267
4.9000       -29978.913   -29987.375        8.462   339.2     -0.820      0.438      0.555      0.321      0.226      0.135
4.9500       -29978.898   -29988.385        9.487   380.3      0.450      1.178      1.146     -0.813     -0.023      0.159
5.0000       -29979.216   -29988.107        8.892   356.4      0.486     -0.014      0.089      0.118     -0.191     -0.001
5.0500       -29979.233   -29987.973        8.740   350.3      0.216     -0.306      0.678      0.400     -0.060      0.092
5.1000       -29979.549   -29988.980        9.432   378.1      0.220      0.344      0.632      0.255      0.260      0.012
5.1500       -29980.253   -29988.592        8.339   334.2     -0.053     -0.003      0.342     -0.069      0.130     -0.044
5.2000       -29980.006   -29989.041        9.035   362.2      0.053      0.642     -0.363      0.065      0.173     -0.093
5.2500       -29980.062   -29989.588        9.526   381.9      0.059      0.238     -0.987     -0.600     -0.056     -0.396
5.3000       -29980.254   -29988.506        8.252   330.8      0.321      0.160      0.178      1.031     -0.239      0.642
5.3500       -29980.634   -29989.709        9.075   363.8      0.517     -0.088     -0.227     -0.555      0.528      0.122
5.4000       -29981.200   -29988.912        7.712   309.1     -0.500     -0.634      0.096     -0.312     -0.161     -0.269
5.4500       -29981.298   -29989.209        7.911   317.1      0.131     -0.192     -0.150      0.344      0.361      0.729
5.5000       -29980.977   -29988.627        7.650   306.6     -1.154     -0.301     -0.068     -0.003     -0.121     -0.120
5.5500       -29980.565   -29988.939        8.374   335.7     -0.563     -1.242     -0.441      0.052      0.081     -0.531
5.6000       -29979.670   -29988.281        8.611   345.2     -1.064     -0.332     -0.772      0.006     -0.377     -0.003
5.6500       -29979.550   -29988.184        8.634   346.1      0.047      0.197     -0.172      0.123     -0.151      0.054
5.7000       -29978.964   -29987.611        8.648   346.6     -0.907     -0.811      1.210     -0.027      0.586     -0.391
5.7500       -29979.233   -29988.021        8.788   352.3     -0.679     -0.285     -1.090     -0.148      0.671      0.018
5.8000       -29978.920   -29987.125        8.205   328.9      0.116     -0.051      0.170     -0.167      0.003      0.188
5.8500       -29979.212   -29988.027        8.815   353.4      0.122      0.192      0.905      0.066      0.171     -0.089
5.9000       -29979.183   -29987.873        8.690   348.3     -0.904     -0.269     -0.424      0.160     -0.726      0.304
5.9500       -29979.394   -29989.180        9.786   392.3     -1.349     -0.416     -0.530      0.468      0.325      0.507
6.0000       -29979.442   -29989.012        9.570   383.6     -0.541     -0.336     -0.593      0.144      0.695      0.216
6.0500       -29979.191   -29987.797        8.606   345.0     -0.056     -0.954     -0.794      0.035      0.302     -0.763
6.1000       -29979.506   -29988.406        8.900   356.8     -0.840      0.365     -1.333     -0.254      0.596      0.708
6.1500       -29979.270   -29988.211        8.940   358.4     -0.590     -0.758      0.388      0.121      0.148     -0.486
6.2000       -29979.875   -29987.686        7.811   313.1     -0.120      0.550      0.609     -0.231      0.611      0.371
6.2500       -29980.565   -29988.826        8.262   331.2     -0.556      0.180     -0.637     -0.124      0.437      0.064
6.3000       -29980.395   -29989.629        9.234   370.1     -0.042     -0.130     -0.203     -0.192     -0.252      0.208
6.3500       -29980.878   -29989.352        8.473   339.7      0.204      0.537     -0.313     -0.157      0.078      0.276
6.4000       -29980.888   -29989.188        8.299   332.7     -0.482      0.773      0.227     -0.347     -0.200      0.207
6.4500       -29980.927   -29989.393        8.466   339.4     -0.079     -0.034      0.050      0.340      0.149     -0.422
6.5000       -29980.245   -29988.506        8.260   331.1      0.376      0.442     -0.075      0.083     -0.090      0.286
6.5500       -29980.241   -29988.518        8.276   331.8     -0.211     -0.641      0.201     -0.265      0.592      0.020
6.6000       -29980.283   -29988.674        8.391   336.3     -0.867      0.067     -0.163      0.014     -0.852     -0.378
6.6500       -29979.723   -29988.264        8.541   342.3      0.074     -0.901      0.555      0.049      0.358      0.137
6.7000       -29980.072   -29988.566        8.494   340.5     -0.090     -0.306     -0.206      0.602     -0.226     -0.408
6.7500       -29979.803   -29988.344        8.541   342.3     -0.114     -0.448     -0.447      0.350     -0.166      0.069
6.8000       -29980.379   -29988.498        8.119   325.5     -0.416     -0.444      0.796     -0.452      0.969      0.015
6.8500       -29980.221   -29989.121        8.900   356.7     -0.327     -1.884     -0.842     -0.623     -0.400     -0.213
6.9000       -29979.765   -29988.246        8.481   340.0     -0.491     -0.401     -0.337      0.627     -0.522      0.223
6.9500       -29980.265   -29988.283        8.018   321.4     -0.112     -0.098      0.549      0.287      0.027     -0.099
7.0000       -29980.372   -29988.389        8.016   321.3      0.450     -0.001      0.891      0.517      0.206     -0.026
7.0500       -29980.713   -29989.102        8.388   336.2     -1.079     -0.906     -1.208      0.120     -0.649     -0.099
7.1000       -29980.809   -29988.754        7.945   318.5     -1.043     -0.744     -1.382      0.218      0.197      0.440
7.1500       -29981.300   -29988.979        7.678   307.8      0.494     -0.479     -0.086      0.011      0.036      0.018
7.2000       -29981.322   -29988.664        7.342   294.3      0.049      0.770      0.613     -0.182      0.661      0.204
7.2500       -29981.483   -29989.639        8.156   326.9     -0.185     -0.161      0.717     -0.277     -0.109     -0.405
7.3000       -29981.159   -29988.803        7.644   306.4      0.214     -0.272      0.707      0.222     -0.484     -0.005
7.3500       -29980.654   -29989.180        8.526   341.8     -0.572     -1.132     -0.125      0.083      0.307     -0.100
7.4000       -29980.622   -29988.557        7.935   318.1     -0.804     -0.916      0.225     -0.047     -0.051      0.317
7.4500       -29980.514   -29988.652        8.139   326.2     -1.593     -0.134     -0.145     -0.233     -0.300     -0.099
7.5000       -29980.299   -29988.689        8.390   336.3     -0.632     -0.587     -0.209      0.046     -0.027     -0.034
7.5500       -29980.472   -29988.953        8.481   340.0     -0.241     -0.474     -0.399      0.499     -0.457      0.201
7.6000       -29980.961   -29989.004        8.042   322.4      0.205      0.588      0.287     -0.019     -0.363     -0.148
7.6500       -29980.845   -29989.209        8.364   335.3     -1.222     -0.244     -0.084     -0.292      0.388     -0.185
7.7000       -29981.080   -29988.871        7.791   312.3      0.281     -0.734      0.335     -0.475     -0.455      0.477
7.7500       -29981.013   -29989.768        8.754   350.9     -0.352     -0.885     -0.221      0.490      0.247     -0.138
7.8000       -29981.173   -29989.586        8.413   337.2     -0.289     -0.438     -0.135      0.143      0.270     -0.058
7.8500       -29981.481   -29989.689        8.209   329.0      0.222      0.585      0.422     -0.339      0.234      0.388
7.9000       -29981.631   -29989.873        8.242   330.4     -0.239     -0.697      0.436      0.180     -0.554      0.309
7.9500       -29982.040   -29989.871        7.831   313.9      0.556     -0.070     -0.069      0.113     -0.294      0.084
8.0000       -29981.994   -29990.418        8.424   337.7     -0.185     -0.098     -0.821     -0.022      0.013      0.438
8.0500       -29981.899   -29989.879        7.980   319.9     -1.669     -1.364     -0.956      0.576     -0.101     -0.138
8.1000       -29981.676   -29989.574        7.898   316.6      0.024     -1.416     -0.321      0.135     -0.021     -0.119
8.1500       -29981.698   -29989.395        7.697   308.5      1.169     -0.039      0.749      0.000     -0.230      0.048
8.2000       -29981.700   -29990.182        8.482   340.0     -0.331     -0.029      0.305     -0.240      0.020      0.456
8.2500       -29982.156   -29990.449        8.293   332.4     -0.675     -0.079      0.106     -0.325      0.056     -0.129
8.3000       -29981.477   -29990.256        8.779   351.9      0.509     -0.015      0.152     -0.273      0.361      0.065
8.3500       -29981.324   -29990.184        8.859   355.1      0.471     -0.186      0.690     -0.256      0.036     -0.067
8.4000       -29981.523   -29989.547        8.024   321.6     -0.021      0.010      0.761     -0.183     -0.321      0.117
8.4500       -29981.074   -29989.164        8.090   324.3     -0.187      0.027     -0.970      0.043      0.431     -0.127
8.5000       -29980.793   -29988.730        7.938   318.2     -0.989     -0.179      0.021     -1.030      0.340      0.479
8.5500       -29980.630   -29988.895        8.265   331.3     -0.521     -1.182     -0.491      0.279     -0.022     -0.008
8.6000       -29980.706   -29988.979        8.273   331.6     -1.153     -0.826     -0.998      0.233     -0.025      0.210
8.6500       -29981.167   -29989.248        8.081   323.9      0.815      0.554      0.468     -0.709      0.020     -0.432
8.7000       -29980.819   -29988.844        8.025   321.7     -0.378     -0.004      0.299     -0.015      0.178      0.192
8.7500       -29980.299   -29989.000        8.701   348.8     -0.544     -0.007      0.419     -0.036      0.030      0.359
8.8000       -29980.312   -29988.730        8.419   337.5     -0.741     -0.291     -0.234     -0.318      0.311     -0.220
8.8500       -29980.278   -29988.988        8.710   349.1      0.080      0.766      0.591      0.445     -0.031      0.043
8.9000       -29980.263   -29989.248        8.985   360.2     -0.177     -0.139     -0.475     -0.080     -0.242     -0.425
8.9500       -29980.386   -29988.828        8.442   338.4     -0.890      0.319      0.403     -0.369      0.177     -0.312
9.0000       -29980.484   -29988.596        8.112   325.1      0.118     -0.062     -0.646     -0.135      0.304      0.364
9.0500       -29980.580   -29989.252        8.672   347.6     -0.566     -0.814     -1.380     -0.143      0.266     -0.110
9.1000       -29980.636   -29988.717        8.081   323.9     -1.252     -1.123     -0.260      0.033      0.037     -0.207
9.1500       -29979.859   -29988.508        8.649   346.7     -0.303     -0.685     -1.105     -0.103     -0.337     -0.662
9.2000       -29980.016   -29988.826        8.810   353.1     -0.988     -0.316     -0.376     -0.516     -0.303     -0.170
9.2500       -29979.938   -29988.594        8.656   347.0      0.544     -0.344      0.498      0.462      0.378      0.685
9.3000       -29980.309   -29988.062        7.753   310.8     -0.208     -0.093     -0.835      0.465     -0.390     -0.289
9.3500       -29980.467   -29988.549        8.082   324.0      1.289      0.837      0.889     -0.336      0.144     -0.053
9.4000       -29980.708   -29988.414        7.706   308.9     -0.339     -0.293     -0.116     -0.162      0.318      0.289
9.4500       -29980.588   -29988.723        8.135   326.1      0.036      0.996      0.109      0.297     -0.227     -0.574
9.5000       -29980.894   -29989.123        8.229   329.9      0.659      0.232      0.424      0.576      0.223     -0.124
9.5500       -29980.622   -29989.516        8.893   356.5     -0.259     -0.579      0.121     -0.046      0.154     -0.346
9.6000       -29980.332   -29989.279        8.948   358.7     -0.296     -0.703     -0.491      0.654     -0.186     -0.158
9.6500       -29980.127   -29988.383        8.256   330.9      0.180     -0.145     -0.621     -0.766      0.017      0.072
9.7000       -29980.343   -29988.373        8.030   321.9      0.114     -0.567     -0.408      0.548      0.786     -0.472
9.7500       -29980.245   -29988.570        8.325   333.7     -0.993     -0.319     -0.160     -0.173      0.626     -0.222
9.8000       -29980.664   -29989.184        8.520   341.5      0.445     -0.157     -0.232      0.156      0.159      0.017
9.8500       -29980.057   -29989.055        8.998   360.7     -0.040     -0.282     -0.028      0.343      0.251     -0.176
9.9000       -29980.066   -29988.830        8.764   351.3     -0.422     -0.097     -0.680     -0.236     -0.200     -0.431
9.9500       -29980.594   -29989.191        8.598   344.6     -0.001      0.167      0.326      0.027      0.227     -0.092
10.0000      -29981.138   -29989.014        7.876   315.7     -0.019     -0.483      0.087     -0.055      0.201      0.616
10.0500      -29981.193   -29989.254        8.061   323.1      0.518      0.613     -0.342     -0.323     -0.228      0.124
10.1000      -29980.715   -29989.393        8.678   347.9      0.799     -0.713     -0.418      0.001      0.324     -0.638
10.1500      -29980.655   -29989.109        8.455   338.9     -0.555     -0.538     -0.397      0.342     -0.186     -0.197
10.2000      -29980.676   -29988.955        8.279   331.9     -0.824     -0.441     -0.843     -0.512     -0.298      0.198
10.2500      -29980.602   -29989.088        8.486   340.2     -0.091     -0.397      0.886      0.593     -0.185     -0.222
10.3000      -29979.934   -29988.695        8.761   351.2     -0.847     -0.298     -0.666     -0.115      0.413      0.454
10.3500      -29980.221   -29989.332        9.111   365.2      0.500      0.043     -0.209      0.696     -0.159      0.095
10.4000      -29980.628   -29989.051        8.422   337.6      0.072      0.248      0.291     -0.115      0.505     -0.423
10.4500      -29981.118   -29989.480        8.363   335.2     -0.070     -0.067      0.081     -0.463      0.037      0.601
10.5000      -29981.394   -29989.547        8.153   326.8     -0.692      0.302      0.288      0.553      0.128      0.000
10.5500      -29981.660   -29989.510        7.849   314.6     -0.586     -0.888      0.016     -0.547     -0.033     -0.051
10.6000      -29981.517   -29989.336        7.819   313.4      0.149      0.432     -0.337     -0.087     -0.184     -0.550
10.6500      -29981.520   -29989.723        8.202   328.8     -0.223      0.043     -0.809     -0.139     -0.171     -0.384
10.7000      -29981.291   -29989.607        8.316   333.3      0.865     -0.399     -0.694     -0.045      0.370      0.019
10.7500      -29981.258   -29989.764        8.505   340.9     -0.419     -0.180      0.482      0.263     -0.267     -0.226
10.8000      -29981.488   -29989.504        8.015   321.3     -0.964      0.085     -0.313      0.274      0.074     -0.069
10.8500      -29981.472   -29989.465        7.993   320.4     -0.850     -0.652      0.099     -0.359      0.110      0.058
10.9000      -29981.803   -29989.754        7.951   318.7      0.559     -0.893     -0.795      0.103     -0.005      0.010
10.9500      -29982.248   -29989.801        7.553   302.8     -0.281      0.858     -0.245     -0.672      0.171     -0.200
11.0000      -29982.106   -29990.107        8.002   320.8      0.109     -0.077     -0.077     -0.431      0.093      0.005
11.0500      -29982.185   -29989.734        7.549   302.6      0.375     -0.423     -0.114     -0.526      0.374      0.132
11.1000      -29981.232   -29989.434        8.202   328.8     -0.194     -0.124     -0.424      0.405     -0.280     -0.199
11.1500      -29981.625   -29989.912        8.287   332.2      0.204      0.294      0.229     -0.062     -0.388     -0.064
11.2000      -29981.618   -29990.037        8.419   337.5     -0.001      0.578     -0.411     -0.552      0.178      0.525
11.2500      -29981.654   -29989.529        7.876   315.7     -0.572     -0.638     -1.049     -0.012     -0.279     -0.126
11.3000      -29981.000   -29989.254        8.254   330.8     -0.225     -0.011     -0.861     -0.184      0.083     -0.171
11.3500      -29980.303   -29989.039        8.736   350.2      0.099      0.557      0.681     -0.362     -0.374     -0.185
11.4000      -29980.070   -29988.617        8.547   342.6      1.111     -1.294     -0.731     -0.424      0.072     -0.123
11.4500      -29980.335   -29988.521        8.186   328.2     -0.663     -0.036     -0.289      0.532     -0.260      0.726
11.5000      -29980.194   -29989.281        9.087   364.3     -0.077     -0.530     -0.892     -0.689     -0.396     -0.109
11.5500      -29980.239   -29988.971        8.732   350.0     -0.528      0.006     -0.739      0.362      0.009      0.186
11.6000      -29980.540   -29988.969        8.429   337.9     -0.522     -1.133     -1.086      0.172     -0.368     -0.099
11.6500      -29980.684   -29989.260        8.576   343.8      0.768     -0.253      0.132     -0.222      0.339     -0.784
11.7000      -29980.668   -29989.773        9.106   365.0      0.011     -0.270     -0.051     -0.003     -0.525      0.490
11.7500      -29980.807   -29989.779        8.972   359.7      0.156     -0.584      0.290      0.032     -0.030      0.256
11.8000      -29981.128   -29989.146        8.019   321.4     -0.113      0.491     -0.243      0.157      0.075     -0.201
11.8500      -29981.260   -29988.861        7.602   304.7      0.365     -0.099     -0.334     -0.211      0.027     -0.574
11.9000      -29980.649   -29988.957        8.308   333.0     -0.311      0.453     -0.948      0.102     -0.346      0.254
11.9500      -29980.099   -29988.596        8.497   340.6      0.453      0.499      0.394     -0.022     -0.714     -0.201
12.0000      -29980.428   -29988.561        8.133   326.0      0.001      0.100      0.265     -0.357     -0.024      0.656
12.0500      -29979.921   -29988.607        8.687   348.2      0.046      0.014     -0.616     -0.578      0.186     -0.337
12.1000      -29980.282   -29989.141        8.858   355.1      0.523      0.276      0.374     -0.521      0.052     -0.095
12.1500      -29980.468   -29988.916        8.448   338.6      0.320      0.892      0.504      0.082     -0.199      0.205
12.2000      -29980.909   -29989.133        8.223   329.6      0.380     -0.303     -1.215      0.482     -0.616     -0.354
12.2500      -29980.864   -29989.072        8.208   329.0     -0.421     -0.310     -0.392     -0.561      0.444      0.114
12.3000      -29980.701   -29989.148        8.447   338.6     -0.157     -1.125     -0.520     -0.122     -0.073     -0.069
12.3500      -29981.072   -29989.080        8.009   321.0     -0.372     -0.083     -0.346     -0.701     -0.005      0.257
12.4000      -29980.949   -29989.701        8.752   350.8      0.374      0.620     -0.041     -0.181     -0.339      0.183
12.4500      -29980.678   -29989.750        9.072   363.7     -1.211      0.368     -0.519     -0.268     -0.824      0.316
12.5000      -29980.472   -29988.605        8.134   326.0      0.026     -0.036      0.101      0.402      0.277      0.518
12.5500      -29980.922   -29989.545        8.623   345.6      0.986      1.244      0.774     -0.461      0.504      0.134
12.6000      -29981.515   -29990.309        8.794   352.5      0.374      0.037      0.165      0.493     -0.370      0.016
12.6500      -29981.430   -29989.574        8.144   326.4      1.008      0.936      0.468      0.022      0.162      0.144
12.7000      -29981.376   -29988.967        7.590   304.3      0.309      0.069     -0.060      0.307     -0.353     -0.555
12.7500      -29981.494   -29989.410        7.916   317.3     -0.418     -0.663     -1.032     -0.292      0.054      0.201
12.8000      -29982.017   -29989.326        7.310   293.0      0.098      0.658     -0.974      0.381      0.072      0.073
12.8500      -29982.246   -29990.168        7.922   317.6     -0.382     -0.503      0.847     -0.263      0.142     -0.278
12.9000      -29982.080   -29990.377        8.297   332.6     -0.212     -0.611     -0.317      0.668      0.078     -0.029
12.9500      -29982.313   -29989.316        7.004   280.7     -0.248     -0.188      0.049      0.154      0.664      0.230
13.0000      -29982.677   -29989.990        7.313   293.2     -0.647     -0.460      0.230     -0.099     -0.531      0.164
13.0500      -29982.872   -29990.666        7.794   312.4      0.501     -0.369      0.269     -0.351     -0.307      0.158
13.1000      -29982.363   -29990.125        7.762   311.1      0.286     -0.896      0.021     -0.205     -0.571      0.145
13.1500      -29982.204   -29989.840        7.635   306.1     -0.164     -0.196     -0.318     -0.400      0.409      0.307
13.2000      -29982.624   -29990.006        7.381   295.9     -0.452      0.015      0.213     -0.158      0.069     -0.178
13.2500      -29982.683   -29990.680        7.996   320.5     -0.005     -0.787     -0.461     -0.058     -0.344     -0.046
13.3000      -29982.453   -29989.994        7.541   302.3      0.019     -0.145     -0.032      0.138      0.062      0.143
13.3500      -29982.137   -29989.811        7.674   307.6     -0.698     -0.160     -0.708     -0.210      0.321      0.016
13.4000      -29982.153   -29989.742        7.590   304.2     -0.152     -0.412      0.150      0.052     -0.083     -0.496
13.4500      -29982.335   -29990.473        8.138   326.2     -0.653      0.129     -0.003      0.431      0.099      0.158
13.5000      -29982.195   -29989.412        7.217   289.3      0.324      0.315      1.065     -0.111     -0.108     -0.048
13.5500      -29981.938   -29989.121        7.183   287.9     -0.869     -1.077      0.052      0.339      0.035      0.233
13.6000      -29981.411   -29989.686        8.274   331.7      0.158      1.141     -1.014     -0.429     -0.048     -0.032
13.6500      -29981.447   -29989.514        8.067   323.4      0.442      0.554      0.407     -0.024     -0.348      0.973
13.7000      -29981.497   -29989.701        8.204   328.8      0.050     -0.995     -1.635     -0.223     -0.653      0.213
13.7500      -29980.963   -29988.637        7.674   307.6     -0.174     -0.256     -0.175      0.402     -0.450      0.189
13.8000      -29981.554   -29989.775        8.221   329.5     -0.084     -1.052     -0.066     -0.702     -0.501      0.548
13.8500      -29981.877   -29990.402        8.525   341.7      0.398     -0.046      0.244     -0.282     -0.556      0.016
13.9000      -29982.448   -29990.021        7.573   303.6     -1.411     -0.610     -0.404     -0.018     -0.266     -0.313
13.9500      -29982.492   -29990.312        7.821   313.5     -0.488     -0.570     -0.741      0.170     -0.148     -0.323
14.0000      -29982.372   -29990.283        7.911   317.1      0.048     -0.986     -0.095      0.201     -0.102     -0.456
14.0500      -29981.690   -29989.197        7.507   300.9     -0.493     -0.501     -0.109      0.465     -0.231     -0.230
14.1000      -29981.685   -29989.039        7.354   294.8      0.077     -0.493      0.133     -0.529      0.283      0.077
14.1500      -29981.378   -29989.357        7.979   319.8     -0.591     -0.176     -0.380      0.207     -0.285     -0.030
14.2000      -29981.423   -29989.283        7.860   315.1     -0.466     -1.388      0.202     -0.222      0.448      0.472
14.2500      -29981.325   -29989.539        8.214   329.3      0.079      0.255      0.056     -0.135     -0.175      0.116
14.3000      -29980.599   -29988.652        8.054   322.8      0.439      0.125     -0.247      0.015     -0.283     -0.030
14.3500      -29980.578   -29988.895        8.317   333.4     -0.200     -0.399      0.087     -0.502     -0.126      0.194
14.4000      -29980.451   -29987.785        7.334   294.0     -1.154     -0.004     -1.509      0.101     -0.104     -0.116
14.4500      -29980.417   -29988.215        7.798   312.6     -1.180      0.323     -0.427      0.039      0.663      0.168
14.5000      -29980.186   -29987.947        7.761   311.1     -0.029     -0.295      0.323      0.214      0.495      0.044
14.5500      -29979.483   -29987.840        8.357   335.0     -0.619     -0.870     -0.426     -0.282     -0.524      0.184
14.6000      -29979.853   -29988.371        8.518   341.4      0.107     -0.260      0.055      0.352      0.607     -0.178
14.6500      -29980.145   -29989.010        8.865   355.3     -0.594     -1.385     -0.490      0.089     -0.155      0.425
14.7000      -29980.198   -29988.268        8.069   323.4     -0.481      0.348      0.168     -0.679     -0.196     -0.452
14.7500      -29980.244   -29988.355        8.111   325.1     -0.162     -0.124      0.018      0.231      0.367      0.779
14.8000      -29980.599   -29988.902        8.304   332.9     -0.456     -0.554     -0.768     -0.085      0.064     -0.359
14.8500      -29980.504   -29989.092        8.588   344.3     -0.114     -0.834      0.648      0.301     -0.067     -0.249
14.9000      -29980.442   -29988.723        8.281   331.9     -0.901     -0.724     -0.885     -0.153      0.437     -0.620
14.9500      -29980.173   -29988.588        8.415   337.3      0.056     -0.950     -1.265     -0.121     -0.477     -0.063
15.0000      -29980.291   -29989.049        8.758   351.1     -0.550     -0.549      0.013      0.394     -0.005      0.452
15.0500      -29980.346   -29990.037        9.692   388.5     -0.284     -0.830     -0.730     -0.207      0.403     -0.465
15.1000      -29980.280   -29988.129        7.849   314.6     -0.926      0.403      0.312      0.268     -0.007      0.462
15.1500      -29980.503   -29988.428        7.925   317.7     -0.388      0.435      0.125     -0.073     -0.303     -0.034
15.2000      -29980.434   -29989.035        8.601   344.8      0.005     -0.515      0.613     -0.067     -0.445     -0.029
15.2500      -29980.379   -29989.141        8.762   351.2      0.197     -0.038     -0.442      0.246     -0.184     -0.081
15.3000      -29980.559   -29988.174        7.615   305.2     -0.477      0.412     -0.861     -0.097     -0.532      0.295
15.3500      -29980.841   -29988.893        8.051   322.7      0.645     -0.485      0.901      0.576     -0.013      0.150
15.4000      -29981.070   -29988.896        7.826   313.7      0.392      0.196     -0.426     -0.007     -0.533      0.010
15.4500      -29980.801   -29989.293        8.492   340.4     -0.334      0.103     -0.237     -0.193     -0.056     -0.628
15.5000      -29980.406   -29988.902        8.496   340.6     -0.228     -0.365     -0.655      0.084     -0.439      0.227
15.5500      -29981.075   -29989.381        8.306   332.9      0.273     -0.380     -0.248      0.361     -0.276      0.131
15.6000      -29981.358   -29989.602        8.243   330.4      0.210     -1.170     -0.152     -0.428      0.731      0.051
15.6500      -29981.028   -29989.143        8.115   325.3      0.001     -0.148     -0.701     -0.229     -0.421      0.281
15.7000      -29981.402   -29989.309        7.907   317.0     -0.403     -0.547      0.020     -0.197     -0.542     -0.404
15.7500      -29981.735   -29988.854        7.119   285.4      1.150     -0.023     -0.200     -0.443      0.315     -0.024
15.8000      -29982.315   -29989.682        7.366   295.3      0.865      1.850      0.440      0.095      0.131      0.017
15.8500      -29982.931   -29989.510        6.579   263.7      0.318     -0.455      0.389     -0.367      0.409      0.025
15.9000      -29983.045   -29989.711        6.666   267.2      1.014      0.688     -0.003     -0.109      0.124     -0.325
15.9500      -29982.435   -29989.838        7.403   296.7     -0.700     -0.196     -0.008      0.552     -0.207     -0.462
16.0000      -29982.098   -29989.842        7.744   310.4     -0.952     -1.043     -0.560     -0.734     -0.017      0.559
16.0500      -29981.738   -29989.215        7.476   299.7     -0.289      0.051     -0.400      0.393      0.021     -0.522
16.1000      -29981.025   -29989.127        8.102   324.8     -0.400      0.089     -0.128     -0.286     -0.026      0.120
16.1500      -29980.853   -29988.982        8.130   325.9     -0.227      0.731     -0.955     -0.051      0.143     -0.280
16.2000      -29980.668   -29988.619        7.951   318.7      0.489     -0.486     -0.195      0.825      0.041      0.038
16.2500      -29980.619   -29989.332        8.713   349.3      0.229      0.147      0.134      0.160     -0.359     -0.294
16.3000      -29980.768   -29989.328        8.560   343.1      0.461      0.244     -0.053      0.018      0.626      0.251
16.3500      -29980.497   -29989.062        8.565   343.3      0.124     -0.428     -0.211     -0.157      0.453      0.070
16.4000      -29980.372   -29989.377        9.005   361.0     -0.923      0.570      0.483     -0.271     -0.345      0.223
16.4500      -29980.752   -29989.418        8.665   347.4     -0.086     -0.801     -0.891     -0.229      0.122     -0.260
16.5000      -29980.660   -29988.928        8.268   331.4      0.003     -0.131     -0.225      0.200     -0.418     -0.411
16.5500      -29980.740   -29989.090        8.350   334.7     -1.233      0.080     -0.148     -0.148      0.527      0.011
16.6000      -29980.832   -29989.115        8.283   332.0      0.290      0.230      0.888     -0.558      0.254     -0.016
16.6500      -29980.783   -29988.742        7.959   319.0      0.104     -0.033      0.727      0.417      0.618     -0.159
16.7000      -29980.943   -29988.865        7.923   317.6     -0.139      0.120     -0.334     -0.099     -0.193     -0.022
16.7500      -29980.867   -29988.672        7.805   312.9     -0.722     -0.597     -0.285      0.417     -0.057      0.123
16.8000      -29980.806   -29988.836        8.030   321.9     -1.086      0.460      0.890      0.355     -0.536     -0.298
16.8500      -29981.177   -29989.717        8.539   342.3      0.657     -0.641     -0.428     -0.476      0.265      0.042
16.9000      -29981.115   -29988.746        7.631   305.9     -0.165     -0.361      0.432     -0.134      0.389     -0.061
16.9500      -29981.645   -29989.742        8.098   324.6      0.619     -0.438      0.232     -0.311     -0.417     -0.061
17.0000      -29982.078   -29990.062        7.984   320.1     -0.505     -0.180      0.197      0.191      0.217     -0.128
17.0500      -29981.466   -29988.965        7.499   300.6     -0.004     -0.782      0.128      0.215     -0.586      0.109
17.1000      -29981.410   -29989.408        7.998   320.6     -0.053     -0.910     -0.374      0.038     -0.113     -0.317
17.1500      -29980.778   -29988.748        7.970   319.5     -0.426     -1.584     -0.584      0.100      0.171     -0.194
17.2000      -29980.360   -29989.213        8.852   354.8      0.192     -0.820     -0.860      0.026     -0.053     -0.039
17.2500      -29980.794   -29989.709        8.915   357.4     -0.884     -0.029     -0.460      0.238     -0.052     -0.104
17.3000      -29980.993   -29989.287        8.294   332.5     -0.429     -0.218     -1.147      0.170     -0.067     -0.468
17.3500      -29980.967   -29990.102        9.135   366.2     -0.580     -0.385      0.161     -0.131     -0.840      0.072
17.4000      -29981.001   -29989.230        8.229   329.9     -0.292     -0.198     -0.139      0.224     -0.067      0.398
17.4500      -29980.867   -29988.984        8.118   325.4     -0.531     -0.031     -0.136      0.148     -0.159     -0.178
17.5000      -29980.569   -29989.268        8.698   348.7     -0.583      0.075      0.374      0.467     -0.208      0.338
17.5500      -29979.944   -29989.223        9.279   371.9     -0.228     -0.481      0.368      0.995     -0.125      0.186
17.6000      -29979.974   -29987.990        8.017   321.3     -0.438      0.170      0.033     -0.981      0.367     -0.086
17.6500      -29979.432   -29987.357        7.926   317.7      0.588      0.140      0.107      0.444      0.432      0.462
17.7000      -29979.556   -29988.338        8.782   352.0     -0.222     -0.401      0.129     -0.285      0.236     -0.261
17.7500      -29979.701   -29988.521        8.820   353.6      0.059     -0.780     -0.108      0.102     -0.013     -0.284
17.8000      -29979.498   -29988.141        8.642   346.4     -0.043      0.466     -0.104     -0.305      0.752      0.167
17.8500      -29979.942   -29988.438        8.495   340.5      0.441     -1.146     -0.480      0.006      0.601     -0.088
17.9000      -29979.973   -29988.238        8.265   331.3      0.209     -0.544      0.210     -0.517     -0.025     -0.057
17.9500      -29980.250   -29988.590        8.340   334.3      0.231     -1.173      0.820      0.175      0.488     -0.003
18.0000      -29980.510   -29989.172        8.662   347.2     -0.103     -0.594     -0.369     -0.184      0.111      0.004
18.0500      -29981.392   -29988.725        7.332   293.9     -0.971     -0.808      0.136     -0.530      0.603     -0.113
18.1000      -29981.717   -29989.908        8.192   328.4     -0.127     -1.487     -0.667      0.354      0.175      0.398
18.1500      -29981.566   -29989.758        8.191   328.4     -0.066     -0.337     -0.793      0.331      0.050      0.178
18.2000      -29981.844   -29989.709        7.865   315.3     -0.388      0.651      0.398      0.000     -0.554     -0.442
18.2500      -29982.591   -29990.055        7.464   299.2      0.477      0.847      0.074      0.890      0.366     -0.495
18.3000      -29982.118   -29989.699        7.582   303.9      0.306     -0.859     -0.830      0.579     -0.136      0.455
18.3500      -29982.073   -29989.648        7.576   303.7     -0.058     -1.151      0.659      0.291      0.077     -0.801
18.4000      -29982.111   -29989.217        7.106   284.9      0.128     -0.599     -0.456      0.615      0.786     -0.294
18.4500      -29982.372   -29990.070        7.698   308.6     -0.014      0.594     -0.453      0.103      0.045     -0.377
18.5000      -29982.338   -29990.107        7.769   311.4      0.519      0.548      0.397     -0.317      0.284     -0.048
18.5500      -29982.399   -29990.029        7.631   305.9     -0.732     -0.475     -0.220      0.238     -0.157      0.408
18.6000      -29982.057   -29989.664        7.607   304.9     -0.130     -0.527     -0.531     -0.000      0.295     -0.357
18.6500      -29982.038   -29989.295        7.257   290.9     -0.269     -0.033     -1.102      0.184      0.199     -0.269
18.7000      -29981.960   -29990.584        8.624   345.7     -0.956     -0.017     -0.482     -0.689      0.358      0.768
18.7500      -29981.570   -29989.967        8.397   336.6      0.335      0.099     -0.230      0.095      0.314     -0.384
18.8000      -29981.683   -29990.090        8.407   337.0     -0.263     -1.004     -0.717      0.071     -0.172      0.685
18.8500      -29982.064   -29989.207        7.143   286.3     -0.584     -0.037      0.118     -0.337     -0.062     -0.109
18.9000      -29982.063   -29990.607        8.545   342.5     -0.022     -0.955     -1.268      0.195     -0.696     -0.094
18.9500      -29982.274   -29989.834        7.560   303.1      0.208     -0.656      0.040     -0.251      0.328      0.322
19.0000      -29982.215   -29990.500        8.285   332.1     -0.550     -0.054     -0.023     -0.116      0.275     -0.167
19.0500      -29981.996   -29990.541        8.545   342.5     -0.034     -1.039      0.002      0.498      0.285     -0.261
19.1000      -29982.751   -29991.209        8.458   339.0      0.656      0.749      0.861     -0.528     -0.194      0.704
19.1500      -29982.570   -29989.959        7.389   296.2     -0.173      0.262      0.056      0.245      0.195     -0.425
19.2000      -29982.186   -29989.625        7.439   298.2      0.034      0.528     -0.222     -0.134     -0.051      0.072
19.2500      -29982.139   -29990.711        8.572   343.6     -0.175     -0.010      0.162     -0.076      0.633      0.353
19.3000      -29981.692   -29989.238        7.546   302.5     -0.061      0.207     -0.497      0.227     -0.416      0.403
19.3500      -29981.737   -29989.104        7.367   295.3     -0.035     -0.198     -0.588     -0.265      0.055     -0.550
19.4000      -29981.947   -29989.883        7.936   318.1     -0.657     -0.502     -0.428      0.437     -0.655      0.358
19.4500      -29981.747   -29989.934        8.186   328.2     -0.196      0.073     -0.415     -0.293      0.341     -0.813
19.5000      -29981.637   -29989.361        7.724   309.6     -0.775     -0.434      0.111      0.024     -0.168      0.075
19.5500      -29981.625   -29989.605        7.981   319.9      0.240      0.901     -0.037      0.093      0.095     -0.261
19.6000      -29981.464   -29988.945        7.481   299.9     -0.669     -0.383     -0.071     -0.149     -0.292      0.636
19.6500      -29982.269   -29989.568        7.299   292.6      0.596     -0.289      0.037      0.394      0.198     -0.435
19.7000      -29982.218   -29989.568        7.350   294.6     -0.083      0.205      0.118      0.433     -0.305     -0.599
19.7500      -29982.023   -29989.986        7.964   319.2      0.076      0.681     -0.070      0.386     -0.208      0.741
19.8000      -29982.052   -29989.646        7.594   304.4     -0.398     -0.194     -0.263     -0.009     -0.036     -0.076
19.8500      -29981.427   -29989.717        8.290   332.3     -0.840     -0.674     -0.639      0.218     -0.255      0.246
19.9000      -29981.819   -29989.102        7.282   291.9      0.677     -0.600      0.719     -0.028     -0.194      0.684
19.9500      -29980.890   -29989.953        9.063   363.3     -0.806     -0.095     -0.506     -0.190      0.143     -0.555
20.0000      -29980.780   -29988.580        7.800   312.7     -0.587     -0.722     -0.440     -0.768     -0.369     -0.027
20.0500      -29980.980   -29989.416        8.436   338.2     -0.641     -1.013     -0.492      0.110     -0.711     -0.272
20.1000      -29981.438   -29989.441        8.004   320.8     -0.487     -0.861     -0.695     -0.086      0.415      0.345
20.1500      -29981.118   -29989.391        8.273   331.6      0.482     -0.523     -0.807     -0.175     -0.319      0.301
20.2000      -29981.723   -29989.572        7.849   314.6     -0.467     -0.852     -0.235      0.032     -0.507     -0.126
20.2500      -29982.018   -29989.848        7.830   313.9     -0.313     -0.440     -0.537      0.370      0.509      0.089
20.3000      -29981.675   -29989.695        8.020   321.5     -0.592     -1.055     -0.310     -0.468      0.654     -0.021
20.3500      -29981.425   -29988.883        7.458   299.0     -0.064     -0.729      0.569     -0.628      0.043     -0.350
20.4000      -29981.233   -29988.701        7.468   299.3     -1.020     -0.823     -0.785     -0.397      0.328     -0.173
20.4500      -29981.424   -29989.254        7.830   313.9      0.365      0.213     -0.277      0.152      0.328     -0.196
20.5000      -29981.543   -29989.404        7.861   315.1     -0.071     -0.472     -0.277     -0.182      0.293     -0.460
20.5500      -29981.573   -29989.133        7.560   303.0      0.578      0.002     -0.244      0.219      0.530     -0.024
20.6000      -29981.118   -29989.150        8.032   322.0     -0.169      0.393     -0.331      0.226      0.290      0.147
20.6500      -29980.877   -29988.561        7.684   308.0     -0.357     -0.451     -0.184     -0.472     -0.454      0.029
20.7000      -29981.171   -29989.117        7.946   318.5     -0.673     -0.036     -0.560      0.387      0.012     -0.323
20.7500      -29980.904   -29989.750        8.846   354.6     -0.586     -0.929     -0.796     -0.111     -0.262      0.242
20.8000      -29981.144   -29989.275        8.131   325.9     -0.373     -0.297      0.236     -0.477     -0.236     -0.123
20.8500      -29981.426   -29988.957        7.531   301.9     -0.124      0.184      0.573     -0.108     -0.392      0.405
20.9000      -29981.146   -29989.291        8.145   326.5      0.205     -0.050      0.650     -0.197      0.183     -0.509
20.9500      -29981.315   -29988.715        7.400   296.6     -1.006     -0.090     -0.432      0.534      0.085     -0.417
21.0000      -29981.073   -29989.492        8.419   337.5     -1.039     -0.447     -0.922      0.166      0.053      0.136
21.0500      -29981.631   -29989.883        8.252   330.8     -0.189     -0.144      0.089     -0.526     -0.264     -0.009
21.1000      -29981.848   -29989.918        8.070   323.5     -0.102      0.063     -0.729     -0.056     -0.495      0.260
21.1500      -29981.268   -29989.707        8.439   338.3      0.051     -0.053     -0.080      0.684     -0.046     -0.384
21.2000      -29980.524   -29988.846        8.322   333.6      0.496      0.249     -1.018     -0.240      0.048      0.275
21.2500      -29980.623   -29989.301        8.678   347.8      0.758     -0.362      0.455      0.272      0.023      0.060
21.3000      -29980.852   -29988.973        8.120   325.5     -0.359      0.263     -0.912      0.194     -0.251     -0.300
21.3500      -29980.755   -29989.764        9.008   361.1     -0.794     -1.329      0.126      0.427     -0.318     -0.792
21.4000      -29980.453   -29988.561        8.108   325.0      0.010     -0.054     -0.459     -0.104      0.148      0.162
21.4500      -29980.744   -29988.586        7.842   314.3     -1.431     -0.030     -0.023      0.272      0.002     -0.235
21.5000      -29980.748   -29988.420        7.672   307.5      0.571     -0.676      0.397     -0.006      0.001      0.042
21.5500      -29980.626   -29988.648        8.022   321.6      0.169      0.819      0.022     -0.007      0.318     -0.148
21.6000      -29980.377   -29988.801        8.424   337.7     -0.394     -0.099      0.705     -0.709     -0.716     -0.509
21.6500      -29980.279   -29988.480        8.202   328.8      0.218      0.036     -0.918      0.576     -0.002     -0.045
21.7000      -29980.640   -29988.832        8.192   328.4     -0.100     -0.549      0.310     -0.357      0.279      0.673
21.7500      -29980.234   -29988.832        8.598   344.7      0.258     -0.104     -0.113     -0.548     -0.087     -0.516
21.8000      -29980.230   -29988.939        8.710   349.1     -0.000     -0.438     -0.240     -0.398      0.034      0.044
21.8500      -29980.061   -29988.271        8.211   329.1     -0.424      0.104     -1.060      0.290     -0.320      0.720
21.9000      -29979.795   -29988.744        8.949   358.7      0.912      0.116      0.006      0.509     -0.121     -0.364
21.9500      -29980.011   -29988.469        8.458   339.0      0.196      0.480      0.683     -0.073     -0.146      0.766
22.0000      -29979.737   -29988.465        8.728   349.8     -0.792     -0.263      0.263      0.418     -0.327     -0.370
22.0500      -29979.626   -29988.469        8.843   354.5      0.050      0.920     -0.327     -0.841      0.062     -0.048
22.1000      -29979.864   -29988.143        8.279   331.8     -0.336     -0.720     -0.028     -0.270      0.069      0.874
22.1500      -29980.031   -29987.969        7.938   318.2     -0.801      0.447      0.585     -0.191      0.021      0.102
22.2000      -29979.990   -29988.449        8.459   339.1     -0.190     -0.591     -0.597     -0.384     -0.133     -0.269
22.2500      -29979.700   -29988.352        8.652   346.8      0.007     -0.571      0.122     -0.125     -0.296      0.399
22.3000      -29979.660   -29987.736        8.077   323.8     -1.230     -0.216     -0.598     -0.122     -0.406     -0.537
22.3500      -29980.024   -29988.418        8.394   336.5      0.392      0.323     -0.411      0.747     -0.491     -0.038
22.4000      -29980.027   -29988.773        8.746   350.6     -0.791     -1.012      0.082     -0.473      0.021      0.006
22.4500      -29979.831   -29987.764        7.932   318.0     -0.392      1.203     -0.195     -0.167     -0.102      0.327
22.5000      -29980.429   -29988.508        8.079   323.9     -0.427      0.316     -0.402      0.174     -0.293      0.228
22.5500      -29980.295   -29988.551        8.256   330.9      0.096     -0.106     -0.628     -0.283      0.062     -0.195
22.6000      -29980.094   -29988.342        8.248   330.6     -0.712      0.085      0.083     -0.215      0.183     -0.033
22.6500      -29980.268   -29988.062        7.795   312.4      0.298     -0.212     -0.988      0.330      0.503     -0.533
22.7000      -29980.648   -29988.662        8.014   321.3     -0.956     -0.752      0.345     -0.133     -0.218      0.187
22.7500      -29980.968   -29988.594        7.625   305.7      0.239     -0.319     -0.586      0.426      0.500     -0.014
22.8000      -29981.453   -29989.607        8.154   326.9     -0.584     -0.022     -0.599     -0.265     -0.088      0.681
22.8500      -29981.383   -29988.213        6.829   273.8     -0.228     -0.158     -0.348      0.211     -0.082      0.178
22.9000      -29981.387   -29989.777        8.391   336.3      0.198     -1.819      0.012     -0.003     -0.050      0.132
22.9500      -29981.391   -29989.363        7.972   319.5     -0.438     -0.362     -0.284     -0.408     -0.348      0.068
23.0000      -29981.722   -29989.469        7.747   310.5      0.317     -0.921      0.191     -0.070      0.035     -0.059
23.0500      -29980.998   -29989.102        8.103   324.8     -0.277      1.080     -0.396     -0.497     -0.120     -0.030
23.1000      -29981.360   -29989.307        7.947   318.6      0.913      1.757     -0.380      0.330     -0.202     -0.170
23.1500      -29981.210   -29989.506        8.296   332.6     -0.806     -0.547     -0.017     -0.169      0.167     -0.339
23.2000      -29981.146   -29989.121        7.975   319.7     -0.705     -0.805     -0.932      0.028     -0.157      0.863
23.2500      -29981.455   -29990.152        8.698   348.6      0.180     -0.703     -0.817     -0.213      0.242      0.201
23.3000      -29981.599   -29989.721        8.122   325.6     -0.760     -0.866     -0.416      0.392      0.076      0.430
23.3500      -29981.829   -29989.395        7.565   303.2      0.295      0.592     -0.015      0.082      0.032      0.259
23.4000      -29981.173   -29989.385        8.212   329.2     -0.213      0.058     -0.809      0.575      0.461      0.219
23.4500      -29981.849   -29989.676        7.827   313.7     -0.347     -0.557     -0.200      0.358      0.222     -0.195
23.5000      -29981.348   -29990.578        9.230   370.0     -0.269     -0.082     -0.057     -0.328     -0.239      0.145
23.5500      -29980.788   -29988.812        8.025   321.7     -0.328     -0.140     -0.028     -0.875      0.110      0.871
23.6000      -29981.006   -29989.154        8.148   326.6      0.651     -0.212     -0.365      0.535     -0.096     -0.108
23.6500      -29980.894   -29988.840        7.946   318.5     -0.527     -0.319     -0.227     -0.621     -0.030     -0.332
23.7000      -29980.769   -29988.816        8.047   322.6     -0.264      0.470     -0.382      0.764      0.097      0.519
23.7500      -29981.078   -29989.412        8.334   334.1     -0.411     -0.266     -0.239     -0.006     -0.192      0.339
23.8000      -29981.415   -29989.104        7.688   308.2      0.600     -0.217      0.358     -0.075     -0.222     -0.010
23.8500      -29980.984   -29989.266        8.281   332.0      0.291     -0.633      0.398     -0.384      0.056     -0.263
23.9000      -29981.237   -29989.367        8.131   325.9      0.447     -0.095     -0.262     -0.101     -0.269      0.118
23.9500      -29981.344   -29989.691        8.347   334.6      0.175     -0.706     -0.789      0.415      0.011      0.266
24.0000      -29981.315   -29989.248        7.933   318.0      0.244     -0.719     -0.406     -0.104      0.094      0.502
24.0500      -29981.642   -29989.863        8.221   329.5      0.173     -0.171     -0.772      0.075     -0.455      0.290
24.1000      -29981.949   -29989.660        7.711   309.1      0.265     -0.633     -0.227     -0.601     -0.304      0.208
24.1500      -29982.111   -29989.482        7.371   295.5      0.141      0.206     -0.578     -0.263     -0.534     -0.356
24.2000      -29981.810   -29989.635        7.825   313.7      0.848     -0.502     -0.059      0.038     -0.086      0.469
24.2500      -29982.084   -29990.027        7.943   318.4      0.858      0.164      0.787     -0.457     -0.124      0.353
24.3000      -29982.194   -29989.924        7.730   309.8      0.278     -1.198     -0.868     -0.563      0.103      0.483
24.3500      -29981.983   -29989.787        7.805   312.8      0.078     -0.037     -0.139      0.303     -0.028     -0.295
24.4000      -29981.694   -29989.357        7.664   307.2     -0.004     -0.502     -0.245      0.579      0.022     -0.203
24.4500      -29982.170   -29989.557        7.386   296.1      0.308      0.858     -0.124     -0.001     -0.383      0.706
24.5000      -29982.329   -29990.523        8.194   328.5     -0.207     -0.642     -1.194      0.252      0.724      0.226
24.5500      -29982.913   -29990.375        7.462   299.1     -0.095     -0.648     -0.514     -0.820      0.037      0.115
24.6000      -29982.451   -29990.084        7.633   306.0     -0.098     -0.912     -0.744      0.038     -0.273     -0.312
24.6500      -29982.298   -29990.139        7.840   314.3     -0.029     -0.638     -0.431      0.110      0.117     -0.288
24.7000      -29982.041   -29990.404        8.364   335.2     -0.832     -0.231     -0.534      0.100     -0.282      0.299
24.7500      -29981.842   -29989.988        8.147   326.6     -0.076     -0.938     -1.076      0.172     -0.076      0.810
24.8000      -29981.496   -29989.121        7.625   305.7      0.066     -0.545      0.449      0.151      0.211      0.241
24.8500      -29981.602   -29989.309        7.707   308.9      0.042     -0.057     -0.494     -0.393     -0.122      0.256
24.9000      -29981.421   -29988.799        7.377   295.7      1.426      1.118     -0.245     -0.112     -0.840      0.100
24.9500      -29981.643   -29989.908        8.265   331.3      0.315      0.213      0.443      0.178      0.162      0.440
25.0000      -29981.684   -29989.361        7.677   307.7     -0.701     -0.289      0.416      0.253      0.354     -0.105
25.0500      -29982.022   -29989.258        7.236   290.1     -0.720      0.238      0.321      0.300      0.055      0.047
25.1000      -29981.445   -29989.340        7.895   316.5      0.045     -0.083     -0.994      0.273      0.285     -0.127
25.1500      -29981.383   -29989.391        8.008   321.0     -0.395     -1.238      0.063      0.415      0.219     -0.283
25.2000      -29981.896   -29989.568        7.673   307.6     -0.466     -0.347     -0.400      0.273      0.457      0.485
25.2500      -29981.855   -29989.678        7.823   313.6     -0.651     -0.900     -0.027     -0.132      0.075      0.192
25.3000      -29981.779   -29989.432        7.653   306.8     -0.070     -0.050     -0.646     -0.380     -0.015     -0.493
25.3500      -29981.820   -29989.855        8.036   322.1     -0.637     -0.248     -0.177     -0.087     -0.325     -0.512
25.4000      -29981.870   -29989.965        8.094   324.5     -0.353      0.473     -0.016     -0.330      0.176     -1.019
25.4500      -29982.334   -29989.828        7.494   300.4      0.922      0.139      0.104      0.199     -0.189      0.311
25.5000      -29981.858   -29989.609        7.752   310.7     -0.585     -0.415     -0.166      0.365     -0.122     -0.279
25.5500      -29981.376   -29989.852        8.476   339.8     -0.163     -0.894     -0.655      0.279      0.100      0.268
25.6000      -29981.365   -29989.580        8.215   329.3     -0.303      0.261     -0.589     -0.106     -0.563      0.006
25.6500      -29980.984   -29989.217        8.233   330.0     -1.530     -1.185     -0.486     -0.044     -0.148     -0.712
25.7000      -29980.371   -29988.166        7.795   312.4     -0.139     -0.298     -0.610      0.282     -0.036     -0.012
25.7500      -29980.149   -29988.516        8.367   335.4     -0.894      0.533      0.113     -0.246      0.594     -0.468
25.8000      -29980.221   -29989.320        9.099   364.7     -0.630     -0.034      0.291     -0.225      0.297      0.017
25.8500      -29980.442   -29988.764        8.322   333.6      0.359     -0.229     -0.253      0.131      0.074     -0.324
25.9000      -29980.464   -29988.326        7.862   315.2     -0.167     -0.004      0.124     -0.068     -0.563      0.112
25.9500      -29980.115   -29988.238        8.124   325.6     -0.702     -0.421      0.083      0.538     -0.205     -0.176
26.0000      -29980.060   -29988.006        7.946   318.5      0.503      0.321      1.003      0.098      0.573     -0.233
26.0500      -29980.205   -29988.723        8.518   341.4     -0.124     -0.634     -0.811      0.525     -0.237      0.359
26.1000      -29979.578   -29988.279        8.701   348.8     -0.122     -0.503     -0.160      0.307     -0.353      0.400
26.1500      -29979.489   -29988.643        9.154   366.9     -0.695     -0.529     -1.291     -0.315      0.131     -0.416
26.2000      -29979.429   -29988.238        8.809   353.1      0.237     -0.240     -0.215      0.180      0.473     -0.096
26.2500      -29979.330   -29988.102        8.771   351.6     -1.662     -0.819     -0.700     -0.381      0.359     -1.010
26.3000      -29979.292   -29988.762        9.470   379.6     -0.542      0.179     -0.298     -0.211      0.002     -0.088
26.3500      -29979.945   -29988.555        8.610   345.1      0.722     -0.076     -0.062      0.817     -0.421     -0.144
26.4000      -29980.173   -29988.926        8.753   350.8      0.194     -0.271     -0.690      0.189      0.284     -0.128
26.4500      -29980.278   -29988.844        8.565   343.3      0.215     -0.986     -0.296     -0.252     -0.061     -0.081
26.5000      -29980.741   -29988.980        8.239   330.3      0.322      0.588      0.475      0.169      0.484     -0.255
26.5500      -29980.671   -29988.451        7.780   311.9      0.470      0.089     -0.317     -0.663     -0.045      0.109
26.6000      -29981.082   -29988.883        7.801   312.7     -0.272     -0.756      0.688      0.369      0.037      0.074
26.6500      -29980.520   -29988.629        8.109   325.0     -0.255     -0.956     -0.235     -0.263     -0.423      0.226
26.7000      -29979.901   -29988.693        8.793   352.5      1.176     -1.086     -0.511      0.042      0.501     -0.391
26.7500      -29979.870   -29988.828        8.959   359.1      0.247      0.149      0.345      0.060     -0.103      0.152
26.8000      -29979.948   -29987.795        7.847   314.5      0.136      0.979      1.051     -0.008      0.432     -0.117
26.8500      -29979.383   -29988.348        8.965   359.3      0.105     -0.084      0.194      0.076     -0.227      0.366
26.9000      -29979.244   -29988.105        8.862   355.2      0.291     -0.005      0.344     -0.330     -0.016      0.482
26.9500      -29979.158   -29988.316        9.159   367.1     -0.504      0.185     -0.240      0.499      0.079     -0.151
27.0000      -29978.997   -29987.271        8.274   331.7      0.157     -0.144     -0.248     -0.441     -0.325     -0.082
27.0500      -29979.323   -29987.434        8.111   325.1     -0.325     -0.512     -0.596      0.074      0.460     -0.736
27.1000      -29979.379   -29987.922        8.543   342.4     -0.319      0.108      0.392      0.691     -0.286      0.650
27.1500      -29979.043   -29987.906        8.863   355.3      0.401      0.370      0.051      0.229      0.737     -0.660
27.2000      -29979.073   -29987.059        7.986   320.1     -0.873     -0.423      0.958      0.107     -0.502      0.674
27.2500      -29979.212   -29987.535        8.323   333.6     -0.178      0.910      0.487     -0.135      0.067      0.288
27.3000      -29979.545   -29987.896        8.351   334.8      0.856     -0.161      0.416     -0.634      0.316     -0.642
27.3500      -29979.300   -29987.584        8.284   332.0      0.157     -0.283      0.202      0.716      0.366      0.071
27.4000      -29979.186   -29988.520        9.333   374.1     -0.021      0.024      0.572     -0.130      0.292     -0.087
27.4500      -29979.721   -29988.352        8.631   346.0     -0.044     -1.042     -1.002      0.173      0.691      0.020
27.5000      -29979.402   -29988.297        8.894   356.5     -0.318      0.301     -0.408      0.006      0.389     -0.533
27.5500      -29979.421   -29988.273        8.853   354.9      0.207      0.554     -0.171      0.026     -0.053     -0.298
27.6000      -29978.874   -29987.406        8.533   342.0      0.716     -0.563     -0.135     -0.178      0.461      0.777
27.6500      -29978.455   -29987.469        9.014   361.3      0.240      0.418     -0.222      0.320     -0.508      0.115
27.7000      -29978.820   -29987.477        8.657   347.0     -1.151      0.165      0.286      0.265     -0.402     -0.393
27.7500      -29979.046   -29987.154        8.108   325.0      0.881     -0.930     -1.657      0.369      0.345      0.625
27.8000      -29978.755   -29987.383        8.628   345.9     -1.124     -0.736     -0.626      0.009     -0.005      0.144
27.8500      -29979.431   -29988.607        9.177   367.8      0.705     -0.395     -0.653     -0.049      0.538     -0.133
27.9000      -29979.753   -29988.342        8.589   344.3     -0.304      0.118      1.189     -0.122      0.134      0.205
27.9500      -29980.107   -29988.074        7.967   319.3      0.822     -1.053     -0.525      0.606      0.000      0.000
28.0000      -29979.872   -29988.619        8.747   350.6     -2.035      0.590     -0.084     -0.561      0.343      0.162
28.0500      -29979.551   -29987.561        8.010   321.1      0.598      0.330      1.142      0.389     -0.681      0.409
28.1000      -29979.374   -29987.863        8.490   340.3      0.422     -0.417      0.288      0.030      0.430     -0.206
28.1500      -29979.579   -29988.264        8.684   348.1      0.384      0.188      0.497      0.368     -0.241      0.589
28.2000      -29979.643   -29988.066        8.424   337.7     -0.359     -0.115      0.027     -0.519      0.311     -0.268
28.2500      -29980.041   -29987.453        7.412   297.1      0.251     -0.245     -0.571     -0.270     -0.101     -0.056
28.3000      -29979.930   -29988.062        8.132   326.0      0.659      0.424      0.318     -0.128     -0.784     -0.086
28.3500      -29979.624   -29987.941        8.317   333.4      0.288     -0.370     -0.512      0.601      0.158      0.055
28.4000      -29980.350   -29988.453        8.103   324.8      0.144     -0.571     -1.035     -0.784     -0.212      0.167
28.4500      -29979.885   -29988.252        8.366   335.4     -0.481     -0.702     -0.423      0.139     -0.162     -0.269
28.5000      -29980.406   -29988.240        7.834   314.0      0.603     -0.679     -0.351      0.031      0.187      0.341
28.5500      -29980.664   -29988.625        7.961   319.1     -1.341     -0.363     -0.361      0.162      0.025      0.296
28.6000      -29980.705   -29988.707        8.002   320.8      0.265     -0.300      0.698     -0.178     -0.549     -0.037
28.6500      -29980.920   -29988.973        8.053   322.8     -0.959     -0.645     -0.298     -0.311     -0.567      0.071
28.7000      -29980.773   -29988.891        8.118   325.4     -0.963     -0.371     -0.706     -0.080      0.174      0.285
28.7500      -29980.200   -29989.082        8.882   356.0     -0.606     -1.008      0.339      0.269     -0.398      0.121
28.8000      -29980.736   -29989.051        8.315   333.3      0.270     -0.082     -0.715      0.719     -0.298      0.083
28.8500      -29980.916   -29989.336        8.420   337.5     -0.346      0.436      0.749     -0.452      0.580      0.166
28.9000      -29981.290   -29989.098        7.807   312.9     -0.175      0.499      0.564     -0.711      0.205     -0.184
28.9500      -29981.669   -29989.699        8.030   321.9      0.151      0.680      0.000      0.786      0.248      0.075
29.0000      -29981.140   -29989.754        8.614   345.3     -0.609     -0.317     -0.321     -0.584      0.149     -0.239
29.0500      -29981.116   -29989.102        7.985   320.1     -0.456      0.571     -0.631     -0.302     -0.183     -0.491
29.1000      -29981.920   -29989.561        7.641   306.3     -0.751     -0.086     -0.406     -0.042      0.022      0.318
29.1500      -29982.372   -29989.832        7.460   299.0     -0.387     -0.035     -0.623      0.730     -0.117     -0.193
29.2000      -29982.256   -29989.039        6.783   271.9     -0.401     -0.486      0.202     -0.884     -0.029     -0.082
29.2500      -29982.243   -29989.609        7.366   295.3     -0.374     -0.162     -0.841     -0.252     -0.118     -0.246
29.3000      -29982.286   -29989.869        7.583   304.0     -0.539      0.136      0.053      0.237      0.492      0.417
29.3500      -29982.092   -29989.898        7.806   312.9     -0.103      0.591     -0.802     -0.258     -0.381      0.278
29.4000      -29981.868   -29990.023        8.156   326.9      0.370      0.068      0.257      0.418      0.728      0.230
29.4500      -29981.871   -29990.283        8.412   337.2     -0.071      0.597     -0.509      0.463      0.171     -0.136
29.5000      -29981.881   -29989.852        7.971   319.5     -1.232     -0.139     -0.213      0.086      0.469      0.658
29.5500      -29981.848   -29990.428        8.580   343.9      0.052     -0.893     -0.852      0.443     -0.292     -0.208
29.6000      -29981.978   -29990.652        8.675   347.7      0.762     -0.189     -0.348     -0.597     -0.295     -0.209
29.6500      -29981.980   -29989.984        8.005   320.9     -0.173     -0.740     -0.478     -0.069      0.295      0.112
29.7000      -29982.035   -29990.324        8.289   332.3      0.142     -0.605     -0.265     -0.322     -0.167     -0.129
29.7500      -29981.773   -29989.219        7.446   298.5     -1.341     -0.990     -0.221     -0.291      0.417     -0.424
29.8000      -29981.742   -29989.363        7.621   305.5      0.034     -0.893      0.172      0.176      0.125     -0.433
29.8500      -29981.309   -29989.266        7.956   318.9      0.794     -0.152      0.049     -0.674      0.178      0.613
29.9000      -29981.470   -29989.355        7.886   316.1     -0.285      0.378      0.347      0.365     -0.168      0.603
29.9500      -29981.420   -29989.943        8.523   341.6      0.752     -0.068     -0.419     -0.121      0.565      0.058
30.0000      -29981.629   -29989.631        8.001   320.7      0.448     -0.703      0.510     -0.191      0.132     -0.098
30.0500      -29981.983   -29990.377        8.394   336.5     -0.748      0.030      0.316      0.632      0.051      0.328
30.1000      -29981.836   -29989.969        8.132   326.0      0.289     -0.734     -0.278     -0.319      0.569     -0.430
30.1500      -29981.804   -29989.814        8.011   321.1      0.082      0.036      0.191      0.237     -0.321      0.440
30.2000      -29981.836   -29990.014        8.178   327.8      0.068      0.441     -0.485     -0.728      0.183     -0.192
30.2500      -29981.748   -29989.471        7.723   309.6     -0.658     -0.061     -0.469     -0.269     -0.225     -0.056
30.3000      -29981.448   -29989.639        8.191   328.3     -0.267     -0.526     -0.340      0.287      0.207     -0.204
30.3500      -29981.979   -29989.568        7.589   304.2     -0.282     -0.718     -0.763     -0.534     -0.014     -0.271
30.4000      -29981.396   -29989.998        8.602   344.8     -0.584      0.801     -0.337      0.301      0.069      0.821
30.4500      -29981.684   -29989.922        8.238   330.2     -0.830     -0.418     -1.156      0.825     -0.437      0.600
30.5000      -29981.631   -29990.109        8.479   339.9      0.063     -0.714     -0.501     -0.373      0.168      0.181
30.5500      -29981.788   -29989.570        7.783   312.0     -0.584     -0.982     -0.004      0.063     -0.182      0.392
30.6000      -29982.188   -29990.059        7.871   315.5     -0.078     -0.317     -0.133     -0.524      0.012     -0.441
30.6500      -29982.747   -29990.434        7.686   308.1      0.310      0.613      0.904      0.530     -0.029      0.131
30.7000      -29981.950   -29990.303        8.353   334.8      0.017      0.223      0.067     -0.272      0.119      0.432
30.7500      -29981.982   -29990.486        8.505   340.9      0.133     -0.212     -0.129      0.017     -0.035      0.572
30.8000      -29981.633   -29989.453        7.820   313.5     -0.688      0.376      0.345      0.148     -0.259      0.145
30.8500      -29981.649   -29989.580        7.931   317.9      0.210     -0.301     -0.371     -0.314      0.025     -0.212
30.9000      -29981.591   -29989.682        8.091   324.3      0.105      0.587     -0.609     -0.240      0.010     -0.454
30.9500      -29981.607   -29989.859        8.252   330.8      0.669     -0.417      0.206     -0.496     -0.335     -0.195
31.0000      -29981.755   -29989.264        7.509   301.0      0.012     -0.111     -0.879     -0.009     -0.122     -0.121
31.0500      -29981.513   -29989.863        8.350   334.7     -0.699     -0.099     -0.608      0.203      0.144     -0.022
31.1000      -29981.173   -29989.035        7.862   315.2      0.569     -0.328     -0.970      0.075      0.069     -0.281
31.1500      -29981.689   -29989.609        7.920   317.5      0.191     -0.083      0.060      0.177      0.202      0.095
31.2000      -29981.814   -29989.064        7.250   290.6      0.046      0.151      0.246     -0.811     -0.201      0.568
31.2500      -29981.658   -29989.094        7.435   298.0      0.497      0.015     -0.310      0.470      0.384     -0.782
31.3000      -29981.539   -29989.240        7.702   308.7      0.241     -0.363     -0.559      1.164     -0.140      0.085
31.3500      -29981.477   -29989.260        7.783   312.0     -0.203     -1.621     -0.836     -0.427      0.208     -0.450
31.4000      -29981.229   -29988.982        7.754   310.8     -0.794     -0.152     -0.634      0.586      0.149     -0.180
31.4500      -29980.746   -29988.969        8.223   329.6      0.918      0.001      0.272     -0.105     -0.451      0.349
31.5000      -29980.346   -29989.387        9.041   362.4     -0.440     -0.780      0.645      0.169      0.451     -0.422
31.5500      -29980.830   -29989.217        8.386   336.2     -0.795     -0.470      0.080      0.083     -0.247      0.765
31.6000      -29980.587   -29989.357        8.770   351.5     -1.175     -0.873     -1.011     -0.059     -0.150     -0.076
31.6500      -29979.899   -29988.592        8.693   348.5     -0.088     -0.389     -0.220      0.216      0.273      0.042
31.7000      -29979.997   -29989.074        9.077   363.8     -1.697     -0.257      0.294     -0.574     -0.107     -0.102
31.7500      -29979.856   -29989.408        9.552   382.9      0.009      0.215     -0.548      0.587     -0.203     -0.565
31.8000      -29979.963   -29989.266        9.302   372.9     -0.248     -0.334     -0.033     -0.019     -0.229      0.155
31.8500      -29980.443   -29988.725        8.281   332.0      0.296      0.881      0.491     -0.272      0.679     -0.179
31.9000      -29980.751   -29988.727        7.976   319.7     -0.050     -0.699      0.514     -0.338      0.426      0.209
31.9500      -29980.812   -29988.762        7.949   318.6     -0.064      0.319      0.888      0.135     -0.144     -0.024
32.0000      -29980.465   -29989.186        8.721   349.6     -0.497      0.218     -0.380     -0.119     -0.296      0.028
32.0500      -29980.218   -29989.352        9.134   366.1      0.071     -0.137      0.563     -0.458      0.168     -0.040
32.1000      -29980.830   -29989.102        8.272   331.6      0.053      0.877      0.510      0.660     -0.489      0.332
32.1500      -29980.645   -29989.443        8.799   352.7      0.600      0.182      0.067     -0.076      0.188      0.370
32.2000      -29980.556   -29989.012        8.456   339.0     -0.263      0.001      0.713      0.172     -0.389     -0.340
32.2500      -29980.331   -29988.100        7.769   311.4      0.155      0.038     -0.271      0.074      0.249      0.395
32.3000      -29979.841   -29988.090        8.249   330.7      0.101     -0.138      0.247      0.047      0.278     -0.527
32.3500      -29980.361   -29988.982        8.622   345.6      0.483      0.622      0.083     -0.246     -0.383      0.005
32.4000      -29979.884   -29989.076        9.192   368.5     -0.522     -0.411     -0.511      0.020      0.665      0.026
32.4500      -29979.826   -29988.596        8.769   351.5      0.296      0.743      0.228     -0.108     -0.167     -0.013
32.5000      -29979.347   -29987.861        8.514   341.3     -0.137      0.239      0.797      0.038      0.445      0.174
32.5500      -29979.032   -29988.789        9.757   391.1      0.659     -0.594      0.427      0.302     -0.062     -0.073
32.6000      -29979.079   -29987.992        8.913   357.3     -0.153      0.662     -0.294     -0.150     -1.094      0.200
32.6500      -29979.899   -29988.348        8.448   338.6     -0.405     -0.270     -0.077     -0.549      0.255     -0.493
32.7000      -29979.700   -29988.270        8.569   343.5      0.077      0.389     -0.179      0.309     -0.257     -0.103
32.7500      -29980.439   -29988.984        8.545   342.5     -0.413      0.647      0.810      0.241      0.114     -0.044
32.8000      -29980.247   -29989.045        8.797   352.6      0.945      0.357      0.405      0.130      0.242      0.221
32.8500      -29980.246   -29989.043        8.797   352.6     -0.271     -0.551     -0.150      0.362     -0.259     -0.390
32.9000      -29980.357   -29989.188        8.831   354.0      0.323      0.456      0.324     -0.028     -0.371      0.308
32.9500      -29980.418   -29988.578        8.160   327.1     -0.017     -0.093      0.167     -0.043     -0.653      0.083
33.0000      -29980.138   -29988.932        8.794   352.5     -0.350     -0.051     -0.986     -0.152     -0.416      0.329
33.0500      -29980.246   -29988.922        8.676   347.8     -0.322     -0.646     -0.134     -0.148      0.094      0.194
33.1000      -29979.996   -29988.777        8.781   352.0     -0.207     -1.141      0.176      0.017     -0.302      0.201
33.1500      -29980.431   -29988.688        8.257   331.0     -0.392     -1.201     -0.508      0.032      0.197      0.000
33.2000      -29980.494   -29989.627        9.133   366.1     -0.164     -0.333     -1.096     -0.264     -0.217     -0.101
33.2500      -29980.747   -29989.322        8.576   343.8     -0.306      0.554     -0.437      0.282     -0.236     -0.108
33.3000      -29980.705   -29989.885        9.180   368.0      0.813      0.192      0.484     -0.073     -0.002     -0.295
33.3500      -29980.418   -29988.674        8.256   331.0      0.414      0.753     -0.892     -0.049     -0.402     -0.344
33.4000      -29980.748   -29988.615        7.867   315.3      0.522      0.253      0.754      0.119      0.306      0.238
33.4500      -29980.079   -29988.506        8.427   337.8      0.479      0.589     -0.192     -0.267     -0.042     -0.080
33.5000      -29980.098   -29987.809        7.711   309.1     -0.569     -0.473     -0.512      0.273      0.111      0.274
33.5500      -29980.127   -29988.383        8.256   330.9     -0.207     -0.926     -0.668     -0.552     -0.236      0.267
33.6000      -29980.021   -29988.721        8.700   348.7     -0.207     -0.292     -0.600     -0.032     -0.382     -0.027
33.6500      -29979.644   -29988.414        8.770   351.5     -0.591     -0.247     -1.251     -0.168     -0.106     -0.019
33.7000      -29980.014   -29988.744        8.730   350.0      0.156      0.305      0.119     -0.192     -0.162     -0.256
33.7500      -29980.283   -29988.484        8.201   328.7      0.470      1.052     -0.002      0.301     -0.561      0.310
33.8000      -29980.034   -29988.652        8.618   345.5     -0.672     -0.910      0.065      0.280      0.462      0.068
33.8500      -29979.809   -29988.316        8.508   341.0     -1.059     -1.199     -0.324      0.146     -0.001      0.424
33.9000      -29980.210   -29988.873        8.663   347.3     -0.071      0.158     -0.401     -0.130      0.209      0.521
33.9500      -29980.355   -29989.684        9.329   373.9     -1.328     -0.865      0.238     -0.101     -0.149      0.241
34.0000      -29980.286   -29989.432        9.146   366.6     -0.289      0.237     -0.299      0.036      0.250     -0.141
34.0500      -29980.020   -29989.221        9.201   368.8     -0.460     -0.698      0.498      0.404      0.221     -0.328
34.1000      -29980.333   -29988.375        8.042   322.4     -0.756     -0.672      0.413     -0.005      0.170     -0.486
34.1500      -29980.207   -29989.311        9.104   364.9      0.434      0.131     -0.576     -0.075     -0.457      0.084
34.2000      -29980.520   -29989.578        9.058   363.1     -0.287      1.099      0.412     -0.088      0.276      0.341
34.2500      -29980.094   -29989.037        8.943   358.5     -0.645     -0.073     -0.771      0.451      0.039     -0.022
34.3000      -29979.881   -29988.824        8.944   358.5     -0.775     -0.697      0.348     -0.135      0.382     -0.029
34.3500      -29980.006   -29988.375        8.369   335.5     -0.074      1.113      0.275     -0.189     -0.008      0.119
34.4000      -29980.252   -29988.658        8.406   337.0      1.128      0.298      0.085      0.026     -0.246      0.019
34.4500      -29980.371   -29989.018        8.646   346.6     -0.918     -0.441      0.213     -0.158     -0.147      0.781
34.5000      -29980.504   -29988.773        8.269   331.5     -0.057     -0.406     -0.417     -0.610     -0.312     -0.040
34.5500      -29980.867   -29989.082        8.215   329.3     -1.154     -0.707     -0.048      0.045      0.257      0.104
34.6000      -29980.864   -29988.898        8.034   322.0     -0.723     -1.313      0.560      0.041      0.380     -0.370
34.6500      -29980.785   -29989.229        8.444   338.5     -0.408     -0.736     -0.257     -0.310     -0.210      0.124
34.7000      -29980.011   -29988.186        8.174   327.7     -0.827     -0.035     -1.177     -0.402     -0.247     -0.317
34.7500      -29980.295   -29989.332        9.038   362.3     -0.518     -0.271      0.091     -0.408     -0.501      0.205
34.8000      -29980.828   -29989.178        8.349   334.7     -1.846     -0.277     -0.139     -0.047      0.309     -0.334
34.8500      -29980.264   -29989.188        8.923   357.7      0.143      0.270     -0.208     -0.004      0.245     -0.034
34.9000      -29980.343   -29988.361        8.019   321.4     -0.854     -0.871     -0.938     -0.035     -0.056      0.193
34.9500      -29980.269   -29988.580        8.311   333.1      0.596      0.654      0.845      0.283     -0.503     -0.315
35.0000      -29980.258   -29988.031        7.773   311.6     -0.152     -0.324     -0.071      0.696      0.151     -0.029
35.0500      -29980.251   -29987.998        7.747   310.6     -0.292      0.206     -0.479     -0.702      0.063      0.293
35.1000      -29980.647   -29988.500        7.853   314.8      0.529      0.473     -0.357      0.303     -0.244     -0.072
35.1500      -29980.395   -29988.182        7.787   312.1     -0.055     -1.242     -1.024     -0.094      0.121      0.084
35.2000      -29980.053   -29987.908        7.856   314.9     -0.496      0.431      0.099     -0.624     -0.077     -0.341
35.2500      -29980.728   -29988.725        7.997   320.6     -0.670      0.016     -0.377      0.375     -0.093      0.088
35.3000      -29980.364   -29988.473        8.109   325.0      0.454      0.063      0.819      0.206      0.496     -0.146
35.3500      -29980.021   -29987.865        7.844   314.4     -0.431      0.145      0.407     -0.247     -0.063      0.248
35.4000      -29980.453   -29989.018        8.564   343.3      0.165     -0.105     -0.019     -0.001      0.496      0.230
35.4500      -29980.211   -29988.158        7.947   318.5      0.119      0.379      1.428      0.151     -0.092      0.330
35.5000      -29980.279   -29988.633        8.354   334.9     -0.272     -1.030     -0.266      0.363      0.535      0.036
35.5500      -29979.920   -29988.684        8.763   351.3     -0.030     -0.410      0.177      0.338     -0.032      0.557
35.6000      -29980.594   -29988.496        7.902   316.8     -0.182     -0.981     -0.148     -0.055     -0.249     -0.184
35.6500      -29980.566   -29988.627        8.061   323.1      0.120      0.435      0.212      0.094     -0.561      0.385
35.7000      -29980.249   -29988.447        8.198   328.6      0.739     -0.343     -0.116     -0.327      0.054     -0.520
35.7500      -29979.707   -29988.340        8.633   346.1     -0.053     -1.212      0.124     -0.047     -0.170      0.408
35.8000      -29980.120   -29989.129        9.009   361.1      0.553      0.453     -0.239     -0.805     -0.117      0.204
35.8500      -29980.199   -29988.518        8.318   333.4     -0.060     -0.660      0.575     -0.100      0.267     -0.266
35.9000      -29980.418   -29988.803        8.385   336.1     -0.498     -0.423     -0.231     -0.337     -0.241      0.188
35.9500      -29980.493   -29988.545        8.052   322.7      0.109      0.230     -0.438     -0.242      0.078      0.027
36.0000      -29980.307   -29988.680        8.373   335.6     -0.777      0.494     -1.312     -0.497      0.246     -0.345
36.0500      -29980.251   -29989.107        8.857   355.0      0.934      0.033      0.418     -0.169      0.043      0.432
36.1000      -29980.472   -29988.975        8.503   340.8     -0.710      0.227      0.165      0.136      0.150     -0.069
36.1500      -29980.192   -29988.725        8.533   342.0      0.839      0.577      0.558      0.116     -0.576     -0.179
36.2000      -29980.281   -29988.318        8.038   322.2      0.257      0.254      0.435     -0.309     -0.373     -0.207
36.2500      -29980.584   -29988.350        7.766   311.3     -0.973     -1.042      0.098     -0.559      0.104      0.190
36.3000      -29980.906   -29988.883        7.977   319.8      0.456      0.812      0.256      0.654     -0.517      0.378
36.3500      -29980.719   -29988.965        8.246   330.5      0.102     -0.194     -0.544     -0.107      0.283     -0.578
36.4000      -29980.631   -29988.711        8.080   323.9      0.459     -0.296      0.290     -0.414      0.391      0.652
36.4500      -29980.546   -29988.766        8.220   329.5      0.010      0.014      0.046      0.011     -0.146      0.093
36.5000      -29980.768   -29988.920        8.152   326.8     -0.468     -0.176     -0.944      0.304     -0.356      0.041
36.5500      -29980.977   -29988.363        7.386   296.1      0.076      0.771     -0.516      0.154     -0.311      0.058
36.6000      -29980.761   -29988.617        7.856   314.9      0.355     -1.061     -0.402     -0.002      0.329     -0.154
36.6500      -29980.946   -29989.000        8.054   322.8      0.161     -0.444      0.010     -0.036     -0.389      0.127
36.7000      -29981.381   -29988.531        7.150   286.6     -0.203     -0.574     -0.858     -0.585     -0.061     -0.207
36.7500      -29981.726   -29989.283        7.557   302.9     -0.355     -0.918     -0.214      0.204      0.089     -0.488
36.8000      -29981.287   -29989.740        8.453   338.8     -0.281     -0.380      0.583     -0.190     -0.012     -0.570
36.8500      -29981.303   -29989.160        7.857   314.9     -0.405      0.181     -0.717     -0.004      0.300      0.186
36.9000      -29981.060   -29988.613        7.554   302.8     -0.219      0.018      0.535      0.167     -0.086     -0.747
36.9500      -29980.856   -29989.199        8.343   334.4     -0.026      0.456     -0.149      0.208     -0.272      0.479
37.0000      -29980.230   -29988.549        8.318   333.4     -0.101     -0.741     -0.584     -0.136      0.864     -0.107
37.0500      -29980.681   -29988.496        7.815   313.3     -1.332     -1.088     -0.709     -0.184     -0.640      0.034
37.1000      -29980.732   -29988.715        7.983   320.0      0.088     -1.028      0.418      0.405     -0.624      0.032
37.1500      -29980.104   -29987.465        7.361   295.1     -0.675     -0.822     -0.238      0.412     -0.091     -0.005
37.2000      -29979.790   -29988.062        8.272   331.6     -0.688     -1.093     -0.353     -0.601      0.026      0.208
37.2500      -29979.464   -29987.594        8.130   325.9     -0.333     -0.451     -0.331      0.406      0.081      0.066
37.3000      -29979.291   -29988.008        8.717   349.4     -0.164     -0.138     -0.750      0.269      0.686      0.209
37.3500      -29979.232   -29987.930        8.698   348.7     -0.275     -0.707     -0.350      0.111     -0.315      0.083
37.4000      -29979.821   -29988.490        8.669   347.5     -0.091     -0.352     -0.017     -0.049     -0.192      0.163
37.4500      -29979.839   -29988.227        8.387   336.2     -0.655     -0.173     -0.538      0.082      0.204      0.376
37.5000      -29979.987   -29988.127        8.140   326.3      0.488      0.255     -0.413      0.335      0.604     -0.080
37.5500      -29979.955   -29988.656        8.702   348.8      0.095      0.047      0.112     -0.246     -0.640     -0.036
37.6000      -29980.668   -29989.061        8.392   336.4     -0.124      0.022      0.097     -0.626      0.407     -0.035
37.6500      -29980.834   -29988.484        7.650   306.7      0.474      1.308      0.159      0.067      0.414     -0.235
37.7000      -29980.663   -29988.359        7.696   308.5     -0.193     -0.780     -0.647      0.618      0.027      0.243
37.7500      -29980.617   -29988.857        8.241   330.3      0.007     -0.347      0.171      0.088     -0.189      0.034
37.8000      -29980.791   -29988.934        8.143   326.4     -0.811     -0.491     -0.415     -0.223      0.332      0.041
37.8500      -29980.662   -29989.195        8.534   342.1      0.405     -0.302     -0.095     -0.376     -0.414     -0.278
37.9000      -29980.380   -29988.949        8.569   343.5     -0.599     -0.309     -0.400      0.141      0.160      0.838
37.9500      -29980.473   -29988.322        7.849   314.6      0.156     -0.129      0.263      0.477      0.014      0.368
38.0000      -29981.014   -29988.482        7.469   299.4     -0.636     -1.241     -0.499      0.386      0.239      0.180
38.0500      -29981.256   -29988.271        7.015   281.2      0.760      1.138      0.370     -0.374      0.625     -0.061
38.1000      -29980.966   -29988.383        7.417   297.3     -1.317      0.248     -0.114      0.463     -0.239     -0.108
38.1500      -29980.260   -29988.352        8.092   324.4      0.615      0.454      0.392     -0.884      0.074     -0.077
38.2000      -29980.512   -29989.248        8.736   350.2     -0.257     -0.189     -0.649      0.035     -0.855      0.110
38.2500      -29979.980   -29989.062        9.083   364.1      0.400      0.085      0.687     -0.284      0.185     -0.054
38.3000      -29980.288   -29988.740        8.452   338.8     -0.350     -0.832     -1.586     -0.412     -0.003      0.173
38.3500      -29980.300   -29988.547        8.246   330.6     -0.425      0.707     -0.795      0.015      0.042     -0.362
38.4000      -29979.577   -29988.189        8.612   345.2     -0.146      0.264      0.069     -0.351     -0.336     -0.318
38.4500      -29979.898   -29987.816        7.919   317.4      1.121      0.799      0.036     -0.219      0.472      0.550
38.5000      -29979.606   -29987.541        7.935   318.1      0.890     -0.030      0.960      0.591     -0.046      0.636
38.5500      -29979.851   -29988.145        8.294   332.4     -0.195     -0.212     -0.754     -0.303     -0.379     -0.553
38.6000      -29979.254   -29987.609        8.356   334.9      0.673      0.031      0.191     -0.087      0.348      0.330
38.6500      -29979.307   -29988.334        9.027   361.8      0.094     -0.096      0.262     -0.211      0.020     -0.525
38.7000      -29978.587   -29987.861        9.274   371.7      0.375      0.611      0.132      0.063      0.159      0.068
38.7500      -29978.981   -29988.828        9.847   394.7      0.730      0.345      0.404     -0.507     -0.425     -0.009
38.8000      -29979.176   -29988.035        8.859   355.1     -0.842     -1.853     -0.314     -0.580     -0.098     -0.146
38.8500      -29979.071   -29987.541        8.470   339.5      0.339     -0.628     -0.517     -0.234      0.214      0.383
38.9000      -29979.587   -29988.195        8.608   345.1     -0.235      0.626      0.804      0.071     -0.385     -0.396
38.9500      -29979.722   -29987.756        8.034   322.0      0.453     -0.316      0.164     -0.164     -0.285      0.083
39.0000      -29979.574   -29988.332        8.758   351.1     -0.121      0.525      0.763     -0.331     -0.205     -0.345
39.0500      -29979.946   -29988.092        8.146   326.5      0.528     -0.245      0.329      0.193     -0.375     -1.030
39.1000      -29979.509   -29987.873        8.364   335.3     -0.079     -0.813      0.029      0.224      0.375      0.372
39.1500      -29979.491   -29987.580        8.089   324.3     -1.009     -0.153     -0.697     -0.079      0.198      0.336
39.2000      -29979.321   -29987.789        8.468   339.4     -0.728     -0.581     -1.208     -0.463     -0.230      0.105
39.2500      -29979.238   -29987.830        8.592   344.4     -0.941     -1.017      0.301     -0.034     -0.078     -0.413
39.3000      -29979.649   -29988.006        8.357   335.0     -0.900      0.069     -0.453     -0.064      0.407      0.160
39.3500      -29979.271   -29987.648        8.378   335.8     -0.849     -0.841     -0.438     -0.588     -0.015      0.030
39.4000      -29979.352   -29988.094        8.742   350.4     -0.274     -0.439     -0.408      0.369      0.519     -0.014
39.4500      -29979.930   -29988.328        8.398   336.6     -0.252     -0.039      0.242     -0.090     -0.189     -0.214
39.5000      -29979.981   -29988.367        8.386   336.2     -0.478     -0.805     -0.704      0.004     -0.035      0.125
39.5500      -29979.945   -29988.734        8.789   352.3     -0.390     -0.198     -0.472     -0.499      0.072      0.035
39.6000      -29979.853   -29987.877        8.024   321.6     -0.511     -0.467      0.506      0.831     -0.693      0.254
39.6500      -29980.384   -29988.482        8.099   324.6     -0.319     -0.463      0.339     -0.194     -0.335      0.066
39.7000      -29980.741   -29988.543        7.802   312.7      0.061     -0.832     -0.229     -0.153      0.208     -0.180
39.7500      -29981.103   -29989.369        8.266   331.3     -0.449      0.382      0.700     -0.206      0.138     -0.889
39.8000      -29981.294   -29989.580        8.286   332.2     -1.212     -0.220     -0.540      0.396     -0.161     -0.113
39.8500      -29981.520   -29989.230        7.710   309.1      0.776     -0.016     -0.317     -0.112     -0.056     -0.487
39.9000      -29981.723   -29989.271        7.548   302.6      0.347      0.365      0.596      0.382      0.049      0.255
39.9500      -29981.622   -29988.721        7.098   284.5      0.424      0.149      0.617     -0.008      0.405     -0.191
40.0000      -29981.074   -29989.062        7.989   320.2     -0.763      0.850      0.571      0.113     -0.485     -0.623
40.0500      -29981.167   -29989.287        8.120   325.5      0.406      0.805      0.165     -0.080      1.097     -0.365
40.1000      -29980.834   -29989.195        8.361   335.1     -0.695     -0.301      0.806     -0.430     -0.026     -0.063
40.1500      -29980.704   -29988.408        7.704   308.8      0.500     -0.051     -1.192      0.616      1.067     -0.140
40.2000      -29980.748   -29989.139        8.391   336.3      0.594     -0.409     -0.121     -0.538      0.253      0.123
40.2500      -29980.293   -29988.715        8.422   337.6      0.951      0.426      1.967     -0.053      0.054     -0.486
40.3000      -29980.177   -29988.639        8.462   339.2      0.007     -0.472     -0.408     -0.292      0.169     -0.449
40.3500      -29980.931   -29989.418        8.487   340.2      0.060     -0.393     -0.357      0.134     -0.305     -0.062
40.4000      -29981.092   -29988.902        7.811   313.1     -0.433     -0.232     -0.555      0.224      0.020     -0.557
40.4500      -29980.767   -29988.533        7.766   311.3     -0.366     -0.772      0.325     -0.141      0.225      0.559
40.5000      -29981.163   -29988.988        7.826   313.7      0.088      0.147      0.026     -0.512     -0.014     -0.582
40.5500      -29981.320   -29988.633        7.313   293.1      0.791      0.392     -0.330      0.019      0.367     -0.028
40.6000      -29980.889   -29989.016        8.127   325.8      0.317     -0.143      1.187      0.011      0.104      0.081
40.6500      -29981.264   -29989.414        8.150   326.7     -0.008     -0.157     -0.719      0.279      0.262     -0.071
40.7000      -29981.474   -29988.223        6.748   270.5      0.706      0.800     -0.279      0.012     -0.550     -0.301
40.7500      -29980.591   -29988.350        7.759   311.0     -0.016      0.254      0.016     -0.404      0.283     -0.154
40.8000      -29980.098   -29987.996        7.898   316.6      0.268      0.527      0.007     -0.089      0.136      0.011
40.8500      -29980.182   -29988.486        8.305   332.9      0.053      0.561     -0.398     -0.189     -0.192      0.485
40.9000      -29980.186   -29988.885        8.699   348.7     -0.371     -0.232      0.041     -0.213     -0.019     -0.209
40.9500      -29980.613   -29988.725        8.112   325.2      0.530     -0.221     -0.001      0.215      0.094      0.705
41.0000      -29980.367   -29988.086        7.719   309.4     -0.636     -0.550      0.002     -0.122      0.350     -0.653
41.0500      -29980.258   -29988.541        8.283   332.0     -0.087     -0.509     -0.030     -0.185     -0.301      0.297
41.1000      -29979.711   -29988.623        8.912   357.2     -0.273      0.328     -0.437     -0.336     -0.280      0.758
41.1500      -29979.513   -29988.354        8.841   354.4     -0.197     -0.315     -0.497      0.043     -0.257     -0.516
41.2000      -29979.457   -29987.773        8.316   333.4     -0.855      0.626      0.063      0.050     -0.264      0.287
41.2500      -29979.636   -29988.086        8.450   338.7      0.108     -0.355     -0.359      0.081     -0.047     -0.044
41.3000      -29979.981   -29988.355        8.375   335.7      0.080     -0.302      0.680     -0.433      0.653     -0.089
41.3500      -29979.619   -29988.043        8.424   337.7     -0.237     -0.549     -0.547     -0.291     -0.198      0.033
41.4000      -29978.951   -29988.102        9.150   366.8     -0.525      0.224     -0.791     -0.016      0.001     -0.002
41.4500      -29979.598   -29988.488        8.890   356.4      1.021      0.595      1.006      0.125      0.785     -0.657
41.5000      -29979.339   -29987.801        8.462   339.2      0.096      0.256     -0.676      0.326     -0.905      0.007
41.5500      -29979.455   -29988.129        8.674   347.7     -0.655      0.082      1.183      0.317     -0.338      0.604
41.6000      -29979.072   -29987.750        8.678   347.9      0.561      0.167     -0.326     -0.746      0.127     -0.073
41.6500      -29979.451   -29987.789        8.338   334.2     -0.333     -0.162      0.590      0.723     -0.330      0.490
41.7000      -29979.817   -29988.543        8.726   349.8     -0.199     -1.542     -0.466     -0.363      0.554     -0.121
41.7500      -29979.976   -29987.678        7.702   308.7     -0.682      0.264     -0.379     -0.050     -0.655     -0.493
41.8000      -29979.928   -29988.238        8.310   333.1     -0.718     -0.805      0.391      0.533     -0.196     -0.093
41.8500      -29979.731   -29988.025        8.295   332.5      0.186     -0.306     -0.067     -0.198     -0.539     -0.138
41.9000      -29980.151   -29988.574        8.424   337.7      0.340      0.152      0.889      0.401      0.154      0.170
41.9500      -29979.856   -29987.793        7.937   318.2      0.338     -0.240     -0.395      0.209     -0.198      0.364
42.0000      -29979.813   -29987.053        7.240   290.2      0.342     -0.783      0.124     -0.042      0.122     -0.289
42.0500      -29980.039   -29987.943        7.904   316.8     -0.231     -0.350     -0.915     -0.789     -0.644      0.152
42.1000      -29979.704   -29987.557        7.853   314.8      0.270      0.017      0.679      0.175      0.252      0.581
42.1500      -29979.809   -29987.791        7.982   320.0     -0.503     -0.770      0.235     -0.652      0.006     -0.100
42.2000      -29980.161   -29988.217        8.056   322.9     -1.096     -0.147      0.208      0.140      0.121      0.251
42.2500      -29980.267   -29988.066        7.799   312.6     -0.144     -0.462     -0.035     -0.298     -0.368     -0.420
42.3000      -29979.765   -29987.541        7.776   311.7     -0.002     -0.636     -0.957      0.106     -0.044      0.189
42.3500      -29979.509   -29987.639        8.129   325.9     -0.507     -1.023      0.199      0.065      0.179     -0.056
42.4000      -29978.613   -29988.006        9.393   376.5     -0.592     -1.173     -0.388      0.264     -0.053      0.111
42.4500      -29978.939   -29987.391        8.452   338.8     -0.449      0.238      0.014     -0.240     -0.140      0.059
42.5000      -29978.790   -29987.607        8.818   353.5      0.029      0.521      0.054      0.312      0.092     -0.428
42.5500      -29979.258   -29987.742        8.484   340.1     -0.288      0.122     -0.191     -0.011      0.697      0.322
42.6000      -29978.976   -29987.547        8.570   343.5      0.482     -0.166      0.510      0.217     -0.414     -0.566
42.6500      -29978.782   -29987.387        8.605   344.9     -0.600     -0.317      0.303     -0.441      0.227      0.217
42.7000      -29979.157   -29987.740        8.583   344.0      1.350     -0.002     -0.212      0.333     -0.108      0.058
42.7500      -29978.193   -29987.281        9.089   364.3     -0.177      0.468      0.257      0.078     -0.129      0.148
42.8000      -29978.249   -29986.996        8.747   350.6     -0.433     -1.102     -0.941     -0.458      0.002      0.227
42.8500      -29978.219   -29987.629        9.410   377.2      0.309     -1.451     -0.822      0.565     -0.294     -0.070
42.9000      -29978.707   -29987.248        8.541   342.4     -0.454      0.020     -0.424      0.271      0.258     -0.834
42.9500      -29978.573   -29987.545        8.972   359.6     -1.567     -1.740     -0.313      0.026     -0.062     -0.236
43.0000      -29978.920   -29987.014        8.093   324.4     -0.475     -0.115     -0.785     -0.197      0.633     -0.600
43.0500      -29979.067   -29987.594        8.527   341.8      0.482      0.042      0.092      0.125     -0.777     -0.139
43.1000      -29978.996   -29987.287        8.291   332.3     -0.384      0.181     -0.302      0.449      0.474      0.329
43.1500      -29978.636   -29987.152        8.516   341.4     -0.235     -0.031      0.436      0.076     -0.351      0.015
43.2000      -29978.746   -29986.471        7.724   309.6      0.107     -0.157      0.308     -0.063      0.029      0.489
43.2500      -29978.236   -29986.395        8.158   327.0     -0.351     -0.678      0.140      0.233     -0.164      0.007
43.3000      -29978.208   -29987.041        8.833   354.1      0.298      0.180     -0.481      0.169      0.164     -0.233
43.3500      -29977.913   -29986.119        8.206   328.9      0.020      0.921     -0.060      0.719     -0.138     -0.277
43.4000      -29978.745   -29986.891        8.145   326.5      0.549      0.070     -0.494      0.061     -0.290     -0.138
43.4500      -29978.606   -29987.111        8.505   340.9     -0.428     -0.032     -0.018      0.036      0.073      0.005
43.5000      -29978.659   -29986.680        8.021   321.5      0.064     -0.599     -0.468     -0.127      0.576     -0.042
43.5500      -29978.550   -29987.318        8.768   351.5      0.396      0.730     -0.065     -0.083     -0.229      0.257
43.6000      -29978.913   -29987.994        9.081   364.0     -0.341      0.014      0.951      0.138     -0.339     -0.255
43.6500      -29978.688   -29987.840        9.152   366.8     -0.004      0.267      0.356     -0.966      0.024      0.096
43.7000      -29979.008   -29987.916        8.908   357.1     -0.123     -0.434     -0.459      0.272      0.212     -0.049
43.7500      -29978.842   -29987.088        8.246   330.5     -0.134     -0.389     -0.162      0.097     -0.355      0.282
43.8000      -29979.123   -29987.799        8.675   347.8      0.385     -0.131     -0.144      0.167      0.246      0.113
43.8500      -29979.351   -29987.424        8.073   323.6      0.193     -0.366      0.160      0.418     -0.276     -0.333
43.9000      -29979.508   -29987.320        7.813   313.2      0.397      0.149     -0.967     -0.059      0.012     -0.027
43.9500      -29979.175   -29988.385        9.210   369.2      0.141     -0.227      0.333     -0.346     -0.196     -0.131
44.0000      -29979.293   -29987.971        8.677   347.8     -1.110      0.036     -0.415     -0.216     -0.125     -0.073
44.0500      -29979.362   -29988.342        8.979   359.9      0.671     -0.310     -0.452      0.309      0.155     -0.124
44.1000      -29979.155   -29988.070        8.915   357.4     -0.164     -0.241      0.006      0.142      0.033     -0.446
44.1500      -29978.982   -29987.750        8.768   351.5     -0.391     -0.771      0.816     -0.095      0.260      0.436
44.2000      -29978.956   -29987.891        8.935   358.2      0.389      0.048     -0.288      0.036      0.095      0.217
44.2500      -29978.754   -29987.193        8.440   338.3      0.063     -0.706     -0.958      0.016     -0.274      0.722
44.3000      -29978.945   -29987.852        8.906   357.0      0.436      0.015     -0.313     -0.089     -0.175      0.202
44.3500      -29979.118   -29987.309        8.190   328.3      0.455      0.735     -0.769      0.569     -0.208      0.451
44.4000      -29979.097   -29987.869        8.772   351.6      0.065     -0.366      0.616     -0.557      0.358      0.067
44.4500      -29978.397   -29986.975        8.578   343.8      0.267      0.524     -0.152     -0.416     -0.025      0.279
44.5000      -29978.719   -29987.188        8.468   339.5      0.522      0.457     -0.008     -0.240     -0.211     -0.002
44.5500      -29978.679   -29987.631        8.952   358.8     -0.689     -0.650     -0.121      0.067     -0.036      0.459
44.6000      -29978.900   -29987.703        8.803   352.9     -0.266      0.054     -0.137      0.525      0.094      0.052
44.6500      -29978.703   -29987.439        8.736   350.2      0.101     -1.055     -0.774      0.103     -0.548     -0.217
44.7000      -29979.227   -29987.256        8.029   321.8      0.381     -0.958      0.324     -0.090      0.154      0.471
44.7500      -29979.546   -29987.697        8.151   326.7      0.136      0.734     -0.778     -0.726     -0.318      0.002
44.8000      -29979.523   -29987.754        8.231   329.9     -0.480     -0.217     -0.169     -0.234     -0.081     -0.040
44.8500      -29980.002   -29989.273        9.271   371.6     -0.014     -0.159      0.029     -0.075     -0.091     -0.017
44.9000      -29980.422   -29988.354        7.931   317.9      0.327      0.194     -0.135      0.065     -0.077     -0.651
44.9500      -29980.263   -29988.266        8.002   320.8      0.555      0.519     -1.123     -0.166      0.112     -0.083
45.0000      -29980.136   -29988.578        8.442   338.4     -0.220     -0.062      0.326     -0.181     -0.317     -0.179
45.0500      -29979.980   -29988.289        8.309   333.1      0.278      0.593     -0.355     -0.254     -0.013     -0.125
45.1000      -29980.099   -29988.863        8.764   351.3      0.038     -0.897      0.247     -0.141      0.126      0.007
45.1500      -29980.329   -29988.461        8.132   326.0      0.250      0.849     -1.084      0.251     -0.681     -0.627
45.2000      -29980.362   -29988.951        8.590   344.3      0.777      0.319      0.223      0.068      0.353     -0.178
45.2500      -29980.231   -29987.721        7.490   300.2     -0.346     -0.347     -0.900      0.170      0.365     -0.274
45.3000      -29980.083   -29988.195        8.113   325.2     -0.871      0.571     -0.430      0.440     -0.247     -0.193
45.3500      -29980.285   -29988.539        8.254   330.8     -0.471     -0.714      0.050     -0.124     -0.337     -0.219
45.4000      -29979.979   -29989.018        9.039   362.3      0.371      0.471     -0.584     -0.172     -0.104     -0.263
45.4500      -29979.637   -29988.404        8.767   351.4     -1.551     -1.483     -0.702     -0.243      0.001     -0.208
45.5000      -29979.642   -29988.434        8.791   352.4      0.133     -0.638     -0.676     -0.344      0.188     -0.033
45.5500      -29979.306   -29987.533        8.227   329.8     -0.662     -0.970      0.104      0.118     -0.499      0.503
45.6000      -29979.272   -29987.498        8.226   329.7     -0.495      0.046      0.069     -0.190     -0.162     -0.550
45.6500      -29979.350   -29988.195        8.845   354.6     -1.298     -0.929     -0.296      0.527      0.497     -0.172
45.7000      -29979.104   -29987.195        8.092   324.4     -0.238     -0.324     -0.877     -0.091     -0.453      0.521
45.7500      -29978.751   -29987.021        8.271   331.5     -0.648     -0.220     -1.475      0.236     -0.000      0.235
45.8000      -29978.986   -29987.213        8.227   329.8     -0.608     -0.760     -0.003      0.046      0.767     -0.035
45.8500      -29979.790   -29988.451        8.661   347.2     -0.348      0.439     -0.897      0.464     -0.105      0.452
45.9000      -29980.131   -29988.279        8.148   326.6     -0.615      0.142      0.211     -0.488      0.491     -0.007
45.9500      -29980.405   -29989.160        8.755   350.9      0.426     -0.109      0.271     -0.004     -0.280      0.125
46.0000      -29980.816   -29989.453        8.637   346.2     -0.209     -0.145      0.312     -0.042      0.438      0.010
46.0500      -29981.100   -29989.088        7.988   320.2      0.590     -0.027      0.116      0.033     -0.400     -0.149
46.1000      -29980.405   -29988.812        8.407   337.0     -0.523     -0.505      0.447      0.091     -0.583     -0.315
46.1500      -29981.008   -29988.693        7.685   308.1      1.212      0.167      0.201      0.484      0.033      0.185
46.2000      -29980.278   -29988.686        8.407   337.0     -1.098     -0.981     -0.078     -0.390      0.364      0.251
46.2500      -29981.134   -29988.830        7.696   308.5     -0.128     -0.125     -0.897     -0.097     -0.137     -0.507
46.3000      -29981.243   -29989.373        8.130   325.9      0.165      0.150     -0.161      0.466     -0.202      0.065
46.3500      -29981.290   -29989.482        8.193   328.4      0.009     -0.251      0.143     -0.012      0.259      0.434
46.4000      -29980.827   -29988.727        7.899   316.6      1.398      1.411      0.423     -0.506     -0.287     -0.440
46.4500      -29980.688   -29988.723        8.035   322.1      0.859      0.201     -0.162      0.102      0.138     -0.161
46.5000      -29980.692   -29988.965        8.273   331.6      0.339     -0.628      0.827     -0.080      0.016     -0.102
46.5500      -29980.743   -29988.545        7.802   312.7      1.131      0.496      0.644      0.599     -0.002     -0.341
46.6000      -29980.447   -29988.051        7.604   304.8      0.971     -0.219      0.897     -0.436     -0.135     -0.153
46.6500      -29980.643   -29988.412        7.769   311.4     -0.227      0.006     -0.262     -0.314     -0.236      0.222
46.7000      -29980.384   -29989.646        9.262   371.3     -0.550     -1.316     -0.615      0.217     -0.362     -0.066
46.7500      -29980.075   -29988.697        8.623   345.6     -0.089     -0.029     -0.830      0.159      0.322      0.420
46.8000      -29979.992   -29988.420        8.428   337.8      0.456      0.683     -0.790     -0.180     -0.047     -0.124
46.8500      -29979.582   -29987.707        8.125   325.7      0.717      1.003      1.275      0.189      0.091     -0.620
46.9000      -29979.510   -29987.414        7.904   316.8      0.458      0.147      1.558      0.181      0.052      0.005
46.9500      -29979.608   -29987.934        8.326   333.7     -0.136      0.223      0.253      0.455      0.227     -0.287
47.0000      -29979.709   -29988.125        8.416   337.3     -1.392     -0.812     -1.144      0.371      0.007     -0.392
47.0500      -29979.548   -29987.621        8.073   323.6     -0.788     -1.260     -0.009     -0.292      0.245      0.370
47.1000      -29980.173   -29988.076        7.903   316.8      0.633      0.113      0.585      0.325      0.858     -0.543
47.1500      -29979.706   -29988.221        8.515   341.3     -0.124      0.879     -0.304     -0.444     -0.370     -0.130
47.2000      -29979.750   -29988.385        8.635   346.1      0.144     -0.422      0.117      0.099     -0.093      0.759
47.2500      -29979.957   -29988.969        9.012   361.2     -1.124      0.839      1.356     -0.206     -0.101      0.080
47.3000      -29980.228   -29987.850        7.622   305.5     -0.034     -0.323     -1.223      0.328     -0.352     -0.029
47.3500      -29980.161   -29988.889        8.728   349.8     -0.046     -0.557      0.470      0.083      0.049      0.142
47.4000      -29980.561   -29988.420        7.859   315.0      0.571      0.451      0.288      0.477     -0.632      0.613
47.4500      -29980.712   -29988.514        7.801   312.7     -0.562     -0.791      0.288      0.223      0.161      0.339
47.5000      -29980.455   -29988.553        8.098   324.6      0.115      0.110     -0.915     -0.186      0.086      0.271
47.5500      -29980.840   -29988.545        7.705   308.9     -0.522      0.447     -0.805      0.186      0.606     -0.738
47.6000      -29980.345   -29988.623        8.278   331.8     -0.437     -0.769      0.515      0.051     -0.801      0.064
47.6500      -29980.558   -29988.389        7.831   313.9     -0.511      0.119     -1.013      0.392     -0.526      0.007
47.7000      -29979.944   -29988.326        8.382   336.0      0.963      0.076      0.789      0.207      0.447     -0.335
47.7500      -29980.426   -29988.646        8.220   329.5     -0.187      0.242     -0.345      0.361      0.263      0.102
47.8000      -29980.192   -29988.678        8.485   340.1      0.456      0.627     -0.356      0.300     -0.102     -0.035
47.8500      -29980.859   -29988.656        7.797   312.5      0.585     -0.020     -0.307     -0.123     -0.008     -0.253
47.9000      -29980.861   -29989.453        8.592   344.4     -0.058      0.071      0.413     -0.646      0.140     -0.314
47.9500      -29980.589   -29989.391        8.802   352.8     -1.353     -0.372     -1.849     -0.132     -0.260     -0.084
48.0000      -29980.558   -29989.285        8.727   349.8     -1.055     -0.154     -0.009     -0.179      0.072     -0.355
48.0500      -29980.670   -29989.457        8.787   352.2     -0.165      0.016      0.075     -0.168      0.518      0.684
48.1000      -29980.863   -29989.148        8.285   332.1     -0.378     -0.071     -0.287     -0.223     -0.455     -0.229
48.1500      -29980.957   -29989.586        8.629   345.9      0.241      0.119     -0.321     -0.515      0.563     -0.450
48.2000      -29981.386   -29989.439        8.053   322.8     -0.511     -0.120      0.190     -0.143      0.138     -0.105
48.2500      -29981.466   -29989.779        8.313   333.2      0.230     -0.500     -0.424      0.215     -0.195     -0.473
48.3000      -29981.209   -29988.777        7.568   303.4      0.002      0.920      0.738     -0.131      0.412     -0.042
48.3500      -29981.185   -29989.074        7.889   316.2      0.228      0.489      0.727     -0.446     -0.154     -0.126
48.4000      -29981.313   -29989.578        8.266   331.3      0.439     -0.837     -0.397     -0.448      0.064      0.408
48.4500      -29980.631   -29988.781        8.150   326.7     -0.182      0.128      0.242      0.046      0.409      0.520
48.5000      -29980.159   -29988.514        8.354   334.9      0.018      0.059      0.385     -0.539      0.297     -0.128
48.5500      -29980.268   -29988.117        7.849   314.6      1.020      0.007     -0.290     -0.805      0.315      0.213
48.6000      -29980.138   -29988.416        8.278   331.8      0.441      0.105      0.344      0.101     -0.160      0.111
48.6500      -29980.721   -29988.732        8.011   321.1     -0.627     -0.111      0.071      0.073      0.222     -0.432
48.7000      -29980.827   -29988.586        7.759   311.0      0.328     -0.065     -0.714      0.273     -0.119     -0.080
48.7500      -29980.986   -29988.834        7.848   314.6      0.095     -0.675     -0.162      0.220     -0.080      0.370
48.8000      -29980.968   -29989.283        8.315   333.3      0.590     -0.203     -0.779     -0.217      0.160      0.095
48.8500      -29980.863   -29988.934        8.071   323.5     -0.178      0.105      0.290     -0.352     -0.705      0.199
48.9000      -29980.604   -29989.082        8.478   339.8     -0.150      0.016     -0.223      0.517      0.489      0.148
48.9500      -29979.975   -29988.383        8.408   337.0     -0.606     -0.166     -0.099      0.185      0.214      0.694
49.0000      -29980.208   -29989.018        8.810   353.1      0.086     -0.356     -1.113      0.619      0.093     -0.148
49.0500      -29980.661   -29988.900        8.239   330.3     -0.277     -0.531      0.229      0.197     -0.011      0.151
49.1000      -29980.855   -29989.363        8.508   341.1     -0.301      0.195      0.148      0.324      0.157      0.132
49.1500      -29980.936   -29988.691        7.756   310.9      0.480      0.409     -0.577     -0.564     -0.041      0.049
49.2000      -29980.104   -29988.652        8.548   342.6      0.546      0.076      0.279     -0.530      0.395      0.773
49.2500      -29980.292   -29988.576        8.285   332.1     -0.341      0.059     -0.937      0.533      0.561      0.224
49.3000      -29980.404   -29989.031        8.627   345.8     -0.361     -0.100     -0.548     -0.023      0.336      0.629
49.3500      -29980.713   -29988.693        7.981   319.9     -0.191      0.095     -0.339      0.181      0.179      0.072
49.4000      -29980.810   -29988.568        7.759   311.0     -0.102     -0.902      0.342     -0.282     -0.483     -0.302
49.4500      -29981.140   -29988.881        7.741   310.3     -0.211      1.139      0.429     -0.069     -0.443      0.008
49.5000      -29980.820   -29988.709        7.889   316.2      0.528     -0.814      0.674     -0.257      0.176     -0.360
49.5500      -29980.841   -29988.576        7.735   310.0     -0.170      0.423      0.481      0.515     -0.612      0.032
49.6000      -29980.392   -29988.375        7.983   320.0      0.389     -0.127     -0.072      0.154     -0.566     -0.461
49.6500      -29980.601   -29988.990        8.389   336.3     -1.181     -0.503     -0.215      0.322     -0.152     -0.034
49.7000      -29980.532   -29988.725        8.192   328.4      0.323     -0.774      0.005     -0.337      0.344     -0.248
49.7500      -29980.632   -29988.820        8.188   328.2      1.445      0.417      0.740     -0.528     -0.373     -0.303
49.8000      -29981.045   -29989.230        8.186   328.1      0.680      0.906      0.592     -0.131     -0.488      0.104
49.8500      -29980.784   -29989.248        8.464   339.3      0.296     -0.207      0.530      0.276     -0.153     -0.191
49.9000      -29980.600   -29989.135        8.534   342.1     -0.278     -0.238      0.175     -0.302      0.448      0.031
49.9500      -29980.746   -29988.977        8.230   329.9      0.026      0.466     -0.135     -0.071     -0.553     -0.138
50.0000      -29980.678   -29988.715        8.037   322.1     -0.093      0.799     -0.028     -0.057      0.408      0.024
50.0500      -29980.844   -29989.123        8.279   331.8      0.097     -0.210     -0.306      0.171     -0.577      0.052
50.1000      -29980.606   -29988.238        7.632   305.9     -0.386      0.447     -0.101     -0.229     -0.116     -0.237
50.1500      -29980.683   -29989.074        8.391   336.4     -1.082     -0.978     -0.030     -0.030      0.168      0.218
50.2000      -29980.920   -29989.186        8.265   331.3     -0.627      0.789      0.437      0.449     -0.252     -0.981
50.2500      -29980.827   -29988.703        7.876   315.7      0.103     -0.773     -0.808     -0.061     -0.136      0.195
50.3000      -29980.507   -29988.990        8.483   340.0     -0.873     -0.888     -0.393      0.637      0.485      0.498
50.3500      -29980.088   -29988.494        8.406   336.9     -0.524     -0.187     -1.251     -0.647      0.342     -0.884
50.4000      -29979.895   -29988.461        8.566   343.4     -0.399     -0.758      0.577     -0.114      0.345      0.002
50.4500      -29980.181   -29988.191        8.011   321.1      0.385     -0.523     -0.481     -0.446      0.101     -0.085
50.5000      -29980.633   -29988.922        8.289   332.2     -0.521      0.541      0.360     -0.143     -0.080      0.259
50.5500      -29980.330   -29988.572        8.243   330.4     -0.593      0.338      0.674     -0.407     -0.324     -0.370
50.6000      -29980.514   -29988.979        8.464   339.3     -0.720      0.181     -0.478     -0.426     -0.115      0.002
50.6500      -29979.930   -29987.758        7.828   313.8      1.648      0.536     -0.071     -0.092     -0.085      0.253
50.7000      -29980.242   -29988.900        8.659   347.1     -0.115      1.207      0.616      0.117     -0.350     -0.187
50.7500      -29979.992   -29988.479        8.486   340.2      0.190      0.077     -0.174     -0.092     -0.275      0.001
50.8000      -29980.192   -29988.955        8.763   351.3      0.096     -0.384     -0.804     -0.090      0.531     -0.316
50.8500      -29980.385   -29988.752        8.367   335.4     -1.074     -0.270     -0.027      0.037      0.403     -0.000
50.9000      -29980.320   -29988.816        8.496   340.6     -0.721      0.048     -0.732     -0.219      0.134     -0.099
50.9500      -29980.552   -29988.533        7.981   319.9     -0.793     -0.279      0.206     -0.415     -0.017     -0.318
51.0000      -29980.681   -29988.162        7.481   299.9     -0.261     -0.314      0.024     -0.378      0.163      0.006
51.0500      -29980.381   -29988.613        8.232   330.0     -0.057     -0.318     -0.713     -0.852     -0.331      0.630
51.1000      -29980.698   -29989.162        8.464   339.3      0.090     -0.402      0.566     -0.255      0.909      0.212
51.1500      -29980.624   -29988.977        8.352   334.8     -0.117     -0.412      0.144     -0.187     -1.110     -0.098
51.2000      -29980.395   -29988.605        8.211   329.1      0.817      0.723      0.048      0.017     -0.179      0.009
51.2500      -29980.655   -29988.604        7.949   318.6      0.416      0.257      0.222      0.237     -0.311      0.265
51.3000      -29980.351   -29988.357        8.006   320.9     -0.464     -0.530     -0.518     -0.039      0.449      0.197
51.3500      -29980.179   -29988.629        8.450   338.7     -0.149     -0.136      0.640     -0.124      0.310      0.115
51.4000      -29980.439   -29988.719        8.280   331.9     -0.076     -0.539      0.435     -0.197     -0.076      0.536
51.4500      -29980.350   -29988.320        7.970   319.5      0.120      0.324      0.052      0.409     -0.230      0.564
51.5000      -29979.748   -29988.734        8.987   360.2      0.732     -0.416      0.378     -0.140     -0.313      0.164
51.5500      -29979.585   -29987.889        8.303   332.8     -1.129     -0.073     -0.015      0.172      0.068     -0.261
51.6000      -29979.384   -29988.377        8.993   360.5      0.103     -0.327      0.069     -0.110     -0.268     -0.073
51.6500      -29979.353   -29988.299        8.946   358.6      0.255      0.360     -0.046     -0.302      0.478     -0.270
51.7000      -29979.379   -29987.949        8.570   343.5     -0.379      0.202     -0.357     -0.523      0.146     -0.274
51.7500      -29978.742   -29987.326        8.585   344.1     -1.167      0.522     -0.760      0.030     -0.004     -0.211
51.8000      -29978.892   -29988.141        9.249   370.7      0.097     -0.071      0.555     -0.068     -0.170      0.110
51.8500      -29978.918   -29988.350        9.432   378.1     -0.773     -0.414     -0.994      0.291      0.639      0.043
51.9000      -29978.843   -29987.889        9.046   362.6     -1.376     -0.846     -0.204     -0.348     -0.656     -0.139
51.9500      -29978.814   -29987.352        8.537   342.2     -0.497      0.631     -0.419      0.166      0.063     -0.384
52.0000      -29979.515   -29988.203        8.688   348.3     -0.141      0.092     -0.017      0.158     -0.072      0.019
52.0500      -29979.681   -29987.379        7.697   308.5     -0.199      0.345      0.414     -0.451     -0.239     -0.496
52.1000      -29979.626   -29987.578        7.952   318.7     -0.048      0.982      1.086      0.474     -0.024      0.457
52.1500      -29979.636   -29987.732        8.096   324.5      1.744      0.137      1.422     -0.005     -0.383     -0.066
52.2000      -29979.213   -29988.562        9.349   374.8      0.387     -0.086     -0.846      0.474     -0.197     -0.252
52.2500      -29979.005   -29988.094        9.089   364.3      0.543     -1.005      0.011      0.236     -0.565     -0.195
52.3000      -29978.961   -29987.846        8.884   356.1      0.350      0.482     -0.364      0.381      0.488      0.340
52.3500      -29978.942   -29988.021        9.080   364.0     -0.513     -0.625      0.073     -0.030      0.190     -0.109
52.4000      -29979.195   -29987.715        8.520   341.5      0.192      0.822      1.007     -0.150      0.210      0.113
52.4500      -29978.915   -29987.504        8.589   344.3      1.261      0.631     -0.431      0.344      0.022     -0.215
52.5000      -29979.096   -29986.779        7.684   308.0      0.508      1.002     -0.457     -0.104      0.867     -0.701
52.5500      -29978.853   -29987.215        8.362   335.2     -0.337     -0.513     -0.088      0.060      0.676     -0.152
52.6000      -29978.821   -29987.398        8.577   343.8      0.372     -0.164      0.055     -0.328      0.606      0.035
52.6500      -29978.981   -29987.293        8.312   333.2     -0.123      0.445      0.114      0.311     -0.526     -0.048
52.7000      -29978.665   -29986.621        7.956   318.9      0.811     -0.825      0.341      0.480      0.578     -0.622
52.7500      -29978.497   -29986.535        8.038   322.2     -0.071      0.029     -0.661     -0.541      0.055     -0.376
52.8000      -29978.865   -29987.070        8.205   328.9      0.289      0.103      0.278      0.071      0.336      0.176
52.8500      -29979.320   -29987.836        8.516   341.4     -0.708     -0.038      0.664     -0.651      0.040     -0.463
52.9000      -29979.561   -29988.049        8.488   340.2      0.147     -0.057     -0.456      0.141      0.537      0.357
52.9500      -29980.190   -29988.252        8.062   323.2     -0.237      0.098     -0.377     -0.092     -0.178      0.002
53.0000      -29980.198   -29988.295        8.097   324.6      0.142     -0.372      0.299      0.067      0.036     -0.027
53.0500      -29980.155   -29988.566        8.411   337.2      0.625     -0.655     -1.266      0.701      0.429      0.061
53.1000      -29979.903   -29988.006        8.103   324.8     -0.601     -0.229     -0.275      0.301      0.202      0.672
53.1500      -29980.107   -29988.189        8.082   324.0     -0.388     -1.094     -0.886     -0.049     -0.027      0.467
53.2000      -29979.858   -29988.062        8.205   328.9      0.083     -0.051     -0.077      0.167      0.285     -0.018
53.2500      -29980.432   -29988.186        7.754   310.8     -0.354      0.710      0.088      0.319      0.538     -0.023
53.3000      -29980.573   -29988.611        8.039   322.2     -0.409     -0.102     -0.685     -0.308      0.260      0.159
53.3500      -29980.466   -29987.848        7.382   295.9      0.538      1.363      0.430     -0.184     -0.411     -0.057
53.4000      -29980.380   -29988.727        8.346   334.6      0.685      0.597      0.402     -0.259     -0.401      0.142
53.4500      -29980.447   -29988.098        7.651   306.7     -0.288     -0.180     -0.233     -0.053      0.068      0.364
53.5000      -29980.301   -29988.350        8.048   322.6      0.228      0.314      0.217     -0.173     -0.127      0.021
53.5500      -29980.086   -29988.232        8.146   326.5      0.369      0.670     -0.027      0.109      0.347     -0.298
53.6000      -29980.173   -29988.346        8.173   327.6     -0.295      0.169     -1.085      0.096      0.133     -0.099
53.6500      -29980.303   -29988.318        8.015   321.3      0.698      0.071     -0.031      0.101     -0.319     -0.051
53.7000      -29979.741   -29988.184        8.443   338.4     -0.630      0.115     -1.492      0.136      0.663     -0.712
53.7500      -29979.460   -29987.881        8.421   337.5     -0.541     -0.484     -0.387      0.014     -0.226      0.391
53.8000      -29979.322   -29987.828        8.506   341.0      0.227      0.259     -0.114     -0.084      0.117     -0.633
53.8500      -29979.851   -29988.734        8.884   356.1      0.941      0.437      0.845     -0.104      0.029      0.356
53.9000      -29979.878   -29988.230        8.353   334.8     -0.882     -0.462      0.102     -0.252     -0.077     -0.525
53.9500      -29980.124   -29988.320        8.197   328.6     -0.216     -0.891     -0.159     -0.168     -0.371     -0.384
54.0000      -29979.683   -29988.432        8.748   350.7     -0.571     -1.131     -0.241      0.123      0.048      0.249
54.0500      -29979.950   -29988.434        8.484   340.1     -0.071     -0.578     -0.868     -0.112      0.241      0.346
54.1000      -29980.243   -29988.041        7.798   312.6     -1.201     -0.055     -0.616      0.672     -0.476     -0.293
54.1500      -29980.216   -29989.246        9.030   362.0     -0.822     -1.086     -0.769     -0.189      0.057      0.008
54.2000      -29980.313   -29989.535        9.222   369.7     -0.062     -0.505      0.294      0.104     -0.167     -0.669
54.2500      -29980.845   -29988.982        8.137   326.2     -0.142      0.042     -0.004     -0.560      0.312     -0.104
54.3000      -29981.313   -29989.652        8.339   334.3      0.283      0.055      0.384     -0.431     -0.238      0.069
54.3500      -29980.744   -29988.633        7.889   316.2      0.690      0.497      0.630      0.601      0.515      0.071
54.4000      -29980.305   -29988.840        8.535   342.1      0.524     -0.451      0.097     -0.072      0.005     -0.275
54.4500      -29980.403   -29988.525        8.123   325.6      0.244     -0.633      0.321      0.307      0.203      0.120
54.5000      -29980.191   -29988.582        8.391   336.4      0.291      0.628      0.293     -0.234      0.490      0.285
54.5500      -29980.907   -29989.139        8.232   330.0     -0.420      0.463     -0.214     -0.567     -0.370      0.412
54.6000      -29980.453   -29989.324        8.871   355.6     -0.231     -0.172     -0.882      0.223      0.169      0.096
54.6500      -29980.504   -29988.818        8.314   333.3     -0.334     -0.058      0.159     -0.381      0.242     -0.340
54.7000      -29980.597   -29988.588        7.991   320.3     -0.214      0.114      0.275     -0.251      0.082      0.053
54.7500      -29980.244   -29988.512        8.268   331.4      0.228      0.670      1.013     -0.607     -0.468      0.758
54.8000      -29980.802   -29989.064        8.262   331.2      0.115     -0.188      0.308      0.455      0.176     -0.665
54.8500      -29981.231   -29989.367        8.136   326.1      0.090     -0.321     -0.065      0.254     -0.516      0.142
54.9000      -29981.403   -29989.307        7.903   316.8      0.737      0.246     -0.334     -0.200     -0.358     -0.017
54.9500      -29980.558   -29988.197        7.639   306.2     -0.266      0.137      0.620     -0.101      0.140      0.120
55.0000      -29980.540   -29988.508        7.968   319.4     -0.549     -0.166     -0.534      0.315      0.157     -0.040
55.0500      -29980.493   -29988.016        7.523   301.5      0.560      0.482     -0.801     -0.679      0.083     -0.314
55.1000      -29980.614   -29989.207        8.593   344.4     -0.575     -0.164      0.530     -0.446     -0.345      0.188
55.1500      -29980.575   -29988.586        8.011   321.1     -0.255     -0.337     -0.319     -0.228      0.037      0.318
55.2000      -29980.868   -29989.406        8.539   342.3      0.203     -0.124      0.060     -0.357      0.069     -0.003
55.2500      -29981.211   -29989.135        7.924   317.6     -0.132     -1.716     -0.923     -0.281     -0.059     -0.468
55.3000      -29980.956   -29988.432        7.476   299.7     -0.464      0.381     -0.091     -0.251      0.717      0.696
55.3500      -29980.426   -29988.316        7.890   316.3     -0.522     -0.646      0.250     -0.339      0.219      0.355
55.4000      -29980.864   -29988.850        7.985   320.1     -0.289     -0.540     -0.520     -0.117      0.244     -0.097
55.4500      -29980.357   -29989.133        8.776   351.8      0.031      0.290     -1.083     -0.225     -0.159      0.549
55.5000      -29980.716   -29988.773        8.057   323.0     -0.417      0.340     -0.112      0.144      0.071     -0.174
55.5500      -29980.311   -29988.305        7.994   320.4      0.851      0.191     -0.407     -0.312      0.110     -0.004
55.6000      -29980.391   -29988.535        8.144   326.5      0.143      0.828      0.325     -0.372      0.099      0.410
55.6500      -29980.342   -29987.654        7.312   293.1      0.359     -0.107      0.449     -0.212     -0.121     -0.110
55.7000      -29979.734   -29988.109        8.376   335.7     -0.341     -0.173     -0.412     -0.030     -0.434     -0.502
55.7500      -29979.891   -29988.088        8.197   328.6      0.824     -0.384     -0.379     -0.051      0.562      0.299
55.8000      -29979.762   -29987.949        8.187   328.2     -0.220      0.411     -0.617     -0.192     -0.460      0.405
55.8500      -29980.167   -29987.533        7.366   295.3      0.335      0.656      0.038      0.057     -0.711      0.005
55.9000      -29980.417   -29988.859        8.442   338.4     -0.649      0.291     -0.827     -0.492      0.033     -0.129
55.9500      -29980.114   -29988.715        8.601   344.8      0.838      0.113      0.230     -0.079      0.202      0.073
56.0000      -29980.600   -29989.049        8.449   338.7     -0.751     -0.046     -0.888     -0.312      0.119     -0.472
56.0500      -29980.514   -29989.258        8.744   350.5     -0.466     -0.291      0.697     -0.080     -0.066      0.229
56.1000      -29980.878   -29988.814        7.937   318.2      0.465     -0.083      0.704      0.543      0.856      0.563
56.1500      -29980.874   -29989.172        8.298   332.6      0.516      0.407      0.320     -0.193     -0.723     -0.589
56.2000      -29980.532   -29988.975        8.443   338.4     -0.016     -0.945     -0.595     -0.017     -0.075      0.081
56.2500      -29980.927   -29989.695        8.769   351.5      0.211      0.412      0.608      0.065     -0.105      0.052
56.3000      -29981.103   -29989.639        8.535   342.1     -0.428     -0.145     -0.086      0.207     -0.012     -0.319
56.3500      -29981.244   -29989.252        8.008   321.0     -0.158      0.659      0.034     -0.215     -0.079      0.188
56.4000      -29980.978   -29989.529        8.551   342.8      0.310      0.423      0.596     -0.036     -0.075     -0.469
56.4500      -29980.688   -29988.455        7.768   311.4      0.384      1.046      0.807      0.227      0.228     -0.132
56.5000      -29980.197   -29989.021        8.824   353.7     -0.637      0.285     -0.600      0.103      0.074     -0.823
56.5500      -29980.063   -29989.076        9.013   361.3      0.154      0.487      1.151     -0.308     -0.113     -0.052
56.6000      -29980.360   -29989.221        8.861   355.2      0.011     -0.158     -0.387      0.347     -0.659     -0.305
56.6500      -29980.159   -29988.338        8.179   327.9     -1.841     -0.980     -0.317     -0.286      0.207      0.201
56.7000      -29980.185   -29987.863        7.678   307.8     -0.003      0.407      0.162     -0.026      0.221     -0.409
56.7500      -29980.670   -29988.537        7.867   315.4      0.458     -0.291     -0.065      0.508     -0.085     -0.459
56.8000      -29980.560   -29988.178        7.617   305.3      0.569      0.008     -1.216     -0.566     -0.292      0.162
56.8500      -29980.802   -29988.582        7.780   311.9     -0.081      0.012     -0.250     -0.002      0.066      0.206
56.9000      -29980.394   -29987.971        7.577   303.7     -0.266     -0.415      1.115      0.155     -0.003     -0.286
56.9500      -29980.357   -29988.939        8.582   344.0      0.738      0.613      0.454     -0.560      0.168      0.470
57.0000      -29980.406   -29988.771        8.365   335.3      0.571      0.611      0.021      0.203     -0.138      0.194
57.0500      -29980.722   -29988.471        7.749   310.6      1.147     -0.234      0.985     -0.250     -0.128     -0.292
57.1000      -29980.108   -29987.785        7.678   307.8      0.594     -0.118     -0.522     -0.699      0.473      0.204
57.1500      -29980.114   -29988.377        8.263   331.2     -0.994     -1.506     -1.540     -0.005     -0.377      0.564
57.2000      -29979.631   -29988.605        8.975   359.7     -0.014     -0.794      0.238     -0.505      0.009     -0.099
57.2500      -29980.142   -29988.348        8.205   328.9      0.018     -1.073     -0.747     -0.116     -0.203     -0.283
57.3000      -29980.415   -29989.418        9.003   360.9     -1.235     -0.728      0.365      0.042     -0.553     -0.351
57.3500      -29980.381   -29988.428        8.047   322.6     -0.215     -0.490     -0.539      0.082      0.497      0.584
57.4000      -29980.449   -29988.143        7.694   308.4     -0.109     -0.430     -0.946      0.400     -0.261     -0.258
57.4500      -29980.432   -29988.293        7.861   315.1      0.315     -0.580     -0.698      0.016     -0.531     -0.049
57.5000      -29980.173   -29988.295        8.122   325.6     -0.218     -0.295      0.291      0.107      0.234     -0.387
57.5500      -29980.277   -29988.123        7.846   314.5     -0.525     -0.508     -1.027     -0.260     -0.444     -0.567
57.6000      -29980.175   -29988.361        8.186   328.2      0.361      0.297      0.945     -0.267      0.060     -0.140
57.6500      -29980.782   -29988.727        7.944   318.4     -0.882     -0.148     -0.024     -0.242     -0.719     -0.415
57.7000      -29980.906   -29988.744        7.838   314.2      0.372      0.619      0.776     -0.066      0.241      0.197
57.7500      -29980.132   -29988.240        8.108   325.0     -0.150     -0.369      0.089     -0.246     -0.080     -0.499
57.8000      -29980.471   -29987.559        7.088   284.1     -0.067     -0.453      0.788      0.182      0.037     -0.419
57.8500      -29980.586   -29988.184        7.597   304.5     -0.277     -0.365     -0.410      0.182      0.521      0.103
57.9000      -29980.319   -29988.188        7.868   315.4      0.710     -0.382      0.114      0.325     -0.252      0.002
57.9500      -29980.149   -29987.740        7.591   304.3     -0.807     -0.040      0.266     -0.287     -0.534     -0.179
58.0000      -29980.115   -29988.248        8.133   326.0      0.426      0.039     -0.188     -0.431     -0.394      0.202
58.0500      -29979.910   -29988.256        8.346   334.5     -0.385      0.369     -0.548      0.552     -0.012     -0.518
58.1000      -29979.929   -29988.623        8.694   348.5     -0.201     -0.943     -0.617     -0.657     -0.648      0.160
58.1500      -29979.869   -29988.621        8.752   350.8      0.385      0.930      0.213      0.396     -0.255      0.061
58.2000      -29979.418   -29988.461        9.043   362.5     -0.061      0.123     -0.625     -0.035      0.050      0.390
58.2500      -29979.477   -29987.590        8.113   325.2     -0.158      0.094      1.022      0.133     -0.093     -0.090
58.3000      -29978.654   -29987.844        9.190   368.4      0.648     -0.002     -0.421     -0.359     -0.271      0.038
58.3500      -29978.566   -29988.088        9.522   381.7     -0.898     -0.803     -0.286      0.029      0.338      0.328
58.4000      -29978.917   -29988.512        9.595   384.6      0.028     -0.517     -0.107      0.349     -0.778      0.275
58.4500      -29978.820   -29987.451        8.631   346.0      1.013      0.600     -0.103      0.369     -0.243     -0.300
58.5000      -29979.643   -29988.086        8.443   338.4      0.220      0.408      0.366      0.169      0.126      0.204
58.5500      -29979.302   -29988.346        9.044   362.5     -0.616     -0.838     -0.143     -1.133      0.345      0.773
58.6000      -29979.289   -29987.707        8.418   337.4      1.071      1.171     -0.417     -0.799      0.099     -0.047
58.6500      -29979.054   -29987.854        8.800   352.7     -1.338     -1.203      0.028     -0.042     -0.684      0.168
58.7000      -29979.378   -29987.748        8.370   335.5     -0.329     -0.359      0.182     -0.331      0.075     -0.278
58.7500      -29978.840   -29987.600        8.759   351.1     -0.588     -0.294     -0.715     -0.660     -0.537      0.820
58.8000      -29979.189   -29987.576        8.387   336.2     -0.030     -0.133      0.155     -0.803      0.584     -0.587
58.8500      -29979.375   -29987.607        8.233   330.0      0.642     -0.650      0.127      0.147      0.547     -0.668
58.9000      -29979.315   -29988.107        8.793   352.5     -0.395      0.031     -0.438     -0.256      0.142      0.354
58.9500      -29979.053   -29988.461        9.408   377.1     -0.038     -0.657     -0.925     -0.081     -0.478      0.048
59.0000      -29979.643   -29988.225        8.581   344.0     -0.517     -0.606     -0.009     -0.208      0.256     -0.446
59.0500      -29979.967   -29988.785        8.818   353.5      0.110     -0.202      0.088     -0.069     -0.090     -0.048
59.1000      -29980.531   -29988.510        7.978   319.8     -0.021     -0.247      0.387     -0.308     -0.094      0.154
59.1500      -29980.658   -29988.420        7.762   311.1      0.036     -0.492      0.919     -0.160     -0.392     -0.381
59.2000      -29980.543   -29988.838        8.295   332.5      0.310     -0.329      0.064      0.288      0.108     -0.115
59.2500      -29980.672   -29988.807        8.135   326.1      0.249     -0.195      0.153      0.090      0.138      0.169
59.3000      -29980.428   -29988.678        8.250   330.7      0.274     -0.710      0.232     -0.166     -0.196     -0.228
59.3500      -29980.375   -29988.264        7.889   316.2      0.111     -0.515     -0.710     -0.106      0.358     -0.106
59.4000      -29980.462   -29988.172        7.710   309.1     -0.524     -0.014      0.285      0.009     -0.653      0.108
59.4500      -29980.226   -29988.688        8.462   339.2     -0.421      0.228      0.337     -0.531      0.579      0.009
59.5000      -29979.800   -29987.504        7.704   308.8     -0.592     -0.248     -0.888      0.319      0.057      0.108
59.5500      -29980.078   -29989.105        9.028   361.9     -0.737      0.312     -0.211      0.260      0.358     -0.391
59.6000      -29980.143   -29988.697        8.554   342.9     -0.292     -1.086     -0.831     -0.367     -0.177      0.296
59.6500      -29979.883   -29988.660        8.777   351.8     -0.706     -1.068     -0.085     -0.277      0.037     -0.473
59.7000      -29979.578   -29988.926        9.348   374.7      0.023     -0.490      0.100      0.114      0.076     -0.187
59.7500      -29979.311   -29988.613        9.303   372.9      0.117      0.002     -0.079     -0.469      0.010      0.185
59.8000      -29979.431   -29989.201        9.770   391.6     -0.922     -0.457      0.373      0.277      0.631      0.119
59.8500      -29979.481   -29988.951        9.471   379.6     -0.259      0.303      0.239      0.097     -0.390     -0.086
59.9000      -29979.608   -29988.484        8.876   355.8      0.007      0.226      0.312     -0.135     -0.118      0.172
59.9500      -29979.566   -29988.316        8.751   350.8      0.137      0.199      0.312      0.182      0.192     -0.280
60.0000      -29979.186   -29988.301        9.115   365.4     -0.122     -0.815     -0.025     -0.282      0.216      0.046
60.0500      -29979.709   -29988.217        8.507   341.0      0.420     -0.398     -0.581      0.142      0.188      0.587
60.1000      -29979.880   -29987.771        7.892   316.3     -0.539      0.256     -0.555      0.097     -0.238     -0.177
60.1500      -29979.600   -29988.217        8.617   345.4     -0.391     -1.073      0.203      0.130      0.059      0.005
60.2000      -29979.848   -29988.904        9.056   363.0     -0.533      0.288      0.049     -0.270      0.212      0.105
60.2500      -29980.331   -29988.922        8.591   344.4     -0.134      0.482      0.140     -0.546     -0.175      0.250
60.3000      -29979.843   -29988.664        8.821   353.6     -0.264     -0.009     -0.177      0.346      0.457      0.005
60.3500      -29980.238   -29988.350        8.111   325.1     -0.164      0.448      0.361     -0.067     -0.224     -0.120
60.4000      -29980.148   -29988.670        8.522   341.6     -0.388     -0.239     -0.611     -0.145      0.105     -0.079
60.4500      -29979.759   -29988.830        9.071   363.6     -0.805     -0.739     -0.348     -0.514     -0.474     -0.127
60.5000      -29980.477   -29988.994        8.518   341.4     -0.158     -0.079     -0.294     -0.128     -0.285     -0.060
60.5500      -29981.170   -29989.283        8.113   325.2     -0.169     -0.784     -0.265     -0.166      0.153      0.761
60.6000      -29981.539   -29989.227        7.687   308.1     -0.487     -0.448     -0.944      0.233      0.350     -0.262
60.6500      -29981.789   -29989.766        7.977   319.8     -0.367     -0.994     -0.264     -0.085     -0.013      0.142
60.7000      -29982.001   -29989.369        7.368   295.4     -0.803      0.613     -0.335      0.172      0.549      0.148
60.7500      -29981.949   -29990.033        8.085   324.1      0.537     -0.295     -0.198      0.103     -0.133     -0.417
60.8000      -29981.731   -29989.947        8.217   329.4     -0.529     -0.747     -0.609      0.080      0.039      0.287
60.8500      -29982.133   -29989.850        7.717   309.3      0.118     -0.396      0.808      0.418     -0.296     -0.228
60.9000      -29981.835   -29989.414        7.579   303.8      0.351      0.144     -1.006     -0.158      0.433     -0.310
60.9500      -29981.826   -29990.072        8.247   330.6     -0.197      0.037     -0.106      0.564     -0.535      0.774
61.0000      -29981.422   -29989.346        7.923   317.6     -0.555     -0.932     -0.125      0.002     -0.174      0.183
61.0500      -29981.694   -29990.041        8.347   334.6      0.128     -0.663     -0.839      0.222      0.325     -0.205
61.1000      -29981.390   -29989.422        8.032   322.0     -0.889     -0.440      0.636     -0.422      0.245      0.296
61.1500      -29980.654   -29988.857        8.204   328.9      0.295     -0.289     -0.545      0.522      0.414      0.524
61.2000      -29980.240   -29989.117        8.877   355.8     -0.433     -0.454      0.231      0.022      0.111     -0.174
61.2500      -29980.738   -29989.346        8.608   345.0     -0.175     -0.598     -0.269      0.142      0.466      0.184
61.3000      -29981.039   -29988.928        7.889   316.2      0.025     -0.576     -0.124     -0.005     -0.528     -0.232
61.3500      -29980.625   -29988.553        7.927   317.8     -0.049     -0.043      0.201      0.065      0.212      0.173
61.4000      -29980.233   -29988.783        8.550   342.7     -0.043      0.008     -0.144      0.093     -0.547     -0.337
61.4500      -29979.818   -29988.289        8.471   339.5      0.977      0.556     -0.398     -0.422      0.274     -0.039
61.5000      -29980.030   -29988.367        8.338   334.2     -0.314      0.435     -0.008     -0.059      0.013      0.053
61.5500      -29980.171   -29988.455        8.284   332.0     -1.033     -1.020     -0.811     -0.412     -0.063     -0.078
61.6000      -29979.863   -29988.328        8.466   339.3     -1.203     -1.041     -0.562      0.494      0.259      0.089
61.6500      -29979.618   -29988.281        8.663   347.3     -0.480     -0.390      0.190     -0.506      0.207      0.110
61.7000      -29979.995   -29987.805        7.810   313.0      0.457      0.650      0.462      0.660     -0.051     -0.349
61.7500      -29979.590   -29987.963        8.373   335.6      1.101      0.631     -0.842     -0.494      0.372     -0.573
61.8000      -29979.994   -29987.400        7.406   296.9     -0.251     -0.668      0.263      0.368      0.052      0.100
61.8500      -29980.252   -29987.631        7.379   295.8      1.783      0.474      0.722     -0.670     -0.048      0.484
61.9000      -29979.877   -29987.893        8.016   321.3     -0.450      0.280      0.172      0.367      0.092      0.248
61.9500      -29979.295   -29988.180        8.885   356.1      0.076     -0.442      0.035     -0.231      0.154     -0.095
62.0000      -29979.528   -29988.043        8.515   341.3     -0.015     -1.110      0.533      0.227      0.294      0.189
62.0500      -29979.515   -29987.918        8.402   336.8     -0.341     -0.017     -1.204      0.289      0.192      0.261
62.1000      -29979.659   -29988.268        8.608   345.1      0.118     -0.494      0.464     -0.221      0.032      0.346
62.1500      -29979.684   -29987.756        8.072   323.6      0.279      0.195     -1.041     -0.174     -0.011      0.109
62.2000      -29979.662   -29987.611        7.950   318.7     -0.315     -0.586     -0.343      0.015     -0.341     -0.004
62.2500      -29980.210   -29988.191        7.981   319.9      0.257      0.678      0.488     -0.545     -0.310      0.048
62.3000      -29980.179   -29988.387        8.207   329.0     -0.139      0.001     -0.120      0.452      0.118      0.276
62.3500      -29979.970   -29988.191        8.221   329.5     -0.151     -0.226     -0.121     -0.236      0.094     -0.363
62.4000      -29979.755   -29988.508        8.752   350.8     -0.182     -0.015     -0.452      0.003      0.160      0.311
62.4500      -29979.038   -29987.574        8.536   342.2     -1.372      0.376     -0.109      0.050      0.188     -0.113
62.5000      -29979.180   -29987.818        8.639   346.3      0.768      0.300     -0.342     -0.043      0.308     -0.280
62.5500      -29979.340   -29987.064        7.725   309.6     -0.182     -0.859      0.228     -0.335      0.320      0.010
62.6000      -29979.616   -29987.754        8.138   326.2      0.346      0.538      0.061     -0.042     -0.511      0.547
62.6500      -29979.724   -29987.764        8.040   322.3      0.407      0.107      0.280     -0.402     -0.276     -0.272
62.7000      -29979.451   -29987.035        7.584   304.0      1.511      0.042      0.345     -0.240      0.460      0.721
62.7500      -29979.336   -29987.740        8.405   336.9     -0.462      0.330      0.052     -0.195      0.099     -0.037
62.8000      -29979.423   -29988.648        9.226   369.8      0.484     -0.056     -0.637      0.419     -0.189      0.621
62.8500      -29979.612   -29988.176        8.564   343.3     -0.746     -0.165     -0.376      0.185      0.582     -0.246
62.9000      -29980.221   -29988.428        8.207   329.0     -0.634     -0.932     -0.737      0.032     -0.195     -0.398
62.9500      -29980.673   -29988.580        7.907   316.9     -0.147     -0.884     -0.383      0.348      0.021     -0.358
63.0000      -29980.449   -29988.244        7.795   312.5     -0.617     -0.623      0.061     -0.337      0.144     -0.409
63.0500      -29980.409   -29988.646        8.237   330.2      0.810      0.742     -0.296      0.219     -0.097     -0.144
63.1000      -29980.760   -29988.045        7.285   292.0      0.931     -0.029     -0.230     -0.071      0.310     -0.129
63.1500      -29980.874   -29988.375        7.501   300.7     -0.642     -1.072     -1.048      0.140      0.196     -0.236
63.2000      -29980.963   -29988.207        7.244   290.4      0.109      0.090      0.452      0.500     -0.210     -0.175
63.2500      -29981.156   -29988.158        7.002   280.7     -0.371      0.192     -0.962      0.670      0.421     -0.128
63.3000      -29981.407   -29988.803        7.396   296.5     -0.306     -0.074      0.919      0.376      0.012      0.120
63.3500      -29981.174   -29988.520        7.345   294.4     -0.296      0.323     -0.647      0.683      0.248     -0.001
63.4000      -29981.113   -29988.730        7.617   305.3      1.248      0.775      0.608      0.033      0.410      0.069
63.4500      -29980.944   -29988.957        8.013   321.2     -0.651     -0.440      0.040      0.214     -0.122     -0.577
63.5000      -29980.742   -29988.564        7.822   313.5      0.195      0.331     -0.401      0.039     -0.181      0.113
63.5500      -29980.637   -29988.057        7.420   297.4     -0.379     -0.307     -0.578     -0.082      0.222      0.435
63.6000      -29980.713   -29988.168        7.455   298.8     -0.351      0.118      0.176      0.441      0.149      0.073
63.6500      -29981.045   -29988.410        7.365   295.2     -0.785      0.147     -0.474     -0.163     -0.063      0.079
63.7000      -29980.393   -29988.354        7.960   319.1     -0.205     -0.440      0.077      0.266     -0.110     -0.148
63.7500      -29980.455   -29987.674        7.218   289.3      0.461      0.323     -0.150      0.253      0.218      0.345
63.8000      -29980.053   -29987.641        7.587   304.1      0.038      0.788      1.129     -0.034     -0.064     -0.150
63.8500      -29979.834   -29987.533        7.699   308.6     -0.809     -0.649     -1.315      0.268      0.274     -0.434
63.9000      -29980.027   -29988.250        8.223   329.6      0.717      0.098      0.400      0.174     -0.102      0.117
63.9500      -29980.008   -29988.643        8.635   346.1     -0.980     -0.270     -0.224     -0.272      0.530     -0.024
64.0000      -29979.809   -29988.277        8.468   339.4     -0.540     -1.042     -0.429      0.135     -0.398      0.059
64.0500      -29979.962   -29987.836        7.874   315.6     -0.886      0.117     -0.145     -0.366     -0.107     -0.211
64.1000      -29979.764   -29987.750        7.986   320.1      0.020      0.154     -0.072      0.243     -0.306     -0.255
64.1500      -29979.591   -29987.797        8.206   328.9     -0.203      0.882     -0.261     -0.253     -0.324     -0.180
64.2000      -29979.410   -29987.342        7.932   317.9     -0.092     -0.425     -0.129     -0.169      0.201      0.054
64.2500      -29979.119   -29987.479        8.360   335.1     -0.318     -0.190      0.459     -0.101      0.093      0.339
64.3000      -29979.109   -29987.979        8.870   355.5      0.096      1.018      0.337     -0.576     -0.661     -0.013
64.3500      -29979.356   -29987.979        8.623   345.6     -0.841     -0.507     -0.803      0.436      0.229      0.703
64.4000      -29979.457   -29987.717        8.259   331.1      0.155     -0.075     -0.262     -0.001     -0.031     -0.062
64.4500      -29979.702   -29987.828        8.126   325.7      0.335      0.616     -0.256      0.142     -0.343      0.199
64.5000      -29979.421   -29987.154        7.733   310.0      0.587     -0.571     -0.626      0.046      0.561      0.029
64.5500      -29979.377   -29987.877        8.500   340.7     -0.737     -0.319     -0.638     -0.602      0.001     -0.178
64.6000      -29979.190   -29987.881        8.690   348.4      0.186      1.154      0.978      0.272      0.189      0.112
64.6500      -29979.084   -29987.965        8.881   356.0      0.585      0.570      0.630     -0.234     -0.100      0.006
64.7000      -29979.197   -29987.781        8.585   344.1      0.026      0.052     -0.324     -0.257      0.341     -0.013
64.7500      -29978.860   -29987.303        8.443   338.4     -0.229     -0.892     -0.736      0.456      0.350     -0.131
64.8000      -29978.779   -29987.324        8.545   342.5      0.469     -0.086     -1.550     -0.253      0.238     -0.053
64.8500      -29978.932   -29987.508        8.576   343.7     -1.281     -0.069     -0.281     -0.067      0.068      0.264
64.9000      -29979.216   -29987.453        8.237   330.2      0.592      0.035     -0.951     -0.134      0.012      0.220
64.9500      -29978.945   -29987.039        8.094   324.5     -0.010     -0.354      0.339      0.255     -0.165     -0.126
65.0000      -29979.073   -29986.561        7.487   300.1     -0.722     -0.057     -0.175     -0.249      0.153     -0.004
65.0500      -29978.984   -29986.695        7.711   309.1      0.350      0.883     -0.774     -0.422      0.277      0.204
65.1000      -29979.038   -29986.996        7.959   319.0     -0.114     -0.345      0.280     -0.064     -0.217      0.545
65.1500      -29978.958   -29987.549        8.591   344.4      0.314     -0.982     -0.106     -0.048      0.327     -0.156
65.2000      -29979.370   -29987.463        8.093   324.4      0.650     -0.173      0.402      0.454      0.292     -0.155
65.2500      -29979.815   -29987.410        7.595   304.5     -0.773     -0.313     -0.775     -0.223     -0.764      0.371
65.3000      -29980.059   -29988.355        8.296   332.6     -0.588     -1.039     -0.552      0.307      0.190     -0.150
65.3500      -29979.967   -29988.070        8.103   324.8     -1.256     -0.521     -0.338      0.114     -0.211      0.499
65.4000      -29979.939   -29988.090        8.151   326.7      0.282     -0.436     -0.534      0.189     -0.092     -0.036
65.4500      -29979.258   -29988.064        8.807   353.0     -2.292     -1.170     -0.475     -0.338      0.021      0.538
65.5000      -29979.772   -29988.117        8.345   334.5     -0.757     -0.058     -0.600     -0.134     -0.055     -0.119
65.5500      -29980.307   -29988.609        8.303   332.8      0.164     -0.098     -0.572      0.243     -0.173      0.768
65.6000      -29980.155   -29987.982        7.827   313.8     -0.407     -1.321      0.223     -0.505      0.268      0.704
65.6500      -29979.927   -29988.436        8.508   341.1      0.111     -0.409     -0.921     -0.179      0.619     -0.249
65.7000      -29979.784   -29987.602        7.817   313.4     -0.344     -0.197     -1.036      0.024     -0.149      0.307
65.7500      -29980.494   -29988.111        7.617   305.3     -0.514     -0.672     -0.510     -0.145     -0.385     -0.306
65.8000      -29980.372   -29988.475        8.102   324.8      0.688     -0.295     -0.258      0.355     -0.422     -0.343
65.8500      -29980.140   -29988.590        8.450   338.7     -0.632     -0.556     -0.571      0.297      0.099      0.300
65.9000      -29979.831   -29988.018        8.186   328.1     -0.408     -0.894      0.210     -0.170      0.023     -0.233
65.9500      -29980.134   -29988.260        8.126   325.7      0.204     -0.096     -0.239     -0.046      0.500      0.341
66.0000      -29980.019   -29988.059        8.040   322.3      0.011      0.043     -0.067      0.301     -0.624      0.157
66.0500      -29980.177   -29988.473        8.296   332.5     -0.471     -0.858     -0.233     -0.102     -0.196      0.069
66.1000      -29980.199   -29987.467        7.268   291.3      1.440     -0.001      0.610      0.221     -0.356     -0.167
66.1500      -29979.941   -29987.994        8.053   322.8     -0.200      0.118     -0.102     -0.344     -0.422      0.099
66.2000      -29979.299   -29986.932        7.632   305.9      0.363      0.074     -0.221      0.980      0.533     -0.198
66.2500      -29979.271   -29987.182        7.911   317.1      0.096     -0.047     -0.040     -0.034     -0.022     -0.178
66.3000      -29979.307   -29987.990        8.683   348.1     -0.441     -1.028     -1.086      0.191     -0.118     -0.512
66.3500      -29979.286   -29987.498        8.212   329.2      0.333     -0.374      0.019      0.013     -0.146     -0.075
66.4000      -29978.940   -29987.811        8.871   355.6     -0.744     -1.492     -0.736      0.634      0.183     -0.366
66.4500      -29978.896   -29987.402        8.506   341.0     -0.271     -0.102     -0.145      0.118     -0.572      0.534
66.5000      -29978.285   -29986.645        8.360   335.1      0.329     -0.753     -0.263     -0.010      0.161      0.082
66.5500      -29978.014   -29986.111        8.097   324.6     -1.053     -0.939     -0.011     -0.056     -0.042      0.135
66.6000      -29977.599   -29986.324        8.725   349.8     -0.428      0.499      0.252     -0.229     -0.172     -0.022
66.6500      -29978.026   -29987.033        9.007   361.0      0.255      0.822      0.009      0.159      0.413      0.594
66.7000      -29977.766   -29986.260        8.494   340.5     -0.324     -0.761      0.315      0.271     -1.207     -0.151
66.7500      -29977.979   -29986.770        8.791   352.4      0.110      0.866     -0.641      0.082      0.327      0.532
66.8000      -29977.880   -29986.527        8.647   346.6      0.368      1.071     -0.343      0.387      0.013      0.150
66.8500      -29977.441   -29986.121        8.680   347.9     -0.079     -0.240      0.224     -0.157      0.313     -0.093
66.9000      -29978.026   -29986.438        8.411   337.2     -0.263     -0.795     -0.546      0.693     -0.476      0.284
66.9500      -29977.662   -29986.506        8.844   354.5     -0.348     -0.216      1.033     -0.762      0.684     -0.688
67.0000      -29977.810   -29987.533        9.723   389.8      0.041     -0.010     -0.142     -0.039     -0.486     -0.079
67.0500      -29978.019   -29987.178        9.158   367.1      0.530     -0.449     -0.306     -0.436      0.295      0.419
67.1000      -29978.354   -29987.016        8.661   347.2     -0.056      0.153     -0.183     -0.072      0.062     -0.594
67.1500      -29979.183   -29987.277        8.094   324.5      0.309      0.357     -0.053     -0.053      0.109      0.176
67.2000      -29979.027   -29987.932        8.905   356.9     -0.619     -0.401     -0.290      0.329      0.164     -0.376
67.2500      -29979.477   -29987.697        8.220   329.5     -0.182      0.151      0.275     -0.330     -0.013     -0.296
67.3000      -29979.326   -29987.453        8.127   325.8      0.367      1.047      0.180     -0.349     -0.195     -0.096
67.3500      -29979.048   -29988.117        9.069   363.5      0.152      0.393     -0.299     -0.083     -0.096     -0.195
67.4000      -29979.228   -29987.994        8.766   351.4     -0.456     -0.152      0.221     -0.166     -0.059     -0.325
67.4500      -29979.747   -29987.832        8.085   324.1      0.081      0.065     -0.087     -0.044     -0.111     -0.367
67.5000      -29979.982   -29988.121        8.139   326.3     -0.194     -1.537     -0.252     -0.212      0.137      0.666
67.5500      -29979.776   -29988.484        8.709   349.1     -1.132     -0.214     -0.635      0.033     -0.042     -0.088
67.6000      -29979.871   -29988.102        8.231   329.9      0.225     -0.584     -0.255     -0.478      0.227      0.263
67.6500      -29979.914   -29988.193        8.280   331.9     -0.141      0.308      0.372     -0.375      0.369      0.112
67.7000      -29979.988   -29988.105        8.118   325.4     -0.528     -0.897     -0.720      0.446     -0.340      0.322
67.7500      -29980.004   -29987.955        7.951   318.7     -0.482     -0.833     -0.799     -0.172     -0.248     -0.041
67.8000      -29979.927   -29987.951        8.024   321.6     -0.144      0.780     -0.444     -0.332      0.455      0.265
67.8500      -29979.871   -29987.838        7.967   319.4      0.420     -0.045     -0.474      0.444      0.067     -0.038
67.9000      -29980.272   -29987.959        7.687   308.1     -0.351     -1.059      0.333      0.029      0.281      0.226
67.9500      -29979.756   -29987.891        8.135   326.1      0.043      0.455      0.414     -0.070     -0.265      0.427
68.0000      -29980.015   -29987.273        7.259   291.0     -0.341     -0.578     -0.819      0.275      0.375     -0.191
68.0500      -29979.737   -29987.426        7.689   308.2     -0.011      0.322     -0.353     -0.317      0.008      0.452
68.1000      -29979.148   -29988.354        9.205   369.0     -0.879      0.191      0.189      0.628      0.180      0.019
68.1500      -29979.186   -29987.574        8.388   336.2      0.306     -0.395      0.040      0.399     -0.065      0.175
68.2000      -29979.164   -29987.748        8.584   344.1     -0.224     -0.513     -0.552     -0.143      0.255     -0.096
68.2500      -29978.983   -29987.539        8.556   343.0     -0.529     -0.440     -0.557     -0.143     -0.144     -0.193
68.3000      -29979.851   -29988.260        8.409   337.1      0.412     -0.182     -0.423     -0.432     -0.399      0.328
68.3500      -29979.712   -29988.057        8.345   334.5     -0.000      0.157     -0.080     -0.167     -0.071     -0.355
68.4000      -29979.687   -29988.869        9.182   368.1      0.088      0.357      0.272      0.576     -0.566      0.075
68.4500      -29979.823   -29988.158        8.336   334.1      1.032      0.428      0.073      0.052     -0.225     -0.705
68.5000      -29979.904   -29988.654        8.751   350.8      0.049      0.062      0.907      0.137      0.157     -0.513
68.5500      -29979.875   -29988.736        8.862   355.2     -0.151      0.477      0.735     -0.239      0.340      0.151
68.6000      -29979.753   -29988.564        8.811   353.2     -0.468     -0.156     -0.674      0.168     -0.001     -0.076
68.6500      -29980.356   -29988.303        7.947   318.5      0.297      0.367      0.139     -0.006      0.155     -0.119
68.7000      -29980.421   -29988.502        8.081   323.9      0.112      0.381      0.060     -0.018     -0.064     -0.045
68.7500      -29980.089   -29988.369        8.280   331.9      0.860      0.364     -0.804      0.195     -0.404     -0.346
68.8000      -29979.903   -29988.135        8.232   330.0      0.098     -0.263      0.988     -0.174     -0.016      0.362
68.8500      -29980.194   -29988.393        8.199   328.6      0.073     -0.516     -0.287     -0.190     -0.326      0.334
68.9000      -29979.655   -29988.432        8.777   351.8      0.258      0.423     -0.272     -0.096     -0.324     -0.417
68.9500      -29979.882   -29988.916        9.034   362.1     -1.203     -1.051     -0.027     -0.044      0.123      0.808
69.0000      -29979.737   -29988.715        8.978   359.9     -0.645     -0.195     -0.636     -0.053      0.306      0.309
69.0500      -29979.712   -29988.098        8.385   336.1     -0.789     -0.114      0.164      0.162     -0.399     -0.253
69.1000      -29979.726   -29988.291        8.565   343.3      0.201     -0.792     -0.646     -0.005     -0.317      0.183
69.1500      -29979.630   -29987.902        8.272   331.6     -0.783     -0.690      0.134      0.295     -0.007     -0.254
69.2000      -29979.337   -29987.709        8.372   335.6      0.078      0.100      0.366     -0.107      0.602      0.469
69.2500      -29978.832   -29987.252        8.420   337.5     -0.368     -0.145      0.175     -0.346      0.536     -0.083
69.3000      -29979.049   -29988.473        9.424   377.8     -0.437      0.358     -0.660      0.351     -0.325     -0.038
69.3500      -29979.109   -29987.713        8.603   344.9     -0.811     -0.468     -0.476      0.102     -0.396      0.110
69.4000      -29979.086   -29987.643        8.556   343.0     -0.553      0.414      0.264     -0.113      0.312     -0.100
69.4500      -29978.798   -29987.400        8.603   344.8      0.416      0.303     -0.359      0.715      0.016     -0.326
69.5000      -29978.859   -29987.590        8.730   350.0      0.290      0.219     -0.365     -0.255     -0.248      0.040
69.5500      -29979.014   -29987.254        8.240   330.3     -1.009     -0.208      0.059      0.034     -0.205      0.019
69.6000      -29979.220   -29987.641        8.420   337.5      0.086     -0.139      0.279      0.080     -0.489     -0.442
69.6500      -29979.422   -29987.678        8.255   330.9     -0.441     -0.407      0.202      0.498     -0.058      0.025
69.7000      -29979.379   -29987.803        8.424   337.7     -0.578     -0.575     -0.255     -0.039      0.313     -0.397
69.7500      -29980.016   -29988.189        8.173   327.6     -0.358     -0.493     -0.223     -0.181     -0.046     -0.031
69.8000      -29980.197   -29987.701        7.504   300.8     -0.306     -0.719     -0.630      0.557      0.320      0.002
69.8500      -29980.076   -29988.055        7.979   319.8      0.137     -0.455     -0.186     -0.103     -0.441     -0.474
69.9000      -29979.797   -29988.600        8.803   352.9      0.066     -0.004     -0.577     -0.252     -0.174      0.025
69.9500      -29979.339   -29987.984        8.646   346.6      0.070     -0.317     -0.132      0.452     -0.192     -0.610
70.0000      -29979.747   -29987.980        8.233   330.0     -0.628      0.317      0.829     -0.240      0.016      0.532
70.0500      -29980.062   -29987.967        7.905   316.9     -0.139     -0.500      0.255     -0.189     -0.289     -0.128
70.1000      -29979.869   -29987.738        7.869   315.4      0.551      0.484     -0.192      0.304      0.009      0.435
70.1500      -29980.058   -29988.205        8.147   326.6     -0.036     -0.725     -0.311      0.146     -0.460      0.349
70.2000      -29980.016   -29988.713        8.697   348.6     -0.479     -0.533     -1.070      0.102     -0.228      0.244
70.2500      -29980.194   -29988.453        8.259   331.1     -0.092     -0.593     -0.265      0.360     -0.293      0.357
70.3000      -29980.347   -29988.420        8.073   323.6      0.139      0.712     -0.042     -0.426      0.359      0.280
70.3500      -29980.678   -29988.316        7.638   306.2      0.470     -0.430      0.695     -0.329     -0.241     -0.586
70.4000      -29980.338   -29987.396        7.059   283.0     -0.155      0.678      0.998     -0.149     -0.172     -0.084
70.4500      -29981.069   -29988.611        7.542   302.3      0.457     -0.590      0.184      0.107     -0.121      0.296
70.5000      -29980.687   -29988.895        8.207   329.0      0.119     -0.003      0.287      0.208      0.212     -0.434
70.5500      -29980.862   -29989.068        8.206   328.9     -0.363     -0.457     -0.037      0.263     -0.091     -0.275
70.6000      -29980.758   -29988.230        7.473   299.5      0.111     -0.120      0.153     -0.442      0.200     -0.139
70.6500      -29980.698   -29988.305        7.607   304.9     -0.321      0.809     -0.131     -0.427     -0.113     -0.060
70.7000      -29980.536   -29988.330        7.794   312.4     -0.549     -0.178     -0.277     -0.029     -0.183      0.500
70.7500      -29980.498   -29988.186        7.687   308.1     -0.776     -0.874     -0.335     -0.288      0.260      0.149
70.8000      -29980.936   -29988.846        7.910   317.1     -0.065     -0.435     -0.509     -0.510     -0.021     -0.357
70.8500      -29981.015   -29988.623        7.608   304.9     -0.018     -0.211     -0.497      0.187     -0.568      0.324
70.9000      -29981.027   -29988.693        7.666   307.3      0.700     -0.389     -0.311      0.397     -0.378     -0.023
70.9500      -29980.999   -29988.494        7.495   300.4     -0.527     -0.412     -0.492     -0.046      0.290     -0.137
71.0000      -29980.677   -29987.969        7.292   292.3      0.767     -0.172     -0.371     -0.732      0.000      0.141
71.0500      -29980.999   -29988.729        7.729   309.8     -0.555      0.228      0.857     -0.422     -0.162     -0.582
71.1000      -29980.960   -29988.727        7.767   311.3     -0.219     -0.706     -0.534     -0.255      0.271      0.381
71.1500      -29980.651   -29988.639        7.987   320.2      0.292      1.014     -0.066     -0.166      0.337      0.061
71.2000      -29980.832   -29988.609        7.777   311.8     -0.022     -0.974      0.498     -0.975      0.179      0.111
71.2500      -29980.662   -29988.936        8.274   331.6      0.810      0.865     -0.035      0.360      0.019     -0.123
71.3000      -29980.156   -29988.555        8.399   336.7     -0.331     -0.919     -0.383     -0.695     -0.020     -0.147
71.3500      -29980.217   -29988.398        8.182   328.0     -0.417      0.317      0.663     -0.256      0.159      0.158
71.4000      -29978.988   -29987.559        8.571   343.6     -0.292     -0.163     -0.597      0.279      0.069      0.308
71.4500      -29978.924   -29987.375        8.451   338.8      0.069      0.277      0.522     -0.064     -0.146     -0.160
71.5000      -29978.843   -29987.193        8.350   334.7      0.861     -0.311      0.622      0.294      0.179     -0.087
71.5500      -29978.964   -29987.955        8.991   360.4     -0.258     -0.223      0.072     -0.298      0.124     -0.131
71.6000      -29979.335   -29988.541        9.206   369.0     -0.369      0.443     -0.701      0.489     -0.330     -0.330
71.6500      -29979.305   -29987.814        8.509   341.1      0.045      0.372      0.100      0.027      0.575      0.054
71.7000      -29979.404   -29987.512        8.107   325.0     -0.757     -1.029     -0.326      0.853      0.286     -0.141
71.7500      -29979.693   -29988.496        8.803   352.9      0.198      0.516      0.614     -0.263     -0.004     -0.052
71.8000      -29979.677   -29987.846        8.168   327.4     -0.700     -0.464      0.214      0.322      0.024     -0.202
71.8500      -29979.439   -29988.047        8.608   345.0      0.526     -0.397      0.381      0.203      0.104     -0.629
71.9000      -29979.311   -29987.920        8.609   345.1      0.260     -0.627      0.086      0.116     -0.524      0.237
71.9500      -29978.594   -29986.924        8.330   333.9     -1.074     -0.594     -1.058     -0.296      0.595      0.090
72.0000      -29978.437   -29987.088        8.651   346.8      0.989      0.203      0.080     -0.184     -0.072     -0.143
72.0500      -29978.282   -29987.254        8.972   359.6     -0.127      0.017      0.468     -0.367     -0.426      0.320
72.1000      -29978.538   -29988.246        9.708   389.1     -0.348      0.317     -0.689      0.184      0.308      0.636
72.1500      -29978.751   -29987.533        8.782   352.0     -0.548      0.315     -0.254      0.234     -0.049      0.089
72.2000      -29978.740   -29987.066        8.326   333.8     -0.726      0.110      0.718      0.224     -0.247      0.110
72.2500      -29978.590   -29987.246        8.657   347.0      0.164     -0.261      0.509      0.134      0.268      0.202
72.3000      -29978.702   -29987.584        8.882   356.0      0.018      0.686     -0.302      0.398      0.172     -0.386
72.3500      -29978.597   -29987.646        9.049   362.7     -0.536     -0.845     -0.765     -0.047      0.132      0.262
72.4000      -29978.259   -29987.115        8.856   355.0     -0.797     -0.396     -0.224      0.154     -0.569     -0.469
72.4500      -29979.025   -29988.383        9.358   375.1      0.253     -0.512      0.903      0.204      0.276      0.192
72.5000      -29979.173   -29988.824        9.651   386.8      0.369      0.098      0.484      0.650      0.370     -0.018
72.5500      -29979.397   -29987.627        8.230   329.9     -0.450     -0.435      0.473     -0.143      0.405      0.424
72.6000      -29979.942   -29988.393        8.450   338.7     -0.041     -0.053      0.285     -0.042     -0.129     -0.344
72.6500      -29979.744   -29988.223        8.478   339.8     -0.097      0.289     -0.537      0.001      0.378      0.072
72.7000      -29980.223   -29987.861        7.638   306.2      0.253      0.111      0.379      0.335     -0.422     -0.199
72.7500      -29979.781   -29987.775        7.995   320.5     -0.781      0.649     -0.101     -0.082     -0.163      0.124
72.8000      -29979.800   -29987.461        7.661   307.1     -0.797      0.268     -0.896     -0.053     -0.143     -0.500
72.8500      -29980.017   -29988.551        8.534   342.1      0.188     -0.399      0.333      0.375      0.116      0.349
72.9000      -29979.752   -29988.812        9.060   363.2     -0.582     -0.653     -0.295     -0.467      0.168     -0.118
72.9500      -29980.132   -29988.773        8.641   346.4     -0.716     -0.573      0.162      0.081      0.090      0.072
73.0000      -29980.264   -29988.422        8.157   327.0     -0.298     -0.516     -0.920      0.553      0.030      0.117
73.0500      -29979.707   -29988.885        9.178   367.9      0.203     -0.440     -0.203      0.544      0.268      0.273
73.1000      -29979.093   -29987.812        8.719   349.5      0.914      0.176      0.824     -0.199      0.246     -0.015
73.1500      -29978.942   -29988.305        9.363   375.3     -0.333      0.699      0.623      0.172     -0.151     -0.162
73.2000      -29979.497   -29988.291        8.794   352.5      0.412     -0.736      0.456      0.450     -0.364     -0.097
73.2500      -29979.892   -29988.061        8.169   327.4      0.197     -0.208      0.501     -0.173     -0.193     -0.031
73.3000      -29979.394   -29988.412        9.018   361.5     -0.787     -0.955     -0.497      0.325     -0.308      0.197
73.3500      -29978.827   -29988.422        9.595   384.6     -1.154     -0.529     -0.359     -0.241      0.409     -0.406
73.4000      -29978.878   -29988.121        9.243   370.5     -0.017     -0.392     -0.094     -0.237     -0.014      0.192
73.4500      -29979.425   -29988.105        8.680   347.9     -1.159     -0.525     -1.482     -0.665      0.061     -0.841
73.5000      -29979.849   -29988.227        8.377   335.8     -0.302      0.637      0.124     -0.700      0.256     -0.247
73.5500      -29979.860   -29988.197        8.337   334.2     -0.433     -0.617     -0.169     -0.247     -0.153      0.099
73.6000      -29979.594   -29987.795        8.201   328.7     -0.115     -0.769     -0.841      0.159      0.216      0.113
73.6500      -29979.371   -29986.969        7.598   304.6     -0.364     -0.657     -0.300     -0.197     -0.226      0.272
73.7000      -29979.451   -29987.229        7.778   311.8      0.173     -0.025     -0.206      0.547      0.158     -0.149
73.7500      -29979.334   -29987.781        8.447   338.6      0.232      0.429     -0.173     -0.417     -0.303      0.330
73.8000      -29979.241   -29987.891        8.649   346.7     -0.899     -1.392     -0.166     -0.304      0.019     -0.085
73.8500      -29978.793   -29987.307        8.513   341.3      0.188      0.370     -0.753      0.073      0.522      0.189
73.9000      -29978.934   -29987.598        8.663   347.3     -1.151     -0.851     -1.485     -0.016     -0.453      0.138
73.9500      -29979.216   -29987.951        8.735   350.2     -0.431     -0.859     -1.020     -0.540      0.597     -0.343
74.0000      -29979.267   -29988.146        8.880   355.9     -0.355     -0.343     -0.785     -0.161      0.592      0.095
74.0500      -29979.354   -29987.645        8.291   332.3      0.702      0.474      0.626     -0.196     -0.057      0.448
74.1000      -29979.177   -29987.596        8.418   337.4      0.035      0.688     -0.101      0.051      0.358     -0.106
74.1500      -29978.951   -29987.699        8.749   350.7      0.585     -0.176     -0.098     -0.118     -0.172     -0.792
74.2000      -29979.036   -29987.332        8.296   332.6     -0.390     -0.089     -0.458      0.182      0.044      0.548
74.2500      -29979.320   -29987.846        8.526   341.8      1.090     -0.889     -1.044     -0.853      0.140     -0.572
74.3000      -29979.393   -29987.816        8.423   337.6     -0.392     -0.812     -0.444      0.162     -0.011      0.009
74.3500      -29979.343   -29987.396        8.054   322.8      0.355      0.541      0.531     -0.019     -0.051     -0.145
74.4000      -29979.045   -29987.219        8.174   327.7      0.216      0.230      0.500     -0.541      0.220     -0.424
74.4500      -29978.463   -29987.355        8.893   356.5      0.295      0.454      0.160     -0.393     -0.058     -0.403
74.5000      -29979.156   -29987.570        8.414   337.3     -0.318     -0.248     -0.265      0.025     -0.070     -0.202
74.5500      -29979.374   -29987.785        8.411   337.2      0.468      0.917      0.293      0.265      0.213      0.002
74.6000      -29978.533   -29987.268        8.734   350.1      0.465      0.486      0.084     -0.284     -0.342      0.066
74.6500      -29979.131   -29987.240        8.109   325.0     -0.160     -0.504     -0.256     -0.266      0.262     -0.305
74.7000      -29978.413   -29987.064        8.651   346.8     -0.581     -0.070      0.988     -0.311      0.183      0.466
74.7500      -29978.692   -29987.480        8.789   352.3     -1.022     -0.374     -0.441     -0.255      0.248      0.030
74.8000      -29979.014   -29987.676        8.662   347.2      0.571      0.168      0.266      0.889     -0.143     -0.538
74.8500      -29979.211   -29987.443        8.232   330.0     -0.173     -0.646      0.181     -0.182     -0.135      0.410
74.9000      -29979.283   -29987.201        7.918   317.4      0.018      0.272     -1.487     -0.959      0.252     -0.001
74.9500      -29979.564   -29987.154        7.591   304.3     -0.080      0.101      1.399     -0.146      0.249     -0.178
75.0000      -29979.366   -29987.543        8.177   327.8      0.508      0.089      0.392     -0.449     -0.207     -0.038
75.0500      -29979.098   -29987.455        8.357   335.0     -1.286      0.611      0.626     -0.030     -0.235     -0.056
75.1000      -29979.113   -29987.857        8.745   350.5      0.184     -0.611     -0.091     -0.378     -0.093      0.441
75.1500      -29979.240   -29987.490        8.251   330.7     -0.495      0.287      1.659      0.241     -0.331      0.172
75.2000      -29979.267   -29987.588        8.321   333.5     -0.311      0.156      0.034     -0.235     -0.170      0.162
75.2500      -29979.473   -29988.090        8.617   345.4      0.014     -0.614     -0.867      0.331      0.112      0.236
75.3000      -29979.142   -29987.641        8.498   340.7     -0.185     -0.716     -0.710      0.199      0.034     -0.275
75.3500      -29979.600   -29988.158        8.558   343.1     -0.680     -0.332     -0.168      0.291     -0.755     -0.001
75.4000      -29979.422   -29987.297        7.875   315.7     -0.220      0.348     -0.209     -0.780      0.046     -0.026
75.4500      -29979.842   -29988.311        8.469   339.5     -0.128      0.466      1.188      0.320      0.005      0.263
75.5000      -29980.640   -29988.639        7.999   320.6      0.286      0.856     -0.357      0.416      0.216     -0.553
75.5500      -29980.661   -29989.012        8.351   334.8     -0.368      0.204     -0.064     -0.657      0.113      0.453
75.6000      -29980.626   -29988.521        7.896   316.5     -0.986     -1.522     -0.292     -0.318      0.072     -0.292
75.6500      -29980.014   -29987.504        7.490   300.2      0.144      0.939      0.527      0.719      0.597      0.517
75.7000      -29979.751   -29988.086        8.335   334.1      0.635     -0.614     -0.173     -0.114      0.098      0.006
75.7500      -29980.033   -29987.703        7.670   307.4     -0.950     -0.013     -0.448      0.224     -0.182     -0.098
75.8000      -29980.617   -29988.039        7.422   297.5      0.632     -0.580     -0.690     -0.319     -0.077      0.285
75.8500      -29980.738   -29988.857        8.119   325.5      0.367     -0.477     -0.335      0.597      0.280      0.280
75.9000      -29979.643   -29988.238        8.595   344.5     -0.428      0.082      0.178      0.347     -0.034      0.034
75.9500      -29979.758   -29988.025        8.268   331.4      0.406      1.193     -0.040      0.159      0.205     -0.457
76.0000      -29979.907   -29988.090        8.183   328.0     -0.635     -2.364     -0.965     -0.192     -0.137     -0.053
76.0500      -29980.163   -29989.213        9.050   362.8      0.575     -0.257     -0.102      0.282      0.029      0.098
76.1000      -29980.632   -29988.375        7.743   310.4     -0.751     -0.334     -1.873      0.203      0.362     -0.115
76.1500      -29980.831   -29988.293        7.462   299.1      0.109     -0.200      0.219     -0.526     -0.562      0.241
76.2000      -29980.769   -29988.141        7.371   295.5     -0.248     -0.680     -0.756      0.418     -0.018     -0.426
76.2500      -29980.691   -29988.574        7.883   316.0     -0.804      0.010     -0.814     -0.623      0.043      0.410
76.3000      -29980.795   -29988.699        7.905   316.8     -0.579     -0.036     -0.372      0.358     -0.576      0.151
76.3500      -29981.135   -29989.027        7.892   316.4      0.168      0.249      0.226     -0.194      0.383      0.441
76.4000      -29981.061   -29988.637        7.576   303.7      0.859      0.030      0.063      0.427      0.199     -0.163
76.4500      -29981.171   -29988.754        7.583   303.9     -0.436      0.754      0.724     -0.019      0.453     -0.175
76.5000      -29980.931   -29989.938        9.007   361.0      0.551     -0.407      0.045      0.457     -0.462      0.138
76.5500      -29981.018   -29988.324        7.306   292.8      0.654     -0.570     -0.437     -0.036      0.826     -0.398
76.6000      -29980.925   -29989.213        8.288   332.2     -0.373      1.701      0.543     -0.403     -0.093      0.267
76.6500      -29980.411   -29988.432        8.020   321.5     -0.105     -0.398     -0.009     -0.246      0.008      0.068
76.7000      -29980.393   -29988.801        8.408   337.0      0.946      0.208     -0.351     -0.304     -0.026      0.307
76.7500      -29980.436   -29988.584        8.148   326.6     -0.242      0.084     -0.324     -0.338     -0.146      0.160
76.8000      -29980.915   -29988.742        7.827   313.8      0.365      0.147      0.399      0.196     -1.032      0.363
76.8500      -29981.036   -29988.225        7.189   288.1      0.187      0.351      0.565     -0.655      0.373     -0.011
76.9000      -29980.747   -29988.604        7.856   314.9     -0.395      0.215      0.396      0.038     -0.132     -0.692
76.9500      -29980.477   -29987.826        7.349   294.6      0.011     -0.661     -0.265     -0.097      0.359      0.759
77.0000      -29980.637   -29988.760        8.123   325.6      0.401      0.492      0.299     -0.031      0.358     -0.341
77.0500      -29980.249   -29988.123        7.874   315.6     -0.208      0.352      0.864      0.481      0.400     -0.107
77.1000      -29980.644   -29988.344        7.699   308.6     -0.243      0.153      0.256      0.170      0.090      0.346
77.1500      -29980.361   -29988.295        7.934   318.0     -0.682      0.239     -0.169      0.005      0.241      0.180
77.2000      -29980.111   -29988.250        8.139   326.2     -1.220      0.438     -0.419     -0.605      0.075     -0.113
77.2500      -29980.665   -29988.262        7.597   304.5     -0.005     -0.639     -0.467      0.150     -0.898     -0.050
77.3000      -29980.956   -29989.037        8.081   323.9      0.124      0.071     -0.054      0.412      0.061     -0.244
77.3500      -29980.943   -29989.439        8.497   340.6     -0.813     -0.209      0.639      0.110     -0.576      0.120
77.4000      -29980.489   -29988.564        8.076   323.7     -0.439     -0.049     -0.108     -0.828     -0.671     -0.116
77.4500      -29980.913   -29988.676        7.762   311.2     -0.867     -0.663     -0.605     -0.240      0.172      0.177
77.5000      -29980.407   -29988.361        7.954   318.8     -0.085      0.028     -0.744     -0.624      0.074      0.094
77.5500      -29980.121   -29988.334        8.213   329.2      0.164      0.336     -0.729      0.417     -0.419     -0.410
77.6000      -29980.264   -29988.615        8.351   334.8      0.129     -0.646      0.928     -0.478      0.102     -0.206
77.6500      -29979.523   -29987.832        8.309   333.1      0.353     -0.127     -0.226     -0.330     -0.498      0.418
77.7000      -29979.594   -29987.586        7.992   320.3     -0.270     -0.231     -0.235      0.417      0.233      0.133
77.7500      -29979.868   -29987.832        7.964   319.2     -0.344      0.040     -0.318     -0.323     -0.086      0.645
77.8000      -29979.936   -29988.379        8.443   338.4     -0.023      0.144     -0.230      0.109     -0.629      0.147
77.8500      -29980.119   -29987.348        7.229   289.8     -1.175     -0.716     -0.819     -0.348     -0.227     -0.244
77.9000      -29980.127   -29988.168        8.041   322.3     -1.899     -0.984     -0.685     -0.141     -0.523     -0.208
77.9500      -29980.373   -29987.734        7.361   295.1     -0.080     -0.364     -0.317      0.269     -0.045     -0.085
78.0000      -29979.960   -29988.363        8.403   336.8     -0.895     -0.210     -0.096      0.003      0.237     -0.445
78.0500      -29980.229   -29988.115        7.886   316.1      0.119      0.202     -0.381      0.308      0.008     -0.054
78.1000      -29979.808   -29987.514        7.705   308.9     -0.688     -0.122     -0.644      0.642      0.196     -0.059
78.1500      -29980.049   -29988.486        8.437   338.2     -0.910     -1.015     -0.372      0.063      0.091     -0.653
78.2000      -29979.756   -29988.586        8.830   353.9     -0.576     -0.348     -0.573     -0.065      0.377      0.153
78.2500      -29980.129   -29989.148        9.019   361.5      0.214     -0.021     -0.009      0.458      0.206      0.204
78.3000      -29979.736   -29987.920        8.184   328.1     -0.630      0.536      0.154     -0.226     -0.192     -0.233
78.3500      -29979.132   -29987.963        8.831   354.0     -1.234     -1.259     -0.980     -0.050      0.093     -0.297
78.4000      -29979.483   -29987.797        8.314   333.3      0.012     -0.090      0.028     -0.010     -0.391     -0.209
78.4500      -29979.905   -29988.074        8.170   327.5      0.209      0.238      0.064      0.145      0.397     -0.094
78.5000      -29979.478   -29987.775        8.298   332.6      0.219     -0.309     -0.519     -0.098      0.062      0.126
78.5500      -29979.181   -29988.311        9.130   366.0     -0.149     -0.611     -0.151     -0.198      0.072      0.288
78.6000      -29979.433   -29988.574        9.141   366.4     -0.033     -0.754     -0.135      0.423      0.437     -0.085
78.6500      -29979.677   -29988.621        8.944   358.5      0.282     -0.558     -0.618     -0.736     -0.310     -0.317
78.7000      -29979.465   -29988.463        8.997   360.7      0.572     -0.344      0.109      0.287      0.214     -0.129
78.7500      -29979.415   -29987.492        8.077   323.8     -0.487     -0.386     -0.377      0.065     -0.483      0.365
78.8000      -29979.411   -29988.537        9.126   365.8     -0.148     -0.307      0.237     -0.297      0.007      0.260
78.8500      -29978.896   -29988.174        9.278   371.9     -0.263     -0.592     -0.616      0.406     -0.508     -0.043
78.9000      -29979.154   -29987.852        8.698   348.6     -1.023     -0.095     -0.102      0.032      0.711      0.119
78.9500      -29979.028   -29987.732        8.705   348.9      1.464      0.457     -0.244      0.363      0.631     -0.038
79.0000      -29978.711   -29988.014        9.302   372.9     -1.684     -1.079     -0.770      0.539      0.246     -0.164
79.0500      -29978.832   -29987.203        8.371   335.5     -1.005     -0.836     -0.800     -0.048     -0.575     -0.274
79.1000      -29979.144   -29987.658        8.514   341.3     -1.045     -1.182     -0.719      0.080     -0.218      1.265
79.1500      -29979.692   -29988.525        8.833   354.1     -0.888      0.109     -0.120     -0.323     -0.563     -0.303
79.2000      -29979.995   -29988.932        8.937   358.2     -0.366     -1.133     -0.781      0.144      0.645      0.094
79.2500      -29980.086   -29988.279        8.194   328.4     -0.020      0.361      0.559      0.448     -0.007      0.311
79.3000      -29980.842   -29988.684        7.841   314.3     -0.282     -1.132      0.885      0.160      0.077      0.336
79.3500      -29981.015   -29989.459        8.444   338.5     -0.034      0.028     -0.773     -0.263      0.186      0.338
79.4000      -29981.202   -29989.629        8.427   337.8     -0.255      0.023     -0.946     -0.546      0.250      0.398
79.4500      -29981.248   -29988.758        7.510   301.0     -0.422     -0.426     -0.249     -0.357      0.262     -0.037
79.5000      -29981.152   -29989.246        8.094   324.4      1.528      0.439     -0.377      0.132      0.454      0.271
79.5500      -29981.318   -29989.049        7.730   309.9      0.884      0.602      0.248      0.320      0.132      0.096
79.6000      -29981.786   -29989.334        7.548   302.6      0.051      0.073      1.161     -0.248      0.277     -0.314
79.6500      -29981.268   -29989.701        8.433   338.0      0.530     -0.236     -0.680     -0.325      0.336      0.373
79.7000      -29980.709   -29988.941        8.232   330.0     -0.280     -0.615     -0.568     -0.052     -0.372     -0.276
79.7500      -29980.594   -29989.391        8.797   352.6      0.035     -0.396     -1.066     -0.507     -0.357      0.266
79.8000      -29980.605   -29989.061        8.455   338.9     -1.094     -0.097     -0.218      0.495     -0.266      0.348
79.8500      -29980.413   -29989.090        8.677   347.8     -0.863     -0.903     -1.127      0.445      0.290     -0.222
79.9000      -29980.564   -29988.758        8.194   328.4      0.044     -0.704     -1.355      0.195      0.239      0.112
79.9500      -29980.246   -29988.047        7.801   312.7     -1.198     -0.349      0.507      0.044     -0.057      0.457
80.0000      -29980.567   -29988.576        8.009   321.0      0.226     -0.328     -0.805      0.690     -0.563     -0.190
80.0500      -29981.032   -29989.385        8.353   334.8      0.250      0.348     -0.084      0.627     -0.243     -0.068
80.1000      -29980.848   -29988.914        8.066   323.3      0.671      0.757      0.557      0.540     -0.061      0.327
80.1500      -29980.891   -29989.205        8.314   333.3     -0.098     -0.728     -0.178      0.340      0.743     -1.112
80.2000      -29981.359   -29988.965        7.606   304.9     -0.043     -0.414     -0.260      0.099      0.498      0.542
80.2500      -29981.153   -29989.658        8.505   340.9      0.325      0.160     -0.321     -0.721      0.372     -0.295
80.3000      -29980.856   -29989.363        8.507   341.0     -0.175      0.096      0.424     -0.422     -0.580      0.156
80.3500      -29980.352   -29988.805        8.452   338.8     -0.626     -0.940     -0.656     -0.187     -0.158      0.140
80.4000      -29980.463   -29988.707        8.244   330.4      0.557     -0.239      0.355      0.556     -0.016     -0.397
80.4500      -29980.178   -29989.133        8.955   358.9     -0.826     -0.195      0.299     -0.318     -0.031      0.038
80.5000      -29980.385   -29988.693        8.308   333.0     -1.407     -0.431     -0.590      0.671      0.031      0.421
80.5500      -29980.054   -29988.693        8.639   346.3     -0.047      0.931      0.525      0.340     -0.332     -0.183
80.6000      -29980.264   -29988.320        8.057   323.0      0.998      0.592      1.028      0.295      0.327     -0.552
80.6500      -29979.732   -29988.434        8.702   348.8     -0.068     -0.689     -0.128     -0.306      0.219      0.126
80.7000      -29979.787   -29988.664        8.877   355.8      0.192      0.907     -0.012      0.342     -0.050     -0.173
80.7500      -29980.109   -29988.562        8.453   338.8     -0.575     -0.986     -0.846     -0.149      0.150      0.112
80.8000      -29979.525   -29988.217        8.692   348.4     -0.218      0.192     -0.524      0.325     -0.189     -0.214
80.8500      -29979.632   -29988.025        8.394   336.5     -0.649      0.190     -0.124     -0.235      0.275      0.430
80.9000      -29980.343   -29988.180        7.837   314.1      0.157     -0.253      0.188     -0.545     -0.305     -0.217
80.9500      -29980.276   -29989.461        9.185   368.2     -0.681     -0.707     -0.304      0.245      0.278      0.057
81.0000      -29980.554   -29988.438        7.884   316.0     -0.061     -0.410     -0.203     -0.033     -0.878     -0.009
81.0500      -29980.328   -29988.369        8.041   322.3      0.098     -0.131     -0.225     -0.282      0.101     -0.255
81.1000      -29980.241   -29988.740        8.499   340.7     -0.192      0.291      0.885     -0.057     -0.193     -0.253
81.1500      -29980.843   -29989.061        8.217   329.4     -0.094     -0.056     -0.605     -0.005      0.077      0.185
81.2000      -29980.976   -29988.971        7.995   320.5     -0.131      0.257     -0.601     -0.299      0.106      0.019
81.2500      -29981.216   -29989.447        8.232   330.0      0.281     -0.037     -0.677     -0.528     -0.096     -0.326
81.3000      -29981.242   -29988.990        7.748   310.6     -0.183     -0.642     -0.115      0.316      0.200      0.049
81.3500      -29981.457   -29989.426        7.969   319.4      0.013     -0.282     -1.198      0.044     -0.291     -0.431
81.4000      -29981.542   -29989.777        8.236   330.1     -0.399      0.710      0.421     -0.301     -0.327     -0.122
81.4500      -29981.261   -29988.986        7.726   309.7      0.596     -0.257     -0.120     -0.367      0.444      0.190
81.5000      -29981.510   -29989.383        7.873   315.6      0.053      0.259     -0.225     -0.129     -0.029     -0.464
81.5500      -29981.815   -29989.322        7.508   300.9      1.247      0.449      0.815      0.617     -0.159      0.666
81.6000      -29981.273   -29988.607        7.334   294.0     -0.414      0.927     -0.333     -0.035     -0.220      0.067
81.6500      -29980.621   -29988.689        8.069   323.4     -0.132     -0.243      0.193      0.754      0.471      0.313
81.7000      -29980.345   -29988.549        8.204   328.9      0.286      0.576     -1.166      0.541     -0.105     -0.476
81.7500      -29980.545   -29988.873        8.329   333.8     -0.585     -0.123      0.141     -0.450     -0.187      0.095
81.8000      -29980.777   -29988.867        8.090   324.3      0.376     -0.324     -0.858      0.407     -0.429     -0.254
81.8500      -29980.488   -29988.746        8.258   331.0     -0.732     -0.229     -0.304     -0.158      0.264     -0.039
81.9000      -29980.736   -29988.902        8.167   327.4      0.850     -0.205     -0.801      0.192      0.442     -0.208
81.9500      -29980.317   -29987.885        7.568   303.4      0.789      0.823     -0.070     -0.398     -0.444     -0.226
82.0000      -29980.370   -29988.600        8.230   329.9      0.886     -0.846      0.169     -0.145      0.329     -0.509
82.0500      -29980.621   -29988.543        7.922   317.6     -0.637      0.817      0.396      0.261      0.095      0.325
82.1000      -29980.776   -29988.875        8.099   324.6     -0.907     -0.311     -0.211      0.247     -0.116     -0.402
82.1500      -29980.613   -29988.848        8.234   330.1     -0.688     -1.233     -0.626     -0.229     -0.414      0.027
82.2000      -29980.012   -29987.889        7.876   315.7     -0.742      1.166     -0.602     -0.358     -0.100     -0.025
82.2500      -29980.217   -29987.781        7.565   303.2     -0.833     -0.250     -0.929      0.092      0.222     -0.506
82.3000      -29980.041   -29987.877        7.835   314.1     -0.289     -0.007     -0.154     -0.130     -0.261     -0.828
82.3500      -29980.039   -29987.965        7.926   317.7     -0.182      0.783     -0.342      0.155      0.128      0.166
82.4000      -29980.096   -29987.811        7.714   309.2     -0.660     -0.256     -0.906     -0.312      0.615      0.166
82.4500      -29979.681   -29988.262        8.581   344.0      0.399     -0.036     -0.052      0.206     -0.141     -0.279
82.5000      -29980.041   -29988.496        8.455   338.9     -0.141      0.940      0.125     -0.000     -0.002      0.020
82.5500      -29980.189   -29987.998        7.809   313.0      1.392      0.848      0.649      0.028     -0.296      0.148
82.6000      -29980.117   -29988.168        8.051   322.7      0.684      0.034     -0.496      0.146      0.132     -0.152
82.6500      -29980.322   -29988.225        7.903   316.8     -1.082     -0.461     -0.732      0.321     -0.114      0.546
82.7000      -29980.938   -29988.977        8.039   322.2      0.257     -0.602     -0.959     -0.167     -0.185     -0.149
82.7500      -29980.856   -29989.033        8.177   327.8      1.002      0.147      0.060      0.066      0.195     -0.421
82.8000      -29980.928   -29988.490        7.562   303.1     -0.060      0.293      0.798     -0.055      0.065      0.368
82.8500      -29981.538   -29988.408        6.870   275.4     -0.435      0.804     -0.963     -0.043     -0.459      0.136
82.9000      -29981.461   -29988.758        7.297   292.5      0.240     -0.529      0.121     -0.123      0.216      0.372
82.9500      -29981.471   -29989.451        7.980   319.9     -0.764     -0.199     -0.384     -0.019      0.357      0.182
83.0000      -29981.641   -29988.648        7.007   280.9     -0.862     -0.517     -1.266      0.127      0.121      0.267
83.0500      -29982.343   -29990.256        7.913   317.2     -0.124     -0.271      0.119      0.293     -0.007      0.079
83.1000      -29982.221   -29990.037        7.816   313.3     -0.303     -0.310     -0.884      0.093     -0.519     -0.227
83.1500      -29981.832   -29988.953        7.121   285.4      0.024      0.473      0.383      0.132     -0.175      0.596
83.2000      -29981.362   -29989.234        7.872   315.6      0.083     -0.826      0.402      0.727     -0.223      0.074
83.2500      -29980.955   -29988.969        8.013   321.2      0.165      0.468     -1.030     -0.506      0.028      0.272
83.3000      -29980.949   -29989.086        8.137   326.2     -1.320     -0.214      0.345      0.047     -0.242     -0.133
83.3500      -29981.011   -29988.828        7.817   313.4      0.391      0.313      0.147      0.498     -0.489     -0.015
83.4000      -29981.250   -29989.115        7.865   315.3     -0.300     -0.215     -0.370      0.332      0.661     -0.297
83.4500      -29981.878   -29989.648        7.770   311.5     -1.193      0.073     -0.390      0.022      0.146      0.395
83.5000      -29982.368   -29989.898        7.530   301.9      0.305      0.896     -0.267      0.035     -0.467      0.135
83.5500      -29982.411   -29989.889        7.478   299.7      0.159      0.417      0.387     -0.396     -0.238      0.516
83.6000      -29982.297   -29989.498        7.201   288.7     -0.749     -1.004     -0.565      0.202      0.181     -0.283
83.6500      -29982.401   -29989.705        7.304   292.8     -0.884      0.324      0.401     -0.130     -0.167      0.115
83.7000      -29982.372   -29989.572        7.200   288.6      0.155     -0.019     -0.244      0.069      0.039     -0.489
83.7500      -29982.666   -29990.357        7.692   308.3     -0.871     -0.835     -0.288     -0.209     -0.289     -0.096
83.8000      -29982.204   -29990.225        8.020   321.5     -0.254      0.311      0.307      0.128      0.422      0.316
83.8500      -29982.381   -29989.648        7.268   291.3     -0.265      0.465     -0.398     -0.101      0.081      0.118
83.9000      -29982.106   -29990.268        8.161   327.1     -0.562     -0.596     -0.430     -0.091     -0.134      0.032
83.9500      -29981.936   -29989.668        7.732   310.0      0.092     -0.442     -0.411      0.390     -0.338     -0.078
84.0000      -29981.684   -29989.223        7.539   302.2     -0.811     -1.166     -0.940     -0.395     -0.354     -0.545
84.0500      -29981.832   -29989.648        7.816   313.3     -0.016      0.518      0.249      0.337      0.633      0.071
84.1000      -29982.133   -29989.795        7.662   307.1     -0.154     -0.731     -0.513     -0.821      0.225     -0.354
84.1500      -29982.075   -29989.662        7.587   304.1     -0.193      0.263      0.496      0.219     -0.301      0.168
84.2000      -29981.895   -29989.672        7.777   311.7      0.446     -0.119      1.043      0.532      0.528      0.092
84.2500      -29982.162   -29989.699        7.537   302.1     -0.804      0.611     -0.260      0.369      0.240      0.024
84.3000      -29982.150   -29989.443        7.294   292.4      0.604     -0.390      0.628      0.481     -0.494      0.117
84.3500      -29982.304   -29989.977        7.672   307.5     -1.038     -0.111     -0.345      0.298      0.600     -0.119
84.4000      -29981.783   -29989.588        7.805   312.9      0.088     -0.508     -0.683      0.271      0.253     -0.257
84.4500      -29981.721   -29989.814        8.093   324.4     -0.211     -0.129     -0.279      0.193     -0.250     -0.421
84.5000      -29982.083   -29990.211        8.128   325.8     -0.424      0.002     -0.406      0.070     -0.366      0.091
84.5500      -29982.237   -29990.137        7.900   316.7     -0.239      0.367      0.262     -0.250      0.194     -0.078
84.6000      -29981.875   -29988.971        7.095   284.4     -0.432     -0.664      1.180      0.509     -0.081      0.040
84.6500      -29981.073   -29989.467        8.394   336.5      0.601      0.562     -0.467     -0.302      0.173      0.120
84.7000      -29980.553   -29988.840        8.287   332.2     -0.140     -0.427     -0.218     -0.310      0.354      0.290
84.7500      -29980.939   -29989.764        8.825   353.8      0.184      0.451     -0.272     -0.027     -0.062      0.122
84.8000      -29981.021   -29988.891        7.870   315.5      0.248      0.291      0.637      0.366      0.049     -0.051
84.8500      -29981.089   -29990.072        8.983   360.1     -0.333     -0.071      0.438      0.028      0.230      0.077
84.9000      -29981.402   -29988.793        7.391   296.3      0.017      0.659     -0.314     -0.710     -0.004     -0.259
84.9500      -29981.203   -29989.994        8.791   352.4     -0.197      0.272      0.570      0.263      0.295     -0.148
85.0000      -29980.914   -29989.539        8.625   345.7     -0.063      0.499      0.124     -0.246      0.555      0.234
85.0500      -29981.048   -29988.721        7.673   307.6      0.741     -0.944     -0.358      0.314     -0.646      0.193
85.1000      -29980.837   -29988.945        8.108   325.0     -0.608     -0.495      0.040      0.175      0.036      0.077
85.1500      -29980.305   -29988.689        8.384   336.1     -0.388      0.388     -0.394     -0.199      0.337      0.166
85.2000      -29980.276   -29988.322        8.046   322.5     -0.754     -1.031     -0.999     -0.796      0.044      0.263
85.2500      -29979.659   -29988.107        8.448   338.6     -0.633     -0.708     -0.997      0.299     -0.363     -0.188
85.3000      -29979.573   -29988.318        8.746   350.6     -0.509      1.008     -0.413     -0.152      0.298     -0.089
85.3500      -29979.430   -29988.629        9.199   368.8     -0.919      0.601      0.317     -0.376     -0.256      0.332
85.4000      -29979.270   -29988.336        9.066   363.4      0.235      0.495     -0.811      0.526      0.358      0.340
85.4500      -29979.814   -29988.666        8.852   354.8      0.590     -0.168      0.706     -0.155      0.448      0.518
85.5000      -29979.396   -29988.113        8.718   349.4     -1.730     -0.190     -0.170     -0.286      0.011     -0.421
85.5500      -29979.514   -29987.814        8.301   332.7      0.820      0.439     -0.400      0.229      0.030     -0.085
85.6000      -29979.623   -29988.775        9.152   366.9     -0.908      0.247      0.386      0.064     -0.298      0.153
85.6500      -29979.858   -29987.982        8.124   325.7     -0.758     -0.119     -1.048     -0.006     -0.012     -0.581
85.7000      -29980.629   -29989.174        8.545   342.5     -0.539     -0.329      0.102     -0.393     -0.057     -0.593
85.7500      -29980.772   -29988.746        7.974   319.6     -0.362      0.205      0.174      0.538      0.152      0.410
85.8000      -29980.453   -29988.285        7.832   313.9     -0.275     -0.774     -0.402      0.358      0.055      0.404
85.8500      -29980.557   -29989.193        8.636   346.2     -0.486     -0.382     -1.127     -0.384     -0.146     -0.273
85.9000      -29980.863   -29989.254        8.391   336.4      0.888      0.693     -0.869     -0.206     -0.360      0.098
85.9500      -29981.003   -29989.004        8.001   320.7     -0.220     -0.619     -0.338     -0.287     -0.508     -0.271
86.0000      -29981.059   -29988.453        7.395   296.4     -0.713     -0.918     -1.040     -0.039     -0.118     -0.012
86.0500      -29981.094   -29989.092        7.998   320.6     -0.610     -0.214     -0.301     -0.245     -0.481     -0.345
86.1000      -29981.561   -29989.014        7.452   298.7      0.242      0.019     -0.668     -0.350     -0.283      0.024
86.1500      -29981.247   -29989.041        7.794   312.4      0.009     -0.513      0.983      0.012      0.235      0.686
86.2000      -29981.273   -29989.748        8.475   339.7     -0.359      0.252     -0.039     -0.333      0.308     -0.190
86.2500      -29980.917   -29989.494        8.577   343.8     -0.448     -1.128     -0.288     -0.591     -0.369     -0.535
86.3000      -29981.030   -29989.248        8.218   329.4     -0.380     -0.437     -0.113      0.296     -0.072      0.204
86.3500      -29980.887   -29988.928        8.041   322.3     -0.548     -1.039     -0.913      0.001     -0.338     -0.399
86.4000      -29981.191   -29989.367        8.176   327.8     -0.392     -0.177      0.987     -0.224      0.219      0.760
86.4500      -29981.074   -29989.871        8.797   352.6     -0.598     -0.347     -0.738      0.421      0.225     -0.034
86.5000      -29981.003   -29988.799        7.796   312.5     -0.666     -0.609     -0.267      0.141      0.059      0.690
86.5500      -29980.977   -29989.855        8.878   355.9     -0.111      0.716      0.036     -0.116     -0.016     -0.015
86.6000      -29980.935   -29988.938        8.003   320.8     -0.076     -0.423     -0.279     -0.248      0.094      0.543
86.6500      -29980.817   -29989.754        8.937   358.2     -0.545      0.160     -1.213      0.481     -0.014     -0.066
86.7000      -29980.640   -29988.420        7.780   311.8     -0.599      0.747      0.951     -0.091     -0.142      0.205
86.7500      -29980.939   -29989.117        8.178   327.8     -0.046     -0.232     -0.305     -0.317     -0.249      0.125
86.8000      -29981.461   -29989.537        8.076   323.7      0.110      0.235     -0.339      0.112      0.550     -0.124
86.8500      -29981.064   -29989.883        8.818   353.5      0.132      0.092      0.024     -0.134     -0.391     -0.254
86.9000      -29980.721   -29989.520        8.798   352.7     -1.129     -0.321      0.004     -0.561      0.447      0.091
86.9500      -29981.009   -29989.436        8.426   337.8     -0.180     -0.051      0.037      0.358      0.378      0.586
87.0000      -29980.985   -29989.213        8.227   329.8      0.071     -0.316      0.145     -0.304     -0.239     -0.159
87.0500      -29980.897   -29988.691        7.794   312.4      0.225      0.446     -0.201     -0.011      0.227     -0.248
87.1000      -29981.127   -29988.959        7.832   313.9     -0.790     -0.489     -1.398     -0.047     -0.199      0.073
87.1500      -29981.823   -29989.680        7.856   314.9      0.237     -0.854      0.518      0.050      0.560      0.148
87.2000      -29981.274   -29989.070        7.796   312.5     -0.312      0.744      0.012     -0.426     -0.193     -0.200
87.2500      -29981.490   -29989.973        8.482   340.0      0.449     -0.597     -0.599      0.323      0.401     -0.092
87.3000      -29982.169   -29990.119        7.950   318.7     -0.592      0.042     -0.601      0.367     -0.077     -0.488
87.3500      -29982.330   -29990.330        8.000   320.7      0.352     -0.313      0.427     -0.345     -0.090     -0.078
87.4000      -29981.902   -29990.004        8.102   324.8      0.142     -0.708      0.353      0.365      0.328      0.622
87.4500      -29981.542   -29989.676        8.134   326.0     -0.760      0.785     -0.473     -0.201      0.133     -0.307
87.5000      -29981.833   -29989.875        8.042   322.3     -1.126     -1.247     -0.835      0.274      0.615      0.228
87.5500      -29981.206   -29988.992        7.787   312.1     -0.142     -0.916     -0.502      0.218     -0.051     -0.239
87.6000      -29981.217   -29989.012        7.795   312.5     -1.110     -0.038     -0.277     -0.223     -0.416      0.192
87.6500      -29981.066   -29989.111        8.045   322.5     -0.503      0.261     -0.513      0.191     -0.120     -0.605
87.7000      -29980.557   -29989.092        8.535   342.1     -0.344     -1.298     -0.470      0.355     -0.061      0.052
87.7500      -29980.712   -29989.373        8.661   347.2     -0.245      0.067     -0.045      0.097      0.031      0.626
87.8000      -29980.877   -29989.119        8.242   330.4      0.529     -0.289      0.892      0.359     -0.390     -0.017
87.8500      -29980.781   -29989.637        8.856   355.0     -1.285      0.507     -0.715      0.566      0.708      0.022
87.9000      -29981.065   -29989.520        8.454   338.9     -0.892     -0.463     -0.306      0.291      0.321      0.305
87.9500      -29981.758   -29989.852        8.093   324.4      0.232      0.241     -0.077      0.289      0.279     -0.586
88.0000      -29981.737   -29989.998        8.261   331.1      0.578      0.365      0.286      0.242     -0.329      0.447
88.0500      -29981.027   -29989.455        8.429   337.9     -0.325     -0.246     -0.745     -0.325      0.053     -0.251
88.1000      -29981.470   -29988.783        7.313   293.1     -0.246     -0.937      0.057      0.632      0.255     -0.398
88.1500      -29981.155   -29988.891        7.735   310.1     -0.052     -0.509     -0.171     -0.434     -0.051      0.276
88.2000      -29980.606   -29988.539        7.933   318.0     -0.051      0.120     -0.248      0.090      0.386     -0.698
88.2500      -29980.727   -29988.932        8.205   328.9     -0.290     -0.657      0.036     -0.218      0.276     -0.271
88.3000      -29980.466   -29988.578        8.112   325.2     -0.427     -0.642     -0.031      0.106     -0.061      0.017
88.3500      -29980.711   -29988.180        7.469   299.4     -0.229      0.130      0.018      0.246      0.181      0.057
88.4000      -29980.316   -29989.195        8.879   355.9     -0.357     -0.191     -0.350      0.571      0.118     -0.095
88.4500      -29980.756   -29989.674        8.918   357.5      0.427     -0.963     -0.079     -0.613      0.129     -0.399
88.5000      -29981.159   -29989.236        8.077   323.8      0.511      0.251     -0.226     -0.060      0.256      0.005
88.5500      -29981.184   -29989.150        7.966   319.3      0.394     -0.280      0.214     -0.174     -0.379      0.312
88.6000      -29981.666   -29989.373        7.707   308.9     -0.403     -0.039     -0.021     -0.222     -0.083     -0.269
88.6500      -29981.763   -29989.746        7.983   320.0      0.303     -0.111      0.550      0.487      0.565      0.127
88.7000      -29982.207   -29990.176        7.969   319.4      0.271     -0.807     -0.537      0.180      0.345     -0.056
88.7500      -29982.363   -29989.852        7.489   300.2     -0.160     -0.138      0.101      0.213      0.161      0.038
88.8000      -29982.115   -29990.572        8.458   339.0      0.398     -0.593     -0.591     -0.108      0.209     -0.095
88.8500      -29982.487   -29990.900        8.413   337.2      0.493     -0.904      0.004      0.431     -0.197     -0.283
88.9000      -29982.149   -29990.113        7.965   319.3     -1.427     -1.300     -1.025      0.002      0.348      0.233
88.9500      -29981.980   -29990.031        8.051   322.7      0.544     -0.278      0.063      0.017     -0.224      0.214
89.0000      -29982.062   -29989.930        7.867   315.4      0.437     -0.488     -0.148     -0.010      0.008     -0.752
89.0500      -29981.880   -29989.672        7.792   312.3      0.720     -0.009     -0.170     -0.048      0.192      0.761
89.1000      -29981.801   -29989.877        8.076   323.7      0.265      0.425      0.763     -0.147     -0.162     -0.325
89.1500      -29981.671   -29989.256        7.585   304.1     -1.143     -0.796     -0.526     -0.076      0.291      0.217
89.2000      -29981.181   -29989.635        8.454   338.9     -0.908     -1.869     -0.002     -0.646     -0.300     -0.519
89.2500      -29981.000   -29989.494        8.494   340.5     -0.569     -0.050     -0.487      0.143     -0.401     -0.154
89.3000      -29980.573   -29989.350        8.776   351.8     -0.094      0.042      0.386      0.068      0.626     -0.347
89.3500      -29980.851   -29988.973        8.121   325.5     -0.120      0.142     -0.984     -0.175      0.038      0.306
89.4000      -29980.986   -29989.656        8.670   347.5     -0.203     -1.140      0.537      0.153     -0.254     -0.262
89.4500      -29980.772   -29988.854        8.081   323.9      0.042     -0.760      0.308      0.010     -0.320      0.402
89.5000      -29981.096   -29989.285        8.190   328.3     -0.692     -0.820     -0.542      0.447     -0.941     -0.164
89.5500      -29981.186   -29989.969        8.783   352.1      0.586     -0.480     -0.271      0.190      0.277      0.275
89.6000      -29981.446   -29989.645        8.198   328.6     -0.689     -0.813     -0.478     -0.429     -0.139      0.012
89.6500      -29981.723   -29989.248        7.526   301.7     -0.161      0.950     -0.004     -0.113      0.502     -0.398
89.7000      -29982.046   -29989.992        7.946   318.5      0.497     -0.225      0.612     -0.172      0.432     -0.221
89.7500      -29982.245   -29989.779        7.535   302.0      0.159     -0.698      0.160      0.021     -0.214      0.115
89.8000      -29982.130   -29990.236        8.106   324.9     -0.524     -0.724      0.342      0.539      0.344     -0.081
89.8500      -29982.233   -29990.096        7.862   315.2     -0.068     -0.453     -0.521      0.114     -0.446     -0.096
89.9000      -29982.210   -29990.100        7.889   316.2     -0.407     -1.091     -0.248     -0.161     -0.289     -0.029
89.9500      -29981.864   -29989.422        7.557   302.9     -0.092     -0.421     -0.400      0.111     -0.293      0.331
90.0000      -29982.000   -29989.566        7.566   303.3     -0.330     -0.292     -0.634      0.162     -0.308     -0.717
90.0500      -29982.016   -29989.809        7.792   312.4     -0.901     -0.142     -0.714     -0.026      0.034      0.106
90.1000      -29981.748   -29989.572        7.824   313.6     -0.359      0.049     -0.134     -0.667     -0.073     -0.051
90.1500      -29981.918   -29989.117        7.199   288.6      0.354      1.137     -0.019      0.127      0.244      0.150
90.2000      -29982.285   -29989.932        7.647   306.5      0.077     -0.452      0.243      0.417      0.230      0.500
90.2500      -29982.210   -29989.953        7.743   310.4     -0.663     -0.207     -1.077      0.035      0.187     -0.562
90.3000      -29982.137   -29989.830        7.693   308.4     -1.043     -0.439     -0.726      0.160     -0.574     -0.068
90.3500      -29981.801   -29989.846        8.044   322.5     -0.399     -0.573     -0.181     -0.121     -0.542      0.354
90.4000      -29981.826   -29989.135        7.309   293.0      0.147     -0.196     -0.133      0.414     -0.187      0.113
90.4500      -29981.776   -29989.561        7.785   312.1      0.078      0.769      0.011      0.040      0.299      0.113
90.5000      -29981.151   -29989.221        8.069   323.5     -0.706     -0.042      0.485      0.682     -0.331      0.120
90.5500      -29980.748   -29989.281        8.533   342.1     -0.634     -1.083     -0.014     -0.391      0.021     -0.380
90.6000      -29980.699   -29988.709        8.010   321.1      0.019     -0.726     -0.287      0.611     -0.455      0.505
90.6500      -29980.861   -29988.404        7.543   302.4      0.755      0.303     -0.676      0.248     -0.334     -0.113
90.7000      -29980.652   -29988.811        8.158   327.0     -0.428     -0.145     -0.225     -0.342     -0.101     -0.134
90.7500      -29980.578   -29988.236        7.659   307.0      0.239     -0.516     -0.787     -0.576     -0.008     -0.335
90.8000      -29980.625   -29988.555        7.929   317.8     -1.142     -0.590      0.156      0.216     -0.694      0.203
90.8500      -29981.027   -29988.719        7.692   308.3     -0.820     -0.333     -0.962     -0.435     -0.019      0.050
90.9000      -29980.460   -29988.979        8.519   341.5     -0.773     -0.490     -0.339     -0.492     -0.637      0.231
90.9500      -29980.303   -29988.961        8.658   347.0     -0.613      0.176     -0.019     -0.197     -0.652     -0.127
91.0000      -29980.268   -29988.826        8.558   343.0     -0.258     -0.391     -0.032     -0.406      0.284      0.197
91.0500      -29980.461   -29988.912        8.451   338.8     -0.053     -0.815      0.343      0.257     -0.664      0.073
91.1000      -29980.189   -29987.975        7.785   312.1     -0.931      0.077     -1.129      0.221      0.096     -0.232
91.1500      -29980.545   -29988.598        8.053   322.8      0.247     -0.445     -0.414     -0.495     -0.611      0.331
91.2000      -29980.467   -29988.711        8.244   330.5     -0.388      0.487      0.457     -0.471      0.167      0.751
91.2500      -29980.905   -29988.822        7.917   317.3     -0.013      0.579      0.066      0.377     -0.327     -0.360
91.3000      -29980.494   -29988.070        7.576   303.7      0.304      0.223     -0.060      0.669      0.014     -0.031
91.3500      -29980.908   -29989.062        8.154   326.9     -0.668     -0.275      0.651     -0.667      0.198     -0.062
91.4000      -29980.727   -29988.699        7.972   319.6      0.499      0.308      0.333      0.248     -0.192     -0.235
91.4500      -29980.450   -29988.592        8.142   326.4     -0.292      0.289      1.440     -0.175     -0.424     -0.249
91.5000      -29981.054   -29989.877        8.823   353.7     -0.376     -0.353     -0.311      0.178     -0.129     -0.202
91.5500      -29981.330   -29989.455        8.125   325.7      0.237      0.200     -0.363     -0.349     -0.426      0.422
91.6000      -29981.330   -29989.623        8.293   332.4      0.158      0.250      0.428      0.363     -0.582     -0.197
91.6500      -29981.498   -29989.559        8.061   323.1      0.678      0.574      0.760      0.016      0.101     -0.218
91.7000      -29981.253   -29989.244        7.991   320.3     -0.613     -0.869     -0.331      0.094      0.043     -0.130
91.7500      -29980.686   -29988.650        7.964   319.2      0.227      0.521      0.385      0.576     -0.514     -0.047
91.8000      -29980.976   -29989.324        8.348   334.6      0.654      0.538      0.929      0.107      0.366      0.729
91.8500      -29981.032   -29988.129        7.097   284.5      0.507      0.237      0.142     -0.052     -0.126      0.031
91.9000      -29980.116   -29987.961        7.845   314.5     -0.056      0.815      1.003      0.215      0.410      1.002
91.9500      -29980.030   -29987.439        7.409   297.0     -0.568     -0.114     -0.280      0.009     -0.754      0.252
92.0000      -29979.857   -29987.918        8.061   323.1      1.193      0.171     -0.375      0.785      0.256     -0.180
92.0500      -29979.742   -29988.145        8.402   336.8      0.464     -0.080      0.303     -0.066      0.042      0.507
92.1000      -29979.750   -29988.240        8.491   340.3      0.413      0.564      0.560     -0.230     -0.149      0.564
92.1500      -29979.574   -29987.840        8.266   331.3      1.002      0.770      0.183     -0.181     -0.161     -0.111
92.2000      -29979.614   -29988.590        8.976   359.8     -0.061     -0.498     -0.011     -0.125      0.042      0.776
92.2500      -29980.013   -29988.209        8.196   328.5      0.790     -0.435      0.927      0.065      0.273     -0.328
92.3000      -29979.992   -29987.617        7.625   305.6      0.217      0.549     -0.258     -0.406     -0.073     -0.065
92.3500      -29980.141   -29988.158        8.017   321.4      0.985      0.068      0.504      0.036      0.036      0.003
92.4000      -29979.552   -29987.367        7.815   313.3      0.236      0.190     -0.057     -0.251     -0.013      0.455
92.4500      -29979.411   -29987.871        8.460   339.1      0.653      0.676      0.177     -0.117     -0.099      0.386
92.5000      -29979.621   -29987.492        7.871   315.5     -0.922     -0.927     -0.816      0.176      0.010      0.342
92.5500      -29980.047   -29988.902        8.856   355.0     -0.087     -0.659     -0.249      0.099      0.069      0.248
92.6000      -29980.025   -29988.803        8.778   351.9     -0.017      0.363      1.273     -0.574      0.596     -0.184
92.6500      -29980.160   -29987.967        7.807   312.9      0.022      0.248      0.251      0.231     -0.540      0.240
92.7000      -29980.626   -29989.047        8.421   337.5     -0.394      0.123      0.303     -0.162      0.153     -0.050
92.7500      -29980.671   -29988.930        8.258   331.0     -0.888     -0.819     -0.276      0.120      0.125     -0.596
92.8000      -29980.159   -29988.863        8.704   348.9      0.261      0.085     -0.001      0.325      0.172     -0.615
92.8500      -29981.049   -29988.980        7.932   317.9      0.274      0.039      0.320     -0.200      0.217      0.127
92.9000      -29981.208   -29988.781        7.573   303.6     -0.107     -0.379     -0.117      0.291     -0.279      0.276
92.9500      -29981.025   -29988.924        7.899   316.6      0.578      0.097     -0.117     -0.118      0.011     -0.217
93.0000      -29980.863   -29988.285        7.422   297.5      0.580      0.542      0.743     -0.054      0.340      0.092
93.0500      -29980.881   -29988.725        7.843   314.4      0.328      0.205      0.378      0.188     -0.346      0.079
93.1000      -29980.405   -29989.086        8.680   348.0      0.149     -0.586     -0.190     -0.278      0.363      0.078
93.1500      -29980.294   -29988.320        8.027   321.7     -0.213     -0.348     -0.668     -0.199      0.056     -0.488
93.2000      -29980.215   -29987.869        7.654   306.8      0.208     -0.085     -0.398      0.007      0.262     -0.269
93.2500      -29979.899   -29988.238        8.339   334.3      0.667     -0.056     -0.218      0.173      0.076     -0.246
93.3000      -29979.812   -29988.852        9.039   362.3      0.283     -0.108     -0.172      0.641      0.157      0.235
93.3500      -29979.575   -29988.316        8.741   350.4      0.226     -0.171     -0.937      0.234      0.307      0.380
93.4000      -29979.888   -29988.061        8.172   327.6     -0.507     -0.567     -0.112     -0.441      0.076      0.647
93.4500      -29979.894   -29988.906        9.013   361.3      0.448      0.618     -0.378     -0.004     -0.207      0.222
93.5000      -29980.114   -29988.334        8.220   329.5     -0.006     -0.265     -0.102      0.094      0.030     -0.212
93.5500      -29979.734   -29988.533        8.799   352.7     -0.132     -0.641     -0.226      0.023      0.205     -0.308
93.6000      -29979.535   -29988.568        9.033   362.1     -0.969      0.421     -0.286      0.096      0.634     -0.373
93.6500      -29979.389   -29988.291        8.902   356.8      1.191      0.834      0.710     -0.326     -0.030     -0.080
93.7000      -29980.035   -29988.107        8.073   323.6     -0.728     -0.061     -0.211      0.186      0.345      0.096
93.7500      -29980.125   -29988.359        8.234   330.1      0.222      0.327      0.626     -0.553     -0.159      0.409
93.8000      -29980.317   -29988.334        8.017   321.4     -0.786     -0.321     -1.041      0.489     -0.051     -0.064
93.8500      -29980.329   -29988.312        7.983   320.0      0.332      0.507      0.353     -0.199     -0.300      0.109
93.9000      -29980.277   -29988.598        8.321   333.5      0.294      0.217      0.202     -0.213     -0.033      0.418
93.9500      -29980.184   -29988.852        8.667   347.4      1.394      0.087     -0.466     -0.466     -0.304     -0.646
94.0000      -29980.775   -29989.299        8.524   341.7     -1.769     -0.509     -0.986     -0.251      0.109     -0.047
94.0500      -29980.517   -29989.303        8.785   352.2     -0.167      0.154     -0.274     -0.415      0.741      0.293
94.1000      -29980.098   -29989.197        9.100   364.8      0.424     -0.757     -0.252     -0.106     -0.057      0.224
94.1500      -29979.735   -29988.189        8.454   338.9     -0.693     -0.244     -1.560      0.207     -0.575      0.023
94.2000      -29980.054   -29988.611        8.558   343.0      0.022     -0.225     -0.630     -0.061      0.310      0.579
94.2500      -29979.970   -29988.033        8.064   323.2      0.152     -1.155      0.533     -0.386      0.084     -0.163
94.3000      -29979.519   -29987.947        8.428   337.8      0.856      0.262      0.102      0.102     -0.182      0.228
94.3500      -29979.713   -29987.867        8.154   326.9      0.509      0.800      0.774      0.378      0.345      0.069
94.4000      -29979.796   -29987.738        7.942   318.3      0.082      0.647      1.535      0.019     -0.069     -0.183
94.4500      -29979.947   -29988.309        8.361   335.2     -0.460     -0.658     -0.264      0.280      0.120      0.181
94.5000      -29979.872   -29987.551        7.679   307.8      0.646      0.101     -0.315     -0.201     -0.436      0.374
94.5500      -29979.996   -29988.520        8.524   341.7     -0.017     -0.929     -0.831      0.206     -0.009     -0.076
94.6000      -29979.723   -29988.590        8.866   355.4      0.206     -0.153      0.361     -0.130      0.348      0.479
94.6500      -29979.939   -29988.857        8.918   357.5     -0.419     -0.095      0.351      0.803      0.531     -0.335
94.7000      -29980.678   -29989.336        8.658   347.1      0.061     -0.082     -0.944     -0.025     -0.253      0.302
94.7500      -29981.142   -29989.307        8.165   327.3     -0.008      1.002      0.148     -0.221     -0.160      0.099
94.8000      -29981.120   -29989.805        8.685   348.1     -0.339     -0.625     -0.083      0.546     -0.019      0.010
94.8500      -29980.724   -29988.357        7.633   306.0     -0.191      0.360      0.023      0.243     -0.266      0.089
94.9000      -29981.123   -29989.260        8.137   326.2     -0.160      0.480     -0.404      0.069     -0.264     -0.405
94.9500      -29980.604   -29988.926        8.322   333.6      0.628     -0.349      0.133     -0.003      0.855     -0.200
95.0000      -29980.892   -29988.721        7.829   313.8     -0.959      0.296     -0.350     -0.556     -0.442     -0.184
95.0500      -29980.664   -29988.580        7.916   317.3      0.504      0.277     -0.670      0.477      0.207     -0.075
95.1000      -29980.803   -29988.447        7.645   306.4     -0.495     -0.376     -0.246     -0.115      0.495     -0.079
95.1500      -29980.775   -29988.742        7.967   319.4      0.088      0.047     -0.311     -0.239      0.798     -0.240
95.2000      -29981.326   -29988.697        7.371   295.5     -0.778     -0.537     -0.869     -0.438     -0.410     -0.610
95.2500      -29980.717   -29988.936        8.219   329.4      0.279     -0.464     -0.714     -0.034      0.025     -0.180
95.3000      -29979.956   -29989.020        9.063   363.3     -0.586      1.085     -0.984      0.087      0.096     -0.338
95.3500      -29980.140   -29989.145        9.005   361.0     -0.563     -0.217     -0.982     -0.129     -0.046      0.190
95.4000      -29980.384   -29988.549        8.165   327.3     -0.712     -0.333     -0.073      0.191      0.299     -0.199
95.4500      -29980.635   -29988.684        8.049   322.6     -0.137      0.397      0.353     -0.344     -0.278     -0.386
95.5000      -29980.226   -29988.287        8.061   323.1      0.563      1.083     -0.482      0.305      0.071      0.485
95.5500      -29980.620   -29989.535        8.915   357.4      0.282      0.204      0.071     -0.216     -0.444     -0.888
95.6000      -29980.626   -29988.982        8.357   335.0     -0.558     -0.078     -0.028      0.364      0.435     -0.334
95.6500      -29980.600   -29988.689        8.089   324.3     -0.646      0.652     -0.582     -0.309     -0.379      0.041
95.7000      -29980.917   -29989.137        8.220   329.5     -0.313     -0.735     -0.497     -0.009      0.318      0.333
95.7500      -29980.861   -29988.936        8.074   323.7     -0.134      0.219     -0.586     -0.525     -0.113      0.173
95.8000      -29980.933   -29989.354        8.421   337.5     -0.795     -0.249      0.214     -0.043      0.090      0.331
95.8500      -29981.134   -29989.555        8.420   337.5     -0.486     -0.689      0.465     -0.504     -0.349     -0.101
95.9000      -29981.312   -29989.426        8.114   325.2     -0.057      1.252     -0.997      0.697      0.522      0.254
95.9500      -29980.940   -29989.145        8.204   328.9     -0.221     -0.428      0.368      0.222     -0.210      0.175
96.0000      -29981.110   -29989.479        8.368   335.4     -0.667     -0.049     -0.877      0.343      0.583     -0.517
96.0500      -29979.837   -29988.916        9.079   363.9     -1.621     -0.045     -0.774      0.121      0.158      0.218
96.1000      -29979.475   -29988.260        8.784   352.1      0.349      0.231      0.393      0.061      0.319     -0.008
96.1500      -29979.416   -29987.488        8.072   323.6     -0.079     -0.315      0.008      0.059     -0.671      0.343
96.2000      -29979.431   -29987.689        8.259   331.0      0.345      0.536     -0.078      0.010      0.030      0.146
96.2500      -29979.559   -29987.658        8.099   324.7     -0.498      0.197     -0.544      0.264     -0.155      0.248
96.3000      -29979.275   -29988.689        9.415   377.4      0.662      0.737      0.891     -0.336     -0.901      0.052
96.3500      -29979.377   -29987.795        8.417   337.4     -0.992      0.246      0.477      0.185      0.370      0.662
96.4000      -29978.997   -29988.221        9.224   369.7     -0.373      0.000      0.047     -0.365      0.064      0.147
96.4500      -29979.214   -29988.189        8.976   359.8      0.753     -0.820     -0.160      0.170      0.435     -0.238
96.5000      -29979.467   -29988.561        9.094   364.5     -0.821     -0.740     -0.944     -0.065     -0.440     -0.663
96.5500      -29979.938   -29988.430        8.491   340.4      0.053      0.186      0.248      0.024     -0.428      0.037
96.6000      -29980.336   -29988.561        8.225   329.7     -1.150     -0.288      0.266     -0.323      0.096      0.296
96.6500      -29980.351   -29989.096        8.744   350.5     -0.151     -0.857     -0.226     -0.468     -0.151      0.247
96.7000      -29980.175   -29988.750        8.575   343.7      0.608      0.584      0.203      0.023     -0.198      0.517
96.7500      -29980.558   -29988.549        7.991   320.3      0.662      0.225      0.746      0.218      0.735     -0.016
96.8000      -29980.795   -29988.723        7.928   317.8      0.043     -0.168     -0.474     -0.253     -0.272     -0.359
96.8500      -29980.796   -29988.943        8.147   326.6      0.157     -0.528      0.771     -0.292      0.162      0.248
96.9000      -29980.940   -29989.842        8.902   356.8      0.335     -0.260      0.340     -0.510     -0.284     -0.656
96.9500      -29981.111   -29989.641        8.530   341.9     -0.817     -0.879     -0.230      0.662      0.444     -0.229
97.0000      -29981.271   -29989.742        8.471   339.6     -0.275     -0.867      0.145     -0.542     -0.488     -0.517
97.0500      -29981.551   -29989.285        7.734   310.0     -0.165     -0.725      0.442     -0.288      0.220     -0.008
97.1000      -29980.911   -29988.715        7.803   312.8      0.503      0.489     -0.470      0.624      0.131      0.001
97.1500      -29980.858   -29989.088        8.230   329.9     -0.661     -0.117      0.462     -0.224     -0.255     -0.495
97.2000      -29981.224   -29989.262        8.038   322.2      0.199      0.549     -0.064      0.413      0.362     -0.322
97.2500      -29981.153   -29989.002        7.849   314.6      0.800      0.787     -0.143     -0.088      0.067     -0.143
97.3000      -29980.415   -29988.398        7.983   320.0     -0.577     -0.091     -0.488      0.732      0.266      0.374
97.3500      -29980.162   -29988.740        8.578   343.9     -0.515     -0.486     -0.009     -0.028      0.087     -0.185
97.4000      -29980.606   -29989.322        8.716   349.4     -0.465      0.070     -0.976     -0.020     -0.068      0.393
97.4500      -29981.116   -29989.428        8.312   333.2      0.385      0.014      0.112      0.403     -0.299     -0.359
97.5000      -29981.583   -29989.570        7.988   320.2     -0.233     -0.315     -0.440     -0.258      0.360      0.298
97.5500      -29981.281   -29989.688        8.406   337.0     -0.190      0.216     -0.064      0.036     -0.528     -0.240
97.6000      -29981.234   -29988.691        7.458   298.9     -0.668     -0.418     -0.373      0.311      0.115      0.525
97.6500      -29981.023   -29989.121        8.098   324.6      0.125     -0.469     -0.595     -0.164      0.091      0.003
97.7000      -29980.675   -29989.051        8.376   335.7     -0.016     -0.244      0.408     -0.202     -0.454     -0.117
97.7500      -29980.602   -29988.342        7.739   310.2      0.073     -0.096      0.453      0.338      0.516     -0.054
97.8000      -29980.956   -29989.008        8.051   322.7     -0.167     -0.552     -0.428     -0.112     -0.164      0.110
97.8500      -29980.630   -29988.262        7.632   305.9      0.059      0.169     -0.741     -0.361      0.115     -0.156
97.9000      -29980.133   -29989.084        8.951   358.8     -0.436     -0.592      0.235      0.424      0.420      0.304
97.9500      -29980.178   -29988.723        8.545   342.5     -0.778     -0.023      0.691      0.481     -0.018      1.134
98.0000      -29980.890   -29989.398        8.508   341.1     -0.335     -0.081     -0.377      0.100     -0.200     -0.377
98.0500      -29980.942   -29988.742        7.800   312.7     -0.422      0.329      0.181     -0.129      0.390      0.579
98.1000      -29980.925   -29989.096        8.170   327.5     -0.417     -0.700     -0.016      0.132     -0.145      0.355
98.1500      -29980.296   -29988.988        8.693   348.4     -0.471     -0.443      0.862      0.270      0.001     -0.186
98.2000      -29980.163   -29988.766        8.602   344.8     -0.534      0.429      0.156     -0.268      0.113      0.228
98.2500      -29980.670   -29988.398        7.729   309.8      0.408      0.607      0.281      0.033      0.053      0.028
98.3000      -29980.251   -29988.045        7.794   312.4      0.188      0.058      0.670      0.683     -0.024     -0.147
98.3500      -29980.514   -29989.586        9.072   363.7     -1.062     -0.188     -0.037     -0.184     -0.053     -0.432
98.4000      -29980.323   -29989.131        8.808   353.1     -0.072     -0.636     -0.209      0.131     -0.602      0.124
98.4500      -29980.304   -29988.559        8.254   330.9      0.032     -0.036     -0.593     -0.048      0.114     -0.238
98.5000      -29980.544   -29988.926        8.382   336.0     -0.467     -0.477      0.352     -0.199     -0.314     -0.170
98.5500      -29980.261   -29988.279        8.019   321.4     -0.158      0.994      0.083     -0.496     -0.531      0.562
98.6000      -29980.163   -29988.658        8.495   340.5     -0.455     -0.125     -0.608     -0.546     -0.333     -0.019
98.6500      -29980.502   -29988.871        8.369   335.5      0.488     -0.341      0.265      0.053     -0.651     -0.609
98.7000      -29981.047   -29989.354        8.307   333.0      0.055     -0.233     -0.694      0.177     -0.222      0.154
98.7500      -29981.058   -29988.797        7.739   310.2     -0.271      0.174      0.027      0.067      0.170      0.113
98.8000      -29981.588   -29990.773        9.186   368.2     -0.833     -0.222      0.287      0.080     -0.036     -0.018
98.8500      -29981.127   -29990.127        9.000   360.8      0.562     -0.801     -0.657     -0.013      0.219      0.127
98.9000      -29981.696   -29989.627        7.931   317.9     -0.768      0.098     -0.169     -0.305     -0.068     -0.132
98.9500      -29981.163   -29989.580        8.417   337.4     -1.034     -0.622      0.336     -0.569     -0.035     -0.020
99.0000      -29981.207   -29989.748        8.541   342.3     -0.094     -0.019     -0.696      0.120     -0.476     -0.137
99.0500      -29981.266   -29989.121        7.855   314.9      0.902     -1.010      0.164     -0.064     -0.112      0.027
99.1000      -29981.131   -29989.129        7.998   320.6     -0.335      0.239     -0.269     -0.069      0.327     -0.128
99.1500      -29981.364   -29989.025        7.661   307.1      0.731      0.378     -0.225      0.138     -0.355      0.440
99.2000      -29981.062   -29989.336        8.274   331.7      0.191      0.054      0.459      0.001      0.183      0.102
99.2500      -29981.098   -29988.893        7.795   312.5     -0.069      0.004     -0.213      0.367     -0.712      0.213
99.3000      -29981.057   -29989.666        8.609   345.1      0.305      0.624     -0.078      0.454      0.327     -0.211
99.3500      -29981.122   -29989.064        7.942   318.4     -0.329      0.371      0.173     -0.173      0.152      0.187
99.4000      -29981.362   -29989.395        8.032   322.0     -0.122     -0.025     -0.314      0.008     -0.188      0.110
99.4500      -29981.439   -29988.580        7.141   286.2      0.113      0.261      0.806      0.273     -0.095      0.220
99.5000      -29981.579   -29988.902        7.324   293.6      0.629      0.621     -0.138     -0.032     -0.071      0.482
99.5500      -29981.444   -29989.025        7.582   303.9     -0.177      0.475      0.985     -0.366     -0.325     -0.236
99.6000      -29981.432   -29989.520        8.088   324.2      0.089      0.036     -0.738      0.426     -0.055      0.839
99.6500      -29981.514   -29989.414        7.900   316.7      0.144     -0.576     -0.233      0.121      0.190     -0.227
99.7000      -29981.582   -29989.254        7.672   307.5     -0.419     -0.069      0.502     -0.423     -0.143      0.159
99.7500      -29981.314   -29990.121        8.807   353.0      1.142     -0.005     -0.203     -0.140      0.028      0.282
99.8000      -29981.358   -29989.359        8.001   320.7      0.067     -0.474     -0.531      0.532     -0.366      0.226
99.8500      -29980.635   -29989.574        8.939   358.3     -0.062      0.420     -0.658     -0.309      0.601     -0.283
99.9000      -29980.666   -29988.846        8.180   327.9      0.876      0.468     -1.077     -0.029      0.014     -0.135
99.9500      -29980.838   -29989.125        8.287   332.2      0.591     -0.134     -0.473      0.262      0.431      0.029
100.0000     -29980.784   -29988.885        8.101   324.7      0.353      0.428     -0.264      0.181     -0.629     -0.009
100.0500     -29980.757   -29987.629        6.872   275.5     -0.461     -0.674     -0.422     -0.110      0.063     -0.090
100.1000     -29980.669   -29988.564        7.895   316.5      0.677      0.255      0.279     -0.028     -0.189     -0.763
100.1500     -29980.700   -29988.660        7.960   319.1      0.158     -0.604      1.623      0.149      0.088      0.148
100.2000     -29980.854   -29988.568        7.715   309.2      1.027      0.633      0.173      0.236      0.629      0.887
100.2500     -29981.008   -29988.984        7.976   319.7     -0.292     -0.134      0.409     -0.219     -0.383     -0.261
100.3000     -29981.556   -29989.766        8.209   329.1      0.013     -0.240     -1.015     -0.286     -0.010     -0.247
100.3500     -29981.442   -29989.789        8.347   334.6     -0.660     -0.189     -0.658     -0.262      0.103     -0.307
100.4000     -29981.650   -29989.168        7.518   301.4      0.086     -0.278      0.101      0.166     -0.470     -0.241
100.4500     -29981.179   -29989.568        8.389   336.3     -0.181     -0.684      0.327     -0.069     -0.179      0.136
100.5000     -29981.242   -29989.617        8.375   335.7     -0.231      0.298     -0.572      0.192      0.529     -0.273
100.5500     -29981.278   -29989.133        7.854   314.8     -0.059     -0.267     -0.107     -0.326     -0.103      0.407
100.6000     -29980.500   -29988.766        8.266   331.3      0.298     -0.524      0.068     -0.492     -0.160      0.110
100.6500     -29980.567   -29988.307        7.739   310.2     -0.312     -0.277     -0.709      0.582      0.041     -0.241
100.7000     -29980.864   -29988.273        7.409   297.0     -0.557      0.209      0.099      0.046     -0.319      0.051
100.7500     -29980.635   -29988.631        7.996   320.5      0.168     -0.036     -0.298     -0.401     -0.171      0.055
100.8000     -29980.433   -29988.896        8.464   339.3     -0.436     -0.533     -0.294     -0.131      0.351     -0.264
100.8500     -29980.490   -29988.461        7.971   319.5      0.704     -0.893      0.392      0.193     -0.683      0.167
100.9000     -29980.209   -29987.479        7.270   291.4     -0.092      0.186     -0.209     -0.353      0.142      0.436
100.9500     -29979.919   -29988.721        8.801   352.8     -0.493     -1.118      0.067     -0.136      0.007     -0.088
101.0000     -29979.557   -29988.795        9.238   370.3     -0.228     -0.280     -0.712      0.067     -0.428      0.042
101.0500     -29979.956   -29988.340        8.384   336.1     -0.766     -0.681     -0.633     -0.040     -0.122     -0.539
101.1000     -29979.611   -29988.582        8.971   359.6     -1.069     -0.317      0.266      0.399      0.045     -0.224
101.1500     -29979.343   -29987.654        8.311   333.2     -0.049     -0.336     -0.201     -0.040     -0.014      0.828
101.2000     -29979.565   -29987.691        8.126   325.7      0.589      0.118      0.484      0.030     -0.241     -1.091
101.2500     -29979.730   -29988.561        8.830   354.0     -0.281     -1.218     -0.995     -0.007      0.326      0.075
101.3000     -29979.871   -29988.754        8.883   356.1      1.170      0.483      0.464     -0.281      0.051     -0.141
101.3500     -29979.750   -29987.816        8.067   323.3      0.165     -0.486     -0.152     -0.298     -0.492     -0.080
101.4000     -29979.598   -29987.840        8.242   330.4     -0.311      0.225      0.021      0.022      0.391      0.100
101.4500     -29979.523   -29988.252        8.729   349.9      0.061      0.536     -1.315     -0.097      0.243     -0.215
101.5000     -29979.364   -29987.723        8.359   335.1     -0.191     -0.670      0.231      0.330      0.047      0.019
101.5500     -29979.039   -29988.189        9.151   366.8      0.027      0.458      0.462     -0.051     -0.149      0.191
101.6000     -29979.392   -29987.939        8.548   342.6      0.602      0.079      1.186      0.027      0.135     -0.478
101.6500     -29979.633   -29988.230        8.598   344.6     -0.178      0.057      0.336     -0.080      0.423     -0.189
101.7000     -29980.211   -29988.869        8.658   347.0     -0.852      0.533     -0.485     -0.621      0.310      0.178
101.7500     -29980.372   -29989.459        9.087   364.2     -0.835     -0.114     -0.527      0.204     -0.165     -0.217
101.8000     -29980.706   -29989.002        8.296   332.5      0.035     -0.063      0.028      0.019      0.412      0.532
101.8500     -29980.594   -29988.689        8.095   324.5      1.415      1.498      0.277     -0.228      0.541     -0.307
101.9000     -29980.591   -29988.727        8.136   326.1     -0.146      0.231      1.291      0.387      0.094      0.594
101.9500     -29980.327   -29988.555        8.228   329.8      0.015      0.280     -0.133     -0.024     -0.337     -0.386
102.0000     -29980.052   -29988.266        8.214   329.2     -0.493      0.352     -0.255      0.208      0.298      0.235
102.0500     -29980.387   -29988.805        8.418   337.4     -0.235     -0.067      0.449      0.249      0.135      0.040
102.1000     -29980.301   -29988.979        8.678   347.8      0.990      0.553     -0.159     -0.234     -0.344      0.172
102.1500     -29980.472   -29988.553        8.081   323.9     -0.127      0.422      1.139     -0.500     -0.236      0.012
102.2000     -29980.008   -29988.289        8.281   331.9      1.153     -0.751      0.652      0.050     -0.113      0.694
102.2500     -29980.053   -29988.439        8.387   336.2     -0.334     -0.963     -0.480     -0.478     -0.260     -0.417
102.3000     -29980.093   -29988.572        8.480   339.9     -0.182      0.271     -0.295      0.131      0.190     -0.168
102.3500     -29980.631   -29989.434        8.802   352.8      0.010     -0.367      0.253      0.323      0.123     -0.190
102.4000     -29980.622   -29988.848        8.225   329.7     -0.656     -0.243      0.256     -0.059      0.190     -0.464
102.4500     -29980.470   -29988.701        8.232   330.0     -0.914      0.083     -0.575      0.105     -0.818      0.125
102.5000     -29980.110   -29988.266        8.155   326.9     -0.813     -0.112     -0.371      0.193      0.733     -0.105
102.5500     -29980.424   -29988.320        7.897   316.5     -0.419      0.430      0.160      0.136      0.364      0.289
102.6000     -29980.501   -29988.025        7.524   301.6     -0.134     -0.217     -0.026     -0.140      0.620      0.178
102.6500     -29980.624   -29989.463        8.839   354.3     -0.053     -0.458     -0.962     -0.189     -0.708     -0.333
102.7000     -29980.457   -29989.486        9.030   362.0     -0.525      0.228      1.335      0.159     -0.176      0.456
102.7500     -29980.661   -29988.678        8.016   321.3      0.176     -0.235     -0.205      0.161     -0.069     -0.481
102.8000     -29980.683   -29988.990        8.307   333.0      0.642     -0.408      0.070     -0.196      0.335      0.354
102.8500     -29980.457   -29988.207        7.750   310.6      0.126      0.468     -0.205     -0.424     -0.057      0.163
102.9000     -29980.760   -29988.908        8.148   326.6      0.726      0.550      0.784      0.411     -0.331     -0.210
102.9500     -29980.957   -29989.471        8.514   341.3     -0.557     -0.369     -0.244      0.405      0.167     -0.318
103.0000     -29980.745   -29988.793        8.048   322.6     -0.081     -0.724      0.016      0.170      0.137      0.101
103.0500     -29980.647   -29989.596        8.949   358.7     -0.570     -0.767     -0.172     -0.124      0.030     -0.200
103.1000     -29981.463   -29989.805        8.341   334.4     -0.571     -0.904     -1.138     -0.051      0.494     -0.090
103.1500     -29981.139   -29989.475        8.335   334.1     -0.497      0.221     -0.739      0.095     -0.134     -0.073
103.2000     -29981.087   -29989.412        8.325   333.7     -0.102     -0.225     -0.326      0.499      0.220     -0.243
103.2500     -29981.245   -29989.152        7.908   317.0     -1.258     -0.478     -0.655     -0.327      0.102     -0.154
103.3000     -29981.175   -29989.365        8.191   328.3      0.702     -0.230     -0.016      0.321      0.095     -0.209
103.3500     -29980.974   -29989.111        8.137   326.2     -0.396     -0.315      0.248      0.310      0.085      0.222
103.4000     -29980.876   -29989.234        8.358   335.0     -1.006     -0.212     -0.127     -0.566     -0.041     -0.261
103.4500     -29980.512   -29989.447        8.935   358.2     -1.306      0.318     -0.344      0.100     -0.140     -0.093
103.5000     -29980.941   -29988.768        7.826   313.7     -0.332     -0.457     -0.555      0.946      0.352     -0.004
103.5500     -29980.691   -29988.914        8.223   329.6      0.046      0.019     -0.273     -0.194     -0.174      0.085
103.6000     -29980.352   -29989.498        9.146   366.6     -0.607      0.108     -0.962      0.664      0.231      0.220
103.6500     -29980.608   -29988.691        8.083   324.0      0.093      0.103      0.282     -0.505      0.356      0.002
103.7000     -29980.847   -29989.598        8.751   350.8     -0.495      0.132     -0.571      0.054     -0.160      0.378
103.7500     -29981.343   -29989.799        8.456   338.9     -0.573     -0.527      0.245     -0.034      0.058      0.225
103.8000     -29981.197   -29989.420        8.223   329.6      0.365     -0.178     -0.342     -0.156      0.345     -0.274
103.8500     -29981.027   -29989.479        8.452   338.8      0.063      1.168      0.906      0.720      0.543     -0.254
103.9000     -29981.297   -29989.766        8.468   339.4      0.216      0.059      0.794      0.293      0.046     -0.565
103.9500     -29981.402   -29989.330        7.928   317.8     -0.494     -1.117     -0.644      0.602     -0.050     -0.018
104.0000     -29981.458   -29989.254        7.796   312.5     -0.033      0.204     -0.081      0.846     -0.631     -0.353
104.0500     -29981.672   -29989.564        7.893   316.4      0.377      0.614      1.538      0.478     -0.236      0.131
104.1000     -29981.499   -29989.432        7.932   318.0      0.229      0.669      0.288      0.161      0.059     -0.208
104.1500     -29981.959   -29989.955        7.996   320.5      0.098      0.099     -0.361      0.081      0.255      0.004
104.2000     -29981.583   -29989.182        7.599   304.6      0.186     -0.123      0.657      0.122      0.145      0.297
104.2500     -29980.662   -29988.605        7.943   318.4     -0.836     -0.047     -0.066      0.659      0.179     -0.178
104.3000     -29980.787   -29988.969        8.182   328.0      0.533      0.360     -0.005      0.489      0.240     -0.372
104.3500     -29980.444   -29988.352        7.907   317.0     -0.434     -0.439      1.066     -0.317     -0.008     -0.349
104.4000     -29980.546   -29988.422        7.876   315.7      0.131     -0.492      0.340      0.331      0.239     -0.073
104.4500     -29980.092   -29987.836        7.743   310.4     -0.525     -0.623     -0.433     -0.262      0.191     -0.167
104.5000     -29980.126   -29988.250        8.124   325.6     -0.077      0.258      0.187     -0.201     -0.762      0.093
104.5500     -29980.233   -29988.541        8.308   333.0     -1.030     -0.897     -0.495     -0.799      0.027     -0.410
104.6000     -29980.692   -29988.623        7.931   317.9     -0.099     -1.193     -1.016      0.075      0.156      0.044
104.6500     -29980.892   -29989.188        8.296   332.5     -0.022     -0.287      0.395     -0.437     -0.062      0.170
104.7000     -29980.801   -29988.881        8.079   323.9     -0.468     -0.408     -0.185      0.152     -0.007     -0.436
104.7500     -29981.323   -29988.338        7.014   281.2     -0.406     -0.078     -0.168      0.070     -0.480      0.302
104.8000     -29981.084   -29988.844        7.760   311.1     -0.496      0.108     -0.574      0.204      0.057     -0.299
104.8500     -29982.107   -29989.723        7.616   305.3      0.963      0.073      0.256     -0.577      0.425      0.288
104.9000     -29981.730   -29989.590        7.860   315.1     -0.605      0.036     -0.095     -0.467     -0.424     -0.227
104.9500     -29981.378   -29989.695        8.317   333.4     -0.700     -0.401     -0.318     -0.399      0.520     -0.381
105.0000     -29981.090   -29989.496        8.406   337.0      0.192     -0.035     -0.631     -0.121      0.027      0.512
105.0500     -29981.271   -29989.752        8.481   340.0      0.411      0.275     -0.097     -0.332      0.472     -0.510
105.1000     -29981.275   -29989.645        8.370   335.5     -0.788     -0.010     -0.130      0.182     -0.139      0.565
105.1500     -29981.867   -29989.555        7.688   308.2     -0.878     -0.348     -0.121     -0.162     -0.676      0.187
105.2000     -29981.397   -29989.064        7.667   307.3     -0.459     -0.903     -0.668      0.160      0.345      0.231
105.2500     -29981.523   -29989.408        7.885   316.1      0.360     -0.230     -0.187     -0.014     -0.329      0.365
105.3000     -29981.366   -29989.762        8.396   336.5     -0.225      0.501      0.077     -0.052     -0.267      0.398
105.3500     -29981.247   -29988.916        7.669   307.4      0.020     -1.031     -0.697      0.036     -0.225     -0.163
105.4000     -29981.028   -29989.400        8.372   335.6     -0.047     -0.329      0.612     -0.704      0.035      0.524
105.4500     -29980.752   -29989.586        8.834   354.1      0.976      0.183      0.054      0.039      0.035     -0.295
105.5000     -29980.936   -29989.090        8.154   326.9     -0.442      0.008      0.262      0.350     -0.049      0.239
105.5500     -29980.370   -29989.195        8.825   353.7      0.158      0.175     -0.455     -0.279      0.172      0.659
105.6000     -29981.502   -29989.393        7.891   316.3     -0.131     -0.065     -0.238     -0.194      0.333     -0.366
105.6500     -29981.553   -29989.771        8.219   329.4     -0.143     -1.220      0.057     -0.004     -0.354      0.019
105.7000     -29981.113   -29989.230        8.118   325.4      0.395     -0.282      0.069     -0.848      0.396      0.457
105.7500     -29980.651   -29988.600        7.948   318.6     -0.392      0.874     -0.997     -0.028     -0.144     -0.056
105.8000     -29980.935   -29988.762        7.827   313.7     -0.421      0.097     -0.029     -0.533     -0.258      0.178
105.8500     -29980.035   -29988.555        8.520   341.5      0.040      0.497     -0.177     -0.077     -0.234      0.524
105.9000     -29980.522   -29989.602        9.080   364.0      0.100     -0.015     -0.159      0.002     -0.392     -0.131
105.9500     -29980.751   -29989.082        8.331   333.9     -1.121      0.055     -0.623     -0.321     -0.184     -0.341
106.0000     -29981.309   -29989.100        7.791   312.3     -0.390     -0.231     -0.273     -0.426     -0.520     -0.335
106.0500     -29981.444   -29989.191        7.748   310.6      0.438      0.294      0.115     -0.201      0.118      0.080
106.1000     -29981.171   -29989.066        7.896   316.5     -0.392     -0.478      0.445     -0.215      0.271      0.206
106.1500     -29981.412   -29989.135        7.723   309.6     -0.215     -0.890      0.015      0.449     -0.579     -0.075
106.2000     -29981.413   -29989.404        7.991   320.3      0.201      0.680     -0.070     -0.277      0.232      0.050
106.2500     -29981.005   -29989.229        8.224   329.6     -0.748     -0.171     -0.206     -0.456     -0.436      0.007
106.3000     -29980.775   -29988.924        8.149   326.6     -0.409     -0.138      0.716      0.238     -0.012     -0.160
106.3500     -29980.701   -29988.557        7.856   314.9      0.366      0.941      0.261     -0.162      0.683     -0.120
106.4000     -29980.841   -29988.227        7.386   296.0      0.458      0.516      0.559      0.237     -0.176      0.008
106.4500     -29980.872   -29988.479        7.607   304.9     -0.277     -0.358     -0.504     -0.008     -0.343      0.105
106.5000     -29981.020   -29988.832        7.812   313.1     -0.819     -1.357     -1.435     -0.607     -0.316      0.228
106.5500     -29981.152   -29989.361        8.210   329.1     -0.491     -0.426     -0.479     -0.143     -0.166     -0.120
106.6000     -29980.945   -29989.422        8.477   339.8     -0.024     -0.694      0.014     -0.071      0.335     -0.371
106.6500     -29981.177   -29989.068        7.891   316.3     -0.889     -0.485     -0.495      0.147      0.075     -0.109
106.7000     -29981.020   -29988.971        7.950   318.7     -0.287     -0.585     -0.656     -0.439     -0.203      0.155
106.7500     -29980.400   -29988.934        8.533   342.1      0.430     -1.025      0.579     -0.064     -0.101      0.090
106.8000     -29980.835   -29988.564        7.729   309.8      0.289      0.891      0.257     -0.014     -0.240      0.300
106.8500     -29981.295   -29989.117        7.822   313.6     -0.117     -0.044     -0.198     -0.285     -0.206     -0.629
106.9000     -29981.389   -29989.406        8.017   321.4     -0.783     -0.994      0.292      0.277     -0.059     -0.134
106.9500     -29981.637   -29989.146        7.510   301.0     -0.170     -1.448     -1.085     -0.377     -0.250      0.229
107.0000     -29981.299   -29989.182        7.882   316.0     -0.840     -1.505     -1.006     -0.026     -0.144     -0.485
107.0500     -29980.596   -29988.561        7.965   319.3     -0.933     -1.367      0.005     -0.241     -0.114      0.032
107.1000     -29980.991   -29989.180        8.189   328.3     -0.338      0.545     -0.584     -0.211     -0.414      0.363
107.1500     -29980.844   -29988.588        7.744   310.4     -0.375      0.104     -0.354      0.198      0.820      0.236
107.2000     -29980.541   -29988.678        8.137   326.2      0.637     -0.132     -0.541     -0.336     -0.098     -0.025
107.2500     -29980.695   -29989.238        8.543   342.5      0.373     -0.002      0.476     -0.638      0.337      0.259
107.3000     -29980.258   -29988.631        8.373   335.6      0.718     -0.788     -0.344      0.355     -0.464     -0.156
107.3500     -29979.878   -29989.023        9.145   366.6      0.172     -0.142     -0.494     -0.187      0.492     -0.414
107.4000     -29980.027   -29988.123        8.096   324.5     -0.334     -0.190     -0.513     -0.008      0.664      1.031
107.4500     -29979.735   -29988.148        8.414   337.3     -0.201     -0.043     -0.574      0.283      0.173     -0.456
107.5000     -29980.099   -29988.934        8.835   354.1     -0.709     -1.550     -0.841      0.132      0.182     -0.078
107.5500     -29979.855   -29989.012        9.156   367.0     -0.902     -0.054     -1.411      0.235      0.196      0.191
107.6000     -29980.212   -29989.061        8.849   354.7     -0.276      0.968      0.016      0.007     -0.504      0.122
107.6500     -29980.473   -29989.562        9.090   364.4     -0.166     -0.110      0.176      0.187      0.194     -0.255
107.7000     -29980.586   -29988.965        8.379   335.9     -1.021      0.348      0.121     -0.008      0.278      0.017
107.7500     -29980.598   -29989.025        8.428   337.8     -0.232      0.126      0.511     -0.196     -0.720     -0.323
107.8000     -29980.665   -29988.922        8.257   331.0      0.367     -1.080     -0.164     -0.302      0.459     -0.074
107.8500     -29980.742   -29989.850        9.108   365.1     -0.409      0.314     -0.401      0.585     -0.234      0.008
107.9000     -29980.809   -29989.170        8.361   335.2      0.597     -0.211     -0.134      0.446      0.047      0.021
107.9500     -29981.404   -29989.529        8.126   325.7     -0.904     -0.063     -0.652     -0.573     -0.164      0.292
108.0000     -29980.873   -29989.172        8.299   332.6     -0.813     -0.499      0.741      0.031      0.002     -0.073
108.0500     -29980.722   -29989.250        8.528   341.8      0.022     -0.138     -0.108      0.280      0.090     -0.240
108.1000     -29981.076   -29989.371        8.295   332.5     -0.444     -0.211      0.528     -0.273      0.464      0.402
108.1500     -29981.045   -29989.076        8.031   321.9      0.284      0.857     -0.187     -0.228     -0.747      0.100
108.2000     -29980.955   -29988.643        7.688   308.2     -0.518      0.802      0.830      0.498      0.308     -0.120
108.2500     -29980.695   -29989.395        8.699   348.7      0.570      0.098      0.116      0.050     -0.142     -0.015
108.3000     -29980.459   -29989.695        9.236   370.2      0.504     -0.493     -0.323     -0.433      0.136     -0.054
108.3500     -29980.815   -29988.648        7.834   314.0     -0.643     -0.754     -0.472     -0.062     -0.177     -0.073
108.4000     -29980.949   -29988.811        7.862   315.1     -0.099     -0.086      0.495      0.250      0.284     -0.422
108.4500     -29981.657   -29989.455        7.798   312.6      0.148     -0.447      0.113      0.155     -0.214      0.219
108.5000     -29981.285   -29989.674        8.389   336.3     -0.089     -0.164      0.930      0.278     -0.282     -0.255
108.5500     -29981.032   -29989.480        8.448   338.7      0.160     -0.284     -0.398     -0.069     -0.196      0.163
108.6000     -29980.772   -29988.561        7.788   312.2     -0.031     -0.217      0.414     -0.191      0.117      0.045
108.6500     -29980.775   -29989.105        8.330   333.9     -0.476     -0.276     -0.185      0.160      0.805      0.033
108.7000     -29980.156   -29989.125        8.969   359.5      0.623     -0.441     -0.645     -0.384      0.544     -0.172
108.7500     -29980.743   -29988.943        8.201   328.7      0.145      1.080      0.660     -0.176      0.048      0.075
108.8000     -29980.252   -29989.129        8.877   355.8     -0.694     -0.455      0.318      0.087      0.106      0.599
108.8500     -29980.666   -29988.752        8.086   324.1     -0.304     -0.215     -0.338      0.095      0.222      0.479
108.9000     -29980.554   -29988.553        7.999   320.6      0.536      0.535      0.121     -0.013      0.143     -0.375
108.9500     -29979.882   -29988.453        8.571   343.6     -0.313     -0.040     -0.039     -0.392      0.149      0.112
109.0000     -29979.597   -29987.986        8.390   336.3      0.806     -0.774      0.214     -0.120      0.073      0.359
109.0500     -29979.319   -29988.541        9.222   369.7     -0.537     -0.167     -0.674      0.217     -0.109     -0.293
109.1000     -29979.670   -29988.051        8.381   335.9     -0.150     -0.889      0.122     -0.141     -0.577      0.544
109.1500     -29980.085   -29989.355        9.270   371.6      0.296     -1.246     -0.587     -0.380      0.231      0.134
109.2000     -29980.344   -29989.258        8.914   357.3      0.992      1.362     -0.035      0.440     -0.142     -0.128
109.2500     -29980.546   -29988.514        7.967   319.4      0.490      0.195      0.741     -0.126     -0.233     -0.427
109.3000     -29980.711   -29989.145        8.433   338.1      0.066     -0.256      0.127     -0.551      0.402     -0.021
109.3500     -29980.400   -29988.652        8.253   330.8     -0.541     -0.642     -0.105     -0.108      0.599      0.053
109.4000     -29980.322   -29988.027        7.705   308.9      1.013     -0.661     -0.624      0.788     -0.301     -0.216
109.4500     -29980.369   -29988.746        8.377   335.8      0.586      0.334     -0.053     -0.498     -0.376      0.189
109.5000     -29980.176   -29988.926        8.749   350.7      0.109      0.127     -0.154      0.127      0.406     -0.734
109.5500     -29980.262   -29988.783        8.521   341.6      0.112     -0.511     -0.658     -0.460     -0.119      0.095
109.6000     -29980.180   -29988.674        8.494   340.5     -1.103     -0.160     -1.309     -0.837     -0.251     -0.100
109.6500     -29980.381   -29988.934        8.552   342.8     -0.375      0.505     -0.116      0.303     -0.206      0.218
109.7000     -29980.402   -29989.340        8.938   358.3     -0.388     -0.404      0.110     -0.291     -0.348     -0.076
109.7500     -29980.759   -29989.492        8.733   350.1     -0.094      0.427     -0.137     -0.401     -0.368     -0.378
109.8000     -29980.388   -29989.709        9.321   373.6     -1.022     -1.263     -0.335     -0.463     -0.485      0.487
109.8500     -29980.707   -29989.535        8.828   353.9      0.699     -0.947     -0.125     -0.059      0.068      0.452
109.9000     -29981.183   -29989.172        7.989   320.2     -0.503      0.426      0.250     -0.001     -0.603     -0.559
109.9500     -29981.490   -29989.746        8.256   330.9      0.076     -0.038      0.447      0.455      0.835     -0.892
110.0000     -29981.200   -29989.578        8.378   335.8     -0.765     -0.557     -1.481      0.535     -0.283     -0.146
110.0500     -29981.702   -29989.611        7.909   317.0     -0.243     -0.748     -0.384     -0.141      0.475      0.109
110.1000     -29981.423   -29989.061        7.637   306.1     -1.071     -0.438      0.514      0.080     -0.256      0.090
110.1500     -29981.552   -29988.699        7.147   286.5     -0.475      0.114     -0.095      0.008     -0.142      0.177
110.2000     -29981.151   -29989.275        8.125   325.7      0.177     -0.095      0.856     -0.025      0.199      0.506
110.2500     -29981.159   -29989.371        8.212   329.2     -0.902     -0.638      0.279     -0.352     -1.086      0.132
110.3000     -29981.140   -29989.295        8.155   326.9      0.179      0.711      0.797      0.134      0.336      0.348
110.3500     -29981.247   -29989.102        7.854   314.8      0.327      0.232      0.910      0.094     -0.240     -0.128
110.4000     -29981.001   -29988.498        7.497   300.5      0.040     -0.333     -0.560      0.678      0.476      0.198
110.4500     -29981.511   -29989.117        7.606   304.9      0.274      0.492      0.631     -0.344      0.052     -0.839
110.5000     -29981.441   -29988.885        7.444   298.4      0.305      0.041     -0.007      0.078     -0.211      0.044
110.5500     -29981.778   -29990.221        8.443   338.4      0.198      0.210      0.734      0.394     -0.094     -0.008
110.6000     -29981.904   -29989.197        7.293   292.3      0.317      0.169      0.416     -0.387     -0.580     -0.295
110.6500     -29981.288   -29989.062        7.774   311.6     -1.080     -0.109      0.161      0.714      0.083     -0.112
110.7000     -29981.230   -29989.088        7.857   315.0     -1.210     -0.088      0.456     -0.206     -0.033     -0.078
110.7500     -29981.671   -29989.504        7.833   314.0      1.125      0.482      0.543      0.069      0.035      0.785
110.8000     -29981.343   -29989.189        7.846   314.5      0.528     -0.034     -1.153      0.029     -0.052     -0.733
110.8500     -29980.876   -29988.771        7.896   316.5      0.191     -0.065      0.725      0.200     -0.569      0.318
110.9000     -29980.898   -29988.717        7.819   313.4     -0.878     -0.194     -0.165      0.626      0.273      0.510
110.9500     -29981.338   -29989.611        8.273   331.6     -0.325     -0.250      0.081      0.125     -0.408      0.586
111.0000     -29980.735   -29988.893        8.157   327.0     -0.469     -0.769     -0.707      0.176      0.437      0.211
111.0500     -29980.899   -29989.000        8.101   324.7     -0.285     -1.026     -0.782      0.317     -0.159     -0.482
111.1000     -29980.974   -29989.684        8.710   349.1     -0.582     -1.046     -0.738     -0.513     -0.507      0.875
111.1500     -29980.625   -29989.141        8.515   341.3     -0.186     -0.045      0.363      0.536      0.607      0.121
111.2000     -29980.465   -29988.633        8.168   327.4      0.751      0.070     -0.261     -0.582     -0.310     -0.134
111.2500     -29980.491   -29988.500        8.009   321.0     -0.954     -0.747     -0.495     -0.029      0.323     -0.272
111.3000     -29980.276   -29989.311        9.035   362.2      0.080     -0.771      0.863     -0.283      0.494      0.093
111.3500     -29980.278   -29988.547        8.269   331.5      0.043      0.559      0.069      0.505     -0.518     -0.372
111.4000     -29980.111   -29989.162        9.051   362.8      0.974      0.266     -0.459     -0.121      0.254      0.110
111.4500     -29980.233   -29988.871        8.638   346.3     -0.339      0.079     -0.389      0.297     -0.379     -0.346
111.5000     -29979.660   -29988.016        8.355   334.9     -0.074     -0.627     -0.819      0.072      0.106      0.939
111.5500     -29979.812   -29988.049        8.237   330.2     -0.907     -0.145      0.076      0.539      0.353     -0.143
111.6000     -29979.731   -29988.400        8.669   347.5      0.329      0.092      0.805     -0.160     -0.429     -0.452
111.6500     -29979.329   -29987.369        8.041   322.3     -1.259     -0.984      0.775      0.194      0.097      0.496
111.7000     -29979.603   -29988.246        8.643   346.5     -0.402     -0.295      0.174     -0.616     -0.355      0.142
111.7500     -29979.778   -29987.883        8.105   324.9     -1.709     -0.779     -1.048     -0.328      0.374     -0.800
111.8000     -29980.060   -29988.074        8.014   321.2     -0.117     -0.839      0.704      0.220     -0.054     -0.045
111.8500     -29980.418   -29988.639        8.220   329.5      0.092     -0.060      0.109     -0.307      0.304     -0.179
111.9000     -29980.601   -29988.811        8.209   329.1     -0.380      0.057     -0.042     -0.317      0.015      0.065
111.9500     -29979.998   -29988.418        8.420   337.5      0.638      0.224      0.086     -0.191      0.519      0.332
112.0000     -29980.138   -29989.170        9.032   362.0      0.592      0.201      0.163     -0.074     -0.230      0.176
112.0500     -29979.880   -29988.566        8.687   348.2     -0.885     -0.339     -0.417     -0.386     -0.059      0.469
112.1000     -29979.569   -29988.119        8.550   342.7     -0.143      0.991     -1.141     -0.286      0.477      0.308
112.1500     -29979.336   -29988.279        8.943   358.5     -0.330     -0.558     -0.242     -0.387      0.105      0.369
112.2000     -29979.280   -29988.064        8.784   352.1      0.300     -0.087      0.235     -0.641      0.010     -0.320
112.2500     -29979.380   -29988.158        8.778   351.9      0.462     -0.311     -0.562      0.080     -0.084     -0.247
112.3000     -29979.966   -29987.688        7.722   309.5     -0.156     -0.343     -0.773     -0.049     -0.157      0.126
112.3500     -29979.772   -29988.580        8.808   353.1     -0.856     -0.677     -1.189      0.505      0.403      0.156
112.4000     -29979.661   -29988.566        8.906   357.0     -0.096     -0.446     -0.112     -0.022     -0.197      0.043
112.4500     -29979.969   -29988.961        8.992   360.5     -0.981      0.813     -0.336     -0.106      0.307     -0.240
112.5000     -29980.498   -29987.883        7.385   296.0     -0.970      0.104     -0.526     -0.606     -0.422      0.057
112.5500     -29980.811   -29988.949        8.138   326.2      0.369     -0.412     -0.149     -0.660     -0.507     -0.075
112.6000     -29980.663   -29988.525        7.862   315.2     -0.164     -0.367      0.274      0.201      0.848     -0.341
112.6500     -29980.450   -29988.783        8.333   334.0      0.451     -0.262     -0.480     -0.077     -0.164     -0.190
112.7000     -29980.442   -29988.223        7.780   311.9     -1.135     -0.956     -0.936      0.481      0.418      0.080
112.7500     -29980.311   -29987.879        7.568   303.3     -0.348     -0.722     -0.508     -0.209     -0.147      0.216
112.8000     -29980.569   -29988.234        7.665   307.3      0.734     -0.097     -1.325     -0.191     -0.376      0.301
112.8500     -29980.134   -29988.447        8.313   333.2     -0.204      0.264      0.213     -0.437      0.412     -0.094
112.9000     -29979.983   -29988.193        8.211   329.1     -0.715     -0.150     -0.659     -0.052     -0.188     -0.112
112.9500     -29979.421   -29988.006        8.585   344.1      0.832     -0.230      0.408     -0.454      0.293      0.050
113.0000     -29979.106   -29987.742        8.636   346.2      0.346     -0.095     -0.531     -0.064      0.304      0.335
113.0500     -29978.529   -29987.859        9.330   374.0     -1.022      0.100     -0.100     -0.241      0.247     -0.160
113.1000     -29978.536   -29987.322        8.786   352.2      0.195      0.146     -0.211     -0.120     -0.235     -0.723
113.1500     -29978.599   -29987.477        8.877   355.8      0.263      0.028      0.065     -0.129     -0.314     -0.407
113.2000     -29978.773   -29986.982        8.210   329.1      1.099      0.554      0.135      0.164     -0.150     -0.267
113.2500     -29978.601   -29986.727        8.126   325.7      0.287     -1.039     -1.220     -0.121     -0.130      0.317
113.3000     -29978.963   -29987.504        8.541   342.4     -0.283     -0.259     -0.802      0.187      0.074     -0.234
113.3500     -29979.106   -29987.441        8.335   334.1     -0.997     -0.392     -0.310      0.261      0.184     -0.388
113.4000     -29978.664   -29987.299        8.634   346.1     -0.961      0.425     -0.750     -0.417     -0.018      0.299
113.4500     -29978.267   -29987.166        8.899   356.7     -1.101      0.088      0.362      0.438     -0.605      0.354
113.5000     -29978.709   -29987.578        8.869   355.5      0.223     -0.003     -0.417     -0.100      0.343      0.263
113.5500     -29978.827   -29987.664        8.837   354.2     -0.532     -0.028     -0.116      0.514      0.325     -0.173
113.6000     -29978.378   -29986.725        8.347   334.6     -0.082      0.500     -0.931     -0.087      0.208     -0.214
113.6500     -29978.511   -29987.320        8.809   353.1     -0.123     -1.036     -0.468      0.402     -0.086     -0.356
113.7000     -29979.211   -29987.518        8.306   333.0     -1.126     -0.737     -0.648     -0.269      0.206      0.445
113.7500     -29979.839   -29987.711        7.872   315.5     -0.423     -1.328     -0.906     -0.550      0.156      0.072
113.8000     -29980.155   -29988.088        7.932   318.0     -0.013     -0.352     -0.845     -0.093     -0.072      0.452
113.8500     -29979.695   -29988.145        8.450   338.7     -0.050     -0.212     -0.690     -0.016      0.133     -0.392
113.9000     -29979.684   -29987.697        8.013   321.2      0.122     -0.492     -0.186     -0.038     -0.179     -0.093
113.9500     -29979.891   -29988.713        8.822   353.6     -0.509      0.437     -0.804     -0.417     -0.079      0.077
114.0000     -29979.837   -29988.152        8.316   333.3     -0.306     -0.435     -0.287     -0.384      0.066     -0.113
114.0500     -29979.999   -29988.762        8.763   351.3      0.419     -0.461     -0.373     -0.296      0.313     -0.149
114.1000     -29980.105   -29988.783        8.678   347.9     -0.194     -0.214     -0.909     -0.474      0.025     -0.190
114.1500     -29980.364   -29989.365        9.001   360.8     -0.947     -0.829     -0.664      0.053     -0.047      0.511
114.2000     -29980.298   -29988.344        8.046   322.5      0.305     -1.531     -0.333      0.217      0.234     -0.119
114.2500     -29980.456   -29989.209        8.753   350.8     -0.450     -0.010      0.592     -0.492      0.157      0.107
114.3000     -29980.813   -29988.795        7.982   320.0     -0.062     -0.150     -0.103      0.627     -0.107     -0.097
114.3500     -29980.517   -29988.354        7.837   314.1     -0.078      1.038      0.583     -0.134     -0.056      0.272
114.4000     -29980.410   -29988.260        7.850   314.6     -0.229      1.480      0.334     -0.256     -0.049     -0.053
114.4500     -29980.149   -29987.500        7.351   294.7     -0.353     -0.667     -0.919      0.819      0.175      0.309
114.5000     -29980.201   -29988.193        7.992   320.4     -0.300     -0.563      0.426     -0.253      0.183      0.076
114.5500     -29980.533   -29988.234        7.702   308.7     -0.334      0.224      0.466     -0.169      0.246      0.629
114.6000     -29981.014   -29988.678        7.664   307.2     -0.547     -0.633      0.023      0.168     -0.082      0.332
114.6500     -29980.788   -29988.297        7.509   301.0      0.795      0.509     -0.046     -0.483     -0.014     -0.100
114.7000     -29980.738   -29988.912        8.174   327.6     -0.773      0.639     -0.071     -0.100      0.169     -0.490
114.7500     -29980.621   -29988.527        7.906   316.9     -0.192      0.130     -0.449     -0.172      0.119      0.262
114.8000     -29980.527   -29988.516        7.989   320.2      0.524      0.074      0.525     -0.291      0.231      0.095
114.8500     -29979.906   -29988.172        8.266   331.4      0.125     -0.145     -0.128      0.144     -0.369     -0.309
114.9000     -29980.290   -29988.652        8.362   335.2      0.341      1.367      0.485     -0.080      0.348      0.096
114.9500     -29979.792   -29988.693        8.901   356.8     -1.033     -0.981     -0.762      0.251      0.149     -0.254
115.0000     -29979.532   -29988.250        8.718   349.5     -0.097      0.242     -0.520      0.330     -0.228      0.456
115.0500     -29979.343   -29987.936        8.593   344.4     -0.346      0.022      0.451     -0.526     -0.095      0.602
115.1000     -29979.421   -29987.729        8.308   333.0     -0.326      0.174     -0.396     -0.602      0.077     -0.662
115.1500     -29979.810   -29987.928        8.118   325.4      0.025      0.664      0.776      0.292     -0.001      0.420
115.2000     -29979.842   -29988.094        8.252   330.8      0.750      0.928      0.531      0.147     -0.055      0.061
115.2500     -29979.551   -29987.352        7.801   312.7      0.252     -0.416      0.169     -0.418      0.147     -0.138
115.3000     -29980.469   -29987.945        7.477   299.7      0.128      0.332     -0.174      0.142     -0.164      0.189
115.3500     -29980.592   -29989.084        8.492   340.4      0.356     -0.795     -0.571      0.120     -0.025     -0.431
115.4000     -29980.221   -29988.432        8.211   329.1     -0.315      0.208      0.382     -0.327      0.377     -0.180
115.4500     -29979.697   -29987.393        7.696   308.5      0.698      1.127      0.398      0.408     -0.542      0.220
115.5000     -29980.210   -29988.381        8.171   327.5      0.108     -0.088      0.667     -0.655      0.027      0.105
115.5500     -29980.312   -29988.201        7.889   316.2     -0.449     -0.512      0.000     -0.441     -0.314     -0.147
115.6000     -29980.622   -29988.520        7.897   316.6     -0.041      0.436      0.113      0.211      0.100      0.177
115.6500     -29981.384   -29988.811        7.427   297.7      0.493     -0.901     -0.170     -0.319      0.118      0.146
115.7000     -29981.576   -29989.078        7.502   300.7      0.169      0.612     -0.066     -0.124     -0.150     -0.101
115.7500     -29981.274   -29989.029        7.755   310.9     -0.112     -0.233      0.272      0.078      0.177     -0.145
115.8000     -29980.697   -29988.691        7.994   320.4      0.523     -0.140      0.371     -0.111     -0.129      0.293
115.8500     -29980.703   -29988.998        8.295   332.5     -0.947      0.232      0.697      0.192      0.405     -0.096
115.9000     -29980.390   -29989.258        8.868   355.5     -0.399      0.083     -0.238     -0.044     -0.410     -0.177
115.9500     -29980.224   -29988.576        8.353   334.8      1.367     -0.074      0.689     -0.358      0.485      0.081
116.0000     -29980.282   -29988.299        8.017   321.3     -0.582      0.069     -0.307     -0.191     -0.653      0.134
116.0500     -29980.725   -29989.381        8.656   347.0     -0.448     -0.167     -0.774      0.089      0.151     -0.055
116.1000     -29981.329   -29989.521        8.193   328.4     -0.454     -0.908      0.932     -0.228     -0.013      0.331
116.1500     -29980.998   -29988.521        7.523   301.6     -1.105     -0.229     -0.060      0.137     -0.375      0.038
116.2000     -29980.937   -29989.270        8.333   334.0     -0.120     -0.453     -0.909     -0.450      0.029     -0.567
116.2500     -29980.680   -29988.436        7.756   310.9      0.150     -0.948      0.124      0.023     -0.083      0.275
116.3000     -29980.539   -29988.207        7.668   307.4     -0.526      0.246     -0.435      0.100     -0.057     -0.237
116.3500     -29980.588   -29989.016        8.428   337.8     -0.635     -0.879      0.290      0.130      0.421      0.073
116.4000     -29980.532   -29988.805        8.272   331.6     -0.422     -0.995      0.497      0.286     -0.323      0.482
116.4500     -29980.652   -29988.930        8.278   331.8      0.236     -0.171     -0.056     -0.082      0.525     -0.713
116.5000     -29980.158   -29989.248        9.090   364.4     -0.197     -0.752     -0.540     -0.034     -0.051     -0.157
116.5500     -29980.289   -29988.566        8.277   331.8     -0.475     -0.854      0.605      0.336      0.522     -0.027
116.6000     -29980.244   -29988.000        7.756   310.9      0.345     -0.189     -0.199     -0.058     -0.008     -0.014
116.6500     -29980.093   -29988.736        8.643   346.4     -0.402     -0.007      0.913      0.299     -0.125      0.213
116.7000     -29979.994   -29988.309        8.314   333.3     -0.289     -1.121     -1.247      0.597     -0.367     -0.397
116.7500     -29979.996   -29988.256        8.260   331.1     -0.046      0.317      0.210     -0.138      0.045     -0.151
116.8000     -29979.962   -29988.193        8.232   330.0     -0.822     -0.297     -0.683      0.038      0.290      0.500
116.8500     -29980.256   -29989.023        8.768   351.5      0.220      0.333      0.494     -0.045      0.099     -0.040
116.9000     -29980.220   -29988.936        8.716   349.4      0.099     -0.083     -0.610     -0.461      0.256     -0.304
116.9500     -29980.640   -29989.391        8.751   350.8      0.636     -0.587     -0.148      0.289     -0.053      0.297
117.0000     -29980.476   -29988.127        7.651   306.7     -0.402     -0.990     -0.431      0.077      0.253      0.225
117.0500     -29980.341   -29987.988        7.647   306.5      0.645     -0.515      0.380      0.320     -0.301     -0.087
117.1000     -29979.837   -29988.291        8.454   338.9     -0.452     -0.385     -0.158     -0.183     -0.107     -0.145
117.1500     -29979.775   -29988.443        8.669   347.5     -0.983     -1.156     -0.591      0.230      0.263      0.317
117.2000     -29979.417   -29987.264        7.847   314.5     -0.196     -1.927     -0.276     -0.514     -0.973      0.172
117.2500     -29979.605   -29987.971        8.365   335.3      0.373      0.146     -0.019      0.062      0.478     -0.217
117.3000     -29979.211   -29988.051        8.839   354.3     -0.284     -0.443     -0.144     -0.084     -0.226      0.583
117.3500     -29979.016   -29986.898        7.883   316.0      0.283     -0.505     -0.760     -0.231      0.110      0.281
117.4000     -29978.938   -29987.756        8.818   353.5      0.076      0.547      0.855     -0.655     -0.355      0.051
117.4500     -29979.089   -29988.018        8.929   357.9     -0.672     -0.407     -0.610      0.671      0.369      0.076
117.5000     -29979.211   -29987.646        8.435   338.1      0.919     -0.329     -0.310     -0.064     -0.499     -0.331
117.5500     -29979.164   -29987.676        8.512   341.2     -0.877      0.595     -0.030     -0.272     -0.042      0.047
117.6000     -29979.066   -29988.314        9.249   370.7     -0.717     -1.073     -0.379      0.321     -0.178      0.020
117.6500     -29978.892   -29987.236        8.345   334.5      0.593     -0.595     -1.101     -1.071      0.325      0.164
117.7000     -29979.200   -29988.730        9.531   382.0     -1.925      0.567      0.384      0.669     -0.147     -0.263
117.7500     -29979.421   -29987.830        8.409   337.1      0.104      0.166     -0.299      0.009     -0.014     -0.250
117.8000     -29980.019   -29987.887        7.867   315.4      0.401     -0.087     -0.839      0.782     -0.078      0.077
117.8500     -29979.757   -29988.277        8.520   341.5     -0.763     -0.910     -0.304      0.139     -0.594      0.292
117.9000     -29979.659   -29988.830        9.171   367.6     -0.096      0.470      0.355     -0.019      0.111     -0.189
117.9500     -29980.061   -29988.402        8.342   334.4     -0.380      0.155     -0.561     -0.370      0.003     -0.150
118.0000     -29980.427   -29988.404        7.977   319.8      0.185     -0.201     -0.838      0.143     -0.036      0.284
118.0500     -29980.341   -29988.090        7.749   310.6      0.157      0.563     -0.167      0.196      0.049      0.315
118.1000     -29980.942   -29988.898        7.957   318.9      0.148      0.387      0.146      0.428      0.193     -0.061
118.1500     -29980.390   -29988.227        7.836   314.1     -0.379      1.101      0.967      0.185      0.267     -0.080
118.2000     -29980.730   -29988.213        7.483   300.0      0.168     -0.654     -0.036      0.197     -0.365     -0.182
118.2500     -29981.037   -29988.535        7.498   300.6      0.294      0.337      0.444      0.261      0.119      0.295
118.3000     -29981.158   -29988.561        7.402   296.7     -1.320     -0.409     -0.083     -0.212      0.208      0.391
118.3500     -29980.703   -29988.475        7.771   311.5     -0.310     -0.339      0.007      0.268     -0.346     -0.185
118.4000     -29980.147   -29988.760        8.612   345.2     -1.064     -0.187     -0.462      0.034      0.469      0.181
118.4500     -29980.225   -29988.393        8.168   327.4     -0.731     -0.119      0.274      0.485     -0.029     -0.414
118.5000     -29979.527   -29988.271        8.744   350.5      0.230      0.805     -1.049      0.193      0.126     -0.159
118.5500     -29979.663   -29988.551        8.888   356.3     -0.203     -0.202      0.051      0.656      0.333      0.006
118.6000     -29980.248   -29988.461        8.213   329.2      0.212     -0.325     -0.415     -0.193      0.214     -0.694
118.6500     -29980.137   -29988.775        8.638   346.3     -0.043      0.287     -0.818     -0.400      0.366      0.021
118.7000     -29979.381   -29987.891        8.509   341.1     -0.085     -0.542     -0.110      0.396     -0.129      0.082
118.7500     -29979.373   -29987.779        8.406   336.9      0.083      0.341     -0.924      0.582      0.099     -0.427
118.8000     -29979.461   -29988.553        9.091   364.4      0.508      0.613      0.166      0.142      0.316     -0.229
118.8500     -29979.822   -29988.074        8.252   330.8      0.801      0.293      0.178     -0.316     -0.595     -0.518
118.9000     -29980.281   -29987.771        7.490   300.2     -0.279      0.535      0.720      0.008      0.048     -0.026
118.9500     -29980.590   -29988.564        7.974   319.6     -0.217     -0.492     -0.482      0.009     -0.122     -0.082
119.0000     -29980.815   -29988.529        7.714   309.2     -0.200      0.760      0.364      0.319      0.177     -0.337
119.0500     -29980.926   -29988.027        7.101   284.6     -1.036      0.271     -0.881     -0.277     -0.215     -0.445
119.1000     -29980.841   -29988.506        7.665   307.3      0.862     -0.134     -0.631     -0.481      0.274     -0.214
119.1500     -29980.672   -29988.670        7.998   320.6     -0.448     -0.201     -0.759     -0.460      0.281      0.026
119.2000     -29980.376   -29988.729        8.353   334.8      0.304      0.308     -0.446     -0.087     -0.159     -0.091
119.2500     -29980.284   -29989.268        8.983   360.1      0.233     -0.232      0.351      0.653      0.067      0.498
119.3000     -29980.385   -29988.717        8.332   334.0      0.116      0.721      0.048     -0.155      0.239      0.444
119.3500     -29980.639   -29987.850        7.210   289.0     -0.397     -0.164     -0.452      0.178     -0.583     -0.132
119.4000     -29980.470   -29988.359        7.890   316.3     -0.524     -0.518     -0.704      0.382      0.183     -0.292
119.4500     -29980.454   -29988.559        8.105   324.9      0.556     -0.345      0.192     -0.265     -0.081      0.099
119.5000     -29980.219   -29987.785        7.566   303.3      0.612     -0.108     -0.367     -0.155     -0.469      0.110
119.5500     -29979.872   -29988.203        8.331   333.9      0.070     -0.074     -0.344      0.437      0.084      0.444
119.6000     -29979.994   -29988.135        8.141   326.3     -1.260     -0.653     -0.177     -0.556      0.010      0.145
119.6500     -29979.819   -29987.650        7.831   313.9      0.960     -0.241     -0.106      0.350     -0.070     -0.516
119.7000     -29979.787   -29987.863        8.076   323.7     -0.154     -0.374     -0.174     -0.294      0.416      0.539
119.7500     -29979.564   -29987.473        7.909   317.0      0.364      0.975      0.443     -0.114     -0.062      0.006
119.8000     -29979.314   -29987.709        8.395   336.5      0.677     -0.035     -0.394      0.155      0.175     -0.006
119.8500     -29979.272   -29987.924        8.652   346.8     -0.661     -0.373      0.483     -0.431     -0.269      0.337
119.9000     -29980.021   -29988.242        8.221   329.5      0.485      0.600      0.407      0.426     -0.001     -0.266
119.9500     -29980.044   -29989.215        9.171   367.6     -0.652     -0.079     -0.846     -0.210     -0.321     -0.036
120.0000     -29980.163   -29988.461        8.298   332.6      0.475     -0.391     -0.213      0.414     -0.384      0.491
120.0500     -29979.898   -29988.590        8.692   348.4     -0.513     -0.199      0.104      0.100      0.769      0.313
120.1000     -29980.078   -29988.061        7.982   320.0      0.758      0.606      0.238      0.277     -0.417     -0.483
120.1500     -29980.023   -29988.475        8.451   338.8     -0.463      0.115      0.285     -0.001      0.270     -0.195
120.2000     -29979.909   -29988.449        8.540   342.3      0.404     -0.325      0.566     -0.481      0.478      0.286
120.2500     -29980.353   -29988.152        7.799   312.6     -0.136      0.639     -0.441      0.239      0.236     -0.277
120.3000     -29979.958   -29989.010        9.052   362.8     -0.234     -0.818     -0.307      0.361      0.161      0.343
120.3500     -29979.836   -29988.070        8.235   330.1     -0.401     -0.160      0.754     -0.298     -0.362     -0.211
120.4000     -29979.690   -29987.990        8.301   332.7      0.591     -0.816     -0.240      0.272     -0.241      0.152
120.4500     -29979.877   -29987.736        7.859   315.0      0.959      1.221      0.676      0.062      0.554     -0.445
120.5000     -29980.136   -29988.047        7.911   317.1     -0.464     -0.204      0.202      0.080     -0.250     -0.545
120.5500     -29980.031   -29988.305        8.273   331.6      0.263      0.451      0.073     -0.213     -0.212     -0.216
120.6000     -29980.061   -29988.199        8.138   326.2     -0.353     -0.619      0.103     -0.273     -0.528     -0.129
120.6500     -29980.129   -29987.992        7.863   315.2     -0.681      0.911      0.220      0.535      0.368      0.394
120.7000     -29980.305   -29988.693        8.388   336.2      0.794      0.088      1.243     -0.128     -0.509     -0.345
120.7500     -29980.052   -29988.646        8.594   344.5      1.163      0.594      0.526     -0.102      0.182     -0.044
120.8000     -29979.936   -29988.316        8.381   335.9      0.459      0.190      1.755      0.537      0.355     -0.410
120.8500     -29980.288   -29988.574        8.286   332.2      0.375      0.637     -0.619     -0.339     -0.042     -0.037
120.9000     -29980.035   -29988.482        8.447   338.6     -0.014     -0.128      0.886      0.034      0.022     -0.047
120.9500     -29979.823   -29987.828        8.006   320.9      0.440     -0.457      0.577     -0.231     -0.177     -0.687
121.0000     -29979.746   -29987.971        8.225   329.7     -0.052     -0.672      0.242      0.357     -0.396      0.208
121.0500     -29980.160   -29988.525        8.366   335.3      0.072      1.000      0.741      0.013      0.015     -0.583
121.1000     -29979.904   -29987.973        8.068   323.4      0.323      0.757      0.524      0.044      0.201      0.503
121.1500     -29980.099   -29988.133        8.034   322.0     -0.223      0.029     -0.555     -0.200      0.104     -0.609
121.2000     -29980.012   -29988.285        8.273   331.6     -0.515      0.815     -0.595     -0.025      0.109     -0.022
121.2500     -29979.561   -29988.443        8.882   356.1     -0.358     -0.832      0.101     -0.214     -0.043     -0.249
121.3000     -29979.481   -29988.295        8.814   353.3      0.344     -0.873      0.296      0.680     -0.745     -0.068
121.3500     -29980.194   -29987.975        7.780   311.9     -0.240      0.702      0.189     -0.540      0.634     -0.104
121.4000     -29980.383   -29988.498        8.115   325.3      0.334     -0.292      0.085      0.496     -0.123      0.042
121.4500     -29980.089   -29988.514        8.425   337.7      0.375      0.062     -0.017     -0.851      0.423      0.030
121.5000     -29979.996   -29987.473        7.477   299.7      0.628     -0.704     -0.244      0.702      0.179     -0.000
121.5500     -29980.375   -29988.246        7.871   315.5     -1.256      0.644     -0.001     -0.365      0.041      0.340
121.6000     -29980.007   -29988.492        8.485   340.1      0.684     -0.914     -0.895      0.344      0.295     -0.149
121.6500     -29980.286   -29988.832        8.546   342.6     -0.354      0.366     -0.180      0.573     -0.355     -0.240
121.7000     -29980.666   -29988.451        7.785   312.1     -0.379     -0.503      0.669     -0.183     -0.218      0.323
121.7500     -29980.724   -29988.873        8.149   326.7     -1.096      0.084     -0.354     -0.058     -0.139     -0.409
121.8000     -29981.079   -29989.295        8.216   329.4     -0.434     -0.133     -0.799     -0.006      0.012      0.118
121.8500     -29981.197   -29989.176        7.979   319.8      0.931     -0.638      0.819      0.062     -0.021     -0.450
121.9000     -29981.315   -29988.812        7.498   300.5      0.437     -0.019      0.030     -0.128      0.257      0.565
121.9500     -29981.112   -29989.414        8.303   332.8     -0.127     -0.256      0.344      0.272      0.002      0.063
122.0000     -29981.418   -29989.484        8.067   323.4     -0.149      0.541     -0.260      0.192      0.046     -0.590
122.0500     -29981.425   -29989.789        8.364   335.3     -0.417     -0.224     -0.382     -0.761      0.163     -0.007
122.1000     -29981.387   -29989.514        8.126   325.7     -1.009     -0.211     -0.313     -0.323     -0.220     -0.058
122.1500     -29981.085   -29988.875        7.790   312.3      0.304      0.007     -0.469      0.584      0.297     -0.115
122.2000     -29981.168   -29989.145        7.977   319.7      0.472      0.904      0.664     -0.786     -0.387     -0.300
122.2500     -29981.032   -29989.117        8.085   324.1     -0.766      0.179     -0.323      0.240     -0.176      0.075
122.3000     -29980.909   -29989.299        8.390   336.3     -0.037      0.126     -0.434      0.267     -0.109     -0.015
122.3500     -29981.301   -29989.551        8.249   330.7     -0.991      0.378     -0.491     -0.066     -0.717     -0.353
122.4000     -29981.191   -29989.414        8.223   329.6      0.366     -1.003     -0.485      0.423      0.243     -0.282
122.4500     -29981.966   -29989.465        7.499   300.6     -0.112     -0.335     -0.826     -0.244      0.261     -0.427
122.5000     -29981.397   -29989.400        8.004   320.8     -0.303     -0.153      0.221      0.130     -0.238      0.068
122.5500     -29981.503   -29989.033        7.530   301.8      0.076     -0.348     -0.229     -0.088      0.345      0.080
122.6000     -29981.781   -29989.838        8.057   323.0     -0.413     -0.671     -0.501      0.052     -0.623     -0.304
122.6500     -29981.611   -29988.959        7.348   294.5     -0.776     -0.354      0.126      0.151     -0.176      0.425
122.7000     -29982.056   -29989.574        7.518   301.4     -0.117     -0.579      0.725     -0.184     -0.566     -0.412
122.7500     -29982.170   -29990.127        7.957   319.0     -0.237     -0.528     -0.858     -0.035      0.495     -0.132
122.8000     -29982.003   -29989.131        7.128   285.7     -0.582      0.448     -0.590      0.450      0.032      0.656
122.8500     -29981.555   -29989.373        7.818   313.4      0.366      0.234      1.159     -0.374     -0.048     -0.501
122.9000     -29981.435   -29989.812        8.377   335.8      1.008     -0.048     -0.340     -0.165      0.085     -0.221
122.9500     -29981.222   -29989.248        8.027   321.7      0.189     -0.793      0.297     -0.050      0.135     -0.433
123.0000     -29980.872   -29988.658        7.786   312.1     -0.724      0.004     -0.011      0.043      0.226      0.727
123.0500     -29980.159   -29988.482        8.323   333.6      0.346     -0.428      0.113     -0.349     -0.363     -0.134
123.1000     -29979.896   -29988.613        8.717   349.4     -0.753     -0.289     -0.728     -0.376      0.163     -0.103
123.1500     -29980.217   -29988.682        8.465   339.3     -0.221      0.120     -0.571      0.650      0.008      0.008
123.2000     -29980.077   -29988.400        8.323   333.6     -0.022     -0.921      0.010     -0.156     -0.368      0.037
123.2500     -29980.692   -29989.193        8.501   340.8      0.487     -0.303      0.318     -0.009     -0.057     -0.377
123.3000     -29981.063   -29988.975        7.912   317.1     -0.508      0.816      0.192      0.035     -0.151      0.519
123.3500     -29980.987   -29988.742        7.755   310.9     -0.037      0.543     -0.244     -0.172     -0.430      0.097
123.4000     -29980.518   -29988.977        8.459   339.1     -0.114     -0.582     -0.445      0.178      0.248     -0.061
123.4500     -29980.119   -29988.334        8.215   329.3      0.277      0.933      1.657      0.163      0.080     -0.294
123.5000     -29980.244   -29988.498        8.254   330.8      0.327      0.467      0.571      0.192      0.399     -0.264
123.5500     -29980.653   -29989.148        8.495   340.5     -0.417     -0.660     -0.594      0.429     -0.088      0.487
123.6000     -29980.233   -29988.734        8.502   340.8      0.223      0.588      1.089     -0.498     -0.358      0.141
123.6500     -29980.156   -29988.885        8.729   349.9      0.924      0.037      0.113     -0.586     -0.159     -0.219
123.7000     -29979.699   -29988.281        8.582   344.0     -0.949      0.394     -1.046      0.333      0.171      0.418
123.7500     -29979.396   -29988.111        8.715   349.4     -0.539     -0.520     -0.782     -0.006      0.198      0.158
123.8000     -29978.931   -29988.242        9.311   373.2      0.699      0.025     -0.880      0.434     -0.434     -0.278
123.8500     -29979.206   -29988.297        9.091   364.4     -0.906     -0.388     -0.515      0.500      0.242     -0.003
123.9000     -29979.408   -29987.309        7.900   316.7     -0.200      0.235     -0.313     -0.070      0.182     -0.399
123.9500     -29979.363   -29987.779        8.416   337.3     -0.179     -0.622      0.691      0.282     -0.136     -0.324
124.0000     -29979.872   -29988.084        8.212   329.2     -0.008      0.793     -0.095     -0.132      0.079     -0.110
124.0500     -29979.736   -29988.426        8.690   348.3      0.609     -0.836     -0.343      0.529     -0.938      0.349
124.1000     -29979.879   -29988.582        8.703   348.9     -0.193      0.335     -0.855     -0.323      0.347     -0.147
124.1500     -29979.904   -29988.367        8.463   339.2     -0.509     -0.076      0.274      0.396     -0.650     -0.387
124.2000     -29980.503   -29988.174        7.671   307.5      0.967     -0.121     -0.052     -0.013      0.318      0.392
124.2500     -29980.503   -29988.416        7.913   317.2     -0.511      0.108     -0.485      0.064     -0.177     -0.304
124.3000     -29980.576   -29988.391        7.815   313.3      0.743     -0.028      0.136      0.038      0.189      0.060
124.3500     -29980.520   -29988.238        7.718   309.4     -0.591      0.549      0.443      0.300     -0.023     -0.337
124.4000     -29980.380   -29988.715        8.335   334.1     -0.001     -0.851     -0.019     -0.182     -0.301     -0.058
124.4500     -29980.156   -29988.656        8.500   340.7      0.249      0.615      1.288      0.157     -0.117     -0.665
124.5000     -29980.553   -29988.322        7.769   311.4      0.157      0.805     -0.395     -0.458     -0.105     -0.050
124.5500     -29980.135   -29988.729        8.594   344.5     -0.042     -0.111     -0.055      0.232      0.484      0.131
124.6000     -29979.941   -29988.344        8.403   336.8      0.366     -0.030     -0.001     -0.391     -0.310     -0.069
124.6500     -29979.925   -29988.168        8.243   330.4     -0.663     -0.113     -0.394      0.308      0.420      0.221
124.7000     -29979.355   -29987.635        8.280   331.9     -0.261     -0.622      1.152     -0.127     -0.416     -0.014
124.7500     -29979.676   -29988.344        8.668   347.4     -0.589      0.429     -0.810      0.395      0.198      0.170
124.8000     -29980.520   -29988.646        8.127   325.8     -1.229     -0.055      0.077     -0.136     -0.230      0.443
124.8500     -29980.791   -29988.781        7.991   320.3      0.091      0.342      0.056     -0.319     -0.162      0.409
124.9000     -29980.669   -29988.453        7.784   312.0      0.553     -0.833     -1.331     -0.602      0.223     -0.184
124.9500     -29980.445   -29988.135        7.690   308.3     -0.670     -0.692     -0.690      0.505     -0.558      0.340
125.0000     -29979.980   -29988.658        8.678   347.9     -0.497     -0.965     -0.386     -0.098      0.754     -0.476
125.0500     -29979.892   -29987.266        7.373   295.6     -0.149      0.186      0.008     -0.498      0.031     -0.070
125.1000     -29980.030   -29987.645        7.615   305.2     -0.190      0.634      0.903      0.269     -0.136      0.338
125.1500     -29979.684   -29987.812        8.128   325.8     -0.323      0.542     -0.471     -0.122      0.371     -0.185
125.2000     -29979.191   -29987.846        8.655   346.9      0.460     -0.070     -0.652     -0.103      0.170     -0.185
125.2500     -29979.081   -29987.377        8.296   332.5     -0.106     -0.102      0.247      0.069      0.015     -0.693
125.3000     -29979.045   -29988.197        9.152   366.9     -0.087     -0.632     -0.912     -0.282     -0.456      0.386
125.3500     -29979.058   -29988.195        9.137   366.2      0.282      0.276      0.121      0.130     -0.559     -0.618
125.4000     -29979.147   -29988.463        9.316   373.4     -0.186      0.889      0.373     -0.652      0.093      0.114
125.4500     -29979.039   -29988.035        8.997   360.6     -0.086     -1.065     -0.404     -0.140     -0.649     -0.108
125.5000     -29979.392   -29987.602        8.210   329.1     -0.315      0.503      0.351     -0.064      0.565      0.319
125.5500     -29979.370   -29987.436        8.065   323.3      0.376      0.906      0.606     -0.688     -0.548      0.398
125.6000     -29979.902   -29988.373        8.471   339.6     -0.700     -0.198     -0.430      0.577      0.252      0.381
125.6500     -29979.787   -29988.453        8.666   347.4     -0.066     -0.348      0.398     -0.189      0.253     -0.490
125.7000     -29979.601   -29988.518        8.916   357.4      0.217      0.805     -0.243     -0.451     -0.354     -0.336
125.7500     -29980.431   -29989.365        8.935   358.1     -0.308     -0.679      0.265     -0.160      0.066      0.399
125.8000     -29980.201   -29989.025        8.824   353.7     -0.076     -0.729     -0.180      0.488      0.202     -0.324
125.8500     -29979.970   -29988.473        8.503   340.8     -0.593     -0.024     -0.619     -0.104      0.279     -0.309
125.9000     -29980.120   -29988.965        8.845   354.6      0.089     -0.194     -0.343      0.062      0.289      0.076
125.9500     -29980.128   -29988.586        8.458   339.0      0.010     -0.173     -0.172      0.562      0.105      0.178
126.0000     -29980.289   -29987.758        7.469   299.4     -0.015      0.071      0.855     -0.272      0.033      0.330
126.0500     -29980.434   -29988.736        8.303   332.8      0.295     -1.365     -0.276     -0.162      0.279     -0.103
126.1000     -29980.398   -29988.420        8.022   321.5     -0.321     -0.533     -0.168      0.049     -0.003     -0.076
126.1500     -29980.274   -29988.635        8.361   335.1      0.325      0.270      0.337     -0.535      0.057      0.696
126.2000     -29980.287   -29987.887        7.599   304.6      0.520      0.455      0.128      0.397     -0.026     -0.030
126.2500     -29980.378   -29988.184        7.805   312.9      0.187      0.041      0.122      0.112     -0.136     -0.314
126.3000     -29981.247   -29988.732        7.485   300.0     -0.451     -0.254     -0.110      0.400      0.667      0.688
126.3500     -29981.237   -29989.549        8.311   333.2      0.092      0.042     -0.260      0.077     -0.105     -0.606
126.4000     -29980.455   -29988.996        8.541   342.4     -1.131     -0.499     -0.400      0.111     -0.122     -0.399
126.4500     -29980.671   -29988.568        7.897   316.6     -0.753     -0.563     -1.415     -0.128     -0.348     -0.075
126.5000     -29979.822   -29987.852        8.029   321.9     -0.296      0.516      0.156      0.373     -0.491      0.355
126.5500     -29980.229   -29988.463        8.234   330.0      0.087      0.214     -0.451     -0.708     -0.239     -0.642
126.6000     -29980.753   -29988.713        7.960   319.1     -0.076      0.141      0.216      0.519      0.279      0.351
126.6500     -29980.972   -29989.152        8.180   327.9      0.516     -0.307     -0.290     -0.041     -0.024      0.039
126.7000     -29980.738   -29988.264        7.526   301.7      0.562      0.986      0.202     -0.359      0.346     -0.040
126.7500     -29980.368   -29988.186        7.818   313.4     -0.786      0.420     -0.009      0.610      0.274      0.359
126.8000     -29980.984   -29989.055        8.071   323.5      0.266      0.187     -0.098      0.083      0.220      0.237
126.8500     -29980.452   -29988.732        8.280   331.9      0.609      0.053      1.056     -0.326     -0.289      0.111
126.9000     -29979.883   -29987.912        8.029   321.9     -0.415     -0.343      0.035     -0.672     -0.082     -0.081
126.9500     -29980.014   -29988.502        8.488   340.2     -0.297      0.800     -0.496     -0.265     -0.072      0.017
127.0000     -29979.616   -29987.543        7.927   317.8     -0.619     -1.042     -0.943      0.431      0.228      0.052
127.0500     -29979.912   -29988.199        8.287   332.2      0.407      0.173     -0.171      0.313     -0.338     -0.019
127.1000     -29980.381   -29989.137        8.756   351.0      0.796      0.369      0.673      0.109     -0.078      0.455
127.1500     -29980.278   -29988.635        8.357   335.0      0.415      0.429     -0.214     -0.482      0.566     -0.293
127.2000     -29980.289   -29988.496        8.207   329.0      1.235     -0.050      0.913      0.064     -0.394      0.142
127.2500     -29980.234   -29989.492        9.258   371.1      0.869     -0.032     -0.154      0.122     -0.438      0.039
127.3000     -29980.858   -29988.740        7.882   316.0     -0.744      0.389     -0.257      0.811      0.560     -0.462
127.3500     -29980.520   -29988.479        7.958   319.0     -0.044     -0.199     -1.085     -0.997      0.112     -0.168
127.4000     -29979.988   -29988.230        8.243   330.4     -0.311     -0.124     -0.186     -0.352     -0.193     -0.003
127.4500     -29979.819   -29988.281        8.462   339.2      0.664     -0.077      0.051      0.591      0.128      0.215
127.5000     -29980.472   -29988.908        8.437   338.2      0.279     -0.356     -0.711      0.097      0.071      0.146
127.5500     -29980.085   -29988.123        8.038   322.2     -0.186      0.051      0.129      0.107      0.246     -0.186
127.6000     -29980.570   -29988.781        8.211   329.1      1.068      0.492      0.255      0.148     -0.203      0.233
127.6500     -29980.199   -29988.068        7.869   315.4      1.009     -0.301      0.253     -0.145      0.213     -0.466
127.7000     -29980.739   -29988.602        7.863   315.2      0.115     -1.194     -0.079     -0.211     -0.594      0.358
127.7500     -29980.672   -29989.113        8.441   338.3      0.003     -0.297      0.130     -0.007      0.443     -0.456
127.8000     -29980.810   -29988.516        7.705   308.9      0.175      0.261      0.210     -0.229      0.067      0.345
127.8500     -29981.369   -29988.754        7.385   296.0     -0.601     -1.141     -0.780     -0.302      0.498     -0.209
127.9000     -29980.759   -29989.193        8.435   338.1      0.088     -0.317     -0.863     -0.002     -0.392     -0.076
127.9500     -29980.418   -29988.676        8.258   331.0      0.173     -0.972     -0.016     -0.099      0.331      0.137
128.0000     -29980.397   -29989.137        8.740   350.3     -0.522     -0.284      0.078     -0.371      0.155     -0.345
128.0500     -29981.141   -29988.787        7.646   306.5     -0.637     -0.492     -0.397     -0.084      0.214     -0.243
128.1000     -29981.124   -29988.736        7.612   305.1      0.466      0.083      0.131     -0.156     -0.009      0.423
128.1500     -29981.294   -29988.918        7.623   305.6     -0.643     -1.250      0.037      0.075     -0.387     -0.304
128.2000     -29981.485   -29988.916        7.431   297.9      0.166     -0.682     -0.590     -0.287     -0.093      0.391
128.2500     -29981.357   -29988.994        7.637   306.1     -0.198      0.461      0.072      0.240     -0.320      0.141
128.3000     -29981.230   -29988.777        7.548   302.5      0.048     -0.018      0.225      0.244     -0.136      0.313
128.3500     -29981.210   -29988.650        7.441   298.3     -0.206      0.234      0.405      0.301      0.045      0.521
128.4000     -29981.287   -29989.477        8.189   328.3     -1.146     -0.613     -0.295     -0.246     -0.003     -0.575
128.4500     -29981.304   -29988.971        7.667   307.3     -0.612     -0.816     -1.411     -0.141     -0.041     -0.018
128.5000     -29981.153   -29988.490        7.337   294.1      0.817     -0.849     -0.461     -0.255     -0.309      0.426
128.5500     -29980.747   -29989.143        8.396   336.5     -0.091      0.189      0.064     -0.189     -0.127     -0.336
128.6000     -29981.087   -29988.980        7.893   316.4     -0.488     -0.252     -0.259     -0.206      0.138     -0.087
128.6500     -29981.381   -29989.754        8.373   335.6     -1.020     -1.305     -0.757      0.188     -0.104      0.279
128.7000     -29981.467   -29989.410        7.943   318.4     -1.187     -1.466      0.165      0.045      0.414     -0.498
128.7500     -29981.151   -29989.188        8.036   322.1     -0.432      0.232      0.394      0.284      0.241      0.019
128.8000     -29981.219   -29989.727        8.508   341.0      0.335     -0.110     -0.215     -0.958     -0.179      0.483
128.8500     -29980.917   -29988.641        7.723   309.6     -0.094      0.782      0.476      0.040     -0.126      0.131
128.9000     -29980.555   -29988.951        8.396   336.6      0.444     -0.032      0.016      0.075     -0.039     -0.260
128.9500     -29980.374   -29988.561        8.187   328.2     -0.411      0.184     -0.070      0.117     -0.056     -0.320
129.0000     -29980.473   -29988.670        8.197   328.6     -0.362      0.116     -0.616     -0.601     -0.331     -0.377
129.0500     -29980.440   -29989.037        8.597   344.6     -0.132      0.186     -0.336      0.206      0.461      0.214
129.1000     -29980.662   -29989.289        8.627   345.8     -1.279      0.314     -0.090     -0.405     -0.262     -0.122
129.1500     -29980.201   -29987.893        7.692   308.3      0.149     -1.381     -0.216      0.522      0.099      0.191
129.2000     -29980.147   -29988.668        8.521   341.5     -0.627      0.267     -0.192      0.256      0.171      0.156
129.2500     -29979.822   -29988.658        8.836   354.2      0.078     -0.012      0.260     -0.195     -0.020     -0.132
129.3000     -29980.227   -29988.707        8.480   339.9     -1.056     -0.937     -0.907     -0.435     -0.145     -0.003
129.3500     -29979.678   -29987.996        8.318   333.4     -0.367      0.302     -0.575      0.324      0.566      0.183
129.4000     -29979.698   -29987.994        8.296   332.5      0.595      0.081     -0.233      0.115      0.141     -0.008
129.4500     -29979.806   -29988.168        8.362   335.2     -0.963     -0.614     -0.549     -0.735      0.036     -0.197
129.5000     -29980.227   -29987.588        7.361   295.1      0.005      0.326     -0.095     -0.004     -0.239      0.370
129.5500     -29979.922   -29987.818        7.896   316.5     -0.096     -0.368     -0.216      0.562      0.399     -0.265
129.6000     -29979.716   -29987.467        7.751   310.7     -1.074      0.753     -0.275     -0.487     -0.052      0.168
129.6500     -29979.694   -29988.664        8.970   359.5      0.002     -0.205     -0.509     -0.163     -0.392      0.129
129.7000     -29979.976   -29988.633        8.657   347.0     -0.733     -0.422     -1.899      0.248      0.149      0.150
129.7500     -29980.090   -29988.725        8.634   346.1     -0.355      0.361      0.110      0.301     -0.999     -0.027
129.8000     -29980.520   -29988.664        8.144   326.5      0.080      0.775      0.570     -0.089      0.397      0.029
129.8500     -29980.350   -29988.586        8.236   330.1      0.702      0.179      0.190     -0.184      0.117     -0.234
129.9000     -29980.591   -29988.713        8.122   325.6      0.456      0.226     -0.569     -0.085      0.254     -0.327
129.9500     -29980.977   -29988.643        7.665   307.3      0.183     -0.435     -0.138      0.032     -0.119      0.406
130.0000     -29980.783   -29988.799        8.016   321.3     -0.723      0.150     -0.349      0.087      0.199      0.282
130.0500     -29980.874   -29989.152        8.278   331.8      0.066     -0.632     -0.474      0.179     -0.128     -0.046
130.1000     -29981.129   -29988.920        7.791   312.3      0.238      0.032     -0.485      0.138     -0.055      0.138
130.1500     -29981.165   -29988.574        7.409   297.0     -0.116      0.260      0.468     -0.051     -0.287      0.036
130.2000     -29981.245   -29988.285        7.040   282.2     -0.479     -0.102      0.751      0.185      0.526      0.401
130.2500     -29980.863   -29989.203        8.340   334.3      0.771     -0.171      0.347     -0.100      0.318     -0.165
130.3000     -29980.246   -29988.672        8.425   337.7     -0.217      0.056      0.056     -0.268     -0.112      0.071
130.3500     -29980.590   -29988.699        8.109   325.1      0.604      0.048     -0.031     -0.679      0.169      0.169
130.4000     -29980.651   -29988.824        8.173   327.6      0.577      0.423      0.381      0.145      0.260     -0.326
130.4500     -29980.790   -29989.076        8.286   332.1      0.404      0.498      0.553     -0.261      0.686     -0.024
130.5000     -29980.620   -29988.684        8.064   323.2      2.021      0.677      0.490      0.346     -0.039      0.084
130.5500     -29980.472   -29988.785        8.313   333.2      0.482      0.057     -0.235     -0.117     -0.044      0.172
130.6000     -29980.505   -29988.539        8.034   322.0     -0.794     -0.058      0.408     -0.139      0.055      0.097
130.6500     -29980.478   -29988.172        7.694   308.4      0.319      0.140     -0.381      0.744      0.242     -0.037
130.7000     -29980.743   -29988.260        7.516   301.3      0.479      0.303      1.477     -0.209      0.355     -0.180
130.7500     -29979.943   -29988.512        8.569   343.5      1.029      0.982     -0.004      0.650     -0.060      0.030
130.8000     -29980.801   -29989.061        8.260   331.1     -1.180      0.318      0.017      0.246      0.661      0.042
130.8500     -29981.173   -29989.527        8.354   334.9      0.061     -0.519     -0.403      0.062     -0.099     -0.365
130.9000     -29980.590   -29988.672        8.082   323.9     -0.155     -1.028     -0.339      0.216      0.226     -0.133
130.9500     -29981.036   -29988.916        7.880   315.9      0.133      0.160     -0.723      0.743     -0.378     -0.376
131.0000     -29981.242   -29988.869        7.627   305.7     -0.586     -0.844     -0.108      0.060      0.115     -0.572
131.0500     -29981.048   -29989.055        8.007   321.0      0.295      0.173      0.574     -0.351     -0.425     -0.234
131.1000     -29980.429   -29988.795        8.366   335.3     -0.423     -0.039      1.109     -0.275     -0.717     -0.196
131.1500     -29979.847   -29988.191        8.344   334.5      0.381     -1.184     -0.135     -0.023      0.435      0.195
131.2000     -29980.261   -29988.654        8.393   336.4      0.726      0.274     -0.655      0.057      0.123     -0.231
131.2500     -29980.080   -29988.596        8.516   341.4     -0.534     -0.944     -0.906      0.728     -0.414     -0.822
131.3000     -29979.816   -29987.900        8.084   324.1     -0.393     -0.449     -0.007      0.129      0.239      0.190
131.3500     -29979.729   -29987.889        8.160   327.1     -0.586     -0.091     -0.094      0.594      0.236     -0.005
131.4000     -29979.703   -29988.102        8.399   336.7     -0.535     -1.102     -0.546     -0.245      0.019     -0.004
131.4500     -29979.797   -29988.213        8.416   337.3     -1.542     -0.861     -1.064      0.196      0.058      0.832
131.5000     -29979.978   -29988.871        8.893   356.5     -0.149     -0.170     -0.751     -0.094      0.624     -0.222
131.5500     -29980.170   -29987.990        7.820   313.5     -0.416     -0.209      0.085      0.250     -0.117     -0.508
131.6000     -29980.015   -29988.500        8.485   340.1     -0.298      0.649     -0.322      0.679      0.235      0.351
131.6500     -29980.199   -29988.018        7.819   313.4     -0.302      0.232     -0.227      0.065     -0.073      0.031
131.7000     -29980.095   -29988.146        8.051   322.7     -0.965     -0.614     -1.188      0.288      0.305      0.008
131.7500     -29979.747   -29988.150        8.403   336.9     -0.821      0.982      0.566     -0.065     -0.156     -0.209
131.8000     -29979.759   -29988.016        8.257   331.0      0.405     -0.806     -0.226     -0.220      0.027     -0.683
131.8500     -29979.840   -29988.154        8.314   333.3     -0.911      0.065     -0.628      0.286      0.421      0.113
131.9000     -29979.887   -29988.180        8.292   332.4     -0.396     -0.212     -0.237     -0.322      0.670      0.171
131.9500     -29980.139   -29988.896        8.758   351.1     -0.348      0.201     -0.945     -0.486     -0.127      0.195
132.0000     -29979.929   -29988.455        8.526   341.8     -0.555      0.179     -1.310      0.451      0.262      0.018
132.0500     -29979.462   -29988.602        9.140   366.4     -0.475     -0.215     -0.444     -0.299      0.285     -0.028
132.1000     -29979.540   -29987.830        8.290   332.3     -0.230      0.114      1.125     -0.096     -0.005      0.715
132.1500     -29979.562   -29987.793        8.231   329.9      0.636      0.445      0.431     -0.112     -0.361      0.037
132.2000     -29979.232   -29988.346        9.114   365.3     -0.966      0.156     -0.878     -0.050      0.138     -0.505
132.2500     -29979.309   -29988.904        9.595   384.6     -0.420     -0.695     -0.200     -0.142     -0.088      0.268
132.3000     -29979.412   -29987.809        8.396   336.6      0.012      0.038     -0.624     -0.569     -0.138      0.082
132.3500     -29979.715   -29987.990        8.275   331.7      0.723     -0.981      0.394     -0.198     -0.485     -0.033
132.4000     -29980.545   -29988.156        7.611   305.1      0.332      0.462      0.025      0.034     -0.203     -0.095
132.4500     -29980.607   -29988.445        7.838   314.2     -0.009      0.088      0.302     -0.126      0.121      0.252
132.5000     -29980.923   -29989.121        8.198   328.6      0.158     -0.502     -0.040     -0.096     -0.343      0.186
132.5500     -29980.210   -29988.268        8.058   323.0      0.304     -0.412     -0.638      0.209      0.733      0.056
132.6000     -29980.041   -29987.691        7.651   306.7      0.338      0.103      0.044     -0.233      0.006      0.258
132.6500     -29980.429   -29988.396        7.968   319.4     -0.016     -0.540      1.117      0.639      0.395     -0.294
132.7000     -29980.581   -29988.750        8.169   327.4      0.086      0.380     -0.100     -0.075      0.252      0.267
132.7500     -29980.038   -29988.121        8.083   324.0     -0.336     -0.552      0.108     -0.455      0.207     -0.148
132.8000     -29980.245   -29988.414        8.169   327.4     -0.156      0.297     -0.762      0.099      0.403     -0.150
132.8500     -29979.723   -29988.592        8.869   355.5      0.495     -0.457     -0.311      0.110      0.519      0.066
132.9000     -29979.983   -29987.574        7.591   304.3      0.675     -0.416     -0.512     -0.066     -0.028      1.105
132.9500     -29980.041   -29987.719        7.678   307.8     -0.449      0.691     -0.451      0.136      0.773     -0.609
133.0000     -29980.400   -29988.645        8.245   330.5      0.345     -0.380     -0.219      0.224      0.044      0.341
133.0500     -29979.983   -29987.898        7.915   317.3     -0.262     -0.147      0.292      0.034     -0.065      0.009
133.1000     -29979.794   -29988.354        8.559   343.1     -0.917      0.710     -0.665     -0.058     -0.165     -0.099
133.1500     -29979.628   -29987.697        8.069   323.5      0.651      0.411     -0.216      0.209      0.055     -0.586
133.2000     -29979.368   -29988.092        8.724   349.7     -0.270      0.313      0.139     -0.257      0.403      0.125
133.2500     -29979.974   -29988.754        8.780   351.9     -0.504     -0.400     -1.393     -0.068      0.011      0.118
133.3000     -29979.692   -29987.654        7.962   319.1     -0.109      0.392      0.659      0.479      0.105     -0.554
133.3500     -29979.858   -29988.027        8.170   327.5     -0.683      0.109     -0.730     -0.215      0.124      0.191
133.4000     -29979.530   -29988.035        8.506   340.9     -0.283     -0.410     -0.001      0.133      0.275      0.152
133.4500     -29979.252   -29987.678        8.426   337.8      0.070     -0.060      0.134      0.119      0.699     -0.040
133.5000     -29979.008   -29987.451        8.443   338.5     -0.273     -0.114     -0.558      0.431      0.130     -0.074
133.5500     -29979.144   -29988.125        8.981   360.0      0.193      0.760      0.321     -0.031     -0.443     -0.038
133.6000     -29978.845   -29987.617        8.772   351.6     -0.065     -0.317     -0.789      0.188     -0.125     -0.113
133.6500     -29979.636   -29987.908        8.272   331.6      0.008     -0.267     -0.017      0.116     -0.063      0.622
133.7000     -29979.423   -29988.355        8.933   358.1     -0.578      0.727     -0.001      0.094      0.271      0.026
133.7500     -29979.283   -29987.510        8.227   329.8      0.949      0.621     -0.124      0.051     -0.271      0.126
133.8000     -29979.465   -29987.758        8.293   332.4      0.160      0.667      1.029     -0.026      0.330     -0.465
133.8500     -29979.796   -29988.367        8.572   343.6      0.385      0.294      1.062     -0.162      0.086     -0.033
133.9000     -29979.776   -29987.955        8.179   327.8     -0.063      0.775      0.038     -0.584     -0.036      0.596
133.9500     -29979.490   -29988.246        8.756   351.0      0.202      0.010      0.404      0.555     -0.378     -0.585
134.0000     -29979.620   -29988.645        9.024   361.7     -0.021     -0.015      0.653     -0.202      0.004      0.396
134.0500     -29979.357   -29988.189        8.832   354.0      0.207     -0.298      0.190     -0.428      0.269      0.341
134.1000     -29979.324   -29988.279        8.955   359.0      0.834      0.665      0.606      0.010     -0.180      0.177
134.1500     -29979.910   -29988.650        8.741   350.4     -0.568      0.253     -0.000     -0.172      0.275     -0.069
134.2000     -29979.859   -29988.793        8.934   358.1      0.061     -0.806      0.013     -0.510      0.160     -0.054
134.2500     -29979.666   -29987.779        8.113   325.2     -0.777     -0.480     -0.484      0.214      0.179      0.174
134.3000     -29979.857   -29988.486        8.630   345.9      0.281      0.192      0.141      0.256     -0.396     -0.088
134.3500     -29979.758   -29987.895        8.137   326.2     -0.150      0.702      0.139     -0.262      0.166      0.411
134.4000     -29979.840   -29989.398        9.559   383.2      0.165     -0.499     -0.036      0.287      0.378      0.191
134.4500     -29979.527   -29988.018        8.491   340.4     -0.917     -0.471     -0.890     -0.283     -0.238     -0.026
134.5000     -29979.635   -29988.480        8.845   354.6      0.167      0.631      0.391      0.081     -0.293      0.469
134.5500     -29979.661   -29987.986        8.325   333.7      0.010      0.373      0.540      0.157      0.339     -0.631
134.6000     -29979.469   -29988.623        9.154   366.9      1.226      0.087      0.061     -0.185     -0.138      0.039
134.6500     -29979.653   -29989.012        9.358   375.1     -0.573     -0.493      0.003      0.137      0.302      0.298
134.7000     -29980.028   -29988.035        8.008   321.0      0.356      0.016     -0.008     -0.552     -0.032      0.147
134.7500     -29980.255   -29988.369        8.114   325.2      0.286     -0.814      0.297     -0.173     -0.242     -0.357
134.8000     -29980.038   -29988.934        8.896   356.6     -0.765      0.495     -0.508     -0.231      0.187      0.433
134.8500     -29980.483   -29988.992        8.509   341.1      0.242     -0.064     -0.027     -0.265      0.042      0.096
134.9000     -29980.686   -29989.365        8.679   347.9     -0.033     -0.251     -0.768     -0.074      0.198     -0.224
134.9500     -29980.289   -29988.863        8.574   343.7     -0.480     -0.645      0.358      0.227     -0.614     -0.333
135.0000     -29980.619   -29989.352        8.733   350.0     -1.045      0.092     -0.635     -0.004      0.482      0.029
135.0500     -29980.373   -29989.051        8.678   347.8     -0.264     -0.821     -1.054      0.030     -0.808      0.091
135.1000     -29980.439   -29988.896        8.457   339.0     -0.101      0.307     -0.851     -0.272     -0.391     -0.262
135.1500     -29980.421   -29988.705        8.284   332.1     -0.278     -0.721     -0.094      0.221      0.153     -0.181
135.2000     -29980.622   -29988.854        8.232   330.0     -0.999     -0.452     -0.005     -0.586      0.444     -0.030
135.2500     -29980.859   -29988.361        7.502   300.7      0.354     -0.539     -0.287      0.735     -0.256     -0.003
135.3000     -29980.805   -29989.033        8.228   329.8      0.148     -0.305     -0.875      0.098     -0.291      0.023
135.3500     -29981.200   -29989.406        8.206   328.9     -0.863      0.536      0.165     -0.278     -0.291      0.059
135.4000     -29981.564   -29988.979        7.414   297.2     -0.434     -0.507      0.038     -0.393      0.272      0.224
135.4500     -29981.368   -29988.799        7.431   297.9      0.349     -0.088      0.097      0.015     -0.533      0.290
135.5000     -29981.377   -29989.002        7.625   305.7     -0.235     -0.086      0.460     -0.165     -0.411     -0.311
135.5500     -29981.423   -29989.588        8.165   327.3     -0.349     -0.352     -0.233     -0.009      0.370     -0.137
135.6000     -29981.418   -29989.447        8.030   321.9      0.520      0.381      0.034      0.578     -0.244     -0.245
135.6500     -29981.502   -29989.801        8.298   332.6     -0.931     -0.861     -1.287     -0.653     -0.066     -0.143
135.7000     -29981.153   -29989.035        7.882   316.0      0.019     -0.253     -0.620     -0.477      0.107     -0.303
135.7500     -29981.432   -29989.178        7.745   310.5     -0.087     -0.310     -0.689      0.001     -0.561      0.399
135.8000     -29981.073   -29988.863        7.791   312.3     -0.590     -0.414      0.375      0.088     -0.149      0.271
135.8500     -29980.269   -29988.617        8.348   334.6      0.348     -0.373     -0.572     -0.356      0.041     -0.065
135.9000     -29979.500   -29988.332        8.832   354.0     -0.711     -0.871     -0.990      0.124      0.230      0.331
135.9500     -29979.755   -29988.426        8.671   347.6     -0.700      0.360      0.111     -0.614     -0.040     -0.256
136.0000     -29979.982   -29987.617        7.635   306.1      0.728     -0.025     -0.749     -0.346      0.640     -0.135
136.0500     -29979.926   -29988.350        8.424   337.7      0.357     -0.045     -0.141     -0.290     -0.484      0.336
136.1000     -29979.419   -29988.502        9.083   364.1     -0.328     -0.326      0.767     -0.635     -0.151     -0.248
136.1500     -29980.048   -29987.748        7.700   308.6      0.418      0.020      0.076     -0.019     -0.168      0.064
136.2000     -29980.224   -29988.529        8.305   332.9     -0.826     -0.660     -0.395      0.088     -0.160     -0.377
136.2500     -29980.509   -29988.512        8.003   320.8      0.879     -0.255     -0.395      0.202     -0.073     -0.469
136.3000     -29981.141   -29988.676        7.535   302.0     -0.668      0.197     -0.577     -0.420     -0.324     -0.224
136.3500     -29980.858   -29989.023        8.166   327.3      0.155     -0.035      0.262      0.055      0.172      0.018
136.4000     -29981.309   -29989.428        8.119   325.4     -0.377     -0.129     -0.088      0.157     -0.137     -0.071
136.4500     -29981.503   -29989.271        7.769   311.4     -0.392      0.340      0.015     -0.149     -0.654     -0.001
136.5000     -29981.775   -29989.416        7.641   306.3     -0.112     -0.777     -0.031      0.079      0.083     -0.247
136.5500     -29981.557   -29989.260        7.703   308.8     -0.322     -0.772     -0.515      0.208     -0.081     -0.360
136.6000     -29981.232   -29988.988        7.756   310.9     -0.822      0.120     -0.360     -0.547      0.887      0.064
136.6500     -29981.392   -29988.402        7.011   281.0     -0.613     -0.138     -0.019      0.306     -0.177     -0.235
136.7000     -29981.301   -29989.809        8.508   341.0     -0.385     -0.059     -0.814      0.206      0.352     -0.190
136.7500     -29981.395   -29989.570        8.175   327.7     -0.774     -0.747     -0.862     -0.092      0.475     -0.132
136.8000     -29981.181   -29989.566        8.385   336.1     -0.458     -0.914     -0.245     -0.012      0.121     -0.275
136.8500     -29981.212   -29989.676        8.464   339.3     -0.388     -0.397     -0.730      0.106     -0.012     -0.117
136.9000     -29981.445   -29989.867        8.422   337.6     -1.029     -0.670     -1.349     -0.279      0.006     -0.495
136.9500     -29981.125   -29989.404        8.280   331.9     -0.655      0.052     -0.610      0.035      0.228      0.033
137.0000     -29980.720   -29989.025        8.305   332.9     -0.733     -0.623     -0.837      0.278      0.119     -0.185
137.0500     -29979.917   -29988.562        8.646   346.6      0.044      0.119      0.262     -0.222     -0.077     -0.331
137.1000     -29980.045   -29987.953        7.908   317.0     -1.032     -1.098     -0.494      0.033      0.072     -0.011
137.1500     -29980.749   -29988.803        8.054   322.8     -0.932     -0.122      0.037      0.862      0.190     -0.064
137.2000     -29980.805   -29988.598        7.793   312.4      0.156     -0.252      0.047      0.508      0.244      0.089
137.2500     -29980.527   -29988.375        7.848   314.6     -0.509     -0.370     -0.287     -0.433     -0.148      0.446
137.3000     -29980.619   -29988.525        7.906   316.9      0.217      0.180      0.137      0.367      0.305      0.087
137.3500     -29980.252   -29989.061        8.808   353.1     -0.510     -0.093     -0.305     -0.107      0.056      0.428
137.4000     -29980.398   -29989.379        8.981   360.0     -0.286     -0.395     -0.286      0.109      0.601     -0.275
137.4500     -29980.344   -29988.385        8.041   322.3     -0.635     -0.845     -0.614     -0.134      0.255      0.564
137.5000     -29980.019   -29988.699        8.680   348.0      0.016      0.012     -0.682      0.061      0.417     -0.146
137.5500     -29980.157   -29989.766        9.609   385.2      0.017      0.005     -0.285      0.018      0.469      0.569
137.6000     -29980.754   -29988.588        7.834   314.0     -0.311     -0.615     -0.294     -0.405      0.086     -0.472
137.6500     -29981.073   -29989.260        8.187   328.2      0.250      0.120     -0.799      0.726      0.315     -0.030
137.7000     -29980.907   -29988.484        7.578   303.8      1.476      0.663      0.460     -0.237     -0.239      0.042
137.7500     -29980.644   -29988.996        8.352   334.8     -1.270     -0.766     -0.748      0.664     -0.042     -0.499
137.8000     -29980.898   -29989.547        8.649   346.7      0.608     -0.666      0.056     -0.135      0.099     -0.010
137.8500     -29980.169   -29988.475        8.305   332.9     -0.192     -0.187     -0.590      0.788     -0.049     -0.001
137.9000     -29979.772   -29988.736        8.964   359.3     -0.363      0.737      0.544     -0.587      0.268     -0.216
137.9500     -29980.158   -29988.691        8.533   342.1     -0.061     -0.389      0.625      0.684      0.241      0.444
138.0000     -29979.631   -29988.305        8.673   347.7     -0.200      0.716     -0.492     -0.188     -0.144      0.099
138.0500     -29979.901   -29988.617        8.716   349.4     -0.494     -0.453     -0.248      0.220     -0.462      0.614
138.1000     -29979.720   -29988.443        8.723   349.7     -0.080     -0.296      0.244     -0.086      0.116     -0.381
138.1500     -29980.338   -29988.764        8.426   337.8      0.394     -0.119      0.007     -0.498     -0.068     -0.079
138.2000     -29980.160   -29988.869        8.709   349.1     -0.355     -0.556      0.248      0.017      0.952      0.009
138.2500     -29980.754   -29989.143        8.389   336.3     -0.885      0.606     -0.201      0.243      0.285      0.063
138.3000     -29980.512   -29988.684        8.172   327.6      0.926      1.064     -0.402     -0.007     -0.139     -0.415
138.3500     -29981.075   -29989.861        8.787   352.2     -0.215     -0.110      0.362     -0.110      0.278     -0.752
138.4000     -29981.183   -29989.357        8.174   327.7      0.086     -0.318     -0.644      0.096     -0.220      0.299
138.4500     -29981.131   -29989.402        8.272   331.6     -0.399     -0.290     -0.712      0.505      0.179     -0.046
138.5000     -29980.967   -29988.941        7.974   319.6     -1.323     -0.934     -0.246      0.644     -0.126     -0.429
138.5500     -29980.706   -29988.721        8.015   321.3     -0.315     -0.221     -0.572      0.227      0.132     -0.088
138.6000     -29980.488   -29988.125        7.637   306.1     -0.507     -0.568     -0.469     -0.637      0.857      0.340
138.6500     -29980.139   -29988.383        8.244   330.4      0.266     -0.385     -0.689      0.206      0.493     -0.094
138.7000     -29980.030   -29988.041        8.011   321.1      0.046      0.582      0.075     -0.153     -0.406      0.194
138.7500     -29979.867   -29988.158        8.291   332.4     -0.952     -1.008     -1.443      0.169     -0.153     -0.345
138.8000     -29979.869   -29988.605        8.737   350.2      0.005      0.247      0.533     -0.063      0.076      0.027
138.8500     -29979.808   -29988.486        8.679   347.9      0.534      0.019     -0.803      0.426     -0.232      0.443
138.9000     -29979.518   -29988.242        8.725   349.7     -0.583      0.176     -0.450      0.019     -0.452     -0.239
138.9500     -29980.007   -29988.773        8.767   351.4     -0.181      0.422     -0.764      0.468      0.110     -0.349
139.0000     -29979.514   -29987.613        8.099   324.6      0.178     -0.268     -0.322     -0.343      0.856      0.455
139.0500     -29979.519   -29988.068        8.550   342.7      0.120      0.299      0.693      0.034     -0.532      0.359
139.1000     -29980.242   -29988.004        7.762   311.1      0.446      0.734      0.588      0.382     -0.044     -0.436
139.1500     -29980.023   -29988.062        8.039   322.3     -0.023      0.613      0.082     -0.278     -0.128     -0.030
139.2000     -29979.970   -29988.303        8.332   334.0     -0.347     -0.325      0.178      0.438     -0.626      0.430
139.2500     -29979.642   -29987.838        8.196   328.5      0.272      0.986     -0.390     -0.340      0.292     -0.127
139.3000     -29979.659   -29987.477        7.818   313.4      0.045      0.013      0.386     -0.015     -0.434      0.789
139.3500     -29979.735   -29988.123        8.388   336.2     -0.577     -0.602      0.703      0.266      0.046     -0.250
139.4000     -29979.602   -29988.219        8.617   345.4     -0.195     -0.340     -1.180      0.231     -0.250      0.556
139.4500     -29980.013   -29988.037        8.025   321.7      1.139      0.330      0.184      0.106     -0.136     -0.070
139.5000     -29980.353   -29988.658        8.305   332.9     -0.237     -0.078      0.794     -0.144     -0.277      0.511
139.5500     -29980.416   -29988.740        8.324   333.7      0.955     -0.176     -0.531     -0.597     -0.611     -0.421
139.6000     -29980.546   -29989.162        8.616   345.4     -0.353      0.225     -0.019     -0.155      0.699     -0.570
139.6500     -29980.089   -29987.902        7.814   313.2     -0.579     -0.429     -0.090     -0.404      0.345      0.051
139.7000     -29980.200   -29987.875        7.675   307.7     -0.515      0.523      0.107      0.270     -0.669      0.621
139.7500     -29979.662   -29988.166        8.504   340.9     -0.138      0.037     -0.722     -0.129      0.499      0.123
139.8000     -29979.281   -29988.166        8.885   356.2     -0.041     -0.032     -0.622     -0.039      0.577     -0.877
139.8500     -29980.157   -29988.076        7.920   317.5     -1.242     -0.975     -0.267      0.224     -0.084      0.357
139.9000     -29980.058   -29988.414        8.356   335.0     -0.860     -0.033     -0.928     -0.311      0.456     -0.064
139.9500     -29979.652   -29988.250        8.598   344.6     -0.091     -0.680     -0.086      0.306     -0.440      0.080
140.0000     -29979.236   -29987.486        8.250   330.7     -1.395     -0.484     -0.739     -0.069      0.184      0.127
140.0500     -29979.331   -29987.264        7.933   318.0      0.655      0.457      0.405     -0.217     -0.413     -0.362
140.1000     -29979.715   -29987.375        7.660   307.0     -1.276     -0.002     -0.361     -0.172     -0.282      0.206
140.1500     -29979.801   -29987.385        7.584   304.0     -0.961     -0.729     -0.448     -0.046      0.169     -0.059
140.2000     -29979.393   -29987.734        8.342   334.4      0.040     -1.144      0.105     -0.255      0.085      0.196
140.2500     -29979.214   -29987.777        8.563   343.3     -0.163      0.280     -0.772      0.202     -0.063      0.935
140.3000     -29979.441   -29987.998        8.557   343.0     -0.026      0.727      0.172     -0.043      0.248     -0.272
140.3500     -29978.332   -29987.396        9.064   363.3     -0.363     -1.114     -0.478      0.464     -0.488      0.451
140.4000     -29978.523   -29987.158        8.636   346.2     -0.155     -0.319      0.071      0.265      0.676     -0.261
140.4500     -29978.849   -29987.184        8.335   334.1      0.867      0.835      0.787     -0.696     -0.149     -0.227
140.5000     -29978.539   -29987.113        8.574   343.7      0.969      1.244      0.227     -0.324     -0.034     -0.010
140.5500     -29978.375   -29987.584        9.209   369.2      0.016      0.147      1.108      0.510      0.147      0.734
140.6000     -29979.219   -29987.061        7.842   314.3      0.703      0.165      0.211      0.054     -0.759      0.036
140.6500     -29979.663   -29988.275        8.613   345.2      0.259      0.218      0.951     -0.107     -0.231     -0.570
140.7000     -29979.393   -29988.203        8.810   353.2      0.157     -0.085     -0.039      0.487      0.458     -0.143
140.7500     -29979.379   -29988.064        8.686   348.2      0.538      0.507      1.125     -0.155     -0.212      0.249
140.8000     -29979.312   -29987.701        8.389   336.3      1.525      1.159      0.226     -0.121     -0.015     -0.018
140.8500     -29979.167   -29987.463        8.295   332.5      0.402     -0.026      1.440      0.146     -0.014      0.094
140.9000     -29978.972   -29987.393        8.420   337.5     -0.702     -0.016     -0.590     -0.101     -0.370      0.119
140.9500     -29979.027   -29988.098        9.071   363.6      0.439     -0.287     -0.312     -0.004      0.209      0.138
141.0000     -29978.810   -29987.375        8.565   343.3      0.373      0.210     -0.129     -0.597      0.017     -0.029
141.0500     -29979.051   -29987.867        8.817   353.4      0.228      0.071     -0.283     -0.266      0.086      0.017
141.1000     -29979.541   -29988.648        9.108   365.1     -0.236      0.099     -0.617      0.149      0.036      0.236
141.1500     -29979.703   -29988.115        8.412   337.2     -0.531      0.286     -0.394     -0.128      0.558     -0.267
141.2000     -29979.376   -29988.205        8.829   353.9     -0.032     -0.712      0.363      0.718     -0.247     -0.005
141.2500     -29979.204   -29986.895        7.691   308.3      0.869      0.182      0.544     -0.671     -0.281      0.478
141.3000     -29978.276   -29986.912        8.636   346.2      0.348      0.122      0.583     -0.020      0.407      0.503
141.3500     -29978.296   -29987.367        9.071   363.6      0.304     -0.106      0.600     -0.290      0.040     -0.331
141.4000     -29977.893   -29987.094        9.200   368.8      0.091     -0.053      0.023      0.490      0.245      0.013
141.4500     -29978.369   -29987.770        9.401   376.8      0.209      0.342      0.163     -0.375     -0.691      0.329
141.5000     -29978.219   -29987.627        9.408   377.1     -0.684     -0.564     -1.366      0.566     -0.847     -0.371
141.5500     -29978.996   -29987.598        8.601   344.8      0.237      0.392     -0.567     -0.371      0.053     -0.503
141.6000     -29979.584   -29988.402        8.818   353.5     -0.087     -0.045      0.170     -0.248     -0.194     -0.015
141.6500     -29979.746   -29987.936        8.189   328.3      0.310      0.622     -0.310      0.232     -0.095     -0.105
141.7000     -29979.666   -29987.496        7.830   313.9     -0.815     -0.273      0.968     -0.233     -0.334      0.061
141.7500     -29979.727   -29988.371        8.644   346.5      0.044     -0.349      0.021      0.163     -0.400     -0.532
141.8000     -29979.388   -29987.957        8.570   343.5     -0.260      0.346     -0.219     -0.206     -0.193      0.111
141.8500     -29979.659   -29988.256        8.596   344.6     -0.488      0.024     -1.174      0.081     -0.022     -0.149
141.9000     -29979.868   -29988.107        8.239   330.3      0.474     -0.177      0.168      0.185      0.308      0.186
141.9500     -29980.051   -29987.814        7.764   311.2     -0.031      0.546      0.528     -0.871      0.200      0.012
142.0000     -29980.000   -29987.764        7.764   311.2      0.902      0.341      0.321      0.210     -0.359     -0.361
142.0500     -29980.129   -29987.723        7.594   304.4     -0.341     -0.326     -0.395     -0.297      0.095     -0.220
142.1000     -29979.804   -29988.621        8.817   353.4      0.802      0.217     -0.198      0.030      0.535     -0.073
142.1500     -29979.646   -29987.576        7.930   317.9     -0.239     -0.370     -0.483     -0.852      0.176      0.014
142.2000     -29979.741   -29988.002        8.261   331.1     -0.527      0.035      0.518      0.547      0.054     -0.411
142.2500     -29980.244   -29988.559        8.314   333.3     -0.012     -0.245     -0.347     -0.213     -0.212      0.562
142.3000     -29980.162   -29988.562        8.401   336.7     -0.569      0.232     -0.510     -0.740      0.133     -0.111
142.3500     -29980.326   -29988.824        8.498   340.6     -0.313      0.012     -0.057      0.085      0.015     -0.050
142.4000     -29980.227   -29988.646        8.419   337.5     -1.175     -0.348     -0.341     -0.179     -0.368      0.129
142.4500     -29980.417   -29988.562        8.146   326.5      0.105     -0.366     -0.748     -0.225     -0.362      0.167
142.5000     -29979.966   -29988.391        8.425   337.7     -0.087     -0.352     -0.325     -0.390     -0.045      0.669
142.5500     -29980.503   -29988.705        8.202   328.8     -0.988     -0.147     -0.527      0.069     -0.275     -0.464
142.6000     -29980.430   -29988.588        8.158   327.0     -0.143     -0.538      0.324     -0.536      0.150      0.133
142.6500     -29980.471   -29988.436        7.965   319.3     -0.184      0.680      0.231      0.011     -0.418     -0.267
142.7000     -29979.982   -29988.107        8.126   325.7     -0.572     -0.069      0.503     -0.188      0.048     -0.094
142.7500     -29979.945   -29988.344        8.398   336.6      0.167     -1.516     -0.541     -0.237      0.162     -0.248
142.8000     -29979.910   -29987.246        7.336   294.1     -0.569     -0.823     -0.666     -0.273      0.275     -0.018
142.8500     -29979.814   -29987.898        8.084   324.1     -0.373     -0.949     -0.680     -0.292      0.352      0.214
142.9000     -29979.592   -29988.416        8.824   353.7     -0.016      0.690     -0.107      0.231     -0.405     -0.610
142.9500     -29979.545   -29987.395        7.850   314.7     -0.061     -0.316      0.945     -0.554      0.007      0.358
143.0000     -29979.518   -29988.213        8.695   348.5      0.697     -0.440     -0.856     -0.152      0.167     -0.280
143.0500     -29979.923   -29988.221        8.298   332.6     -1.156     -0.405      0.179      0.041     -0.531     -0.356
143.1000     -29979.711   -29987.861        8.150   326.7     -0.459     -0.362     -0.254     -0.156      0.092      0.172
143.1500     -29980.508   -29988.318        7.810   313.1     -0.627      0.232      0.734     -0.325     -0.001     -0.272
143.2000     -29980.250   -29988.609        8.359   335.1     -0.376      0.740     -0.015      0.219     -0.319      0.166
143.2500     -29980.732   -29988.395        7.662   307.1      0.800      0.496      0.876      0.043      0.399     -0.306
143.3000     -29981.232   -29988.984        7.753   310.8     -0.226     -0.502     -0.079      0.527      0.250     -0.073
143.3500     -29980.773   -29989.029        8.256   330.9     -0.729     -0.263      0.480     -0.054     -0.126      0.280
143.4000     -29980.663   -29988.863        8.201   328.7     -0.561      0.380     -0.837     -0.360      0.473     -0.324
143.4500     -29980.205   -29988.457        8.252   330.8     -0.155     -0.334     -0.303      0.720     -0.084     -0.002
143.5000     -29980.436   -29988.859        8.424   337.7      0.044      0.103      0.313     -0.510      0.370     -0.042
143.5500     -29979.598   -29988.117        8.520   341.5     -0.527      0.232      0.789      0.354      0.183      0.069
143.6000     -29979.608   -29988.197        8.589   344.3      0.010     -0.353     -0.179     -0.251      0.444     -0.508
143.6500     -29979.592   -29988.658        9.067   363.4     -0.530     -0.935     -0.068      0.121     -0.432     -0.232
143.7000     -29979.373   -29987.674        8.300   332.7     -0.155     -0.353     -0.003      0.001      0.393      0.126
143.7500     -29979.504   -29987.621        8.117   325.4     -0.015      0.111      0.687     -0.088     -0.092      0.127
143.8000     -29979.623   -29988.428        8.805   352.9     -0.160      0.221     -0.580     -0.182     -0.127      0.476
143.8500     -29979.059   -29987.963        8.904   356.9     -0.430     -0.245     -0.955     -0.218      0.223     -0.571
143.9000     -29978.830   -29987.639        8.809   353.1     -1.434      0.769     -0.222     -0.046      0.082      0.629
143.9500     -29978.658   -29987.166        8.508   341.1      0.477      0.107      0.059      0.302      0.176     -0.034
144.0000     -29978.840   -29987.453        8.613   345.2     -0.090      0.005     -0.307     -0.191     -0.421      0.114
144.0500     -29978.807   -29987.484        8.677   347.8     -0.457     -0.544      0.045     -0.288      0.549     -0.284
144.1000     -29978.864   -29987.598        8.733   350.1      0.342      0.411     -0.426     -0.283     -0.645     -0.440
144.1500     -29979.154   -29987.805        8.651   346.8      0.451     -0.201      0.251     -0.093      0.188     -0.278
144.2000     -29978.987   -29987.646        8.660   347.1     -0.576     -0.229     -0.301     -0.040      0.294     -0.170
144.2500     -29978.332   -29988.055        9.723   389.7      0.514     -0.482     -0.489      0.591      0.045      0.022
144.3000     -29978.634   -29987.607        8.973   359.7     -0.263     -1.209     -0.768      0.051      0.161     -0.178
144.3500     -29978.424   -29987.705        9.281   372.0     -0.242     -1.063      0.734     -0.077     -0.039     -0.093
144.4000     -29978.388   -29987.299        8.911   357.2      0.067     -0.490     -0.285      0.402      0.205     -0.412
144.4500     -29978.862   -29987.838        8.976   359.8     -0.474     -0.977     -0.892     -0.291      0.194     -0.090
144.5000     -29979.283   -29988.064        8.782   352.0     -1.422     -0.528      0.469      0.608     -0.519      0.060
144.5500     -29979.426   -29988.225        8.799   352.7     -0.040      0.181     -0.338     -0.211     -0.394      0.388
144.6000     -29979.264   -29987.967        8.703   348.9     -0.567     -1.527     -0.926     -0.447     -0.156     -0.384
144.6500     -29979.748   -29988.781        9.034   362.1      0.190      1.079      0.553     -0.351     -0.173      0.081
144.7000     -29980.341   -29988.838        8.497   340.6     -0.186      0.639      0.022      0.308     -0.578      0.223
144.7500     -29980.368   -29988.141        7.773   311.6      0.180     -0.064     -0.446     -0.412      0.043      0.381
144.8000     -29980.453   -29988.461        8.008   321.0      0.057     -0.191     -0.376     -0.079      0.251      0.035
144.8500     -29980.095   -29988.043        7.948   318.6      0.100      0.618     -0.352     -0.003      0.045     -0.162
144.9000     -29979.948   -29988.363        8.415   337.3     -0.525      0.242     -0.058     -0.335      0.332     -0.253
144.9500     -29979.715   -29988.506        8.791   352.4      0.130     -0.146     -0.427     -0.399     -0.313     -0.021
145.0000     -29979.932   -29988.277        8.346   334.5     -0.914     -0.439     -0.295      0.291      0.047     -0.571
145.0500     -29980.739   -29988.615        7.876   315.7     -0.439      0.242     -0.226     -0.114      0.251     -0.018
145.1000     -29980.527   -29989.248        8.721   349.6      0.166     -0.323     -0.031     -0.373      0.232      0.300
145.1500     -29980.684   -29988.953        8.269   331.5      0.543     -0.390     -1.093      0.501      0.265      0.130
145.2000     -29980.824   -29988.871        8.047   322.6     -0.539     -0.148      0.140      0.094     -0.077     -0.090
145.2500     -29980.773   -29988.822        8.049   322.6      0.103      0.124      0.196      0.268     -0.731     -0.359
145.3000     -29980.359   -29987.848        7.489   300.2     -0.524     -0.106     -0.158     -0.056     -0.052      0.465
145.3500     -29980.587   -29988.533        7.946   318.5     -0.246     -1.000     -0.064      0.324     -0.260     -0.858
145.4000     -29980.438   -29988.596        8.158   327.0     -0.847      0.258     -0.889      0.121      0.431     -0.130
145.4500     -29980.500   -29988.543        8.043   322.4     -0.820     -0.668     -0.203      0.177     -0.160      0.010
145.5000     -29980.623   -29988.670        8.047   322.5     -0.285      0.025      0.134     -0.255      0.073     -0.246
145.5500     -29980.801   -29988.750        7.949   318.6      0.803      0.684      0.147     -0.206      0.251     -0.100
145.6000     -29980.606   -29988.684        8.078   323.8     -0.142     -0.008     -0.061      0.573      0.139      0.503
145.6500     -29980.919   -29989.545        8.626   345.8     -0.083      0.504      0.500     -0.098     -0.097     -0.375
145.7000     -29981.430   -29989.375        7.945   318.5     -0.075      0.301     -0.318     -0.038     -0.356     -0.093
145.7500     -29981.683   -29989.744        8.061   323.1     -0.499     -0.828     -0.367      0.428     -0.295     -0.227
145.8000     -29981.573   -29989.129        7.556   302.9      0.203     -0.060     -0.555      0.384      0.040     -0.650
145.8500     -29980.568   -29989.119        8.551   342.8      0.147      0.610      0.128      0.489      0.308      0.987
145.9000     -29980.238   -29988.293        8.055   322.9     -1.119     -0.331     -0.574     -0.125     -0.322     -0.429
145.9500     -29980.291   -29988.633        8.342   334.4      0.650      0.239     -0.193      0.082     -0.336     -0.392
146.0000     -29980.108   -29988.738        8.630   345.9     -0.299     -0.159      0.634      0.188      0.048     -0.081
146.0500     -29980.131   -29988.150        8.020   321.5     -0.320     -0.084     -0.288      0.447     -0.104      0.005
146.1000     -29980.464   -29988.830        8.366   335.3     -0.623      0.605     -0.362     -0.462      0.007      0.041
146.1500     -29980.289   -29988.623        8.334   334.1      1.044     -0.020      0.226     -0.225      0.060     -0.155
146.2000     -29980.413   -29988.648        8.236   330.1      0.153      0.226     -0.451      0.008     -0.277      0.343
146.2500     -29980.396   -29988.117        7.721   309.5      0.366      0.004     -0.046     -0.620     -0.641     -0.105
146.3000     -29979.897   -29988.402        8.505   340.9     -0.734     -0.954      0.296      0.449      0.161      0.450
146.3500     -29979.572   -29988.553        8.980   360.0     -0.052      0.229     -0.273     -0.342      0.090     -0.356
146.4000     -29979.682   -29987.812        8.130   325.9      0.036     -0.637     -0.518     -0.171     -0.381      0.165
146.4500     -29979.666   -29987.801        8.135   326.1     -0.865     -1.462     -0.524      0.036     -0.087      0.418
146.5000     -29979.649   -29987.969        8.320   333.5     -0.012      0.297     -0.346     -0.129     -0.147     -0.282
146.5500     -29979.937   -29988.174        8.237   330.2      0.965      0.996      0.723      0.122     -0.038     -0.411
146.6000     -29979.707   -29987.859        8.152   326.8      0.943      0.530      0.602     -0.028      0.111      0.089
146.6500     -29979.381   -29987.271        7.891   316.3     -0.424     -0.917     -0.261      0.002      0.034     -0.426
146.7000     -29979.643   -29988.084        8.441   338.3     -0.347     -0.208     -0.173     -0.482     -0.358     -0.336
146.7500     -29979.803   -29988.248        8.445   338.5      0.278     -0.953     -0.546      0.768     -0.299      0.027
146.8000     -29979.737   -29988.578        8.841   354.4     -0.705      0.012     -0.662     -0.414     -0.125      0.076
146.8500     -29979.809   -29987.271        7.463   299.1     -0.848      0.005     -0.379      0.418     -0.476     -0.136
146.9000     -29980.108   -29988.010        7.901   316.7     -1.347     -0.270     -0.031      0.372      0.308     -0.319
146.9500     -29980.238   -29988.484        8.246   330.6     -0.291      0.861     -0.646     -0.214      0.218     -0.354
147.0000     -29979.742   -29987.766        8.024   321.6     -0.377      0.187     -0.135      0.394      0.164     -0.007
147.0500     -29978.949   -29988.000        9.051   362.8      0.280     -0.144      0.187     -0.272      0.078      0.377
147.1000     -29979.252   -29987.520        8.267   331.4     -0.149     -0.625      1.043      0.309     -0.225      0.275
147.1500     -29979.536   -29987.680        8.143   326.4      0.404     -0.318      0.598     -0.134      0.272      0.261
147.2000     -29979.734   -29987.742        8.008   321.0     -0.173      0.627      0.367     -0.158      0.226     -0.205
147.2500     -29980.009   -29988.373        8.364   335.3     -0.815     -0.986     -0.255      0.158     -0.120      0.278
147.3000     -29979.841   -29988.623        8.782   352.0      0.362      0.621      0.491     -0.036     -0.516      0.351
147.3500     -29980.168   -29988.633        8.465   339.3      0.042      0.109     -0.459      0.055      0.647     -0.067
147.4000     -29980.599   -29988.869        8.270   331.5      0.293      0.485      1.166      0.341     -0.432      0.484
147.4500     -29980.144   -29989.102        8.957   359.1     -0.623     -0.408      0.045     -0.101      0.034      0.141
147.5000     -29980.442   -29988.684        8.241   330.4      1.235      0.284      0.233      0.190      0.295      0.309
147.5500     -29981.114   -29989.365        8.251   330.7     -0.667     -0.291      0.487      0.086      0.711     -0.323
147.6000     -29980.861   -29988.562        7.702   308.7      0.591     -0.005     -0.017      0.038     -0.698     -0.175
147.6500     -29980.218   -29988.107        7.889   316.2      0.047      0.398      1.306      0.254      0.269      0.165
147.7000     -29980.800   -29988.160        7.360   295.0      0.265      0.497     -0.141     -0.099      0.157      0.151
147.7500     -29980.720   -29987.922        7.202   288.7     -0.212      0.277      0.516     -0.069     -0.168     -0.505
147.8000     -29980.681   -29988.699        8.018   321.4      0.393      0.548      0.737     -0.401      0.761     -0.064
147.8500     -29980.750   -29988.699        7.950   318.7      0.077      0.047      0.220     -0.240     -0.365      0.024
147.9000     -29980.198   -29988.207        8.009   321.0     -0.513      0.126      0.150      0.650      0.204     -0.074
147.9500     -29980.347   -29988.428        8.081   323.9     -0.677     -0.132      0.051      0.022     -0.535     -0.647
148.0000     -29980.346   -29988.797        8.451   338.8     -0.588     -1.116     -0.672     -0.500      0.128      0.567
148.0500     -29980.189   -29989.061        8.871   355.6     -0.123      0.838      0.582      0.104     -0.086     -0.471
148.1000     -29980.931   -29989.045        8.114   325.2     -0.292     -0.268     -0.179     -0.080      0.108     -0.239
148.1500     -29981.217   -29989.545        8.328   333.8     -1.547     -0.011     -0.054     -0.222      0.187     -0.015
148.2000     -29981.415   -29988.914        7.500   300.6      0.463     -0.491     -0.581     -0.038     -0.214      0.184
148.2500     -29981.829   -29989.082        7.253   290.7     -0.601     -1.007      0.561     -0.382      0.086      0.322
148.3000     -29982.083   -29989.346        7.263   291.1      0.927     -0.010      0.055      0.192     -0.062      0.270
148.3500     -29982.033   -29989.521        7.488   300.2     -0.358     -0.009      0.774     -0.431     -0.037     -0.280
148.4000     -29981.883   -29989.621        7.738   310.2     -0.427     -0.482     -0.438     -0.620     -0.070      0.026
148.4500     -29981.575   -29989.420        7.845   314.5      0.516     -0.170     -0.251      0.321     -0.330     -0.254
148.5000     -29981.549   -29989.393        7.843   314.4     -0.499      0.387      0.045      0.333      0.339     -0.199
148.5500     -29980.951   -29989.180        8.228   329.8     -0.015     -0.188      0.055      0.214     -0.732     -0.093
148.6000     -29981.048   -29989.508        8.460   339.1     -0.121      0.024     -0.021     -0.417      0.133      0.008
148.6500     -29980.847   -29988.998        8.151   326.7     -0.490     -0.623      0.171      0.087      0.402     -0.206
148.7000     -29980.705   -29989.223        8.518   341.4     -0.197      0.100      0.171      0.234     -0.129     -0.151
148.7500     -29980.579   -29989.150        8.572   343.6      0.072     -0.083      0.401      0.122      0.296      0.338
148.8000     -29981.179   -29989.771        8.593   344.4     -0.619      0.362     -0.084     -0.291     -0.005      0.173
148.8500     -29980.777   -29988.443        7.666   307.3     -0.457      0.188      0.277     -0.017     -0.440     -0.017
148.9000     -29980.969   -29989.002        8.033   322.0     -0.330     -0.236     -1.161      0.296      0.582     -0.010
148.9500     -29981.055   -29988.602        7.547   302.5     -0.717     -0.388     -1.056     -0.022     -0.092     -0.322
149.0000     -29981.642   -29989.379        7.737   310.1      0.456     -0.081     -0.183      0.169     -0.230      0.127
149.0500     -29981.552   -29989.385        7.833   314.0      0.362      0.662      0.927     -0.707     -0.322      0.060
149.1000     -29981.016   -29988.959        7.943   318.4     -0.106      0.617      1.205     -0.440      0.333     -0.521
149.1500     -29980.716   -29989.068        8.352   334.8      0.103     -0.308      0.273     -0.266     -0.638      0.486
149.2000     -29981.006   -29988.592        7.586   304.1     -0.324      0.067     -0.938      0.196      0.454     -0.415
149.2500     -29980.431   -29988.338        7.907   316.9      0.647      0.071     -0.361      0.127      0.094      0.199
149.3000     -29979.859   -29988.768        8.909   357.1     -0.253     -0.070      0.215      0.339      0.056     -0.071
149.3500     -29979.453   -29988.188        8.734   350.1     -0.457      0.353      0.024      0.133     -0.172     -0.211
149.4000     -29979.626   -29988.035        8.410   337.1     -0.194     -0.154     -0.082     -0.177     -0.222      0.305
149.4500     -29979.668   -29987.762        8.094   324.4     -1.181     -0.369     -0.201     -0.376      0.268      0.503
149.5000     -29979.788   -29988.512        8.724   349.7      0.565      0.065      0.402     -0.316      0.008     -0.092
149.5500     -29979.907   -29988.582        8.675   347.7     -0.036     -0.174     -0.266      0.506     -0.236     -0.161
149.6000     -29980.097   -29988.689        8.592   344.4     -0.635     -0.010     -0.267     -0.553      0.106     -0.307
149.6500     -29979.868   -29987.908        8.041   322.3      0.372      0.229      1.656      0.408     -0.001      0.211
149.7000     -29979.817   -29988.561        8.744   350.5     -0.031      0.187     -0.627     -0.421     -0.450     -0.078
149.7500     -29979.185   -29988.049        8.864   355.3     -0.345      0.167     -0.929      0.628     -0.384     -0.429
149.8000     -29979.432   -29988.262        8.830   353.9      0.344      0.033      0.240     -0.536      0.261      0.385
149.8500     -29979.489   -29988.268        8.779   351.9     -0.600      0.567      0.064      0.258      0.083      0.179
149.9000     -29979.694   -29987.604        7.910   317.1     -0.178      0.443      0.206     -0.173     -0.235      0.268
149.9500     -29979.760   -29988.139        8.379   335.9     -0.455      0.647      0.335      0.918      0.069      0.106
150.0000     -29979.518   -29988.252        8.734   350.1      0.490     -0.755     -0.829      0.216     -0.097      0.045
150.0500     -29979.588   -29988.430        8.842   354.4     -1.066     -0.141     -0.061     -0.540     -0.235     -0.313
150.1000     -29979.257   -29987.908        8.651   346.8     -0.852     -0.025      0.199     -0.295      0.061     -0.281
150.1500     -29979.726   -29988.666        8.940   358.4     -0.593     -0.483     -0.136      0.279     -0.278     -0.079
150.2000     -29979.551   -29987.480        7.929   317.8     -1.107     -0.590     -0.775      0.287     -0.158      0.134
150.2500     -29979.620   -29988.154        8.534   342.1     -0.937      0.138     -0.314      0.632     -0.373      0.293
150.3000     -29979.283   -29987.822        8.539   342.3     -0.776      0.279     -0.867     -0.255     -0.315     -0.139
150.3500     -29979.542   -29987.871        8.329   333.8      0.594      0.087     -0.562     -0.183     -0.286      0.042
150.4000     -29979.897   -29988.006        8.108   325.0     -0.123     -0.251      0.953      0.650     -0.405     -0.513
150.4500     -29979.874   -29988.275        8.401   336.8     -0.094      0.941      0.095     -0.164     -0.260      0.124
150.5000     -29980.000   -29988.135        8.135   326.1     -0.396     -0.215      0.728     -0.119      0.406      0.245
150.5500     -29980.381   -29988.416        8.035   322.1      0.520      0.909      0.435      0.051     -0.172     -0.306
150.6000     -29980.285   -29988.295        8.010   321.1     -0.296     -0.217     -0.637      0.162     -0.225     -0.379
150.6500     -29979.658   -29988.025        8.367   335.4      0.331      0.406      0.301     -0.377      0.135      0.610
150.7000     -29979.573   -29988.057        8.484   340.1     -0.093      0.249      0.845      0.302     -0.273      0.288
150.7500     -29979.597   -29988.002        8.405   336.9     -0.214      0.590     -0.176     -0.143      0.066      0.044
150.8000     -29979.642   -29987.824        8.183   328.0      0.035     -0.517     -0.097     -0.241     -0.128     -0.007
150.8500     -29979.450   -29988.752        9.302   372.9     -0.538     -0.604     -1.391     -0.047      0.232      0.440
150.9000     -29980.030   -29988.129        8.099   324.6     -0.702     -1.058      0.002     -0.323      0.699     -0.718
150.9500     -29980.219   -29988.607        8.388   336.2     -0.728     -0.383     -0.107      0.035      0.243      0.151
151.0000     -29979.735   -29988.457        8.722   349.6     -0.984     -1.202     -0.212     -0.093     -0.501     -0.093
151.0500     -29979.912   -29988.619        8.707   349.0      0.373      0.267     -0.265     -0.451      0.136     -0.156
151.1000     -29979.773   -29988.264        8.490   340.3      0.364     -0.036      0.716      0.103     -0.075      0.173
151.1500     -29980.270   -29988.127        7.857   315.0     -0.419     -0.623     -0.025      0.395      0.018     -0.006
151.2000     -29980.185   -29988.570        8.385   336.1     -0.852     -1.643      0.685      0.674      0.649     -0.106
151.2500     -29980.717   -29988.477        7.759   311.0      0.097      0.455     -0.606      0.094      0.147     -0.411
151.3000     -29980.937   -29989.148        8.212   329.2     -0.337      0.152     -0.045      0.214      0.275      0.127
151.3500     -29980.894   -29989.357        8.463   339.3      1.122      1.128      1.072     -0.138     -0.621     -0.614
151.4000     -29980.678   -29989.240        8.562   343.2     -0.017      0.392     -0.557     -0.124      0.067      0.577
151.4500     -29979.874   -29988.010        8.136   326.1     -0.432     -0.143     -0.083     -0.054      0.215     -0.374
151.5000     -29980.350   -29988.219        7.869   315.4      0.112      0.370      0.034      0.333      0.058     -0.098
151.5500     -29979.645   -29988.604        8.959   359.1     -0.242     -0.004     -0.466      0.116      0.535      0.183
151.6000     -29979.480   -29987.916        8.436   338.2     -0.582     -0.697      0.018      0.334      0.335      0.075
151.6500     -29979.809   -29987.229        7.420   297.4      0.452      0.308     -0.548     -0.002     -0.139      0.173
151.7000     -29979.340   -29987.334        7.994   320.4     -0.864      0.582      0.339     -0.446     -0.063      0.689
151.7500     -29979.480   -29988.062        8.582   344.0     -0.107      0.399     -0.514     -0.225     -0.661      0.030
151.8000     -29979.015   -29988.350        9.335   374.2     -0.835     -1.380      0.059      0.219      0.258     -0.483
151.8500     -29979.097   -29987.656        8.560   343.1     -0.627     -0.497     -0.081      0.395     -0.310      0.046
151.9000     -29979.602   -29988.559        8.957   359.0     -0.215      0.746     -0.044     -0.552      0.296     -0.147
151.9500     -29979.537   -29988.301        8.764   351.3      0.481     -0.305     -0.219      0.923     -0.733      0.005
152.0000     -29979.152   -29988.008        8.855   355.0     -0.377     -0.440     -0.232     -0.387     -0.470     -0.015
152.0500     -29979.320   -29987.654        8.334   334.1     -0.008     -0.033     -0.122     -0.336      0.026     -0.439
152.1000     -29979.699   -29988.350        8.651   346.8      0.073     -0.281      0.141      0.457     -0.453     -0.492
152.1500     -29980.044   -29988.441        8.397   336.6     -0.152      0.665     -0.782      0.561      0.128      0.237
152.2000     -29980.066   -29987.254        7.188   288.1      0.800      0.643      1.114      0.100     -0.287     -0.316
152.2500     -29979.600   -29987.705        8.105   324.9     -0.741      0.248      0.113     -0.725      0.183     -0.029
152.3000     -29979.515   -29987.674        8.159   327.1     -0.140      0.164      0.543      0.469     -0.195      0.344
152.3500     -29979.557   -29988.150        8.593   344.5     -0.375     -0.113     -0.319      0.330     -0.021     -0.513
152.4000     -29979.920   -29988.320        8.401   336.7     -1.317     -0.198      0.448     -0.232     -0.050      0.407
152.4500     -29980.303   -29988.186        7.883   316.0     -0.330     -0.625     -0.483      0.147     -0.105     -0.470
152.5000     -29980.608   -29988.705        8.097   324.6     -0.158      0.408     -0.861      0.245     -0.317     -0.367
152.5500     -29980.218   -29987.963        7.745   310.5      0.414      1.308      1.718     -0.253      0.128      0.047
152.6000     -29980.592   -29988.105        7.514   301.2      0.419     -0.610      0.581      0.055     -0.341      0.249
152.6500     -29980.633   -29988.518        7.885   316.1      0.132     -0.004     -0.564      0.280     -0.186      0.175
152.7000     -29980.401   -29988.471        8.070   323.5     -0.085      0.750      1.313      0.130      0.194     -0.296
152.7500     -29980.648   -29989.076        8.428   337.8      0.709      0.564      0.504      0.072      0.003     -0.299
152.8000     -29980.614   -29988.527        7.913   317.2      0.009     -0.292      0.219     -0.621     -0.006     -0.772
152.8500     -29980.104   -29988.254        8.150   326.7     -1.587     -0.409     -0.184      0.131     -0.368      0.176
152.9000     -29980.427   -29988.537        8.110   325.1     -0.945     -0.179     -1.264     -0.556     -0.328     -0.442
152.9500     -29980.306   -29988.369        8.064   323.2     -0.267     -0.948     -1.070      0.387     -0.040      0.069
153.0000     -29980.444   -29989.201        8.757   351.0      0.683     -0.166      0.671      0.339     -0.161     -0.367
153.0500     -29979.902   -29988.855        8.954   358.9     -0.107     -0.469      0.195      0.048     -0.134      0.035
153.1000     -29980.317   -29989.125        8.808   353.1     -0.061      0.162      0.389      0.328     -0.027      0.153
153.1500     -29980.404   -29989.393        8.989   360.3     -0.639     -0.983     -1.301      0.278     -0.195      0.089
153.2000     -29980.665   -29989.189        8.525   341.7     -0.468     -0.787     -0.873      0.393      0.704     -0.057
153.2500     -29980.683   -29988.531        7.848   314.6     -0.401     -1.330     -0.000      0.176     -0.056     -0.418
153.3000     -29980.735   -29988.664        7.929   317.8      0.767     -0.617      0.098      0.540     -0.206      0.385
153.3500     -29980.393   -29988.791        8.398   336.6     -1.456      0.750     -0.327     -0.372      0.032     -0.185
153.4000     -29980.305   -29989.141        8.836   354.2      0.226      0.367      0.317      0.228      0.381      0.426
153.4500     -29979.660   -29988.645        8.984   360.1      0.401     -0.310      0.044      0.469     -0.097     -0.196
153.5000     -29979.528   -29988.422        8.893   356.5      0.278      0.140     -0.628     -0.254      0.286      0.512
153.5500     -29979.565   -29988.004        8.439   338.3      0.302      0.409      1.237     -0.183     -0.422     -0.532
153.6000     -29979.775   -29988.133        8.358   335.0     -0.320     -0.138     -0.276      0.984      0.019     -0.280
153.6500     -29980.064   -29987.555        7.491   300.3      0.046     -0.940     -1.680     -0.543     -0.109     -0.142
153.7000     -29980.393   -29988.961        8.568   343.4     -0.593     -0.125      0.620     -0.029     -0.304     -0.021
153.7500     -29980.159   -29988.615        8.456   339.0      0.067      1.068      0.485     -0.303      0.242      0.569
153.8000     -29979.951   -29989.566        9.616   385.4      0.270      0.545      0.851      0.300      0.075     -0.208
153.8500     -29980.294   -29989.277        8.983   360.1      0.433     -0.045      0.610     -0.016     -0.176     -0.003
153.9000     -29980.622   -29989.275        8.654   346.9     -0.250     -0.387      0.116     -0.030     -0.013      0.688
153.9500     -29980.530   -29989.072        8.542   342.4     -0.525     -0.449      0.634      0.151      0.112     -0.660
154.0000     -29980.876   -29989.502        8.626   345.8      0.505      0.811      0.341      0.560      0.240      0.256
154.0500     -29980.966   -29988.941        7.975   319.7      0.396      1.150     -0.398     -0.695     -0.370      0.526
154.1000     -29980.664   -29989.062        8.399   336.7     -0.546     -0.901     -0.385      0.130      0.153     -0.134
154.1500     -29980.429   -29987.949        7.520   301.4      0.233      0.089     -0.956     -0.309      0.577      0.144
154.2000     -29980.736   -29988.682        7.946   318.5      0.220     -0.740     -0.149      0.600     -0.495     -0.497
154.2500     -29980.626   -29988.500        7.874   315.6     -0.504      0.447     -0.191     -0.086     -0.340     -0.042
154.3000     -29981.181   -29989.227        8.046   322.5      0.096     -0.445     -0.887      0.108      0.108      0.226
154.3500     -29980.929   -29989.018        8.088   324.2      0.992      0.254      0.339     -0.033      0.036      0.543
154.4000     -29980.402   -29989.332        8.930   358.0     -0.074      0.266      0.063     -0.260      0.231      0.042
154.4500     -29980.064   -29988.463        8.399   336.7     -0.353     -0.308      0.788     -0.301     -0.102      0.006
154.5000     -29980.569   -29989.137        8.568   343.4      0.074     -0.480      0.330     -0.174      0.488     -0.014
154.5500     -29980.163   -29988.344        8.181   327.9      0.550     -1.151     -0.659     -0.164      0.017     -0.613
154.6000     -29979.891   -29988.201        8.310   333.1     -0.330     -0.164     -0.808     -0.272      0.079      0.380
154.6500     -29980.617   -29988.715        8.098   324.6     -0.013     -0.915     -0.179     -0.334      0.138      0.290
154.7000     -29980.856   -29988.902        8.047   322.6      0.859      0.244      0.185     -0.347      0.593      0.042
154.7500     -29981.251   -29989.027        7.776   311.7     -0.426     -0.357     -0.737      0.127      0.120     -0.487
154.8000     -29981.271   -29988.957        7.686   308.1     -0.048     -0.774      0.108      0.101      0.197      0.091
154.8500     -29981.186   -29989.150        7.964   319.2      0.628      0.721      0.248      0.151      0.281     -0.212
154.9000     -29981.858   -29989.650        7.792   312.4      1.085      1.120      0.564      0.089     -0.203     -0.128
154.9500     -29981.700   -29988.697        6.998   280.5      0.013      0.290      0.368     -0.235     -0.023     -0.425
155.0000     -29980.674   -29988.551        7.877   315.7      0.610      0.428     -0.035      0.080      0.623     -0.146
155.0500     -29980.519   -29988.898        8.379   335.9     -0.733      0.497     -0.127     -0.046      0.244     -0.111
155.1000     -29980.665   -29989.178        8.513   341.2      0.699     -0.354     -0.016      0.092      0.056     -0.372
155.1500     -29980.546   -29988.895        8.348   334.6      0.688      0.275      0.224      0.381      0.016      0.244
155.2000     -29980.263   -29988.596        8.333   334.0     -0.409     -0.078      0.058      0.342      0.462     -0.589
155.2500     -29980.731   -29988.893        8.162   327.2      0.137     -0.441     -1.033     -0.214     -0.348      0.091
155.3000     -29980.835   -29988.684        7.849   314.6     -0.069     -0.057      0.404      0.653     -0.002     -0.099
155.3500     -29980.506   -29988.148        7.642   306.3     -0.126     -0.909     -1.340     -0.106      0.300      0.463
155.4000     -29979.941   -29988.473        8.532   342.0      0.426      0.182     -0.588      0.033      0.197     -0.407
155.4500     -29979.485   -29987.832        8.348   334.6     -0.214     -0.800      0.207      0.470      0.671     -0.125
155.5000     -29979.565   -29987.605        8.040   322.3     -0.504      0.099     -0.968     -0.206     -0.423     -0.482
155.5500     -29979.653   -29987.529        7.876   315.7     -0.300     -0.832     -0.823     -0.495      0.262      0.108
155.6000     -29979.911   -29987.602        7.691   308.3     -0.592     -0.688     -0.309      0.252     -0.097     -0.488
155.6500     -29980.173   -29988.344        8.171   327.5      0.229     -0.041      1.156      0.394      0.575     -0.319
155.7000     -29980.104   -29988.768        8.663   347.3      0.101     -0.232      0.056      0.704     -0.085      0.318
155.7500     -29980.204   -29988.723        8.519   341.5     -0.176      0.056     -0.088     -0.039     -0.125     -0.517
155.8000     -29980.181   -29988.664        8.483   340.0     -1.078     -0.262     -0.370      0.113      0.054     -0.071
155.8500     -29980.105   -29988.611        8.506   341.0      0.090     -0.368      0.503      0.431     -0.310     -0.044
155.9000     -29980.288   -29988.467        8.179   327.9      0.684      0.397     -0.114      0.517      0.266      0.391
155.9500     -29980.698   -29988.795        8.097   324.5      1.189      0.344      0.433      0.099     -0.236      0.402
156.0000     -29980.666   -29989.340        8.674   347.7     -0.353     -0.318      0.208      0.097      0.025     -0.084
156.0500     -29980.989   -29989.275        8.287   332.2     -0.224     -0.423     -0.208      0.077     -0.087      0.341
156.1000     -29980.668   -29988.783        8.116   325.3      0.196      0.245     -0.053      0.315      0.487     -0.613
156.1500     -29980.886   -29987.588        6.702   268.7     -0.554      1.146      1.029      0.122     -0.134      0.243
156.2000     -29980.541   -29988.561        8.019   321.5      0.391     -0.382     -0.134      0.527     -0.144      0.211
156.2500     -29980.467   -29988.438        7.970   319.5     -0.707     -0.312     -0.239      0.134     -0.064     -0.180
156.3000     -29980.576   -29988.754        8.178   327.8     -0.373     -0.028     -0.198     -0.282      0.076     -0.156
156.3500     -29980.432   -29988.848        8.416   337.3      0.317      0.084     -0.983     -0.450      0.021     -0.144
156.4000     -29979.892   -29988.746        8.854   354.9      0.555     -0.360     -0.256     -0.199     -0.065      0.457
156.4500     -29979.687   -29988.412        8.726   349.8      0.045     -0.407     -0.244      0.058     -0.238     -0.070
156.5000     -29979.512   -29988.619        9.107   365.1      0.281     -0.039      1.209      0.178     -0.105     -0.019
156.5500     -29979.177   -29987.668        8.491   340.4      0.409      0.432      1.122     -0.207     -0.060     -0.532
156.6000     -29979.219   -29987.777        8.558   343.1      0.163      0.591     -0.538     -0.373      0.250      0.224
156.6500     -29978.457   -29987.455        8.998   360.7     -0.622     -0.539      0.040     -0.365     -0.165     -0.372
156.7000     -29978.303   -29987.875        9.572   383.7     -1.022     -0.575     -0.160      0.124     -0.460     -0.172
156.7500     -29978.168   -29987.789        9.621   385.6     -0.091     -0.471      0.257      0.130     -0.412     -0.466
156.8000     -29978.171   -29987.871        9.700   388.8     -0.265      0.133     -0.026     -0.074      0.319     -0.188
156.8500     -29977.967   -29987.514        9.547   382.7     -0.246     -0.592      0.489     -0.670     -0.319      0.225
156.9000     -29978.132   -29987.486        9.354   375.0      0.484     -0.391     -0.900      0.185      0.258     -0.272
156.9500     -29978.314   -29987.641        9.327   373.9     -0.646     -0.190     -0.472     -0.202      0.083     -0.165
157.0000     -29978.734   -29987.273        8.539   342.3      0.728     -0.830      0.044     -0.452      0.296     -0.117
157.0500     -29978.757   -29987.607        8.850   354.8     -0.225     -0.202      0.171      0.232      0.502      0.531
157.1000     -29978.177   -29987.340        9.162   367.3     -0.443      0.095     -1.045      1.030      0.080      0.110
157.1500     -29977.941   -29986.424        8.483   340.0     -0.793     -0.399      0.122     -0.224     -0.416     -0.081
157.2000     -29978.201   -29987.080        8.879   355.9     -0.432      0.394     -0.487     -0.132      0.457      0.360
157.2500     -29979.221   -29987.650        8.429   337.9     -0.334     -0.295      0.026     -0.419      0.121     -0.580
157.3000     -29979.185   -29987.471        8.285   332.1      0.160      0.439     -0.280      0.296      0.138      0.733
157.3500     -29979.257   -29987.188        7.930   317.9     -0.224      0.560     -0.646      0.358      0.095     -0.038
157.4000     -29979.302   -29988.055        8.752   350.8      1.178     -0.273      1.443      0.085      0.097     -0.198
157.4500     -29979.157   -29987.766        8.608   345.1     -0.015      0.942      0.336      0.566     -0.089     -0.428
157.5000     -29979.729   -29988.041        8.312   333.2     -0.912     -0.584     -0.076      0.111     -0.010     -0.184
157.5500     -29979.332   -29987.605        8.273   331.6      1.115      0.423      0.232     -0.454     -0.304      0.238
157.6000     -29979.987   -29988.137        8.150   326.7      0.158      1.243      0.820      0.230      0.236     -0.248
157.6500     -29980.123   -29987.986        7.863   315.2      0.841      0.709      0.235     -0.434     -0.189     -0.203
157.7000     -29980.757   -29988.744        7.987   320.2     -0.202     -0.127     -0.144      0.420      1.006     -0.200
157.7500     -29980.400   -29988.395        7.995   320.5      0.212     -0.138      0.498      0.154     -0.534     -0.609
157.8000     -29980.081   -29988.369        8.288   332.2     -0.093     -0.577     -0.649      0.140     -0.559      0.215
157.8500     -29980.202   -29988.305        8.103   324.8     -0.442     -0.369      0.716      0.281      0.084      0.307
157.9000     -29980.558   -29988.877        8.319   333.4      0.805      0.144     -0.088      0.068      0.287     -0.196
157.9500     -29980.888   -29988.861        7.973   319.6     -0.651     -0.130     -0.427      0.044      0.389      0.102
158.0000     -29980.609   -29988.727        8.117   325.4      0.429      0.586      1.092      0.014     -0.480     -0.232
158.0500     -29980.894   -29988.574        7.680   307.8      0.368      0.549      0.052      0.060      0.035     -0.198
158.1000     -29981.511   -29988.842        7.331   293.8     -0.905     -0.282     -0.659      0.157      0.335     -0.852
158.1500     -29981.872   -29989.234        7.363   295.1      1.254      0.577      0.404     -0.682      0.134     -0.491
158.2000     -29982.276   -29989.291        7.015   281.2     -0.292     -0.352      0.174      0.757     -0.145     -0.607
158.2500     -29981.800   -29989.564        7.764   311.2     -0.261      0.925     -0.095     -0.430     -0.182      0.117
158.3000     -29982.058   -29989.449        7.391   296.3      0.123     -0.257      0.036      0.612      0.127     -0.299
158.3500     -29982.245   -29989.438        7.192   288.3      0.118     -0.376     -1.273      0.448      0.162      0.043
158.4000     -29981.985   -29989.543        7.558   303.0      0.299      0.209      0.037     -0.003      0.511     -0.340
158.4500     -29982.195   -29989.637        7.441   298.3     -0.252      0.055      0.198     -0.330     -0.252     -0.289
158.5000     -29981.438   -29989.275        7.838   314.2      0.207      0.203     -0.301      0.002      0.560     -0.221
158.5500     -29981.481   -29988.777        7.296   292.5      0.578     -0.316     -0.231     -0.144      0.176      0.547
158.6000     -29981.184   -29988.516        7.331   293.9      0.614      0.803      0.505     -0.315     -0.092      0.128
158.6500     -29981.636   -29989.771        8.136   326.1      0.792     -0.377      0.915      0.570      0.282     -0.155
158.7000     -29981.391   -29989.502        8.111   325.1     -0.006     -0.196      0.408     -0.258      0.147      0.387
158.7500     -29981.583   -29989.359        7.777   311.7      0.717     -0.712     -0.091      0.442      0.375     -0.416
158.8000     -29981.144   -29988.832        7.688   308.2      0.705      0.266     -0.347     -0.297      0.304      0.581
158.8500     -29980.644   -29988.680        8.036   322.1     -0.577     -0.503     -0.469      0.112     -0.409     -0.036
158.9000     -29980.633   -29988.766        8.132   326.0      0.026      0.224      0.936      0.024      0.148      0.308
158.9500     -29980.415   -29988.805        8.390   336.3      1.450     -0.010     -0.474     -0.437     -0.221      0.219
159.0000     -29980.616   -29989.432        8.816   353.4      0.054      0.523      0.484     -0.009     -0.297      0.174
159.0500     -29980.963   -29988.912        7.949   318.6      1.693      0.277     -0.551     -0.550      0.748     -0.117
159.1000     -29980.793   -29988.309        7.516   301.3      0.500      0.037      0.281     -0.358      0.051      0.092
159.1500     -29980.475   -29988.053        7.578   303.7     -0.012     -0.156      0.576      0.047     -0.161      0.388
159.2000     -29980.087   -29987.822        7.735   310.1      1.016     -0.059      0.984     -0.260      0.102     -0.090
159.2500     -29980.086   -29987.764        7.678   307.8     -0.574     -0.228     -0.276      0.158      0.253      0.466
159.3000     -29979.906   -29987.811        7.904   316.8      0.590     -1.292      0.055     -0.198      0.085      0.530
159.3500     -29979.785   -29987.516        7.730   309.9      0.986      0.478     -0.491     -0.228     -0.295      0.287
159.4000     -29980.273   -29988.533        8.260   331.1      0.485     -0.115      0.921     -0.196     -0.038      0.086
159.4500     -29979.957   -29987.514        7.557   302.9      0.188     -1.182     -0.705     -0.648     -0.153     -0.555
159.5000     -29979.321   -29987.934        8.613   345.2     -0.068     -0.129      0.568      0.336      0.040     -0.139
159.5500     -29979.487   -29987.684        8.197   328.6      0.648      0.477      0.480      0.222      0.122      0.050
159.6000     -29979.698   -29988.281        8.583   344.1      0.417     -0.673      0.309      0.085     -0.311      0.123
159.6500     -29979.340   -29987.795        8.454   338.9     -0.035      0.471     -0.112     -0.312      0.385      0.527
159.7000     -29979.664   -29988.160        8.496   340.6      0.349      0.343     -0.074      0.132      0.380     -0.480
159.7500     -29979.573   -29987.896        8.323   333.6     -0.810     -0.251      0.324      0.188     -0.003      0.444
159.8000     -29979.440   -29987.992        8.553   342.8      0.669     -0.558     -0.124     -0.196      0.158      0.047
159.8500     -29980.035   -29987.617        7.582   303.9     -0.487     -0.228      0.253     -0.408     -0.094     -0.105
159.9000     -29979.921   -29988.102        8.180   327.9      1.244     -1.145     -0.301      0.151     -0.268      0.034
159.9500     -29979.582   -29987.418        7.836   314.1      0.024      0.883      0.920     -1.067     -0.176     -0.571
160.0000     -29979.142   -29988.104        8.962   359.2      0.693      0.916      0.151      0.316      0.183      0.354
160.0500     -29979.408   -29987.928        8.520   341.5      0.336     -0.344      0.630      0.229     -0.391     -0.742
160.1000     -29979.663   -29988.652        8.989   360.3     -1.127      0.325     -0.776     -0.007      0.064      0.650
160.1500     -29979.601   -29988.793        9.192   368.5      0.314      0.602      0.430     -0.265      0.171      0.362
160.2000     -29979.815   -29988.896        9.082   364.0      1.138      0.915      0.527      0.081      0.300      0.458
160.2500     -29979.828   -29988.953        9.125   365.8      0.390     -1.071     -0.975     -0.134     -0.276     -0.498
160.3000     -29980.545   -29989.188        8.643   346.4     -0.210      0.606      0.645      0.173     -0.202     -0.005
160.3500     -29981.351   -29989.004        7.653   306.8      0.828      0.255     -0.155     -0.402     -0.240     -0.206
160.4000     -29981.099   -29988.656        7.558   302.9     -0.992     -0.569     -0.716     -0.101      0.331     -0.344
160.4500     -29981.299   -29988.707        7.408   296.9      0.618      0.848      0.532     -0.664      0.199      0.202
160.5000     -29980.968   -29988.906        7.938   318.2      0.222      0.452      0.320      0.530      0.387     -0.255
160.5500     -29980.769   -29989.262        8.493   340.4      1.057     -0.544      0.811     -0.142     -0.444      0.737
160.6000     -29981.101   -29988.674        7.573   303.6      0.091     -0.397     -0.612     -0.125      0.163      0.093
160.6500     -29980.475   -29988.117        7.642   306.3      0.391     -0.471      1.060     -0.345     -0.300      1.108
160.7000     -29980.778   -29988.383        7.605   304.8      0.116     -0.428     -0.177     -0.226     -0.988      0.062
160.7500     -29980.367   -29988.230        7.864   315.2      0.137      1.046     -0.141      0.075      0.074     -0.162
160.8000     -29980.261   -29988.951        8.690   348.3     -0.769     -0.013     -0.221      0.089     -0.366     -0.269
160.8500     -29980.580   -29989.047        8.467   339.4     -0.700     -0.827     -0.581      0.136      0.447      0.343
160.9000     -29980.327   -29988.693        8.366   335.4     -0.143      0.574      0.232      0.435      0.074     -0.076
160.9500     -29979.717   -29988.430        8.713   349.3      0.836     -0.426     -0.342      0.305      0.047     -0.072
161.0000     -29979.389   -29988.299        8.910   357.2     -0.044      0.068      0.559      0.107     -0.448      0.198
161.0500     -29979.475   -29987.590        8.115   325.3     -0.412     -0.505      0.260     -0.503      0.253     -0.286
161.1000     -29979.765   -29987.562        7.797   312.6      1.899      0.064     -0.124      0.825     -0.646     -0.698
161.1500     -29979.707   -29988.057        8.349   334.7      0.612      0.211      0.012     -0.531     -0.178      0.634
161.2000     -29979.947   -29988.387        8.440   338.3      0.240     -0.174     -0.048      0.464      0.106     -0.960
161.2500     -29980.049   -29988.584        8.535   342.1     -0.373     -0.123     -1.018      0.300     -0.002     -0.324
161.3000     -29980.165   -29988.389        8.224   329.6     -0.013      0.253     -0.979      0.110      0.077      0.595
161.3500     -29980.532   -29988.867        8.335   334.1     -0.160      0.344     -0.313      0.321     -0.350      0.170
161.4000     -29980.154   -29988.100        7.945   318.5      0.044      0.225      1.038     -0.249     -0.172     -0.525
161.4500     -29980.364   -29988.641        8.276   331.8      0.149     -0.107     -0.868      0.752     -0.364     -0.069
161.5000     -29980.851   -29988.648        7.797   312.6      0.052      0.228     -0.366     -0.267      0.069     -0.093
161.5500     -29980.991   -29989.098        8.107   325.0      0.108     -0.019      0.308      0.233      0.263      0.076
161.6000     -29980.949   -29989.090        8.141   326.3      0.814     -0.828      0.019     -0.226     -0.004     -0.246
161.6500     -29981.548   -29988.797        7.249   290.6     -0.409     -0.237     -0.813      0.201      0.238      0.070
161.7000     -29981.999   -29989.840        7.841   314.3      1.135      0.358      1.177      0.328      0.129     -0.237
161.7500     -29982.005   -29989.436        7.431   297.9      0.293      0.232     -0.398      0.460     -0.193      0.618
161.8000     -29981.546   -29989.684        8.137   326.2     -1.011     -0.643     -0.337     -0.178      0.083     -0.489
161.8500     -29981.726   -29989.953        8.227   329.8     -0.100      0.288     -0.598      0.179      0.728     -0.121
161.9000     -29981.546   -29990.289        8.743   350.5      0.673      0.670     -0.354     -0.064     -0.166      0.315
161.9500     -29981.460   -29989.730        8.270   331.5     -0.228     -0.191     -0.296      0.149      0.272     -0.101
162.0000     -29981.279   -29988.947        7.668   307.4      0.344     -0.994     -0.673     -0.219      0.187      0.283
162.0500     -29981.804   -29989.484        7.680   307.8     -0.046     -0.649     -0.012     -0.061     -0.598      0.548
162.1000     -29981.407   -29989.756        8.349   334.7     -0.589     -0.207     -0.801     -0.496      0.422     -0.015
162.1500     -29981.171   -29988.592        7.421   297.5     -0.844     -0.756     -0.344      0.528     -0.007     -0.592
162.2000     -29981.010   -29989.266        8.256   330.9     -0.253     -0.679      0.295      0.144     -0.426      0.253
162.2500     -29981.130   -29989.129        7.999   320.6     -0.233     -0.277      0.444     -0.167     -0.121     -0.130
162.3000     -29981.064   -29989.375        8.311   333.2      0.498      0.253     -0.890      0.310     -0.017     -0.998
162.3500     -29980.936   -29989.117        8.181   327.9     -0.439     -0.247     -0.029     -0.117      0.055      0.205
162.4000     -29981.013   -29989.396        8.384   336.1     -0.641     -0.442     -0.527     -0.597     -0.127     -0.552
162.4500     -29981.408   -29989.398        7.990   320.3     -0.654     -0.118      0.291      0.126     -0.275     -0.044
162.5000     -29981.591   -29988.854        7.263   291.1      0.276      0.012     -0.474      0.102      0.026      0.323
162.5500     -29981.509   -29989.680        8.171   327.5     -0.329      0.321      0.168      0.264      0.244      0.469
162.6000     -29981.400   -29989.320        7.921   317.5      0.119     -0.812      0.036      0.128     -0.547     -0.686
162.6500     -29981.281   -29988.717        7.436   298.1      0.889      0.351      0.455     -0.109      0.280     -0.235
162.7000     -29981.253   -29989.391        8.138   326.2     -0.068      0.018      0.618      0.046     -0.924      0.134
162.7500     -29981.162   -29988.891        7.728   309.8     -0.113     -0.158     -1.098     -0.195      0.623     -0.201
162.8000     -29981.495   -29989.055        7.560   303.0     -0.454     -1.573      0.470     -0.448     -0.466     -0.054
162.8500     -29981.541   -29989.143        7.601   304.7      0.239     -0.139     -0.630     -0.512      0.348      0.051
162.9000     -29981.199   -29988.990        7.791   312.3     -0.113      0.251     -0.255      0.405     -0.300      0.072
162.9500     -29980.740   -29989.531        8.791   352.4     -0.159     -0.675      0.097     -0.002     -0.069      0.949
163.0000     -29980.791   -29988.852        8.061   323.1     -0.131     -0.112     -0.042      0.137      0.075     -0.352
163.0500     -29980.924   -29988.631        7.706   308.9     -1.364     -0.217     -0.210      0.456     -0.076     -0.226
163.1000     -29980.709   -29988.672        7.963   319.2      0.569      0.508      0.401     -0.319      0.030      0.079
163.1500     -29980.381   -29988.742        8.361   335.1     -0.672      0.087     -0.542      0.481     -0.150      0.315
163.2000     -29980.286   -29988.564        8.279   331.8      0.423      0.385      0.523     -0.048     -0.398      0.678
163.2500     -29979.868   -29988.596        8.727   349.8     -0.446     -0.983     -0.967      0.626      0.153      0.116
163.3000     -29980.363   -29988.488        8.126   325.7      0.537      0.316      0.734     -0.532     -0.368     -0.054
163.3500     -29980.098   -29989.027        8.929   357.9     -0.647     -0.464     -0.967      0.145     -0.964      0.830
163.4000     -29980.147   -29988.744        8.597   344.6      0.342     -0.107     -0.834     -0.392     -0.188     -0.206
163.4500     -29979.794   -29988.371        8.577   343.8     -0.944     -0.325     -0.571      0.194      0.317     -0.056
163.5000     -29979.956   -29988.129        8.173   327.6     -0.184     -1.037     -0.387     -0.286     -0.408      0.147
163.5500     -29979.732   -29987.320        7.588   304.2     -0.792      0.008     -0.344      0.394      0.664     -0.203
163.6000     -29979.790   -29988.498        8.708   349.1      0.067      1.057      0.683     -0.406      0.495     -0.151
163.6500     -29979.979   -29988.787        8.808   353.1     -0.456     -0.356      0.084      0.128     -0.196      0.500
163.7000     -29980.373   -29989.182        8.809   353.1     -0.811     -0.491      0.179      0.414     -0.190     -0.073
163.7500     -29980.306   -29988.836        8.530   341.9     -0.881     -0.343     -0.061      0.456      0.286      0.160
163.8000     -29980.576   -29988.170        7.594   304.4     -0.384      0.521     -0.075     -0.141      0.138     -0.084
163.8500     -29980.221   -29988.699        8.478   339.8      0.002     -0.934      0.462     -0.035     -0.123     -0.082
163.9000     -29979.774   -29988.328        8.554   342.9      1.041      1.379      0.651     -0.228     -0.047     -0.510
163.9500     -29980.092   -29988.301        8.209   329.0      0.316      0.251     -0.265     -0.088      0.169      0.397
164.0000     -29980.216   -29988.277        8.061   323.1     -0.753      0.730      0.147      0.431      0.009     -0.346
164.0500     -29979.934   -29987.803        7.869   315.4      0.762     -0.699     -0.056     -0.719      0.134      0.211
164.1000     -29980.256   -29988.873        8.617   345.4      0.055     -0.100     -0.210     -0.170     -0.703     -0.600
164.1500     -29980.447   -29988.096        7.648   306.6     -0.578      0.138     -0.747      0.613      0.710      0.098
164.2000     -29980.536   -29988.930        8.394   336.5      0.909     -0.489      0.983     -0.134      0.019     -0.377
164.2500     -29980.178   -29988.322        8.145   326.5      0.708      0.244      0.063     -0.121      0.075     -0.147
164.3000     -29980.338   -29988.945        8.608   345.0     -0.167      0.259      0.318     -0.014     -0.131      0.240
164.3500     -29980.167   -29988.238        8.071   323.5     -1.157     -0.478     -0.804     -0.568      0.061     -0.057
164.4000     -29980.208   -29989.113        8.905   356.9      0.582      0.238      0.115      0.254     -0.251     -0.539
164.4500     -29980.522   -29988.457        7.935   318.1     -0.256      0.261     -0.362     -0.365     -0.228      0.274
164.5000     -29980.663   -29988.889        8.226   329.7      1.443      0.209      0.302      0.061      0.279     -0.461
164.5500     -29980.221   -29988.967        8.745   350.6     -0.514     -0.215     -0.326      0.015      0.334     -0.426
164.6000     -29980.228   -29988.775        8.547   342.6     -0.711     -0.675     -0.644      0.253      0.012      0.446
164.6500     -29979.416   -29988.227        8.811   353.2      0.555     -0.618     -0.879      0.191      0.314     -0.507
164.7000     -29979.436   -29988.486        9.050   362.8     -0.936     -1.344     -0.950     -0.355      0.010      0.121
164.7500     -29979.543   -29988.240        8.698   348.6     -0.133     -0.793      0.059     -0.271      0.412      0.117
164.8000     -29980.037   -29989.338        9.301   372.8     -0.474     -0.124      0.068     -0.159     -0.009     -0.266
164.8500     -29980.415   -29989.492        9.077   363.8     -0.014     -0.163     -1.131      0.021      0.299     -0.177
164.9000     -29980.242   -29988.764        8.522   341.6     -0.864     -0.495     -0.669      0.065      0.164     -0.113
164.9500     -29980.508   -29989.205        8.697   348.6      0.373     -0.083     -0.461     -0.212      0.081      0.162
165.0000     -29980.995   -29989.213        8.218   329.4     -0.689     -0.548     -0.665      0.018     -0.325     -0.113
165.0500     -29981.247   -29989.832        8.585   344.1      0.101     -0.597     -0.078     -0.563      0.013     -0.411
165.1000     -29981.838   -29990.311        8.473   339.6      0.593      0.082     -0.754      0.240     -0.353      0.626
165.1500     -29981.637   -29989.479        7.842   314.3     -0.303      0.250     -0.036     -0.079     -0.179     -0.244
165.2000     -29981.564   -29989.598        8.034   322.0      0.487      0.576      0.855      0.270      0.546     -0.081
165.2500     -29981.973   -29989.740        7.768   311.4      0.604      0.130     -0.270      0.091      0.035      0.014
165.3000     -29982.095   -29989.928        7.833   314.0      0.087      0.023      0.349      0.169     -0.728      0.064
165.3500     -29982.227   -29990.107        7.880   315.9      1.338     -0.136      0.295     -0.616     -0.298      0.105
165.4000     -29982.184   -29990.369        8.185   328.1     -0.039      0.458     -0.113      0.050      0.641     -0.129
165.4500     -29982.480   -29989.975        7.495   300.4     -0.671     -0.640     -0.069     -0.074     -0.645     -0.333
165.5000     -29982.562   -29989.848        7.285   292.0      0.164      0.345      0.401     -0.868     -0.090     -0.086
165.5500     -29982.333   -29990.195        7.862   315.2      0.910      0.481     -0.191      0.376      0.159     -0.027
165.6000     -29983.112   -29990.334        7.222   289.5     -0.110      0.086      0.242      0.203     -0.080     -0.159
165.6500     -29982.739   -29990.250        7.511   301.1      0.680      0.202     -0.483      0.171     -0.119      0.008
165.7000     -29982.141   -29990.037        7.896   316.5     -0.682     -0.182      0.126      0.048      0.092     -0.404
165.7500     -29982.431   -29990.438        8.006   320.9     -0.167     -0.595     -0.050      0.514     -0.414     -0.709
165.8000     -29982.080   -29990.381        8.300   332.7     -0.460      1.420      0.324     -0.338     -0.363     -0.066
165.8500     -29982.234   -29989.719        7.485   300.0     -0.248     -1.162     -0.414      0.230      0.320      0.360
165.9000     -29982.189   -29989.791        7.602   304.7     -0.859     -1.208     -0.189     -0.118     -0.159     -0.945
165.9500     -29981.796   -29990.104        8.308   333.0      0.766      0.177      0.978     -0.139      0.304     -0.214
166.0000     -29982.279   -29990.502        8.223   329.6     -0.237      0.050     -0.373     -0.002      0.336      0.080
166.0500     -29982.063   -29989.285        7.222   289.5     -0.559     -0.556      0.428      0.489     -0.193      0.462
166.1000     -29982.097   -29989.875        7.778   311.8     -0.091      0.339     -1.152     -1.071      0.114     -0.475
166.1500     -29981.629   -29989.916        8.287   332.2      0.347      0.094     -0.041      0.745     -0.116      0.357
166.2000     -29981.895   -29990.609        8.714   349.3      0.272      0.247     -0.077     -0.216      0.071     -0.230
166.2500     -29981.998   -29989.436        7.438   298.1      0.356     -0.831     -0.148      0.171     -0.371     -0.044
166.3000     -29981.596   -29990.004        8.408   337.0     -0.713      0.407     -0.236     -0.037     -0.175     -0.258
166.3500     -29981.207   -29989.395        8.188   328.2     -0.691     -0.776     -0.394     -0.029     -0.029      0.064
166.4000     -29980.721   -29989.727        9.005   361.0      0.308     -0.516     -0.278     -0.100     -0.138     -0.158
166.4500     -29981.141   -29989.566        8.425   337.7     -0.555     -0.629     -1.403      0.420     -0.228      0.415
166.5000     -29980.835   -29989.109        8.275   331.7      0.237     -0.887      0.532     -0.080     -0.487      0.196
166.5500     -29980.645   -29988.670        8.025   321.7     -0.709     -0.364     -1.532      0.209      0.729     -0.186
166.6000     -29980.028   -29988.930        8.902   356.8      0.679     -0.291     -0.158     -0.269     -0.271     -0.154
166.6500     -29980.667   -29988.365        7.698   308.6      0.589     -0.749      0.145      0.037      0.340      0.403
166.7000     -29980.421   -29988.430        8.008   321.0      0.771      0.183     -0.529     -0.248     -0.106      0.236
166.7500     -29981.123   -29989.600        8.476   339.8      0.192     -0.632     -0.127      0.036     -0.059      0.226
166.8000     -29980.662   -29989.436        8.773   351.7     -0.321      0.448     -0.457      0.221      0.297     -0.098
166.8500     -29980.538   -29989.307        8.769   351.5      0.009     -0.321     -1.249      0.359      0.352      0.141
166.9000     -29980.650   -29989.428        8.778   351.9      0.374     -0.137      0.255     -0.845     -0.811     -0.587
166.9500     -29980.751   -29989.150        8.400   336.7      0.715      0.161      0.162      0.102     -0.205     -0.320
167.0000     -29980.588   -29988.850        8.261   331.2      0.479     -0.140     -0.694     -0.639      0.190     -0.155
167.0500     -29980.542   -29989.920        9.378   375.9     -0.601     -0.093     -0.493      0.162     -0.199     -0.240
167.1000     -29980.226   -29989.121        8.895   356.6     -0.946     -0.933     -1.381     -0.233      0.329     -0.033
167.1500     -29980.841   -29989.066        8.226   329.7      0.366      0.047     -0.754     -0.230     -0.384      0.566
167.2000     -29980.703   -29989.203        8.500   340.7     -0.056      0.326      1.122     -0.530      0.066      0.150
167.2500     -29980.135   -29988.977        8.841   354.4     -0.174      0.433      1.045      0.031      0.361      0.071
167.3000     -29981.083   -29989.088        8.005   320.9      0.651     -0.085     -0.729     -0.164     -0.146     -0.075
167.3500     -29980.702   -29988.871        8.169   327.5     -0.460      0.213     -0.122     -0.081     -0.077     -0.234
167.4000     -29980.161   -29989.529        9.368   375.5      0.983     -0.222      0.251     -0.334     -0.408     -0.022
167.4500     -29980.049   -29990.092       10.043   402.6      0.198      0.549      0.100      0.434     -0.062      0.169
167.5000     -29979.961   -29988.344        8.382   336.0      0.911      0.404     -0.771     -0.057      0.378      0.036
167.5500     -29979.731   -29988.658        8.928   357.9      0.285     -0.216      0.144     -0.139     -0.443      0.199
167.6000     -29980.153   -29989.482        9.329   374.0     -0.243     -0.264     -0.973     -0.426     -0.098     -0.194
167.6500     -29979.762   -29988.518        8.755   351.0     -0.316     -0.733     -0.763      0.115      0.497      0.581
167.7000     -29979.525   -29988.734        9.209   369.1     -1.021     -0.195     -0.512     -0.861     -0.384     -0.403
167.7500     -29979.159   -29987.775        8.617   345.4     -0.164     -0.470     -0.327      0.331     -0.643     -0.280
167.8000     -29978.792   -29987.426        8.634   346.1     -0.555     -0.529     -1.219      0.015      0.321      0.433
167.8500     -29978.847   -29988.033        9.187   368.2      0.693     -0.841     -1.465      0.440     -0.317     -0.313
167.9000     -29979.192   -29987.826        8.634   346.1      0.561     -0.398      0.250     -0.161      0.423     -0.432
167.9500     -29979.663   -29988.209        8.546   342.6      0.750      0.546      0.205     -0.196      0.371      0.118
168.0000     -29979.819   -29988.441        8.623   345.6      0.326     -0.370      0.148      0.726     -0.607     -0.093
168.0500     -29979.813   -29988.652        8.840   354.3      1.402     -0.526      0.552     -0.351     -0.313      0.053
168.1000     -29979.647   -29988.580        8.934   358.1     -0.978     -0.168     -1.173     -0.056     -0.241     -0.309
168.1500     -29979.498   -29988.443        8.945   358.6      0.346     -0.232      1.104      0.435      0.394      0.020
168.2000     -29980.093   -29988.777        8.684   348.1     -0.371     -0.188     -0.451      0.118     -0.400     -0.550
168.2500     -29980.146   -29989.463        9.316   373.4     -0.537      0.113      0.065      0.208      0.337     -0.167
168.3000     -29980.460   -29989.777        9.317   373.5      0.088     -0.094      0.265      0.011     -0.302      0.184
168.3500     -29980.470   -29989.158        8.688   348.3      0.795      0.976     -0.131     -0.465      0.812     -0.310
168.4000     -29980.354   -29988.896        8.543   342.4     -0.351      0.211      0.266      0.293     -0.054     -0.558
168.4500     -29979.939   -29988.590        8.650   346.8     -1.006     -0.503     -0.496      0.070      0.296      0.387
168.5000     -29980.103   -29989.061        8.958   359.1     -0.541      0.367     -0.483      0.331      0.136      0.529
168.5500     -29980.195   -29989.158        8.964   359.3     -0.402      0.073     -0.345     -0.440     -0.018     -0.657
168.6000     -29980.204   -29988.695        8.491   340.4      0.277     -0.617      0.332     -0.339     -0.548     -0.610
168.6500     -29980.294   -29989.621        9.327   373.9     -1.308      0.162      0.203     -0.433     -0.245      0.622
168.7000     -29980.239   -29988.877        8.638   346.2     -2.058     -1.194     -2.250      0.373      0.092      0.150
168.7500     -29980.724   -29989.174        8.450   338.7     -1.174      0.272     -1.314     -0.121      0.293     -0.328
168.8000     -29980.525   -29988.904        8.379   335.9      0.128     -0.258     -0.096     -0.039     -0.141      0.137
168.8500     -29980.778   -29988.941        8.164   327.2      0.738     -0.454      0.427     -0.026     -0.231     -0.181
168.9000     -29981.534   -29989.156        7.622   305.5      0.347      1.644      0.815     -0.308      0.096      0.130
168.9500     -29981.225   -29989.043        7.818   313.4      0.973      0.493      0.690     -0.212      0.583     -0.202
169.0000     -29981.874   -29989.814        7.940   318.3      0.261     -0.240      0.086     -0.202     -0.493     -0.134
169.0500     -29981.831   -29990.096        8.265   331.3      0.520     -0.191     -0.222      0.173      0.131     -0.047
169.1000     -29981.436   -29989.615        8.180   327.9     -0.187      0.620      0.057     -0.581     -0.148     -0.005
169.1500     -29981.488   -29989.148        7.661   307.1     -1.142     -1.083     -0.209     -0.269      0.033      0.074
169.2000     -29981.051   -29989.562        8.512   341.2      1.086     -0.166     -0.112      0.112     -0.304      0.291
169.2500     -29980.206   -29989.537        9.331   374.0     -0.519     -0.784     -0.614     -0.441     -0.328     -0.473
169.3000     -29980.039   -29989.031        8.992   360.4     -0.268     -0.644     -0.578     -0.300     -0.523     -0.132
169.3500     -29980.227   -29988.520        8.293   332.4     -0.701      0.280     -0.435      0.878      0.399     -0.027
169.4000     -29980.181   -29988.254        8.073   323.6      0.103     -0.410     -0.912     -0.277     -0.170     -0.199
169.4500     -29980.208   -29989.496        9.288   372.3      0.165      0.319     -1.066      0.395     -0.149      0.084
169.5000     -29980.437   -29989.346        8.908   357.1      0.626      0.190     -0.085     -0.392      0.083     -0.092
169.5500     -29980.317   -29988.773        8.456   339.0     -0.908      0.091     -0.536     -0.046      0.086     -0.084
169.6000     -29980.583   -29988.537        7.955   318.9     -0.698     -1.175     -0.321      0.394     -0.328     -0.498
169.6500     -29980.344   -29988.973        8.629   345.9     -0.695     -0.256     -0.603      0.357      0.259      0.249
169.7000     -29979.969   -29988.609        8.640   346.3      0.351      0.297     -0.230      0.176      0.563     -0.192
169.7500     -29979.687   -29988.973        9.286   372.2     -0.553     -0.956     -0.165      0.343      0.050     -0.221
169.8000     -29979.967   -29989.057        9.090   364.4     -0.618      0.695     -0.226      0.054      0.372      0.208
169.8500     -29980.154   -29988.178        8.024   321.6     -0.081     -0.348      0.663     -0.011      0.279     -0.374
169.9000     -29980.510   -29988.510        8.000   320.7      0.547      0.451      0.226      0.206      0.128     -0.264
169.9500     -29980.238   -29988.840        8.601   344.8     -0.490      0.034     -0.820     -0.442      0.816      0.629
170.0000     -29979.901   -29988.645        8.743   350.5     -0.505     -0.237     -0.701      0.353     -0.027     -0.400
170.0500     -29980.618   -29987.971        7.353   294.7      0.112      0.005     -1.092     -0.205      0.185      0.277
170.1000     -29980.467   -29988.135        7.668   307.4     -0.013      0.976      1.214      0.312     -0.021      0.103
170.1500     -29980.480   -29988.309        7.829   313.8      0.191     -0.328     -0.809      0.060     -0.330     -0.055
170.2000     -29980.598   -29988.582        7.985   320.1     -0.703      0.293     -0.105      0.620     -0.118     -0.041
170.2500     -29980.818   -29989.021        8.204   328.8     -0.594     -0.623     -2.014      0.145      0.267      0.374
170.3000     -29981.049   -29988.621        7.572   303.5     -0.485     -0.117     -0.392      0.725      0.678      0.147
170.3500     -29980.955   -29988.670        7.715   309.2     -0.919     -1.106     -0.891      0.302     -0.348     -0.321
170.4000     -29980.804   -29989.037        8.233   330.0     -0.746     -0.177     -0.224      0.438     -0.014      0.338
170.4500     -29980.715   -29988.906        8.192   328.4      0.288     -0.190      0.363      0.940      0.004     -0.119
170.5000     -29980.257   -29989.012        8.754   350.9      0.409     -0.823     -0.590     -0.089      0.481     -0.152
170.5500     -29980.109   -29988.727        8.617   345.4     -0.891      0.095      0.032      0.100     -0.418     -0.219
170.6000     -29980.289   -29988.613        8.324   333.7     -0.155     -0.633     -1.213      0.707      0.074      0.343
170.6500     -29980.759   -29988.883        8.124   325.6     -0.441      0.023      0.132      0.426      0.329      0.015
170.7000     -29980.254   -29988.824        8.570   343.5     -0.358      0.104      0.393      0.448     -1.052      0.505
170.7500     -29980.515   -29988.738        8.223   329.6     -0.572      0.148     -0.669      0.298      0.261      0.209
170.8000     -29980.341   -29988.840        8.499   340.7     -0.181     -0.446     -0.082      0.302     -0.336      0.697
170.8500     -29980.519   -29988.059        7.539   302.2     -0.493      0.210     -0.071      0.253     -0.089     -0.634
170.9000     -29980.794   -29988.213        7.419   297.4     -0.173      0.072     -0.243      0.034     -0.039      0.365
170.9500     -29980.507   -29988.377        7.870   315.5     -0.134      0.617     -0.126      0.032      0.289     -0.117
171.0000     -29980.533   -29988.654        8.121   325.5     -0.876     -1.293     -0.575     -0.180     -0.007      0.127
171.0500     -29980.430   -29988.461        8.031   321.9     -0.271      0.081     -0.300      0.501     -0.260      0.522
171.1000     -29980.096   -29988.547        8.451   338.8      0.141     -0.469      0.409     -0.208      0.626     -0.229
171.1500     -29980.387   -29987.992        7.606   304.9      0.044      0.429      0.475      0.399     -0.165      0.366
171.2000     -29980.483   -29989.176        8.693   348.4     -0.538     -0.647      0.331      0.088      0.137     -0.079
171.2500     -29980.855   -29989.232        8.377   335.8     -0.013      0.570     -0.110      0.046      0.077      0.025
171.3000     -29981.039   -29988.785        7.747   310.5      0.352      0.524      0.181      0.215     -0.033     -0.189
171.3500     -29981.678   -29989.447        7.769   311.4      0.317     -0.334     -0.423      0.338     -0.223     -0.036
171.4000     -29981.646   -29989.678        8.032   322.0      0.038      0.343     -0.009      0.098      0.042      0.176
171.4500     -29981.435   -29989.424        7.989   320.2     -0.258      0.758      0.644      0.496      0.416      0.827
171.5000     -29981.304   -29989.363        8.059   323.0     -0.072     -0.064      0.139     -0.076     -0.059     -1.011
171.5500     -29981.811   -29989.943        8.132   326.0      0.576     -0.468      0.009      0.382     -0.337     -0.162
171.6000     -29981.968   -29989.568        7.601   304.7     -0.318      0.601     -0.193      0.378      0.453     -0.693
171.6500     -29982.534   -29989.336        6.802   272.7      0.132     -0.325      0.262      0.314     -0.313     -0.059
171.7000     -29982.425   -29990.209        7.784   312.0     -0.773     -0.746     -1.327      0.299      0.078      0.246
171.7500     -29982.912   -29990.295        7.383   295.9     -1.103     -0.134      0.356      0.518     -0.615      0.320
171.8000     -29982.777   -29990.025        7.249   290.6      0.737      0.818      0.105     -0.479      0.318      0.410
171.8500     -29983.030   -29989.871        6.841   274.2     -0.252     -0.497      0.386      0.300      0.163      0.024
171.9000     -29982.610   -29989.770        7.160   287.0      0.299      0.682      0.303     -0.147      0.044     -0.136
171.9500     -29983.010   -29990.229        7.219   289.4      0.216     -0.190      0.634      0.353      0.502     -0.035
172.0000     -29982.163   -29990.037        7.874   315.6      0.556     -0.075     -0.047      0.341      0.059     -0.190
172.0500     -29982.135   -29989.572        7.437   298.1     -0.100     -0.392      0.285      0.821      0.350     -0.065
172.1000     -29982.351   -29989.406        7.055   282.8      0.379      0.163      0.157     -0.018      0.190     -0.180
172.1500     -29982.067   -29989.850        7.783   312.0     -0.138      0.396      0.478      0.596      0.152     -0.016
172.2000     -29981.845   -29989.996        8.151   326.7     -0.040     -0.313     -0.718     -0.050     -0.044      0.270
172.2500     -29981.648   -29989.096        7.447   298.5     -1.644      0.160      0.057      0.525     -0.170     -0.081
172.3000     -29981.354   -29989.307        7.952   318.8     -0.899     -0.106     -0.476      0.105      0.260      0.156
172.3500     -29981.556   -29988.770        7.214   289.2      0.455     -0.124     -0.347      0.122     -0.483      0.532
172.4000     -29981.556   -29989.799        8.243   330.4     -0.292     -0.435      0.225      0.320     -0.160      0.745
172.4500     -29982.098   -29990.049        7.951   318.7      0.692     -1.425     -0.579     -0.353     -0.315      0.160
172.5000     -29981.817   -29989.545        7.728   309.8     -0.193      0.103     -0.992      0.815      1.027     -0.308
172.5500     -29981.666   -29989.426        7.760   311.0     -0.455     -0.599     -1.162     -0.109     -0.164      0.222
172.6000     -29981.857   -29988.842        6.985   280.0     -0.769      0.423     -0.933      0.204     -0.012     -0.274
172.6500     -29981.648   -29988.916        7.268   291.4      0.270     -0.548     -0.344      0.425     -0.077     -0.100
172.7000     -29981.260   -29989.447        8.187   328.2     -0.080      0.378      0.375     -0.464     -0.175      0.313
172.7500     -29981.884   -29989.936        8.051   322.7      0.213      0.171      0.961      0.201      0.085     -0.030
172.8000     -29981.745   -29990.502        8.757   351.0     -0.234      0.508     -0.474      0.037      0.125     -0.010
172.8500     -29982.397   -29989.662        7.265   291.2     -0.012      0.495     -0.538     -0.174     -0.408     -0.001
172.9000     -29981.685   -29989.680        7.994   320.5      0.352     -0.106     -0.368      0.002     -0.269      0.290
172.9500     -29981.976   -29989.764        7.787   312.1     -0.364      1.007     -0.392     -0.035     -0.169     -0.092
173.0000     -29981.640   -29989.271        7.632   305.9     -0.463     -0.602      0.445      0.053      0.360     -0.334
173.0500     -29981.781   -29989.566        7.785   312.1     -1.129      0.134     -0.758      0.419      0.181      0.055
173.1000     -29981.646   -29989.295        7.649   306.6     -0.613     -0.744     -1.032     -0.344      0.265      0.538
173.1500     -29981.271   -29989.475        8.204   328.8     -0.522      0.032     -0.420      0.529     -0.169     -0.204
173.2000     -29981.049   -29988.973        7.924   317.6     -0.566     -0.922     -0.975      0.377     -0.180     -0.094
173.2500     -29980.950   -29988.654        7.704   308.8     -0.276     -0.091     -1.002     -0.144      0.357     -0.285
173.3000     -29981.256   -29989.467        8.211   329.1     -0.100      0.416      0.012      0.545     -0.200     -0.582
173.3500     -29981.359   -29989.178        7.819   313.4     -0.143     -0.011     -0.029     -0.043     -0.344     -0.296
173.4000     -29981.390   -29989.748        8.358   335.0     -0.865      0.275     -0.429      0.167     -0.567     -0.448
173.4500     -29981.335   -29989.443        8.109   325.0      0.380      0.480      0.383     -0.132     -0.349      0.048
173.5000     -29981.016   -29988.893        7.877   315.7      0.603      0.740      0.056      0.078     -0.022      0.933
173.5500     -29981.034   -29989.178        8.144   326.5      0.391      0.266      0.648      0.362     -0.076     -0.600
173.6000     -29980.932   -29988.963        8.031   321.9     -0.641     -0.172     -0.092     -0.375     -0.423      0.610
173.6500     -29980.844   -29989.070        8.226   329.7     -0.511     -0.364      0.043      0.412     -0.375     -0.007
173.7000     -29981.017   -29988.758        7.741   310.3     -0.394      0.244     -1.020      0.042     -0.574     -0.097
173.7500     -29980.909   -29988.811        7.902   316.7     -0.180     -0.098      0.692      0.002      0.091      0.043
173.8000     -29980.296   -29988.410        8.114   325.2     -0.226     -0.080     -0.536     -0.449     -0.235      0.545
173.8500     -29980.472   -29989.191        8.719   349.5     -0.816      0.791     -0.840      0.783      0.650     -0.084
173.9000     -29980.618   -29989.430        8.812   353.2      0.636     -0.099     -0.367     -0.477     -0.291      0.065
173.9500     -29980.815   -29989.123        8.308   333.0     -0.277      0.555     -0.395      0.082     -0.207     -0.039
174.0000     -29980.631   -29989.240        8.609   345.1      0.131      0.317      0.527      0.298      0.165     -0.567
174.0500     -29980.073   -29988.594        8.520   341.5      0.247     -0.152     -0.219      0.233     -0.121      0.727
174.1000     -29979.835   -29988.740        8.905   356.9     -0.085     -0.858      0.235      0.576     -0.375     -0.051
174.1500     -29979.730   -29988.869        9.139   366.3      0.457     -0.461      0.001     -0.047     -0.128     -0.542
174.2000     -29980.434   -29988.074        7.640   306.3     -0.155     -0.483     -0.515      0.029      0.453      0.401
174.2500     -29979.866   -29988.389        8.522   341.6      1.267      0.169      0.549      0.329     -0.581     -0.497
174.3000     -29979.899   -29988.219        8.320   333.5     -0.538      0.588     -0.931     -0.370     -0.025     -0.087
174.3500     -29980.020   -29988.492        8.472   339.6      0.384     -0.260     -0.603     -0.145     -0.257      0.041
174.4000     -29980.231   -29988.699        8.468   339.5     -1.320     -0.997     -0.434     -0.482      0.250      0.246
174.4500     -29979.543   -29988.531        8.989   360.3      0.324      0.573     -0.283      0.302      0.050     -0.169
174.5000     -29979.937   -29988.600        8.662   347.2      0.141      0.197      0.136     -0.211     -0.054     -0.233
174.5500     -29979.878   -29989.186        9.308   373.1      0.055      0.237      0.053     -0.315     -0.172      0.539
174.6000     -29980.347   -29988.486        8.139   326.3     -0.098      0.158      0.028      0.446      0.102      0.359
174.6500     -29980.681   -29988.354        7.672   307.5      0.242     -0.715     -1.118     -0.253     -0.044     -1.212
174.7000     -29980.660   -29988.221        7.561   303.1     -0.328      0.802      1.136     -0.615      0.772      0.338
174.7500     -29980.457   -29987.779        7.322   293.5      0.435     -0.246     -1.248     -0.062     -0.106     -0.164
174.8000     -29980.342   -29988.938        8.596   344.6      0.112      0.403      0.668     -0.209     -0.566      0.098
174.8500     -29980.662   -29989.043        8.381   336.0     -0.278      0.029      0.142      0.570      0.425      0.389
174.9000     -29980.835   -29988.547        7.711   309.1      0.306      0.525      0.488     -0.096      0.147     -0.225
174.9500     -29980.527   -29989.264        8.737   350.2      0.386     -0.522      0.080      0.419     -0.227      0.122
175.0000     -29979.482   -29988.684        9.201   368.8     -1.186     -0.585     -0.436     -0.211      0.574     -0.097
175.0500     -29979.870   -29988.875        9.005   360.9     -0.598     -0.847     -0.590      0.502     -0.099     -0.448
175.1000     -29980.055   -29988.521        8.467   339.4      0.856      0.743      0.237     -0.043     -0.214      0.048
175.1500     -29980.602   -29988.590        7.987   320.2     -1.296      0.077      0.576     -0.441      0.168      0.020
175.2000     -29980.341   -29988.441        8.101   324.7      1.143      0.045      0.640      0.757     -0.299     -0.013
175.2500     -29980.850   -29988.871        8.022   321.5     -0.684      0.185      0.236     -0.765     -0.282     -0.501
175.3000     -29981.244   -29988.891        7.647   306.5      0.625      1.109     -0.213      0.967     -0.339      0.163
175.3500     -29981.135   -29989.197        8.062   323.2      0.139     -0.107      0.226     -0.017     -0.181      0.029
175.4000     -29981.440   -29988.838        7.398   296.6     -0.344      0.257      0.208      0.446      0.215     -0.486
175.4500     -29980.853   -29988.648        7.795   312.5     -0.200     -0.860     -0.957      0.223     -0.451      0.129
175.5000     -29979.979   -29988.291        8.312   333.2      0.697     -0.380     -0.459      0.078      0.231      0.183
175.5500     -29979.642   -29987.754        8.112   325.2      0.822     -0.230     -0.237      0.489      0.324     -0.207
175.6000     -29979.475   -29988.055        8.580   343.9      0.876      0.164      0.719     -0.178     -0.166      0.276
175.6500     -29979.668   -29987.941        8.274   331.6      0.538     -0.637      0.087     -0.034      0.120     -0.175
175.7000     -29979.515   -29988.148        8.633   346.1      0.740     -0.068      0.428     -0.302      0.157      0.502
175.7500     -29979.909   -29987.930        8.020   321.5     -0.058      1.004     -0.472     -0.503     -0.115      0.284
175.8000     -29979.658   -29987.795        8.137   326.2      0.724      0.609     -0.801      0.493     -0.465      0.560
175.8500     -29979.850   -29987.887        8.037   322.2     -0.148     -0.179     -0.164     -0.969     -0.150     -0.238
175.9000     -29979.567   -29988.250        8.683   348.0     -0.582     -0.703     -0.870      0.496      0.149      0.815
175.9500     -29979.136   -29988.098        8.962   359.2      0.648      0.141     -0.218      0.561     -0.431      0.406
176.0000     -29979.037   -29988.111        9.074   363.7     -0.468     -0.773     -0.664     -0.135     -0.505     -0.023
176.0500     -29978.692   -29988.209        9.517   381.5     -0.011     -0.544     -0.841     -0.464     -0.089      0.099
176.1000     -29978.788   -29988.242        9.454   379.0     -0.880     -1.161      0.003      0.098     -0.380     -0.031
176.1500     -29978.484   -29988.535       10.051   402.9      0.452      1.012      0.499     -0.259      0.193     -0.231
176.2000     -29978.996   -29987.990        8.994   360.5     -0.668      0.185     -0.331      0.102     -0.223      0.111
176.2500     -29978.909   -29988.209        9.300   372.8      0.049      0.395     -0.570      0.071      0.180      0.392
176.3000     -29979.335   -29988.143        8.807   353.0     -0.603     -0.173     -0.070      0.014      0.559     -0.115
176.3500     -29979.478   -29988.277        8.799   352.7      0.887      0.194     -0.276      0.154     -0.715     -0.004
176.4000     -29979.459   -29988.006        8.547   342.6     -0.175      0.993      0.030      0.080      0.280      0.081
176.4500     -29979.831   -29988.193        8.362   335.2      0.473      0.414      1.088      0.375     -0.722      0.366
176.5000     -29979.816   -29987.703        7.887   316.1      0.336      0.514      0.767      0.001      0.347      0.026
176.5500     -29980.064   -29988.342        8.278   331.8     -0.315      0.234     -0.241      0.283      0.038      0.163
176.6000     -29979.565   -29987.973        8.408   337.0      0.767      0.337     -0.400      0.006     -0.275     -0.197
176.6500     -29979.729   -29988.668        8.939   358.3     -0.711     -0.142     -0.507     -0.037     -0.156     -0.528
176.7000     -29979.712   -29988.152        8.440   338.3     -0.469      0.383     -0.570      0.586      0.980     -0.006
176.7500     -29979.840   -29987.820        7.980   319.9      0.204     -0.554     -0.082     -0.144     -0.399      0.038
176.8000     -29979.542   -29987.992        8.450   338.7     -0.883     -0.136     -0.347     -0.104     -0.210     -0.318
176.8500     -29979.183   -29987.859        8.676   347.8     -1.075      0.128     -0.654     -0.513      0.036     -0.123
176.9000     -29978.939   -29987.486        8.547   342.6     -1.438     -1.785     -0.264      0.205      0.636      0.361
176.9500     -29979.264   -29987.779        8.515   341.3     -0.343      0.298     -0.915      0.065      0.423     -0.067
177.0000     -29979.492   -29987.727        8.234   330.1      0.590      1.130      0.451      0.026      0.408      0.309
177.0500     -29979.063   -29988.383        9.319   373.6     -1.273     -0.967     -1.021     -0.075     -0.107      0.329
177.1000     -29979.020   -29988.693        9.673   387.7     -0.747     -0.814      0.319      0.066      0.498     -0.082
177.1500     -29978.898   -29987.789        8.891   356.4     -1.556     -0.861     -0.271      0.183      0.374     -0.197
177.2000     -29979.230   -29988.279        9.049   362.7     -0.497     -0.521      0.120     -0.147     -0.508      0.536
177.2500     -29979.391   -29987.865        8.474   339.7      0.932      0.869     -0.325      0.429     -0.032     -0.429
177.3000     -29979.410   -29987.619        8.209   329.1      0.047     -0.604     -0.171     -0.102      0.743      0.268
177.3500     -29979.745   -29987.924        8.179   327.8     -1.261     -0.114     -0.260      0.213     -0.312      0.425
177.4000     -29979.516   -29987.822        8.307   333.0      0.066     -0.194     -0.150      1.012     -0.435     -0.269
177.4500     -29979.298   -29988.160        8.862   355.2      0.890      0.106     -0.747      0.222      0.070      0.066
177.5000     -29979.226   -29988.078        8.852   354.8     -0.074      0.485     -0.316      0.031     -0.377      0.530
177.5500     -29979.736   -29987.561        7.825   313.7     -0.370     -0.021      0.497      0.169      0.126     -0.279
177.6000     -29979.570   -29988.467        8.897   356.6     -0.527     -0.437     -0.423      0.503     -0.316      0.257
177.6500     -29979.883   -29988.469        8.585   344.1     -1.236      0.406      0.715      0.063     -0.314     -0.562
177.7000     -29979.756   -29988.445        8.690   348.3      1.023     -0.311      0.162      0.461     -0.274     -0.138
177.7500     -29979.787   -29988.289        8.502   340.8     -0.500     -0.198     -0.726     -0.129     -0.736     -0.332
177.8000     -29980.564   -29988.877        8.313   333.2     -0.553     -0.322     -0.504      0.739      0.203      0.374
177.8500     -29981.001   -29989.080        8.079   323.8      0.449     -0.102     -0.717      0.414     -0.065      0.378
177.9000     -29981.612   -29989.320        7.708   309.0     -0.481     -0.582     -0.269     -0.138      0.003     -0.300
177.9500     -29981.739   -29989.996        8.257   331.0      0.076     -0.295     -0.552     -0.275     -0.169      0.338
178.0000     -29981.620   -29989.729        8.109   325.0     -0.170     -1.552     -0.221      0.046     -0.334     -0.516
178.0500     -29981.619   -29989.469        7.850   314.6     -0.009     -0.155     -0.337     -0.086      0.018      0.072
178.1000     -29981.666   -29989.732        8.066   323.3      0.350     -0.754      0.083      0.479      0.256      0.134
178.1500     -29981.493   -29989.379        7.886   316.1     -0.385      0.733      0.155     -0.294     -0.515      0.593
178.2000     -29981.155   -29989.170        8.015   321.3     -0.111     -0.662      0.080      0.341      0.185     -0.356
178.2500     -29981.097   -29989.529        8.433   338.0     -0.344      0.192     -0.546      0.393      0.207     -0.259
178.3000     -29980.807   -29989.219        8.411   337.2     -0.504      0.251     -0.229      0.194      0.155     -0.014
178.3500     -29980.476   -29988.830        8.355   334.9     -0.049     -0.617     -0.943      0.205      0.274     -0.430
178.4000     -29980.554   -29988.643        8.089   324.2      0.257      0.587      0.330     -0.395     -0.249     -0.361
178.4500     -29980.556   -29988.037        7.481   299.9      0.173      0.313      0.420      0.021      0.449      0.466
178.5000     -29980.570   -29988.246        7.676   307.7     -0.827     -0.580      0.241     -0.032     -0.084     -0.250
178.5500     -29980.207   -29988.578        8.371   335.6     -0.536      0.160     -0.351      0.154     -0.231      0.106
178.6000     -29979.909   -29988.824        8.915   357.4     -1.079      1.007     -0.700     -0.453     -0.174     -0.132
178.6500     -29980.099   -29988.574        8.475   339.7     -0.080     -0.755      0.306      0.316     -0.020     -0.193
178.7000     -29980.285   -29988.104        7.819   313.4      0.393      0.625      0.294     -0.181      0.513      0.012
178.7500     -29980.482   -29988.291        7.809   313.0     -0.961      0.560     -0.943      0.432     -0.231      0.046
178.8000     -29980.564   -29988.639        8.074   323.7      0.065      0.046     -0.441     -0.350      0.561      0.075
178.8500     -29981.019   -29989.443        8.424   337.7     -0.266     -0.279      0.318      0.072      0.142      0.310
178.9000     -29981.557   -29989.219        7.661   307.1      0.487     -0.757      0.489     -0.186      0.173     -0.112
178.9500     -29981.805   -29989.229        7.423   297.6     -0.670     -0.258     -0.637     -0.060     -0.069     -0.000
179.0000     -29981.625   -29989.652        8.028   321.8     -0.398     -0.834     -0.247      0.080     -0.066      0.048
179.0500     -29981.306   -29989.035        7.729   309.8      0.587      0.947     -0.235     -0.125      0.183      0.115
179.1000     -29980.992   -29988.906        7.914   317.2      1.046     -0.185      0.170     -0.607      0.427      0.219
179.1500     -29980.443   -29988.572        8.129   325.8     -0.267     -0.301      0.674     -0.296     -0.220      0.412
179.2000     -29979.841   -29988.629        8.788   352.3      0.067      0.377      0.750      0.111      0.660      0.250
179.2500     -29979.771   -29988.477        8.706   349.0     -0.985     -0.137     -0.832      0.075      0.347      0.016
179.3000     -29979.818   -29987.547        7.729   309.8     -0.539      0.580      0.160     -0.292      0.155     -0.409
179.3500     -29980.107   -29988.971        8.863   355.3      0.376      0.471      0.882     -0.063      0.196     -0.262
179.4000     -29980.350   -29989.045        8.695   348.5     -0.432     -0.330     -0.162      0.593      0.001     -0.001
179.4500     -29980.213   -29988.611        8.398   336.6     -0.623     -0.070     -0.767     -0.691     -0.088     -0.025
179.5000     -29980.314   -29988.500        8.186   328.1     -0.530     -0.331     -0.819     -0.061      0.735      0.047
179.5500     -29979.695   -29988.223        8.528   341.8      1.135      0.285     -0.816     -0.197     -0.030     -0.151
179.6000     -29979.687   -29987.766        8.078   323.8      0.264      0.083      0.627     -0.529      0.268     -0.305
179.6500     -29979.258   -29987.787        8.529   341.9     -0.568      0.976     -0.498     -0.260     -0.179     -0.266
179.7000     -29979.505   -29988.008        8.502   340.8     -0.010     -0.543      0.517     -0.252     -0.328      0.068
179.7500     -29980.005   -29987.553        7.548   302.6     -0.559     -0.204     -1.112      0.703      0.707      0.092
179.8000     -29979.704   -29987.920        8.216   329.3      0.241     -0.082      0.941     -0.178     -0.159     -0.097
179.8500     -29980.337   -29988.918        8.581   344.0      0.373     -1.056      0.849     -0.004     -0.081     -0.464
179.9000     -29979.616   -29988.092        8.476   339.8      1.194      0.509      0.288      0.639      0.159     -0.043
179.9500     -29979.708   -29988.344        8.636   346.2     -0.289      0.641      0.354      0.485      0.356     -0.166
180.0000     -29979.469   -29988.090        8.621   345.6      0.712      0.581      0.535      0.193      0.449      0.852
180.0500     -29979.288   -29987.723        8.434   338.1     -0.390     -0.837     -1.024     -0.115     -0.102     -0.478
180.1000     -29979.552   -29987.643        8.091   324.3      0.160      0.270      0.740      0.049      0.833      0.613
180.1500     -29979.639   -29988.951        9.312   373.3     -0.223      1.319     -0.681     -0.191      0.003     -0.019
180.2000     -29979.893   -29988.631        8.738   350.3      0.221      0.005      0.051     -0.363      0.176      0.101
180.2500     -29980.314   -29988.100        7.786   312.1      0.504      0.196     -0.413      0.559      0.475     -0.177
180.3000     -29980.345   -29988.445        8.100   324.7      0.007      0.080      0.480      0.448      0.634      0.184
180.3500     -29980.154   -29988.307        8.153   326.8     -0.349      0.286     -0.537     -0.030     -0.201      0.140
180.4000     -29979.999   -29988.461        8.462   339.2      0.434     -0.156      0.499      0.119     -0.132     -0.068
180.4500     -29979.907   -29989.242        9.335   374.2      0.010     -0.846     -1.138      0.122      0.496     -0.231
180.5000     -29979.879   -29988.346        8.467   339.4     -0.245     -0.322      0.191     -0.016     -0.019     -0.205
180.5500     -29980.064   -29988.668        8.604   344.9      0.112     -0.275     -0.331     -0.178     -0.471      0.171
180.6000     -29980.098   -29988.795        8.697   348.6      0.085      0.003      0.762     -0.409      0.769     -0.288
180.6500     -29980.357   -29988.711        8.354   334.9      0.236     -0.332     -0.499     -0.127     -0.380      0.465
180.7000     -29980.189   -29988.270        8.080   323.9     -1.046     -0.653     -1.476      0.587      0.514     -0.380
180.7500     -29981.270   -29989.305        8.035   322.1     -0.016      0.463     -0.658     -0.393      0.046      0.031
180.8000     -29981.260   -29988.986        7.726   309.7      0.951      0.130      0.260      0.233      0.367      0.167
180.8500     -29981.086   -29988.854        7.768   311.4     -0.058      0.864     -0.070      0.158      0.041      0.473
180.9000     -29980.763   -29988.742        7.980   319.9      0.633     -0.347      0.666      0.032      0.318     -0.037
180.9500     -29980.980   -29988.838        7.858   315.0      0.299     -0.112     -0.024     -0.430     -0.271     -0.441
181.0000     -29981.053   -29988.299        7.246   290.5     -0.305     -0.652      0.017      0.397      0.318      0.193
181.0500     -29980.766   -29988.783        8.018   321.4     -0.277      0.473      0.555     -0.024      0.201     -0.554
181.1000     -29980.486   -29988.160        7.675   307.6     -0.230      0.245     -0.369     -0.078      0.087     -0.182
181.1500     -29980.882   -29988.811        7.928   317.8      0.194      0.071      1.114      0.481      0.319      0.053
181.2000     -29980.615   -29988.564        7.949   318.6      0.945      0.929      0.156     -0.647     -0.049     -0.279
181.2500     -29981.074   -29988.984        7.910   317.1     -0.407     -0.538     -1.210      0.371     -0.050      0.286
181.3000     -29980.660   -29988.988        8.329   333.9      0.293     -0.304     -0.180     -0.160     -0.200      0.106
181.3500     -29980.212   -29988.756        8.544   342.5     -0.066     -0.069     -0.401     -0.466     -0.163      0.767
181.4000     -29980.359   -29988.705        8.346   334.5      0.633      0.635      0.193     -0.125      0.029     -0.162
181.4500     -29980.029   -29988.441        8.412   337.2      0.250     -0.550     -0.598      0.259     -0.759      0.033
181.5000     -29979.504   -29988.906        9.402   376.9     -0.018     -0.120      0.105     -0.054     -0.069     -0.062
181.5500     -29979.814   -29988.568        8.754   350.9      0.450     -1.351     -1.279      0.054     -0.268      0.522
181.6000     -29979.754   -29988.029        8.275   331.7     -0.211      0.221     -0.359     -0.574     -0.173     -0.025
181.6500     -29979.552   -29987.855        8.304   332.8     -0.567     -1.130     -0.910      0.244     -0.054     -0.342
181.7000     -29979.498   -29988.311        8.813   353.3     -0.534     -0.072     -0.121     -0.207      0.060      0.415
181.7500     -29979.670   -29987.756        8.086   324.1     -1.358     -0.504      0.227      0.167      0.149      0.172
181.8000     -29980.428   -29988.445        8.017   321.4      0.118      0.988     -0.562     -0.582     -0.222     -0.448
181.8500     -29981.043   -29989.076        8.033   322.0      0.882     -0.167      0.455     -0.755      0.288     -0.189
181.9000     -29981.032   -29988.975        7.942   318.4     -0.226      0.088      0.011     -0.149     -0.155     -0.454
181.9500     -29980.744   -29988.787        8.043   322.4     -0.250     -0.085      0.144      0.102     -0.187      0.019
182.0000     -29980.918   -29988.953        8.035   322.1      0.040      0.200     -0.233      0.454      0.376     -0.379
182.0500     -29980.696   -29988.570        7.874   315.6     -0.436     -0.384     -0.704      0.320      0.022      0.509
182.1000     -29980.885   -29988.537        7.652   306.7     -0.631     -0.414      0.115     -0.148     -0.208     -0.953
182.1500     -29981.332   -29989.051        7.718   309.4      0.468      0.374     -0.567      0.387     -0.173      0.136
182.2000     -29980.886   -29988.586        7.699   308.6     -0.920     -0.358     -0.900      0.094     -0.275     -0.346
182.2500     -29980.580   -29988.123        7.543   302.4     -0.426     -1.121      0.150     -0.501     -0.204      0.427
182.3000     -29980.682   -29988.605        7.923   317.6     -0.775     -1.157     -0.616      0.000      0.527     -0.549
182.3500     -29980.625   -29988.762        8.137   326.2      0.535      0.491      0.381      0.056     -0.133     -0.196
182.4000     -29979.761   -29988.365        8.604   344.9     -0.482     -0.827      0.268     -0.027      0.574     -0.025
182.4500     -29980.084   -29987.338        7.254   290.8     -0.823     -0.270     -0.323      0.325     -0.038     -0.271
182.5000     -29980.466   -29987.986        7.520   301.5     -0.268     -0.278     -0.129     -0.060     -0.155     -0.783
182.5500     -29980.621   -29988.238        7.617   305.3     -0.207      0.019     -0.171      0.053     -0.627      1.086
182.6000     -29980.454   -29988.463        8.009   321.1     -0.935     -0.284      0.210      0.082     -0.152     -0.128
182.6500     -29980.283   -29988.734        8.451   338.8     -0.601      0.101     -0.939     -0.300     -0.234     -0.020
182.7000     -29980.371   -29988.775        8.405   336.9     -0.263     -1.163     -0.565     -0.081     -0.138      0.160
182.7500     -29980.259   -29989.350        9.091   364.4     -0.873     -0.601      0.249     -0.300     -0.566      0.184
182.8000     -29980.114   -29988.564        8.450   338.7     -0.189     -0.467     -0.129     -0.013     -0.183      0.274
182.8500     -29979.687   -29988.703        9.016   361.4      0.277      0.399     -0.293     -0.455      0.020      0.553
182.9000     -29980.259   -29988.314        8.055   322.9      0.182      0.093      0.301      0.008      0.419     -0.218
182.9500     -29980.363   -29987.932        7.569   303.4      0.317      0.204     -0.462     -0.380     -0.260      0.002
183.0000     -29979.724   -29988.041        8.317   333.4     -0.618      0.865      0.283      0.192     -0.122      0.186
183.0500     -29979.584   -29988.092        8.508   341.1      1.777     -0.017      0.304      0.113      0.540      0.275
183.1000     -29979.609   -29988.322        8.713   349.3     -0.105      0.535      0.178      0.082     -0.198     -0.277
183.1500     -29979.669   -29988.072        8.403   336.8     -0.594     -0.268     -0.473     -0.798      0.412      0.441
183.2000     -29979.852   -29988.705        8.853   354.9     -0.163     -0.328     -0.371      0.164      0.150     -0.079
183.2500     -29979.772   -29988.176        8.404   336.9     -0.284      0.133     -0.809     -0.141      0.096      0.770
183.3000     -29979.344   -29988.059        8.715   349.3     -0.186     -0.845      0.088      0.468     -0.244     -0.087
183.3500     -29980.265   -29988.602        8.337   334.2     -0.549      0.544     -0.628     -0.277     -0.046      0.357
183.4000     -29980.046   -29988.320        8.274   331.7      0.067      0.152      0.021     -0.159     -0.415      0.128
183.4500     -29980.137   -29988.770        8.632   346.0     -0.368      0.061     -1.361      0.532     -0.184     -0.437
183.5000     -29979.592   -29988.545        8.953   358.9     -0.045     -0.669      0.510      0.022     -0.153     -0.015
183.5500     -29980.202   -29988.488        8.286   332.2     -0.905      0.757     -0.650     -0.299     -0.501      0.312
183.6000     -29980.690   -29988.395        7.705   308.8      0.280     -0.643     -0.390     -0.048      0.526     -0.095
183.6500     -29981.337   -29988.973        7.635   306.1     -0.494      0.215     -0.768      1.079     -0.211     -0.200
183.7000     -29980.948   -29988.436        7.488   300.1     -0.616      0.167      0.015     -0.269     -0.689      0.318
183.7500     -29980.529   -29989.156        8.627   345.8     -0.250      0.122     -0.626     -0.055      0.130      0.266
183.8000     -29981.331   -29988.783        7.452   298.7      0.048      0.127     -1.124     -0.016      0.351     -0.525
183.8500     -29981.435   -29989.090        7.655   306.8     -0.360     -0.477     -0.690     -0.419     -0.557     -0.572
183.9000     -29981.730   -29989.025        7.295   292.4      0.435      0.635      0.346      0.556      0.131     -0.484
183.9500     -29981.853   -29989.508        7.655   306.8      0.279      0.517      0.094     -0.167     -0.561     -0.632
184.0000     -29981.486   -29989.961        8.475   339.7     -0.323      0.294      0.302     -0.569     -0.288     -0.344
184.0500     -29981.853   -29989.701        7.848   314.6      0.077      0.021     -0.209      0.019      0.401     -0.516
184.1000     -29981.216   -29989.025        7.809   313.0     -0.813     -0.213     -0.403     -0.367      0.276     -0.485
184.1500     -29981.229   -29988.539        7.310   293.0     -0.690     -1.057      0.128     -0.229     -0.075      0.242
184.2000     -29981.100   -29989.082        7.982   320.0      0.110     -0.030     -0.789     -0.003      0.341      0.410
184.2500     -29980.609   -29989.131        8.521   341.6     -0.578     -0.575     -0.617     -0.025     -0.875      0.359
184.3000     -29980.475   -29988.662        8.187   328.2     -0.143     -0.039      0.054      0.016     -0.305      0.040
184.3500     -29980.300   -29988.910        8.610   345.1      0.197      0.892     -0.443     -0.345     -0.388     -0.000
184.4000     -29980.382   -29988.693        8.311   333.2      0.336      0.787      0.412     -0.187     -0.604     -0.459
184.4500     -29980.616   -29988.754        8.138   326.2     -0.576     -0.237     -0.164      0.316     -0.366     -0.058
184.5000     -29980.854   -29988.664        7.810   313.1      0.541      0.720     -0.588      0.055      0.064     -0.170
184.5500     -29980.789   -29989.195        8.406   336.9     -0.258     -0.471     -0.548     -0.400      0.096     -0.605
184.6000     -29980.581   -29988.547        7.965   319.3     -0.178      0.552     -0.069     -0.069     -0.642     -0.051
184.6500     -29980.337   -29988.234        7.897   316.6     -0.234     -0.159     -0.344      0.052      0.272     -0.151
184.7000     -29980.219   -29988.092        7.873   315.6     -0.079      0.417      0.430     -0.064     -0.152      0.008
184.7500     -29980.429   -29988.432        8.003   320.8     -0.208     -0.642     -0.002     -0.311     -0.043      0.229
184.8000     -29980.954   -29989.273        8.320   333.5      0.002     -0.228     -0.338     -0.169      0.296     -0.095
184.8500     -29980.995   -29988.822        7.828   313.8      0.751      0.956      0.397      0.138     -0.170     -0.114
184.9000     -29981.176   -29989.152        7.976   319.7     -0.230      0.152      0.249     -0.048     -0.642      0.546
184.9500     -29981.531   -29990.141        8.610   345.1      0.834      0.021      0.478      0.104      0.205      0.206
185.0000     -29981.264   -29989.580        8.316   333.3     -1.127     -0.202     -0.735     -0.293     -0.405      0.030
185.0500     -29981.535   -29990.350        8.815   353.3     -0.530     -1.114     -1.327     -0.384      0.246      0.044
185.1000     -29981.330   -29989.953        8.623   345.7     -1.166     -0.138      0.369      0.065     -0.052      0.336
185.1500     -29981.636   -29989.291        7.655   306.8     -0.746      0.328     -0.759      0.006     -0.087      0.356
185.2000     -29981.757   -29989.328        7.571   303.5     -0.112     -0.323     -0.826     -0.745      0.596      0.304
185.2500     -29982.030   -29989.434        7.404   296.8      0.064     -0.604      0.784     -0.094     -0.526      0.008
185.3000     -29981.874   -29989.445        7.571   303.5      0.254     -0.366     -0.024      0.249      0.636      0.296
185.3500     -29981.767   -29989.955        8.188   328.2     -0.366     -0.200     -1.176     -0.224      0.031      0.161
185.4000     -29981.718   -29989.486        7.768   311.4     -0.705     -0.493     -0.629     -0.506      0.303      0.645
185.4500     -29981.610   -29989.098        7.488   300.2      0.370      0.282     -0.069     -0.015     -0.201      0.342
185.5000     -29981.204   -29988.547        7.343   294.3      0.030      0.805     -0.855      0.255      0.340     -0.254
185.5500     -29981.102   -29988.900        7.798   312.6     -0.468      0.033     -0.264      0.639      0.074      0.286
185.6000     -29981.211   -29989.170        7.958   319.0     -0.453     -0.501      1.444      0.028      0.123      0.373
185.6500     -29980.911   -29989.006        8.095   324.5     -0.025     -0.908     -0.805      0.236      0.316      0.896
185.7000     -29981.067   -29989.131        8.064   323.2     -0.836     -0.477     -0.466      0.209      0.486      0.135
185.7500     -29981.558   -29989.139        7.580   303.9     -0.608     -0.213     -0.816      0.248      0.317     -0.061
185.8000     -29981.241   -29989.312        8.071   323.5      0.108     -0.087     -0.185      0.047     -0.019     -0.283
185.8500     -29981.199   -29989.297        8.098   324.6      0.439     -0.475     -0.393      0.557      0.187      0.108
185.9000     -29980.429   -29988.848        8.419   337.5      0.620      0.403      0.113     -0.010     -0.095     -0.383
185.9500     -29980.784   -29988.711        7.927   317.7      0.010      0.805      0.810      0.210      0.186      0.360
186.0000     -29980.349   -29988.738        8.389   336.3     -0.053      0.488      0.301     -0.353     -0.290     -0.289
186.0500     -29980.469   -29988.426        7.957   319.0     -0.264     -0.954     -0.651     -0.022     -0.420     -0.286
186.1000     -29979.827   -29988.025        8.198   328.6     -0.252      0.591      0.348      0.035     -0.031     -0.162
186.1500     -29979.615   -29987.701        8.086   324.1      0.050     -0.506      0.293     -0.371      0.212     -0.219
186.2000     -29979.396   -29987.604        8.208   329.0      0.403     -0.147     -0.501      0.190     -0.439      0.204
186.2500     -29979.596   -29988.193        8.597   344.6     -0.163      0.276     -0.048      0.496      0.051     -0.068
186.3000     -29979.915   -29987.256        7.340   294.2     -0.660      0.158      0.563      0.463      0.032     -0.407
186.3500     -29979.885   -29988.102        8.216   329.3      0.173      1.185      0.016     -0.455      0.157     -0.196
186.4000     -29979.791   -29988.463        8.672   347.6      0.139      0.296      0.449      0.102      0.417      0.354
186.4500     -29980.128   -29988.172        8.044   322.5     -0.480     -0.666     -0.630      0.256     -0.132      0.439
186.5000     -29980.168   -29987.998        7.830   313.9     -0.546     -0.360      0.608     -0.263     -0.384     -0.196
186.5500     -29980.791   -29988.455        7.664   307.2     -0.127      0.269     -0.443      0.070     -0.395      0.112
186.6000     -29980.625   -29988.559        7.933   318.0      0.200      0.333      0.174     -0.460      0.097      0.117
186.6500     -29980.569   -29988.410        7.841   314.3     -0.642     -0.806     -0.432      0.089     -0.104      0.459
186.7000     -29980.431   -29987.039        6.608   264.9      0.876      0.011      0.255      0.104     -0.072      0.009
186.7500     -29979.860   -29987.658        7.798   312.6     -0.450     -0.432     -0.249      0.217     -0.226      1.097
186.8000     -29979.309   -29987.666        8.357   335.0      0.503      0.374      0.060      0.501     -0.600     -0.345
186.8500     -29979.086   -29987.014        7.928   317.8     -0.850      0.389      0.473     -0.195      0.641     -0.227
186.9000     -29978.978   -29987.197        8.219   329.4      0.499      0.118      0.390      0.049     -0.507      0.511
186.9500     -29978.526   -29986.830        8.304   332.9      0.420      0.207     -0.314     -0.408      0.058      0.180
187.0000     -29977.991   -29986.729        8.737   350.2     -0.221      0.088      0.482      0.312      0.092      0.042
187.0500     -29978.618   -29987.928        9.309   373.2     -0.143      0.799      0.699     -0.030     -0.004     -0.225
187.1000     -29978.596   -29987.457        8.861   355.2     -0.454     -1.531     -0.574     -0.326     -0.101      0.231
187.1500     -29979.112   -29987.947        8.835   354.1     -0.785     -0.283      0.212      0.271      0.634      0.191
187.2000     -29979.168   -29987.385        8.217   329.4      1.074     -0.644     -0.097      0.170     -0.346     -0.012
187.2500     -29978.953   -29987.494        8.541   342.4     -0.311      0.072      0.223      0.303      0.234     -0.079
187.3000     -29978.513   -29987.434        8.920   357.6     -0.848     -1.030     -0.266     -0.632     -0.095      0.352
187.3500     -29978.279   -29987.066        8.787   352.2      0.201     -0.746     -0.387      0.397      0.117      0.641
187.4000     -29978.262   -29986.533        8.271   331.6     -1.066     -1.086     -1.038      0.163      0.301     -0.126
187.4500     -29977.856   -29987.205        9.349   374.8     -0.881     -0.765     -1.629     -0.393     -0.247      0.197
187.5000     -29978.676   -29987.066        8.390   336.3      0.380     -0.327      0.855      0.025      0.340     -0.142
187.5500     -29978.657   -29987.080        8.423   337.6      0.018      0.537     -0.383     -0.010     -0.245      0.490
187.6000     -29978.658   -29987.227        8.568   343.5     -0.285      0.686      0.366      0.034      0.203      0.068
187.6500     -29978.489   -29986.652        8.163   327.2      0.466     -0.207      0.181     -0.417      0.018     -0.201
187.7000     -29978.488   -29987.334        8.846   354.6      0.559      1.007     -0.399     -0.506     -0.151     -0.101
187.7500     -29978.308   -29987.654        9.346   374.6     -0.423     -0.139     -0.095      0.470     -0.135      0.292
187.8000     -29978.748   -29987.104        8.355   334.9      0.065      0.419     -0.085      0.399      0.278     -0.380
187.8500     -29978.907   -29987.146        8.239   330.3     -0.616     -0.582      0.180     -0.114     -0.357     -0.260
187.9000     -29979.026   -29987.742        8.717   349.4     -0.302     -0.115     -0.879     -0.309      0.103     -0.083
187.9500     -29979.554   -29988.023        8.470   339.5     -0.093     -0.056     -0.188     -0.000      0.366     -0.204
188.0000     -29979.528   -29987.564        8.036   322.1     -1.072     -0.333     -0.837      0.166     -0.126     -0.290
188.0500     -29979.237   -29987.697        8.460   339.1      0.386     -0.461     -0.283     -0.471     -0.139     -0.188
188.1000     -29979.786   -29987.924        8.138   326.2     -0.877      0.427     -1.140     -0.098      0.192     -0.255
188.1500     -29979.337   -29986.973        7.636   306.1      0.520     -0.755      0.432      0.109     -0.300      0.367
188.2000     -29979.254   -29987.484        8.230   329.9     -0.673      0.315     -0.112      0.102      0.808     -0.283
188.2500     -29979.182   -29988.234        9.053   362.9      0.337     -0.204     -0.184      0.200      0.579     -0.570
188.3000     -29979.677   -29988.229        8.552   342.8      0.319      0.577      0.071      0.293      0.123      0.058
188.3500     -29979.284   -29987.955        8.671   347.6     -0.887     -0.767     -0.342     -0.091      0.302      0.373
188.4000     -29978.865   -29987.875        9.010   361.2     -0.260     -0.023      0.016      0.608      0.567      0.372
188.4500     -29979.296   -29987.412        8.116   325.3      0.422     -0.138      0.553      0.002      0.344     -0.631
188.5000     -29979.017   -29987.031        8.014   321.2      0.239     -0.584      0.773      0.098      0.338      0.577
188.5500     -29978.677   -29987.195        8.519   341.5      0.228      0.129     -0.269     -0.553      0.277      0.088
188.6000     -29978.684   -29987.738        9.054   362.9     -1.140      0.069     -0.895     -0.139      0.400     -0.274
188.6500     -29978.230   -29987.230        9.001   360.8      0.166      0.363      0.693     -0.790     -0.116     -0.035
188.7000     -29978.446   -29987.850        9.404   376.9      0.021      0.021      0.619      0.117     -0.177     -0.193
188.7500     -29978.490   -29986.891        8.400   336.7     -0.416      0.544     -0.355      0.533     -0.151      0.170
188.8000     -29978.619   -29986.861        8.242   330.4      0.251      0.078     -1.152     -0.312      0.102      0.157
188.8500     -29979.067   -29987.650        8.584   344.1     -0.121      0.225      0.398      0.043      0.039     -0.041
188.9000     -29979.276   -29987.895        8.618   345.5      0.223      0.281     -0.127     -0.289     -0.428     -0.215
188.9500     -29979.461   -29987.297        7.836   314.1      0.473      0.060     -0.067     -0.386     -0.015     -0.143
189.0000     -29979.589   -29987.947        8.359   335.1     -0.156      0.420      0.188     -0.026     -0.514     -0.059
189.0500     -29979.259   -29987.871        8.612   345.2     -0.861     -0.191     -1.473     -0.017      0.298      0.006
189.1000     -29979.353   -29987.777        8.424   337.7      0.543     -1.195     -0.316     -0.338     -0.080      0.033
189.1500     -29979.614   -29987.129        7.514   301.2     -0.568      0.354     -0.273      0.012     -0.145      0.005
189.2000     -29979.574   -29987.871        8.297   332.6      0.273      0.055     -0.748      0.246     -0.319     -0.008
189.2500     -29978.638   -29987.322        8.684   348.1      0.244      0.735      0.717     -0.674      0.068     -0.560
189.3000     -29978.799   -29987.889        9.090   364.4     -0.028     -1.085     -0.201      0.368     -0.021      0.176
189.3500     -29979.274   -29987.908        8.635   346.1     -1.254     -0.685     -0.689     -0.378     -0.623     -0.712
189.4000     -29979.405   -29987.602        8.196   328.5     -0.330     -0.607      0.918      0.018      0.360      0.050
189.4500     -29979.478   -29987.551        8.072   323.6      0.733      0.185     -0.185     -0.318      0.164     -0.509
189.5000     -29979.516   -29987.740        8.224   329.7     -0.187      0.943      0.288     -0.347     -0.385     -0.051
189.5500     -29979.138   -29987.646        8.509   341.1     -0.173     -0.930     -0.210     -0.127      0.121      0.153
189.6000     -29979.728   -29987.873        8.145   326.5      0.646      0.108     -0.110      0.276      0.384     -0.227
189.6500     -29979.302   -29988.178        8.876   355.8      0.300     -0.196     -0.392     -0.534     -0.098      0.121
189.7000     -29979.955   -29987.992        8.037   322.2     -0.413     -0.195      0.667      0.018     -0.419      0.118
189.7500     -29979.534   -29987.701        8.167   327.4     -0.643      0.588     -0.324      0.084     -0.385     -0.326
189.8000     -29980.274   -29988.562        8.289   332.3     -1.231      0.154     -0.760      0.145      0.611      0.151
189.8500     -29979.865   -29988.012        8.147   326.6     -0.037     -0.039     -0.715      0.223     -1.036     -0.124
189.9000     -29979.592   -29988.445        8.853   354.9      0.022     -0.708      0.233     -0.206      0.484      0.068
189.9500     -29980.053   -29988.643        8.589   344.3     -0.038      0.131      0.830     -0.198     -0.504     -0.495
190.0000     -29980.291   -29988.410        8.119   325.5     -0.011     -0.031     -0.289     -0.276     -0.432     -0.279
190.0500     -29980.547   -29988.492        7.945   318.5     -0.374      0.375      0.733      0.478      0.194     -0.001
190.1000     -29980.426   -29988.492        8.066   323.3     -0.580      0.232      0.408     -0.420      0.705      0.443
190.1500     -29981.124   -29988.639        7.515   301.2     -1.201      0.434     -0.548     -0.430     -0.290      0.351
190.2000     -29980.910   -29988.629        7.719   309.4     -0.290     -1.544     -0.422     -0.143     -0.208     -0.823
190.2500     -29980.723   -29988.137        7.414   297.2     -0.349      0.275      0.008     -0.277      0.267     -0.407
190.3000     -29980.920   -29988.770        7.849   314.6     -0.613      0.214     -0.696      0.026     -0.046      0.295
190.3500     -29980.140   -29988.426        8.286   332.1      0.236     -0.044      0.613      0.488      0.180      0.142
190.4000     -29980.584   -29989.422        8.838   354.3     -0.319     -0.817      0.273     -0.008      0.751      0.238
190.4500     -29979.930   -29988.861        8.931   358.0     -0.708     -0.002     -0.664     -0.599      0.012      0.020
190.5000     -29980.098   -29988.908        8.810   353.1      0.480      0.566      1.093      0.124      0.421     -0.077
190.5500     -29980.069   -29988.197        8.129   325.8      0.022     -0.003     -0.040      0.290      0.207     -0.565
190.6000     -29980.056   -29988.047        7.991   320.3      0.183     -0.713     -0.113     -0.487      0.472      0.046
190.6500     -29979.971   -29987.646        7.675   307.7      0.466      0.268      0.450     -0.080     -0.089     -0.063
190.7000     -29979.402   -29987.830        8.428   337.8     -0.471      0.784     -0.075      0.273     -0.206     -0.371
190.7500     -29979.258   -29987.641        8.383   336.0      1.031     -0.696     -0.277     -0.378     -0.629     -0.224
190.8000     -29979.560   -29988.791        9.231   370.0     -0.089      0.318      0.963      0.030     -0.140      0.034
190.8500     -29979.700   -29988.494        8.794   352.5     -0.713      0.330     -0.644     -0.351     -0.800      0.051
190.9000     -29980.171   -29988.432        8.261   331.1     -0.719     -0.254     -0.803      0.325     -0.260     -0.392
190.9500     -29980.272   -29989.004        8.731   350.0     -0.390     -0.515     -0.298      0.115     -0.231     -0.088
191.0000     -29979.950   -29989.078        9.128   365.9     -0.967     -0.440     -0.450     -0.235      0.157      0.328
191.0500     -29980.283   -29987.654        7.371   295.5      0.038      0.128     -0.087     -0.182     -0.019      0.195
191.1000     -29980.027   -29988.152        8.125   325.7     -0.495     -0.430      0.357      0.270      0.277     -0.517
191.1500     -29979.773   -29987.980        8.208   329.0      0.013      0.167     -0.475      0.105     -0.123      0.511
191.2000     -29979.626   -29987.957        8.331   333.9      0.033     -0.721      0.134      0.132      0.415      0.281
191.2500     -29979.772   -29988.834        9.062   363.2     -0.889     -0.372      0.180     -0.415     -0.138     -0.193
191.3000     -29979.736   -29988.555        8.819   353.5     -1.299     -0.356     -0.649      0.136     -0.138      0.179
191.3500     -29979.988   -29988.881        8.892   356.5     -0.090      0.102     -0.136      0.048     -0.153     -0.154
191.4000     -29980.286   -29987.949        7.663   307.2     -0.514     -0.195      0.406     -0.453      0.248      0.216
191.4500     -29980.144   -29988.795        8.651   346.8     -0.076     -0.770     -0.576      0.364     -0.229      0.030
191.5000     -29979.881   -29987.939        8.058   323.0     -0.839     -0.295     -0.703      0.069      0.260      1.116
191.5500     -29979.878   -29987.953        8.075   323.7      1.248      0.636      0.452     -0.170     -0.125      0.654
191.6000     -29979.919   -29988.141        8.222   329.6     -0.594      0.424     -0.944      0.094     -0.015      0.133
191.6500     -29980.306   -29988.008        7.701   308.7      0.162     -0.218     -0.756     -0.030     -0.042      0.702
191.7000     -29980.173   -29988.070        7.898   316.6     -0.309     -0.869     -0.043      0.472     -0.342      0.520
191.7500     -29980.194   -29987.736        7.542   302.3      0.004     -0.090      0.160     -0.128      0.264      0.188
191.8000     -29980.228   -29988.750        8.522   341.6      0.745      0.032     -0.653     -0.064     -0.071      0.815
191.8500     -29980.090   -29987.912        7.822   313.5      0.078     -0.377     -0.498     -0.248      1.050      0.182
191.9000     -29980.306   -29988.195        7.889   316.2     -0.132     -0.239     -0.483     -0.162     -0.345     -0.064
191.9500     -29980.502   -29988.609        8.107   325.0     -0.785     -0.124     -0.041      0.403     -0.080     -0.325
192.0000     -29980.681   -29988.645        7.964   319.2     -0.952     -0.286     -1.220     -0.347     -0.017     -0.106
192.0500     -29980.246   -29988.004        7.758   311.0     -0.513     -0.369     -0.372     -0.158      0.199      0.438
192.1000     -29980.622   -29988.293        7.671   307.5      0.533     -0.726      0.295     -0.497      0.447     -0.043
192.1500     -29980.909   -29988.713        7.803   312.8      0.410      0.167     -0.430     -0.278     -0.498     -0.319
192.2000     -29981.022   -29988.535        7.513   301.1      0.754      0.340      0.366      0.315     -0.015      0.310
192.2500     -29981.342   -29988.203        6.862   275.0     -0.630      0.433     -0.152     -0.065      0.496      0.060
192.3000     -29981.046   -29988.613        7.567   303.3     -1.107      0.507     -0.636     -0.115     -0.112      0.220
192.3500     -29981.091   -29989.057        7.965   319.3      0.447      1.359      0.897      0.519     -0.189     -0.159
192.4000     -29981.189   -29989.621        8.432   338.0     -0.341      0.181     -0.015      0.333     -0.042      0.209
192.4500     -29980.829   -29989.168        8.339   334.3     -0.678     -0.124     -0.858      0.520      0.522      0.107
192.5000     -29980.984   -29989.318        8.334   334.1     -0.145     -0.035      0.213      0.225     -0.355     -0.273
192.5500     -29981.154   -29988.627        7.473   299.6     -1.255     -1.018     -1.172      0.339     -0.299     -0.506
192.6000     -29980.892   -29989.668        8.776   351.8     -0.276     -0.541     -0.168     -0.359      0.032      0.689
192.6500     -29980.908   -29988.713        7.805   312.9     -0.408     -0.255     -0.888      0.280     -0.239     -0.070
192.7000     -29980.414   -29988.631        8.217   329.4     -0.614     -0.254     -0.526      0.256      0.116     -0.037
192.7500     -29980.760   -29988.301        7.540   302.3      0.215      0.083     -0.417     -0.463     -0.453     -0.301
192.8000     -29980.119   -29988.543        8.424   337.7     -0.454     -0.095      0.224      0.059      0.509     -0.301
192.8500     -29979.980   -29987.980        8.000   320.7      0.247      0.370      0.018      0.229     -0.176     -0.316
192.9000     -29979.842   -29987.742        7.901   316.7      0.212     -0.451     -0.445      0.040     -0.608     -0.127
192.9500     -29979.307   -29987.750        8.443   338.4     -0.060     -0.412      0.203      0.236      0.181      0.054
193.0000     -29979.442   -29987.834        8.392   336.4     -0.169      0.701      0.380     -0.452     -0.132     -0.125
193.0500     -29979.847   -29987.682        7.835   314.0     -1.339     -0.996     -0.098      0.750     -0.164      0.251
193.1000     -29980.580   -29989.082        8.502   340.8      0.710      0.117      0.032     -0.060     -0.165      0.069
193.1500     -29980.425   -29988.639        8.214   329.3     -0.227      0.093     -0.367     -0.071      0.068      0.135
193.2000     -29981.224   -29988.910        7.686   308.1     -0.654     -0.074     -0.621      0.173      0.365     -0.343
193.2500     -29980.615   -29988.975        8.359   335.1      0.298      0.898      1.166      0.299      0.085     -0.101
193.3000     -29980.305   -29988.512        8.207   329.0     -0.270     -0.323     -0.514      0.251     -0.838      0.244
193.3500     -29980.281   -29988.330        8.049   322.6      0.011     -0.154      0.889     -0.226     -0.556     -0.431
193.4000     -29980.061   -29988.703        8.642   346.4      0.207      0.495     -1.294      0.156      0.092      0.103
193.4500     -29980.088   -29988.533        8.445   338.5      0.152     -0.544     -0.206      0.540      0.066      0.730
193.5000     -29980.276   -29988.820        8.544   342.5      0.151     -0.123     -0.240     -0.024      0.461     -0.244
193.5500     -29980.146   -29987.898        7.752   310.7     -0.332      0.449     -0.416     -0.351      0.747      0.122
193.6000     -29980.150   -29987.891        7.741   310.3      0.467      0.538     -0.498     -0.055      0.094      0.392
193.6500     -29979.874   -29988.527        8.653   346.9      0.317      0.433      0.313      0.318     -0.410      0.569
193.7000     -29979.843   -29989.061        9.218   369.5      0.334     -0.460     -0.121      0.136     -1.006     -0.097
193.7500     -29979.394   -29988.197        8.803   352.9      0.129     -0.018      0.230     -0.092      0.830      0.094
193.8000     -29979.540   -29988.100        8.560   343.1     -0.238      0.849      0.261     -0.404     -0.431      0.089
193.8500     -29979.812   -29988.373        8.561   343.2     -0.752     -0.500      0.241      0.691      0.566     -0.906
193.9000     -29979.459   -29988.162        8.703   348.9     -1.443     -0.492     -0.287     -0.367     -0.006     -0.054
193.9500     -29980.032   -29988.461        8.429   337.9      0.034      0.220      0.401     -0.227     -0.075     -0.617
194.0000     -29980.376   -29988.662        8.286   332.2     -0.378     -0.208     -0.311      0.127      0.366      0.340
194.0500     -29980.963   -29988.711        7.748   310.6     -0.781     -1.525      0.615      0.465      0.392      0.123
194.1000     -29980.950   -29988.949        8.000   320.7      0.075     -0.307      0.102      0.062     -0.000     -0.574
194.1500     -29981.467   -29988.969        7.502   300.7      0.831     -0.374      0.112     -0.593     -0.420      0.382
194.2000     -29981.613   -29989.514        7.901   316.7      0.208      0.257      1.081      0.466     -0.813     -0.300
194.2500     -29981.422   -29989.529        8.108   325.0     -0.334     -0.790     -0.593     -0.112      0.151      0.129
194.3000     -29981.324   -29989.221        7.897   316.5     -0.913     -0.165     -0.534     -0.133      0.374     -0.004
194.3500     -29981.551   -29989.117        7.566   303.3      0.842     -0.520      0.276     -0.078     -0.145      0.175
194.4000     -29980.783   -29988.811        8.027   321.8      0.150      0.085      0.638      0.214     -0.023     -0.020
194.4500     -29980.893   -29989.201        8.308   333.0      0.202      0.087      0.283     -0.014      0.209     -0.033
194.5000     -29981.119   -29989.621        8.502   340.8     -0.406      0.708     -0.565      0.300     -0.425     -0.388
194.5500     -29980.893   -29989.498        8.605   344.9     -1.312     -1.389     -0.426      0.028      0.350      0.031
194.6000     -29981.337   -29990.178        8.840   354.4      0.109     -0.194     -0.532      0.431      0.200     -0.001
194.6500     -29981.087   -29989.264        8.177   327.8     -0.487     -0.218      0.338     -0.255      0.106     -0.252
194.7000     -29980.239   -29989.297        9.058   363.1     -1.288     -1.406     -0.287     -0.281      0.645      0.081
194.7500     -29980.951   -29989.307        8.355   334.9     -0.648     -0.202      0.411      0.616     -0.296      0.398
194.8000     -29980.598   -29988.871        8.273   331.6     -0.305      0.059      0.439     -0.164     -0.343     -0.369
194.8500     -29980.486   -29988.025        7.540   302.2      0.340      0.124     -0.539      0.079     -0.518      0.115
194.9000     -29980.621   -29988.334        7.713   309.2     -0.187     -0.996      0.182      0.039      0.185      0.930
194.9500     -29980.911   -29989.578        8.668   347.4      0.049     -0.462      0.151      0.642     -0.494      0.126
195.0000     -29980.874   -29988.916        8.042   322.3     -0.141     -0.178     -0.057     -0.248      0.160      0.010
195.0500     -29980.683   -29988.740        8.057   323.0      0.071     -0.947      0.503      0.009      0.109      0.145
195.1000     -29980.428   -29988.723        8.295   332.5     -0.430      0.493     -0.835     -0.275      0.002     -0.114
195.1500     -29980.495   -29987.928        7.433   297.9     -0.379      0.372      0.555      0.160     -0.531     -0.378
195.2000     -29980.393   -29988.043        7.650   306.6     -0.666      0.287     -0.112      0.112      0.402     -0.040
195.2500     -29980.160   -29988.109        7.949   318.6     -0.372     -0.613      0.435      0.546     -0.534      0.130
195.3000     -29979.603   -29988.277        8.674   347.7     -0.761     -0.062      0.121     -0.315      0.540      0.162
195.3500     -29979.349   -29988.027        8.679   347.9     -0.266     -0.072     -0.210     -0.704     -0.531     -0.042
195.4000     -29979.093   -29987.957        8.864   355.3     -0.587     -0.877      0.174     -0.118     -0.054      0.069
195.4500     -29979.026   -29987.785        8.759   351.1     -0.675     -0.657     -0.879     -0.442      0.517     -0.528
195.5000     -29979.457   -29987.732        8.275   331.7     -0.394     -0.673     -0.115     -0.338     -0.331     -0.232
195.5500     -29980.068   -29988.828        8.760   351.1      0.646     -0.131      0.394     -0.175     -0.133      0.183
195.6000     -29980.388   -29989.680        9.292   372.4     -0.445     -0.707     -0.062     -0.216      0.149     -0.259
195.6500     -29980.773   -29989.420        8.647   346.6      0.033     -0.917      0.587     -0.342     -0.028     -0.326
195.7000     -29980.417   -29988.619        8.202   328.8      0.473      0.750      0.170     -0.023      0.210      0.052
195.7500     -29980.287   -29988.209        7.922   317.5     -0.091     -0.865      0.003      0.559     -0.233     -0.167
195.8000     -29979.873   -29988.191        8.318   333.4     -0.968     -0.209     -1.001     -0.293      0.102      0.081
195.8500     -29979.166   -29987.564        8.398   336.6     -0.427     -0.434     -0.055      0.309      0.625     -0.416
195.9000     -29978.360   -29987.641        9.281   372.0     -1.111     -1.017      0.373     -0.117      0.188     -0.087
195.9500     -29978.460   -29987.621        9.161   367.2     -0.448     -0.336     -0.004      0.037      0.017     -0.089
196.0000     -29979.001   -29987.646        8.645   346.5     -0.641     -0.227     -1.141     -0.546      0.206      0.713
196.0500     -29978.518   -29987.166        8.648   346.6     -0.756     -0.724     -1.357      0.243      0.365     -0.136
196.1000     -29978.865   -29987.670        8.805   352.9     -0.217     -0.059     -0.036      0.205     -0.145     -0.321
196.1500     -29979.202   -29987.209        8.007   321.0      0.660     -0.173      0.979      0.018     -0.033      0.326
196.2000     -29979.182   -29988.225        9.043   362.5     -0.447     -0.019     -0.255      0.101     -0.165      0.175
196.2500     -29980.026   -29988.500        8.474   339.7     -0.263     -0.615     -0.151     -0.469      0.027     -0.264
196.3000     -29980.021   -29987.955        7.934   318.0      0.010     -0.098      0.054     -0.294     -0.332      0.744
196.3500     -29979.424   -29988.029        8.606   345.0     -0.820     -0.818     -0.990      0.411      0.137      0.665
196.4000     -29979.332   -29988.287        8.955   359.0     -0.255      0.239     -0.777     -0.117      0.420     -0.275
196.4500     -29979.604   -29988.469        8.865   355.4     -0.757     -0.042     -0.928     -0.360     -0.105      0.248
196.5000     -29979.267   -29987.705        8.438   338.2     -0.064      0.021      0.655      0.046     -0.013      0.107
196.5500     -29979.235   -29988.271        9.036   362.2     -0.132     -0.087     -1.108      0.422      0.339     -0.019
196.6000     -29979.654   -29988.092        8.438   338.2     -0.761      0.415      0.026      0.381      0.283      0.318
196.6500     -29980.005   -29988.980        8.975   359.8      0.253     -0.513     -0.653      0.291      0.130      0.183
196.7000     -29980.627   -29988.262        7.634   306.0     -0.528     -0.065     -1.240      0.591     -0.065      0.042
196.7500     -29980.571   -29988.459        7.888   316.2     -0.303     -0.543     -1.150     -0.399      0.122      0.118
196.8000     -29980.953   -29988.068        7.115   285.2     -0.077     -0.330      0.316     -0.033      0.366      0.777
196.8500     -29980.858   -29988.986        8.128   325.8     -1.251     -0.956     -0.703     -0.495     -0.164      0.005
196.9000     -29981.139   -29989.715        8.576   343.8      0.330      0.172     -0.278      0.101      0.077     -0.277
196.9500     -29981.223   -29988.559        7.335   294.0     -0.186      0.547     -0.044      0.010     -0.001     -0.354
197.0000     -29981.771   -29988.750        6.979   279.8     -0.684      0.637     -0.265      0.039      0.294      0.441
197.0500     -29981.819   -29989.000        7.181   287.8     -0.921     -0.408     -0.655     -0.390      0.123     -0.175
197.1000     -29981.315   -29988.777        7.463   299.1     -0.259      0.863      0.978      0.583      0.409      0.016
197.1500     -29981.395   -29989.053        7.657   306.9     -0.069      0.744      0.566     -0.378      0.203     -0.163
197.2000     -29981.552   -29988.680        7.127   285.7      0.142     -0.235      0.347      0.077      0.258      0.209
197.2500     -29981.463   -29989.072        7.609   305.0     -0.648      0.709      0.436     -0.027     -0.098     -0.303
197.3000     -29981.455   -29989.182        7.726   309.7     -0.484      0.965     -0.629     -0.077      0.108      0.314
197.3500     -29981.138   -29988.500        7.362   295.1      0.212      0.480      0.388      0.096      0.022      0.256
197.4000     -29980.582   -29988.523        7.942   318.3     -0.923     -0.789     -0.635     -0.308     -0.104     -0.063
197.4500     -29980.361   -29987.873        7.512   301.1      0.836      0.702      0.500      0.447      0.097     -0.579
197.5000     -29980.169   -29988.037        7.868   315.4      1.065     -0.686     -0.012     -0.829     -0.006      0.001
197.5500     -29979.715   -29988.078        8.363   335.2      0.373      0.735      0.456      0.009      0.154     -0.102
197.6000     -29979.617   -29987.568        7.952   318.7     -0.466      0.358      0.007     -0.685     -0.051     -0.279
197.6500     -29979.480   -29987.658        8.178   327.8      0.170     -0.237     -0.429      0.500     -0.237     -0.306
197.7000     -29979.444   -29988.164        8.720   349.5      0.357      0.146      0.134     -0.979      0.256     -0.389
197.7500     -29980.067   -29988.020        7.953   318.8      0.597      0.021     -0.095      0.046     -0.224     -0.229
197.8000     -29980.537   -29988.732        8.195   328.5      0.050     -0.162     -0.381      0.276     -0.332     -0.196
197.8500     -29981.036   -29988.992        7.956   318.9     -0.760      0.129     -0.162      0.464      0.106      0.019
197.9000     -29981.344   -29989.246        7.902   316.7      1.449      0.885      0.784     -0.385     -0.005     -0.255
197.9500     -29981.303   -29989.207        7.904   316.8     -0.654     -0.291     -0.573      0.208     -0.038      0.238
198.0000     -29981.439   -29989.539        8.100   324.7     -0.195     -0.994     -1.400      0.148      0.355     -0.776
198.0500     -29981.264   -29989.084        7.820   313.5      0.107      0.272     -0.724      0.457     -0.547     -0.334
198.1000     -29981.159   -29989.307        8.147   326.6     -0.789      0.117     -0.182     -0.149     -0.045      0.676
198.1500     -29980.622   -29988.541        7.919   317.4      0.483      0.317      0.631     -0.062     -0.052     -0.112
198.2000     -29980.357   -29988.455        8.098   324.6     -1.365     -0.115     -0.713     -0.209     -0.250     -0.098
198.2500     -29979.631   -29988.381        8.750   350.7      0.889      0.404     -0.504      0.320      0.000      0.360
198.3000     -29979.440   -29987.441        8.001   320.7      0.292     -0.568     -0.203     -0.213     -0.165     -0.351
198.3500     -29979.214   -29987.713        8.499   340.7      0.274      0.373     -1.199      0.006      0.236     -0.080
198.4000     -29979.137   -29987.838        8.701   348.8     -0.840      1.248      0.743     -0.081     -0.391      0.145
198.4500     -29978.994   -29987.012        8.018   321.4     -0.027     -0.887     -0.264      0.846     -0.372     -0.192
198.5000     -29979.297   -29987.895        8.597   344.6     -0.463     -0.356     -0.291     -0.443      0.039     -0.147
198.5500     -29979.256   -29988.076        8.820   353.5      0.751      0.522     -0.175      0.087     -0.114      0.383
198.6000     -29979.123   -29987.670        8.547   342.6     -0.271     -0.453      0.042      0.256     -0.245     -0.118
198.6500     -29979.289   -29988.074        8.786   352.2      1.440     -0.127     -0.835     -0.042     -0.093     -0.401
198.7000     -29978.813   -29988.137        9.324   373.8      0.035      0.294      0.169     -0.074     -0.074     -0.326
198.7500     -29978.762   -29988.020        9.258   371.1      0.832     -0.761      0.119     -0.130     -0.228      0.147
198.8000     -29979.212   -29987.779        8.568   343.4     -0.176     -0.458      0.227     -0.337      0.219      0.186
198.8500     -29979.540   -29987.947        8.407   337.0      0.102      0.001     -0.365     -0.355     -0.487      0.492
198.9000     -29979.943   -29987.846        7.902   316.8      0.224      0.183      0.070     -0.008      0.295      0.171
198.9500     -29979.552   -29987.818        8.266   331.3      0.558     -0.002     -0.119     -0.461      0.086      0.371
199.0000     -29979.319   -29988.162        8.843   354.5     -0.693      1.222     -0.574     -0.033     -0.511      0.106
199.0500     -29979.818   -29988.242        8.424   337.7     -0.156     -0.125     -0.068      0.201     -0.079     -0.079
199.1000     -29979.972   -29988.051        8.079   323.8     -1.351     -0.469      0.974     -0.343     -0.071      0.711
199.1500     -29979.922   -29988.162        8.240   330.3      0.336     -0.290     -0.190      0.074      0.051     -0.651
199.2000     -29979.640   -29988.406        8.766   351.4     -0.286      0.455      0.590     -0.389      0.252      0.200
199.2500     -29979.563   -29987.877        8.314   333.3      1.221      0.193      0.614      0.242     -0.085     -0.440
199.3000     -29979.049   -29988.107        9.058   363.1     -0.619      0.266     -0.637     -0.224      0.223      0.474
199.3500     -29978.963   -29988.354        9.390   376.4     -0.423     -0.597     -1.277     -0.511     -0.724      0.370
199.4000     -29979.630   -29988.020        8.389   336.3     -0.401     -0.681      0.780      0.342     -0.372      0.057
199.4500     -29979.323   -29988.504        9.181   368.0     -0.262      0.723      0.248     -0.010     -0.176     -0.148
199.5000     -29979.528   -29988.160        8.632   346.0      0.430      0.403     -0.183     -0.382      0.499     -0.427
199.5500     -29979.037   -29988.211        9.174   367.7      0.193     -0.543     -0.685      0.141     -0.333     -0.044
199.6000     -29978.921   -29987.504        8.583   344.1      0.046     -0.256      0.010      0.054      0.184      0.028
199.6500     -29979.072   -29987.193        8.122   325.6     -0.312     -0.263     -0.283     -0.232      0.212      0.393
199.7000     -29978.663   -29987.361        8.699   348.7      0.463     -0.202      0.269      0.015      0.216     -0.682
199.7500     -29978.626   -29987.643        9.017   361.4      0.424      0.356      0.197     -0.070     -0.554      0.041
199.8000     -29978.797   -29987.398        8.602   344.8     -0.510     -0.329      0.321     -0.371     -0.116     -0.310
199.8500     -29978.843   -29987.420        8.576   343.8      0.761      0.265     -0.579     -0.111      0.384     -0.380
199.9000     -29979.143   -29988.244        9.101   364.8     -1.113     -0.103     -0.853      0.667      0.433      0.109
199.9500     -29979.386   -29988.508        9.122   365.6      0.807     -1.117      0.300      0.051     -0.064     -0.199
200.0000     -29979.911   -29988.637        8.726   349.8      0.501     -0.225      0.387      0.040      0.056     -0.031
200.0500     -29980.005   -29987.670        7.665   307.2      0.868     -0.234      0.375     -0.547      0.879      0.968
200.1000     -29980.025   -29987.969        7.944   318.4     -0.375     -0.130      0.041      0.261     -0.258     -0.620
200.1500     -29980.264   -29989.189        8.926   357.8     -0.235      0.986      1.560     -0.215     -0.185      0.352
200.2000     -29980.066   -29988.479        8.413   337.2     -1.052      1.377      0.254     -0.093      0.415      0.149
200.2500     -29980.177   -29988.842        8.665   347.3      0.653     -0.148      0.049      0.078      0.436      0.123
200.3000     -29980.513   -29988.025        7.513   301.1      0.600      0.155      0.579     -0.053      0.129     -0.054
200.3500     -29980.535   -29988.861        8.326   333.8      0.128      0.674     -0.215     -0.106      0.010      0.045
200.4000     -29980.309   -29988.838        8.529   341.9     -0.384     -1.029     -0.220      0.921      0.257     -0.112
200.4500     -29980.736   -29988.910        8.174   327.6     -0.158     -0.454     -0.558     -0.377     -0.110     -0.196
200.5000     -29980.403   -29988.748        8.345   334.5      0.593     -0.462     -0.059      0.572      0.165      0.097
200.5500     -29979.809   -29987.391        7.582   303.9      0.343     -0.912     -0.638     -0.301      0.162     -0.162
200.6000     -29979.303   -29988.215        8.911   357.2     -0.197     -0.974     -0.526      0.158     -0.400     -0.285
200.6500     -29979.136   -29987.754        8.618   345.4     -0.318      0.096      0.357     -0.121     -0.509     -0.332
200.7000     -29979.982   -29988.391        8.408   337.1     -0.056      0.195     -0.140     -0.546     -0.215     -0.072
200.7500     -29979.977   -29988.260        8.283   332.0     -0.856     -0.016      0.487      0.343      0.024     -0.290
200.8000     -29980.065   -29988.207        8.142   326.4     -0.108      0.213      0.197     -0.186     -0.226     -0.136
200.8500     -29979.882   -29988.078        8.197   328.6     -0.717     -0.899     -0.558     -0.447      0.219     -0.101
200.9000     -29979.793   -29987.094        7.301   292.7      0.065     -0.656     -0.347     -0.219     -0.231     -0.013
200.9500     -29979.979   -29987.857        7.878   315.8     -0.470      0.406      0.186      0.405      0.552     -0.508
201.0000     -29979.804   -29988.402        8.598   344.7      0.968     -0.670      0.260     -0.102     -0.235     -0.647
201.0500     -29979.685   -29987.383        7.698   308.6      0.157      0.358      0.461     -0.005      0.036      0.206
201.1000     -29979.383   -29987.512        8.129   325.9      0.078      0.239     -0.059      0.112      0.072     -0.315
201.1500     -29979.552   -29987.572        8.020   321.5      0.330     -0.024      0.019     -0.481     -0.100     -0.002
201.2000     -29979.873   -29987.982        8.109   325.1      0.796      0.055      0.861      0.775      0.160     -0.302
201.2500     -29979.719   -29987.793        8.074   323.6      0.142      0.758      0.033      0.132     -0.334      0.375
201.3000     -29979.569   -29987.727        8.158   327.0      0.441      0.630      0.582      0.457      0.280      0.026
201.3500     -29979.383   -29987.744        8.361   335.2      0.228      0.459      0.175      0.478      0.039     -0.298
201.4000     -29979.076   -29987.359        8.283   332.0      0.448      0.587      0.666      0.364      0.454      0.362
201.4500     -29979.042   -29987.830        8.788   352.3     -0.625      0.467     -0.126     -0.071     -0.149     -0.020
201.5000     -29978.529   -29987.344        8.815   353.3      0.080      0.184      0.111     -0.002     -0.086     -0.341
201.5500     -29978.460   -29987.195        8.735   350.1     -0.468     -1.092     -0.416     -0.222      0.333     -0.267
201.6000     -29978.533   -29987.395        8.861   355.2     -0.371     -0.291     -0.007      0.417     -0.243      0.270
201.6500     -29979.216   -29987.256        8.040   322.3      0.222      0.112     -0.503     -0.091      0.262     -0.322
201.7000     -29979.296   -29987.801        8.505   340.9      0.041     -0.227      0.340      0.113      0.331      0.581
201.7500     -29979.074   -29987.963        8.889   356.3     -0.589     -0.365     -0.549     -0.381     -0.552     -0.188
201.8000     -29979.010   -29987.518        8.507   341.0     -0.050      0.615     -0.051      0.207      0.176     -0.425
201.8500     -29979.566   -29987.234        7.669   307.4     -0.664     -1.348      0.827      0.201      0.497      0.185
201.9000     -29979.629   -29987.191        7.562   303.1     -0.354     -0.758     -0.707     -0.394      0.476      0.169
201.9500     -29979.787   -29988.059        8.272   331.6     -0.033     -0.038      0.174     -0.102      0.443     -0.323
202.0000     -29979.827   -29987.584        7.757   311.0      0.263      0.560      0.462      0.402     -0.175      0.239
202.0500     -29980.085   -29988.764        8.679   347.9      0.701     -0.639     -0.082      0.125      0.270      0.591
202.1000     -29979.943   -29988.547        8.604   344.9     -0.666      0.209      0.183     -0.512      0.016     -0.154
202.1500     -29980.356   -29988.543        8.187   328.2      0.399     -0.102     -0.889     -0.048     -0.328      0.083
202.2000     -29980.417   -29988.617        8.201   328.7      0.823      0.463      0.231     -0.012      0.048      0.361
202.2500     -29980.295   -29989.289        8.994   360.5      0.453      0.017     -0.028     -0.103     -0.143      0.138
202.3000     -29980.273   -29988.746        8.473   339.6      0.296      0.554     -0.145      0.242      0.227      0.086
202.3500     -29980.150   -29988.303        8.152   326.8     -0.036     -0.328     -0.104     -0.503     -0.162      0.248
202.4000     -29979.994   -29988.359        8.365   335.3     -0.688     -1.012      0.138      0.477     -0.622      0.387
202.4500     -29980.292   -29988.719        8.426   337.8     -0.464      0.460     -0.460     -0.081      0.428      0.010
202.5000     -29980.375   -29988.877        8.501   340.8      1.026     -0.471     -0.250     -0.195     -0.104      0.587
202.5500     -29980.452   -29988.770        8.317   333.4     -0.466     -0.194     -0.500     -0.049     -0.030      0.101
202.6000     -29980.376   -29988.680        8.304   332.9      0.704      0.088      1.119      0.341     -0.115      0.604
202.6500     -29980.340   -29988.979        8.638   346.3      0.153     -0.640      0.225      0.231      0.218      0.440
202.7000     -29980.222   -29988.641        8.418   337.4     -0.166      0.219      0.022     -0.243     -0.099      0.350
202.7500     -29980.284   -29988.479        8.194   328.5     -0.387     -0.334     -0.268     -0.249     -0.242     -0.197
202.8000     -29980.308   -29988.188        7.879   315.8     -0.518     -0.865     -0.659     -0.269      0.666      0.606
202.8500     -29980.534   -29988.684        8.150   326.7     -0.099     -0.195     -0.250     -0.183     -0.050     -0.794
202.9000     -29980.453   -29988.744        8.291   332.4     -0.035     -0.279     -0.123      0.045     -0.574      0.481
202.9500     -29980.743   -29988.086        7.343   294.3      0.196     -0.123     -0.322      0.310     -0.303     -0.116
203.0000     -29980.859   -29988.193        7.334   294.0     -0.093      0.862      0.082     -0.309     -0.291     -0.407
203.0500     -29980.703   -29988.961        8.258   331.0      0.637     -0.524     -0.433     -0.639      0.211      0.506
203.1000     -29980.603   -29988.398        7.795   312.5     -0.543     -0.195      0.896      0.580     -0.301     -0.161
203.1500     -29980.276   -29988.291        8.015   321.3     -0.141     -0.205     -1.099     -0.050      0.040     -0.164
203.2000     -29980.285   -29988.869        8.584   344.1     -0.408     -0.911     -0.344      0.386     -0.216      0.534
203.2500     -29980.175   -29989.162        8.987   360.3     -0.209     -0.349      0.591     -0.226      0.117     -0.353
203.3000     -29979.690   -29987.945        8.255   330.9      0.752     -0.361     -0.034     -0.007     -0.711      0.591
203.3500     -29979.558   -29988.154        8.597   344.6     -0.641     -0.580     -0.741      0.082     -0.872      0.699
203.4000     -29979.823   -29988.982        9.160   367.2      0.204     -0.794      0.231      0.201      0.149      0.210
203.4500     -29979.942   -29988.410        8.468   339.4     -0.372     -0.992     -0.587     -0.269     -0.259      0.050
203.5000     -29979.752   -29988.041        8.289   332.3     -0.578     -0.068     -0.292      0.534     -0.135     -0.274
203.5500     -29979.439   -29987.764        8.324   333.7     -0.132     -0.622     -0.490     -0.425      0.085      0.398
203.6000     -29979.426   -29987.312        7.886   316.1     -0.456     -0.242      0.348      0.345      0.185     -0.585
203.6500     -29978.976   -29986.867        7.891   316.3     -0.900     -0.464     -0.969     -0.244      0.201      0.484
203.7000     -29979.509   -29987.434        7.924   317.6     -0.760     -0.183     -0.546     -0.124     -0.010      0.339
203.7500     -29979.037   -29987.795        8.758   351.1     -0.695     -0.906     -0.922     -0.344      0.158      0.810
203.8000     -29978.724   -29987.252        8.528   341.8     -0.269      0.458     -0.266     -0.320     -0.186     -0.011
203.8500     -29979.140   -29988.439        9.299   372.8      0.259     -1.025      0.174     -0.035      0.137      0.053
203.9000     -29979.702   -29988.557        8.855   355.0     -0.443     -0.937     -0.649     -0.080      0.782     -0.555
203.9500     -29979.215   -29987.836        8.621   345.6     -0.669     -0.897      0.089     -0.284     -0.020     -0.395
204.0000     -29979.291   -29987.668        8.377   335.8     -0.135     -0.780     -0.320     -0.150      0.265      0.467
204.0500     -29979.427   -29987.842        8.415   337.3     -0.763     -0.434     -0.196     -0.033      0.398      0.263
204.1000     -29979.487   -29987.814        8.327   333.8      0.560     -1.036     -0.225      0.042     -0.039     -0.113
204.1500     -29979.182   -29988.656        9.474   379.8     -0.378      0.499     -0.274      0.236      0.387      0.484
204.2000     -29979.536   -29987.697        8.162   327.2      0.230     -0.127     -0.050     -0.333     -0.174     -0.136
204.2500     -29979.066   -29987.926        8.860   355.1      0.097     -0.257     -0.040      0.049      0.161     -0.419
204.3000     -29978.923   -29988.572        9.649   386.8     -0.652      0.035      0.064     -0.123     -0.094      0.849
204.3500     -29979.152   -29987.461        8.309   333.1     -0.296      0.014      0.408     -0.319      0.594      0.403
204.4000     -29979.259   -29987.211        7.952   318.7     -0.691     -0.006     -1.073      0.209      0.754      0.349
204.4500     -29979.051   -29987.637        8.586   344.2     -0.093     -0.429     -0.902      0.342     -0.213     -0.811
204.5000     -29979.744   -29987.867        8.123   325.6     -0.287     -0.431     -0.682     -0.160      0.341     -0.232
204.5500     -29979.848   -29987.895        8.046   322.5      0.769      0.430      0.589     -0.095      0.150      0.138
204.6000     -29980.022   -29988.264        8.242   330.4     -0.400     -0.097     -0.427      0.697     -0.275     -0.337
204.6500     -29980.208   -29988.832        8.624   345.7      1.019      0.705     -0.425     -0.311     -0.274      0.483
204.7000     -29980.126   -29988.791        8.665   347.3      0.123     -0.134      0.034      0.165      0.969      0.020
204.7500     -29979.804   -29988.260        8.456   338.9      0.338      0.339      0.116      0.264     -0.064      0.222
204.8000     -29979.408   -29987.840        8.432   338.0     -0.255      0.902     -0.070      0.403     -0.029      0.560
204.8500     -29979.087   -29987.486        8.399   336.7     -0.360     -0.622      0.216     -0.252      0.167     -0.200
204.9000     -29978.674   -29986.459        7.785   312.0      0.637      0.256     -0.436      0.241      0.555      0.004
204.9500     -29978.160   -29986.854        8.694   348.5      0.062     -0.156     -0.263     -0.556     -0.064     -0.361
205.0000     -29978.494   -29987.104        8.610   345.1     -0.489      0.296      0.410      0.625     -0.257      0.317
205.0500     -29978.380   -29986.799        8.419   337.5      0.798      0.695     -0.605     -0.242      0.252      0.422
205.1000     -29978.405   -29986.855        8.451   338.8     -0.639     -0.576     -0.987     -0.048      0.317      0.248
205.1500     -29978.173   -29987.260        9.087   364.3     -0.903     -0.414     -0.582     -0.389     -0.184      0.444
205.2000     -29978.115   -29986.641        8.526   341.8     -0.840     -0.516     -0.654      0.109     -0.185      0.273
205.2500     -29978.479   -29986.963        8.484   340.1      0.374      0.411      0.513      0.292      0.218     -0.201
205.3000     -29978.268   -29987.258        8.990   360.4     -0.150      0.093      0.211      0.342     -0.552      0.338
205.3500     -29978.390   -29987.121        8.732   350.0      0.511     -0.170     -0.163     -0.398      0.184     -0.369
205.4000     -29978.206   -29986.631        8.424   337.7     -0.579      0.550     -0.061      0.809     -0.387      0.378
205.4500     -29978.234   -29987.414        9.180   368.0     -0.484     -0.638      0.557     -0.097      0.177      0.129
205.5000     -29978.012   -29986.984        8.972   359.6      1.119      0.430      0.409      0.287      0.044     -0.349
205.5500     -29978.529   -29987.234        8.705   348.9     -0.214     -0.177     -0.410      0.440      0.324     -0.029
205.6000     -29978.392   -29986.896        8.505   340.9      0.210     -0.872      0.636     -0.365     -0.156      0.258
205.6500     -29978.433   -29987.443        9.010   361.2      0.042     -0.476     -1.068      0.438     -0.182      0.112
205.7000     -29978.606   -29987.633        9.026   361.8      0.365      0.400      0.053      0.409      0.318      0.395
205.7500     -29978.987   -29987.586        8.599   344.7      0.813     -0.393      1.160      0.430      0.584     -0.356
205.8000     -29978.900   -29987.783        8.883   356.1     -0.477      0.574     -1.388      0.156      0.296     -0.864
205.8500     -29978.853   -29987.795        8.942   358.4      0.130      0.008      1.068     -0.201     -0.297      0.219
205.9000     -29979.340   -29988.605        9.266   371.4     -0.072      1.083      0.266      0.728      0.358     -0.014
205.9500     -29979.674   -29988.930        9.255   371.0      0.075     -0.195     -0.047     -0.196     -0.936      0.034
206.0000     -29980.196   -29988.369        8.173   327.6     -0.062      0.065     -0.619     -0.045      0.123     -0.314
206.0500     -29980.064   -29988.217        8.153   326.8     -0.366      0.513     -0.585      0.523     -0.298     -0.285
206.1000     -29980.537   -29989.033        8.496   340.6      0.592     -0.651     -0.116     -0.520     -0.118     -0.222
206.1500     -29980.234   -29988.887        8.653   346.8      0.184     -0.227     -0.051     -0.553     -0.559      0.917
206.2000     -29980.184   -29989.131        8.947   358.6     -0.095     -0.356     -0.346     -0.852      0.309      0.415
206.2500     -29980.791   -29988.836        8.045   322.5     -0.830     -0.355     -1.305     -0.135      0.376     -0.807
206.3000     -29980.802   -29989.402        8.601   344.8     -0.552     -0.453     -0.330      0.012      0.065      0.015
206.3500     -29980.768   -29988.945        8.177   327.8     -0.598     -0.643     -0.435      0.453      0.079      0.049
206.4000     -29981.072   -29989.109        8.038   322.2      0.670     -0.592      0.014      0.271      0.048      0.073
206.4500     -29981.027   -29989.287        8.260   331.1      0.502      0.631      0.470     -0.093     -0.545     -0.319
206.5000     -29981.403   -29989.152        7.749   310.6      0.032     -0.125     -0.264      0.120      0.622      0.083
206.5500     -29981.628   -29989.707        8.079   323.8      0.047      0.153      0.357      0.611      0.352     -0.014
206.6000     -29981.321   -29989.107        7.787   312.1      1.183      0.614     -0.177      0.126      0.360     -0.018
206.6500     -29981.427   -29988.682        7.255   290.8     -0.194      0.268     -0.088     -0.113      0.186      0.031
206.7000     -29981.418   -29989.123        7.705   308.8      0.790      0.360      0.161      0.307      0.092     -0.269
206.7500     -29981.688   -29989.385        7.696   308.5      0.362      0.353      0.603     -0.266     -0.148      0.005
206.8000     -29981.697   -29989.018        7.321   293.4     -0.412      0.335     -0.904     -0.812     -0.457      0.173
206.8500     -29981.586   -29989.312        7.726   309.7     -0.714      0.209      0.331      0.389      0.176      0.078
206.9000     -29981.107   -29988.408        7.301   292.7     -0.506     -0.547      0.350     -0.707     -0.590     -0.280
206.9500     -29980.917   -29988.854        7.936   318.1     -0.223      0.384     -0.400      0.167      0.705     -0.576
207.0000     -29980.401   -29987.969        7.568   303.4     -0.048      0.242      0.127      0.559      0.073     -0.566
207.0500     -29980.696   -29989.115        8.419   337.5     -0.085      0.537      0.220      0.390     -0.021     -0.332
207.1000     -29980.812   -29988.740        7.928   317.8      0.648      0.224      0.155     -0.103      0.394     -0.584
207.1500     -29980.853   -29988.820        7.967   319.4     -0.141     -0.630      0.342      0.066      0.279      0.021
207.2000     -29980.996   -29988.602        7.606   304.9      0.194      0.750      0.551     -0.013     -0.043     -0.637
207.2500     -29980.753   -29988.145        7.392   296.3     -0.160      0.022      1.589     -0.015     -0.054      0.228
207.3000     -29980.200   -29988.574        8.374   335.7      0.866      0.503     -0.159     -0.159      0.249     -0.439
207.3500     -29979.992   -29988.375        8.383   336.0     -0.043      0.430      0.732      0.756      0.025     -0.285
207.4000     -29979.940   -29988.336        8.396   336.5      0.624     -0.107     -0.703     -0.253      0.001     -0.222
207.4500     -29979.832   -29988.400        8.568   343.4      0.433      0.154     -0.086      0.002     -0.296     -0.113
207.5000     -29980.228   -29988.949        8.721   349.6      0.568      0.179     -0.281      0.320     -0.313     -0.028
207.5500     -29980.388   -29988.518        8.129   325.9     -0.466      0.011     -0.342      0.329     -0.324      0.231
207.6000     -29980.556   -29988.969        8.412   337.2     -0.086      0.428      0.000     -0.458      0.162     -0.542
207.6500     -29980.850   -29988.227        7.376   295.7     -0.485     -0.262     -0.247     -0.112     -0.256      0.005
207.7000     -29981.276   -29989.076        7.800   312.6     -0.790     -0.923     -1.026     -0.276      0.095     -0.243
207.7500     -29981.230   -29988.746        7.516   301.3      1.097      0.344     -1.042     -0.193     -0.386     -0.465
207.8000     -29981.255   -29989.031        7.777   311.7     -1.024     -0.444      0.529      0.039      0.151     -0.436
207.8500     -29980.909   -29988.932        8.023   321.6     -0.194      1.059     -0.188      0.393     -0.732     -0.190
207.9000     -29980.302   -29988.936        8.634   346.1      0.805      0.178     -0.023     -0.584      0.417     -0.140
207.9500     -29979.715   -29988.504        8.789   352.3      0.340      0.836     -0.071     -0.111     -0.145      0.461
208.0000     -29980.012   -29987.570        7.558   303.0      0.012      0.522     -0.041     -0.156     -0.251      0.139
208.0500     -29979.480   -29987.535        8.055   322.9      0.138      0.337     -1.034      0.597     -0.626     -0.155
208.1000     -29979.646   -29988.182        8.536   342.2     -0.513     -0.532      0.453     -0.413     -0.044     -0.269
208.1500     -29980.035   -29988.045        8.010   321.1     -0.287      0.766     -0.557     -0.156      0.277      0.035
208.2000     -29979.131   -29987.875        8.744   350.5      1.312      0.542      1.063     -0.019     -0.201     -0.024
208.2500     -29978.530   -29987.383        8.852   354.8      0.170     -0.365     -0.677     -0.081      0.247      0.492
208.3000     -29978.848   -29987.375        8.527   341.8      0.046      0.402      0.111     -0.000     -0.281     -0.379
208.3500     -29979.208   -29987.744        8.536   342.2      0.407     -0.726      0.058     -0.376      0.218      0.131
208.4000     -29979.299   -29988.457        9.158   367.1     -0.316      0.478     -0.880      0.022      0.512     -0.277
208.4500     -29979.673   -29988.256        8.583   344.1      0.885     -0.193      0.181      0.063      0.473     -0.113
208.5000     -29980.687   -29988.746        8.059   323.1      0.009     -0.936      0.220     -0.184      0.065     -0.369
208.5500     -29980.405   -29988.551        8.146   326.5     -0.597     -0.134     -0.444      0.408      0.168      0.593
208.6000     -29980.198   -29988.553        8.355   334.9     -0.282     -0.060     -1.075     -0.715     -0.475     -0.320
208.6500     -29980.122   -29988.818        8.697   348.6     -0.343     -0.644     -1.163     -0.041      0.010     -0.124
208.7000     -29980.149   -29988.926        8.776   351.8     -0.322     -0.672     -0.133      0.003     -0.295      0.130
208.7500     -29979.961   -29989.354        9.392   376.5     -0.057      0.198     -0.482      0.012     -0.086      0.159
208.8000     -29979.470   -29988.453        8.983   360.1      0.487     -0.422      0.150     -0.895     -0.087     -0.198
208.8500     -29979.524   -29987.787        8.263   331.2      0.036     -0.217     -0.538      0.532      0.370      0.055
208.9000     -29980.541   -29988.650        8.110   325.1     -0.054      1.811     -0.891     -0.092      0.211     -0.120
208.9500     -29980.303   -29988.787        8.484   340.1     -0.240     -1.934     -0.756      0.263     -0.310      0.427
209.0000     -29980.456   -29988.734        8.278   331.8     -0.386      0.124     -0.694      0.181     -0.013      0.310
209.0500     -29980.961   -29989.461        8.500   340.7      0.202     -0.115     -0.275      0.227      0.017     -0.321
209.1000     -29981.017   -29988.877        7.860   315.1     -0.320      0.332     -0.100     -0.111      0.069      0.181
209.1500     -29980.927   -29989.287        8.360   335.1     -0.436     -0.690     -0.782      0.382     -0.442      0.921
209.2000     -29981.310   -29989.477        8.167   327.4      0.542     -0.197     -0.510      0.037      0.147     -0.367
209.2500     -29981.460   -29989.316        7.856   314.9      0.186     -0.060      0.428     -0.255     -0.469      0.128
209.3000     -29982.250   -29989.613        7.364   295.2      0.037      0.558     -0.700     -0.472     -0.228     -0.386
209.3500     -29982.577   -29990.068        7.491   300.3      0.193     -0.705     -0.397      0.128     -0.170     -0.166
209.4000     -29981.830   -29989.520        7.690   308.2      0.079     -0.002     -0.238      0.278      0.480     -0.044
209.4500     -29981.610   -29988.861        7.251   290.7     -0.513     -0.199     -0.610     -0.040     -0.013     -0.237
209.5000     -29981.721   -29989.764        8.042   322.4     -0.844      0.395     -0.633      0.588     -0.088     -0.044
209.5500     -29981.752   -29990.062        8.311   333.1     -0.717     -0.656      0.306     -0.116     -0.134      0.095
209.6000     -29981.154   -29989.039        7.885   316.1     -0.319     -0.079     -0.836     -0.338     -0.075      0.047
209.6500     -29981.625   -29990.047        8.421   337.6     -0.288      0.375     -0.042      0.060     -0.298      0.164
209.7000     -29980.979   -29989.188        8.209   329.1      0.179      0.036     -1.036      0.400     -0.037      0.211
209.7500     -29981.252   -29989.484        8.233   330.0      0.308      0.570      0.269     -0.123      0.028     -0.096
209.8000     -29981.150   -29989.400        8.250   330.7      0.277     -1.000     -0.169      0.105      0.132      0.593
209.8500     -29981.531   -29989.543        8.012   321.2     -0.054     -0.491     -1.317     -0.166     -0.153      0.268
209.9000     -29980.968   -29988.689        7.721   309.5     -0.496     -0.440      0.050      0.280      0.021      0.025
209.9500     -29980.396   -29988.598        8.202   328.8     -1.160     -1.072     -0.614     -0.221      0.559     -0.133
210.0000     -29980.402   -29989.207        8.805   352.9     -0.550      0.021     -0.599     -0.024     -0.262      0.058
210.0500     -29979.227   -29989.066        9.839   394.4     -0.748     -0.830     -0.805      0.289     -0.310     -0.097
210.1000     -29978.890   -29987.570        8.680   348.0      0.100      0.119     -0.731      0.280      0.329      0.110
210.1500     -29978.884   -29988.479        9.595   384.6      0.893      0.733     -0.178      0.063     -0.468      0.307
210.2000     -29978.845   -29987.738        8.893   356.5      0.955      0.809      0.210     -0.182     -0.187      0.579
210.2500     -29978.405   -29987.207        8.802   352.8      0.232      0.852      0.922      0.606     -0.141      0.026
210.3000     -29978.597   -29987.062        8.466   339.3      0.085      0.485      0.424     -0.196      0.103      0.239
210.3500     -29978.375   -29987.617        9.242   370.5     -0.590     -0.119     -0.865     -0.096      0.549     -0.535
210.4000     -29978.883   -29987.562        8.679   347.9     -0.587      0.577      0.289      0.411     -0.305      0.420
210.4500     -29979.389   -29987.887        8.498   340.6      0.834     -0.380      0.694     -0.069     -0.101     -0.249
210.5000     -29979.229   -29987.953        8.724   349.7      0.306     -0.485      0.284      0.337     -0.070     -0.023
210.5500     -29978.909   -29987.398        8.489   340.3     -0.286      0.189     -0.085     -0.876      0.375      0.170
210.6000     -29978.667   -29987.811        9.144   366.5      0.433      0.161     -0.747     -0.697     -0.535     -0.428
210.6500     -29978.985   -29986.766        7.781   311.9     -0.718      0.419     -0.467     -0.129     -0.299     -0.112
210.7000     -29978.915   -29987.730        8.815   353.4      0.155      0.136     -1.754     -0.700     -0.645     -0.178
210.7500     -29979.207   -29987.719        8.512   341.2     -0.869     -0.387      0.058      0.228      0.165     -0.253
210.8000     -29979.641   -29988.420        8.779   351.9      0.037     -0.495     -1.044      0.493     -0.508     -0.394
210.8500     -29980.043   -29988.789        8.746   350.6     -0.477      0.105      0.010      0.721      0.207     -1.159
210.9000     -29980.064   -29987.830        7.766   311.3     -0.145      0.323     -0.403     -0.218     -0.532      0.109
210.9500     -29980.335   -29987.658        7.323   293.5      0.414      0.009     -0.473      0.665      0.008     -0.241
211.0000     -29980.711   -29988.449        7.738   310.2      0.086      0.776     -0.158     -0.012     -0.629      0.089
211.0500     -29980.833   -29988.639        7.806   312.9     -0.813      0.043     -0.510      0.111      0.433      0.025
211.1000     -29980.624   -29988.643        8.019   321.4      0.088     -0.229     -0.398     -0.007     -0.028     -0.019
211.1500     -29980.929   -29988.746        7.817   313.3     -0.269     -0.125      0.014     -0.085     -0.039     -0.351
211.2000     -29980.279   -29988.656        8.378   335.8     -0.586     -0.138     -0.390      0.027      0.341     -0.069
211.2500     -29979.906   -29987.629        7.723   309.6     -0.349     -0.065      0.241     -0.375     -0.471      0.160
211.3000     -29979.876   -29988.072        8.197   328.6      0.891      0.513      0.370      0.274      0.945      0.000
211.3500     -29980.186   -29987.922        7.736   310.1      0.098      1.227     -0.017     -0.067      0.159      0.028
211.4000     -29979.824   -29988.092        8.268   331.4     -0.584      0.121      0.121     -0.746     -0.205     -0.264
211.4500     -29979.923   -29987.820        7.897   316.6     -0.133      0.135      0.579     -0.283      0.096      0.142
211.5000     -29979.685   -29988.154        8.469   339.5     -0.414      1.084     -0.046     -0.506      0.287     -0.078
211.5500     -29979.640   -29988.578        8.939   358.3     -0.007      0.044      0.855      0.383      0.105     -0.779
211.6000     -29979.671   -29987.494        7.823   313.6     -0.372      0.456     -1.439      0.100      0.363     -0.654
211.6500     -29979.376   -29987.816        8.440   338.3      1.063      0.148      1.333     -0.143      0.334     -0.160
211.7000     -29979.480   -29988.018        8.538   342.2      0.502     -0.101     -0.076     -0.258     -0.256      0.218
211.7500     -29979.512   -29987.957        8.445   338.5     -1.912     -0.697     -0.737     -0.686     -0.339     -0.707
211.8000     -29979.366   -29988.061        8.695   348.5      1.007      0.890      0.409      0.199      0.782     -0.025
211.8500     -29979.532   -29988.062        8.531   341.9      0.045     -0.146      0.303     -0.658     -0.460     -0.555
211.9000     -29979.624   -29987.951        8.327   333.8     -0.371     -0.735     -0.012      0.309      0.148      0.383
211.9500     -29979.624   -29988.441        8.817   353.4     -0.642      0.017     -0.025      0.276      0.471      0.276
212.0000     -29979.432   -29987.705        8.273   331.6      0.011      0.199     -0.570      0.135     -0.325     -0.034
212.0500     -29979.198   -29988.385        9.187   368.3     -0.414     -0.437      0.157     -0.296      0.416     -0.121
212.1000     -29979.419   -29988.631        9.212   369.3     -0.693     -0.240     -0.075     -0.247     -0.393      0.307
212.1500     -29979.782   -29988.447        8.665   347.3     -0.684     -0.431      0.023      0.094     -0.130     -0.127
212.2000     -29980.640   -29988.535        7.896   316.5      0.141     -0.309      0.292     -0.489      0.016      0.407
212.2500     -29981.081   -29988.904        7.823   313.6      0.350      0.159     -1.006     -0.109     -0.261     -0.138
212.3000     -29981.018   -29988.801        7.783   312.0      0.214      0.576      0.495     -0.064      0.086      0.364
212.3500     -29980.716   -29988.770        8.053   322.8     -0.052      0.271     -0.294     -0.012     -0.190     -0.318
212.4000     -29980.824   -29988.688        7.864   315.2      0.049      0.266     -0.123      0.005     -0.398     -0.732
212.4500     -29980.725   -29988.838        8.113   325.2     -0.326     -0.384     -0.411      0.386      0.156     -0.240
212.5000     -29980.790   -29989.623        8.833   354.1      0.073     -0.169      0.515      0.471      0.216      0.445
212.5500     -29980.933   -29988.340        7.407   296.9     -0.287     -0.209      0.315     -0.685     -0.317     -0.309
212.6000     -29981.270   -29988.936        7.665   307.3      0.917      0.460      0.444     -0.114     -0.095      0.098
212.6500     -29980.557   -29988.730        8.174   327.6      0.441     -0.281     -0.353      0.046      0.469     -0.290
212.7000     -29980.389   -29988.494        8.105   324.9     -0.194     -0.439     -0.372      0.160      0.024     -0.149
212.7500     -29980.074   -29988.561        8.487   340.2      0.300      0.239      0.221     -0.071     -0.047      0.285
212.8000     -29980.046   -29988.291        8.245   330.5      0.336      0.258      0.094     -0.103     -0.230      0.208
212.8500     -29979.820   -29988.510        8.690   348.3      0.157     -0.303      0.289     -0.613     -0.130      0.110
212.9000     -29979.768   -29988.484        8.716   349.4     -0.672     -0.046     -0.136     -0.351     -0.114     -0.151
212.9500     -29979.530   -29988.938        9.407   377.1      0.661     -0.290      1.029      0.023     -0.416     -0.157
213.0000     -29979.727   -29987.953        8.226   329.7     -0.328     -0.874     -0.798     -0.075     -0.295     -0.511
213.0500     -29980.190   -29988.348        8.158   327.0      0.179     -0.476     -0.145      0.044     -0.327      0.073
213.1000     -29980.091   -29987.973        7.882   315.9     -0.500      0.001     -0.618      0.127      0.301      0.239
213.1500     -29980.070   -29988.088        8.017   321.4     -0.207     -0.544     -0.461      0.077     -0.103     -0.633
213.2000     -29980.580   -29988.965        8.385   336.1     -0.808     -0.479      0.642      0.173      0.355      0.004
213.2500     -29980.887   -29989.277        8.390   336.3     -0.226     -1.038      0.012      0.030     -0.148      0.004
213.3000     -29981.067   -29989.066        8.000   320.7     -0.493      0.074     -0.168     -0.397      0.195      0.531
213.3500     -29980.986   -29989.016        8.030   321.9     -0.800     -0.311      0.996      0.045      0.288     -0.734
213.4000     -29980.464   -29988.459        7.995   320.5      1.063      0.598      0.187      0.039      0.241     -0.154
213.4500     -29980.590   -29988.736        8.146   326.5     -0.184     -0.958     -0.415      0.112      0.131     -0.171
213.5000     -29980.664   -29988.363        7.699   308.6     -1.066     -0.683     -0.343      0.304      0.072      0.171
213.5500     -29980.173   -29988.566        8.393   336.4      0.122      0.125     -0.565     -0.202     -0.022      0.240
213.6000     -29980.330   -29988.250        7.920   317.5     -0.110     -0.109     -0.121     -0.563     -0.165     -0.027
213.6500     -29980.595   -29988.389        7.794   312.4      0.124     -0.012     -0.226      0.054     -0.074      0.414
213.7000     -29980.216   -29987.787        7.571   303.5      0.023      0.270      0.901     -0.018     -0.287      0.188
213.7500     -29980.324   -29988.648        8.324   333.7     -0.440     -0.610     -0.391      0.211     -0.091      0.142
213.8000     -29980.547   -29988.258        7.711   309.1     -0.366     -0.494      0.122     -0.423     -0.087      0.050
213.8500     -29979.772   -29988.488        8.716   349.4     -0.135      0.443     -0.345     -0.147      0.322      0.280
213.9000     -29979.847   -29988.539        8.692   348.4     -1.266     -0.278     -0.497      0.496     -0.060      0.379
213.9500     -29979.983   -29988.166        8.183   328.0      0.513      0.038      0.233     -0.037      0.312     -0.039
214.0000     -29979.924   -29988.004        8.080   323.9     -0.914      0.816     -0.340     -0.328     -0.193     -0.126
214.0500     -29979.775   -29987.674        7.899   316.6      0.304      0.175      0.774      0.447      0.061     -0.512
214.1000     -29979.081   -29987.238        8.157   327.0     -0.833     -0.434     -0.024     -0.241     -0.223     -0.100
214.1500     -29978.820   -29987.076        8.256   330.9     -0.519     -1.114     -0.588     -0.066      0.125     -0.440
214.2000     -29978.789   -29987.453        8.664   347.3     -0.718     -0.083     -0.637     -0.097     -0.151     -0.180
214.2500     -29979.099   -29988.189        9.090   364.4     -0.183      0.623      0.508     -0.551      0.002     -0.073
214.3000     -29978.500   -29987.895        9.394   376.6      0.032     -0.007     -0.996      0.568      0.270      0.370
214.3500     -29979.424   -29988.125        8.701   348.8     -0.583     -0.793     -0.519     -0.309      0.798     -0.188
214.4000     -29979.382   -29987.639        8.257   331.0     -0.437     -0.097      0.470     -0.519      0.502      0.106
214.4500     -29980.319   -29988.723        8.403   336.8     -0.494      0.897      0.395      0.377      0.241      0.296
214.5000     -29980.102   -29988.160        8.058   323.0      0.597      0.863     -0.401     -0.095      0.222      0.026
214.5500     -29980.322   -29988.875        8.553   342.8     -0.457     -0.805     -0.819      0.239      0.142     -0.245
214.6000     -29980.119   -29988.984        8.866   355.4      0.032     -0.023     -0.060      0.159     -0.109      0.294
214.6500     -29979.712   -29988.479        8.767   351.4     -0.287     -0.274     -1.246      0.393     -0.245      0.439
214.7000     -29979.834   -29988.049        8.215   329.3     -1.025     -1.001      0.259     -0.123      0.260      0.073
214.7500     -29980.353   -29988.262        7.909   317.0      0.340     -0.267     -0.919      0.807     -0.278      0.082
214.8000     -29980.381   -29988.727        8.346   334.5     -1.243     -0.915     -0.200     -0.167      0.287     -0.166
214.8500     -29980.330   -29989.254        8.923   357.7      0.134      0.218      0.033      0.662     -0.131      0.457
214.9000     -29980.027   -29988.725        8.698   348.7     -0.848     -0.807     -0.719     -0.107     -0.025     -0.403
214.9500     -29980.321   -29988.752        8.431   337.9      0.644      0.519      0.035     -0.063      0.323      0.311
215.0000     -29979.980   -29989.346        9.366   375.4      0.288     -0.231      0.506     -0.326     -0.113     -0.221
215.0500     -29980.167   -29988.623        8.456   339.0     -2.020     -1.439      0.525      0.604      0.632      0.764
215.1000     -29980.858   -29989.555        8.696   348.6      0.103     -0.585     -0.661     -0.031     -0.453      0.226
215.1500     -29981.167   -29988.984        7.817   313.4     -0.600     -0.097      0.790      0.099     -0.003      0.047
215.2000     -29980.352   -29989.006        8.654   346.9      0.017     -0.035     -0.507     -0.217     -0.169      0.487
215.2500     -29980.642   -29988.986        8.345   334.5      0.231     -0.091     -0.047      0.056      0.193      0.059
215.3000     -29980.914   -29989.305        8.390   336.3     -0.001     -0.451      0.352      0.135      0.234     -0.476
215.3500     -29980.842   -29989.707        8.865   355.4     -1.143     -0.462     -0.462      0.418      0.223     -0.265
215.4000     -29981.146   -29989.426        8.279   331.9     -1.132     -0.389     -0.311     -0.527     -0.250      0.273
215.4500     -29981.357   -29989.521        8.165   327.3      0.409      0.101     -0.666      0.159      0.524     -0.380
215.5000     -29981.629   -29989.609        7.980   319.9     -0.287      0.213      0.744     -0.267     -0.178     -0.369
215.5500     -29981.354   -29989.496        8.142   326.4      0.270     -0.196     -0.513      0.217      0.183      0.031
215.6000     -29981.431   -29989.117        7.686   308.1      0.413     -0.099      0.180     -0.344     -0.287      0.243
215.6500     -29981.901   -29990.145        8.243   330.4     -1.037     -0.513      0.200     -0.572      0.440     -0.059
215.7000     -29982.411   -29989.547        7.136   286.0     -0.386     -0.328     -0.387      0.114      0.402      0.529
215.7500     -29982.260   -29989.752        7.492   300.3     -1.133     -0.832     -0.643      0.007     -0.051      0.182
215.8000     -29982.264   -29989.730        7.466   299.3     -0.453     -0.554     -0.468      0.456      0.268     -0.329
215.8500     -29982.227   -29989.605        7.379   295.8      0.214      0.086      0.702     -0.015      0.605      0.765
215.9000     -29981.772   -29989.865        8.093   324.4     -0.842     -0.277      0.171     -0.535     -0.187     -0.527
215.9500     -29981.510   -29989.535        8.025   321.7      0.782     -0.903      0.182     -0.013     -0.194      0.207
216.0000     -29981.867   -29989.104        7.237   290.1     -0.300     -0.679     -0.566      0.051      0.432      0.111
216.0500     -29981.745   -29989.348        7.602   304.7     -0.230     -0.264     -0.201      0.233     -0.023      0.176
216.1000     -29981.639   -29989.016        7.377   295.7      0.250      0.696      0.603      0.036      0.306     -0.124
216.1500     -29981.562   -29989.127        7.565   303.2      0.193      0.412      0.285     -0.108      0.056     -0.328
216.2000     -29981.493   -29989.303        7.810   313.0      0.681     -0.384      0.335     -0.450     -0.082      0.792
216.2500     -29981.474   -29989.283        7.810   313.0     -0.540     -1.121     -0.302     -0.134     -0.003      0.385
216.3000     -29981.178   -29989.711        8.533   342.0      0.303     -0.012     -0.395      0.037      0.424     -0.277
216.3500     -29981.752   -29989.334        7.582   303.9     -0.107      0.159      0.103      0.150     -0.069      0.096
216.4000     -29981.384   -29989.188        7.804   312.8      0.239      0.291      0.707      0.151      0.299      0.020
216.4500     -29980.954   -29989.736        8.782   352.0     -0.041     -0.367      0.415     -0.518      0.311     -0.075
216.5000     -29980.819   -29988.805        7.986   320.1     -0.461      0.058      0.904      0.252     -0.395     -0.522
216.5500     -29980.797   -29989.125        8.328   333.8      1.162     -0.866     -0.110      0.070      0.204      0.025
216.6000     -29981.017   -29989.373        8.356   335.0     -0.657     -0.699      0.280     -0.064     -0.169     -0.212
216.6500     -29980.457   -29989.145        8.688   348.2     -0.659      0.289     -0.313      0.324     -0.345      0.070
216.7000     -29980.161   -29988.514        8.352   334.8     -0.744      1.154     -0.537      0.357      0.212     -0.972
216.7500     -29980.351   -29988.715        8.364   335.3      0.438      0.405      0.573     -0.267     -0.234     -0.052
216.8000     -29980.947   -29988.988        8.042   322.3      0.749      0.536      0.900     -0.237      0.446      0.627
216.8500     -29981.185   -29989.875        8.690   348.3     -0.271      1.029     -0.106      0.035     -0.293     -0.289
216.9000     -29981.213   -29989.193        7.980   319.9      0.350      0.047      0.121      0.026     -0.657      0.106
216.9500     -29981.213   -29989.803        8.589   344.3      0.219     -0.222      0.657     -0.197      0.531     -0.173
217.0000     -29980.883   -29989.738        8.855   355.0     -0.779      0.318     -1.043      0.041      0.167     -0.111
217.0500     -29980.915   -29988.781        7.866   315.3     -0.839     -0.401     -0.002     -0.206     -0.212     -0.298
217.1000     -29981.144   -29989.551        8.407   337.0     -0.752      0.042     -0.431      0.148     -0.160     -0.013
217.1500     -29980.856   -29989.016        8.159   327.1     -0.779      0.086     -0.380      0.009     -0.271      0.342
217.2000     -29981.060   -29989.121        8.061   323.1      0.096     -0.667     -1.281      0.468      0.149     -0.611
217.2500     -29981.106   -29988.777        7.672   307.5      0.168     -0.217     -0.038     -0.441      0.353     -0.188
217.3000     -29981.138   -29989.619        8.481   340.0      0.301     -0.014      0.185      0.400      0.918     -0.134
217.3500     -29980.943   -29989.545        8.602   344.8     -0.503     -0.611     -0.590     -0.351     -0.126      0.209
217.4000     -29980.710   -29988.965        8.255   330.9      0.108      0.042      0.132     -0.063      0.153     -0.137
217.4500     -29980.396   -29988.449        8.053   322.8     -1.348      0.351     -0.007     -0.163     -0.209      0.256
217.5000     -29980.370   -29988.688        8.317   333.4     -0.850     -0.404     -1.151      0.499      0.094     -0.183
217.5500     -29980.966   -29988.539        7.573   303.6     -0.039      0.276      0.601     -0.401     -0.443     -0.353
217.6000     -29980.872   -29988.406        7.535   302.0      0.624     -0.650      0.224     -0.024      0.326     -0.373
217.6500     -29980.589   -29988.105        7.516   301.3     -0.185      0.167     -0.454     -0.092      0.300     -0.362
217.7000     -29980.999   -29988.930        7.931   317.9      0.999     -0.295      0.326     -0.267      0.206     -0.120
217.7500     -29980.690   -29988.982        8.292   332.4     -0.325      0.202      0.388      0.123     -0.530     -0.339
217.8000     -29980.396   -29988.594        8.198   328.6     -0.343     -0.137     -0.557      0.257      0.226     -0.527
217.8500     -29980.322   -29989.117        8.795   352.6      0.016     -0.275      0.056     -0.171      0.586      0.168
217.9000     -29980.479   -29988.734        8.255   330.9     -0.732      0.039      0.738     -0.285      0.102     -0.381
217.9500     -29980.422   -29988.861        8.439   338.3      0.385      0.640     -0.264     -0.145      0.003      0.633
218.0000     -29980.427   -29988.641        8.214   329.3     -0.594     -0.836      0.165     -0.417      0.250     -0.267
218.0500     -29980.325   -29988.664        8.340   334.3      1.360     -0.490     -0.093      0.327      0.712     -0.146
218.1000     -29980.700   -29988.354        7.653   306.8      0.313     -0.185      0.510     -0.523      0.577     -0.101
218.1500     -29981.299   -29989.023        7.725   309.6     -0.120     -0.212      0.040     -0.192      0.514      0.074
218.2000     -29981.274   -29989.203        7.929   317.8      0.182     -0.360     -0.020      0.134     -0.530      0.081
218.2500     -29980.925   -29988.561        7.635   306.1     -1.155     -0.931     -0.409     -0.097      0.108      0.087
218.3000     -29980.976   -29989.123        8.147   326.6      0.651     -0.394     -0.030     -0.080      0.022      0.407
218.3500     -29981.152   -29989.406        8.254   330.9     -0.711      0.739     -0.164     -0.133     -0.147     -0.416
218.4000     -29980.981   -29989.514        8.533   342.0      0.781      0.255     -0.385     -0.014      0.410     -0.023
218.4500     -29980.849   -29989.236        8.388   336.2      0.094      0.602      0.141     -0.035      0.038      0.330
218.5000     -29980.930   -29989.119        8.189   328.3     -0.416     -0.661     -0.284      0.109      0.099      0.141
218.5500     -29980.816   -29989.189        8.373   335.6      0.233      0.547      0.229      0.381      0.034      0.281
218.6000     -29980.976   -29989.361        8.385   336.1      0.213      0.229     -0.405     -0.281      0.429     -0.206
218.6500     -29981.009   -29988.855        7.847   314.5      0.249      0.018      0.746      0.236      0.546      0.337
218.7000     -29980.812   -29989.297        8.485   340.1      0.354      0.029     -0.807     -0.216      0.004      0.082
218.7500     -29981.209   -29989.004        7.795   312.4     -0.096     -0.103      0.479     -0.010      0.294     -0.078
218.8000     -29981.096   -29989.076        7.981   319.9     -0.186      0.701     -0.033     -0.347     -0.219      0.027
218.8500     -29980.823   -29988.889        8.066   323.3      1.155     -0.867      0.785      0.085      0.235     -0.413
218.9000     -29980.843   -29988.535        7.692   308.3     -0.342     -0.055     -0.349      0.038      0.372     -0.364
218.9500     -29980.823   -29988.895        8.072   323.6     -0.234     -0.048      0.036     -0.098      0.551     -0.219
219.0000     -29981.132   -29988.719        7.587   304.1      0.509      0.110      0.229     -0.165      0.259     -0.350
219.0500     -29980.615   -29988.795        8.180   327.9      0.212      0.747      0.030     -0.416     -0.063      0.215
219.1000     -29980.874   -29988.742        7.868   315.4     -0.403      0.798     -0.140      0.338     -0.497     -0.282
219.1500     -29981.336   -29989.246        7.911   317.1      0.313      0.116      0.473     -0.087      0.331     -0.136
219.2000     -29981.542   -29989.289        7.747   310.5     -0.233     -0.126     -0.458     -0.076     -0.518      0.205
219.2500     -29981.366   -29989.539        8.173   327.6     -0.074     -0.018      0.432      0.399      0.399     -0.158
219.3000     -29981.697   -29988.938        7.240   290.2      0.207      0.381      0.716      0.031     -0.366     -0.438
219.3500     -29981.914   -29989.201        7.287   292.1      0.076      0.936      0.659     -0.437     -0.553     -0.093
219.4000     -29981.225   -29989.771        8.547   342.6     -0.248      0.656      0.123      0.131      0.313     -0.556
219.4500     -29981.312   -29989.248        7.937   318.1     -0.257     -0.610     -0.674     -0.259     -0.190      0.063
219.5000     -29981.794   -29989.219        7.424   297.6     -0.952      0.375     -0.597      0.197     -0.080      0.056
219.5500     -29981.693   -29989.889        8.196   328.5      0.305      0.024      0.158      0.001      0.486     -0.220
219.6000     -29981.934   -29989.516        7.581   303.9      0.083     -0.558     -0.676     -0.231     -0.416      0.394
219.6500     -29982.021   -29990.043        8.022   321.6     -0.006      0.381     -0.229      0.254      0.051     -0.497
219.7000     -29981.527   -29989.898        8.371   335.6     -0.027      0.335     -0.103      0.094     -0.322      0.029
219.7500     -29981.642   -29989.461        7.819   313.4      0.255     -0.258      0.353     -0.226      0.347      0.235
219.8000     -29981.772   -29989.545        7.772   311.6      0.083      0.699      0.293     -0.020      0.336     -0.035
219.8500     -29981.265   -29989.141        7.875   315.7      0.161     -0.057      0.726      0.493     -0.396      0.275
219.9000     -29980.923   -29989.426        8.503   340.8      0.476     -0.441     -0.220      0.105      0.260      0.148
219.9500     -29980.561   -29989.135        8.574   343.7     -0.203      0.210      0.332     -0.176      0.009     -0.518
220.0000     -29980.982   -29988.932        7.950   318.7      0.209      0.632     -0.481      0.235      0.578     -0.558
220.0500     -29980.639   -29989.615        8.976   359.8     -0.548     -0.909     -1.238     -0.290      0.271     -0.201
220.1000     -29980.541   -29988.807        8.265   331.3     -0.144     -0.406     -0.032      0.484      0.110      0.087
220.1500     -29980.384   -29989.457        9.073   363.7     -1.060      0.345     -0.199     -0.290     -0.178     -0.126
220.2000     -29981.076   -29989.543        8.467   339.4     -0.155      0.736     -0.563     -0.138      0.063      0.607
220.2500     -29980.336   -29988.508        8.171   327.5     -0.392     -0.826     -0.394     -0.009     -0.159     -0.245
220.3000     -29980.440   -29988.580        8.140   326.3     -0.411      0.778     -0.637     -0.077      0.274      0.470
220.3500     -29980.261   -29988.398        8.137   326.2      0.651     -0.329      0.552     -0.621     -0.494      0.059
220.4000     -29980.328   -29988.057        7.729   309.8     -1.191      0.081      0.559      0.265     -0.111      0.145
220.4500     -29980.105   -29987.965        7.860   315.1      0.276      0.202     -0.849     -0.027      0.186     -0.060
220.5000     -29979.763   -29988.365        8.603   344.8     -0.763      0.438     -0.558     -0.437     -0.432      0.128
220.5500     -29979.411   -29987.922        8.511   341.2      1.080      0.431      0.349     -0.137     -0.327     -0.340
220.6000     -29979.104   -29988.590        9.486   380.2      0.642      1.122     -0.077      0.061     -0.192      0.234
220.6500     -29978.857   -29988.043        9.186   368.2      0.474     -0.228      0.423     -0.225     -0.328     -0.121
220.7000     -29978.371   -29987.801        9.430   378.0      0.304     -0.395     -0.488     -0.175      0.461      0.107
220.7500     -29979.015   -29988.121        9.106   365.0     -0.541      0.076      0.236     -0.091     -0.434     -0.472
220.8000     -29978.821   -29988.678        9.857   395.1     -0.564      0.181     -0.124      0.100     -0.297      0.360
220.8500     -29979.204   -29987.930        8.726   349.8     -0.408     -0.540     -0.754     -0.067      0.703     -0.401
220.9000     -29979.434   -29988.076        8.642   346.4      0.649      0.777     -0.057      0.118     -0.603      0.212
220.9500     -29979.172   -29987.793        8.621   345.6     -0.466     -0.256      0.315      0.070     -0.338     -0.202
221.0000     -29979.971   -29988.699        8.728   349.9      0.271      0.136      0.581      0.707      0.152      0.022
221.0500     -29980.529   -29988.396        7.868   315.4     -0.176     -0.232      0.222     -0.373      0.935      0.513
221.1000     -29980.480   -29988.609        8.130   325.9      1.002      0.558     -0.363     -0.188     -0.379      0.095
221.1500     -29979.886   -29988.844        8.958   359.1     -1.557      0.024     -0.135      0.469     -0.040     -0.673
221.2000     -29980.120   -29988.260        8.140   326.3      0.722     -0.445     -0.311     -0.319     -0.553      0.513
221.2500     -29980.545   -29988.490        7.945   318.5     -0.697     -0.180      0.298      0.708      0.880      0.067
221.3000     -29980.740   -29988.566        7.826   313.7      0.222     -0.624     -1.089      0.007     -0.083     -0.394
221.3500     -29980.900   -29988.637        7.737   310.1     -0.743     -0.582      0.238     -0.097      0.509      0.270
221.4000     -29980.868   -29989.434        8.566   343.4      0.027     -0.679     -0.445      0.062     -0.076     -0.147
221.4500     -29981.003   -29988.842        7.839   314.2     -0.222     -0.495     -0.056      0.326     -0.232     -0.157
221.5000     -29981.056   -29989.670        8.614   345.3     -0.983      0.115     -0.843      0.221      0.323     -0.261
221.5500     -29981.652   -29989.162        7.510   301.0      0.556     -0.972      0.111     -0.210      0.345     -0.184
221.6000     -29981.496   -29989.336        7.840   314.3      0.243     -0.008      0.675      0.030     -0.132      0.130
221.6500     -29981.049   -29989.115        8.067   323.3      0.129      0.535     -0.444     -0.262     -0.386     -0.600
221.7000     -29981.336   -29988.973        7.636   306.1      0.480      0.129     -0.037      0.323     -0.131      0.516
221.7500     -29981.225   -29989.682        8.457   339.0     -0.610      0.149     -0.852     -0.457      0.175      0.086
221.8000     -29981.307   -29989.211        7.903   316.8      0.153      0.894      0.367      0.563     -0.445     -0.082
221.8500     -29981.143   -29989.133        7.990   320.3      0.197      0.647      0.716      0.492      0.016      0.036
221.9000     -29981.153   -29989.387        8.234   330.1     -0.003     -0.467      0.585     -0.487      0.021      0.105
221.9500     -29980.946   -29988.875        7.929   317.8      0.878      0.235     -0.913      0.169     -0.022      0.634
222.0000     -29981.204   -29989.416        8.212   329.2      0.472     -0.087      0.266      0.577      0.110     -0.262
222.0500     -29980.847   -29989.211        8.364   335.3     -0.162      0.111     -0.192     -0.339      0.287      0.166
222.1000     -29980.568   -29988.477        7.909   317.0      0.620      0.633      0.108     -0.324     -0.064     -0.147
222.1500     -29980.755   -29988.680        7.925   317.7     -0.060     -0.726     -0.355     -0.223      0.011     -0.173
222.2000     -29980.561   -29988.941        8.381   335.9     -0.854      0.577     -0.244     -0.314     -0.278     -0.211
222.2500     -29980.540   -29989.424        8.884   356.1      0.565      0.376     -0.881      0.069      0.441     -0.023
222.3000     -29980.235   -29989.283        9.049   362.7     -0.217     -0.849     -0.692     -0.467     -0.039      0.003
222.3500     -29979.764   -29988.270        8.506   341.0     -0.498     -0.591     -0.428      0.428      0.695      0.087
222.4000     -29980.466   -29988.791        8.325   333.7      0.178      0.143     -0.755     -0.224     -0.577      0.261
222.4500     -29980.853   -29989.787        8.934   358.1      0.533      0.340      0.334      0.740      0.049      0.135
222.5000     -29980.929   -29989.334        8.405   336.9      0.434      0.158     -0.476     -0.786      0.297     -0.084
222.5500     -29981.162   -29989.129        7.967   319.3     -0.724     -0.200     -0.435     -0.295     -0.087     -0.437
222.6000     -29981.759   -29989.680        7.921   317.5     -0.430     -1.071     -1.222      0.151     -0.312     -0.601
222.6500     -29981.253   -29989.195        7.942   318.4     -0.703     -0.181     -0.862     -0.043      0.576      0.052
222.7000     -29981.049   -29989.330        8.281   331.9      0.730      0.116     -0.726     -0.180      0.095      0.110
222.7500     -29981.645   -29989.719        8.074   323.6     -0.169      0.292     -0.486     -0.609      0.584      0.404
222.8000     -29981.445   -29989.750        8.305   332.9     -0.834     -0.224     -0.029     -0.522      0.330     -0.460
222.8500     -29981.488   -29990.314        8.827   353.8      0.576     -0.005     -0.644     -0.532     -0.146     -0.373
222.9000     -29982.020   -29989.844        7.824   313.6     -0.590     -0.013     -0.402      0.178      0.389     -0.076
222.9500     -29981.860   -29989.428        7.568   303.4      0.229     -0.017     -0.130     -0.647     -0.134      0.212
223.0000     -29981.611   -29989.881        8.269   331.5     -0.338     -0.385     -1.014      0.044      0.310     -0.371
223.0500     -29981.288   -29988.678        7.390   296.2      0.083      0.285     -0.819      0.195      0.390      0.236
223.1000     -29981.155   -29989.695        8.540   342.3     -0.067     -0.661     -0.450      0.125     -0.147      0.183
223.1500     -29981.142   -29989.201        8.059   323.0     -0.169     -0.378      0.183     -0.288      0.621     -0.332
223.2000     -29981.343   -29989.299        7.955   318.9      0.253      0.027      0.059      0.309      0.184     -0.650
223.2500     -29980.826   -29989.486        8.661   347.2      0.157      0.720      0.284      0.012      0.258      0.163
223.3000     -29980.323   -29988.652        8.329   333.9      0.241      0.410      0.542      0.333      0.415     -0.919
223.3500     -29980.555   -29988.689        8.134   326.1      0.112      0.264      0.480      0.107      0.722     -0.488
223.4000     -29980.730   -29988.713        7.983   320.0      0.720     -0.311     -0.255      0.225     -0.177      0.307
223.4500     -29981.130   -29989.148        8.019   321.4     -0.093     -0.052      0.614     -0.078      0.277     -0.324
223.5000     -29981.557   -29989.434        7.876   315.7      0.705      0.587      0.289      0.218      0.125      0.102
223.5500     -29981.824   -29989.596        7.772   311.5      0.538      0.026      0.301     -0.093      0.524     -0.216
223.6000     -29981.553   -29989.717        8.164   327.3     -1.853     -0.252     -0.116      0.483     -0.034      0.409
223.6500     -29981.551   -29989.715        8.164   327.2     -0.358     -0.196     -0.753      0.026      0.070     -0.122
223.7000     -29981.621   -29989.586        7.965   319.3     -0.613      0.107     -0.614      0.225     -0.761     -0.386
223.7500     -29981.130   -29989.451        8.322   333.6     -0.349     -0.539     -0.025      0.265      0.280      0.632
223.8000     -29981.459   -29989.533        8.074   323.6      0.574     -0.094     -0.135      0.158     -0.313     -0.258
223.8500     -29980.997   -29989.549        8.552   342.8      0.663     -0.882     -0.513      0.029      0.373      0.190
223.9000     -29980.970   -29989.365        8.396   336.5     -0.533     -0.308      0.629     -0.458     -0.042     -0.326
223.9500     -29981.324   -29989.234        7.910   317.1     -0.124      0.272     -0.027      0.075     -0.070     -0.024
224.0000     -29981.545   -29990.119        8.574   343.7      0.404     -0.708      0.378     -0.699     -0.238      0.825
224.0500     -29981.260   -29989.680        8.420   337.5     -0.429     -0.455     -0.016     -0.287     -0.070      0.115
224.1000     -29981.348   -29989.332        7.984   320.0     -0.436      0.663     -0.008     -0.217     -0.296     -0.317
224.1500     -29981.282   -29988.799        7.517   301.3      0.552     -0.433      0.258      0.603      0.457      0.071
224.2000     -29981.754   -29988.891        7.137   286.1     -0.276      0.505      0.277      0.187      0.012     -0.383
224.2500     -29981.392   -29989.385        7.993   320.4      0.318     -0.618      0.329     -0.599     -0.300      0.430
224.3000     -29981.202   -29989.129        7.927   317.7     -1.107     -0.580      0.370      0.218      0.133     -0.358
224.3500     -29980.945   -29989.113        8.168   327.4      0.283     -0.547     -0.849     -0.519     -0.074      0.240
224.4000     -29980.853   -29989.016        8.163   327.2     -0.129     -0.455      0.769      0.096     -0.021     -0.149
224.4500     -29980.842   -29989.193        8.351   334.8     -0.003     -0.812     -0.091     -0.512     -0.074     -0.593
224.5000     -29980.513   -29989.020        8.507   341.0     -0.647     -0.145     -0.501     -0.015     -0.237      0.174
224.5500     -29980.729   -29988.852        8.123   325.6      0.518      0.302      0.859     -0.263     -0.356      0.008
224.6000     -29980.992   -29989.088        8.096   324.5      0.180      0.578      0.134     -0.977      0.000     -0.371
224.6500     -29981.295   -29989.250        7.955   318.9      0.676     -0.247     -0.159      0.049     -0.013      0.048
224.7000     -29981.399   -29989.535        8.136   326.1      0.150     -0.345      0.375     -0.197     -0.107      0.403
224.7500     -29981.379   -29989.236        7.857   314.9      0.674     -0.254      0.163      0.316     -0.324     -0.458
224.8000     -29980.990   -29989.018        8.028   321.8      0.218      0.265      1.398     -0.171     -0.251     -0.064
224.8500     -29980.796   -29988.805        8.009   321.0      0.466     -1.357     -0.920      0.361      0.352     -0.024
224.9000     -29980.747   -29989.029        8.282   332.0      0.736     -0.000      1.056      0.281      0.230     -0.580
224.9500     -29980.919   -29988.994        8.075   323.7      0.048     -0.062      0.319      0.252     -0.597     -0.146
225.0000     -29980.859   -29989.023        8.165   327.3     -0.141     -0.294      0.271     -0.176     -0.353     -0.463
225.0500     -29981.433   -29989.537        8.104   324.9      0.430      0.330      0.229      0.468      0.082      0.356
225.1000     -29981.498   -29989.521        8.023   321.6     -0.655     -0.465     -0.082     -0.413      0.325     -0.126
225.1500     -29981.169   -29990.125        8.956   359.0      0.049      0.034      0.301     -0.194      0.354      0.590
225.2000     -29981.358   -29989.994        8.636   346.2      0.011     -0.259     -0.769      0.284     -0.869      0.371
225.2500     -29981.922   -29989.594        7.672   307.5      0.023     -0.008      0.558      0.203      0.184     -0.468
225.3000     -29981.919   -29989.779        7.861   315.1      0.202      1.011      0.266     -0.566     -0.126      0.193
225.3500     -29981.759   -29990.223        8.464   339.3     -0.062     -0.128     -0.595      0.055      0.572     -0.335
225.4000     -29981.599   -29990.139        8.539   342.3      0.461      0.133      1.263     -0.040     -0.088     -0.153
225.4500     -29981.383   -29989.125        7.742   310.3      0.354      0.333     -0.039     -0.172     -0.410     -0.324
225.5000     -29981.149   -29990.141        8.992   360.4      0.230      0.382     -0.052     -0.048     -0.604      0.203
225.5500     -29981.426   -29989.676        8.250   330.7      0.335     -0.533      0.223      0.288     -0.426     -0.735
225.6000     -29981.598   -29990.082        8.484   340.1     -0.458      0.083     -0.432      0.051      0.133      0.479
225.6500     -29981.595   -29989.945        8.350   334.7     -0.388     -0.926     -0.805      0.381      0.466     -0.505
225.7000     -29981.441   -29989.201        7.760   311.1     -0.143     -0.060      0.262      0.059      0.172      0.778
225.7500     -29981.400   -29989.553        8.152   326.8      0.025     -0.262     -0.145      0.114      0.224     -0.379
225.8000     -29981.285   -29988.457        7.172   287.5      0.022     -0.009      0.169     -0.386      0.362      0.115
225.8500     -29981.517   -29989.387        7.869   315.4     -0.402     -0.988     -0.563     -0.283      0.139     -0.427
225.9000     -29981.289   -29990.096        8.806   353.0     -0.283     -0.610      0.405      0.301     -0.569      0.427
225.9500     -29981.191   -29990.160        8.969   359.5     -0.893     -0.943     -0.260     -0.989     -0.267      0.005
226.0000     -29981.828   -29989.473        7.645   306.5      0.770     -0.058     -0.308     -0.029     -0.141      0.053
226.0500     -29982.247   -29989.898        7.652   306.7     -0.296     -0.408     -0.113     -0.085     -0.232     -0.507
226.1000     -29981.977   -29989.881        7.904   316.8     -0.333     -1.041     -0.150     -0.209      0.010      0.122
226.1500     -29982.121   -29989.330        7.209   289.0     -0.316      0.797      0.293     -0.144      0.109     -0.012
226.2000     -29982.216   -29990.764        8.548   342.6      0.396     -0.136     -0.747      0.393      0.050      0.459
226.2500     -29982.752   -29990.160        7.408   296.9      0.059     -0.619      0.040     -0.330     -0.024     -0.286
226.3000     -29982.304   -29989.713        7.409   297.0      0.923      0.006      0.123      0.441     -0.399      0.207
226.3500     -29982.380   -29989.543        7.163   287.1      0.916      1.178      0.502      0.154     -0.493     -0.044
226.4000     -29981.946   -29990.711        8.765   351.3      0.615      0.355      0.835     -0.099      0.279     -0.076
226.4500     -29981.774   -29989.570        7.796   312.5     -0.192     -0.436      0.167     -0.293     -0.386     -0.104
226.5000     -29982.015   -29990.391        8.375   335.7      0.358      0.325      0.320     -0.108     -0.071      0.415
226.5500     -29982.058   -29990.023        7.966   319.3      0.500     -0.382      0.291     -0.347      0.169      0.206
226.6000     -29982.557   -29990.469        7.912   317.1     -1.057     -1.412     -0.746      0.298     -0.404     -0.243
226.6500     -29981.953   -29990.057        8.104   324.8      0.478      0.418     -0.465     -0.122     -0.124     -0.800
226.7000     -29982.021   -29990.801        8.780   352.0      0.238      0.327      0.421     -0.198      0.406     -0.142
226.7500     -29981.619   -29989.719        8.100   324.7     -0.547     -0.387     -1.094     -0.236      0.283     -0.059
226.8000     -29981.711   -29989.842        8.131   325.9      0.391     -0.530      0.011      0.100     -0.842      0.131
226.8500     -29981.466   -29989.539        8.073   323.6      0.184     -0.064      0.390      0.329     -0.409      0.801
226.9000     -29980.999   -29989.273        8.274   331.7      0.032      0.969      0.421     -0.277      0.048      0.063
226.9500     -29980.780   -29989.398        8.618   345.5     -0.563     -0.072      0.711     -0.300     -0.390     -0.500
227.0000     -29981.080   -29988.619        7.539   302.2     -0.017      0.225     -1.084     -0.118     -0.204      0.821
227.0500     -29980.869   -29988.910        8.041   322.3     -0.126      0.012     -0.755     -0.292      0.523     -0.433
227.1000     -29980.690   -29989.020        8.330   333.9     -0.212     -0.258     -0.232      0.057     -0.355      0.075
227.1500     -29980.940   -29989.238        8.298   332.6      0.015      0.094     -0.730      0.240     -0.109     -0.110
227.2000     -29981.074   -29989.264        8.190   328.3     -0.248     -0.483      0.058     -0.010     -0.576      0.283
227.2500     -29981.141   -29989.207        8.066   323.3      0.932      0.550      0.066      0.078      0.167     -0.247
227.3000     -29980.799   -29989.350        8.551   342.8     -0.009      0.728      0.555     -0.052      0.081      0.572
227.3500     -29981.065   -29989.395        8.330   333.9      0.669      0.615      0.236      0.215      0.395      0.172
227.4000     -29981.563   -29989.057        7.493   300.4     -0.467     -1.371     -0.225     -0.020      0.030     -0.495
227.4500     -29981.520   -29988.898        7.379   295.8     -0.038      0.310     -1.299     -0.104     -0.012      0.178
227.5000     -29981.493   -29989.193        7.700   308.7      0.738      1.250      0.655      0.279     -0.189      0.066
227.5500     -29981.525   -29988.885        7.360   295.0      0.002     -0.802     -0.480     -0.208      0.623     -0.587
227.6000     -29981.597   -29988.949        7.352   294.7      0.943      0.278      0.209      0.150      0.350      0.054
227.6500     -29981.733   -29989.199        7.466   299.3      0.337     -0.108      0.579      0.459     -0.129      0.060
227.7000     -29981.324   -29989.576        8.252   330.8      1.144     -0.302      0.187      0.187      0.450     -0.073
227.7500     -29981.292   -29989.453        8.161   327.1      0.016      0.503      0.142      0.314     -0.046      0.059
227.8000     -29981.427   -29989.533        8.107   325.0     -0.144     -0.771     -0.477      0.246     -0.359     -0.166
227.8500     -29981.319   -29989.229        7.909   317.0     -0.083      0.135      0.121     -0.172     -0.133      0.292
227.9000     -29981.397   -29989.207        7.810   313.1      0.812      0.154     -0.625     -0.232      0.034     -0.198
227.9500     -29981.050   -29989.377        8.327   333.8     -0.372     -0.186      0.318      0.120     -0.438     -0.113
228.0000     -29980.831   -29988.830        7.999   320.7      0.946     -0.184     -0.223     -0.348      0.047      0.053
228.0500     -29981.305   -29989.508        8.203   328.8     -0.429     -0.556      0.401     -0.158     -0.481     -0.690
228.1000     -29981.022   -29989.574        8.553   342.8     -0.171     -0.979     -0.541      0.049      0.109      0.072
228.1500     -29981.529   -29989.752        8.222   329.6      0.909      0.669      0.177     -0.114     -0.305      0.106
228.2000     -29982.292   -29990.273        7.981   319.9      0.432     -0.210      1.013     -0.077      0.329     -0.085
228.2500     -29983.034   -29989.848        6.813   273.1     -0.513     -0.124      0.439      0.006      0.260     -0.164
228.3000     -29983.251   -29990.561        7.310   293.0      0.232     -0.724      0.288     -0.064     -0.185      0.107
228.3500     -29983.226   -29990.330        7.104   284.7      0.446      0.016      0.163     -0.115      0.317      0.053
228.4000     -29983.336   -29990.633        7.296   292.5      0.132      0.549      1.094      0.012     -0.340     -0.012
228.4500     -29982.829   -29990.574        7.746   310.5      0.153      0.233     -0.174     -0.307     -0.166     -0.255
228.5000     -29982.602   -29990.668        8.066   323.3      0.157     -0.441      0.318      0.019     -0.025     -0.154
228.5500     -29982.759   -29990.270        7.511   301.1      0.273      0.684      0.417     -0.470      0.695     -0.459
228.6000     -29982.367   -29989.385        7.017   281.3     -0.524      0.253      0.609     -0.252     -0.004     -0.111
228.6500     -29982.155   -29989.701        7.546   302.5     -0.345      0.479      0.101      0.232      0.410     -0.481
228.7000     -29982.159   -29989.750        7.591   304.3     -0.782     -0.550      0.196     -0.078     -0.108      0.258
228.7500     -29982.413   -29989.387        6.973   279.5      0.398      0.519      1.175     -0.039      0.041     -0.019
228.8000     -29982.185   -29989.287        7.102   284.7      0.398     -0.287      0.235     -0.048      0.012      0.247
228.8500     -29982.050   -29989.697        7.647   306.5     -0.286      0.046      0.202     -0.174      0.310      0.589
228.9000     -29982.009   -29989.617        7.608   305.0      0.267     -0.028      0.607      0.272     -0.237     -0.177
228.9500     -29981.665   -29989.820        8.155   326.9     -0.361     -0.340      0.389      0.395     -0.262      0.073
229.0000     -29981.860   -29989.340        7.479   299.8      0.233     -0.579      0.122     -0.283      0.762      0.554
229.0500     -29981.764   -29990.217        8.452   338.8     -0.190     -0.686     -0.422      0.171     -0.461     -0.313
229.1000     -29981.588   -29989.215        7.627   305.7     -0.019     -0.000      0.018     -0.183     -0.046     -0.140
229.1500     -29981.172   -29988.826        7.655   306.8     -0.185      0.033      0.940     -0.770     -0.005     -0.248
229.2000     -29981.099   -29988.984        7.885   316.1     -0.237     -0.219     -0.409      0.371      0.027      0.098
229.2500     -29981.393   -29989.262        7.868   315.4     -0.345     -0.219     -0.282     -0.178      0.171     -0.098
229.3000     -29980.973   -29989.053        8.080   323.9     -0.540     -0.067     -0.062     -0.235     -0.206     -0.414
229.3500     -29980.667   -29988.684        8.016   321.3      0.200      0.652     -0.242      0.375      0.714      0.099
229.4000     -29981.193   -29988.559        7.366   295.2     -0.150     -0.794     -0.100     -0.274     -0.015     -0.793
229.4500     -29981.061   -29988.746        7.685   308.1      0.312     -0.165      0.410      0.107      0.036      0.000
229.5000     -29981.318   -29988.736        7.418   297.3      0.280     -0.346      0.707     -0.096     -0.609     -0.370
229.5500     -29981.086   -29988.873        7.787   312.1     -0.171     -0.062      0.132      0.149      0.084     -0.541
229.6000     -29980.792   -29988.457        7.665   307.3     -0.430     -0.197      0.283      0.077     -0.100      0.577
229.6500     -29980.774   -29989.273        8.500   340.7      0.083      0.837     -0.447      0.113      0.278     -0.253
229.7000     -29981.234   -29989.162        7.928   317.8      0.056      0.087      0.150      0.641     -0.117      0.334
229.7500     -29981.417   -29989.672        8.255   330.9      0.713      0.612     -0.156     -0.567      0.288      0.021
229.8000     -29981.496   -29989.588        8.092   324.4     -0.055     -0.896     -0.644      0.089     -0.226     -0.191
229.8500     -29982.150   -29989.424        7.273   291.6     -0.875      0.422     -0.116     -0.504      0.590      0.036
229.9000     -29982.735   -29989.902        7.167   287.3     -0.541     -1.016     -0.358      0.100     -0.002      0.216
229.9500     -29982.313   -29989.705        7.392   296.3      0.129     -0.281      0.009     -0.176     -0.156      0.824
230.0000     -29982.648   -29989.562        6.914   277.2     -0.165     -0.024     -1.146      0.042     -0.402      0.154
230.0500     -29982.792   -29990.043        7.251   290.7     -0.655     -0.836     -1.395      0.076     -0.520     -0.316
230.1000     -29982.624   -29989.859        7.235   290.0     -0.629     -0.585     -0.251     -0.022      0.416      0.250
230.1500     -29982.508   -29989.596        7.087   284.1     -0.280      0.206     -0.113     -0.395     -0.066     -0.504
230.2000     -29982.596   -29989.068        6.473   259.5      0.447      0.213     -0.279     -0.163     -0.184      0.002
230.2500     -29982.010   -29990.025        8.016   321.3     -0.938     -0.703     -1.110      0.249     -0.423     -0.386
230.3000     -29981.563   -29989.490        7.927   317.8     -0.537     -0.519     -0.193     -0.443     -0.002      0.270
230.3500     -29981.651   -29989.631        7.980   319.9     -0.682     -0.354     -1.163     -0.171     -0.520     -0.542
230.4000     -29982.223   -29989.785        7.562   303.1      0.035     -1.076     -0.288     -0.175     -0.093     -0.127
230.4500     -29981.781   -29989.385        7.604   304.8     -0.001      0.100     -0.078     -0.028      0.134      0.071
230.5000     -29981.724   -29989.111        7.388   296.1     -0.689      1.262     -0.312     -0.240      0.119     -0.034
230.5500     -29982.090   -29989.457        7.367   295.3      0.993      0.477      0.807     -0.187      0.380      0.134
230.6000     -29982.449   -29989.100        6.650   266.6      0.612      0.529     -0.077     -0.177      0.120     -0.078
230.6500     -29981.948   -29989.627        7.679   307.8     -1.277      0.219      0.105     -0.329      0.138      0.915
230.7000     -29981.792   -29989.203        7.411   297.1     -0.484      0.072     -0.743      0.109      0.126     -0.464
230.7500     -29981.834   -29989.252        7.418   297.3      0.326      0.715      0.553      0.170      0.608     -0.074
230.8000     -29981.332   -29988.996        7.664   307.2      0.519      0.815     -0.324      0.249      0.222      0.404
230.8500     -29981.150   -29989.209        8.059   323.1      0.704      0.417      0.827     -0.250     -0.020     -0.112
230.9000     -29981.501   -29989.227        7.725   309.7      1.129     -0.595      0.792     -0.418      0.394      0.321
230.9500     -29981.792   -29989.311        7.519   301.4     -0.106     -0.115      0.131      0.075      0.270     -0.146
231.0000     -29981.291   -29989.641        8.349   334.7      1.029     -0.181     -0.541     -0.303      0.383     -0.243
231.0500     -29980.989   -29988.984        7.996   320.5     -0.052      0.408     -0.266      0.557     -0.377      0.121
231.1000     -29980.677   -29988.906        8.229   329.9      0.507     -0.113     -0.628      0.174      0.091     -0.134
231.1500     -29980.209   -29988.604        8.395   336.5      0.147      0.553      0.337      0.191      0.135      0.305
231.2000     -29980.754   -29989.328        8.574   343.7      0.562     -0.075     -0.635      0.058      0.195     -0.457
231.2500     -29980.941   -29988.594        7.653   306.8     -0.050      0.097      0.216      0.350     -0.300      0.385
231.3000     -29981.296   -29989.273        7.977   319.8      0.693     -0.346      0.220     -0.246      0.001      0.106
231.3500     -29981.543   -29989.518        7.974   319.6      0.151     -0.125      0.247     -0.299     -0.823     -0.563
231.4000     -29982.013   -29989.842        7.829   313.8      1.143      0.988     -0.031      0.191     -0.061      0.056
231.4500     -29981.404   -29989.471        8.067   323.3     -0.297      0.130      0.867     -0.936     -0.144      0.222
231.5000     -29981.503   -29989.117        7.614   305.2     -0.038      0.596      0.314      0.152     -0.216     -0.077
231.5500     -29981.213   -29989.170        7.957   318.9     -0.142      0.403      0.916     -0.099     -0.089      0.288
231.6000     -29980.649   -29988.846        8.197   328.6     -1.049     -0.906     -0.704     -0.307     -0.216      0.088
231.6500     -29980.534   -29988.768        8.233   330.0     -0.143     -0.151     -0.540     -0.251      0.029      0.099
231.7000     -29980.772   -29989.010        8.238   330.2     -0.126     -1.601     -0.880      0.247     -0.257     -0.195
231.7500     -29981.466   -29989.375        7.909   317.0      0.178     -0.127      0.129     -0.122     -0.138      0.144
231.8000     -29981.734   -29989.113        7.379   295.8     -0.278      0.329     -0.336     -0.078     -0.174      0.295
231.8500     -29981.451   -29989.355        7.904   316.8      0.375     -0.522      0.287      0.245      0.253      0.579
231.9000     -29981.323   -29989.361        8.039   322.2      0.268      0.232      0.311     -0.040      0.391     -0.570
231.9500     -29981.042   -29989.258        8.215   329.3      0.093     -0.125     -0.594     -0.031     -0.318      0.057
232.0000     -29981.435   -29989.615        8.180   327.9     -1.034     -0.466     -0.601      0.174      0.843     -0.137
232.0500     -29981.020   -29988.488        7.468   299.4     -0.203     -0.266      0.166     -0.026      0.101      0.085
232.1000     -29980.715   -29989.234        8.519   341.5     -0.180     -0.351     -0.483      0.273      0.109      0.001
232.1500     -29980.483   -29988.600        8.117   325.4      0.818      0.144     -0.071     -0.395      0.231      0.272
232.2000     -29981.001   -29988.873        7.872   315.5     -0.574     -0.199     -0.202      0.308     -0.020     -0.100
232.2500     -29980.456   -29988.707        8.251   330.7      0.063     -0.420     -0.321     -0.375      0.212     -0.141
232.3000     -29980.749   -29988.664        7.915   317.3     -1.305     -0.418      0.061     -0.173     -0.271     -0.225
232.3500     -29980.555   -29989.037        8.482   340.0      0.977     -0.357     -1.215      0.046     -0.158      0.606
232.4000     -29980.558   -29989.088        8.530   341.9      0.207      0.005      0.311     -0.083      0.164     -0.033
232.4500     -29980.369   -29988.725        8.356   334.9     -0.715     -0.208     -0.455      0.453      0.124     -0.036
232.5000     -29980.190   -29988.525        8.336   334.1     -0.257     -0.244      0.044      0.270     -0.433     -0.189
232.5500     -29980.926   -29989.670        8.744   350.5     -0.495     -0.011     -0.443     -0.310      0.334      0.195
232.6000     -29980.365   -29989.062        8.697   348.6      0.344     -0.235     -0.226     -0.024      0.372      0.317
232.6500     -29981.056   -29989.367        8.311   333.2     -0.110     -0.379     -0.251      0.272      0.204     -0.286
232.7000     -29980.885   -29989.430        8.545   342.5     -0.630      0.112     -0.133     -0.001     -0.224      0.157
232.7500     -29981.039   -29989.689        8.651   346.8      0.153     -0.300     -1.030     -0.162      0.026     -0.194
232.8000     -29980.596   -29988.904        8.308   333.0      0.225     -0.257     -0.212     -0.160      0.279      0.184
232.8500     -29981.140   -29989.164        8.024   321.6      0.295     -0.284     -0.214     -0.555      0.352      0.073
232.9000     -29981.099   -29989.398        8.300   332.7     -0.768      0.969      0.146      0.230      0.063      0.287
232.9500     -29980.993   -29988.982        7.989   320.2      0.255      0.919      0.440     -0.135      0.142     -0.003
233.0000     -29980.788   -29989.139        8.350   334.7      0.128     -0.814     -0.586     -0.152      0.107      0.258
233.0500     -29980.669   -29989.094        8.425   337.7     -0.409      0.339      0.166     -0.027      0.023     -0.245
233.1000     -29980.810   -29988.781        7.971   319.5     -0.412      0.004      0.019     -0.167     -0.571      0.248
233.1500     -29980.233   -29989.074        8.841   354.4      0.432      0.437     -0.092     -0.341      0.156     -0.338
233.2000     -29980.240   -29988.982        8.742   350.4     -0.572     -0.429     -0.010      0.293      0.101      0.182
233.2500     -29980.831   -29989.033        8.202   328.8     -0.034      0.032     -0.159      0.294      0.155     -0.154
233.3000     -29980.884   -29989.312        8.429   337.9      0.027     -0.035     -0.401     -0.507     -0.483      0.432
233.3500     -29980.453   -29988.918        8.465   339.3     -0.992      0.283     -0.864      0.046      0.853      0.230
233.4000     -29980.580   -29988.727        8.147   326.6     -0.706     -0.236     -0.596      0.796     -0.136      0.033
233.4500     -29980.676   -29988.943        8.267   331.4     -0.525     -0.950      0.172     -0.057      0.202     -0.227
233.5000     -29980.803   -29989.045        8.242   330.4      0.455      0.086     -0.740      0.253      0.052      0.175
233.5500     -29980.792   -29989.047        8.255   330.9     -0.581     -0.587     -0.031      0.428      0.167      0.215
233.6000     -29981.320   -29989.002        7.682   307.9     -0.265      0.409     -0.047     -0.107     -0.221      0.092
233.6500     -29981.773   -29989.281        7.508   301.0     -0.281     -1.193     -0.874     -0.217      0.308     -0.331
233.7000     -29981.469   -29989.971        8.501   340.8     -0.824     -0.553     -0.183     -0.210     -0.041      0.137
233.7500     -29981.112   -29989.068        7.956   318.9     -0.969      0.608     -0.260      0.027      0.353      0.177
233.8000     -29981.359   -29988.158        6.799   272.5      0.110     -0.515     -0.096      0.613      0.456     -0.603
233.8500     -29981.038   -29988.959        7.921   317.5     -0.363     -0.072     -0.508      0.091      0.089     -0.659
233.9000     -29980.569   -29989.072        8.504   340.9      0.076      0.740     -0.146     -0.436      0.021      0.782
233.9500     -29981.152   -29989.123        7.971   319.5     -0.349     -1.076      0.023      0.052      0.217     -0.133
234.0000     -29981.328   -29988.998        7.670   307.5     -0.602     -0.184      0.713     -0.325      0.090      0.192
234.0500     -29981.141   -29988.639        7.497   300.5     -0.221     -0.078     -0.436      0.261      0.585      0.503
234.1000     -29981.495   -29989.627        8.132   326.0     -0.113     -0.138     -0.019     -0.499     -0.207     -0.468
234.1500     -29981.190   -29989.240        8.050   322.7     -0.963      0.968      0.066      0.050      0.178      0.437
234.2000     -29981.441   -29989.309        7.868   315.4      0.489      0.825     -0.492      0.335     -0.036     -0.285
234.2500     -29981.329   -29989.156        7.828   313.8      0.105      1.277      0.517      0.137      0.099     -0.181
234.3000     -29981.183   -29989.322        8.139   326.3     -0.045     -0.452      0.430      0.021     -0.489     -0.261
234.3500     -29980.710   -29988.971        8.261   331.1     -0.075      0.073     -0.439     -0.161      0.032     -0.188
234.4000     -29981.096   -29989.057        7.961   319.1      0.017     -0.778     -0.994      0.067      0.352     -0.066
234.4500     -29980.476   -29988.768        8.292   332.4     -0.865     -0.281     -0.411     -0.518     -0.076      0.192
234.5000     -29980.558   -29988.205        7.647   306.5      0.212      0.449      0.194      1.034     -0.389     -0.201
234.5500     -29980.739   -29988.926        8.187   328.2     -0.122     -1.205     -1.013     -0.637      0.114      0.105
234.6000     -29980.746   -29988.611        7.865   315.3     -0.501     -0.272     -0.655     -0.053      0.235      0.119
234.6500     -29980.694   -29989.238        8.544   342.5     -0.640      0.502      0.057      0.195     -0.039     -0.505
234.7000     -29980.400   -29988.584        8.184   328.0      0.603      0.275     -0.458     -0.059     -0.011     -0.117
234.7500     -29980.722   -29989.254        8.532   342.0     -0.070      0.158      0.173     -0.451      0.260     -0.251
234.8000     -29980.785   -29988.260        7.475   299.6      0.388     -0.038     -0.522     -0.151     -0.032      0.522
234.8500     -29981.290   -29989.471        8.180   327.9      0.531     -0.563     -0.210     -0.470     -0.187      0.370
234.9000     -29981.478   -29988.832        7.354   294.8     -0.667      0.637      0.142     -0.193     -0.068      0.023
234.9500     -29981.581   -29988.988        7.407   296.9     -0.802     -0.632     -0.590     -0.063     -0.542     -0.211
235.0000     -29981.504   -29989.928        8.424   337.7     -0.037      0.066     -0.082     -0.038     -0.154     -0.045
235.0500     -29981.508   -29989.734        8.227   329.8      1.107      0.238      0.413      0.373     -0.390      0.160
235.1000     -29981.129   -29988.801        7.672   307.5     -0.389      0.257     -0.203     -0.023     -0.244      0.573
235.1500     -29980.804   -29989.178        8.374   335.7     -0.707      0.324      0.619     -0.300     -0.167     -0.454
235.2000     -29980.781   -29988.729        7.947   318.6      0.792     -0.757     -0.333     -0.184     -0.213     -0.222
235.2500     -29980.710   -29988.646        7.936   318.1     -0.429      0.032     -0.498      0.225     -0.117     -0.306
235.3000     -29980.624   -29988.627        8.003   320.8      0.349      0.374     -0.134      0.066      0.376      0.571
235.3500     -29980.652   -29988.516        7.864   315.2      0.689      0.311      1.218     -0.278     -0.300     -0.495
235.4000     -29980.694   -29988.031        7.338   294.1      0.191      0.019     -0.229      0.140      0.616      0.062
235.4500     -29980.332   -29988.318        7.986   320.1      0.216     -0.558     -0.281     -0.251      0.091     -0.032
235.5000     -29979.979   -29988.730        8.751   350.8      0.383     -0.907      0.679      0.036     -0.351      0.161
235.5500     -29980.308   -29988.633        8.325   333.7     -0.059      0.468     -1.074      0.749      0.426     -0.237
235.6000     -29980.573   -29988.586        8.013   321.2     -0.180      0.008      0.447      0.209     -0.296      0.122
235.6500     -29980.188   -29988.367        8.180   327.9      0.091     -0.393     -0.393      0.044      0.313     -0.484
235.7000     -29980.104   -29988.787        8.683   348.1      0.552      0.070      0.060     -0.288     -0.121      0.217
235.7500     -29980.259   -29988.934        8.675   347.7     -0.042      0.277     -0.700      0.672      0.058     -0.143
235.8000     -29980.406   -29988.787        8.381   336.0      0.027      0.006      0.413     -0.854      0.500      0.232
235.8500     -29980.012   -29988.289        8.277   331.8      0.922     -0.332      0.648      0.706      0.909      0.130
235.9000     -29980.082   -29988.402        8.320   333.5     -1.239      0.383     -0.034      0.006     -0.717     -0.037
235.9500     -29979.752   -29988.357        8.605   344.9      0.401     -0.092      0.112     -0.655      0.533      0.074
236.0000     -29980.316   -29989.307        8.990   360.4     -0.471      0.378     -0.336     -0.075     -0.238     -0.178
236.0500     -29980.000   -29988.516        8.515   341.3     -0.196      0.242      0.816     -0.288      0.043     -0.684
236.1000     -29979.837   -29988.666        8.829   353.9      0.371     -0.478      0.459     -0.267     -0.268      0.184
236.1500     -29979.628   -29988.100        8.472   339.6      0.548     -0.598     -0.985     -0.375      0.568      0.309
236.2000     -29980.195   -29988.846        8.650   346.7     -0.552      0.035     -0.566      0.068     -0.080      0.332
236.2500     -29980.302   -29988.889        8.586   344.2     -0.033      0.004     -1.427     -0.097      0.022     -0.005
236.3000     -29980.308   -29988.164        7.857   314.9     -0.342     -0.158      0.596     -0.558     -0.130      0.205
236.3500     -29979.827   -29988.891        9.063   363.3      0.191      0.189      0.458     -0.003      0.202     -0.019
236.4000     -29980.167   -29988.664        8.497   340.6     -0.829      0.252      0.020     -0.196     -0.292      0.062
236.4500     -29980.187   -29987.918        7.731   309.9      0.591     -0.175      0.558      0.186     -0.270      0.189
236.5000     -29980.413   -29988.449        8.036   322.1      0.195     -0.154      0.163     -0.599     -0.209      0.368
236.5500     -29979.786   -29987.895        8.108   325.0     -1.038     -0.082     -1.744      0.735      0.123     -0.490
236.6000     -29979.261   -29988.453        9.193   368.5      0.674     -0.199      0.307     -0.365     -0.177      0.136
236.6500     -29979.265   -29988.123        8.858   355.1     -0.272      0.080      0.224      0.055      0.369     -0.696
236.7000     -29979.157   -29987.875        8.718   349.4      0.569      0.572      0.435      0.116     -0.522      0.120
236.7500     -29978.932   -29988.227        9.295   372.6      0.425      0.074     -0.240      0.277      0.060     -0.054
236.8000     -29979.295   -29988.088        8.793   352.5      0.224     -0.509     -0.277     -0.068     -0.192     -0.177
236.8500     -29979.727   -29988.502        8.775   351.7     -0.231     -0.199     -0.147      0.489     -0.011     -0.028
236.9000     -29979.560   -29987.654        8.095   324.5     -0.242     -1.066     -0.295     -0.088      0.260     -0.236
236.9500     -29979.374   -29988.596        9.221   369.6     -0.509      0.311     -1.008      0.088      0.130     -0.841
237.0000     -29979.244   -29988.393        9.148   366.7     -0.282     -1.042      0.354     -0.111      0.215      0.486
237.0500     -29979.442   -29987.477        8.034   322.0      0.972     -0.637     -0.602      0.043     -0.438     -0.507
237.1000     -29980.079   -29988.365        8.287   332.2     -0.376     -0.729      0.492      0.231     -0.261      0.440
237.1500     -29980.266   -29988.383        8.116   325.3     -0.663      0.179     -0.230     -0.314     -0.546      0.021
237.2000     -29980.094   -29988.463        8.369   335.5      0.529     -0.215      0.026      0.332      0.017     -0.401
237.2500     -29980.402   -29988.561        8.158   327.0     -0.681     -0.919     -0.489      0.564     -0.377      0.079
237.3000     -29980.467   -29988.377        7.910   317.1      0.499      0.907      0.236     -0.571      0.034     -0.005
237.3500     -29980.374   -29988.686        8.311   333.2      0.139      0.140      1.033     -0.335     -0.175      0.372
237.4000     -29979.903   -29988.344        8.441   338.3     -0.530     -0.006     -0.893     -0.145     -0.138     -0.513
237.4500     -29980.236   -29989.271        9.035   362.2      0.279     -0.597     -0.130      0.098      0.026     -0.263
237.5000     -29980.788   -29988.436        7.647   306.5     -1.593      0.147     -1.747     -0.805     -0.289      0.209
237.5500     -29981.109   -29989.025        7.916   317.3     -0.748     -1.300     -0.453     -0.355      0.628      0.181
237.6000     -29981.003   -29989.961        8.958   359.1      0.078     -0.490     -0.132     -0.116      0.161      0.118
237.6500     -29980.850   -29989.428        8.578   343.9     -0.597     -1.012     -0.477     -0.223      0.069      0.484
237.7000     -29980.555   -29989.188        8.632   346.0     -0.582      0.297     -0.755     -0.329     -0.057      0.162
237.7500     -29980.861   -29988.924        8.063   323.2      0.703      0.643     -0.110     -0.018      0.032     -0.713
237.8000     -29981.378   -29988.664        7.287   292.1      0.795     -0.332     -0.895     -0.343      0.123      0.642
237.8500     -29980.947   -29988.666        7.719   309.4     -0.115      0.131      0.461      0.498      0.105      0.180
237.9000     -29980.960   -29988.545        7.585   304.0      0.359      0.682      0.787      0.384     -0.122      0.385
237.9500     -29981.021   -29988.674        7.653   306.8      1.094     -0.031      0.736      0.041     -0.109      0.266
238.0000     -29980.996   -29988.613        7.618   305.3     -0.523     -1.104     -0.046     -0.397      0.555     -0.356
238.0500     -29981.033   -29989.334        8.301   332.7      0.537     -0.123      0.284      0.301     -0.266      0.105
238.1000     -29981.292   -29989.648        8.357   335.0     -0.021     -0.167      0.010     -0.022      0.409      0.734
238.1500     -29980.685   -29989.451        8.767   351.4      0.319     -0.486     -0.557      0.228     -0.367     -0.109
238.2000     -29981.267   -29988.971        7.704   308.8     -0.332      0.187     -0.191     -0.453      0.707      0.266
238.2500     -29981.206   -29989.137        7.931   317.9      0.125     -0.325     -0.031      0.022      0.245      0.262
238.3000     -29980.829   -29988.750        7.921   317.5     -0.942     -0.083      0.043      0.386      0.220     -0.182
238.3500     -29981.167   -29989.207        8.040   322.3      0.732      0.511      1.159     -0.499     -0.080      0.555
238.4000     -29981.536   -29989.553        8.016   321.3      0.384     -0.123     -0.456     -0.167      0.918      0.111
238.4500     -29980.735   -29989.051        8.316   333.3      0.116     -0.301      0.073      0.046     -0.254     -0.056
238.5000     -29980.444   -29988.654        8.210   329.1      0.180      0.315      0.501     -0.017      0.017     -0.023
238.5500     -29980.864   -29988.842        7.977   319.8     -0.069     -0.036     -0.053     -0.334     -0.410      0.134
238.6000     -29980.545   -29989.461        8.916   357.4     -0.125     -0.587      0.320      0.209     -0.114     -0.059
238.6500     -29980.568   -29988.695        8.127   325.8      0.526      0.654      0.257     -0.611      0.173      0.120
238.7000     -29980.444   -29988.559        8.115   325.3     -0.793     -0.315     -0.474      0.092     -0.028      0.118
238.7500     -29980.422   -29989.084        8.662   347.2     -0.351      0.563      0.594     -0.103     -0.064     -0.304
238.8000     -29980.647   -29989.242        8.596   344.5     -0.005     -0.657      0.213      0.229      0.200     -0.031
238.8500     -29980.479   -29989.160        8.681   348.0     -0.329     -0.237     -0.200     -0.625     -0.158     -0.246
238.9000     -29980.545   -29988.379        7.834   314.0     -0.445     -0.274     -1.190     -0.058      0.282      0.475
238.9500     -29980.205   -29988.299        8.094   324.4     -1.048     -1.183      0.278     -0.197     -0.300      0.185
239.0000     -29981.012   -29989.111        8.099   324.7     -0.181     -0.322     -1.241      0.015     -0.453      0.099
239.0500     -29980.934   -29989.049        8.114   325.3     -0.451     -0.294     -0.446     -0.460     -0.172      0.118
239.1000     -29981.313   -29989.125        7.812   313.2      1.307      0.775      0.656     -0.179     -0.405      0.195
239.1500     -29981.379   -29988.229        6.849   274.6      0.406      0.246      0.528     -0.292      0.293     -0.119
239.2000     -29981.070   -29989.426        8.356   334.9      0.658      0.605      0.890      0.139      0.192      0.111
239.2500     -29980.876   -29988.945        8.069   323.5     -0.417      0.135      0.157     -0.070      0.099      0.172
239.3000     -29981.076   -29989.240        8.164   327.2     -0.387     -0.138     -0.560      0.130     -0.414     -0.307
239.3500     -29980.536   -29989.193        8.658   347.0     -0.663     -0.545      0.601      0.377      0.200     -0.116
239.4000     -29980.457   -29988.645        8.188   328.2     -0.743      0.494      0.314     -0.300      0.368      0.285
239.4500     -29980.310   -29988.473        8.163   327.2     -0.308      0.595      0.197      0.034     -0.759     -0.292
239.5000     -29980.431   -29988.967        8.536   342.1     -0.548     -0.485     -0.252      0.325     -0.167      0.328
239.5500     -29980.402   -29989.336        8.934   358.1     -0.326     -0.669     -0.475     -0.098     -0.189     -0.483
239.6000     -29980.450   -29988.660        8.210   329.1      0.799     -0.050     -0.159     -0.183      0.143      0.473
239.6500     -29980.782   -29988.738        7.956   318.9      0.987      0.146     -0.138      0.029     -0.166     -0.660
239.7000     -29980.983   -29988.506        7.523   301.6      0.472      0.020      0.372     -0.178      0.246      0.132
239.7500     -29981.116   -29989.225        8.109   325.0     -0.553     -0.775     -1.172      0.230      0.257     -0.302
239.8000     -29980.773   -29988.781        8.008   321.0      0.011     -0.125     -0.377      0.313     -0.119      0.283
239.8500     -29980.362   -29988.908        8.546   342.6     -1.065     -0.455     -1.108     -0.207     -0.035      0.024
239.9000     -29980.271   -29989.172        8.900   356.8     -0.866     -0.534      0.460     -0.430     -0.084     -0.100
239.9500     -29980.259   -29989.051        8.792   352.4      0.256      0.203      0.221     -0.184     -0.743      0.176
240.0000     -29980.840   -29989.316        8.477   339.8      0.070      0.147      0.537     -0.188      0.248      0.141
240.0500     -29980.851   -29989.143        8.291   332.3     -0.101     -0.468      0.808      0.116     -0.315      0.091
240.1000     -29980.513   -29989.324        8.811   353.2     -0.067     -0.599     -0.472      0.025     -0.003      0.077
240.1500     -29980.318   -29988.742        8.424   337.7     -0.399     -0.059     -0.305     -0.077      0.227     -0.067
240.2000     -29980.224   -29988.078        7.854   314.8     -0.403     -1.322     -0.584     -0.343     -0.313      0.319
240.2500     -29980.163   -29988.607        8.444   338.5     -0.338      0.249     -0.068      0.428     -0.326     -0.341
240.3000     -29980.146   -29988.531        8.385   336.1     -0.539     -1.119     -0.105     -0.034     -0.111     -0.098
240.3500     -29980.178   -29988.672        8.493   340.5     -1.330     -1.290     -0.628      0.308     -0.137     -0.176
240.4000     -29979.668   -29987.939        8.271   331.5     -1.539     -1.128     -0.295     -0.103      0.274     -0.031
240.4500     -29979.701   -29987.584        7.883   316.0      0.025     -1.428     -0.102      0.157     -0.520     -0.239
240.5000     -29979.407   -29987.715        8.308   333.0     -0.652     -0.619      0.173     -0.296     -0.330     -0.165
240.5500     -29979.364   -29988.086        8.722   349.6      0.309     -0.967     -1.425      0.882     -0.050     -0.222
240.6000     -29979.824   -29989.057        9.232   370.1     -0.807     -0.689     -0.015      0.376      0.022      0.341
240.6500     -29979.027   -29988.168        9.141   366.4     -1.091      0.049      0.452      0.343      0.285      0.422
240.7000     -29979.443   -29987.863        8.421   337.5      0.086     -0.572     -0.910     -0.197      0.095      0.045
240.7500     -29979.955   -29988.709        8.754   350.9     -0.540     -0.683     -0.563     -0.415     -0.231     -0.206
240.8000     -29979.908   -29988.053        8.145   326.5      0.547     -0.267      0.011      0.227      0.028      0.263
240.8500     -29979.894   -29988.316        8.422   337.6      0.339      1.652      0.803      0.140     -0.543     -0.331
240.9000     -29979.393   -29987.576        8.183   328.0     -0.495     -0.946     -0.630      0.100     -0.327      0.147
240.9500     -29979.751   -29988.141        8.389   336.3     -0.913      1.111      0.370      0.138     -0.059     -0.053
241.0000     -29980.041   -29989.027        8.986   360.2     -0.612     -0.362      0.219      0.191     -0.197      0.691
241.0500     -29979.549   -29988.066        8.517   341.4     -1.252     -0.444     -0.151     -0.201      0.396      0.194
241.1000     -29979.404   -29988.137        8.732   350.0      0.669      0.033     -0.790     -0.150     -0.621     -0.498
241.1500     -29979.323   -29987.863        8.540   342.3     -1.193      0.050     -0.058     -0.307      0.121      0.034
241.2000     -29979.435   -29987.115        7.680   307.8     -0.396     -0.625     -0.954     -0.362     -0.675     -0.216
241.2500     -29979.426   -29987.682        8.256   330.9     -1.224     -0.769     -0.864     -0.258     -0.056      0.010
241.3000     -29979.122   -29987.768        8.645   346.5      0.892      0.096      0.755     -0.338      0.141      0.454
241.3500     -29979.145   -29987.592        8.447   338.6     -0.407     -0.375     -0.152      0.287     -0.240     -0.192
241.4000     -29979.080   -29988.316        9.237   370.3      0.055      0.831      0.930     -0.164     -0.401      0.228
241.4500     -29978.994   -29987.490        8.496   340.6     -0.629     -0.672     -0.448      0.103      0.267     -0.349
241.5000     -29979.197   -29988.504        9.307   373.1      0.706     -0.077     -0.189     -0.113     -0.163     -0.076
241.5500     -29979.411   -29988.027        8.616   345.4     -1.059     -1.718      0.110     -0.252      0.418      0.302
241.6000     -29980.002   -29988.535        8.533   342.1     -0.816     -0.524     -0.440     -0.026      0.011     -0.561
241.6500     -29979.798   -29988.006        8.208   329.0     -0.752     -0.871     -0.411      0.337     -0.270     -0.110
241.7000     -29979.804   -29988.420        8.616   345.4     -0.307     -0.674      0.180     -0.027     -0.340     -0.259
241.7500     -29979.831   -29988.947        9.117   365.4     -0.184     -0.395     -0.611      0.408     -0.142      0.296
241.8000     -29980.116   -29988.625        8.509   341.1      0.124      0.060     -0.631      0.260      0.172     -0.198
241.8500     -29979.891   -29988.574        8.683   348.1      0.123      0.169      0.397     -0.267     -0.040      0.196
241.9000     -29979.933   -29987.691        7.758   311.0     -0.394     -0.207      0.153      0.243     -0.540     -0.165
241.9500     -29979.686   -29987.611        7.925   317.7     -1.849      0.658      0.193     -0.711     -0.183     -0.054
242.0000     -29980.063   -29987.947        7.884   316.0     -0.420     -0.817     -0.252      0.041     -0.141      0.186
242.0500     -29980.660   -29990.088        9.428   377.9     -0.905      0.251     -1.050     -0.436      0.367     -0.112
242.1000     -29980.552   -29989.039        8.487   340.2      0.043     -0.192     -0.529      0.543     -0.288     -0.131
242.1500     -29980.671   -29989.207        8.536   342.2     -1.007      0.431     -0.479      0.157     -0.019     -0.239
242.2000     -29980.863   -29988.193        7.331   293.9     -0.168     -0.395      0.804     -0.225      0.188      0.361
242.2500     -29980.030   -29987.652        7.623   305.6      0.155     -0.634     -0.735      0.089     -0.002     -0.047
242.3000     -29980.174   -29988.180        8.005   320.9      0.191      0.056     -0.042      0.698     -0.463      0.205
242.3500     -29980.084   -29988.686        8.601   344.8      0.680      1.080      0.188      0.148      0.060      0.186
242.4000     -29980.186   -29988.334        8.148   326.6      0.400      0.916      0.041      0.072     -0.267     -0.127
242.4500     -29980.019   -29988.689        8.670   347.5      0.245      0.170     -0.701      0.238     -0.051      0.397
242.5000     -29980.049   -29988.582        8.533   342.0     -0.606     -0.691     -0.857     -0.573     -0.061     -0.515
242.5500     -29980.082   -29988.543        8.461   339.2     -0.080      0.322      0.497      0.159      0.289     -0.222
242.6000     -29980.070   -29987.582        7.512   301.1      1.214      0.027     -0.396     -0.078      0.041     -0.324
242.6500     -29980.080   -29987.840        7.759   311.0     -0.270     -0.279      0.442      0.400      0.023     -0.081
242.7000     -29979.697   -29987.777        8.081   323.9     -0.063      0.053     -0.233     -0.451     -0.097     -0.522
242.7500     -29979.684   -29988.176        8.492   340.4      0.050     -0.958     -0.020      0.001     -0.087      0.319
242.8000     -29979.613   -29988.455        8.842   354.4     -0.103      0.052     -0.480      0.264     -0.001      0.020
242.8500     -29979.804   -29988.391        8.587   344.2     -0.250     -0.640     -0.692      0.016     -0.210      0.024
242.9000     -29979.378   -29987.812        8.434   338.1     -0.470     -0.162      0.185     -0.781      0.230      0.508
242.9500     -29979.337   -29989.127        9.790   392.4     -0.252     -0.277     -0.374      0.470     -0.601     -0.004
243.0000     -29979.890   -29988.949        9.059   363.1     -0.573      0.214     -1.241     -0.519      0.139      0.236
243.0500     -29980.324   -29988.559        8.235   330.1     -0.793     -0.696     -0.148     -0.197      0.479      0.623
243.1000     -29980.677   -29988.811        8.133   326.0     -0.212     -0.276     -0.695      0.403     -0.231     -0.072
243.1500     -29980.784   -29988.646        7.863   315.2      0.134      0.163      0.634      0.312      0.270     -0.620
243.2000     -29981.271   -29988.855        7.584   304.0     -0.143     -0.483      0.228     -0.252     -0.825      0.332
243.2500     -29981.745   -29989.906        8.162   327.2     -0.102     -0.123     -0.325     -0.213      0.326     -0.144
243.3000     -29981.688   -29989.127        7.439   298.2      0.348      0.025      0.327      0.183      0.383      0.211
243.3500     -29981.529   -29989.143        7.614   305.2      0.136      0.232     -0.275     -0.361     -0.354     -0.760
243.4000     -29981.090   -29988.703        7.613   305.2     -0.723     -0.696      0.219     -0.217      0.337      0.271
243.4500     -29980.902   -29988.619        7.717   309.3      0.005     -0.033     -0.163      0.195     -0.280     -0.217
243.5000     -29980.801   -29988.555        7.754   310.8     -0.649     -0.275     -1.086      0.318     -0.330     -0.041
243.5500     -29980.905   -29988.879        7.974   319.6     -0.675      0.111     -1.251     -0.248      0.010      0.091
243.6000     -29980.530   -29989.004        8.474   339.7      0.272      0.261     -0.173     -0.180     -0.303      0.475
243.6500     -29980.670   -29988.701        8.031   321.9      0.008      0.335      0.481      0.163      0.312     -0.326
243.7000     -29980.470   -29988.455        7.985   320.1      0.788     -0.081     -0.397     -0.485      0.028      0.125
243.7500     -29980.158   -29988.619        8.461   339.1     -0.567     -0.051     -0.445     -0.033      0.427      0.162
243.8000     -29979.614   -29987.846        8.231   330.0     -0.452      0.248     -0.740      0.714      0.424      0.467
243.8500     -29979.935   -29988.412        8.477   339.8      0.315     -0.677      0.401     -0.563     -0.239     -0.211
243.9000     -29980.488   -29988.387        7.899   316.6      0.633     -0.441      0.808     -0.041      0.036     -0.252
243.9500     -29979.986   -29988.713        8.727   349.8     -0.918      0.281     -0.195     -0.156      0.495     -0.233
244.0000     -29980.317   -29988.182        7.865   315.3      1.034      0.319     -0.346     -0.198     -0.100     -0.103
244.0500     -29980.544   -29988.570        8.026   321.7      0.256     -0.912      0.334      0.285      0.496     -0.834
244.1000     -29979.948   -29988.246        8.298   332.6     -0.420     -0.045     -0.707      0.708     -0.469      0.149
244.1500     -29979.633   -29987.174        7.541   302.3     -0.348     -0.965      0.334     -0.161      0.034     -0.226
244.2000     -29980.411   -29988.629        8.218   329.4      0.541     -0.256     -0.579      0.127      0.366     -0.160
244.2500     -29980.798   -29989.027        8.229   329.9     -0.833      0.480     -0.325     -0.355      0.096      0.310
244.3000     -29980.655   -29989.283        8.628   345.9      0.363      0.431      0.772      0.386     -0.355      0.285
244.3500     -29980.612   -29988.760        8.147   326.6     -0.828      0.456      0.660     -0.033      0.438     -0.052
244.4000     -29980.050   -29987.922        7.872   315.6     -0.107     -0.574     -0.678      0.068     -0.408     -0.218
244.4500     -29980.064   -29988.703        8.639   346.3     -0.612      0.352     -0.661     -0.312      0.605     -0.073
244.5000     -29980.717   -29989.066        8.350   334.7      0.198      0.102      0.779      0.136     -0.577      0.666
244.5500     -29980.448   -29989.268        8.819   353.5     -0.626      0.134     -0.117      0.269      0.633     -0.098
244.6000     -29980.878   -29989.217        8.339   334.3     -0.353     -0.032      0.010     -0.207     -0.046      0.130
244.6500     -29981.393   -29988.650        7.257   290.9     -0.608     -0.681     -0.721     -0.055      0.095     -0.181
244.7000     -29981.179   -29989.172        7.993   320.4     -0.705     -0.031     -0.794     -0.085      0.271     -0.273
244.7500     -29981.223   -29988.902        7.679   307.8     -0.305      0.019      0.581     -0.032     -0.054      0.182
244.8000     -29981.220   -29989.395        8.175   327.7     -0.362     -0.733      0.338     -0.083     -0.499      0.088
244.8500     -29981.345   -29989.576        8.231   329.9     -0.562      0.022      0.461      0.547      0.148     -0.110
244.9000     -29981.836   -29990.059        8.222   329.6      0.217     -0.070      0.558     -0.169      0.341     -0.012
244.9500     -29981.660   -29989.416        7.756   310.9      0.152     -0.733      0.152      0.340      0.255      0.751
245.0000     -29981.536   -29989.398        7.863   315.2     -0.456     -0.144     -0.458     -0.009      0.017     -0.525
245.0500     -29981.220   -29989.547        8.327   333.8      0.031     -0.139     -0.355     -0.130     -0.511      0.040
245.1000     -29981.815   -29989.848        8.032   322.0     -0.177     -0.917      0.025      0.139      0.193     -0.261
245.1500     -29982.023   -29989.953        7.930   317.9     -0.787     -0.473     -0.422      0.210     -0.142     -0.285
245.2000     -29981.812   -29989.871        8.059   323.0     -0.361     -1.124     -1.297      0.521      0.108      0.057
245.2500     -29981.238   -29989.771        8.533   342.1     -1.268      0.634      0.405     -0.102      0.229      0.372
245.3000     -29981.131   -29989.445        8.315   333.3     -0.587      0.419     -0.452      0.494      0.191      0.255
245.3500     -29980.978   -29988.574        7.596   304.5      0.397     -1.146      0.091     -0.110      0.089     -0.010
245.4000     -29980.931   -29989.242        8.311   333.1      0.312      0.343     -0.143      0.510     -0.306      0.720
245.4500     -29980.537   -29988.746        8.209   329.1     -1.134      0.014     -0.314      0.165      0.551     -0.037
245.5000     -29980.890   -29988.588        7.698   308.6      0.117      0.745     -0.596     -0.009     -0.166      0.221
245.5500     -29980.733   -29988.154        7.422   297.5     -0.621     -0.584      0.723      0.282      0.238     -0.064
245.6000     -29979.897   -29988.373        8.476   339.8     -0.399      0.177     -0.904      0.578      0.054      0.347
245.6500     -29980.031   -29987.943        7.912   317.1     -0.558      0.734      0.492      0.288      0.546      0.227
245.7000     -29980.144   -29987.957        7.813   313.2      0.285     -0.390     -0.236     -0.380     -0.104     -0.195
245.7500     -29980.243   -29989.014        8.771   351.6      0.042      0.439      0.825      0.113     -0.087     -0.167
245.8000     -29979.884   -29988.045        8.161   327.1      1.137     -0.275      0.143      0.467     -0.112      0.017
245.8500     -29980.491   -29988.850        8.359   335.1     -0.591     -0.357      0.282     -0.094     -0.534     -1.018
245.9000     -29980.323   -29988.568        8.245   330.5      0.401      0.177     -0.198     -0.237      0.009      0.286
245.9500     -29980.903   -29988.955        8.052   322.8     -0.645     -0.522      0.605      0.206     -0.147      0.296
246.0000     -29981.302   -29988.777        7.475   299.6      1.045      0.986      0.410     -0.494     -0.055     -0.203
246.0500     -29981.688   -29989.309        7.621   305.5     -1.014     -0.849     -0.686     -0.025     -0.185      0.404
246.1000     -29981.464   -29989.174        7.710   309.1     -0.352     -0.229      0.369      0.159      0.307      0.124
246.1500     -29981.310   -29989.000        7.690   308.2      0.333      0.246     -0.479     -0.017     -0.314     -0.062
246.2000     -29981.240   -29988.721        7.480   299.9     -1.035     -0.491     -0.533     -0.091      0.186     -0.356
246.2500     -29980.843   -29989.074        8.231   329.9     -1.004     -0.092      0.796      0.481      0.246     -0.511
246.3000     -29980.672   -29989.025        8.354   334.9     -0.133     -1.372     -1.246     -0.499      0.217      0.240
246.3500     -29980.743   -29988.949        8.207   329.0     -0.093      0.029     -0.172      0.411     -0.238     -0.254
246.4000     -29980.635   -29988.332        7.697   308.5     -1.429      0.827      0.126      0.878     -0.007     -0.358
246.4500     -29980.033   -29988.416        8.383   336.0     -0.490     -0.484     -0.095      0.418     -0.496      0.281
246.5000     -29980.443   -29988.025        7.582   303.9     -0.085      0.181      0.653      0.003     -0.475      0.468
246.5500     -29980.905   -29988.793        7.888   316.2     -0.451      0.418      0.469      0.152     -0.182     -0.209
246.6000     -29980.054   -29988.012        7.957   319.0     -0.681      0.064      0.060      0.368      0.253     -0.422
246.6500     -29979.852   -29987.770        7.918   317.4     -0.068     -0.777     -1.149      0.072      0.117     -0.541
246.7000     -29980.025   -29988.699        8.674   347.7     -0.338     -0.329      0.106      0.241      0.004      0.722
246.7500     -29980.041   -29988.504        8.463   339.2     -0.387     -0.508     -0.564     -0.025     -0.347     -0.273
246.8000     -29980.094   -29988.248        8.154   326.8     -0.016     -0.772     -0.005     -0.123      0.378     -0.096
246.8500     -29980.435   -29988.812        8.377   335.8      0.089      0.423      0.943      0.394     -0.065      0.214
246.9000     -29980.458   -29987.984        7.527   301.7      0.070     -0.535      0.213     -0.398      0.072     -0.372
246.9500     -29980.033   -29988.006        7.973   319.6      0.387     -0.450      0.878     -0.221      0.041      0.664
247.0000     -29979.847   -29987.428        7.580   303.9     -0.171     -0.386     -1.291      0.638     -0.070     -0.005
247.0500     -29979.616   -29987.496        7.880   315.9      0.370      1.136      0.979     -0.563      0.504     -0.097
247.1000     -29979.360   -29987.930        8.570   343.5     -0.297     -0.382      0.380      0.293     -0.038      0.047
247.1500     -29979.846   -29988.674        8.827   353.8     -0.695      0.143      0.063      0.031     -0.036     -0.252
247.2000     -29980.421   -29988.352        7.931   317.9     -0.172     -0.455     -0.297     -0.002      0.046      0.295
247.2500     -29979.955   -29988.477        8.522   341.6      0.418      0.242      0.667     -0.110      0.474     -0.719
247.3000     -29980.166   -29988.293        8.127   325.8     -0.633      0.758      0.518      0.061      0.499      0.013
247.3500     -29980.182   -29988.078        7.896   316.5      0.105     -0.504      0.022     -0.368     -0.673     -0.301
247.4000     -29980.132   -29988.514        8.382   336.0     -0.255     -0.196     -0.204      0.300     -0.003      0.347
247.4500     -29980.677   -29988.998        8.321   333.6      0.350      0.809      0.202      0.150      0.042      0.209
247.5000     -29980.756   -29988.482        7.727   309.7      0.043     -0.557      0.174     -0.223      0.100     -0.202
247.5500     -29980.838   -29988.930        8.092   324.4      0.703     -0.121      0.866      0.194      0.465      0.021
247.6000     -29980.877   -29988.457        7.580   303.9      0.354      0.525     -0.766     -0.147     -0.311      0.295
247.6500     -29981.079   -29988.799        7.720   309.5     -0.282     -0.076     -0.842      0.221     -0.474     -0.044
247.7000     -29980.653   -29989.020        8.366   335.4     -0.773     -0.401     -0.120     -0.324      0.235      0.373
247.7500     -29981.098   -29988.424        7.326   293.7     -0.146      0.086     -0.022      0.107      0.385     -0.523
247.8000     -29980.835   -29988.754        7.919   317.4     -0.026     -0.107      0.103      0.378      0.236     -0.192
247.8500     -29980.526   -29988.672        8.146   326.5     -0.339      0.040      0.641     -0.160     -0.081      0.039
247.9000     -29980.531   -29988.988        8.457   339.0     -0.548     -0.774     -0.919     -0.117     -0.264      0.053
247.9500     -29980.749   -29989.016        8.266   331.3     -0.547      0.003      0.152     -0.244      0.025     -0.453
248.0000     -29980.926   -29989.023        8.097   324.6      0.416      0.752     -0.729     -0.034     -0.054      0.370
248.0500     -29981.039   -29988.100        7.061   283.0     -1.258      0.163     -0.413     -0.192     -0.268     -0.107
248.1000     -29981.140   -29988.520        7.379   295.8      0.308     -0.153      0.096      0.567      0.224     -0.038
248.1500     -29981.319   -29989.541        8.222   329.6      0.234      0.009     -1.205     -0.080     -0.525      0.205
248.2000     -29980.803   -29989.117        8.314   333.3     -0.038      0.595      0.179      0.093      0.095      0.049
248.2500     -29980.730   -29988.123        7.394   296.4     -0.255      0.101      0.097     -0.589     -0.094      0.143
248.3000     -29981.279   -29988.932        7.653   306.8     -0.053     -0.158      0.055     -0.117     -0.544      0.171
248.3500     -29981.680   -29989.102        7.422   297.5      1.611      0.110     -0.047      0.127      0.367     -0.277
248.4000     -29981.370   -29989.381        8.011   321.1      0.143     -0.677     -0.307     -0.319     -0.081     -0.046
248.4500     -29981.426   -29988.865        7.439   298.2     -0.792      0.094      0.200     -0.427     -0.383      0.062
248.5000     -29981.716   -29990.020        8.303   332.8      0.033     -0.055     -0.082     -0.171     -0.006      0.264
248.5500     -29981.588   -29988.609        7.021   281.4     -0.014      0.144      0.374     -1.129     -0.362      0.115
248.6000     -29981.504   -29988.977        7.472   299.5      0.044     -0.295     -0.146      0.258      0.249     -0.441
248.6500     -29980.991   -29989.045        8.054   322.9     -0.046     -0.435     -0.131     -0.026     -0.007      0.409
248.7000     -29981.118   -29989.104        7.985   320.1      0.289     -0.493      0.168      0.177     -0.539      0.496
248.7500     -29980.825   -29989.027        8.203   328.8      0.600     -0.013     -0.337      0.059     -0.152     -0.252
248.8000     -29980.250   -29988.785        8.536   342.1      0.151      0.157      0.339      0.308      0.282      0.102
248.8500     -29980.657   -29989.119        8.462   339.2      0.874      1.128      0.099     -0.543     -0.285      0.112
248.9000     -29980.713   -29989.404        8.691   348.4     -0.254      0.201      0.258     -0.068      0.123     -0.251
248.9500     -29980.948   -29988.580        7.632   305.9      0.861      0.982      0.125      0.726      0.022     -0.321
249.0000     -29980.781   -29988.869        8.088   324.2      0.259      0.778      0.692     -0.094     -0.190     -0.088
249.0500     -29981.098   -29989.273        8.176   327.7      0.201      0.537     -0.105      0.049     -0.088     -0.221
249.1000     -29980.560   -29989.162        8.602   344.8      0.934      0.360      0.220     -0.422     -0.034      0.273
249.1500     -29980.265   -29988.801        8.536   342.2      0.058      0.035      0.153      0.592     -0.286     -0.222
249.2000     -29980.470   -29988.971        8.501   340.7     -0.099     -0.629      0.306     -0.129     -0.301      0.248
249.2500     -29980.646   -29987.934        7.287   292.1     -0.607     -0.997     -0.899     -0.111     -0.538     -0.103
249.3000     -29980.392   -29988.062        7.670   307.5      0.107      0.269      0.036     -0.078      0.102      0.277
249.3500     -29980.774   -29988.818        8.044   322.5      0.122      0.133      0.552      0.567     -0.008      0.060
249.4000     -29980.467   -29988.934        8.467   339.4      0.444      0.100     -0.046     -0.083     -0.017      0.373
249.4500     -29980.481   -29988.350        7.868   315.4      0.160     -1.093     -0.743     -0.212     -0.149     -0.161
249.5000     -29980.443   -29989.252        8.809   353.1     -0.146     -0.207     -0.092      0.004     -0.135      0.281
249.5500     -29980.742   -29988.834        8.092   324.4     -0.216      0.139      0.206      0.019      0.308      0.098
249.6000     -29980.453   -29989.012        8.559   343.1     -0.578      0.042     -0.671      0.053     -0.348     -0.538
249.6500     -29980.706   -29988.527        7.822   313.5     -0.526      1.079     -0.406     -0.157     -0.203     -0.218
249.7000     -29980.081   -29988.424        8.342   334.4      0.411      0.132     -0.191      0.332     -0.136     -0.673
249.7500     -29979.988   -29987.748        7.760   311.0     -0.133      0.578      0.471     -0.153      0.323     -0.268
249.8000     -29979.613   -29988.221        8.608   345.0     -0.557     -0.368      0.173     -0.132     -0.403      0.080
249.8500     -29979.447   -29987.520        8.072   323.6     -0.109      0.660     -0.332      0.146      0.455     -0.937
249.9000     -29979.663   -29987.752        8.089   324.3      0.433     -0.487     -0.358     -0.250     -0.082     -0.139
249.9500     -29979.534   -29988.262        8.728   349.9      0.748      0.774      0.181     -0.202     -0.045      0.105
250.0000     -29979.424   -29987.057        7.632   305.9     -1.218     -0.433     -0.665     -0.222      0.144     -0.098
250.0500     -29979.992   -29988.088        8.096   324.5     -0.899     -0.149     -1.103     -0.092     -0.596      0.329
250.1000     -29980.804   -29988.473        7.669   307.4     -0.075     -0.182     -0.499     -0.138     -0.027      0.550
250.1500     -29980.932   -29988.807        7.875   315.7     -0.293      0.169     -0.089     -0.019     -0.122     -0.228
250.2000     -29981.038   -29988.916        7.878   315.8      0.389     -0.089      0.320     -0.189      0.418      0.035
250.2500     -29980.278   -29988.184        7.906   316.9     -1.518     -0.533     -0.848     -0.639      0.120     -0.159
250.3000     -29980.285   -29988.293        8.008   321.0      0.412     -0.534     -0.519     -0.189      0.149      0.287
250.3500     -29980.069   -29988.207        8.138   326.2      0.225      0.415     -0.262     -0.135     -0.057     -0.071
250.4000     -29979.931   -29987.762        7.831   313.9      0.495      0.281      0.025     -0.124     -0.361     -0.079
250.4500     -29979.740   -29988.223        8.482   340.0     -0.533     -0.619      0.402     -0.427      0.615      0.462
250.5000     -29979.845   -29988.082        8.237   330.2      0.760      0.641      0.441     -0.080     -0.081      0.141
250.5500     -29979.744   -29988.092        8.348   334.6      0.381     -0.341     -0.100      0.090     -0.229     -0.015
250.6000     -29979.491   -29988.230        8.739   350.3     -0.623     -0.215     -0.017      0.236      0.269     -0.235
250.6500     -29979.610   -29987.422        7.812   313.1     -0.361     -0.336     -0.612     -0.368      0.517     -0.039
250.7000     -29979.622   -29988.426        8.804   352.9     -0.250     -0.207      0.392     -0.562     -0.094     -0.045
250.7500     -29979.594   -29988.037        8.443   338.4     -1.157     -0.498     -0.926     -0.248     -0.397     -0.003
250.8000     -29979.534   -29987.697        8.163   327.2      0.457     -0.903     -1.290     -0.192      0.381      0.116
250.8500     -29980.149   -29987.746        7.597   304.5      0.499     -0.299     -0.030      0.106     -0.566      0.397
250.9000     -29979.903   -29987.385        7.482   299.9     -0.021     -0.277      0.799      0.116      0.464     -0.587
250.9500     -29979.767   -29987.678        7.910   317.1      0.368      0.709      0.504     -0.063      0.092      0.473
251.0000     -29980.176   -29988.395        8.218   329.4      0.123      0.300     -0.262     -0.238      0.241     -0.678
251.0500     -29980.666   -29988.426        7.759   311.0      0.399     -0.147     -0.238      0.124     -0.382      0.452
251.1000     -29979.555   -29987.328        7.773   311.6      0.205     -0.284      0.738     -0.175     -0.130     -0.492
251.1500     -29979.644   -29988.453        8.809   353.1     -0.401     -0.399     -0.209      0.014      0.166     -0.124
251.2000     -29979.504   -29987.926        8.422   337.6     -0.350     -0.515     -0.526     -0.156     -0.445      0.301
251.2500     -29979.475   -29987.455        7.980   319.9      0.372     -0.242      0.210      0.451      0.638     -0.225
251.3000     -29979.324   -29987.314        7.990   320.3      0.528     -0.110      0.372     -0.306      0.107      0.338
251.3500     -29979.062   -29986.898        7.836   314.1      0.242      0.960      0.381      0.299      0.027     -0.401
251.4000     -29979.111   -29987.592        8.481   340.0      0.257     -0.258      0.691     -0.666      0.454      0.210
251.4500     -29979.355   -29987.436        8.080   323.9     -0.325     -0.642      0.356      0.050     -0.250     -0.150
251.5000     -29979.047   -29987.469        8.421   337.6     -0.776      0.200     -0.862     -0.012     -0.314      0.412
251.5500     -29980.089   -29988.086        7.997   320.6     -0.379     -1.262     -0.331      0.382      0.154     -0.310
251.6000     -29979.527   -29987.398        7.871   315.5      0.236      0.263     -0.050     -0.221      0.145      0.028
251.6500     -29980.009   -29987.678        7.669   307.4     -0.180     -0.427      0.098     -0.621      0.154     -0.018
251.7000     -29979.780   -29987.072        7.292   292.3      0.158      0.612     -0.679      0.479     -0.690     -0.743
251.7500     -29979.977   -29987.756        7.779   311.8      0.052      0.905      0.512      0.034      0.455      0.243
251.8000     -29979.899   -29988.102        8.203   328.8     -0.314     -0.398     -0.351     -0.140     -0.328      0.059
251.8500     -29979.870   -29988.152        8.282   332.0     -0.757     -0.938      0.218      0.634      0.662     -0.027
251.9000     -29979.983   -29988.314        8.332   334.0     -0.700      0.474     -0.012     -0.168     -0.282     -0.454
251.9500     -29979.719   -29987.234        7.515   301.2     -0.561     -0.335      0.009      0.332      0.528      0.551
252.0000     -29979.682   -29987.508        7.826   313.7     -0.530      0.617     -0.235     -0.150     -0.280     -0.718
252.0500     -29979.805   -29987.770        7.965   319.3      0.552      0.684      1.323      0.317      0.707     -0.303
252.1000     -29980.206   -29987.848        7.642   306.3      0.150      0.014      0.793      0.267      0.163     -0.141
252.1500     -29980.343   -29988.166        7.823   313.6     -1.343     -0.227      0.043      0.308     -0.242      0.318
252.2000     -29980.370   -29988.676        8.306   333.0      0.089      0.518      0.523      0.167      0.352     -0.337
252.2500     -29980.010   -29989.053        9.042   362.5      0.624     -0.019      0.205      0.639      0.330      0.331
252.3000     -29979.472   -29988.441        8.969   359.5     -1.865     -0.971     -0.904      0.128     -0.185     -0.014
252.3500     -29979.776   -29987.803        8.027   321.8     -0.190     -0.468      1.010     -0.227     -0.144      0.327
252.4000     -29979.826   -29988.643        8.817   353.4     -0.615      0.114      0.662     -0.115      0.743      0.124
252.4500     -29979.898   -29989.012        9.113   365.3      0.222     -0.803     -0.291      0.375      0.158      0.494
252.5000     -29979.832   -29988.041        8.209   329.1     -0.297      0.216     -0.547      0.641     -0.248      0.167
252.5500     -29979.853   -29988.191        8.339   334.3     -0.187     -0.106      1.494      0.337     -0.350     -0.749
252.6000     -29979.700   -29988.045        8.345   334.5     -1.001      0.471     -0.197      0.119      0.257     -0.107
252.6500     -29980.038   -29988.586        8.548   342.6      0.149      0.041     -0.145      0.244      0.494      0.477
252.7000     -29979.471   -29988.035        8.564   343.3     -0.233     -1.660     -0.015     -0.153     -0.405     -0.320
252.7500     -29979.615   -29989.232        9.618   385.5      0.006      0.618      0.716      0.050      0.251     -0.702
252.8000     -29979.216   -29988.463        9.247   370.7     -0.061      0.966      1.042      0.421     -0.022      0.014
252.8500     -29979.689   -29988.521        8.832   354.0      0.895      1.790     -0.194     -0.523      0.125      0.334
252.9000     -29980.061   -29988.209        8.148   326.6     -0.912     -0.741     -0.494      0.111     -0.454      0.188
252.9500     -29979.829   -29988.092        8.262   331.2     -0.489      0.174      0.069     -0.329     -0.477      0.360
253.0000     -29980.239   -29988.451        8.212   329.2      0.091     -0.095      1.051      1.003     -0.651     -0.290
253.0500     -29979.988   -29989.004        9.016   361.4     -0.089      0.754      0.437     -0.251      0.085      0.011
253.1000     -29979.663   -29988.324        8.661   347.2     -0.804     -0.022      0.135     -0.528      0.039      0.764
253.1500     -29979.287   -29988.254        8.967   359.5     -0.634     -0.040      0.235     -0.377      0.088      0.037
253.2000     -29979.667   -29987.924        8.256   331.0      0.876      0.188      1.367     -0.350      0.251      0.147
253.2500     -29979.064   -29987.816        8.753   350.9     -0.756     -0.247     -0.422     -0.568      0.024     -0.014
253.3000     -29979.495   -29988.656        9.161   367.2     -0.361     -0.062      0.103     -0.434     -0.627      0.715
253.3500     -29979.343   -29988.541        9.198   368.7     -0.869      0.183     -0.492      0.574     -0.260     -0.287
253.4000     -29979.401   -29988.203        8.802   352.8     -0.118     -1.129     -0.080     -0.296      0.087      0.078
253.4500     -29979.398   -29988.326        8.928   357.9     -0.536      0.371      0.184     -0.255     -0.423     -0.298
253.5000     -29979.479   -29988.107        8.628   345.9      0.449     -0.519     -0.657      0.486      0.075     -0.219
253.5500     -29979.366   -29988.080        8.714   349.3     -0.717     -0.126     -0.180      0.016      0.344     -0.204
253.6000     -29979.237   -29987.223        7.985   320.1     -1.123     -0.575      0.047     -0.289      0.638     -0.454
253.6500     -29979.360   -29987.578        8.218   329.4     -0.449      0.653     -1.072     -0.256     -0.532      0.607
253.7000     -29979.015   -29987.816        8.802   352.8     -1.004      0.078     -0.106     -0.235     -0.250      0.209
253.7500     -29979.683   -29987.639        7.956   318.9     -0.167     -0.331      0.091     -0.044      0.042     -0.240
253.8000     -29980.231   -29988.986        8.755   350.9      0.802     -0.070      0.569      0.560     -0.424      0.208
253.8500     -29980.357   -29988.170        7.813   313.2      0.626      1.718      0.516     -0.255     -0.164      0.027
253.9000     -29980.247   -29988.803        8.556   343.0      1.071     -0.200      0.878     -0.888     -0.633     -0.354
253.9500     -29980.492   -29988.682        8.190   328.3      0.067      0.671     -0.198      0.607      0.470      0.630
254.0000     -29980.307   -29988.820        8.514   341.3      0.152     -0.496     -0.496     -0.456     -0.014     -0.048
254.0500     -29980.408   -29989.033        8.625   345.7      0.476     -0.191     -0.880     -0.329     -0.610      0.778
254.1000     -29980.682   -29989.115        8.433   338.0     -0.207      0.656      0.352      0.155     -0.162     -0.435
254.1500     -29981.080   -29988.652        7.572   303.5      0.978     -0.166     -0.563      0.255      0.230      0.150
254.2000     -29980.961   -29988.553        7.592   304.3      0.101     -0.589      0.216     -0.300      0.379     -0.094
254.2500     -29980.862   -29988.850        7.988   320.2     -0.146     -0.851      0.618     -0.405      0.452     -0.285
254.3000     -29980.939   -29989.025        8.087   324.2      0.474      0.439      0.071     -0.985      0.091      0.109
254.3500     -29980.566   -29988.506        7.940   318.3     -0.687     -0.526      0.655      0.228     -0.075     -0.223
254.4000     -29980.482   -29988.594        8.111   325.1     -1.317      0.158     -0.690     -0.180      0.237      0.154
254.4500     -29980.465   -29988.611        8.146   326.5     -0.221     -0.765      0.047      0.102     -0.393     -0.192
254.5000     -29979.754   -29988.312        8.558   343.1     -0.040     -0.321     -0.189      0.948      0.360     -0.418
254.5500     -29979.313   -29988.434        9.121   365.6     -0.694     -0.934      0.708     -0.238     -0.399      0.321
254.6000     -29979.251   -29988.068        8.818   353.5     -0.470      0.430      0.192     -0.097      0.033     -0.599
254.6500     -29979.383   -29988.125        8.742   350.4      1.635     -0.234      0.535      0.510     -0.093     -0.106
254.7000     -29978.601   -29987.756        9.155   367.0     -1.343      0.636     -0.365     -0.045     -0.190     -0.098
254.7500     -29978.649   -29987.961        9.312   373.3      0.375     -0.675     -0.846     -0.783      0.070     -0.069
254.8000     -29978.261   -29988.316       10.056   403.1     -0.660     -1.602     -0.251     -0.142      0.440      0.233
254.8500     -29978.271   -29987.898        9.627   385.9     -1.521      0.106     -0.100     -0.030     -0.336      0.374
254.9000     -29978.710   -29987.738        9.029   361.9      0.462      0.376     -0.401     -0.400     -0.194     -0.404
254.9500     -29978.610   -29988.146        9.537   382.3     -0.086      0.018     -0.188      0.087      0.460      0.213
255.0000     -29978.573   -29987.369        8.796   352.6     -0.598     -0.848     -1.279     -0.770      0.063      0.608
255.0500     -29978.827   -29987.961        9.134   366.1     -0.420     -0.239     -0.096      0.405      0.004     -0.034
255.1000     -29978.694   -29988.156        9.463   379.3      0.219      0.061     -0.560      0.017     -0.511      0.753
255.1500     -29979.056   -29987.322        8.266   331.4     -1.284      0.476      0.249     -0.409     -0.625      0.293
255.2000     -29979.111   -29987.787        8.677   347.8      0.306     -0.074      0.222     -0.035     -0.116     -0.475
255.2500     -29979.011   -29988.539        9.528   381.9      0.458      0.918     -0.160      0.185     -0.329      0.555
255.3000     -29979.543   -29989.553       10.010   401.2      0.369     -0.938     -0.075      0.417      0.131     -0.254
255.3500     -29980.028   -29988.580        8.552   342.8     -0.548      0.331     -1.166     -0.601     -0.415      0.422
255.4000     -29980.084   -29988.479        8.394   336.5      0.227     -1.026      0.034      0.063      0.159     -0.146
255.4500     -29980.683   -29988.939        8.256   330.9      0.217      0.649      0.478     -0.519      0.405      0.501
255.5000     -29981.251   -29989.855        8.605   344.9      0.277     -0.323     -0.615      0.152     -0.234      0.383
255.5500     -29981.667   -29989.768        8.101   324.7      0.184      0.873      0.200     -0.479     -0.098      0.315
255.6000     -29982.010   -29989.713        7.703   308.8      0.451     -0.594     -0.454      0.208      0.123      0.354
255.6500     -29981.715   -29989.117        7.402   296.7      0.365      1.290      0.579     -0.416     -0.311     -0.010
255.7000     -29981.686   -29989.613        7.927   317.7     -0.078     -0.253      0.387     -0.079      0.110     -0.338
255.7500     -29982.189   -29990.211        8.022   321.6     -0.053      0.061     -0.162      0.365     -0.246     -0.028
255.8000     -29981.978   -29989.850        7.872   315.5     -0.366      0.833      0.268     -0.296      0.040     -0.035
255.8500     -29981.830   -29989.406        7.577   303.7     -0.026     -0.639      0.419      0.009     -0.379      0.323
255.9000     -29981.515   -29989.227        7.711   309.1     -0.423      0.171      0.184     -0.061      0.146     -0.177
255.9500     -29980.982   -29988.799        7.817   313.3      0.267      0.227      0.075     -0.836      0.104      0.262
256.0000     -29980.130   -29989.084        8.954   358.9      0.022     -0.271     -0.428     -0.060     -0.028     -0.511
256.0500     -29980.449   -29989.463        9.014   361.3     -1.135     -1.738     -0.374      0.009      0.539     -0.481
256.1000     -29980.785   -29989.168        8.382   336.0     -0.761      0.379     -0.354      0.341     -0.149      0.353
256.1500     -29980.866   -29989.070        8.204   328.8     -1.167     -0.743     -1.081     -0.037      0.071      0.246
256.2000     -29980.961   -29989.195        8.234   330.1     -0.159     -0.804      0.385     -0.071     -0.053      0.435
256.2500     -29981.334   -29989.834        8.500   340.7     -0.506     -0.386      0.732     -0.477     -0.701     -0.029
256.3000     -29981.811   -29989.961        8.150   326.7     -0.339      0.361      0.615      0.357      0.329      0.339
256.3500     -29981.322   -29989.439        8.118   325.4     -0.363     -1.103     -0.441     -0.284     -0.229      0.531
256.4000     -29981.954   -29989.918        7.964   319.2     -0.161      0.085     -0.070      0.131      0.144      0.111
256.4500     -29982.032   -29989.838        7.806   312.9     -0.355     -0.346     -0.254     -0.103      0.066     -0.245
256.5000     -29982.010   -29989.912        7.902   316.7     -0.737     -0.871      0.673     -0.342     -0.490     -0.266
256.5500     -29981.199   -29989.115        7.916   317.3     -0.268      0.006     -0.614      0.270      0.594      0.334
256.6000     -29980.387   -29988.934        8.547   342.6      0.052      0.353      0.769     -0.320     -0.230     -0.221
256.6500     -29980.093   -29989.371        9.278   371.9     -0.567      0.651      0.570      0.026     -0.046      0.083
256.7000     -29980.025   -29988.514        8.489   340.3     -0.389     -0.136     -0.843     -0.421     -0.095     -0.235
256.7500     -29980.102   -29988.789        8.687   348.2     -1.252     -1.071     -0.522      0.192     -0.384     -0.673
256.8000     -29980.733   -29988.877        8.144   326.4     -0.611     -0.996     -0.567      0.043      0.328      0.751
256.8500     -29980.986   -29989.270        8.283   332.0     -0.296     -0.555     -1.019      0.115     -0.407     -0.167
256.9000     -29981.312   -29989.658        8.346   334.5     -0.295     -0.124      0.001     -0.107     -0.095     -0.160
256.9500     -29981.572   -29989.631        8.059   323.0     -0.464     -0.877     -1.538      0.350     -0.151      0.254
257.0000     -29981.340   -29989.799        8.459   339.1      0.874     -1.133     -0.136      0.279     -0.049     -0.456
257.0500     -29981.544   -29989.510        7.966   319.3     -0.550     -0.115     -0.521     -0.393      0.171     -0.342
257.1000     -29981.025   -29989.047        8.022   321.5      0.179     -0.893      0.557     -0.135      0.450     -0.822
257.1500     -29980.059   -29988.957        8.898   356.7     -0.603      0.643     -0.742     -0.174      0.047      0.127
257.2000     -29980.783   -29989.119        8.336   334.1     -0.230     -0.660     -0.429      0.640      0.380      0.193
257.2500     -29980.831   -29989.059        8.228   329.8     -0.422     -0.297     -0.974      0.006     -0.348     -0.776
257.3000     -29980.644   -29989.104        8.460   339.1      0.507     -1.103     -0.005      0.184     -0.069      0.328
257.3500     -29980.995   -29989.285        8.291   332.3     -1.470     -0.264     -0.595     -0.278      0.230     -0.668
257.4000     -29981.154   -29989.779        8.625   345.7     -0.412     -0.934      0.888     -0.056      0.089     -0.203
257.4500     -29981.346   -29989.973        8.627   345.8     -0.775     -1.183     -0.154      0.076     -0.018      0.239
257.5000     -29981.607   -29989.318        7.712   309.1      0.323     -0.508      0.575     -0.279     -0.270     -0.292
257.5500     -29981.327   -29989.357        8.030   321.9      0.257      0.709     -0.684      0.274     -0.339     -0.080
257.6000     -29981.563   -29988.967        7.404   296.8     -0.492     -0.694      1.811      0.157      0.395      0.128
257.6500     -29980.817   -29989.320        8.503   340.8     -0.154     -1.835     -0.663     -0.053      0.748     -0.136
257.7000     -29980.784   -29989.281        8.497   340.6     -0.600     -0.784      0.214      0.286     -0.156      0.195
257.7500     -29980.953   -29989.455        8.502   340.8      0.454     -0.648      0.516     -0.447     -0.055      0.240
257.8000     -29981.179   -29989.486        8.307   333.0      0.347      1.110     -0.580      0.283      0.091      0.251
257.8500     -29981.342   -29989.662        8.320   333.5      0.209     -1.192      0.398     -0.162     -0.227      0.083
257.9000     -29981.191   -29989.615        8.424   337.7     -0.438     -0.073     -0.179      0.155      0.341     -0.573
257.9500     -29980.798   -29988.609        7.811   313.1     -1.142      0.174     -0.123     -0.006      0.299      0.899
258.0000     -29980.425   -29989.020        8.595   344.5      0.318     -0.700     -1.296      0.133      0.614      0.012
258.0500     -29980.886   -29988.646        7.760   311.1     -0.045     -0.849      0.687     -0.150     -0.451      0.172
258.1000     -29980.772   -29989.143        8.370   335.5     -0.853      0.071     -0.319      0.444     -0.134     -0.212
258.1500     -29980.810   -29989.494        8.684   348.1     -0.113      0.780     -0.833     -0.278      0.388     -0.541
258.2000     -29981.152   -29990.064        8.912   357.2     -0.547     -0.349      0.127     -0.123      0.200     -0.023
258.2500     -29981.311   -29989.762        8.450   338.7      0.146      0.112      0.879     -0.411      0.002      0.300
258.3000     -29980.557   -29988.752        8.195   328.5      0.752      0.390     -0.324      0.292      0.386     -0.450
258.3500     -29980.760   -29989.004        8.244   330.4     -0.724     -0.224     -0.244     -0.210     -0.240      0.098
258.4000     -29981.193   -29989.266        8.072   323.6      1.160     -0.045     -0.192     -0.178      0.180     -0.099
258.4500     -29981.443   -29989.781        8.339   334.3      0.477     -0.683      1.383      0.447     -0.028      0.056
258.5000     -29981.780   -29989.562        7.782   311.9     -0.360     -0.178     -0.810     -0.094      0.387     -0.348
258.5500     -29981.290   -29989.551        8.260   331.1      0.489     -0.837     -0.883     -0.014     -0.153      0.046
258.6000     -29980.846   -29990.148        9.302   372.9     -0.593     -0.457     -0.524      0.620      0.403     -0.386
258.6500     -29981.263   -29989.938        8.674   347.7     -0.794      0.336     -0.646      0.019     -0.479     -0.289
258.7000     -29981.139   -29989.307        8.168   327.4     -1.342     -0.128     -0.063     -0.170     -0.457     -0.126
258.7500     -29981.300   -29989.867        8.567   343.4     -0.340     -0.143     -0.012     -0.364      0.061      0.299
258.8000     -29981.538   -29989.463        7.925   317.7      0.248     -1.084     -0.520      0.287     -0.307      0.404
258.8500     -29980.964   -29989.102        8.137   326.2     -0.078      0.232     -1.115     -0.456      0.462     -0.326
258.9000     -29980.915   -29989.607        8.693   348.4     -1.385     -1.113     -0.251     -0.073      0.309      0.627
258.9500     -29981.365   -29990.166        8.801   352.8     -0.530     -0.617     -0.889      0.131     -0.267     -0.614
259.0000     -29981.555   -29989.979        8.423   337.6      0.277     -0.298     -0.503     -0.100      0.562      0.457
259.0500     -29981.776   -29989.398        7.622   305.5      0.137     -0.930     -0.867     -0.103     -0.307     -0.041
259.1000     -29981.538   -29989.475        7.936   318.1     -0.165     -0.293     -0.461     -0.413     -0.168      0.301
259.1500     -29981.158   -29989.105        7.948   318.6     -0.351     -0.590     -0.852     -0.350     -0.264     -0.641
259.2000     -29981.534   -29989.432        7.898   316.6      0.675      0.471      0.374      0.421      0.267      0.102
259.2500     -29981.946   -29989.633        7.686   308.1      0.486     -0.038      0.013     -0.060      0.443     -0.127
259.3000     -29982.118   -29989.969        7.851   314.7      0.214     -0.658     -1.018     -0.462     -0.057     -0.179
259.3500     -29981.732   -29990.045        8.313   333.2     -0.481     -1.565     -0.860      0.032     -0.028      0.362
259.4000     -29982.055   -29989.982        7.927   317.8     -0.915     -0.004      0.035     -0.053     -0.302      0.099
259.4500     -29981.971   -29990.502        8.531   342.0      0.099     -0.079      0.236      0.135      0.459     -0.146
259.5000     -29982.136   -29990.477        8.340   334.3      0.271      0.325      0.162     -0.553      0.177     -0.094
259.5500     -29981.893   -29989.941        8.049   322.6      0.189      0.065      0.599      0.784      0.055      0.053
259.6000     -29982.103   -29990.512        8.409   337.1      0.264     -0.313      0.144     -0.506     -0.311     -0.378
259.6500     -29981.360   -29989.793        8.433   338.0     -0.303      0.479     -0.406     -0.028      0.103      0.580
259.7000     -29981.206   -29989.291        8.085   324.1     -0.857     -0.749      0.094      0.289     -0.411     -0.257
259.7500     -29981.262   -29989.229        7.967   319.3     -0.412     -0.463     -0.625      0.342     -0.076     -0.257
259.8000     -29980.730   -29988.986        8.257   331.0      0.350      0.069      0.301     -0.884      0.296     -0.290
259.8500     -29980.086   -29988.270        8.184   328.0     -0.486     -0.892     -0.561     -0.050      0.242      0.102
259.9000     -29980.057   -29989.135        9.078   363.9     -0.290     -0.277      0.095     -0.192      0.297      0.549
259.9500     -29979.805   -29988.703        8.898   356.7      0.492      0.311     -0.350     -0.151     -0.095     -0.309
260.0000     -29979.700   -29988.727        9.027   361.8     -0.324     -0.542      0.652      0.157      0.223     -0.281
260.0500     -29979.069   -29988.391        9.322   373.7     -0.089      0.552     -0.331      0.293      0.101     -0.041
260.1000     -29979.774   -29988.426        8.652   346.8     -1.022     -0.848     -0.296      0.597     -0.029     -0.029
260.1500     -29979.786   -29988.152        8.367   335.4      0.344      0.705     -0.904     -0.305      0.055      0.187
260.2000     -29980.194   -29988.656        8.463   339.2      0.293     -0.244     -0.332      0.159     -0.231     -0.403
260.2500     -29980.255   -29988.104        7.848   314.6     -0.276      0.531      0.999     -0.369     -0.088     -0.215
260.3000     -29979.880   -29988.365        8.485   340.1     -0.297      0.399     -0.521     -0.211      0.233     -0.085
260.3500     -29979.299   -29987.734        8.435   338.1     -0.645      0.394      0.042     -0.046     -0.034     -0.111
260.4000     -29979.602   -29987.287        7.685   308.1      0.697      1.048      0.579     -0.633      0.248     -0.214
260.4500     -29980.107   -29987.502        7.395   296.4     -0.382     -0.492     -0.644      0.006     -0.176      0.287
260.5000     -29980.186   -29988.912        8.726   349.8      0.283      0.098      0.541      0.400      0.213      0.011
260.5500     -29980.475   -29989.082        8.607   345.0     -0.437     -0.125     -0.328      0.115      0.044     -0.009
260.6000     -29980.671   -29989.053        8.382   336.0     -0.337      0.279     -0.285     -0.485     -0.563      0.298
260.6500     -29980.987   -29989.076        8.090   324.3      0.630      0.740     -0.755      0.067      0.273     -0.389
260.7000     -29981.137   -29989.586        8.449   338.7      0.295     -0.224     -0.018     -0.524     -0.528     -0.081
260.7500     -29981.311   -29989.250        7.939   318.2     -0.057      0.733      0.349     -0.272     -0.178     -0.322
260.8000     -29981.597   -29989.404        7.807   312.9      0.235     -0.606      0.174     -0.099      0.008     -0.022
260.8500     -29981.136   -29989.342        8.206   328.9     -0.257      0.663      0.907      0.267     -0.159      0.212
260.9000     -29980.822   -29989.076        8.254   330.9     -0.008      0.146     -0.013     -0.203     -0.109     -0.206
260.9500     -29980.679   -29989.088        8.409   337.1      0.518      0.122      0.275     -0.360     -0.227     -0.263
261.0000     -29980.289   -29988.852        8.563   343.2     -0.285     -0.306     -0.594     -0.088     -0.193     -0.032
261.0500     -29980.383   -29988.832        8.449   338.7      0.632     -0.379      0.599     -0.231     -0.048     -0.517
261.1000     -29980.501   -29987.645        7.143   286.3      0.343      0.147      0.315      0.418      0.028      0.003
261.1500     -29980.696   -29988.266        7.569   303.4     -0.228      0.855     -0.052     -0.840      0.022     -0.241
261.2000     -29980.816   -29988.791        7.975   319.7      0.098     -0.638     -0.833      0.130      0.019     -0.501
261.2500     -29980.678   -29988.850        8.172   327.6     -0.154     -0.564     -0.045     -0.217     -0.241     -0.287
261.3000     -29980.075   -29988.529        8.454   338.9      0.378     -0.242     -0.427      0.291     -0.411     -0.836
261.3500     -29979.680   -29988.043        8.363   335.2     -0.265     -0.595     -0.135      0.316      0.115     -0.007
261.4000     -29979.703   -29988.430        8.727   349.8     -0.074     -0.173      0.344     -0.193      0.412     -0.162
261.4500     -29979.803   -29987.961        8.158   327.0     -0.882      0.056     -0.809      0.413      0.060      0.678
261.5000     -29979.949   -29988.355        8.406   337.0      0.285     -0.024      0.530     -0.259     -0.449     -0.550
261.5500     -29980.216   -29988.748        8.532   342.0     -0.470      0.340     -0.658      0.231      0.128      0.306
261.6000     -29980.172   -29988.471        8.299   332.7     -0.335     -0.820     -1.001     -0.461     -0.248     -0.001
261.6500     -29980.543   -29988.631        8.088   324.2      0.512     -0.455     -0.400     -0.142      0.255     -0.156
261.7000     -29980.687   -29989.969        9.281   372.0      0.097      0.034      0.050     -0.103     -0.189      0.230
261.7500     -29980.560   -29988.818        8.258   331.0     -0.841     -0.256     -0.005      0.361     -0.607     -0.032
261.8000     -29980.947   -29989.025        8.078   323.8      0.313      0.570     -0.301     -0.244      0.167      0.141
261.8500     -29980.752   -29988.838        8.086   324.1     -0.768     -0.862     -0.695     -0.080     -0.323     -0.080
261.9000     -29980.464   -29989.227        8.763   351.3      0.490     -1.219     -0.726      0.209      0.038     -0.254
261.9500     -29980.156   -29988.287        8.131   325.9     -0.487      0.092      0.270     -0.216     -0.002     -0.059
262.0000     -29980.755   -29988.723        7.968   319.4      0.670      0.980     -0.481      0.458     -0.328     -0.429
262.0500     -29980.672   -29988.773        8.102   324.8      0.891     -0.106      0.699     -0.073     -0.298      0.014
262.1000     -29980.619   -29989.652        9.034   362.1      0.612     -0.845      0.516      0.043      0.151      0.051
262.1500     -29980.284   -29988.449        8.165   327.3     -0.482      0.344     -0.153     -0.030      0.102     -0.065
262.2000     -29980.516   -29988.582        8.066   323.3      0.586      0.611     -0.501      0.065      0.267     -0.366
262.2500     -29980.923   -29989.227        8.303   332.8     -0.228     -0.657     -0.558     -0.399      0.069     -0.234
262.3000     -29981.621   -29988.693        7.073   283.5     -0.812     -0.145     -0.442     -0.042     -0.524     -0.324
262.3500     -29981.471   -29989.053        7.582   303.9     -0.346     -0.974     -0.012     -0.526      0.142      0.378
262.4000     -29981.177   -29989.000        7.823   313.6     -0.231     -0.203     -0.359     -0.215      0.631      0.076
262.4500     -29980.386   -29989.043        8.657   347.0     -0.725     -0.307     -0.792      0.223      0.119     -0.607
262.5000     -29980.871   -29988.535        7.665   307.2     -0.282     -0.082      0.936      0.488      0.036     -0.186
262.5500     -29980.530   -29988.146        7.616   305.3     -0.015      0.705     -0.687     -0.347      0.124      0.135
262.6000     -29980.276   -29988.488        8.212   329.2     -0.639     -0.667     -0.309      0.189      0.039     -0.344
262.6500     -29980.477   -29988.984        8.508   341.0     -0.391     -0.353      0.204      0.483      0.389      0.008
262.7000     -29980.276   -29988.498        8.222   329.6     -0.339     -0.000     -0.345     -0.073     -0.040     -0.220
262.7500     -29980.694   -29989.115        8.422   337.6     -0.687     -1.007      0.154     -0.663     -0.064     -0.050
262.8000     -29980.844   -29989.576        8.732   350.0     -0.713     -0.146      0.377      0.172      0.451     -0.273
262.8500     -29980.425   -29988.574        8.149   326.7      0.068      0.305     -0.975      0.166      0.425     -0.025
262.9000     -29980.859   -29988.953        8.094   324.5     -0.534     -0.180     -0.594     -0.352     -0.225     -0.193
262.9500     -29981.063   -29989.467        8.404   336.9     -0.386      0.010     -0.107      0.529      0.039      0.047
263.0000     -29981.491   -29989.545        8.054   322.9     -0.971     -0.343      0.071     -0.204      0.124     -0.114
263.0500     -29981.168   -29988.895        7.726   309.7     -0.211      0.261      0.568     -0.159     -0.708      0.247
263.1000     -29980.926   -29988.773        7.848   314.6     -0.774      0.083     -1.274     -0.350      0.133      0.163
263.1500     -29980.681   -29988.619        7.939   318.2      0.169     -0.914      0.220      0.110     -0.339      0.186
263.2000     -29980.498   -29989.221        8.723   349.7     -0.638     -0.857      0.149     -0.607     -0.797      0.147
263.2500     -29980.427   -29988.637        8.209   329.1     -0.252     -1.050      0.329     -0.567      0.043     -0.425
263.3000     -29980.297   -29989.188        8.890   356.4     -0.868     -0.389     -0.405      0.706     -0.420      0.034
263.3500     -29979.924   -29988.676        8.752   350.8     -0.089      0.370     -0.708     -0.256     -0.550      0.267
263.4000     -29979.958   -29988.090        8.132   326.0      0.576      0.518      0.186     -0.594     -0.114      0.186
263.4500     -29980.264   -29988.174        7.910   317.1     -0.520     -0.137      0.374     -0.210     -0.105      0.164
263.5000     -29980.285   -29988.725        8.440   338.3      0.728      0.294     -0.885      0.085      0.022     -0.136
263.5500     -29980.574   -29988.256        7.682   307.9     -0.423      0.262     -0.288     -0.551     -0.465     -0.314
263.6000     -29981.135   -29988.408        7.273   291.6      0.240      0.522      0.346      0.150      0.424      0.269
263.6500     -29981.115   -29988.918        7.803   312.8      0.272      1.073      0.133     -0.266     -0.152      0.061
263.7000     -29980.742   -29988.783        8.042   322.3     -0.028      0.410      0.821      0.256      0.218     -0.155
263.7500     -29980.261   -29988.510        8.249   330.7     -0.135      0.102     -0.568      0.684     -0.431      0.115
263.8000     -29980.310   -29988.439        8.130   325.9     -0.424      0.279     -0.307     -0.422     -0.456      0.346
263.8500     -29980.868   -29989.475        8.607   345.0     -0.019     -0.211      0.137      0.212     -0.158      0.021
263.9000     -29981.230   -29989.459        8.229   329.8     -0.280      0.315     -0.548     -0.448      0.506      0.228
263.9500     -29981.338   -29989.357        8.019   321.5      0.428      0.411      0.341      0.035      0.533      0.513
264.0000     -29981.196   -29989.293        8.097   324.6      0.605      0.030      0.655     -0.004     -0.554     -0.037
264.0500     -29980.978   -29988.916        7.938   318.2     -0.180     -0.147      0.487     -0.077     -0.027      0.731
264.1000     -29980.990   -29989.088        8.098   324.6     -1.134      0.407     -0.301     -0.069     -0.095     -0.222
264.1500     -29980.819   -29989.141        8.322   333.6     -0.627      0.056     -0.438     -0.781     -0.184     -0.684
264.2000     -29981.188   -29988.867        7.679   307.8     -0.270      0.376     -0.097      0.655      0.008      0.010
264.2500     -29981.415   -29989.180        7.765   311.3      0.522     -0.248      0.320     -0.369     -0.342     -0.295
264.3000     -29981.130   -29988.930        7.799   312.6     -0.124     -0.586     -0.636     -0.085     -0.085     -0.361
264.3500     -29980.733   -29989.307        8.574   343.7     -0.740     -0.003     -0.407      0.115     -0.136     -0.046
264.4000     -29981.096   -29988.482        7.387   296.1     -0.288     -1.094     -0.176     -0.125     -0.038     -0.478
264.4500     -29980.847   -29988.590        7.743   310.4     -0.529      0.179     -1.223     -0.123      0.270      0.205
264.5000     -29981.535   -29989.721        8.186   328.1      0.056     -1.043      0.543      0.490      0.540      0.066
264.5500     -29981.208   -29989.086        7.878   315.8     -0.002      0.956     -0.243     -0.952     -0.039      0.049
264.6000     -29981.212   -29989.076        7.864   315.2      0.484     -0.316     -0.459     -0.508     -0.038     -0.008
264.6500     -29981.246   -29988.668        7.422   297.5      0.286     -0.098      0.658     -0.152      0.367     -0.016
264.7000     -29980.928   -29988.877        7.949   318.6     -0.552     -0.597      0.080      0.270      0.078     -0.096
264.7500     -29980.262   -29988.652        8.390   336.3     -0.327      0.188     -1.092     -0.042     -0.081     -0.092
264.8000     -29979.912   -29988.625        8.713   349.3     -0.746     -0.971     -0.078      0.162     -0.102     -0.023
264.8500     -29979.780   -29989.307        9.526   381.9     -0.119     -0.154      0.293     -0.011     -0.254      0.257
264.9000     -29979.316   -29988.094        8.778   351.9     -0.462      0.133     -0.123      0.801     -0.038     -0.013
264.9500     -29979.032   -29987.781        8.750   350.7      0.535      0.117      0.026     -0.437     -0.355      0.565
265.0000     -29979.349   -29987.471        8.122   325.5     -0.814     -0.520      0.171      0.118      0.228     -0.202
265.0500     -29979.522   -29988.463        8.941   358.4      0.295      0.024      0.897     -0.108     -0.551     -0.101
265.1000     -29979.728   -29988.174        8.446   338.6      0.016      0.747     -0.507      0.097      0.248     -0.123
265.1500     -29980.548   -29988.498        7.950   318.7     -0.136     -0.001      0.742      0.183      0.502      0.367
265.2000     -29980.461   -29988.020        7.558   303.0     -0.058      0.622      0.576     -0.071     -0.323      0.263
265.2500     -29980.381   -29988.314        7.933   318.0      0.425      0.281      0.436     -0.250     -0.652     -0.029
265.3000     -29979.850   -29988.352        8.502   340.8      0.723      0.078      0.250     -0.322      0.256      0.491
265.3500     -29980.088   -29988.535        8.447   338.6     -0.133      0.636      0.825     -0.098      0.084      0.138
265.4000     -29980.056   -29988.670        8.614   345.3     -0.360      1.330      0.824      0.124     -0.287      0.122
265.4500     -29979.904   -29989.004        9.100   364.8     -0.662     -1.312     -0.715      0.054      0.176      0.491
265.5000     -29979.638   -29988.338        8.700   348.7     -1.168     -0.959     -0.592     -0.387     -0.053     -0.256
265.5500     -29979.031   -29987.938        8.907   357.0     -0.399      0.045     -0.095      0.017     -0.265     -0.212
265.6000     -29978.637   -29987.123        8.486   340.2      0.250      0.511      0.629     -0.319      0.223     -0.368
265.6500     -29979.144   -29987.436        8.292   332.4      0.353      0.196      0.661      0.027     -0.778      0.717
265.7000     -29979.467   -29987.635        8.167   327.4     -0.246     -0.623     -0.682     -0.214      0.166     -0.227
265.7500     -29979.392   -29988.451        9.059   363.1     -0.114      0.007      0.521     -0.300     -0.337      0.112
265.8000     -29979.611   -29988.480        8.869   355.5     -1.150     -0.498      0.053     -0.407      0.377      0.341
265.8500     -29980.058   -29988.732        8.674   347.7      0.380     -0.610     -0.665      0.483     -0.136     -0.254
265.9000     -29980.532   -29988.408        7.876   315.7      0.067     -0.416      0.575     -0.389      0.297     -0.183
265.9500     -29980.673   -29988.752        8.078   323.8      0.450     -0.471      0.021      0.103      0.018      0.009
266.0000     -29980.304   -29988.674        8.370   335.5     -0.326     -0.062      0.030     -0.038      0.464      0.150
266.0500     -29980.204   -29988.887        8.683   348.0      0.077     -0.316     -0.185      0.149     -0.097     -0.369
266.1000     -29979.973   -29988.359        8.386   336.2     -0.294     -0.850     -1.111      0.046     -0.003      1.085
266.1500     -29980.006   -29988.178        8.172   327.6      0.546      0.396      0.870     -0.197     -0.573      0.281
266.2000     -29979.913   -29988.787        8.874   355.7      0.483      0.969      0.078      0.169      0.370      0.037
266.2500     -29980.637   -29988.520        7.883   316.0     -0.263     -0.564     -0.615     -0.076     -0.404     -0.356
266.3000     -29980.575   -29988.609        8.034   322.0     -0.264     -0.122     -0.519     -0.250      0.028      0.151
266.3500     -29980.355   -29988.566        8.212   329.2     -0.639     -0.486      0.302     -0.080      0.429      0.490
266.4000     -29979.980   -29988.051        8.070   323.5      0.863      0.512      0.949     -0.276     -0.526     -0.935
266.4500     -29979.903   -29988.113        8.211   329.1      0.045     -0.541     -1.066     -0.060      0.085      0.367
266.5000     -29980.595   -29988.658        8.063   323.2     -0.610     -0.720     -0.724     -0.009     -0.059      0.290
266.5500     -29980.641   -29988.596        7.955   318.9     -0.402     -0.192     -0.083     -0.059     -0.305     -0.138
266.6000     -29981.083   -29988.314        7.231   289.9     -0.320     -0.197     -0.564      0.074     -0.199      0.304
266.6500     -29981.353   -29989.174        7.821   313.5      0.475     -0.522     -0.743      0.387     -0.079      0.116
266.7000     -29980.956   -29988.748        7.792   312.4      0.171     -0.931     -0.213     -0.074     -0.070     -0.056
266.7500     -29980.636   -29988.055        7.418   297.4     -0.761      0.234     -0.188     -0.312     -1.226     -0.005
266.8000     -29980.968   -29988.607        7.639   306.2      0.028     -0.658     -0.510      0.219      0.193      0.632
266.8500     -29980.505   -29989.100        8.595   344.5      0.031     -0.422     -0.659      0.046     -0.354     -0.025
266.9000     -29980.526   -29988.361        7.835   314.1      0.385     -0.250      0.567      0.514     -0.351      0.161
266.9500     -29981.024   -29989.082        8.058   323.0     -0.831      0.320     -0.252      0.326      0.372     -0.817
267.0000     -29980.848   -29988.779        7.931   317.9     -0.719     -0.305     -0.351      0.277     -0.436     -0.076
267.0500     -29980.559   -29989.283        8.724   349.7     -0.515     -0.561     -0.639     -0.140      0.268     -0.145
267.1000     -29981.100   -29988.996        7.896   316.5     -0.955      0.356     -0.594      0.212      0.148     -0.238
267.1500     -29980.767   -29988.904        8.137   326.2      0.626      0.326     -0.111      0.175     -0.610     -0.441
267.2000     -29980.897   -29988.838        7.941   318.3     -0.906     -0.455      0.242      0.220      0.712     -0.165
267.2500     -29980.831   -29988.951        8.120   325.5     -0.557     -0.809     -0.186      0.073     -0.799      0.358
267.3000     -29980.945   -29989.326        8.381   336.0     -0.991     -0.704     -0.704     -0.109      0.546     -0.355
267.3500     -29980.789   -29989.496        8.707   349.0     -0.174      0.063     -1.115      0.368     -0.271     -0.482
267.4000     -29980.736   -29988.967        8.231   329.9     -0.231      0.159      0.571      0.011      0.013      0.504
267.4500     -29980.369   -29988.691        8.323   333.6      0.329     -0.137     -0.793      0.106      0.108      0.058
267.5000     -29979.771   -29988.488        8.717   349.4     -0.672     -0.195     -0.764      0.208      0.170     -0.126
267.5500     -29980.004   -29988.152        8.148   326.6      0.194     -0.592      0.047      0.422     -0.281      1.004
267.6000     -29980.467   -29989.115        8.648   346.7      0.318     -0.090     -0.718     -0.368      0.360     -0.297
267.6500     -29980.046   -29988.627        8.581   344.0      0.078     -0.028     -0.273      0.239     -0.264      0.138
267.7000     -29980.569   -29988.586        8.017   321.3     -0.031      0.221      0.191     -0.411     -0.160      0.242
267.7500     -29980.516   -29989.109        8.593   344.4      1.259     -0.605      0.820     -0.245     -0.078      0.081
267.8000     -29980.476   -29989.020        8.544   342.5      0.513     -0.204      0.867      0.489      0.377      0.050
267.8500     -29980.596   -29988.248        7.652   306.7     -0.854     -0.342      0.224      0.136     -0.573      0.408
267.9000     -29980.801   -29988.264        7.463   299.2      0.693      0.059     -0.344      0.603     -0.293     -0.205
267.9500     -29980.380   -29988.752        8.372   335.6     -0.853     -0.127      0.342      0.297      0.269      0.122
268.0000     -29979.962   -29988.227        8.265   331.3     -0.468     -1.230      0.055      0.155     -0.277     -0.182
268.0500     -29979.705   -29988.580        8.875   355.8      0.586     -0.181      0.291     -0.025      0.130      0.395
268.1000     -29979.641   -29988.148        8.507   341.0     -0.234      0.018     -0.347      0.128      0.724     -0.348
268.1500     -29979.868   -29987.914        8.046   322.5      1.032     -0.566      0.610      0.138      0.214      0.005
268.2000     -29979.407   -29988.051        8.643   346.5     -0.884      0.578      0.075      0.009      0.246     -0.020
268.2500     -29979.428   -29987.686        8.258   331.0      1.324      1.630      0.337      0.234      0.409      0.094
268.3000     -29979.417   -29988.516        9.098   364.7      0.974      0.560      0.354     -0.110     -0.299     -0.505
268.3500     -29979.008   -29987.764        8.755   351.0      0.409      0.106      0.708     -0.064      0.225      0.073
268.4000     -29978.787   -29987.412        8.626   345.8     -0.074      1.083      0.775      0.436      0.019      0.509
268.4500     -29978.532   -29986.617        8.086   324.1      0.216      0.588      0.896     -0.319      0.430      0.410
268.5000     -29979.078   -29986.686        7.607   304.9     -0.062     -0.208      0.322     -0.144      0.248     -0.463
268.5500     -29978.771   -29987.104        8.333   334.0      0.754      0.706      0.363     -0.388      0.161      1.081
268.6000     -29979.107   -29987.635        8.528   341.8      0.883     -0.579      0.718     -0.289     -0.040     -0.336
268.6500     -29979.338   -29987.648        8.311   333.1      0.002      1.030      0.870      0.216      0.540      0.105
268.7000     -29979.276   -29988.137        8.861   355.2      0.603     -0.100     -0.467      0.450      0.123      0.072
268.7500     -29979.263   -29987.949        8.686   348.2     -0.322      0.972     -0.093      0.139     -0.266     -0.475
268.8000     -29978.948   -29987.547        8.599   344.7      0.519     -0.045      0.079      0.684     -0.141      0.280
268.8500     -29979.257   -29988.287        9.030   362.0     -0.413      0.224      0.488     -0.325      0.160     -0.223
268.9000     -29979.431   -29986.941        7.510   301.1     -0.167      0.275     -0.225     -0.339      0.408     -0.561
268.9500     -29979.768   -29987.545        7.777   311.7     -0.677      0.649      0.818     -0.543      0.080      0.025
269.0000     -29980.154   -29988.258        8.104   324.9     -0.311     -0.786     -0.526      0.048     -0.220     -0.040
269.0500     -29979.668   -29987.525        7.857   314.9      0.487      0.082      0.395     -0.087      0.690      0.249
269.1000     -29979.520   -29988.320        8.800   352.7     -0.573     -0.839     -0.767     -0.509     -0.442      0.278
269.1500     -29980.191   -29988.084        7.893   316.4     -0.898     -0.014     -0.174     -0.127      0.128     -0.048
269.2000     -29980.427   -29988.824        8.397   336.6      0.666      0.434     -0.135      0.206     -0.627      0.369
269.2500     -29980.974   -29988.865        7.891   316.3     -0.222      0.106      0.202     -0.381      0.175     -0.057
269.3000     -29981.013   -29988.258        7.244   290.4     -0.875     -0.405      0.221      0.067     -0.644     -0.296
269.3500     -29980.732   -29988.889        8.157   327.0     -0.536     -0.649     -0.589      0.707      0.749      0.300
269.4000     -29980.849   -29988.389        7.539   302.2     -0.866     -0.290     -0.501     -0.262     -0.128     -0.252
269.4500     -29980.913   -29988.791        7.878   315.8     -0.506     -1.757     -0.084      0.146     -0.250     -0.074
269.5000     -29980.659   -29988.766        8.107   324.9     -0.108      0.372      0.130      0.567     -0.246     -0.553
269.5500     -29980.882   -29988.904        8.022   321.6      0.644      0.269      0.908      0.269      0.065      0.443
269.6000     -29980.160   -29988.850        8.689   348.3      0.017      0.299     -0.098      0.280     -0.301     -0.579
269.6500     -29979.524   -29988.906        9.382   376.1     -0.507      0.310      0.357      0.268     -0.382     -0.185
269.7000     -29980.380   -29988.432        8.052   322.7     -0.437     -0.341      0.062     -0.291      0.729     -0.429
269.7500     -29979.952   -29988.400        8.448   338.6     -0.199      0.948     -0.471     -0.246     -0.066     -0.561
269.8000     -29980.287   -29988.297        8.010   321.1      0.715     -0.398     -0.268     -0.072      0.003      0.360
269.8500     -29980.075   -29988.545        8.470   339.5      0.025      0.100     -0.178      0.508     -0.485     -0.104
269.9000     -29980.613   -29988.312        7.699   308.6      0.462      0.215      0.912      0.229      0.831     -0.588
269.9500     -29980.738   -29988.605        7.867   315.3     -0.573      0.188      1.158     -0.153     -0.208     -0.249
270.0000     -29980.742   -29988.900        8.158   327.0     -0.552     -0.407      0.411     -0.385     -0.191      0.146
270.0500     -29980.838   -29988.920        8.082   324.0      0.566      0.344      0.684     -0.007      0.070     -0.831
270.1000     -29980.788   -29989.090        8.302   332.8      0.172     -0.251     -0.173     -0.413     -0.498     -0.052
270.1500     -29980.847   -29989.230        8.383   336.0      0.232      0.246     -0.420      0.316     -0.099      0.092
270.2000     -29981.020   -29989.098        8.078   323.8      0.344      0.057     -0.505     -0.033      0.031     -0.344
270.2500     -29980.982   -29988.721        7.739   310.2      0.064     -0.147      0.291     -0.322      0.106      0.447
270.3000     -29981.006   -29988.623        7.617   305.3     -0.561     -0.248      0.398     -0.208      0.161      0.227
270.3500     -29980.840   -29988.701        7.861   315.1      0.863      0.416     -0.646      0.128     -0.367      0.346
270.4000     -29980.456   -29989.000        8.544   342.5     -0.179     -0.324     -0.722      0.322      0.051      0.156
270.4500     -29980.663   -29988.969        8.306   332.9     -0.791     -0.039     -0.514      0.050      0.051      0.219
270.5000     -29980.523   -29989.521        8.998   360.7     -0.347      0.902     -0.536     -0.031      0.083     -0.647
270.5500     -29980.594   -29989.010        8.416   337.3     -0.464      0.188     -0.071     -0.071      0.060      0.216
270.6000     -29980.733   -29989.182        8.449   338.7     -0.296      0.643     -0.265      0.271      0.405     -0.195
270.6500     -29980.606   -29989.656        9.051   362.8      0.022     -0.485      0.610      0.151     -0.462     -0.528
270.7000     -29980.059   -29988.557        8.498   340.6     -0.819      0.189     -0.942     -0.125      0.114     -0.303
270.7500     -29980.421   -29988.660        8.239   330.3      0.338      0.266      0.635      0.118     -0.012      0.342
270.8000     -29980.445   -29988.145        7.700   308.6     -0.912     -1.162     -0.950      0.317      0.060      0.321
270.8500     -29980.645   -29989.068        8.423   337.6     -0.033     -0.190      0.221     -0.489      0.245     -0.643
270.9000     -29980.483   -29988.703        8.220   329.5      1.298      0.123      0.353      0.221      0.169      0.280
270.9500     -29980.375   -29988.707        8.332   334.0     -0.636     -0.249     -0.131      0.271      0.472      0.045
271.0000     -29980.188   -29988.777        8.589   344.3      0.114     -0.228     -0.309      0.159      0.055      0.174
271.0500     -29980.099   -29988.354        8.254   330.9      0.233      1.461      0.223      0.272      0.003      0.035
271.1000     -29979.597   -29988.262        8.665   347.3     -0.028     -0.020     -0.395     -0.137      0.592     -0.633
271.1500     -29979.739   -29988.586        8.847   354.6     -0.427     -0.601     -0.390     -0.142     -0.367     -0.333
271.2000     -29979.865   -29988.295        8.430   337.9     -0.633     -0.564     -0.271      0.024     -0.455      0.170
271.2500     -29980.283   -29988.361        8.079   323.8     -0.841     -0.127     -0.040     -0.448      0.012     -0.474
271.3000     -29980.746   -29988.156        7.411   297.1      0.238      0.165     -0.244     -0.109     -0.575      0.116
271.3500     -29980.580   -29988.957        8.377   335.8      0.080     -0.761      0.375     -0.307     -0.127     -0.821
271.4000     -29980.479   -29988.836        8.357   335.0     -0.079      0.299     -0.180      0.241     -0.471     -0.217
271.4500     -29980.153   -29988.727        8.574   343.7     -0.968      0.533     -0.406      0.472      0.129     -0.482
271.5000     -29980.762   -29989.496        8.734   350.1      0.520     -0.652      0.571     -0.390      0.165     -0.229
271.5500     -29980.714   -29988.059        7.345   294.4     -0.483     -0.303      0.223      0.087      0.459     -0.750
271.6000     -29980.262   -29988.145        7.883   316.0      1.046      0.474      0.530     -0.144      0.273      0.266
271.6500     -29980.192   -29988.824        8.633   346.0     -0.121     -0.323      0.888      0.068      0.149     -0.502
271.7000     -29980.345   -29989.053        8.708   349.1     -1.327     -0.813     -1.610      0.180      0.050     -0.212
271.7500     -29979.992   -29989.248        9.256   371.0      0.208      0.160     -0.199     -0.153      0.648     -0.373
271.8000     -29980.229   -29988.434        8.205   328.9     -0.136     -0.541     -0.340      0.056     -0.241     -0.270
271.8500     -29979.713   -29988.094        8.380   335.9     -1.152     -0.519      0.253      0.151     -0.231      0.477
271.9000     -29979.700   -29988.105        8.406   336.9     -0.061     -0.862     -1.177     -0.375      0.182      0.011
271.9500     -29979.264   -29987.725        8.460   339.1      0.248      0.169     -0.303      0.192     -0.206     -0.447
272.0000     -29979.925   -29987.641        7.716   309.3     -0.525      0.152     -0.740     -0.115      0.324     -0.695
272.0500     -29980.642   -29988.818        8.176   327.7     -0.051      0.385      0.213     -0.142     -0.151     -0.197
272.1000     -29980.960   -29988.979        8.018   321.4      0.248     -0.573     -0.691      0.199      0.028     -0.289
272.1500     -29980.899   -29988.695        7.796   312.5     -0.393     -0.500     -0.741     -0.088     -0.266      0.144
272.2000     -29981.014   -29989.006        7.991   320.3      0.362     -0.295     -0.420     -0.233     -0.073     -0.030
272.2500     -29980.915   -29989.023        8.109   325.0     -0.053     -1.134     -0.120     -0.220      0.555      0.124
272.3000     -29981.174   -29989.225        8.051   322.7      0.566      0.095      0.643     -0.568      0.323      0.208
272.3500     -29981.252   -29989.217        7.965   319.3     -0.695     -0.019     -0.487     -0.068      0.100     -0.007
272.4000     -29981.176   -29989.221        8.045   322.5      0.617     -0.561      0.172     -0.200     -0.490      0.755
272.4500     -29980.933   -29988.709        7.776   311.7      0.906      0.722      0.298      0.324     -0.013     -0.254
272.5000     -29981.063   -29988.844        7.781   311.9      0.062     -0.333     -0.557     -0.267      0.083      0.538
272.5500     -29980.851   -29988.965        8.114   325.3     -0.358      0.851      0.332      0.072      0.263      0.289
272.6000     -29981.000   -29989.176        8.176   327.7      0.448     -1.069     -0.288      0.118      0.308     -0.172
272.6500     -29980.745   -29988.252        7.507   300.9     -0.092      0.470      0.232      0.072     -0.864      0.048
272.7000     -29980.501   -29988.625        8.124   325.7      0.859     -0.162      0.103     -0.107     -0.059     -0.341
272.7500     -29980.723   -29989.043        8.320   333.5      0.264      0.240      0.645      0.365     -0.343      0.262
272.8000     -29980.825   -29989.164        8.339   334.3      0.123      0.329      1.062      0.111     -0.151      0.258
272.8500     -29980.917   -29988.713        7.796   312.5      0.133     -0.310      0.255     -0.121      0.198      0.116
272.9000     -29980.400   -29989.387        8.987   360.2     -0.211     -0.871     -0.231      0.330     -0.297      0.235
272.9500     -29980.610   -29989.977        9.367   375.5     -0.303     -0.090     -0.497     -0.266     -0.194      0.025
273.0000     -29980.622   -29988.818        8.196   328.5     -0.422      0.302     -0.024      0.110      0.102      0.400
273.0500     -29980.673   -29989.160        8.487   340.2     -0.496     -0.149     -1.085     -0.219     -0.100     -0.106
273.1000     -29980.932   -29989.197        8.265   331.3     -0.645     -0.676     -0.346      0.021      0.267     -0.558
273.1500     -29980.386   -29988.494        8.108   325.0     -0.238     -0.090     -0.231      0.105     -0.338     -0.809
273.2000     -29980.709   -29989.305        8.596   344.6     -0.723     -0.954     -0.289     -0.258     -0.086     -0.295
273.2500     -29980.594   -29988.623        8.029   321.8     -0.191      0.937     -0.062     -0.060     -0.281      0.276
273.3000     -29980.253   -29988.816        8.563   343.3     -1.279     -1.249     -0.323      0.435      0.364     -0.452
273.3500     -29979.839   -29988.180        8.341   334.4     -0.960      0.377     -1.062     -0.498      0.211     -0.005
273.4000     -29980.332   -29987.883        7.551   302.7      0.726     -0.245      0.443      0.368      0.811      0.182
273.4500     -29981.064   -29989.000        7.936   318.1     -0.460     -0.483     -0.836     -0.057     -0.264      0.048
273.5000     -29980.926   -29988.969        8.042   322.4      0.613     -1.045      0.382     -0.574      0.173      0.421
273.5500     -29981.290   -29989.043        7.753   310.8      1.163      0.081      0.646      0.195      0.351     -0.333
273.6000     -29980.754   -29988.434        7.679   307.8     -0.446     -0.135     -0.250      0.101      0.269     -0.000
273.6500     -29981.395   -29989.314        7.919   317.4      0.159     -0.180      0.082      0.115      0.014      0.016
273.7000     -29981.299   -29989.109        7.810   313.1     -0.571      0.374     -0.434      0.214      0.044      0.637
273.7500     -29980.914   -29988.936        8.021   321.5     -0.122     -0.515      0.151     -0.733     -0.431     -0.551
273.8000     -29981.131   -29989.125        7.994   320.4     -0.286     -0.341     -0.165      0.160      0.270      0.034
273.8500     -29981.460   -29989.324        7.864   315.2     -0.784     -0.293     -0.582      0.359      0.176      0.202
273.9000     -29980.914   -29988.645        7.731   309.9     -0.548     -0.481     -0.151      0.115     -0.463     -0.076
273.9500     -29981.754   -29989.580        7.827   313.7      0.055     -0.100     -0.176      0.293     -0.163      0.174
274.0000     -29981.695   -29989.605        7.910   317.1     -0.058      0.516      0.662      0.268      0.047     -0.165
274.0500     -29981.284   -29989.518        8.234   330.0      0.989     -0.237      0.569      0.035      0.372     -0.014
274.1000     -29981.439   -29989.207        7.768   311.4      0.576     -0.538      0.138     -0.044     -0.542     -0.177
274.1500     -29981.295   -29988.467        7.172   287.5     -0.073     -0.904     -0.252     -0.344      0.233      0.180
274.2000     -29981.807   -29989.221        7.414   297.2      0.179     -0.258     -1.423     -0.086      0.027     -0.779
274.2500     -29981.744   -29989.160        7.416   297.3     -1.082     -0.223     -0.989     -0.019     -0.172     -0.118
274.3000     -29982.190   -29989.912        7.722   309.5      0.503     -0.841      0.412     -0.335      0.320      0.598
274.3500     -29982.758   -29990.105        7.348   294.5     -0.454      0.169     -0.090      0.206     -0.011      0.172
274.4000     -29982.549   -29989.834        7.285   292.0      0.790     -0.242     -0.192      0.317      0.410      0.228
274.4500     -29981.716   -29988.852        7.136   286.0      0.157     -0.166      0.731      0.003     -0.128     -0.655
274.5000     -29981.530   -29989.256        7.725   309.7      0.156     -0.422     -0.921     -0.307     -0.024      0.051
274.5500     -29981.424   -29989.035        7.611   305.1      0.294     -0.265      0.150      0.154     -0.205     -0.503
274.6000     -29980.943   -29989.645        8.702   348.8     -0.059      0.135     -0.259     -0.040     -0.034     -0.158
274.6500     -29980.833   -29989.721        8.888   356.3      0.899     -0.384     -0.310     -0.301      0.404      0.145
274.7000     -29981.376   -29989.270        7.893   316.4     -0.660     -0.933     -0.170     -0.218      0.152     -0.516
274.7500     -29980.761   -29988.756        7.995   320.5     -0.076      0.477     -0.105     -0.013      0.001      0.544
274.8000     -29980.777   -29988.959        8.182   328.0      0.330      0.954      0.709     -0.414      0.271     -0.194
274.8500     -29980.436   -29988.418        7.982   320.0      0.845     -0.469      0.920     -0.711      0.073      0.046
274.9000     -29980.145   -29988.104        7.959   319.0      0.004      0.252      0.961      0.513      0.040      0.051
274.9500     -29980.273   -29988.531        8.258   331.0     -0.274      0.061      0.761      0.436     -0.126      0.001
275.0000     -29980.031   -29988.256        8.225   329.7     -1.038     -0.581     -0.231     -0.016      0.217      0.138
275.0500     -29979.925   -29988.771        8.847   354.6      0.453      0.852      0.758      0.124      0.299     -0.051
275.1000     -29980.023   -29988.541        8.519   341.5      0.211      0.367      0.372      0.129     -0.153     -0.418
275.1500     -29980.268   -29988.982        8.715   349.3     -0.719     -0.789      0.127     -0.137     -0.225     -0.076
275.2000     -29979.891   -29988.578        8.687   348.2     -0.130     -0.320     -1.130      0.432     -0.186     -0.316
275.2500     -29980.128   -29988.080        7.952   318.8      0.382      1.050      0.655     -0.445     -0.154     -0.273
275.3000     -29980.197   -29988.502        8.304   332.9     -0.217      0.018     -0.505      0.143      0.515      0.003
275.3500     -29980.166   -29988.689        8.524   341.7      0.232     -0.904      0.517     -0.223     -0.268     -0.470
275.4000     -29980.304   -29988.500        8.196   328.5      1.125     -0.238     -0.284     -0.186     -0.542     -0.102
275.4500     -29980.232   -29988.174        7.942   318.3     -0.375     -0.037      0.241     -0.079     -0.526      0.482
275.5000     -29979.769   -29988.061        8.292   332.4      1.010     -0.981     -0.469      0.119     -0.485     -0.553
275.5500     -29979.671   -29988.166        8.495   340.5     -0.516     -0.518     -0.283      0.532     -0.119     -0.059
275.6000     -29979.939   -29988.744        8.805   353.0      0.547      0.295     -0.458      0.213      0.094      0.129
275.6500     -29980.089   -29989.180        9.090   364.4      0.197     -0.625     -0.107     -0.297      0.325     -0.765
275.7000     -29979.832   -29989.438        9.605   385.0     -0.259     -0.294     -0.081     -0.141     -0.202      0.027
275.7500     -29979.862   -29988.502        8.640   346.3     -0.355     -0.248     -0.135      0.249      0.357     -0.065
275.8000     -29980.026   -29988.268        8.241   330.3      0.377     -0.248     -0.518     -0.095      0.552     -0.445
275.8500     -29979.405   -29988.219        8.814   353.3     -0.555     -0.828     -0.571     -0.168     -0.317     -0.052
275.9000     -29979.533   -29988.717        9.184   368.1      0.151     -1.268     -0.817     -0.670      0.162      0.417
275.9500     -29979.599   -29988.658        9.059   363.1     -0.533     -0.875     -0.179      0.218     -0.270     -0.103
276.0000     -29979.502   -29988.541        9.039   362.3     -0.268     -0.169     -1.312      0.084      0.528      0.557
276.0500     -29979.246   -29987.738        8.493   340.4     -0.563     -0.696     -0.235      0.130     -0.734     -0.184
276.1000     -29979.652   -29988.301        8.649   346.7      0.761      0.737      0.948     -0.322      0.464      0.092
276.1500     -29979.739   -29988.344        8.605   344.9      0.276     -0.085     -0.836      0.081      0.087     -0.135
276.2000     -29980.164   -29988.775        8.611   345.2     -0.584     -0.090      0.123      0.633     -0.298      0.096
276.2500     -29980.259   -29988.936        8.676   347.8     -0.103      0.236     -0.143      0.109      0.024     -0.451
276.3000     -29980.820   -29988.221        7.401   296.7      0.583     -0.079     -0.502      0.176      0.173     -0.104
276.3500     -29980.672   -29989.146        8.475   339.7      1.201      0.176      1.072     -0.032      0.019     -0.184
276.4000     -29980.371   -29988.811        8.440   338.3      0.531      0.136      0.242      0.408     -0.067      0.488
276.4500     -29980.261   -29988.469        8.207   329.0      0.562     -0.011     -0.998      0.423      0.067     -0.310
276.5000     -29980.380   -29988.943        8.564   343.3     -1.099     -0.106     -0.544     -0.236     -0.395      0.043
276.5500     -29980.606   -29988.971        8.365   335.3     -0.037     -0.294     -0.469     -0.039     -0.553     -0.053
276.6000     -29980.435   -29988.621        8.186   328.1     -0.170      0.476     -0.213      0.197     -0.222      0.680
276.6500     -29980.910   -29988.932        8.021   321.5      0.115     -0.858     -0.194     -0.726     -0.386     -0.375
276.7000     -29981.366   -29988.898        7.532   301.9     -0.746      0.135     -0.657      0.703     -0.193     -0.401
276.7500     -29981.709   -29989.078        7.369   295.4      0.219     -0.048      0.322     -0.541     -0.015     -0.356
276.8000     -29981.176   -29988.973        7.797   312.5     -0.432     -0.619     -0.123     -0.701      0.041      0.138
276.8500     -29981.103   -29989.188        8.084   324.1     -0.395     -0.068     -0.163     -0.322      0.216      0.316
276.9000     -29980.961   -29989.332        8.371   335.5     -0.799     -0.962     -0.903      0.098     -0.361     -0.233
276.9500     -29981.493   -29989.270        7.777   311.7      0.471     -0.168     -0.525     -0.105     -0.276     -0.333
277.0000     -29981.233   -29990.045        8.812   353.2      0.274     -0.054     -0.369     -0.057      0.490     -0.707
277.0500     -29980.934   -29989.465        8.531   342.0      0.050     -0.436     -0.752      0.786      0.099      0.139
277.1000     -29981.038   -29988.775        7.738   310.2     -0.155      0.481     -0.945      0.534      0.069      0.437
277.1500     -29980.592   -29989.064        8.473   339.6      0.509      0.309      0.225      0.275     -0.860     -0.419
277.2000     -29979.845   -29988.301        8.456   339.0      0.000     -1.876     -0.906      0.321     -0.053     -0.009
277.2500     -29979.675   -29988.738        9.063   363.3     -1.098     -0.296     -0.692      0.127      0.037      0.102
277.3000     -29979.537   -29988.301        8.764   351.3     -0.681     -0.154     -0.439      0.146     -0.026     -0.200
277.3500     -29980.082   -29987.957        7.875   315.6      0.022     -0.198      0.415     -0.054     -0.273     -0.282
277.4000     -29980.113   -29988.568        8.456   339.0     -0.324     -0.421      0.023      0.079     -0.533     -0.275
277.4500     -29980.457   -29987.939        7.483   299.9      0.176      0.314     -0.013      0.380     -0.195     -0.037
277.5000     -29980.167   -29988.389        8.222   329.6     -1.156      0.117     -0.038      0.251     -0.093     -0.490
277.5500     -29980.556   -29988.879        8.322   333.6      0.082     -1.075     -0.646      0.146      0.248     -0.103
277.6000     -29980.628   -29988.951        8.323   333.6     -0.664     -0.490     -0.547      0.364     -0.205     -0.285
277.6500     -29980.423   -29988.561        8.138   326.2     -1.038      0.093     -0.489     -0.302      0.338     -0.737
277.7000     -29980.498   -29989.293        8.795   352.5     -0.483     -0.598     -1.072      0.109      0.572     -0.219
277.7500     -29981.224   -29989.191        7.968   319.4     -0.449      0.504      0.049      0.107     -0.544     -0.406
277.8000     -29981.202   -29989.619        8.417   337.4     -0.165      0.258     -0.791      0.240      0.464      0.117
277.8500     -29981.070   -29989.191        8.122   325.6     -0.838     -0.193     -0.450     -0.572     -0.462      0.330
277.9000     -29981.525   -29989.539        8.014   321.2     -0.063     -0.457      0.307      0.063     -0.154     -0.243
277.9500     -29981.197   -29989.168        7.971   319.5     -0.269      0.084     -0.168     -0.490      0.341     -0.650
278.0000     -29981.108   -29988.629        7.521   301.5      0.183     -0.249     -0.014      0.196      0.058     -0.241
278.0500     -29980.925   -29988.502        7.577   303.7     -0.358     -0.632     -0.132     -0.131     -0.544     -0.036
278.1000     -29980.744   -29988.959        8.215   329.3     -0.209     -1.177      0.133     -0.376     -0.229      0.541
278.1500     -29981.236   -29989.051        7.815   313.2     -0.588     -1.124     -0.268     -0.299     -0.089      0.231
278.2000     -29981.230   -29989.023        7.793   312.4      0.339      0.159      0.181     -0.722      0.012      0.260
278.2500     -29981.121   -29989.346        8.225   329.7      0.244     -0.137      1.076     -0.164     -0.836     -0.283
278.3000     -29981.630   -29989.729        8.099   324.6      0.225      0.271     -0.096     -0.806      0.494      0.088
278.3500     -29981.304   -29989.148        7.844   314.4     -0.383     -0.522     -0.845      0.207      0.100      0.462
278.4000     -29981.392   -29989.502        8.110   325.1      1.084      0.381      1.054     -0.155      0.077      0.218
278.4500     -29981.439   -29989.723        8.283   332.0     -0.355     -0.086     -0.236     -0.226     -0.660     -0.354
278.5000     -29981.457   -29988.887        7.430   297.8     -0.425     -0.778      0.584      0.383     -0.454     -0.385
278.5500     -29981.432   -29990.086        8.654   346.9     -0.022     -0.248     -0.690     -0.192     -0.131      0.015
278.6000     -29981.396   -29990.203        8.807   353.0     -0.716     -0.459      0.118      0.369     -0.024     -0.115
278.6500     -29981.757   -29989.738        7.982   319.9      0.209     -0.028      0.156      0.103      0.151      0.211
278.7000     -29981.960   -29989.688        7.728   309.8      0.983      0.165      0.295     -0.446     -0.330     -0.601
278.7500     -29981.861   -29989.979        8.117   325.4     -0.467     -1.159     -0.020      0.111      0.107     -0.365
278.8000     -29981.108   -29989.105        7.997   320.6     -0.453      0.048     -0.816     -0.204     -0.481     -0.189
278.8500     -29980.996   -29989.186        8.190   328.3      0.149      0.072      0.418      0.355      0.056     -0.194
278.9000     -29980.968   -29988.932        7.963   319.2      0.207     -0.192     -0.071     -0.158     -0.891      0.385
278.9500     -29980.722   -29988.850        8.127   325.8      0.315      0.274      1.239      0.904     -0.286     -0.160
279.0000     -29980.876   -29988.887        8.011   321.1      0.016      0.507     -0.125     -0.092      0.502      0.086
279.0500     -29980.700   -29988.268        7.567   303.3      0.367     -0.132     -0.429      0.656     -0.641      0.038
279.1000     -29980.830   -29988.377        7.547   302.5     -0.496     -0.236      0.266     -0.504      0.464      0.475
279.1500     -29980.937   -29988.875        7.938   318.2      0.145     -0.351     -0.135     -0.342      0.385      0.376
279.2000     -29981.038   -29988.596        7.558   303.0     -0.168     -0.391     -0.118      0.087     -0.254     -0.201
279.2500     -29981.595   -29989.791        8.196   328.5      0.338     -0.400     -1.286     -0.219      0.124     -0.277
279.3000     -29981.592   -29989.670        8.077   323.8      0.185     -0.442     -0.299      0.164     -0.228      0.263
279.3500     -29982.063   -29989.307        7.244   290.4      0.237      0.097      0.008      0.214     -0.427     -0.150
279.4000     -29981.627   -29988.986        7.359   295.0     -0.628      0.071      0.602     -0.393     -0.474     -0.332
279.4500     -29981.452   -29989.592        8.140   326.3     -0.253      0.809      0.977      0.049      0.476      0.161
279.5000     -29981.415   -29989.020        7.605   304.8     -0.292      0.327      0.055     -0.456     -0.116     -0.289
279.5500     -29980.725   -29988.562        7.838   314.2      0.384     -0.385      0.577      0.262      0.120     -0.143
279.6000     -29980.661   -29988.189        7.529   301.8     -0.264     -0.347     -0.020      0.152      0.149      0.153
279.6500     -29980.238   -29988.391        8.153   326.8      0.788      1.519     -0.218      0.115      0.293     -0.006
279.7000     -29980.260   -29989.016        8.755   351.0      0.475     -0.602      0.374     -0.010      0.007     -0.321
279.7500     -29980.840   -29988.869        8.029   321.8     -0.256      0.996      0.529      0.318      0.322      0.357
279.8000     -29981.135   -29989.086        7.951   318.7     -0.232      0.163     -0.194      0.036     -0.093     -0.052
279.8500     -29980.865   -29989.080        8.215   329.3      0.703     -0.040     -0.887      0.039     -0.044     -0.749
279.9000     -29981.391   -29989.639        8.248   330.6     -0.256     -1.003     -0.408     -0.276      0.074     -0.412
279.9500     -29981.845   -29989.693        7.848   314.6      0.161      0.493      0.125      0.080     -0.217     -0.066
280.0000     -29981.474   -29988.918        7.444   298.4     -0.448     -0.815      0.846     -0.199      0.094     -0.360
280.0500     -29981.149   -29989.453        8.304   332.9      0.153     -0.653     -0.722     -0.215      0.031     -0.036
280.1000     -29980.624   -29988.971        8.347   334.6     -0.082     -0.622      0.203      0.380     -0.139     -0.058
280.1500     -29980.590   -29988.812        8.223   329.6      0.101      0.463      0.643      0.072     -0.191     -0.180
280.2000     -29981.001   -29988.195        7.194   288.4     -0.322      0.298      0.175     -0.002      0.230     -0.438
280.2500     -29980.707   -29988.766        8.059   323.0      0.552      0.376      0.317      0.159      0.593     -0.058
280.3000     -29980.592   -29988.021        7.429   297.8      0.748     -0.019      0.712      0.348     -0.250      0.198
280.3500     -29980.834   -29988.137        7.303   292.7      0.113     -0.566      0.036      0.600      0.135      0.107
280.4000     -29980.502   -29989.111        8.609   345.1      0.850      0.325      0.232     -0.064      0.118     -0.091
280.4500     -29980.237   -29988.822        8.585   344.1      0.396     -0.612      0.135     -0.366      0.145     -0.052
280.5000     -29980.212   -29989.158        8.947   358.6     -0.835     -0.327      0.011     -0.353      0.037      0.284
280.5500     -29980.208   -29989.035        8.827   353.8      0.508     -0.065     -0.300      0.016      0.260     -0.406
280.6000     -29980.063   -29988.178        8.115   325.3     -1.075      0.292      0.857      0.290      0.165      0.288
280.6500     -29980.202   -29988.086        7.883   316.0     -0.346     -0.683      0.668     -0.405     -0.064      0.372
280.7000     -29980.074   -29987.996        7.923   317.6      0.670      0.368      0.888      0.619     -0.068     -0.499
280.7500     -29980.364   -29988.260        7.896   316.5     -0.758      0.524     -0.356     -0.029      0.130      0.004
280.8000     -29980.378   -29989.236        8.859   355.1      0.084      0.332     -0.637      0.264      0.075     -0.071
280.8500     -29980.494   -29989.078        8.584   344.1     -0.216      0.075     -0.009      0.483     -0.107      0.020
280.9000     -29981.186   -29989.852        8.665   347.3      0.286     -0.346      0.565     -0.714      0.471     -0.374
280.9500     -29981.557   -29989.385        7.828   313.8      0.195     -0.183     -0.263     -0.219     -0.456      0.280
281.0000     -29981.622   -29989.486        7.864   315.2      0.694      0.370     -0.232      0.104     -0.139      0.233
281.0500     -29982.143   -29989.652        7.509   301.0      0.028     -0.220     -0.379     -0.006     -0.155     -0.280
281.1000     -29982.472   -29990.625        8.153   326.8     -0.868      0.807      0.340      0.270     -0.284      0.274
281.1500     -29982.044   -29990.008        7.964   319.2      0.122      0.034      0.020      0.399     -0.059      0.346
281.2000     -29982.451   -29989.904        7.453   298.8      0.103     -0.030     -0.360     -0.058     -0.543      0.040
281.2500     -29982.393   -29990.271        7.879   315.8     -0.428     -0.031     -0.457     -0.060     -0.035     -0.073
281.3000     -29982.350   -29989.740        7.391   296.2      0.413      0.071      0.687     -0.645     -0.109     -0.354
281.3500     -29982.107   -29989.572        7.465   299.3     -0.400     -1.144      0.086     -0.125      0.780     -0.061
281.4000     -29981.531   -29989.408        7.877   315.8      0.741     -0.051     -0.305     -0.439     -0.376     -0.703
281.4500     -29981.525   -29989.527        8.003   320.8     -0.693      0.220     -0.026      0.202      0.046     -0.180
281.5000     -29981.442   -29989.551        8.109   325.0     -0.534      0.273      0.043      0.423      0.072     -0.049
281.5500     -29981.340   -29989.283        7.943   318.4      0.267      0.601      0.496     -0.797      0.528      0.433
281.6000     -29981.226   -29989.748        8.522   341.6     -0.505     -0.456     -1.979      0.964      0.075     -0.530
281.6500     -29980.920   -29988.801        7.881   315.9     -0.196     -0.016      0.275     -0.655     -0.140     -0.058
281.7000     -29980.987   -29989.020        8.033   322.0     -0.041     -1.050     -0.540      0.053     -0.317     -0.079
281.7500     -29981.020   -29988.863        7.843   314.4      0.053     -0.213     -0.469     -0.341     -0.315      0.269
281.8000     -29980.555   -29988.938        8.382   336.0     -1.030      0.299     -1.079      0.628     -0.115     -0.076
281.8500     -29981.020   -29989.658        8.638   346.3      0.237     -0.865     -0.816      0.470     -0.029      0.076
281.9000     -29981.784   -29989.664        7.880   315.9     -0.243      0.699      0.407     -0.560     -0.114     -0.448
281.9500     -29981.692   -29989.438        7.745   310.5      0.617     -1.114      0.259      0.039      0.103     -0.187
282.0000     -29981.699   -29990.400        8.701   348.8      0.009     -0.383     -0.077     -0.503     -0.132     -0.259
282.0500     -29981.904   -29989.729        7.824   313.6      0.419     -0.291      0.673     -0.041     -0.094     -0.028
282.1000     -29981.569   -29989.260        7.691   308.3      0.379     -0.467     -0.549     -0.266     -0.519     -0.645
282.1500     -29981.758   -29989.965        8.207   329.0     -0.561     -0.605     -0.141     -0.111      0.169     -0.155
282.2000     -29981.236   -29989.385        8.148   326.6      0.520     -0.475      0.130      0.287     -0.060     -0.129
282.2500     -29981.267   -29989.434        8.167   327.4      0.465      0.397     -0.243     -0.195     -0.118     -0.561
282.3000     -29981.667   -29989.119        7.452   298.7      0.677      0.528     -0.210     -0.214     -0.001     -0.039
282.3500     -29981.376   -29989.369        7.993   320.4     -0.875     -0.234     -0.151      0.206     -0.377     -0.413
282.4000     -29981.139   -29989.553        8.414   337.3     -0.636      0.445     -0.541      0.227     -0.165      0.441
282.4500     -29981.308   -29989.332        8.024   321.6      0.008      0.046     -0.376     -0.117     -0.127     -0.429
282.5000     -29981.285   -29988.938        7.652   306.7     -0.083     -0.630     -1.365     -0.184      0.989     -0.109
282.5500     -29980.925   -29989.652        8.727   349.8      0.551     -0.376     -0.697      0.181      0.264      0.033
282.6000     -29980.607   -29988.869        8.262   331.2      0.278      0.469     -0.266      0.368      0.074     -0.389
282.6500     -29980.735   -29988.992        8.257   331.0     -0.424     -0.110      0.137      0.074      0.553      0.302
282.7000     -29980.542   -29988.477        7.935   318.1      0.637     -0.759     -0.432     -0.272     -0.127     -0.136
282.7500     -29980.891   -29988.611        7.720   309.5      0.263     -0.436     -0.194      0.708     -0.061      0.451
282.8000     -29980.604   -29988.854        8.249   330.7     -0.439      0.139      0.340     -0.266     -0.356     -0.167
282.8500     -29980.814   -29989.291        8.477   339.8      0.021     -0.407      0.889     -0.287      0.116      0.071
282.9000     -29980.554   -29989.252        8.698   348.7      0.038     -0.269     -0.540      0.107     -0.215     -0.075
282.9500     -29981.002   -29989.117        8.115   325.3     -0.679     -0.543     -1.020     -0.111     -0.603      0.549
283.0000     -29981.268   -29989.424        8.156   326.9     -0.129      0.361     -0.163     -0.345     -0.171     -0.365
283.0500     -29981.081   -29989.113        8.033   322.0     -0.010      0.098      0.204     -0.123      0.066     -0.206
283.1000     -29980.770   -29988.820        8.050   322.7      0.000      0.236     -0.297      0.124      0.027      0.107
283.1500     -29980.719   -29988.482        7.763   311.2     -0.087      0.191      0.870     -0.213     -0.138     -0.648
283.2000     -29980.407   -29988.812        8.405   336.9     -0.046     -0.874     -0.614      0.153      0.395     -0.819
283.2500     -29980.372   -29988.498        8.126   325.7      0.230      0.186     -0.688     -0.534     -0.707     -0.181
283.3000     -29980.755   -29988.834        8.079   323.8     -0.044     -0.696     -0.415     -0.058     -0.220     -0.018
283.3500     -29981.374   -29989.201        7.828   313.8      0.028     -0.514      0.403     -0.208     -0.289      0.381
283.4000     -29981.203   -29989.885        8.682   348.0     -0.607     -0.378     -0.902     -0.048     -0.056     -0.891
283.4500     -29981.199   -29989.338        8.139   326.2      0.671     -0.495     -0.795      0.274     -0.174      0.552
283.5000     -29981.310   -29989.275        7.966   319.3      1.079      0.731      0.874     -0.246     -0.101      0.106
283.5500     -29981.411   -29989.359        7.948   318.6      0.005      0.410     -0.570     -0.133      0.092     -0.122
283.6000     -29981.025   -29989.312        8.288   332.2     -0.582     -0.564     -0.522     -0.160     -0.019     -0.249
283.6500     -29981.178   -29989.479        8.300   332.7     -0.181      0.796      0.370     -0.558     -0.081     -0.271
283.7000     -29980.928   -29988.840        7.912   317.1     -1.507     -0.550     -0.625     -0.195      0.284      0.091
283.7500     -29981.461   -29989.410        7.949   318.6      0.502     -1.092      0.180     -0.068     -0.070      0.164
283.8000     -29981.601   -29990.033        8.432   338.0     -0.478     -0.825     -0.176      0.524      0.058     -0.736
283.8500     -29981.334   -29988.662        7.328   293.8      0.254     -0.131     -1.340      0.238      0.545     -0.093
283.9000     -29981.613   -29989.281        7.668   307.4     -1.275     -1.546     -0.183     -0.458      0.158     -0.004
283.9500     -29981.835   -29989.289        7.454   298.8     -0.192     -0.592     -0.682     -0.163     -0.379      0.959
284.0000     -29981.743   -29989.834        8.091   324.3     -0.549     -0.422     -0.194      0.095      0.345     -0.696
284.0500     -29981.681   -29990.004        8.323   333.6     -0.125     -0.467     -0.134     -0.126     -0.364      0.077
284.1000     -29982.409   -29989.662        7.253   290.7      0.690      0.106     -0.603     -0.429     -0.080     -0.418
284.1500     -29981.913   -29990.076        8.164   327.2      0.108      0.073     -0.259      0.163      0.300     -0.447
284.2000     -29982.157   -29990.117        7.960   319.1     -0.008      0.688     -0.873      0.303     -0.057     -0.348
284.2500     -29981.846   -29989.795        7.949   318.6     -0.270      0.360      0.102     -0.202      0.337      0.188
284.3000     -29981.933   -29989.809        7.875   315.7      0.420     -0.325     -0.717     -0.676     -0.508     -0.630
284.3500     -29981.590   -29990.309        8.719   349.5     -0.136     -0.046      0.474      0.343      0.244     -0.001
284.4000     -29981.075   -29988.850        7.774   311.6     -0.367     -0.332     -0.004      0.122      0.002      0.087
284.4500     -29981.122   -29989.441        8.319   333.5      0.412     -0.366      0.138      0.127      0.249     -0.469
284.5000     -29981.090   -29989.225        8.135   326.1      0.180      0.541      0.017     -0.094      0.280      0.208
284.5500     -29980.881   -29988.996        8.115   325.3      0.686     -0.386      0.299      0.196      0.341     -0.979
284.6000     -29981.154   -29989.066        7.912   317.2      0.882      0.396     -0.398      0.677      0.338     -0.060
284.6500     -29981.187   -29989.457        8.270   331.5      0.066     -0.342     -0.241      0.163     -0.206     -0.524
284.7000     -29981.267   -29989.516        8.249   330.7      0.352     -0.632      0.203      0.068     -0.092      0.211
284.7500     -29980.804   -29989.477        8.673   347.6     -0.671     -0.700     -0.143     -0.370      0.027     -0.189
284.8000     -29981.229   -29989.283        8.054   322.8     -1.485     -0.020     -0.332     -0.090      0.197      0.410
284.8500     -29981.617   -29990.404        8.787   352.2      0.119      0.025      0.241     -0.165     -0.336     -0.668
284.9000     -29981.488   -29989.326        7.838   314.2     -0.090     -0.753     -0.298      0.509     -0.020     -0.014
284.9500     -29981.378   -29989.568        8.190   328.3     -0.834     -0.653     -1.575      0.275      0.008     -0.193
285.0000     -29981.368   -29989.873        8.505   340.9     -1.158     -0.327     -0.703      0.055      0.099      0.158
285.0500     -29981.452   -29989.270        7.817   313.3      0.499      0.078      0.729      0.216     -0.487      0.598
285.1000     -29981.233   -29989.166        7.933   318.0     -1.338      0.050     -0.739     -0.171      0.250     -0.315
285.1500     -29981.875   -29990.006        8.131   325.9     -0.321     -1.064     -0.798     -0.048     -0.126      0.585
285.2000     -29981.335   -29989.768        8.432   338.0     -0.993     -0.772     -0.867     -0.222      0.674     -0.510
285.2500     -29981.203   -29989.920        8.717   349.4     -0.098      0.825      0.578      0.017     -0.204     -0.008
285.3000     -29980.827   -29989.117        8.290   332.3     -0.773     -0.175      0.445      0.149      0.107     -0.137
285.3500     -29981.241   -29989.314        8.073   323.6     -0.409     -1.349     -0.283     -0.157     -0.059      0.094
285.4000     -29981.529   -29988.895        7.366   295.3     -0.688      1.049      0.119      0.445      0.085      0.103
285.4500     -29980.992   -29989.150        8.158   327.0     -0.574      0.622      0.208     -0.334      0.084     -0.345
285.5000     -29980.700   -29989.441        8.742   350.4     -0.075     -0.119      0.270      0.708     -0.372      0.157
285.5500     -29981.151   -29989.268        8.116   325.3      0.372      0.203      0.679      0.047      0.471      0.100
285.6000     -29981.272   -29989.412        8.140   326.3      0.326      0.359      0.674      0.137     -0.560     -0.043
285.6500     -29981.030   -29989.395        8.365   335.3     -0.300     -1.374     -0.567     -0.025      0.473     -0.289
285.7000     -29980.637   -29989.000        8.363   335.2     -0.267     -0.178     -1.124      0.059     -0.956     -0.111
285.7500     -29980.825   -29988.840        8.015   321.3     -0.702     -0.698     -0.358      0.608      0.042      0.095
285.8000     -29980.571   -29988.992        8.422   337.6      0.260     -0.287     -0.349      0.171     -0.617     -0.198
285.8500     -29980.277   -29989.314        9.037   362.3     -0.690      0.819      0.178     -0.008     -0.325      0.241
285.9000     -29980.583   -29989.289        8.706   349.0     -0.379      0.181     -0.242      0.358      0.626      0.503
285.9500     -29980.538   -29988.439        7.901   316.7     -0.803      0.318      0.846      0.373     -0.456      0.219
286.0000     -29980.410   -29988.408        7.998   320.6      0.126      0.449      0.215      0.428      0.804     -0.181
286.0500     -29981.163   -29988.775        7.612   305.1      0.195      0.982      0.913     -0.032      0.243      0.007
286.1000     -29981.392   -29988.811        7.418   297.4      0.939      1.285     -0.123     -0.067      0.497     -0.670
286.1500     -29981.340   -29989.084        7.744   310.4      0.815      0.040      0.306      0.764     -0.113     -0.068
286.2000     -29981.603   -29988.969        7.366   295.3      0.182     -0.292     -0.560     -0.101     -0.428      0.013
286.2500     -29982.202   -29989.668        7.466   299.3      0.499      0.960      0.668      0.218      0.887     -0.476
286.3000     -29982.238   -29989.527        7.290   292.2     -0.807     -0.264      0.860     -0.229     -0.297     -0.290
286.3500     -29982.648   -29989.383        6.735   270.0      0.302     -0.226     -0.097      0.150     -0.164     -0.611
286.4000     -29982.701   -29990.568        7.867   315.4     -0.121     -0.140      0.126      0.059     -0.111      0.208
286.4500     -29982.215   -29990.088        7.873   315.6      0.122     -0.387      0.448      0.554      0.083     -0.192
286.5000     -29982.228   -29989.725        7.497   300.5     -0.135      0.537     -0.220     -0.401      0.325     -0.258
286.5500     -29981.926   -29989.875        7.949   318.6     -0.364     -0.618      0.242      0.313     -0.450      0.139
286.6000     -29982.178   -29990.219        8.041   322.3     -0.418     -0.165     -0.676     -0.260      0.020     -0.092
286.6500     -29981.622   -29989.768        8.146   326.5      0.416     -0.015      0.402      0.144      0.020     -0.244
286.7000     -29982.051   -29989.859        7.808   313.0     -0.051     -0.017      0.408      0.110      0.507      0.143
286.7500     -29982.185   -29989.488        7.304   292.8      0.611     -0.213      0.206      0.136     -0.746      0.079
286.8000     -29982.430   -29989.779        7.349   294.6      0.270      0.648      0.234      0.090      0.411      0.072
286.8500     -29981.947   -29989.666        7.719   309.4     -0.093     -0.918      1.101      0.317     -0.217      0.208
286.9000     -29982.323   -29989.549        7.226   289.7     -0.674      0.244      0.613      0.186      0.229     -0.569
286.9500     -29982.655   -29989.969        7.313   293.2      0.899      0.739      1.568     -0.188     -0.307      0.176
287.0000     -29982.622   -29989.846        7.224   289.6      0.063      0.919      0.364      0.459     -0.196      0.158
287.0500     -29982.221   -29990.039        7.818   313.4      0.476      0.073     -0.623      0.050     -0.176     -0.039
287.1000     -29981.745   -29989.707        7.962   319.1     -1.564     -0.118     -0.156     -0.134      0.012      0.118
287.1500     -29981.831   -29989.836        8.005   320.9      0.523     -0.867     -0.463      0.698      0.059     -0.043
287.2000     -29981.382   -29989.723        8.341   334.3      0.111     -0.892      0.544      0.776     -0.364      0.351
287.2500     -29981.567   -29989.928        8.361   335.1      0.245     -0.204     -0.326      0.389      0.401     -0.367
287.3000     -29981.329   -29989.240        7.911   317.1     -1.123     -0.655     -0.764     -0.002     -0.059      0.689
287.3500     -29980.703   -29989.711        9.008   361.1     -0.090      0.181      0.307     -0.394      0.057     -0.419
287.4000     -29980.762   -29989.383        8.621   345.6     -0.839     -0.567     -0.223      1.110      0.224     -0.196
287.4500     -29981.059   -29988.881        7.822   313.5     -0.268      0.508     -0.131      0.607     -0.474     -0.797
287.5000     -29980.419   -29988.715        8.296   332.5      0.608      0.322      0.382     -0.216      0.288      0.017
287.5500     -29979.992   -29988.504        8.512   341.2     -0.207     -0.712     -0.590     -0.324     -0.571     -0.232
287.6000     -29979.943   -29988.725        8.782   352.0     -0.081     -0.656     -0.301     -0.042     -0.407     -0.280
287.6500     -29979.773   -29988.814        9.041   362.4      0.218     -0.650      0.375      0.125      0.371      0.382
287.7000     -29980.028   -29988.547        8.519   341.5     -0.331     -0.220     -0.360      0.079      0.129     -0.673
287.7500     -29979.841   -29989.145        9.303   372.9      0.384      0.395     -0.773      0.565     -0.224      0.719
287.8000     -29979.932   -29988.354        8.421   337.6      0.373      0.373     -0.648      0.583      0.087     -0.079
287.8500     -29980.276   -29988.264        7.988   320.2     -0.622     -0.732      0.023     -0.010      0.223      0.727
287.9000     -29980.441   -29988.213        7.772   311.5     -0.342      0.170      0.113      0.273     -0.101     -0.057
287.9500     -29980.399   -29989.340        8.941   358.4     -0.043     -0.044     -0.457      0.108     -0.007     -0.288
288.0000     -29980.338   -29988.992        8.654   346.9     -0.541     -0.730      0.091     -0.034      0.159     -0.014
288.0500     -29980.408   -29989.420        9.012   361.2      0.296      0.180      0.575      0.278      0.265     -0.263
288.1000     -29980.310   -29989.357        9.047   362.7      0.402     -0.918      0.128      0.796     -0.544      0.167
288.1500     -29980.344   -29988.326        7.982   320.0      0.260     -0.340     -0.755      0.329      0.190      0.376
288.2000     -29980.351   -29988.879        8.528   341.8     -0.288      0.343      0.176      0.176     -0.401     -0.552
288.2500     -29980.532   -29987.908        7.376   295.7      0.105     -0.304     -0.149     -0.065      0.171     -0.179
288.3000     -29980.640   -29988.865        8.225   329.7      0.866     -0.043     -0.116      0.102     -0.219     -0.424
288.3500     -29980.876   -29989.570        8.695   348.5     -0.509     -0.348     -0.320     -0.534     -0.116      0.232
288.4000     -29980.822   -29988.664        7.842   314.4     -0.333     -0.213     -0.374     -0.386      0.506     -0.264
288.4500     -29981.337   -29989.633        8.295   332.5     -0.150      0.261     -0.566      0.047      0.248     -0.659
288.5000     -29981.771   -29989.834        8.063   323.2     -0.217      0.056     -0.515     -0.035      0.166     -0.086
288.5500     -29981.948   -29989.570        7.623   305.6     -0.410     -0.444      0.016     -0.182     -0.002      0.441
288.6000     -29981.823   -29989.729        7.906   316.9      0.156     -0.061     -0.491      0.225      0.398     -0.418
288.6500     -29981.669   -29988.975        7.305   292.8     -0.633      0.359      0.183     -0.706      0.533      0.105
288.7000     -29981.809   -29989.393        7.583   304.0     -0.174      0.339      0.655      0.141      0.287      0.410
288.7500     -29981.980   -29989.428        7.448   298.5      0.388      0.056     -0.927     -0.344      0.861      0.156
288.8000     -29981.673   -29989.582        7.909   317.0     -0.564      0.245     -0.068      0.366      0.734     -0.223
288.8500     -29981.173   -29988.848        7.675   307.6      0.408      0.204     -0.291     -0.007      0.309      0.137
288.9000     -29981.467   -29989.330        7.864   315.2      0.564      0.403     -0.180     -0.358      0.466      0.139
288.9500     -29981.479   -29989.611        8.132   326.0      0.498      0.413      0.569     -0.143      0.397     -0.878
289.0000     -29981.333   -29989.148        7.815   313.3     -0.742     -0.049     -1.263      0.252     -0.096      0.731
289.0500     -29980.900   -29989.143        8.243   330.4     -0.707     -0.123      1.331     -0.332     -0.626     -0.805
289.1000     -29981.089   -29988.469        7.380   295.8      0.068     -0.226     -0.751     -0.186     -0.014     -0.094
289.1500     -29981.322   -29989.369        8.047   322.6      0.702      0.961      0.723     -0.051      0.636      0.015
289.2000     -29981.437   -29989.910        8.473   339.7     -0.070      0.540     -0.576     -0.303     -0.172      0.214
289.2500     -29981.388   -29989.498        8.110   325.1     -0.699     -0.699     -0.609     -0.218      0.009     -0.014
289.3000     -29981.796   -29989.445        7.649   306.6      0.410     -0.288     -0.382     -0.287      0.308      0.369
289.3500     -29981.236   -29989.375        8.139   326.3     -0.047      0.547     -0.237      0.305      0.408      0.360
289.4000     -29981.240   -29989.346        8.106   324.9      0.414      0.180      0.085      0.330     -0.605      0.560
289.4500     -29981.289   -29989.646        8.357   335.0      0.685      0.020     -0.306     -0.160     -0.014     -0.417
289.5000     -29981.299   -29989.627        8.328   333.8      0.207     -0.425     -0.549     -0.360     -0.231      0.510
289.5500     -29981.733   -29990.154        8.421   337.5     -0.369     -0.118     -0.102      0.176     -0.169      0.543
289.6000     -29981.665   -29989.502        7.837   314.2     -0.186      0.511     -0.273      0.407      0.384      0.851
289.6500     -29981.078   -29989.510        8.431   338.0     -0.570     -0.274     -1.181      0.105      0.192      0.444
289.7000     -29981.344   -29989.383        8.039   322.2      1.316      0.601      0.351      0.004      0.608     -0.256
289.7500     -29981.351   -29989.898        8.548   342.6     -0.295      0.091     -0.473      0.270     -0.354      0.003
289.8000     -29981.066   -29989.359        8.294   332.4      0.196     -0.067     -0.067     -0.143      0.042      0.071
289.8500     -29981.444   -29989.945        8.501   340.8      0.068     -0.485     -0.122     -0.636      0.426      0.466
289.9000     -29981.714   -29990.197        8.483   340.0     -0.567      0.155      0.164     -0.067     -0.076     -0.074
289.9500     -29981.705   -29990.277        8.572   343.6      0.330     -0.282     -0.082      0.372     -0.153     -0.124
290.0000     -29982.326   -29990.154        7.828   313.8     -0.633     -0.803     -0.935      0.128     -0.046     -0.247
290.0500     -29982.115   -29989.773        7.658   307.0     -0.047     -0.039     -0.156     -0.192     -0.748      0.481
290.1000     -29981.699   -29989.488        7.789   312.2     -0.968     -1.010     -1.298     -0.311     -0.294     -0.511
290.1500     -29981.781   -29990.057        8.276   331.7     -0.151      0.110     -0.290      0.603     -0.477      0.254
290.2000     -29981.923   -29989.742        7.819   313.4      0.336      0.429      0.412     -0.184     -0.576      0.391
290.2500     -29981.661   -29990.035        8.374   335.7     -0.247     -0.415     -0.722     -0.026      0.119     -0.563
290.3000     -29981.296   -29989.648        8.352   334.8     -0.035     -1.254     -0.978     -0.559      0.006      0.248
290.3500     -29981.829   -29989.352        7.522   301.5     -0.504      0.131      0.917      0.008      0.001     -0.009
290.4000     -29981.681   -29989.500        7.819   313.4     -0.404     -0.521     -0.703     -0.145     -0.124      0.697
290.4500     -29981.767   -29989.664        7.897   316.6     -0.371     -0.080     -0.108     -0.352      0.519     -0.023
290.5000     -29981.376   -29988.947        7.571   303.5     -2.089     -1.465     -1.341     -0.025     -0.920      0.556
290.5500     -29980.899   -29988.688        7.788   312.2     -0.522     -0.833      0.166      0.182     -0.120      0.161
290.6000     -29980.880   -29988.861        7.981   319.9     -0.961     -0.546      0.225      0.262     -0.794     -0.233
290.6500     -29980.326   -29988.914        8.588   344.3     -0.334     -0.423      0.100      0.029     -0.007      0.634
290.7000     -29980.435   -29988.787        8.352   334.8     -0.097     -0.330     -0.274      0.076     -0.054      0.229
290.7500     -29980.082   -29988.754        8.672   347.6     -0.761      0.398      0.450      0.895     -0.110     -0.027
290.8000     -29980.157   -29989.260        9.103   364.9      0.065      0.510      1.002     -0.639     -0.305      0.215
290.8500     -29980.031   -29988.953        8.922   357.6     -0.555     -1.340     -0.563      0.006      0.262      0.612
290.9000     -29980.233   -29988.900        8.668   347.4      0.237     -0.667      0.534      0.252      0.024      0.395
290.9500     -29980.100   -29988.459        8.359   335.1     -1.260      0.473      0.033     -0.643     -0.489     -0.029
291.0000     -29979.785   -29988.539        8.754   350.9      0.937      0.272      0.211      0.277     -0.158      0.523
291.0500     -29980.351   -29988.666        8.315   333.3      0.147     -0.720      0.339     -0.106      0.217      0.094
291.1000     -29979.869   -29989.021        9.152   366.9      0.151     -0.012     -0.737      0.031     -0.151     -0.146
291.1500     -29979.340   -29987.561        8.221   329.5      0.065     -0.380      0.084      0.610     -0.051      0.749
291.2000     -29980.084   -29988.285        8.201   328.7     -0.481     -0.085     -0.121     -0.119     -0.172      0.314
291.2500     -29979.662   -29988.262        8.600   344.7     -0.194      0.544     -0.260      0.857      0.432     -0.176
291.3000     -29979.234   -29988.236        9.002   360.8     -0.587     -0.063     -0.171     -0.581     -0.102      0.769
291.3500     -29979.830   -29988.641        8.811   353.2      0.502     -0.385      0.153      0.078      0.223     -0.120
291.4000     -29980.249   -29988.346        8.096   324.5     -0.713     -0.618      0.110     -0.349     -0.348      0.127
291.4500     -29980.393   -29988.445        8.053   322.8      0.286      0.141     -0.108      0.177      0.619     -0.130
291.5000     -29979.908   -29988.418        8.510   341.1      0.132      1.350      0.752      0.177     -0.137     -0.269
291.5500     -29980.584   -29988.547        7.962   319.2      0.028      0.351     -0.106     -0.402     -0.289      0.271
291.6000     -29981.087   -29989.439        8.352   334.8      0.179      1.609     -0.121      0.519      0.312     -0.263
291.6500     -29981.444   -29989.584        8.140   326.3      1.089     -0.005      0.387     -0.903     -0.182     -0.003
291.7000     -29981.330   -29988.740        7.410   297.0     -0.812     -1.269     -0.674     -0.240     -0.011      0.548
291.7500     -29981.190   -29989.613        8.423   337.6      0.204      0.552      0.104      0.547     -0.105      0.084
291.8000     -29981.112   -29989.432        8.320   333.5      0.492      0.027     -0.107      0.157     -0.399     -0.183
291.8500     -29981.396   -29989.207        7.811   313.1      0.440     -0.360      0.225      0.285      0.207      0.097
291.9000     -29981.093   -29989.439        8.347   334.6     -0.648     -0.353     -0.375      0.766     -0.364     -0.211
291.9500     -29981.505   -29989.410        7.905   316.9      0.513      0.119     -0.283      0.131      0.416      0.322
292.0000     -29981.217   -29989.426        8.209   329.0      0.213     -0.165      0.047     -0.513      0.409      0.500
292.0500     -29981.531   -29989.691        8.161   327.1      0.294     -0.459     -0.004     -0.208     -0.126      0.623
292.1000     -29981.234   -29989.766        8.531   342.0      0.064      0.435     -0.432     -0.344      0.099     -0.110
292.1500     -29981.075   -29989.732        8.657   347.0     -0.583     -0.456     -0.567     -0.458      0.095     -0.005
292.2000     -29980.903   -29989.371        8.468   339.4     -0.278      0.078     -1.085      0.527     -0.528      0.092
292.2500     -29981.286   -29989.854        8.568   343.4     -0.422     -0.773     -0.434      0.230     -0.406      0.169
292.3000     -29981.768   -29990.035        8.267   331.4     -0.396     -1.038     -0.851     -0.020      0.225     -0.086
292.3500     -29981.647   -29989.648        8.002   320.7     -0.771     -0.425     -0.649     -0.065     -0.222      0.129
292.4000     -29981.424   -29989.498        8.075   323.7     -0.782     -0.650     -1.184      0.245     -0.220     -0.419
292.4500     -29981.531   -29990.008        8.477   339.8     -1.180     -1.789     -0.955      0.008      0.127      0.386
292.5000     -29981.516   -29989.541        8.025   321.7     -0.152      0.217     -0.424      0.305     -0.115     -0.033
292.5500     -29980.722   -29988.826        8.105   324.9     -0.017      0.353      0.508      0.475      0.584      0.471
292.6000     -29981.102   -29989.311        8.209   329.0     -0.063     -0.419     -0.218      0.238      0.553      0.384
292.6500     -29981.691   -29989.680        7.989   320.2      0.017      0.457     -0.757      0.448     -0.541     -0.264
292.7000     -29981.497   -29989.713        8.216   329.3     -0.587      0.452      0.829      0.235     -0.268      0.310
292.7500     -29981.481   -29989.295        7.814   313.2     -0.702     -0.349     -0.134     -0.482      0.094      0.139
292.8000     -29981.455   -29989.824        8.369   335.5     -0.265     -0.396     -0.556      0.684     -0.538      0.111
292.8500     -29980.708   -29988.518        7.809   313.0      1.051     -0.351      0.291      0.255      0.313     -0.481
292.9000     -29980.286   -29988.566        8.280   331.9     -0.413     -1.012     -0.145      0.217     -0.500     -0.098
292.9500     -29980.422   -29988.861        8.440   338.3     -0.709     -1.119     -0.562      0.188     -0.422     -0.181
293.0000     -29980.607   -29988.645        8.037   322.2      0.039     -0.182      0.641      0.790     -0.330      0.177
293.0500     -29980.929   -29989.543        8.614   345.3     -0.164      0.570      0.169     -0.528     -0.247      0.544
293.1000     -29981.034   -29989.363        8.329   333.9      0.680      0.280      0.101      0.106      0.173     -0.452
293.1500     -29981.352   -29989.711        8.359   335.1     -0.118      0.405      0.680      0.136     -0.226      0.184
293.2000     -29981.313   -29990.039        8.726   349.8      0.381     -0.146      0.489      0.232      0.326     -0.269
293.2500     -29981.000   -29989.170        8.170   327.5      0.517      0.441     -0.674     -0.675     -0.080      0.215
293.3000     -29980.109   -29988.896        8.788   352.3      0.321     -0.024     -0.231     -0.163     -0.073      0.536
293.3500     -29979.841   -29989.043        9.202   368.8     -0.529     -0.114      0.320     -0.049      0.401     -0.202
293.4000     -29979.918   -29988.408        8.490   340.3      0.146      0.138      0.240      0.003     -0.228     -0.070
293.4500     -29979.408   -29988.590        9.182   368.1      0.292     -0.156     -0.437      0.068     -0.200      0.471
293.5000     -29979.795   -29987.533        7.738   310.2     -0.538      0.433      0.908      0.450      0.348      0.453
293.5500     -29980.085   -29988.684        8.599   344.7     -0.310     -1.032     -0.014     -0.600      0.518     -0.297
293.6000     -29979.888   -29988.439        8.552   342.8      0.206      0.877      0.543      0.004     -0.615     -0.220
293.6500     -29979.702   -29987.848        8.145   326.5      0.582     -0.090      0.271      0.124     -0.163      0.015
293.7000     -29979.938   -29987.795        7.856   314.9      1.204      0.749      0.047     -0.190      0.028     -0.056
293.7500     -29980.622   -29988.990        8.368   335.4     -0.548      0.613     -0.364     -0.280     -0.019      0.476
293.8000     -29980.884   -29989.414        8.530   341.9     -0.478      0.456     -0.576     -0.198      0.920      0.359
293.8500     -29980.572   -29988.365        7.793   312.4     -0.404      0.378      0.471     -0.464     -0.018      0.251
293.9000     -29980.880   -29989.166        8.286   332.1     -0.149     -0.384     -0.309     -0.052     -0.380     -0.294
293.9500     -29980.975   -29989.236        8.262   331.2     -0.954     -0.745     -0.157     -0.011     -0.190      0.390
294.0000     -29980.787   -29989.244        8.457   339.0     -0.369      0.739      0.237     -0.431      0.152     -0.020
294.0500     -29981.101   -29988.824        7.724   309.6     -0.438     -0.138     -0.215      0.430      0.063      0.337
294.1000     -29980.504   -29988.871        8.367   335.4     -0.203      0.277      0.230     -0.462      0.330      0.241
294.1500     -29980.280   -29988.498        8.218   329.4     -0.103      0.533     -0.882      0.156     -0.858      0.285
294.2000     -29980.058   -29989.055        8.997   360.6     -0.712     -0.250      0.373      0.369     -0.084      0.362
294.2500     -29979.963   -29987.732        7.769   311.4     -0.984      0.241      0.123     -0.395     -0.057     -0.093
294.3000     -29979.767   -29988.111        8.344   334.5      0.167      1.025      0.271      0.144     -0.097     -0.125
294.3500     -29980.056   -29989.049        8.993   360.5      0.005      0.003      0.316     -0.141      0.511     -0.217
294.4000     -29979.910   -29988.701        8.791   352.4     -0.759     -0.824     -0.696     -0.076     -0.219     -0.215
294.4500     -29980.658   -29989.156        8.498   340.7     -0.930      0.024      0.305      0.109      0.432     -0.276
294.5000     -29980.952   -29989.420        8.468   339.4     -0.721     -0.516      0.039      0.122     -0.537     -0.033
294.5500     -29980.608   -29989.254        8.646   346.6      0.974      0.279     -0.316      0.059      0.330      0.045
294.6000     -29980.520   -29989.232        8.713   349.3     -1.729     -0.979     -0.021     -0.549     -0.427      0.050
294.6500     -29979.905   -29989.109        9.204   368.9     -0.106      0.147     -0.033     -0.676      0.375     -0.061
294.7000     -29979.864   -29988.939        9.076   363.8     -0.960     -1.246     -0.892     -0.033     -0.187      0.227
294.7500     -29979.809   -29988.895        9.086   364.2     -0.560      0.085     -0.828     -0.598     -0.082     -0.201
294.8000     -29979.290   -29988.348        9.058   363.1      1.027     -0.056      0.396      0.420      0.226     -0.334
294.8500     -29979.779   -29988.504        8.725   349.7      0.105      0.506     -0.057     -0.345      0.069     -0.115
294.9000     -29980.232   -29988.932        8.699   348.7     -0.048     -0.319     -0.227     -0.104     -0.770      0.021
294.9500     -29980.506   -29988.246        7.740   310.3     -0.248      0.357     -0.252      0.360     -0.282     -0.152
295.0000     -29980.774   -29989.684        8.910   357.2      0.782     -0.044      0.164     -0.480     -0.348      0.055
295.0500     -29981.497   -29989.447        7.951   318.7     -0.298     -1.220     -0.261     -0.606      0.076     -0.477
295.1000     -29981.844   -29989.809        7.965   319.3      0.190      0.283     -0.725      0.083     -0.485      0.154
295.1500     -29981.836   -29989.455        7.619   305.4     -0.401     -0.284     -0.562      0.521      0.604      0.042
295.2000     -29981.829   -29989.449        7.621   305.5      0.474      0.152      0.503     -0.360      0.205      0.098
295.2500     -29981.867   -29989.699        7.832   314.0      0.059      0.416     -0.045      0.225     -0.361     -0.405
295.3000     -29981.700   -29989.158        7.458   299.0     -0.904      0.596     -0.489      0.205     -0.218      0.419
295.3500     -29981.576   -29989.604        8.027   321.8     -0.205     -0.652     -0.695     -0.025      0.017     -0.128
295.4000     -29981.105   -29988.748        7.643   306.4     -0.055     -0.458     -0.522      0.156     -0.191     -0.261
295.4500     -29980.791   -29989.395        8.604   344.9     -1.232     -0.369     -0.332     -0.053      0.214     -0.211
295.5000     -29980.743   -29989.422        8.678   347.9      0.148     -0.667     -0.121      0.193      0.185     -0.268
295.5500     -29980.404   -29989.291        8.887   356.2     -0.192     -0.391      0.158      0.228     -0.009      0.867
295.6000     -29980.364   -29988.531        8.167   327.4      0.430     -0.545     -0.193      0.355      0.402     -0.595
295.6500     -29980.813   -29989.158        8.345   334.5      0.331      0.430      0.453      0.389      0.145     -0.133
295.7000     -29980.731   -29989.061        8.329   333.9      0.583     -0.001     -1.169      0.800     -0.747     -0.201
295.7500     -29981.143   -29989.271        8.129   325.8     -0.635     -0.531     -0.363      0.300     -0.309      0.113
295.8000     -29981.337   -29989.643        8.305   332.9     -0.955     -1.015     -1.169      0.296      0.123      0.226
295.8500     -29981.531   -29989.354        7.823   313.6     -0.832     -0.447     -0.051     -0.028     -0.242     -0.174
295.9000     -29981.585   -29989.490        7.905   316.9     -0.043     -0.719     -0.535     -0.272      0.196     -0.185
295.9500     -29982.356   -29989.883        7.527   301.7     -0.603     -0.730     -0.710     -0.156     -0.595      0.205
296.0000     -29982.439   -29990.473        8.034   322.0      0.010     -0.076     -0.235      0.319      0.517     -1.042
296.0500     -29981.940   -29989.637        7.696   308.5     -0.364     -0.951     -0.309     -0.090     -0.356      1.014
296.1000     -29982.071   -29989.941        7.870   315.5      0.462     -0.168     -0.840      0.126     -0.255     -0.391
296.1500     -29981.792   -29989.676        7.884   316.0     -0.673     -0.965     -0.614     -0.580      0.006     -0.326
296.2000     -29981.895   -29989.920        8.025   321.7     -0.132      0.207     -0.868      0.540     -0.444     -0.068
296.2500     -29982.137   -29990.699        8.562   343.2     -0.237     -1.476     -0.362     -0.249     -0.062      0.121
296.3000     -29981.973   -29990.039        8.066   323.3     -0.697     -1.455     -0.288     -0.439     -0.772      0.538
296.3500     -29981.635   -29990.066        8.431   338.0      0.138     -0.273     -0.410      0.060      0.047     -0.368
296.4000     -29981.406   -29989.764        8.358   335.0     -0.266      0.461      0.088     -0.425     -0.043      0.973
296.4500     -29980.960   -29989.686        8.726   349.8      0.081     -0.541      0.087     -0.352     -0.041      0.373
296.5000     -29980.665   -29989.234        8.569   343.5     -0.571     -0.596     -0.629     -0.183      0.267     -0.322
296.5500     -29980.489   -29988.445        7.957   318.9     -0.549     -0.774     -1.017     -0.268     -0.131     -0.301
296.6000     -29980.667   -29989.203        8.536   342.2     -0.875     -1.033     -0.775     -0.386     -0.309      0.096
296.6500     -29980.589   -29989.131        8.541   342.4      0.152     -0.551     -0.503     -0.517     -0.214      0.607
296.7000     -29980.668   -29988.828        8.160   327.1     -0.036     -0.461     -0.054      0.128      0.149      0.004
296.7500     -29980.648   -29988.623        7.975   319.7      0.296      0.407      0.777      0.072     -0.091     -0.340
296.8000     -29980.272   -29989.145        8.873   355.7     -0.052     -0.771     -0.649     -0.282     -0.492      0.206
296.8500     -29980.789   -29989.074        8.285   332.1     -0.352      0.036      0.224      0.058     -0.443      0.811
296.9000     -29980.766   -29989.443        8.677   347.8      0.287     -0.232      0.054     -0.368      0.039     -0.250
296.9500     -29980.722   -29989.135        8.413   337.2     -0.509      0.420     -0.541      0.120      0.556     -0.319
297.0000     -29980.156   -29988.553        8.396   336.6      1.289      0.013      0.675      0.049     -0.031      0.566
297.0500     -29980.110   -29988.836        8.726   349.8      0.293      0.038      0.269      0.032      0.286      0.117
297.1000     -29980.417   -29989.064        8.647   346.6      0.672      0.564      0.190      0.331      0.568     -0.291
297.1500     -29980.793   -29988.910        8.117   325.4     -0.526      0.319     -0.438     -0.376      0.136     -0.359
297.2000     -29981.244   -29989.223        7.978   319.8      0.695      0.759      0.630      0.359      0.276      0.421
297.2500     -29981.246   -29989.713        8.467   339.4     -0.525     -0.211     -0.134      0.218      0.019     -0.702
297.3000     -29981.328   -29989.807        8.479   339.9     -0.416     -0.551      0.356      0.092      0.217      0.075
297.3500     -29981.063   -29989.297        8.233   330.0      0.460      0.912     -0.588      0.342     -0.250      0.300
297.4000     -29980.520   -29988.947        8.427   337.8     -0.777     -0.108     -1.264     -0.081      0.380      0.247
297.4500     -29980.182   -29989.029        8.848   354.6      0.206     -0.175      0.378      0.234     -0.223     -0.255
297.5000     -29979.862   -29988.920        9.057   363.1     -0.672     -0.384     -0.513     -0.013      0.532     -0.155
297.5500     -29979.700   -29988.779        9.079   363.9      0.528      0.774      0.576      0.732     -0.640      0.665
297.6000     -29979.897   -29988.410        8.513   341.2     -0.492      0.339      0.268     -0.376      0.769     -0.110
297.6500     -29979.943   -29988.348        8.405   336.9      0.366     -0.773     -0.373      0.388      0.004     -0.523
297.7000     -29980.680   -29989.213        8.532   342.0      0.905     -0.258     -0.897     -0.496      0.248      0.135
297.7500     -29980.242   -29988.877        8.635   346.1     -0.999     -0.020     -0.554     -0.290     -0.196      0.152
297.8000     -29979.948   -29988.289        8.342   334.4     -1.177     -0.996     -1.134     -0.221     -0.040      0.050
297.8500     -29980.002   -29988.174        8.172   327.6      0.117     -0.399     -0.567     -0.021      0.198      0.613
297.9000     -29980.196   -29988.588        8.392   336.4     -0.459      0.156     -0.363     -0.714     -0.502     -0.204
297.9500     -29980.123   -29988.541        8.418   337.4     -0.112     -0.647      0.030      0.802      0.293     -0.013
298.0000     -29980.587   -29988.912        8.325   333.7      0.699      0.421      0.903      0.099     -0.238     -0.024
298.0500     -29980.687   -29989.209        8.522   341.6      0.133     -0.396      0.719      0.467      0.522      0.061
298.1000     -29980.941   -29989.055        8.113   325.2     -0.783     -0.748     -1.249      0.126     -0.393      0.167
298.1500     -29980.865   -29989.047        8.182   328.0     -0.756      0.242     -1.218      0.201      0.085     -0.355
298.2000     -29980.729   -29989.303        8.573   343.7     -0.543      0.358     -0.460      0.003     -0.155     -0.083
298.2500     -29980.471   -29989.311        8.839   354.3     -1.217     -0.128      0.704     -0.133      0.227      0.017
298.3000     -29980.686   -29988.740        8.054   322.8     -0.014      0.471     -0.990      0.727      0.224     -0.111
298.3500     -29980.892   -29989.578        8.686   348.2     -0.620     -0.685      0.506     -0.504     -0.576      0.138
298.4000     -29981.675   -29989.125        7.450   298.6      1.276     -0.619     -0.170     -0.040     -0.193     -0.394
298.4500     -29981.596   -29989.586        7.990   320.3      0.426      1.042     -0.208     -0.310     -0.781      0.353
298.5000     -29981.709   -29989.648        7.939   318.2     -0.930      0.091     -0.846      0.143     -0.497     -0.031
298.5500     -29981.439   -29989.695        8.256   331.0     -0.405     -0.279      0.186     -0.028      0.427     -0.519
298.6000     -29981.550   -29989.111        7.561   303.1     -0.145     -0.139     -0.470      0.056     -0.309      0.668
298.6500     -29981.516   -29989.143        7.626   305.7      0.652      0.238      1.211     -0.547      0.040     -0.359
298.7000     -29981.564   -29989.727        8.162   327.2     -0.289      0.563      0.546      0.275      0.115     -0.361
298.7500     -29981.922   -29989.785        7.863   315.2     -0.549     -0.817     -0.907     -0.530      0.016      1.026
298.8000     -29981.585   -29989.340        7.755   310.9     -0.042     -0.247      0.096      0.772      0.035     -0.308
298.8500     -29981.453   -29989.418        7.965   319.3     -0.328     -0.417      0.650      0.001      0.148      0.035
298.9000     -29981.656   -29989.668        8.012   321.2      0.266     -0.708     -0.185      0.159     -0.210     -0.044
298.9500     -29981.149   -29988.967        7.818   313.4      0.374     -0.686     -0.771      0.431     -0.103      0.272
299.0000     -29981.637   -29990.131        8.493   340.5     -0.330      0.199      0.140      0.002     -0.065      0.115
299.0500     -29981.156   -29989.561        8.405   336.9     -0.256      0.038     -0.152     -0.200      0.433     -0.208
299.1000     -29981.273   -29989.441        8.168   327.4      0.125      0.421      0.614      0.142      0.065     -0.070
299.1500     -29981.341   -29989.512        8.171   327.5      0.198      0.383     -0.437     -0.232     -0.095      0.232
299.2000     -29981.468   -29989.520        8.052   322.7     -0.045     -0.388      0.324     -0.492      0.216     -0.175
299.2500     -29981.401   -29989.023        7.622   305.5      0.515     -1.112     -0.346      0.168     -0.316     -0.067
299.3000     -29981.158   -29988.691        7.533   302.0     -1.206      0.780     -0.838     -0.397     -0.347     -0.636
299.3500     -29980.645   -29989.029        8.384   336.1     -0.095     -0.872     -1.171     -0.006      0.231      0.056
299.4000     -29980.857   -29988.703        7.847   314.5      0.131     -0.654      0.108      0.284      0.233      0.042
299.4500     -29980.872   -29988.842        7.969   319.5     -0.441      0.086     -0.168     -0.474      0.078      0.226
299.5000     -29981.280   -29989.502        8.222   329.6     -0.510     -0.756     -0.496      0.310     -0.755     -0.042
299.5500     -29981.635   -29989.658        8.023   321.6      0.676      0.245     -0.015      0.515      0.134     -0.312
299.6000     -29981.751   -29989.500        7.749   310.6     -0.743     -0.263     -0.065      0.011      0.276      0.242
299.6500     -29981.435   -29989.969        8.534   342.1     -0.196     -0.835     -0.890     -0.348      0.331     -0.121
299.7000     -29981.308   -29989.520        8.212   329.2     -0.211     -0.834     -0.466     -0.109     -0.553      0.170
299.7500     -29981.758   -29989.779        8.021   321.5     -0.043     -0.310     -0.819      0.191     -0.110      0.006
299.8000     -29981.359   -29989.062        7.703   308.8     -0.021     -0.092      0.434      0.284     -0.558     -0.118
299.8500     -29980.976   -29988.416        7.440   298.2     -0.011     -0.443     -0.511      0.410      0.496      0.394
299.9000     -29981.427   -29989.252        7.825   313.7      0.361     -0.913     -0.004      0.205     -0.273      0.359
299.9500     -29981.870   -29989.535        7.666   307.3     -0.782     -1.197     -0.632      0.241     -0.061     -0.054
300.0000     -29981.459   -29989.879        8.420   337.5     -0.295     -0.351     -1.357      0.719     -0.210      0.585
300.0500     -29981.310   -29990.268        8.958   359.1     -0.573      0.713     -0.699     -0.061     -0.035      0.110
300.1000     -29980.985   -29989.584        8.599   344.7      0.037      0.271      0.211     -0.012      0.199      0.260
300.1500     -29980.646   -29988.891        8.244   330.5     -0.474      0.082      0.572      0.122     -0.775      0.264
300.2000     -29980.703   -29989.467        8.764   351.3      0.677     -0.283      0.802     -0.265     -0.039      0.474
300.2500     -29980.688   -29988.494        7.806   312.9     -0.582      0.343     -0.778      0.834     -0.011      0.150
300.3000     -29980.753   -29989.375        8.622   345.6     -1.015     -1.785     -0.131      0.080     -0.081     -0.115
300.3500     -29980.776   -29988.793        8.017   321.3      0.344      0.414     -0.198     -0.035      0.730     -0.505
300.4000     -29981.002   -29988.992        7.990   320.3     -0.773     -0.957     -0.553      0.471      0.099     -0.136
300.4500     -29981.901   -29989.986        8.085   324.1      0.490     -0.069      0.257      0.119     -0.281     -0.132
300.5000     -29982.022   -29990.174        8.152   326.8     -0.228      0.276      0.048     -0.669      0.120      0.350
300.5500     -29981.550   -29989.842        8.292   332.4     -0.793     -0.327      0.637      0.175     -0.116     -0.460
300.6000     -29981.906   -29990.070        8.164   327.2     -0.027     -0.837     -0.503      0.063     -0.373      1.005
300.6500     -29981.179   -29989.615        8.436   338.2      1.024      0.030     -0.720     -0.019      0.183     -0.222
300.7000     -29980.960   -29989.371        8.412   337.2     -0.007     -0.535      0.175      0.347     -0.341      0.078
300.7500     -29980.737   -29989.414        8.677   347.8     -1.419     -0.141     -0.510      0.226      0.202      0.222
300.8000     -29980.658   -29989.234        8.576   343.8      0.171      0.202     -0.419     -0.270      0.282     -0.494
300.8500     -29980.517   -29988.305        7.788   312.2     -0.449     -0.807     -0.290      0.588     -0.576     -0.249
300.9000     -29980.535   -29988.244        7.709   309.0     -0.385     -0.270     -0.178     -0.284      0.341     -0.306
300.9500     -29980.547   -29989.291        8.744   350.5      0.343     -0.512     -0.256      0.181     -0.073     -0.138
301.0000     -29979.686   -29988.984        9.298   372.7     -0.895      0.948      0.447      0.595      0.266     -0.180
301.0500     -29980.290   -29988.605        8.316   333.3      0.914     -0.879      0.594      0.343     -0.202      0.267
301.1000     -29980.555   -29988.807        8.252   330.8     -0.290     -0.220      0.259     -0.356     -0.044      0.132
301.1500     -29980.929   -29989.264        8.335   334.1     -0.356      0.228     -0.597     -0.164     -0.195     -0.078
301.2000     -29980.022   -29988.660        8.638   346.2     -0.745      0.149     -0.031     -0.180      0.276     -0.042
301.2500     -29980.111   -29988.789        8.678   347.9      0.407     -0.464     -0.632      0.082      0.144     -0.663
301.3000     -29979.806   -29988.496        8.691   348.4     -0.342      0.270     -0.397      0.223     -0.257      0.264
301.3500     -29980.514   -29988.961        8.446   338.6      0.150     -0.723     -0.336     -0.454      0.267     -0.035
301.4000     -29980.234   -29988.906        8.672   347.6     -0.992     -0.847      0.315      0.316     -0.455      0.172
301.4500     -29980.843   -29989.314        8.471   339.6     -0.200     -0.023     -0.279     -0.086      0.326      0.129
301.5000     -29980.688   -29988.520        7.832   313.9     -0.466     -0.245     -0.542      0.104      0.891      0.067
301.5500     -29980.989   -29989.668        8.678   347.9      0.149     -0.374      0.181     -0.127     -0.476     -0.223
301.6000     -29981.053   -29989.336        8.283   332.0     -0.145     -0.221     -0.511     -0.052      0.294      0.292
301.6500     -29981.086   -29989.314        8.229   329.9     -0.706     -0.019     -0.487     -0.665     -0.185      0.050
301.7000     -29981.082   -29988.957        7.875   315.7     -2.043     -0.971     -0.706     -0.392      0.884     -0.364
301.7500     -29980.628   -29988.564        7.936   318.1      0.404      0.082     -0.210      0.113     -0.243      0.804
301.8000     -29980.685   -29988.887        8.202   328.8     -1.259      0.223     -0.242      0.251     -0.140     -0.201
301.8500     -29980.715   -29990.326        9.611   385.3     -1.095      0.056     -1.031     -0.016     -0.276     -0.420
301.9000     -29980.635   -29989.592        8.957   359.0      0.531      0.154     -0.300     -0.197     -0.581      0.072
301.9500     -29980.687   -29989.051        8.364   335.3     -0.277     -0.246     -0.176     -0.078      0.325     -0.251
302.0000     -29980.583   -29988.920        8.337   334.2     -1.145     -1.097     -0.684     -0.507      0.088     -0.058
302.0500     -29980.517   -29988.832        8.315   333.3     -0.302     -0.397     -0.299     -0.496     -0.284     -0.624
302.1000     -29980.513   -29988.316        7.804   312.8     -1.379     -0.375      0.400     -0.003     -0.158     -0.257
302.1500     -29980.359   -29988.533        8.174   327.7     -0.952      0.264     -0.390      0.334     -0.414      0.051
302.2000     -29980.124   -29988.510        8.386   336.2      0.409     -1.149      0.255     -0.926     -0.190      0.127
302.2500     -29979.517   -29988.498        8.981   360.0     -0.494     -0.337      0.273     -0.068     -0.058     -0.218
302.3000     -29980.073   -29988.531        8.458   339.0      0.022      0.161     -0.113     -0.296     -0.046      0.148
302.3500     -29979.975   -29988.516        8.540   342.3     -0.363     -0.156      0.090     -0.399      0.735     -0.198
302.4000     -29979.329   -29988.213        8.884   356.1     -0.712     -0.629     -1.129      0.119     -0.470      0.172
302.4500     -29979.303   -29988.119        8.817   353.4     -1.019     -0.093     -0.702     -0.162     -0.123     -0.329
302.5000     -29979.095   -29988.127        9.032   362.1     -0.557      0.582     -0.281     -0.325      0.257     -0.021
302.5500     -29979.495   -29988.410        8.916   357.4      0.552      1.314      0.796     -0.390     -0.303     -0.310
302.6000     -29979.193   -29988.215        9.021   361.6     -0.351     -0.465     -0.707      0.205      0.081     -0.378
302.6500     -29979.284   -29989.086        9.802   392.9      0.129     -0.746      0.371      0.000      0.208      0.374
302.7000     -29979.127   -29988.205        9.078   363.9      1.096      0.192      0.309      0.068     -0.498      0.284
302.7500     -29978.765   -29988.244        9.479   380.0      0.509     -0.244      0.028     -0.335      0.337      0.053
302.8000     -29979.076   -29987.818        8.743   350.4     -0.352      0.766      0.496      0.085      0.698     -0.501
302.8500     -29979.265   -29988.102        8.836   354.2     -0.334     -0.598     -0.140     -0.265      0.002      0.532
302.9000     -29979.864   -29988.361        8.497   340.6      0.495      0.544     -0.009      0.493      0.724     -0.165
302.9500     -29979.912   -29987.789        7.877   315.8     -0.008     -0.963     -0.987     -0.528     -0.771     -0.113
303.0000     -29979.666   -29988.002        8.336   334.1     -0.827     -0.511      0.292      0.138      0.474     -0.303
303.0500     -29980.291   -29988.908        8.617   345.4     -0.224     -0.230      0.201      0.113     -0.098     -0.086
303.1000     -29980.091   -29988.590        8.498   340.7      0.229      1.658      0.451      0.039     -0.110     -0.473
303.1500     -29980.166   -29989.076        8.910   357.2     -0.317     -0.116      1.198      0.113     -0.225      0.601
303.2000     -29980.286   -29988.869        8.583   344.0     -0.092     -0.090     -0.064      0.041      0.252      0.230
303.2500     -29980.168   -29988.736        8.568   343.4      0.485      0.326     -0.702      0.198      0.268      0.193
303.3000     -29979.993   -29988.150        8.157   327.0     -0.565     -0.075     -0.862      0.048     -0.160     -0.301
303.3500     -29980.100   -29988.250        8.150   326.7     -0.271      0.199      0.579     -0.376      0.643     -0.024
303.4000     -29980.343   -29988.006        7.662   307.1      0.510     -0.496      0.150      0.325     -0.128      0.259
303.4500     -29980.597   -29988.918        8.321   333.5     -0.689     -0.859     -1.022     -0.264      0.310     -0.295
303.5000     -29980.785   -29989.578        8.793   352.5     -0.536     -1.151     -1.148      0.352      0.024      0.158
303.5500     -29981.158   -29989.393        8.235   330.1     -1.011     -0.676     -0.351     -0.147      0.072     -0.124
303.6000     -29980.269   -29988.838        8.569   343.5     -0.787     -0.083     -0.798     -0.126      0.143     -0.514
303.6500     -29980.431   -29989.314        8.884   356.1     -0.782     -0.288     -0.579     -0.404     -0.055     -0.602
303.7000     -29980.296   -29988.949        8.654   346.9     -0.184     -0.465     -0.874      0.417      0.119     -0.030
303.7500     -29979.314   -29988.418        9.103   364.9     -0.260     -0.262      0.546     -0.233      0.686      0.333
303.8000     -29979.805   -29988.449        8.644   346.5     -0.354      0.308     -0.219      0.007     -0.542     -0.761
303.8500     -29980.359   -29988.520        8.161   327.1     -0.371      0.004     -0.636     -0.224      0.820      0.540
303.9000     -29980.895   -29988.871        7.976   319.7      0.491      0.597      0.679      0.122     -0.149     -0.771
303.9500     -29980.594   -29988.611        8.018   321.4      0.646      0.517      0.103     -0.238     -0.148     -0.089
304.0000     -29980.392   -29987.822        7.430   297.8      0.014      0.488      0.552     -0.034      0.346     -0.227
304.0500     -29980.106   -29988.012        7.906   316.9     -0.047      0.808      0.235      0.248     -0.222     -0.034
304.1000     -29980.048   -29987.818        7.770   311.5      0.612      0.367      0.457     -0.436      0.153      0.227
304.1500     -29979.522   -29988.135        8.613   345.2     -0.121     -0.212      0.078     -0.181      0.113      0.384
304.2000     -29979.452   -29987.729        8.277   331.8     -0.114     -0.329     -0.038      0.380      0.048     -0.748
304.2500     -29979.641   -29988.090        8.449   338.7      0.620      0.854      0.777     -0.347     -0.118     -0.042
304.3000     -29979.755   -29988.172        8.417   337.4     -0.444      0.040     -0.815      0.188     -0.487     -0.506
304.3500     -29979.507   -29987.908        8.401   336.8     -0.748     -1.018     -0.055      0.612      0.219     -0.433
304.4000     -29979.735   -29988.139        8.404   336.9     -0.119     -0.023     -0.301      0.022     -0.433      0.360
304.4500     -29980.188   -29988.115        7.927   317.7     -0.093     -0.816     -0.229      0.071     -0.509     -0.104
304.5000     -29980.681   -29988.789        8.108   325.0     -0.443     -0.074     -0.724     -0.488     -0.260      0.536
304.5500     -29980.683   -29989.305        8.622   345.6     -0.520     -0.568      0.949     -0.054     -0.476     -0.480
304.6000     -29980.681   -29989.004        8.323   333.6     -0.341     -0.813     -0.452      0.482     -1.124     -0.498
304.6500     -29980.276   -29989.303        9.026   361.8     -0.178      0.054     -0.183     -0.479      0.242     -0.232
304.7000     -29980.100   -29988.312        8.213   329.2     -0.331     -0.978     -0.363      0.112     -0.551     -0.740
304.7500     -29980.302   -29988.875        8.573   343.7     -0.145      0.005      0.771     -0.513      0.405      0.249
304.8000     -29980.700   -29988.621        7.921   317.5      0.771     -0.396     -0.139     -0.222     -0.482     -0.266
304.8500     -29980.296   -29988.254        7.958   319.0      0.090      1.381     -0.224     -0.491     -0.378     -0.322
304.9000     -29980.169   -29988.465        8.296   332.5     -0.289     -0.124      0.301     -0.532     -0.253      0.061
304.9500     -29980.699   -29989.191        8.492   340.4      0.354     -0.199     -0.109      0.527      0.304     -0.280
305.0000     -29980.401   -29988.443        8.042   322.4     -0.309     -0.248      0.274     -0.324     -0.860     -0.087
305.0500     -29980.642   -29988.682        8.040   322.3     -0.315     -0.550     -0.297     -0.384      0.434      0.375
305.1000     -29980.882   -29988.994        8.112   325.2      1.449      1.290      0.500     -0.318     -0.151      0.398
305.1500     -29980.985   -29989.061        8.076   323.7     -0.065     -0.730      0.704     -0.426      0.381      0.546
305.2000     -29980.570   -29988.752        8.182   328.0      0.564     -0.562     -0.468     -0.335     -0.600     -0.206
305.2500     -29980.166   -29988.545        8.379   335.9     -0.563     -0.507     -0.949      0.570      0.349     -0.282
305.3000     -29979.781   -29988.830        9.049   362.7     -1.135     -0.559     -0.755      0.250      0.173      0.619
305.3500     -29980.390   -29988.072        7.682   307.9     -0.424     -0.422     -0.835      0.426     -0.108     -0.079
305.4000     -29980.426   -29989.143        8.716   349.4      0.243     -0.630     -0.203     -0.216      0.200      0.224
305.4500     -29980.243   -29989.537        9.294   372.6      0.581     -0.605     -0.520      0.071     -0.637      0.486
305.5000     -29980.031   -29988.586        8.555   342.9     -0.033      0.070     -0.139      0.349     -0.063      0.199
305.5500     -29980.232   -29988.506        8.274   331.6     -0.391     -0.077     -1.195     -0.508     -0.048     -0.417
305.6000     -29979.734   -29987.598        7.863   315.2      0.473     -0.124     -0.082     -0.181     -0.374     -0.187
305.6500     -29979.384   -29987.857        8.474   339.7      0.663      0.333     -0.137     -0.220     -0.145     -0.545
305.7000     -29979.974   -29987.443        7.470   299.4     -0.851     -0.236     -0.380      0.043     -0.232      0.087
305.7500     -29980.112   -29988.172        8.060   323.1      0.450      0.433      0.715     -0.032      0.605      0.038
305.8000     -29980.093   -29988.014        7.921   317.5     -0.524     -0.719      0.114      0.945     -0.413      0.061
305.8500     -29980.081   -29988.252        8.171   327.5     -0.401      0.233     -1.577     -0.058     -0.128     -0.215
305.9000     -29980.230   -29988.201        7.971   319.5      0.037     -0.081     -0.817     -0.244      0.560     -0.136
305.9500     -29980.024   -29987.848        7.824   313.6      0.806     -0.634      0.143     -0.098      0.280     -0.076
306.0000     -29980.028   -29988.096        8.068   323.4     -0.768      0.299     -0.078     -0.219      0.142      0.312
306.0500     -29979.931   -29987.975        8.044   322.4      0.062      0.397     -0.484      0.800      0.183     -0.505
306.1000     -29979.873   -29987.766        7.892   316.4     -0.356      0.245     -0.882     -0.137      0.297      0.689
306.1500     -29979.466   -29987.807        8.340   334.3      0.945      0.877      0.471     -0.129      0.551      0.298
306.2000     -29979.345   -29988.184        8.839   354.3     -0.079     -0.246     -0.708      0.220     -0.203      0.355
306.2500     -29979.354   -29987.951        8.598   344.6      1.071     -0.198      0.737      0.330      0.050      0.132
306.3000     -29979.016   -29988.303        9.287   372.3     -0.244     -0.148     -0.057      0.284     -0.234     -0.424
306.3500     -29978.593   -29986.564        7.972   319.5      0.294     -0.538     -0.007     -0.277      0.430     -0.841
306.4000     -29979.014   -29987.654        8.640   346.3     -0.539     -0.508     -1.601     -0.096      0.316      0.219
306.4500     -29978.989   -29988.514        9.525   381.8      0.967     -0.174      0.384      0.206     -0.029      0.272
306.5000     -29979.448   -29987.426        7.978   319.8      0.327     -0.157     -1.322      0.280      0.488     -0.088
306.5500     -29979.334   -29987.943        8.610   345.1     -0.223      0.711      0.278     -0.101      0.398      0.071
306.6000     -29979.784   -29987.734        7.950   318.7      0.648      1.456      0.115     -0.122      0.020      0.128
306.6500     -29979.257   -29987.912        8.655   346.9     -0.984     -1.494     -0.488     -0.442     -0.360     -0.238
306.7000     -29979.540   -29988.766        9.225   369.8      0.324      0.140     -0.210      0.313      0.303      0.375
306.7500     -29979.500   -29988.354        8.853   354.9      0.766      0.075     -0.859      0.105     -0.510     -0.098
306.8000     -29979.345   -29988.143        8.797   352.6     -0.310      0.758      1.191     -0.453      0.110     -0.124
306.8500     -29979.499   -29988.082        8.583   344.0      0.155     -0.420     -0.239      0.598     -0.320      0.483
306.9000     -29979.282   -29988.350        9.068   363.5      0.137      0.234      0.624     -0.162      0.543      0.036
306.9500     -29979.109   -29988.623        9.514   381.4     -0.057      0.027     -0.466     -0.129      0.089     -0.242
307.0000     -29979.519   -29988.455        8.936   358.2     -0.560     -0.508      0.085      0.356     -0.305     -0.137
307.0500     -29979.498   -29987.621        8.123   325.6     -0.433     -0.755      0.171     -0.030     -0.142      0.039
307.1000     -29979.217   -29988.145        8.927   357.8      0.929      0.127     -0.322      0.030      0.203      0.206
307.1500     -29979.134   -29987.674        8.540   342.3     -0.672     -0.213      0.075      0.515      0.129     -0.141
307.2000     -29979.068   -29987.713        8.645   346.5     -0.095     -1.422      0.210      0.263     -0.114     -0.038
307.2500     -29979.252   -29987.537        8.285   332.1     -1.342      0.138     -0.771     -0.069      0.367     -0.414
307.3000     -29979.738   -29987.736        7.999   320.6     -0.441     -1.519      0.353      0.340     -0.425      0.234
307.3500     -29980.188   -29988.625        8.437   338.2     -0.085      0.078     -0.191      0.242     -0.273      0.538
307.4000     -29979.892   -29988.670        8.778   351.9      0.061      0.196      0.857      0.756     -0.022      0.195
307.4500     -29980.244   -29988.221        7.977   319.8     -0.315      0.291     -0.315     -0.643     -0.324      0.111
307.5000     -29979.888   -29988.352        8.464   339.3     -0.102     -0.419      1.018     -0.014     -0.138     -0.203
307.5500     -29979.637   -29988.232        8.595   344.5     -0.092     -0.109     -0.311     -0.055     -0.002      0.405
307.6000     -29980.095   -29987.984        7.889   316.2     -1.067      0.263      0.504     -0.138     -0.129     -0.288
307.6500     -29979.706   -29987.826        8.120   325.5     -0.017      0.255     -0.091      0.031     -0.678     -0.123
307.7000     -29979.848   -29987.916        8.068   323.4      0.622     -0.523      1.049      0.164      0.275     -0.250
307.7500     -29979.671   -29987.432        7.761   311.1      0.326      0.205      0.619      0.540     -0.049     -0.413
307.8000     -29979.225   -29987.543        8.318   333.4      0.325     -0.050      0.808      0.020     -0.110      0.329
307.8500     -29978.789   -29987.434        8.644   346.5     -0.404     -0.033      0.102     -0.461      0.123     -0.261
307.9000     -29978.477   -29987.625        9.148   366.7     -1.116      0.030      0.350      0.362      0.489      1.101
307.9500     -29978.718   -29987.258        8.540   342.3     -0.504      0.102     -0.304      0.040     -0.164     -0.335
308.0000     -29979.090   -29987.008        7.918   317.4     -0.740      0.104     -0.114      0.181     -0.223      0.348
308.0500     -29980.046   -29988.078        8.032   321.9     -0.232     -0.466      0.172     -0.072     -0.204      0.125
308.1000     -29979.927   -29987.896        7.969   319.4     -0.148      0.233     -0.551     -0.299      0.137      0.542
308.1500     -29979.569   -29988.018        8.448   338.6      0.640      0.056     -0.346      0.108     -0.357      0.648
308.2000     -29979.413   -29987.611        8.198   328.6     -0.219     -0.508      0.635     -0.274     -0.032     -0.412
308.2500     -29978.807   -29987.316        8.509   341.1     -0.224      0.310      0.112      0.325     -0.082     -0.195
308.3000     -29978.889   -29987.047        8.158   327.0     -0.639     -0.292      0.524      0.132      0.144     -0.051
308.3500     -29978.376   -29986.553        8.177   327.8      0.668      0.320      0.337     -0.233      0.521     -0.417
308.4000     -29978.904   -29987.744        8.840   354.3      0.253      0.227      0.193      0.341      0.240      0.052
308.4500     -29979.228   -29987.602        8.373   335.6      0.384     -0.252      0.124     -0.115      0.014      0.057
308.5000     -29978.677   -29987.234        8.557   343.0      0.098      0.500      0.148      0.446      0.047      0.029
308.5500     -29978.983   -29988.223        9.239   370.4      0.489     -0.500     -0.714     -0.018     -0.180     -0.011
308.6000     -29979.147   -29987.725        8.578   343.8      0.236      0.709      0.587     -0.115     -0.035      0.327
308.6500     -29979.369   -29988.016        8.647   346.6      0.035      0.054     -0.804     -0.042      0.307      0.370
308.7000     -29979.597   -29987.428        7.830   313.9      0.062     -0.362     -0.113      0.547      0.697     -0.272
308.7500     -29980.039   -29988.635        8.596   344.6     -0.532     -0.257     -0.503     -0.124     -0.195      0.199
308.8000     -29980.320   -29988.889        8.569   343.5     -0.286     -0.358     -0.179      0.124      0.080      0.064
308.8500     -29980.023   -29988.699        8.676   347.8      0.086      0.449     -1.125      0.227     -0.164      0.886
308.9000     -29980.107   -29988.518        8.411   337.1     -0.565     -0.508     -0.077     -0.151     -0.174     -0.147
308.9500     -29980.249   -29988.203        7.954   318.8      0.430      0.749      0.464     -0.340     -0.561     -0.095
309.0000     -29980.080   -29987.969        7.889   316.2      0.280      0.063      1.181      0.255      0.493      0.246
309.0500     -29980.035   -29987.742        7.708   309.0     -0.251      0.837     -0.054     -0.286      0.117      0.191
309.1000     -29980.295   -29988.152        7.857   315.0      0.211     -0.629      0.395      0.605      0.538      0.155
309.1500     -29980.495   -29988.936        8.440   338.3     -0.143      0.055      0.266     -0.082     -0.240      0.215
309.2000     -29980.102   -29988.740        8.638   346.3     -0.232     -0.614      0.005      0.127     -0.396      0.612
309.2500     -29979.579   -29987.742        8.163   327.2     -0.495      0.223     -0.866     -0.443      0.377     -0.085
309.3000     -29979.785   -29987.918        8.133   326.0     -0.182      0.746     -0.032      0.681     -0.265      0.311
309.3500     -29979.704   -29987.180        7.476   299.7     -1.793     -0.362     -0.120     -0.570      0.658     -0.040
309.4000     -29979.027   -29987.738        8.711   349.2     -0.987     -0.145     -0.639     -0.406     -0.233      0.151
309.4500     -29978.934   -29988.072        9.138   366.3     -0.113     -0.397     -0.284     -0.171     -0.024     -0.460
309.5000     -29978.770   -29988.490        9.720   389.6     -0.004      0.230      0.045      0.261     -0.169     -0.092
309.5500     -29979.239   -29988.033        8.794   352.5     -0.602     -0.469     -0.021      0.092      0.399      0.171
309.6000     -29979.112   -29987.627        8.515   341.3     -0.569     -0.553     -0.653     -0.158      0.379     -0.497
309.6500     -29979.678   -29987.990        8.312   333.2     -0.135      0.702      0.007     -0.066     -0.298     -0.182
309.7000     -29979.451   -29988.438        8.987   360.2     -0.874     -0.764     -0.916     -0.044     -0.414      0.208
309.7500     -29978.693   -29987.598        8.905   356.9     -0.522      0.059     -0.399      0.054      0.474     -0.614
309.8000     -29979.068   -29987.051        7.982   320.0      0.230     -0.536      0.471      0.351     -0.002     -0.202
309.8500     -29978.840   -29987.264        8.424   337.7     -0.940      0.397     -0.262      0.087     -0.244     -0.606
309.9000     -29979.065   -29987.283        8.219   329.4      0.932     -0.098     -0.898      0.112      0.071      0.551
309.9500     -29978.943   -29987.631        8.687   348.2     -0.258     -0.404     -0.218      0.474     -0.422     -0.371
310.0000     -29978.933   -29987.764        8.830   354.0      0.185     -0.865      0.330      0.018      0.231     -0.214
310.0500     -29978.698   -29987.314        8.617   345.4     -0.395      1.510     -0.696     -0.527      0.014     -0.037
310.1000     -29978.542   -29987.629        9.087   364.2      0.486     -2.261      0.090      0.594     -0.122      0.282
310.1500     -29978.412   -29987.221        8.809   353.1     -0.268      0.237     -1.010      0.596     -0.147     -0.279
310.2000     -29978.629   -29987.314        8.686   348.2      0.996      0.316      0.160      0.065      0.602     -0.311
310.2500     -29979.146   -29987.373        8.227   329.8     -0.047      0.047     -0.083     -0.511      0.060      0.291
310.3000     -29979.359   -29987.039        7.680   307.9      0.700      0.284      0.597      0.278     -0.862     -0.024
310.3500     -29979.046   -29987.523        8.477   339.8      0.467     -0.390     -0.173     -0.222      0.463     -0.196
310.4000     -29979.568   -29987.916        8.348   334.6      0.512      0.281      0.596      0.172      0.004     -0.315
310.4500     -29979.850   -29988.109        8.260   331.1      0.379     -0.645     -0.571     -0.280      0.555     -0.364
310.5000     -29980.163   -29988.518        8.354   334.9      0.162     -0.280     -0.241      0.286      0.117      0.033
310.5500     -29979.669   -29988.387        8.718   349.5     -0.073      0.093      0.492      0.222     -0.576     -0.153
310.6000     -29979.505   -29987.920        8.415   337.3     -0.428      0.114     -0.883      0.019     -0.169     -0.015
310.6500     -29979.530   -29988.057        8.527   341.8      0.028      0.501      0.278     -0.139     -0.524     -0.154
310.7000     -29979.180   -29987.885        8.705   348.9      0.076      0.393     -0.410      0.184      0.185     -0.058
310.7500     -29979.153   -29987.051        7.898   316.6     -0.060     -0.279      0.334      0.361      0.126      0.450
310.8000     -29978.929   -29987.107        8.178   327.8     -0.699      0.748     -0.847      0.147     -0.182     -0.327
310.8500     -29979.577   -29987.201        7.624   305.6      0.289      0.154     -0.558      0.386      0.121      0.240
310.9000     -29979.173   -29988.053        8.880   356.0      0.593      0.395     -0.833     -0.079      0.506      0.473
310.9500     -29978.953   -29987.441        8.489   340.3     -0.615      0.220     -0.132      0.498      0.097     -0.373
311.0000     -29979.070   -29988.082        9.012   361.3     -0.578     -0.117     -0.918     -0.006     -0.391      0.673
311.0500     -29979.429   -29988.305        8.875   355.8     -0.070     -0.354      0.458      0.491      0.026      0.447
311.1000     -29979.220   -29987.715        8.495   340.5     -0.298      0.767      0.624     -0.109      0.065     -0.681
311.1500     -29979.594   -29987.645        8.051   322.7     -0.442      0.498     -0.349      0.195     -0.231      0.049
311.2000     -29979.819   -29988.104        8.284   332.1     -0.356     -0.386      0.311     -1.060     -0.239      0.259
311.2500     -29979.430   -29987.809        8.379   335.9      0.902      0.101     -0.022      0.530      0.207      0.583
311.3000     -29979.276   -29987.490        8.215   329.3     -0.832     -0.358      0.201     -0.344     -0.212     -0.098
311.3500     -29979.745   -29988.361        8.617   345.4     -0.244      0.732      1.235     -0.109     -0.035      0.522
311.4000     -29980.129   -29988.154        8.025   321.7      0.878     -0.312     -0.175     -0.124      0.218      0.546
311.4500     -29980.258   -29989.088        8.830   354.0     -0.950     -0.487     -0.577      0.031     -0.094      0.518
311.5000     -29979.852   -29987.969        8.117   325.4     -0.595     -0.666     -0.979      0.407     -0.170      0.515
311.5500     -29979.675   -29988.596        8.921   357.6     -0.324      0.500      0.014     -0.007      0.030     -0.313
311.6000     -29980.139   -29988.787        8.648   346.6     -0.781     -0.447     -0.795     -0.274      0.457     -0.339
311.6500     -29980.365   -29988.334        7.969   319.4      0.994     -0.028     -0.258      0.508     -0.003      0.146
311.7000     -29980.069   -29988.137        8.067   323.4     -0.516     -1.081     -0.070      0.403      0.320     -0.211
311.7500     -29980.318   -29988.092        7.774   311.6     -1.073     -0.154     -0.997     -0.463      0.158     -0.185
311.8000     -29980.850   -29987.863        7.013   281.1      0.177     -0.566      1.060     -0.146     -0.448     -0.275
311.8500     -29980.400   -29988.545        8.145   326.5     -0.221      0.468     -0.157     -0.068      0.093      0.228
311.9000     -29980.091   -29988.309        8.217   329.4      0.319      0.064      0.079     -0.316      0.642     -0.009
311.9500     -29980.002   -29987.955        7.953   318.8      0.353      0.492     -0.320     -0.242      0.470     -0.103
312.0000     -29979.697   -29987.961        8.264   331.3     -0.041      0.645     -0.248     -0.044      0.241      0.665
312.0500     -29980.353   -29987.625        7.272   291.5     -1.618     -1.385     -0.937     -0.220      0.047      0.385
312.1000     -29980.921   -29988.902        7.982   319.9     -0.696     -0.166     -0.062     -0.121     -0.175     -0.187
312.1500     -29980.799   -29988.822        8.023   321.6     -0.998      0.398     -0.532     -0.330      0.090      0.775
312.2000     -29980.698   -29988.736        8.039   322.2      0.035     -0.215     -0.344      0.082     -0.003     -0.041
312.2500     -29980.899   -29988.920        8.021   321.5     -0.393     -0.176     -1.059     -0.276     -0.216     -0.247
312.3000     -29981.081   -29988.799        7.718   309.4     -0.661     -0.182      0.391      0.251      0.432     -0.545
312.3500     -29981.075   -29989.219        8.144   326.4      0.860      0.440      0.045     -0.253     -0.220      0.196
312.4000     -29980.875   -29988.490        7.615   305.3     -0.461     -0.701     -0.194     -0.038      0.505      0.170
312.4500     -29981.097   -29988.770        7.672   307.5      0.032     -0.286     -0.795     -0.064      0.394     -0.271
312.5000     -29980.762   -29988.887        8.125   325.7      0.014      0.032     -0.432     -0.489     -0.148      0.200
312.5500     -29980.705   -29988.842        8.137   326.2     -0.994     -0.336     -1.137     -0.008      0.078     -1.010
312.6000     -29980.902   -29988.576        7.675   307.6     -0.095      0.069      0.546     -0.076     -0.018     -0.156
312.6500     -29980.805   -29988.729        7.923   317.6     -0.706     -1.543     -0.315      0.232     -0.077     -0.023
312.7000     -29980.171   -29988.215        8.044   322.4     -0.308      0.145     -1.219      0.005     -0.073      0.317
312.7500     -29979.712   -29988.217        8.505   340.9      1.000      0.257      1.825     -0.370     -0.230     -0.635
312.8000     -29979.668   -29987.943        8.275   331.7     -0.529     -0.255      0.395     -0.204      0.006     -0.165
312.8500     -29979.929   -29988.051        8.122   325.6      0.122     -1.137      0.387      0.025     -0.458     -0.067
312.9000     -29979.536   -29988.125        8.589   344.3      0.065      1.036      0.102     -0.417      0.225      0.035
312.9500     -29979.281   -29987.549        8.268   331.4     -1.418      0.145      0.589      0.169     -0.113      0.059
313.0000     -29978.486   -29987.729        9.242   370.5      0.705      0.438     -0.365     -0.030      0.052     -0.116
313.0500     -29979.491   -29987.592        8.101   324.7     -0.854     -0.008      0.012     -0.086     -0.031      0.041
313.1000     -29979.590   -29987.654        8.064   323.2     -0.043     -0.942      0.057      0.045      0.245      0.386
313.1500     -29979.731   -29988.639        8.907   357.1     -0.178     -0.109     -0.620      0.275     -0.259      0.147
313.2000     -29980.408   -29988.789        8.381   335.9     -0.466     -0.293      0.037      0.049     -0.537     -0.449
313.2500     -29980.365   -29988.795        8.430   337.9      0.482     -0.006     -0.074      0.255     -0.281     -0.285
313.3000     -29980.433   -29988.479        8.046   322.5      0.264      0.107      0.650      0.040      0.486      0.395
313.3500     -29979.765   -29988.305        8.539   342.3     -0.664     -0.863     -0.810      0.105      0.220      0.283
313.4000     -29979.698   -29988.158        8.460   339.1      0.054     -0.025      0.602      0.586     -0.394     -0.469
313.4500     -29979.830   -29988.322        8.493   340.4      0.012      0.239     -0.884     -0.288      0.516      0.063
313.5000     -29980.364   -29988.662        8.299   332.6      0.091     -0.473      0.614      0.346     -0.536     -0.539
313.5500     -29979.882   -29987.859        7.978   319.8      0.133     -0.110      0.994     -0.113     -0.119     -0.155
313.6000     -29980.402   -29988.119        7.717   309.3     -1.137     -0.691     -0.509      0.440     -0.397     -0.744
313.6500     -29980.631   -29988.713        8.082   324.0      0.105     -0.872     -0.757      0.299     -0.426      0.191
313.7000     -29981.041   -29989.252        8.210   329.1     -1.048      0.127     -0.498      0.068      0.447     -0.508
313.7500     -29981.151   -29989.131        7.980   319.9     -0.026     -1.268     -0.471     -0.028     -0.093      0.139
313.8000     -29981.352   -29988.607        7.255   290.8     -0.124      0.466      0.395      0.062      1.063     -0.235
313.8500     -29981.308   -29988.811        7.502   300.7      0.801     -0.026     -0.557     -0.063      0.163     -0.188
313.9000     -29980.921   -29988.975        8.053   322.8     -0.943     -0.949      0.803      0.528      0.943      0.127
313.9500     -29981.188   -29988.205        7.017   281.3     -0.556      0.364     -0.220     -0.120     -0.462     -0.444
314.0000     -29980.725   -29988.842        8.117   325.4     -0.272     -0.366      0.619     -0.409     -0.033      0.179
314.0500     -29980.914   -29988.539        7.625   305.7     -0.194     -0.823     -1.003      0.222     -0.037     -0.562
314.1000     -29980.736   -29988.195        7.459   299.0     -0.073     -0.207      0.264     -0.034      0.124     -0.042
314.1500     -29981.092   -29989.102        8.009   321.1     -0.196     -0.039     -0.256     -0.317      0.171      0.415
314.2000     -29980.916   -29988.771        7.855   314.9     -0.077      0.656      0.151      0.393     -0.065     -0.289
314.2500     -29980.956   -29988.289        7.333   293.9      0.534     -0.271      0.974      0.304      0.145      0.157
314.3000     -29981.069   -29988.289        7.220   289.4      0.658      0.420      1.228      0.138     -0.396     -0.364
314.3500     -29980.922   -29988.898        7.976   319.7      0.104      0.234      0.668      0.065      0.618     -0.741
314.4000     -29981.071   -29988.842        7.770   311.5     -0.421     -0.239     -0.039      0.029     -0.559      0.190
314.4500     -29981.541   -29989.104        7.563   303.2     -0.374     -0.353      0.382      0.687      0.084     -0.073
314.5000     -29980.835   -29988.494        7.659   307.0      1.021      0.563      0.153      0.168      0.153      0.007
314.5500     -29980.698   -29988.760        8.061   323.1      0.582     -0.520     -0.377     -0.286      0.436      0.147
314.6000     -29980.935   -29988.375        7.440   298.2      0.628     -0.691     -0.373     -0.277     -0.393      0.668
314.6500     -29980.665   -29988.479        7.813   313.2      0.567      0.211     -0.047     -0.227      0.044      0.142
314.7000     -29980.446   -29988.391        7.945   318.5     -0.177      0.145     -0.883      0.210      0.317      0.114
314.7500     -29980.199   -29988.451        8.253   330.8     -0.020      0.500      0.580      0.152     -0.550     -0.483
314.8000     -29980.165   -29988.217        8.052   322.7     -0.103     -1.497     -0.668      0.597     -0.203      0.808
314.8500     -29980.088   -29988.219        8.130   325.9     -0.093     -0.020     -0.211      0.356     -0.038     -0.041
314.9000     -29979.846   -29988.562        8.717   349.4      0.003     -1.332      0.048     -0.353      0.726     -0.162
314.9500     -29979.976   -29988.553        8.577   343.8      0.093      0.434     -0.445      0.160     -0.184     -0.666
315.0000     -29979.636   -29988.143        8.507   341.0     -0.414      0.550      0.338     -0.092      0.002     -0.046
315.0500     -29979.815   -29987.775        7.961   319.1      1.468      0.102      0.025      0.162      0.149      0.047
315.1000     -29979.908   -29988.250        8.342   334.4     -0.418      0.696      0.919     -0.637     -0.321      0.149
315.1500     -29979.492   -29986.854        7.362   295.1     -0.774      0.590     -0.057     -0.175     -0.156     -0.188
315.2000     -29979.086   -29987.221        8.135   326.1      1.021      0.150      0.980     -0.100     -0.131      0.197
315.2500     -29978.483   -29987.699        9.217   369.4     -0.571     -0.666     -0.646      0.214     -0.036      0.033
315.3000     -29978.981   -29988.389        9.408   377.1      0.771     -0.439     -0.673      0.386     -0.059     -0.175
315.3500     -29979.516   -29987.855        8.340   334.3     -0.113      0.182      0.638     -0.263      0.594      0.174
315.4000     -29979.561   -29987.879        8.318   333.4      0.677     -0.138      0.106      0.270      0.346     -0.440
315.4500     -29979.349   -29987.855        8.507   341.0     -0.221     -0.147      0.049     -0.201     -0.490     -0.523
315.5000     -29979.083   -29988.123        9.041   362.4      0.630      0.488      0.481     -0.032      0.606     -0.131
315.5500     -29979.032   -29987.510        8.478   339.8      0.402      0.004      0.145     -0.495      0.036     -0.088
315.6000     -29979.490   -29987.656        8.167   327.4      0.955      1.060      0.832      0.252     -0.339      0.012
315.6500     -29979.307   -29988.098        8.791   352.4     -0.453      0.257     -0.061      0.161      1.221      0.004
315.7000     -29978.893   -29987.723        8.830   353.9      0.720      0.264      0.365     -0.211      0.648      0.599
315.7500     -29978.199   -29987.119        8.920   357.6      0.319     -0.093     -0.289     -0.280      0.049      0.059
315.8000     -29977.615   -29986.871        9.256   371.0      0.319      0.279     -0.300     -0.518      0.590     -0.099
315.8500     -29977.944   -29986.662        8.718   349.5     -0.234      0.327     -0.168      0.758      0.091     -0.425
315.9000     -29977.788   -29987.600        9.811   393.3      0.719      0.591      0.229     -0.289      0.123     -0.195
315.9500     -29977.955   -29986.941        8.987   360.2     -1.236      0.015     -0.432      0.495      0.215     -0.279
316.0000     -29977.489   -29987.436        9.946   398.7      0.079     -0.758     -0.910     -0.084     -0.093      0.285
316.0500     -29977.507   -29986.807        9.300   372.8     -0.037     -0.569     -0.427     -0.067      0.037     -0.248
316.1000     -29978.111   -29986.473        8.362   335.2     -0.286      0.026      0.358     -0.584      0.174      0.089
316.1500     -29978.242   -29986.852        8.610   345.1     -0.727     -0.240     -0.126     -0.341     -0.031     -0.291
316.2000     -29978.004   -29986.961        8.957   359.1      0.337      0.409      0.379      0.137     -0.087      0.207
316.2500     -29977.997   -29986.500        8.503   340.8     -0.648      0.920      0.277      0.266      0.390      0.099
316.3000     -29978.510   -29987.209        8.699   348.7     -0.558      0.056     -0.311     -0.924     -0.168     -0.789
316.3500     -29978.753   -29987.373        8.620   345.5     -0.014      1.259      0.456      0.335      0.633     -0.213
316.4000     -29978.715   -29987.758        9.043   362.5      0.309      0.425      0.179      0.232     -0.108      0.059
316.4500     -29978.216   -29986.752        8.536   342.2     -0.574      0.069     -0.364      0.405     -0.063      0.093
316.5000     -29977.666   -29986.930        9.264   371.4     -0.752      0.619     -0.160     -0.051     -0.262     -0.162
316.5500     -29978.290   -29986.980        8.690   348.3     -0.362     -0.335      0.138      0.042     -0.307      0.409
316.6000     -29978.519   -29987.174        8.654   346.9      0.431      1.791     -0.067     -0.300     -0.519      0.055
316.6500     -29978.144   -29987.334        9.190   368.4     -0.078     -0.269      0.356     -0.409     -0.501      0.017
316.7000     -29978.812   -29987.064        8.253   330.8     -0.003     -0.094      0.352     -0.210     -0.390      0.108
316.7500     -29979.796   -29988.137        8.341   334.3      0.244      0.661      0.540      0.288      0.195      0.478
316.8000     -29979.660   -29987.383        7.723   309.6      0.265      0.078      0.233      0.224      0.083     -0.274
316.8500     -29980.312   -29988.211        7.899   316.6     -0.464     -0.018      0.154     -0.069      0.015      0.406
316.9000     -29980.404   -29988.676        8.272   331.6      0.561      0.048      0.207     -0.314     -0.286      0.125
316.9500     -29980.195   -29988.484        8.289   332.3      0.026     -0.487     -0.589     -0.379     -0.292     -0.177
317.0000     -29980.286   -29989.145        8.859   355.1     -0.006     -0.114     -0.680     -0.006     -0.335     -0.125
317.0500     -29980.251   -29989.109        8.858   355.1     -0.427     -0.221     -0.351      0.186      0.254      0.409
317.1000     -29979.987   -29988.432        8.445   338.5      1.071      1.067      0.126     -0.250      0.036     -0.686
317.1500     -29979.750   -29988.393        8.643   346.5     -0.370      0.402      0.843      0.302     -0.198      0.674
317.2000     -29980.080   -29988.480        8.400   336.7      0.829     -0.228      0.928     -0.325     -0.109     -0.291
317.2500     -29980.489   -29988.920        8.431   337.9      0.951     -0.268     -0.155      0.138     -0.126      0.129
317.3000     -29980.092   -29988.555        8.462   339.2     -0.501     -0.858     -0.620      0.220     -0.136     -0.404
317.3500     -29980.529   -29989.158        8.630   345.9     -0.332     -0.180      0.716     -0.142     -0.402     -0.017
317.4000     -29980.607   -29989.521        8.915   357.3      0.143      0.054     -0.038     -0.071      0.071      0.126
317.4500     -29980.605   -29989.420        8.815   353.3     -0.977     -0.661     -0.968     -0.014      0.426     -0.486
317.5000     -29980.570   -29988.822        8.253   330.8     -0.906     -0.368     -0.555     -0.425     -0.595     -0.059
317.5500     -29980.342   -29988.490        8.148   326.6     -0.464      0.060     -0.840      0.703      0.113     -0.879
317.6000     -29980.176   -29988.393        8.216   329.3      0.450     -0.053     -0.384     -0.440     -0.713     -0.163
317.6500     -29980.050   -29987.961        7.911   317.1      0.273     -0.371      0.076     -0.495      0.030      0.003
317.7000     -29980.587   -29988.633        8.046   322.5      0.665     -0.323      0.712      0.726      0.027     -0.475
317.7500     -29981.060   -29988.496        7.436   298.1     -0.262      0.512      0.747      0.257     -0.586      0.269
317.8000     -29981.066   -29988.850        7.784   312.0      0.285      0.444     -0.412     -0.079      0.383     -0.084
317.8500     -29980.698   -29988.654        7.956   318.9     -0.230      0.044      0.768     -0.542      0.295      0.061
317.9000     -29980.921   -29989.662        8.741   350.4     -0.005     -0.233     -1.068      0.207      0.236      0.099
317.9500     -29980.827   -29989.471        8.644   346.5      0.609      0.315     -0.046     -0.366      0.201      0.355
318.0000     -29980.993   -29989.453        8.460   339.1     -0.250     -0.948      0.233     -0.396      0.419     -0.333
318.0500     -29981.094   -29988.947        7.853   314.8     -0.566      0.138      0.480     -0.018     -0.055     -0.433
318.1000     -29980.853   -29988.230        7.377   295.7      0.945     -0.404      0.278     -0.025     -0.282     -0.114
318.1500     -29980.728   -29988.201        7.473   299.5     -0.552     -0.144     -0.713     -0.067     -0.047     -0.091
318.2000     -29980.324   -29988.443        8.120   325.5      0.175     -1.017     -0.390      0.157     -0.042      0.188
318.2500     -29979.872   -29988.166        8.294   332.5     -0.380      0.055     -0.603     -0.729     -0.263     -0.429
318.3000     -29980.427   -29988.799        8.371   335.6      0.284     -0.524      0.051     -0.308     -0.103      0.232
318.3500     -29980.269   -29988.051        7.781   311.9      0.534      0.296     -0.542      0.852      0.030      0.265
318.4000     -29980.875   -29989.496        8.621   345.6     -0.036      0.058     -0.457     -0.569     -0.350      0.046
318.4500     -29980.967   -29988.529        7.562   303.1      0.763      0.108      0.500      0.331     -0.213      0.175
318.5000     -29981.078   -29988.830        7.752   310.7      0.771      0.662      1.288     -0.177     -0.106     -0.110
318.5500     -29980.772   -29988.865        8.093   324.4     -0.027     -0.484     -0.068      0.456     -0.152     -0.300
318.6000     -29980.611   -29988.098        7.486   300.1      0.215      1.455     -0.170     -0.159      0.279     -0.412
318.6500     -29979.871   -29988.293        8.422   337.6      0.724     -1.218      0.581      0.134     -0.307      0.214
318.7000     -29980.522   -29988.848        8.325   333.7     -0.363     -0.957     -0.736      0.130     -0.579      0.245
318.7500     -29980.430   -29988.572        8.142   326.4      0.132     -0.087     -0.588      0.527     -0.214     -0.570
318.8000     -29980.579   -29988.453        7.874   315.6      0.056     -0.742     -0.662      0.162     -0.203     -0.379
318.8500     -29980.657   -29988.859        8.202   328.8     -0.013     -0.182     -0.796     -0.222     -0.403      0.023
318.9000     -29981.050   -29989.053        8.003   320.8      0.399     -0.387     -0.456     -0.296      0.176      0.395
318.9500     -29980.985   -29989.105        8.121   325.5     -0.321      0.297     -0.403      0.261     -0.276     -0.125
319.0000     -29980.226   -29988.324        8.098   324.6     -0.364     -0.248     -0.438     -0.110     -0.135      0.123
319.0500     -29979.871   -29988.381        8.510   341.1      0.066      0.307      0.307     -0.239      0.365      0.052
319.1000     -29979.822   -29988.359        8.537   342.2     -0.058     -0.742      0.484     -0.256     -0.390     -0.273
319.1500     -29979.797   -29988.424        8.627   345.8      0.104     -0.368     -0.161     -0.177      0.281      0.251
319.2000     -29979.704   -29987.914        8.210   329.1     -0.511     -0.475     -0.094     -0.017      0.328     -0.457
319.2500     -29979.613   -29987.891        8.277   331.8     -0.360     -0.977     -0.528     -0.266     -0.266     -0.380
319.3000     -29979.515   -29987.900        8.385   336.1      0.699      0.345     -1.113      0.175      0.416     -0.436
319.3500     -29979.712   -29987.379        7.667   307.3     -0.070     -0.390     -0.126     -0.031     -0.051      0.005
319.4000     -29979.622   -29988.299        8.677   347.8      0.195      0.214      0.533     -0.200      0.327      0.001
319.4500     -29980.139   -29988.645        8.506   341.0      0.114     -0.663     -0.033     -0.139      0.042     -0.365
319.5000     -29980.130   -29987.799        7.669   307.4      0.233     -0.593      0.086      0.258     -0.208      0.024
319.5500     -29980.620   -29989.248        8.628   345.8     -1.055     -0.236     -0.810     -0.480     -0.387     -0.371
319.6000     -29980.470   -29988.059        7.588   304.2     -0.983      0.151     -0.720     -0.097     -0.216     -0.217
319.6500     -29980.651   -29988.406        7.755   310.9     -0.594     -0.635     -1.260     -0.269      0.406      0.032
319.7000     -29981.010   -29989.158        8.148   326.6      0.253      0.361      0.559      0.261     -0.414     -0.483
319.7500     -29980.880   -29989.375        8.495   340.5      0.105     -0.129      0.088     -0.034      0.663     -0.233
319.8000     -29980.674   -29988.711        8.037   322.2      0.629     -0.099     -0.550      0.321     -0.116      0.291
319.8500     -29980.629   -29988.418        7.789   312.2     -0.155     -0.672     -0.220     -0.205     -0.280      0.156
319.9000     -29980.260   -29988.381        8.121   325.5     -0.693     -0.513      0.678      0.558     -0.356      0.111
319.9500     -29980.477   -29988.842        8.364   335.3     -0.650     -0.262     -0.375      0.219      0.121     -0.368
320.0000     -29980.271   -29988.820        8.550   342.7      0.006     -0.653     -0.328     -0.030     -0.412      0.191
