Time[ps]      Etot[eV]     Epot[eV]     Ekin[eV]    T[K]      ---------------------- stress [GPa] -----------------------
0.0000       -29982.137   -29990.090        7.953   318.8     -0.478     -0.969     -1.482     -0.573     -0.360      0.442
0.0500       -29982.542   -29990.607        8.065   323.3      0.318      0.625      0.567     -0.097      0.124     -0.027
0.1000       -29982.605   -29990.213        7.608   305.0      0.513      0.017     -1.099      0.273     -0.130      0.112
0.1500       -29982.765   -29990.307        7.541   302.3      0.441     -0.208     -0.107     -0.164     -0.005     -0.011
0.2000       -29982.273   -29990.074        7.801   312.7     -0.007     -0.595      0.109     -0.498      0.350     -0.503
0.2500       -29982.473   -29990.604        8.130   325.9     -0.257      0.061     -0.567      0.424     -0.134      0.555
0.3000       -29982.623   -29989.740        7.117   285.3      0.159     -0.242     -0.003     -0.396      0.260     -0.160
0.3500       -29982.668   -29990.057        7.389   296.2     -0.480     -0.720     -1.037      0.463     -0.401     -0.192
0.4000       -29983.015   -29990.947        7.932   317.9     -0.194      0.341      0.341     -0.430      0.905      0.134
0.4500       -29982.610   -29990.541        7.931   317.9      0.394     -0.324     -0.683     -0.065     -0.124     -0.324
0.5000       -29982.241   -29990.561        8.320   333.5     -0.605     -0.109     -0.987     -0.342     -0.590      0.361
0.5500       -29981.901   -29989.898        7.997   320.6      0.408     -0.189     -1.004     -0.763      0.633      0.488
0.6000       -29982.074   -29989.627        7.552   302.7     -0.415     -0.109     -1.264     -0.371     -0.474     -0.290
0.6500       -29982.160   -29989.799        7.639   306.2     -0.338     -0.584      0.409     -0.479     -0.554      0.215
0.7000       -29981.720   -29989.855        8.136   326.1      0.379      0.530     -0.045     -0.650     -0.020     -0.091
0.7500       -29982.073   -29990.559        8.485   340.1     -0.253     -0.696     -1.534     -0.274     -0.245     -0.240
0.8000       -29981.895   -29989.506        7.611   305.1     -0.449      0.302      0.353     -0.296      0.285      0.324
0.8500       -29982.161   -29989.447        7.286   292.1      0.072     -0.088      0.332      0.413     -0.803     -0.040
0.9000       -29981.960   -29989.615        7.655   306.9     -0.333     -0.105     -0.439     -0.196      0.606      0.031
0.9500       -29982.038   -29989.896        7.858   315.0      1.236      0.259      0.183      0.276     -0.158      0.297
1.0000       -29982.335   -29989.721        7.385   296.0      0.088     -0.208      0.075     -0.678      0.118     -0.044
1.0500       -29982.135   -29989.391        7.256   290.8      0.064      0.100      0.026     -0.188      0.509      0.139
1.1000       -29982.146   -29989.812        7.666   307.3      0.019      0.298      0.044     -0.674      0.035      0.283
1.1500       -29981.735   -29989.352        7.617   305.3     -0.286      0.059      0.039      0.809      0.379      0.577
1.2000       -29981.804   -29989.637        7.833   314.0     -0.149     -0.065     -0.260     -0.238     -0.253     -0.021
1.2500       -29981.867   -29989.572        7.706   308.9     -0.431     -0.234     -0.449     -0.202     -0.250      0.286
1.3000       -29982.237   -29989.754        7.517   301.3      0.557      0.224      0.290      0.384     -0.086     -0.290
1.3500       -29981.744   -29989.799        8.055   322.9     -0.516      0.191      0.636     -0.562      0.042      0.478
1.4000       -29981.915   -29989.506        7.591   304.3     -0.016     -1.552     -0.352     -0.088     -0.272      0.460
1.4500       -29981.845   -29989.152        7.307   292.9      0.572      1.432     -0.241      0.326      0.294      0.529
1.5000       -29981.690   -29988.814        7.124   285.6      0.029     -1.025     -0.907      0.288      0.298      0.582
1.5500       -29982.159   -29989.285        7.127   285.7     -0.054     -1.254     -0.498     -0.125      0.087     -0.386
1.6000       -29981.695   -29989.250        7.555   302.8      0.162      0.585     -0.222     -0.142      0.179     -0.198
1.6500       -29981.644   -29989.893        8.248   330.6      0.607     -0.216     -0.315     -0.032      0.382     -0.189
1.7000       -29981.201   -29989.211        8.010   321.1     -1.446     -1.269      0.076     -0.042      0.510     -0.107
1.7500       -29981.175   -29989.361        8.186   328.1     -0.752     -0.342     -1.005      0.069     -0.141      0.196
1.8000       -29981.234   -29988.602        7.368   295.3     -0.431     -0.503      0.129     -0.342     -0.490      0.110
1.8500       -29980.936   -29988.881        7.945   318.5      0.251     -0.239     -0.265      0.313     -0.563      0.242
1.9000       -29980.882   -29988.461        7.579   303.8     -0.995      0.121     -0.474     -0.536      0.103      0.212
1.9500       -29981.027   -29988.322        7.296   292.4     -0.059      0.590      0.019      0.511      0.885     -0.332
2.0000       -29981.512   -29989.260        7.748   310.6      0.624     -0.036      0.193      0.126      0.361     -0.179
2.0500       -29981.532   -29989.953        8.421   337.5     -0.831     -0.747     -0.595     -0.022     -0.378      0.195
2.1000       -29981.399   -29990.059        8.660   347.1     -0.797     -0.594      0.513      0.129      0.017      0.437
2.1500       -29981.720   -29989.953        8.233   330.0     -0.340     -0.812     -0.962     -0.355     -0.116     -0.107
2.2000       -29982.053   -29989.412        7.360   295.0     -1.350     -0.363     -0.454      0.139     -0.184      0.113
2.2500       -29982.034   -29989.369        7.335   294.0      0.396     -0.204      0.370      1.023      0.243     -0.513
2.3000       -29981.696   -29989.625        7.929   317.8     -1.138     -0.978     -0.889     -0.447      0.171      0.276
2.3500       -29981.294   -29988.682        7.387   296.1      1.025      0.036      0.380     -0.565     -0.302     -0.079
2.4000       -29980.997   -29988.479        7.482   299.9     -0.211      0.013      0.494      0.029     -0.276      0.104
2.4500       -29981.360   -29988.736        7.377   295.7     -0.829     -0.241     -0.349      0.051      0.009     -0.195
2.5000       -29981.752   -29989.328        7.576   303.7     -0.895     -0.168     -1.044      0.430      0.500      0.084
2.5500       -29981.210   -29988.811        7.600   304.6      0.027     -0.816      0.117     -0.157     -0.161     -0.300
2.6000       -29981.469   -29989.189        7.721   309.5     -0.285      0.459      0.157     -0.113     -0.456     -0.105
2.6500       -29981.454   -29989.799        8.345   334.5     -0.057     -0.509      0.521     -0.267     -0.426     -0.001
2.7000       -29981.475   -29989.162        7.687   308.1     -0.081     -0.183     -0.151     -0.083      0.724     -0.256
2.7500       -29981.315   -29989.398        8.084   324.0     -0.729     -0.327     -0.724      0.342     -0.576     -0.014
2.8000       -29981.461   -29989.193        7.733   310.0     -0.689     -0.689     -1.532      0.101      0.242      0.038
2.8500       -29981.226   -29989.283        8.057   323.0     -0.176     -0.746      0.518      0.119      0.374     -0.198
2.9000       -29980.956   -29988.668        7.712   309.1     -1.062      0.001     -2.102      0.349      0.499     -0.031
2.9500       -29981.206   -29988.625        7.419   297.4     -1.225     -1.375     -1.154      0.277     -0.003      0.137
3.0000       -29981.124   -29989.422        8.298   332.6     -0.700      0.455     -0.417     -0.444      0.150      0.105
3.0500       -29980.386   -29988.729        8.342   334.4     -0.579      0.026     -0.086      0.314     -0.506     -0.207
3.1000       -29980.948   -29989.436        8.487   340.2     -0.518     -0.140     -0.148     -0.500     -0.231     -0.427
3.1500       -29980.726   -29988.795        8.069   323.4      0.616     -0.317     -0.681      0.299     -0.194      0.350
3.2000       -29980.427   -29988.543        8.116   325.3     -1.176      0.190     -0.288     -0.280     -0.144      0.155
3.2500       -29980.535   -29988.375        7.840   314.2      0.460      0.449     -0.028      0.201     -0.098     -0.325
3.3000       -29980.660   -29988.135        7.475   299.6     -0.006     -0.433     -0.060      0.197      0.312     -0.116
3.3500       -29980.180   -29988.229        8.049   322.6     -1.315      0.349      0.330     -0.429      0.112     -0.145
3.4000       -29980.362   -29988.221        7.858   315.0     -0.619     -0.522     -0.611      0.721     -0.163      0.337
3.4500       -29980.243   -29987.807        7.564   303.2     -1.120     -1.409     -0.090      0.275     -0.227      0.296
3.5000       -29980.470   -29988.297        7.827   313.7     -0.255      0.003     -0.867      0.388     -0.394      0.011
3.5500       -29980.171   -29989.096        8.924   357.7     -0.675     -0.486     -0.425      0.223     -0.585      0.101
3.6000       -29980.683   -29988.947        8.264   331.3     -0.082     -0.339      0.289     -0.906     -0.273     -0.154
3.6500       -29980.363   -29988.457        8.094   324.4     -0.486     -0.147     -0.513     -0.310      0.231     -0.059
3.7000       -29980.481   -29988.824        8.344   334.5     -1.367     -1.515     -1.593     -0.635     -0.347     -0.084
3.7500       -29980.441   -29988.566        8.126   325.7     -0.542     -0.102      0.253      0.629      0.037     -0.565
3.8000       -29979.989   -29988.494        8.505   340.9      0.139     -0.310     -0.593     -0.123     -0.292     -0.208
3.8500       -29979.988   -29987.977        7.988   320.2      0.336      0.689      0.676     -0.324      0.347      0.281
3.9000       -29980.583   -29988.721        8.138   326.2      0.075      0.247     -1.114      0.349     -0.185     -0.105
3.9500       -29979.860   -29988.891        9.030   362.0     -0.055      0.215      0.758      0.268      0.311      0.272
4.0000       -29979.845   -29988.279        8.435   338.1     -0.114      0.177     -0.035      0.302     -0.369     -0.086
4.0500       -29979.641   -29988.154        8.513   341.3     -0.498     -1.177     -0.253     -0.195     -0.088     -0.648
4.1000       -29979.189   -29988.264        9.075   363.8      0.367      0.583      0.549     -0.361      0.074      0.339
4.1500       -29979.512   -29987.814        8.302   332.8     -1.314     -0.736     -0.294     -0.007     -0.308      0.042
4.2000       -29979.303   -29988.146        8.843   354.5     -1.229     -1.229      0.434     -0.332      0.741     -0.142
4.2500       -29979.209   -29988.004        8.794   352.5     -0.197      0.848      0.272     -0.327     -0.179     -0.214
4.3000       -29979.564   -29987.789        8.225   329.7      0.138     -0.545     -0.057      0.322     -1.135      0.150
4.3500       -29979.672   -29987.535        7.864   315.2      0.574      0.383     -0.024      0.828     -0.308     -0.631
4.4000       -29979.568   -29987.439        7.871   315.5     -0.983     -0.604     -0.138     -0.321      0.091     -0.251
4.4500       -29979.556   -29987.885        8.329   333.9     -0.208      0.085     -0.639     -0.236      0.105     -0.432
4.5000       -29979.435   -29987.688        8.253   330.8      0.896     -1.087     -0.233     -0.027     -0.662      0.493
4.5500       -29980.232   -29988.098        7.866   315.3     -0.171     -0.249     -0.850     -0.443     -0.243     -0.104
4.6000       -29980.406   -29988.051        7.645   306.4     -0.061     -0.858     -1.416      0.404      0.030     -0.009
4.6500       -29980.333   -29988.693        8.360   335.1     -0.829     -0.525     -0.765     -0.212     -0.538      0.471
4.7000       -29980.244   -29988.629        8.385   336.1      0.107     -0.874     -0.116      0.304      0.196      0.304
4.7500       -29980.558   -29988.873        8.315   333.3     -0.370     -0.144     -1.066      0.425     -0.512     -0.434
4.8000       -29980.787   -29988.182        7.395   296.4     -0.315     -0.217     -0.497     -0.253     -0.009      0.086
4.8500       -29980.601   -29988.906        8.305   332.9     -0.400     -0.381      0.742     -0.074     -1.070     -0.739
4.9000       -29980.510   -29988.699        8.189   328.2      0.583     -0.692      0.060      0.134     -0.238      0.005
4.9500       -29980.242   -29988.002        7.759   311.0      0.810     -0.168     -0.056     -0.030     -0.243     -0.200
5.0000       -29980.146   -29988.404        8.259   331.0     -1.114     -0.870     -0.206     -0.041     -0.033     -0.060
5.0500       -29979.924   -29988.236        8.312   333.2     -0.097     -0.968     -0.630     -0.087      0.555      0.328
5.1000       -29979.445   -29988.213        8.768   351.5     -0.505     -1.139     -1.439     -1.226      0.368      0.200
5.1500       -29979.526   -29989.068        9.542   382.5     -0.728      0.158     -0.386     -0.148      0.108     -0.515
5.2000       -29979.043   -29988.613        9.570   383.6      0.113      0.440      0.613      0.067      0.014      0.228
5.2500       -29978.924   -29987.951        9.027   361.8     -0.736      0.352      0.488      0.131     -0.003      0.061
5.3000       -29978.808   -29988.523        9.715   389.4      0.422      0.428      0.723     -0.387      0.146      0.156
5.3500       -29979.103   -29987.590        8.486   340.2      0.128      0.096      0.182      0.234      0.535     -0.218
5.4000       -29978.488   -29987.074        8.586   344.2     -0.877     -0.361      0.480     -0.800      0.024      0.334
5.4500       -29978.917   -29987.939        9.022   361.7      0.401     -0.415      0.313      0.435     -0.253     -0.236
5.5000       -29979.550   -29987.529        7.979   319.8      0.232     -0.696     -0.192     -0.336      0.160     -0.103
5.5500       -29979.777   -29988.334        8.557   343.0      0.030      0.421     -0.489      0.144     -0.401      0.228
5.6000       -29979.468   -29988.447        8.979   359.9     -0.091      0.276     -0.019     -0.481     -0.347     -0.490
5.6500       -29979.598   -29988.346        8.748   350.6     -0.599     -2.158     -0.604     -0.257      0.053     -0.171
5.7000       -29979.425   -29987.553        8.128   325.8      0.166     -0.435     -0.988     -0.303     -0.098      0.354
5.7500       -29979.366   -29988.518        9.152   366.8     -0.111     -0.833     -0.292      0.396      0.078      0.446
5.8000       -29979.115   -29988.066        8.951   358.8      0.220     -0.001     -0.594     -0.248     -0.098     -0.498
5.8500       -29979.468   -29988.381        8.913   357.3     -0.818     -1.041     -0.642      0.177     -0.345     -0.260
5.9000       -29979.616   -29987.949        8.333   334.0     -0.223     -0.671      0.215     -0.043     -0.504      0.732
5.9500       -29979.690   -29988.111        8.421   337.6      0.368     -0.339     -0.585     -0.400      0.103     -1.042
6.0000       -29979.640   -29988.199        8.559   343.1     -0.303     -0.213      0.189      0.365      0.602     -0.272
6.0500       -29979.878   -29988.564        8.687   348.2     -1.005     -0.741     -0.831      0.411     -0.302      0.640
6.1000       -29979.954   -29988.809        8.854   354.9     -0.367     -0.207      0.045     -0.284      0.302      0.231
6.1500       -29979.870   -29988.969        9.098   364.7     -0.260     -0.475     -0.033      0.192     -0.096      0.436
6.2000       -29979.693   -29988.939        9.246   370.6      0.459     -0.226     -0.114      0.230      0.623      0.458
6.2500       -29980.078   -29988.078        8.000   320.7     -0.199     -0.409     -0.782      0.142     -0.813      0.681
6.3000       -29980.387   -29988.348        7.960   319.1     -0.638     -0.207      0.158     -0.576     -0.314      0.311
6.3500       -29980.553   -29988.979        8.425   337.7     -0.890      0.056     -1.362     -0.248     -0.271     -0.346
6.4000       -29980.632   -29989.072        8.440   338.3     -0.746      0.198      0.166      0.159      0.260      0.564
6.4500       -29980.243   -29989.186        8.943   358.5     -1.293     -1.050     -1.265      0.161     -0.530     -0.286
6.5000       -29980.690   -29988.895        8.204   328.9      0.326     -0.720     -1.156     -0.382      0.201     -0.193
6.5500       -29980.603   -29988.426        7.823   313.6      0.063      0.564     -0.779     -0.653     -0.024      0.183
6.6000       -29981.172   -29989.465        8.293   332.4     -0.303     -0.321     -0.835      0.437     -0.124     -0.062
6.6500       -29981.207   -29989.059        7.852   314.7     -0.589     -0.374     -0.131     -0.325     -0.592      0.224
6.7000       -29981.173   -29988.920        7.747   310.5      0.383     -0.034     -0.287      0.154      0.354      0.823
6.7500       -29980.981   -29989.734        8.753   350.9     -1.081      0.089      0.117      0.137     -0.056     -0.116
6.8000       -29980.605   -29988.695        8.091   324.3      0.245     -0.912     -0.003      0.329     -0.167      0.315
6.8500       -29980.386   -29988.674        8.288   332.2     -0.305     -0.179     -1.087     -0.604      0.346     -0.211
6.9000       -29980.320   -29988.910        8.590   344.3     -1.057     -0.292     -0.250     -0.035     -0.295      0.119
6.9500       -29980.577   -29988.740        8.163   327.2     -1.518     -1.159     -0.996     -0.357      0.033     -0.100
7.0000       -29980.399   -29988.512        8.112   325.2     -0.916     -0.368     -0.753     -0.011      0.110     -0.013
7.0500       -29980.074   -29988.430        8.356   334.9     -1.224     -1.280     -0.935     -0.021     -0.030     -0.293
7.1000       -29980.452   -29989.410        8.958   359.1     -0.763      0.026     -1.668      0.108      0.588      0.183
7.1500       -29980.511   -29988.844        8.333   334.0     -0.210     -0.444      0.159     -0.290      0.043     -0.217
7.2000       -29980.378   -29988.504        8.126   325.7      0.083     -0.512     -0.389     -0.335      0.445      0.195
7.2500       -29980.357   -29988.238        7.881   315.9      0.115      0.486     -0.610      0.392     -0.535      0.348
7.3000       -29980.933   -29989.035        8.102   324.8     -0.161     -0.390     -0.077      0.417      0.222      0.177
7.3500       -29981.057   -29988.764        7.706   308.9     -0.873      0.274     -0.913     -0.422      0.416     -0.549
7.4000       -29981.084   -29989.170        8.086   324.1     -0.192     -0.338     -0.879      0.069     -0.304      0.345
7.4500       -29981.367   -29989.484        8.118   325.4      0.715     -0.601      0.206      0.154     -0.151     -0.400
7.5000       -29981.247   -29989.240        7.993   320.4      0.112     -0.495      0.874     -0.586     -0.392     -0.432
7.5500       -29981.392   -29989.508        8.116   325.3      0.002     -0.969     -0.122      0.169      0.243     -0.624
7.6000       -29981.614   -29989.785        8.171   327.5     -0.899     -1.253     -0.530      0.125     -0.634     -0.095
7.6500       -29981.978   -29990.080        8.102   324.8     -0.502     -0.988     -0.714      0.124     -0.327      0.516
7.7000       -29982.028   -29989.990        7.963   319.2     -0.471     -0.921     -0.471      0.136     -0.105     -0.132
7.7500       -29982.049   -29989.834        7.785   312.1     -0.061     -0.521     -0.892     -0.156     -0.308     -0.092
7.8000       -29981.956   -29989.850        7.893   316.4     -0.110     -0.433      0.044      0.096     -0.494      0.279
7.8500       -29981.794   -29989.500        7.706   308.9     -0.058      0.247     -0.607      0.461      0.208      0.289
7.9000       -29982.246   -29989.975        7.728   309.8     -0.117     -0.652     -1.246      0.152     -0.286     -0.049
7.9500       -29982.150   -29990.094        7.944   318.4     -0.458     -0.908     -1.091     -0.313      0.263     -0.491
8.0000       -29981.987   -29989.811        7.824   313.6     -0.236     -0.672     -0.357     -0.261     -0.433      0.238
8.0500       -29982.223   -29989.674        7.451   298.7     -0.043     -0.465     -0.130     -0.416      0.416      1.068
8.1000       -29981.818   -29990.082        8.264   331.3     -0.614     -0.220      0.427      0.217     -0.004      0.723
8.1500       -29981.231   -29989.182        7.950   318.7     -0.462     -0.162     -0.182      0.040     -0.406     -0.037
8.2000       -29980.995   -29989.172        8.177   327.8      0.364      0.417     -0.990     -0.332     -0.993     -0.164
8.2500       -29980.861   -29988.645        7.783   312.0     -0.438     -0.755     -0.084      0.010     -0.582      0.588
8.3000       -29979.915   -29987.895        7.980   319.9      0.430     -0.108     -0.423     -0.013      0.350      0.283
8.3500       -29980.174   -29987.660        7.486   300.1     -0.789     -0.529     -0.537      0.577     -0.807      0.171
8.4000       -29980.390   -29988.320        7.930   317.9      0.377     -0.152     -0.366      0.207     -0.509     -0.267
8.4500       -29980.067   -29988.410        8.343   334.4     -0.395      0.211     -0.120     -0.212     -0.064      0.824
8.5000       -29979.912   -29988.688        8.775   351.7      0.012     -0.506     -1.477      0.742     -0.159      0.122
8.5500       -29979.721   -29988.361        8.640   346.3     -0.852     -1.288     -0.611      0.137      0.228      0.029
8.6000       -29979.883   -29987.639        7.755   310.9     -0.572     -0.532     -0.317      0.036     -0.608      0.064
8.6500       -29979.999   -29987.988        7.989   320.2      0.887      0.232      0.334      0.104      0.022     -0.188
8.7000       -29979.959   -29988.127        8.168   327.4     -0.577     -0.179     -0.366     -0.498     -0.382     -0.679
8.7500       -29979.091   -29987.521        8.430   337.9     -0.578     -1.023     -0.600      0.468      0.269     -0.301
8.8000       -29978.937   -29987.779        8.842   354.4     -0.174     -0.072     -0.804     -0.467     -0.478     -0.512
8.8500       -29978.748   -29987.615        8.867   355.4     -0.736     -0.627      0.931     -0.137     -0.294      0.201
8.9000       -29979.182   -29987.879        8.697   348.6     -1.468     -1.068     -0.193      0.125     -0.351      0.553
8.9500       -29979.138   -29987.654        8.516   341.4     -0.104     -0.618     -0.812      0.203     -0.088      0.363
9.0000       -29979.176   -29987.398        8.223   329.6     -0.846      0.540     -0.254     -0.070     -0.379      0.004
9.0500       -29979.402   -29987.811        8.409   337.1      0.834     -0.438      0.023     -0.347     -0.206     -0.312
9.1000       -29979.757   -29988.475        8.718   349.5     -0.796      0.309     -0.611      0.414      0.091      0.433
9.1500       -29979.749   -29988.234        8.486   340.1      0.717      0.215     -0.166     -0.338     -0.173      0.247
9.2000       -29979.946   -29988.553        8.607   345.0     -1.706     -0.170      0.891     -0.027     -0.022     -0.200
9.2500       -29980.069   -29988.330        8.261   331.1      0.501     -0.374     -0.734      0.378     -0.190     -0.082
9.3000       -29980.860   -29989.480        8.621   345.6     -1.390     -1.158     -0.455      0.171      0.065      0.833
9.3500       -29980.776   -29988.592        7.816   313.3      0.405     -1.340     -0.456      0.090      0.322     -0.057
9.4000       -29980.843   -29988.613        7.770   311.5     -2.018     -1.107     -0.909     -0.276      0.008      0.040
9.4500       -29980.653   -29989.840        9.187   368.3     -1.065     -0.254     -0.753     -0.016     -0.186      0.441
9.5000       -29980.802   -29989.230        8.429   337.9     -0.890     -1.268     -0.095     -0.267     -0.448      0.322
9.5500       -29981.059   -29989.260        8.200   328.7     -1.126     -0.802     -0.520     -0.280      0.572     -0.206
9.6000       -29981.403   -29988.885        7.481   299.9     -0.487     -1.433     -1.970     -0.392     -0.037     -0.116
9.6500       -29981.715   -29989.613        7.898   316.6     -0.906     -0.807     -0.439      0.103      0.133     -0.656
9.7000       -29981.480   -29989.596        8.115   325.3      0.478     -0.335     -0.597     -0.548      0.205     -0.578
9.7500       -29981.963   -29989.799        7.836   314.1     -0.400     -0.894     -0.248     -0.369     -0.367     -0.276
9.8000       -29981.471   -29990.148        8.677   347.8     -0.258     -0.715     -1.538      0.222      0.128     -0.303
9.8500       -29982.091   -29989.740        7.650   306.6     -0.882     -0.011     -0.163      0.228      0.092      0.288
9.9000       -29982.224   -29990.447        8.223   329.6      0.239     -0.799      0.180     -0.349     -0.353      0.125
9.9500       -29982.215   -29989.854        7.638   306.2      0.488      1.264      0.419      0.061     -0.166      0.193
10.0000      -29982.069   -29989.361        7.292   292.3     -0.761      1.024      0.141      0.021      0.216      0.493
10.0500      -29981.611   -29990.131        8.520   341.5     -1.179     -0.847     -0.410     -0.334     -0.317      0.427
10.1000      -29981.548   -29989.992        8.444   338.5     -0.303     -0.804     -0.274      0.112     -0.243      0.639
10.1500      -29981.638   -29988.859        7.221   289.5     -0.482      0.194     -0.406     -0.166      0.104     -0.059
10.2000      -29981.728   -29988.965        7.237   290.1     -0.571     -0.646      0.041     -0.108     -0.293      0.441
10.2500      -29981.433   -29989.672        8.239   330.3     -1.126     -0.792     -0.661     -0.611     -0.202     -0.466
10.3000      -29981.556   -29989.283        7.727   309.8     -0.518     -0.585     -0.327      0.187     -0.070      0.508
10.3500      -29981.301   -29988.967        7.666   307.3     -0.753     -0.789     -0.878     -0.609     -0.572      0.227
10.4000      -29981.509   -29988.705        7.196   288.4      0.231      0.034      0.322      0.362      0.169      0.019
10.4500      -29981.538   -29989.154        7.616   305.3      0.092      0.239     -0.527     -0.151     -0.497      0.535
10.5000      -29981.352   -29988.682        7.330   293.8      0.125      0.628     -0.496     -0.152      0.416      0.356
10.5500      -29981.698   -29988.846        7.147   286.5     -0.585     -0.478     -0.537      0.012     -0.221     -0.021
10.6000      -29981.385   -29989.299        7.914   317.2      0.002     -0.129     -0.426     -0.479     -0.236     -0.168
10.6500      -29981.724   -29989.457        7.733   310.0     -0.019     -0.648     -0.476      0.410     -0.681      0.097
10.7000      -29981.723   -29989.773        8.051   322.7      0.225     -0.601     -1.084      0.111      0.341      0.146
10.7500      -29981.888   -29989.115        7.227   289.7     -0.901      0.272     -0.324      0.370      0.118     -0.253
10.8000      -29981.855   -29989.180        7.324   293.6      0.409     -0.193      0.020     -0.333      0.931      0.237
10.8500      -29982.452   -29989.574        7.122   285.5     -0.231     -0.387     -0.307      0.027     -0.448     -0.059
10.9000      -29981.635   -29989.348        7.713   309.2     -0.280     -0.011     -0.561      0.083     -0.141     -0.651
10.9500      -29981.652   -29989.295        7.643   306.4     -1.096     -0.320     -1.284      0.280     -0.102     -0.312
11.0000      -29981.884   -29989.221        7.336   294.1     -0.552     -0.312     -1.126     -0.039      0.178     -0.431
11.0500      -29981.465   -29989.111        7.646   306.5      0.079     -0.182      0.319     -0.397     -0.159     -0.222
11.1000      -29981.302   -29989.254        7.952   318.7     -0.771     -0.896     -1.422      0.329      0.292      0.030
11.1500      -29981.775   -29989.244        7.469   299.4     -0.420     -0.213     -0.261     -0.172      0.134      0.075
11.2000      -29982.070   -29989.920        7.850   314.7     -0.337     -0.031     -0.309      0.269      0.475     -0.089
11.2500      -29981.197   -29989.537        8.340   334.3     -0.375     -0.210     -0.710     -0.034     -0.139      0.112
11.3000      -29981.383   -29989.660        8.277   331.8     -1.189      0.198     -0.330      0.201     -0.052     -0.165
11.3500      -29980.939   -29988.814        7.875   315.7      0.187      0.095      0.528     -0.203     -0.177      0.349
11.4000      -29980.902   -29988.828        7.926   317.7     -0.609      0.196     -0.558      0.204     -0.330     -0.264
11.4500      -29980.930   -29989.127        8.197   328.6     -0.506     -0.568     -0.606      0.090     -0.058     -0.232
11.5000      -29980.483   -29988.875        8.392   336.4     -0.803     -0.120     -0.321      0.736     -0.308      0.111
11.5500      -29980.712   -29989.006        8.294   332.5      0.891     -0.176     -0.434     -0.721      0.223     -0.279
11.6000      -29980.923   -29988.338        7.415   297.2      0.502     -0.650     -0.543      0.026     -0.590      0.259
11.6500      -29980.598   -29988.832        8.234   330.1     -1.601     -0.707     -1.457     -0.326      0.869      0.032
11.7000      -29980.214   -29989.309        9.095   364.6      0.776     -0.857     -1.405      0.225     -0.367     -0.048
11.7500      -29980.177   -29988.799        8.622   345.6     -0.103     -0.548     -0.497     -0.124     -0.022     -0.466
11.8000      -29980.288   -29989.271        8.983   360.1     -0.054     -0.664      0.267      0.010      0.537      0.377
11.8500      -29981.003   -29989.162        8.159   327.0      0.512      0.343     -1.183      0.400      0.314     -0.429
11.9000      -29980.735   -29988.656        7.921   317.5     -1.559     -0.371     -0.397     -0.177     -0.133     -0.106
11.9500      -29981.143   -29988.941        7.798   312.6     -0.277      0.383     -1.182      0.365     -0.089      0.323
12.0000      -29981.271   -29989.693        8.422   337.6     -0.550      0.301      0.459      0.332     -0.163      0.228
12.0500      -29981.225   -29989.324        8.099   324.7     -0.713     -0.442     -0.585     -0.160     -0.022      0.035
12.1000      -29981.385   -29989.439        8.055   322.9     -0.178     -0.745     -1.098     -0.158      0.169     -0.076
12.1500      -29981.491   -29989.311        7.819   313.4     -1.720     -0.827     -1.452     -0.488     -0.074      0.140
12.2000      -29981.367   -29989.500        8.133   326.0     -0.126     -0.624      0.352      0.106     -0.089      0.015
12.2500      -29980.952   -29989.252        8.300   332.7      0.236      0.294      0.702     -0.002     -0.483     -0.434
12.3000      -29981.079   -29989.479        8.399   336.7     -0.210     -0.372     -0.435     -0.400      0.105      0.042
12.3500      -29981.195   -29989.492        8.297   332.6      0.193     -0.173      0.766      0.554     -0.710      0.479
12.4000      -29981.701   -29988.803        7.102   284.7     -0.392      0.187     -1.547      0.366      0.445     -0.244
12.4500      -29981.574   -29989.432        7.858   315.0     -0.586      0.060     -0.337      0.797      0.302      0.028
12.5000      -29981.579   -29989.326        7.747   310.5     -0.328      0.246     -0.745      0.097      0.081      0.074
12.5500      -29981.780   -29989.699        7.919   317.4     -0.111     -0.473     -0.380      0.069     -0.073      0.527
12.6000      -29981.367   -29989.191        7.824   313.6     -0.418      0.231      0.691      0.060      0.436      0.014
12.6500      -29981.585   -29989.512        7.927   317.7     -0.273     -1.132     -0.707     -0.451     -0.176     -0.076
12.7000      -29981.271   -29989.398        8.128   325.8     -0.229     -1.578      0.089     -0.170     -0.036      0.091
12.7500      -29980.994   -29988.992        7.998   320.6     -0.472     -0.879     -0.396      0.089      0.319      0.202
12.8000      -29981.209   -29989.258        8.049   322.6     -0.405      0.568     -0.782     -0.451      0.317     -0.133
12.8500      -29981.157   -29988.998        7.841   314.3     -0.044     -0.110      0.225     -0.529      0.881     -0.043
12.9000      -29980.992   -29988.562        7.571   303.5     -0.676      0.306      0.299      0.548     -0.231      0.199
12.9500      -29980.566   -29988.449        7.884   316.0      0.309      0.570     -0.490     -0.373      0.132      0.281
13.0000      -29980.113   -29989.250        9.137   366.2     -0.936     -0.327     -0.086     -0.274      0.124     -0.818
13.0500      -29979.833   -29988.744        8.911   357.2     -0.643     -1.575     -0.863      0.137      0.218      0.739
13.1000      -29979.701   -29988.545        8.844   354.5     -0.422     -0.305      0.869     -0.409      0.184      0.821
13.1500      -29979.899   -29988.225        8.326   333.7      0.012      0.002     -0.199     -0.057      0.612     -0.460
13.2000      -29980.050   -29987.988        7.939   318.2      0.041     -0.093     -0.862     -0.130      0.083      0.473
13.2500      -29979.741   -29988.549        8.808   353.1     -0.203     -0.359     -0.127     -0.112      0.323      0.077
13.3000      -29979.851   -29988.490        8.639   346.3     -0.891     -0.913     -0.585     -0.163      0.297     -0.254
13.3500      -29980.254   -29988.113        7.859   315.0     -0.631     -0.600     -0.243      0.251     -0.015     -0.818
13.4000      -29980.324   -29988.842        8.518   341.4     -0.183      0.133     -0.485      0.226      0.184      0.275
13.4500      -29980.685   -29988.510        7.825   313.7     -0.262     -0.288      0.418      0.165     -0.518     -0.087
13.5000      -29980.775   -29988.543        7.768   311.4      0.034     -0.572     -0.668     -0.754      0.022      0.605
13.5500      -29980.762   -29988.416        7.654   306.8     -0.659      0.018     -0.083     -0.007     -0.426      0.472
13.6000      -29979.941   -29987.850        7.908   317.0      0.154      0.165      0.158     -0.242      0.001     -0.092
13.6500      -29979.682   -29988.340        8.658   347.1     -0.359     -0.467      0.279     -0.300     -0.626     -0.133
13.7000      -29979.409   -29987.824        8.415   337.3     -0.809     -0.775     -0.444      0.392     -0.132     -0.205
13.7500      -29979.503   -29987.869        8.366   335.4     -0.220     -0.497     -0.482      0.051      0.446     -0.284
13.8000      -29979.896   -29987.621        7.725   309.7     -1.869     -0.539     -1.091     -0.158     -0.604      0.272
13.8500      -29979.982   -29988.186        8.204   328.8     -0.581     -0.678     -1.076     -0.055      0.310      0.156
13.9000      -29979.722   -29988.125        8.403   336.8     -1.110      0.678     -0.162      0.145      0.088     -0.003
13.9500      -29979.834   -29988.152        8.319   333.4     -0.454     -0.973     -0.657      0.251      0.151      0.401
14.0000      -29979.807   -29988.684        8.876   355.8      0.262      0.241     -0.196     -0.103     -0.170      0.307
14.0500      -29980.301   -29988.875        8.574   343.7     -0.111     -0.263     -0.241     -0.067      0.066      0.173
14.1000      -29979.917   -29987.684        7.767   311.3      0.082     -0.584     -0.810      0.335      0.170     -0.019
14.1500      -29979.743   -29988.088        8.345   334.5      0.320     -0.356      0.158     -0.035     -0.212     -0.058
14.2000      -29979.808   -29987.693        7.886   316.1     -0.361     -0.398     -1.219      0.006      0.568     -0.288
14.2500      -29979.372   -29987.693        8.321   333.6     -0.378     -0.428     -0.746     -0.246      0.729     -0.047
14.3000      -29978.684   -29987.443        8.759   351.1     -1.278     -1.938     -0.380      0.490      0.149      0.065
14.3500      -29978.888   -29987.607        8.719   349.5     -0.497      0.254     -0.749      0.228      0.244      0.207
14.4000      -29979.347   -29987.443        8.096   324.5     -0.006     -0.513     -0.467      0.342     -0.112     -0.051
14.4500      -29979.475   -29988.092        8.617   345.4     -0.476      0.774     -0.225     -0.271     -0.134      0.080
14.5000      -29979.439   -29987.797        8.358   335.0     -0.005      0.157     -0.846     -0.512      0.593      0.234
14.5500      -29979.161   -29987.961        8.800   352.7     -0.866     -0.508     -1.852     -0.172      0.173     -0.078
14.6000      -29979.407   -29987.904        8.498   340.6      0.053      0.667      0.056      0.970      0.324     -0.104
14.6500      -29979.483   -29988.307        8.824   353.7     -0.088     -0.165      0.034     -0.384      0.234     -0.410
14.7000      -29979.899   -29987.854        7.954   318.8     -1.025      0.354     -0.004      0.091      0.044     -0.116
14.7500      -29979.614   -29988.842        9.228   369.9     -0.756     -0.866     -0.282     -0.162      0.038      0.035
14.8000      -29980.029   -29987.885        7.856   314.9     -0.038     -0.517     -1.491     -0.485     -0.426     -0.001
14.8500      -29979.985   -29987.986        8.001   320.7      0.175     -0.030      0.625      0.616      0.300      0.888
14.9000      -29979.946   -29987.957        8.011   321.1     -0.305     -1.046      0.117     -0.107     -0.064     -0.386
14.9500      -29980.011   -29987.967        7.955   318.9     -1.327      0.481      0.250      0.432      0.433      0.139
15.0000      -29979.677   -29988.395        8.718   349.5     -0.911     -0.551     -0.140      0.052     -0.047     -0.190
15.0500      -29979.667   -29988.477        8.810   353.1     -0.267     -0.712     -0.122     -0.120      0.705      0.432
15.1000      -29979.581   -29988.482        8.901   356.8     -1.000     -0.110      0.695      0.068     -0.087     -0.040
15.1500      -29979.824   -29987.639        7.814   313.2      0.071      0.472     -0.190     -0.136      0.681     -0.394
15.2000      -29979.712   -29988.236        8.525   341.7      0.642     -0.101      0.552     -0.062      0.105     -0.129
15.2500      -29979.963   -29987.635        7.672   307.5     -0.613      0.351      0.208      0.267     -0.159      0.830
15.3000      -29979.818   -29988.512        8.693   348.5      0.041     -0.703     -1.054     -0.327     -0.269     -0.027
15.3500      -29979.791   -29988.312        8.521   341.6     -0.631      0.760      0.292      0.320     -0.134     -0.261
15.4000      -29979.376   -29988.445        9.070   363.6     -0.851     -1.237     -1.499     -0.140     -0.189     -0.297
15.4500      -29979.843   -29988.016        8.173   327.6     -0.322     -0.803     -0.908      0.743      0.240     -0.273
15.5000      -29980.384   -29988.787        8.403   336.8      0.287     -0.232     -0.100     -0.184      0.121      0.324
15.5500      -29980.814   -29988.695        7.881   315.9      0.325     -0.019      0.363      0.122     -0.647     -0.773
15.6000      -29980.989   -29988.842        7.853   314.8     -0.886     -0.350     -1.020      0.163      0.127     -0.457
15.6500      -29980.716   -29988.561        7.845   314.5      0.121     -0.523     -0.092      0.179     -0.227     -0.081
15.7000      -29981.278   -29989.426        8.147   326.6     -0.126      0.375      0.644      0.174      0.197     -0.304
15.7500      -29981.400   -29988.928        7.528   301.8      0.629      0.129      0.211      0.178     -0.237     -0.578
15.8000      -29981.261   -29989.404        8.143   326.4     -1.371     -0.038     -0.210     -0.099      0.231      0.235
15.8500      -29980.720   -29989.053        8.333   334.0      0.646     -0.443     -0.676      0.365     -0.459     -0.262
15.9000      -29980.615   -29988.941        8.326   333.8     -0.677     -0.068     -0.695     -0.255      0.189     -0.285
15.9500      -29981.146   -29989.152        8.007   320.9      0.097     -0.859     -1.121     -0.851     -0.362      0.335
16.0000      -29981.330   -29989.352        8.022   321.5     -0.885     -0.642     -0.338      0.402     -0.238     -0.356
16.0500      -29981.282   -29988.549        7.267   291.3     -1.340      0.041     -0.518     -0.399     -0.272      0.429
16.1000      -29981.214   -29988.680        7.466   299.3      0.735      0.255      0.146      0.089      0.503      0.013
16.1500      -29980.859   -29988.922        8.063   323.2      0.212     -0.368      0.328     -0.103      0.066     -0.486
16.2000      -29981.259   -29989.934        8.675   347.7      0.413     -0.224      0.301      0.126     -0.806      0.257
16.2500      -29981.167   -29989.105        7.938   318.2      0.381      0.609     -0.134      0.008      0.427      0.081
16.3000      -29981.124   -29988.541        7.417   297.3      0.007     -0.450     -0.606      0.359      0.063     -0.910
16.3500      -29981.113   -29989.121        8.008   321.0     -1.038     -0.300     -0.980      0.179     -0.279      0.442
16.4000      -29981.129   -29989.098        7.968   319.4      0.270      0.923     -0.117      0.053     -0.015      0.050
16.4500      -29980.810   -29988.393        7.583   303.9     -0.052     -0.123      0.176      0.170      0.399     -0.572
16.5000      -29980.427   -29988.477        8.049   322.7     -0.314      0.115     -0.310      0.311      0.093     -0.297
16.5500      -29980.156   -29988.262        8.105   324.9      0.045     -0.088      0.054      0.016     -0.515      0.133
16.6000      -29979.570   -29988.412        8.842   354.4      0.839     -0.001     -0.322      0.548     -0.159      0.121
16.6500      -29979.250   -29987.490        8.240   330.3     -0.391     -0.316      0.367      0.161      0.218      0.441
16.7000      -29979.330   -29987.822        8.492   340.4      0.136      0.269     -0.178      0.115      0.081      0.009
16.7500      -29979.838   -29987.943        8.106   324.9     -0.296     -0.420     -0.489     -0.302      0.256      0.467
16.8000      -29979.941   -29988.477        8.535   342.1      0.350     -1.081     -0.490     -0.026     -0.030     -0.083
16.8500      -29980.115   -29988.357        8.242   330.4      0.637      0.249      0.192      0.352     -0.017     -0.157
16.9000      -29980.182   -29988.516        8.334   334.1     -0.520     -0.624      0.221      0.680     -0.244     -0.095
16.9500      -29980.308   -29988.680        8.371   335.6     -0.368      0.011     -0.550      0.050      0.400     -0.210
17.0000      -29979.700   -29987.486        7.786   312.1     -0.283     -0.054      0.598      0.454     -0.118      0.079
17.0500      -29979.868   -29987.689        7.821   313.5     -0.141      0.866     -0.029     -0.148      0.028      0.617
17.1000      -29979.569   -29987.723        8.154   326.8     -1.041     -0.320     -0.456      0.431      0.374     -0.460
17.1500      -29980.212   -29988.393        8.181   327.9     -0.033      0.022     -0.653      0.109     -0.242      0.232
17.2000      -29980.263   -29988.109        7.846   314.5      0.636     -0.630     -0.171     -0.366     -0.232      0.429
17.2500      -29979.996   -29988.201        8.205   328.9      1.037      0.612      0.433     -0.172      0.084     -0.009
17.3000      -29980.470   -29988.025        7.555   302.9      0.445      0.075     -0.585      0.334      0.124     -0.299
17.3500      -29980.516   -29987.971        7.455   298.8      0.292      0.700      0.618     -0.222     -0.460      0.445
17.4000      -29980.716   -29988.855        8.140   326.3      0.209      0.261     -0.857     -0.013      0.069      0.482
17.4500      -29980.047   -29988.689        8.642   346.4     -0.245     -0.338     -0.020      0.227     -0.176      0.321
17.5000      -29980.118   -29988.109        7.992   320.3     -0.854     -0.643     -0.714      0.041     -0.189      0.666
17.5500      -29980.019   -29988.195        8.176   327.7     -1.239      0.348     -0.184     -0.346      0.179     -0.129
17.6000      -29980.018   -29987.605        7.587   304.1      0.128     -0.861     -1.099     -0.021      0.183     -0.120
17.6500      -29980.016   -29988.508        8.492   340.4     -0.852     -0.362      0.046      0.142      0.370      0.802
17.7000      -29980.148   -29987.303        7.154   286.8      0.864     -0.090      1.149      0.379     -0.287     -0.112
17.7500      -29979.908   -29987.512        7.604   304.8     -1.096     -0.089      0.486     -0.390      0.267     -0.027
17.8000      -29979.826   -29987.555        7.729   309.8      0.366      0.529     -0.502     -0.175      0.263      0.008
17.8500      -29979.356   -29987.727        8.371   335.5     -0.457     -0.141     -0.819      0.215     -0.010      0.053
17.9000      -29979.420   -29987.293        7.873   315.6      0.058      0.108     -0.562     -0.337      0.453     -0.062
17.9500      -29979.241   -29987.371        8.130   325.9      0.170     -1.051     -0.644      0.442      0.471      0.243
18.0000      -29979.273   -29987.467        8.194   328.4     -0.926     -0.584     -0.166      0.649      0.091     -0.574
18.0500      -29979.259   -29987.600        8.340   334.3      0.037     -0.775     -1.054      0.537     -0.248     -0.250
18.1000      -29979.468   -29988.094        8.626   345.8     -0.185     -0.251     -1.275     -0.065     -0.143      0.036
18.1500      -29978.722   -29988.648        9.927   397.9     -0.456     -0.446     -1.156      0.329      0.175     -0.550
18.2000      -29978.723   -29986.793        8.070   323.5      0.838     -0.968      0.279     -0.532      0.165      0.235
18.2500      -29978.541   -29987.977        9.435   378.2     -0.912      0.361     -0.123     -0.072     -0.055      0.015
18.3000      -29978.915   -29988.490        9.575   383.8      0.708      0.051     -0.395      0.038      0.122      0.018
18.3500      -29978.798   -29987.457        8.659   347.1     -0.125     -1.190     -0.430      0.255      0.717      0.289
18.4000      -29979.024   -29987.500        8.476   339.8     -0.295      0.997      0.714     -0.349      0.145     -0.185
18.4500      -29979.054   -29988.391        9.337   374.3     -0.482     -0.017     -0.332      0.105     -0.322     -0.161
18.5000      -29978.704   -29986.562        7.859   315.0      0.291      0.291      0.484      0.214     -0.183      0.096
18.5500      -29979.168   -29987.102        7.934   318.0     -0.608      0.147      0.281      0.202     -0.222      0.206
18.6000      -29979.273   -29987.084        7.811   313.1     -1.122     -0.503     -0.501     -0.943      0.579     -0.516
18.6500      -29978.897   -29987.402        8.505   340.9     -0.220     -0.063     -0.447      0.433     -0.210      0.012
18.7000      -29979.000   -29987.340        8.340   334.3     -1.373     -0.170     -0.716     -0.566      0.017     -0.250
18.7500      -29978.938   -29987.584        8.646   346.6      0.379      0.385     -0.058      0.415      0.042     -0.155
18.8000      -29978.929   -29987.527        8.599   344.7      0.361      0.298     -0.025      0.278      0.722      0.218
18.8500      -29979.123   -29986.855        7.732   309.9     -1.234      0.009     -0.187     -0.091      0.133     -0.345
18.9000      -29978.816   -29987.600        8.784   352.1      0.189     -0.272     -0.542      0.301     -0.037      0.265
18.9500      -29979.262   -29987.578        8.316   333.4     -0.372     -0.312     -0.523     -0.642      0.639      0.332
19.0000      -29979.047   -29987.090        8.043   322.4      0.722      0.043      0.689     -0.205     -0.618      0.336
19.0500      -29979.496   -29988.598        9.102   364.9     -0.130      0.684     -0.641     -0.199      0.562     -0.112
19.1000      -29979.193   -29987.732        8.539   342.3      0.779      0.499      0.606      0.173     -0.381     -0.155
19.1500      -29979.788   -29987.564        7.776   311.7     -0.079     -0.028     -0.295     -0.320      0.179     -0.207
19.2000      -29979.817   -29988.133        8.316   333.3     -0.444     -0.971     -0.156      0.366      0.100     -0.297
19.2500      -29980.362   -29988.328        7.966   319.3      0.251     -0.168     -0.424     -0.479     -0.057      0.081
19.3000      -29981.127   -29988.922        7.795   312.4     -0.335     -0.299     -0.195     -0.102      0.283     -0.308
19.3500      -29980.871   -29988.326        7.455   298.8      0.426     -0.206     -0.411     -0.254     -0.262      0.773
19.4000      -29980.874   -29989.297        8.423   337.6     -0.148     -0.211     -0.493     -0.101     -0.019     -0.123
19.4500      -29980.692   -29988.941        8.249   330.7      0.275      0.092      0.481      0.352      0.481     -0.451
19.5000      -29980.525   -29988.547        8.022   321.6     -0.873     -1.137     -1.241      0.057      0.099     -0.252
19.5500      -29980.608   -29988.574        7.966   319.3      0.156     -0.152     -0.319     -0.210      0.058     -0.296
19.6000      -29980.443   -29988.623        8.180   327.9     -0.882     -0.091     -0.578     -0.432     -0.188      0.126
19.6500      -29980.569   -29989.191        8.622   345.6     -0.303     -1.560     -0.327      0.183      0.258     -0.504
19.7000      -29980.438   -29988.686        8.248   330.6     -0.003     -0.739     -0.188     -0.366     -0.345      0.295
19.7500      -29980.209   -29989.105        8.896   356.6     -1.527     -0.552     -1.440     -0.202      0.076     -0.128
19.8000      -29980.283   -29988.699        8.416   337.4     -0.114     -0.757      0.057      0.441      0.095     -0.155
19.8500      -29979.802   -29988.498        8.696   348.6     -0.125     -1.065     -0.762     -0.105     -0.332     -0.164
19.9000      -29980.206   -29988.373        8.167   327.4      0.076     -0.775     -0.155     -0.017      0.092     -0.056
19.9500      -29980.424   -29988.084        7.660   307.0     -0.831     -0.480      0.304      0.049      0.174     -0.018
20.0000      -29980.021   -29987.943        7.923   317.6      0.227     -0.255     -0.364     -1.123     -0.135     -0.380
20.0500      -29980.348   -29988.619        8.271   331.6     -0.411     -0.018     -0.017      0.409      0.493      0.062
20.1000      -29980.131   -29988.148        8.017   321.4     -0.661     -0.602     -0.873     -0.540      0.041     -0.465
20.1500      -29980.063   -29988.432        8.369   335.5      0.346     -1.002      0.420     -0.407     -0.531      0.883
20.2000      -29979.990   -29987.582        7.592   304.3     -0.575      0.491     -0.385     -0.187     -0.090     -0.524
20.2500      -29980.072   -29988.352        8.280   331.9      0.289      0.644      0.095     -0.159     -0.349     -0.043
20.3000      -29980.011   -29987.830        7.820   313.4     -1.246     -0.637     -0.745     -0.059     -0.253      0.100
20.3500      -29979.907   -29988.457        8.550   342.7     -0.857     -0.794     -0.546      0.279      0.093     -0.094
20.4000      -29979.492   -29988.025        8.533   342.0     -1.503     -0.235      0.303     -0.269     -0.086      0.249
20.4500      -29979.931   -29987.641        7.709   309.0     -1.020     -0.094     -0.746      0.019      0.695     -0.335
20.5000      -29980.037   -29987.926        7.889   316.2      0.575     -0.619     -0.694     -0.271     -0.045     -0.470
20.5500      -29980.127   -29988.701        8.575   343.7     -0.042     -0.330      0.582      0.132      0.077      0.279
20.6000      -29980.048   -29988.535        8.487   340.2     -0.485      0.027     -0.306      0.131      0.046     -0.285
20.6500      -29980.790   -29988.559        7.769   311.4     -0.517     -0.118     -0.461      0.128     -0.077     -0.022
20.7000      -29980.264   -29988.121        7.857   315.0      0.871      0.513     -0.439     -0.073      0.450      0.293
20.7500      -29980.424   -29988.768        8.344   334.5      0.335      0.231      0.542      0.450     -0.372     -0.124
20.8000      -29980.542   -29988.637        8.095   324.5     -0.026      0.154     -0.123     -0.157      0.215     -0.403
20.8500      -29980.094   -29988.248        8.154   326.9     -0.560      0.501     -0.884     -0.153     -0.443      0.216
20.9000      -29980.250   -29987.898        7.648   306.6     -1.019     -0.579     -0.364      0.191      0.681      0.478
20.9500      -29980.771   -29988.125        7.354   294.8     -0.068      0.002     -0.500     -0.472     -0.729     -0.274
21.0000      -29980.653   -29988.373        7.720   309.5     -0.446     -0.449     -1.129      0.692      0.209     -0.160
21.0500      -29980.811   -29988.572        7.761   311.1     -0.474     -0.468     -0.650     -0.272     -0.383     -0.083
21.1000      -29980.426   -29988.404        7.978   319.8     -0.041     -0.627      0.050     -0.525     -0.392     -0.095
21.1500      -29979.952   -29988.195        8.244   330.4     -0.833     -0.870     -1.018      0.205      0.061      0.513
21.2000      -29980.143   -29989.180        9.037   362.3     -0.619     -0.172     -0.890      0.446     -0.506     -0.125
21.2500      -29979.970   -29988.115        8.145   326.5      0.091      0.289      0.326     -0.173     -0.437     -0.414
21.3000      -29979.533   -29988.008        8.474   339.7     -0.487     -0.772      0.045     -0.339     -0.117     -0.524
21.3500      -29978.989   -29987.750        8.761   351.2     -0.179     -0.448     -0.275      0.659      0.164      0.534
21.4000      -29979.302   -29987.432        8.129   325.9     -1.250     -0.453      0.113      0.523      0.189     -0.110
21.4500      -29979.438   -29988.148        8.710   349.1     -0.168     -0.333     -1.243      0.276     -0.145      0.143
21.5000      -29979.183   -29988.086        8.903   356.9     -0.057     -0.700     -0.417      0.158     -0.211      0.318
21.5500      -29979.221   -29987.459        8.238   330.2     -0.142      0.462     -0.092      0.718     -0.382     -0.361
21.6000      -29979.249   -29987.820        8.571   343.6      0.863      0.149      0.582      0.174     -0.005      0.122
21.6500      -29979.321   -29988.080        8.759   351.1     -0.761      0.146     -0.642     -0.019      0.094      0.846
21.7000      -29979.278   -29988.230        8.953   358.9     -0.671     -0.256     -0.773      0.357     -0.281     -0.023
21.7500      -29979.613   -29987.566        7.953   318.8     -0.334     -0.196     -0.446      0.034     -0.459      0.022
21.8000      -29979.562   -29987.906        8.344   334.5     -0.020     -0.342     -0.292     -0.279     -0.451      0.371
21.8500      -29979.588   -29987.818        8.230   329.9     -1.009     -1.096     -0.536     -0.432     -0.622     -0.087
21.9000      -29980.161   -29988.311        8.149   326.7      0.710     -0.205     -0.612     -0.028      0.051      0.311
21.9500      -29980.044   -29988.096        8.052   322.8      0.607      0.443     -0.077     -0.623     -0.106      0.303
22.0000      -29980.349   -29988.496        8.147   326.6     -0.328     -0.477     -0.598     -0.061     -0.078     -0.012
22.0500      -29980.203   -29988.842        8.639   346.3     -0.230     -0.507      0.027      0.076      0.401     -0.152
22.1000      -29979.989   -29987.947        7.958   319.0     -0.285      0.231      0.469      0.662      0.164      0.227
22.1500      -29979.981   -29988.219        8.238   330.2      0.229     -0.877      0.212     -0.111     -0.555      0.066
22.2000      -29980.371   -29989.076        8.705   348.9     -0.516      0.272     -0.656      0.113     -0.277      0.080
22.2500      -29979.532   -29987.514        7.981   319.9      0.043     -0.319      0.282      0.674      0.060      0.282
22.3000      -29979.428   -29987.582        8.154   326.9     -0.476     -0.714      0.627     -0.356     -0.079      0.037
22.3500      -29979.270   -29987.738        8.469   339.5      0.468     -0.053     -0.446      0.532      0.076      0.178
22.4000      -29979.342   -29987.520        8.177   327.8     -0.443     -1.189      0.400      0.322     -0.486      0.503
22.4500      -29979.223   -29987.586        8.363   335.2     -0.870     -0.384     -0.665      0.425     -0.309      0.097
22.5000      -29978.784   -29988.102        9.318   373.5     -0.384     -0.733      0.131     -0.209     -0.131     -0.456
22.5500      -29979.264   -29987.406        8.142   326.4      0.226      0.473      0.191      0.045     -0.100     -0.259
22.6000      -29979.534   -29987.547        8.013   321.2      1.134      0.594      0.303     -0.197      0.600     -0.002
22.6500      -29979.210   -29987.480        8.270   331.5      0.414     -0.178     -0.535      0.769     -0.445     -0.443
22.7000      -29978.648   -29987.332        8.684   348.1      0.490     -0.723      0.207      0.211      0.409      0.020
22.7500      -29978.348   -29987.580        9.232   370.0     -0.796     -1.305     -0.894     -0.492     -0.415      0.044
22.8000      -29978.112   -29987.238        9.126   365.8     -0.093     -0.762     -0.304      0.281      0.097      0.208
22.8500      -29978.089   -29987.424        9.335   374.2     -0.367     -0.137      0.526     -0.406      0.026      0.092
22.9000      -29978.284   -29986.949        8.665   347.3     -0.316     -0.054     -0.248      0.335      0.161     -0.050
22.9500      -29978.827   -29987.723        8.895   356.6     -0.016     -0.842     -0.212      0.017      0.399      0.009
23.0000      -29978.621   -29987.078        8.457   339.0     -0.249     -0.035     -0.420      0.247      0.460     -0.091
23.0500      -29978.783   -29987.230        8.447   338.6      0.525     -1.089      0.273     -0.172     -0.161      0.062
23.1000      -29978.666   -29988.730       10.065   403.4     -0.550     -0.322      0.633      0.112      0.666      0.086
23.1500      -29978.508   -29987.418        8.910   357.1      0.058      0.479     -0.311     -0.456      0.002     -0.151
23.2000      -29979.142   -29987.273        8.132   326.0     -1.048     -0.930     -0.787     -0.282      0.245     -0.067
23.2500      -29979.027   -29988.137        9.110   365.2      0.235     -0.322      0.002     -0.513      0.167     -0.106
23.3000      -29979.047   -29987.012        7.965   319.3      0.185     -0.800     -0.185      0.221     -0.565      0.203
23.3500      -29978.979   -29987.965        8.986   360.2      0.774      1.270      1.075      0.155     -0.249     -0.089
23.4000      -29979.138   -29987.467        8.329   333.9     -0.063      0.520     -0.291      0.142     -0.216      0.087
23.4500      -29979.065   -29987.912        8.847   354.6      0.712      0.693      0.035      0.815     -0.834     -0.452
23.5000      -29979.523   -29988.279        8.757   351.0      0.659     -1.044     -0.366     -0.194      0.296     -0.151
23.5500      -29979.715   -29987.979        8.263   331.2     -0.381      0.031     -0.781     -0.063      0.183     -0.272
23.6000      -29979.933   -29988.340        8.407   337.0      0.087      1.198     -0.228      0.209      0.158     -0.131
23.6500      -29979.311   -29988.354        9.042   362.5     -1.036     -0.046     -0.184     -0.489     -0.101     -0.166
23.7000      -29979.268   -29988.141        8.873   355.7     -0.450      0.484     -0.620      0.546     -0.635     -0.296
23.7500      -29979.222   -29987.568        8.346   334.5     -0.402      0.219     -0.205      0.190     -0.158      0.021
23.8000      -29979.712   -29987.740        8.029   321.8     -0.197     -0.630      0.079      0.450      0.058      0.554
23.8500      -29979.657   -29987.988        8.331   334.0      0.089     -0.326      0.235      0.037     -0.106      0.188
23.9000      -29979.751   -29988.002        8.251   330.7     -0.737     -0.021      0.127     -0.465     -0.092      0.147
23.9500      -29979.995   -29988.002        8.007   321.0      0.381      0.088     -0.351     -0.129      0.441      0.104
24.0000      -29980.068   -29988.545        8.477   339.8     -0.172      0.151     -0.021     -0.415     -0.491      0.024
24.0500      -29979.845   -29988.129        8.283   332.0     -0.147      0.113      0.051      0.723      0.631      0.003
24.1000      -29980.351   -29988.469        8.118   325.4     -1.174      0.005      0.374     -0.907     -0.276      0.263
24.1500      -29980.208   -29988.396        8.188   328.2     -0.368     -0.777     -0.588     -0.613     -0.328     -0.358
24.2000      -29980.368   -29988.654        8.286   332.2     -0.716     -0.464     -0.643     -0.083      0.246      0.199
24.2500      -29980.830   -29988.492        7.662   307.1      0.639      0.662      0.408      0.384      0.151      0.042
24.3000      -29980.599   -29988.117        7.518   301.4      0.443      0.491      0.903      0.062     -0.314     -0.188
24.3500      -29980.302   -29988.039        7.737   310.1      0.231     -0.755     -0.039     -0.436      0.118     -0.277
24.4000      -29979.283   -29987.387        8.103   324.8     -0.056      0.144      0.138      0.400      0.696     -0.144
24.4500      -29979.016   -29987.512        8.496   340.6     -0.243     -0.408      0.516      0.310      0.185      0.484
24.5000      -29979.719   -29987.979        8.259   331.1     -0.360      0.577     -0.701     -0.162      0.296      0.099
24.5500      -29980.437   -29988.768        8.330   333.9      0.514     -0.680      0.116      0.680      0.349     -0.452
24.6000      -29980.178   -29988.170        7.992   320.4     -0.223      0.048      1.003     -0.317      0.208      0.027
24.6500      -29979.888   -29988.150        8.263   331.2      0.285     -0.471      0.134      0.007      0.021     -0.355
24.7000      -29980.232   -29988.234        8.003   320.8      0.752     -0.153      0.496      0.241      0.082      0.487
24.7500      -29980.423   -29988.314        7.892   316.3     -0.885     -0.720     -0.596     -0.004      0.316      0.341
24.8000      -29980.424   -29988.186        7.761   311.1      0.383     -0.249     -0.512     -0.157      0.280      0.150
24.8500      -29980.528   -29988.539        8.011   321.1     -1.026     -0.619     -0.828      0.360      0.602     -0.213
24.9000      -29980.444   -29988.924        8.479   339.9      0.475     -0.016     -0.706      0.379      0.520      0.540
24.9500      -29980.704   -29988.691        7.988   320.2      0.629      0.254      0.077     -0.966     -0.039     -0.269
25.0000      -29980.756   -29988.457        7.701   308.7      0.219     -0.144     -0.727      0.681      0.055      0.172
25.0500      -29980.773   -29988.545        7.772   311.5      0.288      0.234     -0.301      0.315     -0.116     -0.322
25.1000      -29980.805   -29989.049        8.244   330.4     -0.367     -0.121     -0.376     -0.318     -0.266      0.592
25.1500      -29980.378   -29988.369        7.991   320.3      0.489     -0.447      0.260     -0.181      0.089      0.046
25.2000      -29980.323   -29988.600        8.277   331.8     -0.252      0.058      0.736      0.362      0.081      0.342
25.2500      -29980.970   -29988.820        7.850   314.7      0.514      0.382     -0.298      0.078      0.331     -0.027
25.3000      -29980.212   -29988.461        8.249   330.7     -0.442     -0.057     -0.779     -0.266     -0.386      0.068
25.3500      -29980.726   -29988.951        8.225   329.7     -0.442     -0.193     -0.135     -0.173      0.113     -0.350
25.4000      -29980.689   -29988.510        7.821   313.5      0.516     -0.402     -0.322      0.108     -0.229      0.533
25.4500      -29980.744   -29989.129        8.384   336.1     -0.546      0.110     -0.617     -0.008      0.106     -0.447
25.5000      -29980.687   -29989.404        8.717   349.4     -0.721     -0.469     -0.566      0.369     -0.071      0.528
25.5500      -29980.899   -29989.176        8.277   331.8      0.584     -0.524     -0.624     -0.177      0.048      0.287
25.6000      -29979.770   -29988.373        8.604   344.9      0.270      0.659     -0.679      0.243     -0.410     -0.455
25.6500      -29980.132   -29988.486        8.354   334.9      0.275     -1.242     -1.058      0.057      0.291      0.134
25.7000      -29980.404   -29988.289        7.885   316.1     -0.491     -0.189     -0.489      0.297      0.135     -0.459
25.7500      -29980.258   -29988.453        8.195   328.5      0.650      0.661      0.723      0.146     -0.302      0.615
25.8000      -29980.098   -29988.396        8.298   332.6      0.280     -0.647     -0.601     -0.170      0.652     -0.126
25.8500      -29980.284   -29988.395        8.110   325.1     -0.136      0.576      0.081     -0.232     -0.059      0.110
25.9000      -29980.218   -29988.318        8.100   324.7      0.931     -1.344     -1.285     -0.196      0.154      0.282
25.9500      -29979.883   -29988.316        8.433   338.0     -1.076     -0.477      0.038      0.506     -0.611     -0.089
26.0000      -29979.419   -29987.863        8.444   338.5     -0.686     -1.203     -1.139     -0.502      0.184      0.063
26.0500      -29979.416   -29988.250        8.834   354.1     -0.195      0.361      0.312     -0.298      0.151     -0.169
26.1000      -29979.581   -29988.562        8.981   360.0      0.037     -0.126     -0.906     -0.411      0.473     -0.016
26.1500      -29978.888   -29986.961        8.073   323.6     -0.447     -0.076     -0.874     -0.612      0.283     -0.141
26.2000      -29979.078   -29988.119        9.041   362.4      0.990     -0.373      0.493      0.157      0.339      0.323
26.2500      -29979.045   -29987.334        8.289   332.3      0.221      0.194     -0.556      0.088      0.259      0.355
26.3000      -29978.923   -29987.322        8.399   336.7      0.226     -1.278     -0.076      0.301      0.027     -0.146
26.3500      -29979.079   -29988.006        8.927   357.8     -0.916      0.153     -0.524      0.068      0.389     -0.364
26.4000      -29979.093   -29987.514        8.421   337.5     -0.471      0.125     -0.338     -0.497     -0.512     -0.294
26.4500      -29978.695   -29987.902        9.208   369.1     -0.181     -0.620     -0.470     -0.273     -0.320     -0.486
26.5000      -29978.874   -29988.146        9.272   371.7     -0.241     -0.229     -0.542      0.498     -0.402     -0.269
26.5500      -29978.710   -29987.449        8.740   350.3      0.139      0.156      0.036     -0.283      0.400      0.079
26.6000      -29979.237   -29987.633        8.396   336.6      0.399     -0.499     -0.584      0.084     -0.202      0.160
26.6500      -29979.450   -29988.418        8.968   359.5      0.249      1.113      0.309      0.105      0.059      0.036
26.7000      -29979.616   -29988.160        8.545   342.5     -0.248     -0.437      0.303      0.060      0.379      0.087
26.7500      -29979.847   -29988.006        8.159   327.1     -1.289     -0.389     -0.180      0.425     -0.162     -0.174
26.8000      -29980.104   -29988.865        8.761   351.2     -0.325     -0.408     -0.179     -0.028      0.741     -0.059
26.8500      -29981.087   -29989.158        8.071   323.5     -0.133     -0.278     -0.968      0.338     -0.480     -0.086
26.9000      -29980.366   -29988.926        8.559   343.1     -0.074      0.470     -0.782     -0.613     -0.333     -0.260
26.9500      -29980.481   -29989.137        8.656   347.0     -0.276     -0.834     -0.408      0.619     -0.342      0.291
27.0000      -29980.548   -29988.289        7.741   310.3     -1.121     -0.941     -0.898      0.413     -0.080     -0.566
27.0500      -29980.915   -29989.168        8.253   330.8     -0.222     -0.011     -0.818     -0.324     -0.078     -0.259
27.1000      -29981.355   -29989.436        8.080   323.9      0.400      0.673      0.086      0.091      0.093     -0.207
27.1500      -29980.937   -29989.359        8.423   337.6     -0.359     -0.052      0.259     -0.274      0.357     -0.044
27.2000      -29980.700   -29989.602        8.902   356.8     -0.536     -0.113     -1.041      0.512     -0.489     -0.334
27.2500      -29981.099   -29989.184        8.085   324.1     -0.898     -1.218     -0.076     -0.034      0.244      0.063
27.3000      -29980.670   -29988.445        7.775   311.7     -0.399     -1.257     -0.583      0.225     -0.111     -0.189
27.3500      -29980.659   -29989.242        8.583   344.1     -0.164      0.096     -0.172      0.322      0.303     -0.265
27.4000      -29980.707   -29988.592        7.885   316.1      0.613      0.001      0.099     -0.109     -0.283     -0.586
27.4500      -29981.176   -29989.834        8.658   347.1      0.135      0.001      0.400      0.424     -0.254     -0.976
27.5000      -29981.220   -29989.178        7.958   319.0     -0.652     -0.142     -0.199      0.461     -0.075     -0.221
27.5500      -29981.350   -29989.469        8.119   325.5     -0.833     -0.584     -0.397      0.389     -0.010      0.061
27.6000      -29981.276   -29989.326        8.050   322.7     -0.355      0.011      0.029      0.399     -0.511      0.397
27.6500      -29981.583   -29989.578        7.995   320.5     -0.610     -0.341     -0.265      0.345     -0.573      0.133
27.7000      -29981.666   -29989.117        7.451   298.7     -0.075     -1.442     -0.647     -0.059     -0.355     -0.575
27.7500      -29981.379   -29988.947        7.568   303.4     -0.092     -0.589     -0.634     -0.577     -0.327     -0.008
27.8000      -29981.589   -29989.662        8.073   323.6     -0.646      0.313      0.462     -0.019      0.134     -0.396
27.8500      -29981.381   -29989.441        8.060   323.1     -0.368      0.560      0.060      0.387     -0.329     -0.129
27.9000      -29980.969   -29989.600        8.631   346.0     -1.186     -0.892     -1.568      0.533     -0.600     -0.158
27.9500      -29981.424   -29989.916        8.492   340.4     -0.591     -1.657     -0.823      0.192      0.017     -0.470
28.0000      -29981.551   -29990.246        8.695   348.5     -0.225     -0.776     -0.666     -0.160     -0.281      0.418
28.0500      -29981.620   -29990.301        8.681   348.0     -1.726     -0.295     -0.747     -0.357      0.348     -0.006
28.1000      -29982.135   -29989.988        7.853   314.8     -0.049     -0.062     -0.109      0.134      0.234      0.368
28.1500      -29982.224   -29989.650        7.426   297.7      0.468      0.251     -0.164      0.441     -0.119     -0.406
28.2000      -29981.478   -29989.781        8.303   332.8     -0.954     -0.157      0.581     -0.104     -0.088      0.017
28.2500      -29981.856   -29989.770        7.914   317.2     -0.328     -0.878     -0.593     -0.136      0.767      0.588
28.3000      -29981.598   -29989.164        7.566   303.3     -0.652     -0.283     -0.058     -0.104     -0.337     -0.666
28.3500      -29981.266   -29989.043        7.777   311.7     -0.545      0.326     -0.109      0.272     -0.373     -0.460
28.4000      -29981.387   -29989.359        7.973   319.6      0.136     -0.958     -0.851      0.107     -0.023     -0.262
28.4500      -29980.992   -29989.203        8.211   329.2     -0.162      0.067      0.617      0.002      0.268     -0.384
28.5000      -29981.317   -29989.729        8.411   337.2     -0.154     -0.680     -0.507     -0.232     -0.608     -0.125
28.5500      -29981.106   -29989.404        8.298   332.6     -0.109     -1.113     -0.388      0.368      0.430      0.594
28.6000      -29981.651   -29989.902        8.251   330.7     -0.870     -0.359     -0.904     -0.019     -0.464     -0.382
28.6500      -29981.726   -29989.443        7.718   309.4     -0.300      0.269      0.730     -0.437      0.112      0.049
28.7000      -29981.835   -29989.797        7.962   319.1     -0.945      0.414      0.036      0.385      0.154     -0.316
28.7500      -29982.198   -29990.137        7.939   318.2      0.264     -0.244     -0.708      0.091      0.198     -0.852
28.8000      -29982.268   -29990.312        8.045   322.5     -1.217     -0.383     -0.022      0.229      0.150     -0.201
28.8500      -29981.559   -29990.014        8.454   338.9     -0.620     -1.035     -1.472     -0.289      0.184     -0.139
28.9000      -29981.051   -29989.936        8.885   356.1     -1.078     -1.182     -1.000     -0.043      0.092     -0.077
28.9500      -29980.796   -29989.691        8.896   356.6     -0.840     -1.306     -0.749     -0.100      0.046     -0.359
29.0000      -29981.412   -29989.727        8.314   333.3     -0.678     -1.077     -0.175     -0.210      0.131      0.210
29.0500      -29981.121   -29989.740        8.620   345.5     -0.674     -1.036     -0.050      0.211      0.212     -0.179
29.1000      -29981.325   -29990.098        8.773   351.7      0.464      0.129      0.661      0.479      0.495      0.053
29.1500      -29981.536   -29989.680        8.143   326.4      0.237     -0.083      0.533     -0.120      0.386     -0.255
29.2000      -29981.209   -29989.559        8.350   334.7     -0.255     -0.401     -0.417      0.374      0.385      0.381
29.2500      -29981.240   -29989.723        8.482   340.0     -0.357      0.629     -0.632     -0.078      0.106     -0.014
29.3000      -29980.772   -29988.693        7.921   317.5     -0.720     -0.231     -0.526     -0.209      0.013      0.082
29.3500      -29980.480   -29988.861        8.381   336.0     -1.202     -0.223     -0.245     -0.026     -0.667      0.202
29.4000      -29980.082   -29988.365        8.283   332.0     -0.324      0.471     -0.603     -0.127      0.469     -0.397
29.4500      -29980.505   -29988.758        8.253   330.8      0.413     -0.645     -0.050     -0.415     -0.006      0.024
29.5000      -29980.471   -29988.828        8.357   335.0     -0.550     -1.478     -0.867     -0.207     -0.005     -0.190
29.5500      -29980.641   -29988.477        7.836   314.1      0.251     -0.744     -0.013      0.348     -0.022      0.283
29.6000      -29980.723   -29988.479        7.755   310.9     -0.425      0.084     -0.158      0.564     -0.131     -0.418
29.6500      -29981.130   -29988.822        7.693   308.4      0.125     -0.697     -0.108     -0.462      0.191     -0.215
29.7000      -29981.072   -29988.783        7.711   309.1     -0.885     -0.812     -0.297      0.508      0.163      0.594
29.7500      -29981.156   -29989.082        7.926   317.7      0.084      0.131     -0.122     -0.113     -0.582      0.068
29.8000      -29981.390   -29989.334        7.944   318.4     -0.415      0.551     -0.329      0.415      0.263     -0.534
29.8500      -29981.343   -29989.791        8.448   338.6     -0.350     -0.085     -0.023      0.027      0.102     -0.006
29.9000      -29981.256   -29989.715        8.459   339.1     -0.385     -0.739     -0.055      0.280     -0.186     -0.039
29.9500      -29980.998   -29989.439        8.442   338.4     -0.651     -1.381     -0.019     -0.850      0.102      0.226
30.0000      -29980.930   -29989.252        8.322   333.6     -0.515     -0.696      0.613      0.076     -0.779     -0.199
30.0500      -29981.091   -29988.699        7.609   305.0      0.026     -0.433     -0.045      0.580      0.233      0.715
30.1000      -29981.667   -29989.975        8.307   333.0      0.071     -0.726     -0.529      0.536      0.046     -0.480
30.1500      -29981.679   -29989.756        8.077   323.8     -0.034      0.094     -0.529      0.410     -0.338     -0.224
30.2000      -29982.346   -29990.326        7.980   319.9      0.334     -0.611     -0.480     -0.443     -0.334     -0.030
30.2500      -29982.034   -29989.760        7.725   309.7     -1.318     -0.553     -1.900      0.592      0.300     -0.173
30.3000      -29981.562   -29989.621        8.059   323.0     -0.806     -1.065     -1.393     -0.099     -0.458      0.099
30.3500      -29981.942   -29989.818        7.877   315.7     -0.819      0.550      0.117     -0.490     -0.241     -0.412
30.4000      -29982.195   -29989.984        7.789   312.2      0.275     -0.597     -0.227      0.059      0.258     -0.615
30.4500      -29982.151   -29989.648        7.497   300.5     -1.300     -0.918     -1.289      0.240     -0.230      0.179
30.5000      -29982.050   -29989.549        7.499   300.6     -0.850     -1.055      0.024      0.426     -0.723     -0.097
30.5500      -29981.798   -29989.859        8.061   323.1     -0.114     -1.147     -0.657      0.167      0.012      0.390
30.6000      -29982.192   -29989.695        7.503   300.8     -0.683      0.221     -0.367     -0.113     -0.368     -0.160
30.6500      -29982.155   -29990.434        8.279   331.8     -0.776     -0.233      0.004     -0.165     -0.048      0.306
30.7000      -29982.288   -29989.621        7.333   294.0     -0.764     -0.278     -0.514      0.162      0.585     -0.527
30.7500      -29982.261   -29990.576        8.315   333.3      0.092     -0.991     -0.261      0.345     -0.504     -0.497
30.8000      -29982.176   -29990.426        8.250   330.7     -0.310     -0.426      0.200      0.043     -0.468     -0.064
30.8500      -29983.093   -29990.438        7.345   294.4     -0.074      0.074     -0.529      0.067     -0.353      0.123
30.9000      -29983.040   -29990.400        7.361   295.1     -1.041     -1.226     -0.997      0.346     -0.128     -0.421
30.9500      -29982.768   -29990.893        8.125   325.7     -0.519     -0.139     -0.077     -0.256      0.361      0.229
31.0000      -29983.135   -29990.502        7.367   295.3      0.772     -0.653     -0.185     -0.365     -0.134     -0.142
31.0500      -29982.859   -29990.834        7.975   319.7     -0.445     -0.650     -0.022      0.274     -0.031     -0.077
31.1000      -29982.301   -29990.752        8.451   338.8     -0.667     -0.339     -0.622      0.310     -0.143     -0.118
31.1500      -29982.146   -29990.373        8.227   329.8     -0.222     -0.371     -1.216     -0.250     -0.277     -0.527
31.2000      -29982.224   -29989.648        7.424   297.6     -1.472     -1.383     -1.797      0.149      0.388     -1.024
31.2500      -29982.188   -29989.838        7.650   306.6     -1.610     -1.561     -0.679      0.458      0.524      0.047
31.3000      -29982.549   -29990.865        8.316   333.3     -0.219     -0.624     -0.396      0.280      0.049     -0.391
31.3500      -29982.334   -29990.338        8.004   320.8      0.580      1.171      0.102     -0.078     -0.344     -0.202
31.4000      -29981.915   -29989.619        7.705   308.8      0.331     -0.068     -1.202     -0.135     -0.457      0.277
31.4500      -29981.835   -29990.213        8.378   335.8     -0.636      0.969      0.053      0.239     -0.157     -0.476
31.5000      -29981.765   -29989.303        7.538   302.1      1.329      0.481     -0.225     -0.457     -0.043      0.477
31.5500      -29981.651   -29989.627        7.976   319.7     -0.666     -0.031     -0.773      0.393      0.089     -0.394
31.6000      -29982.358   -29990.145        7.786   312.1     -0.072     -0.511     -0.533      0.160     -0.470      0.016
31.6500      -29982.082   -29989.869        7.787   312.1     -0.342      0.042     -0.975      0.021      0.106      0.406
31.7000      -29982.232   -29990.275        8.044   322.4      0.012     -0.309     -0.248     -0.098     -0.192      0.018
31.7500      -29982.530   -29989.793        7.263   291.2     -0.101     -0.254     -0.445     -0.395      0.577     -0.104
31.8000      -29982.367   -29990.320        7.953   318.8     -0.822      0.127     -1.683     -0.246      0.172      0.259
31.8500      -29982.315   -29990.414        8.099   324.6     -0.572     -0.501     -0.742     -0.308     -0.067      0.567
31.9000      -29982.499   -29990.857        8.358   335.0     -0.718      0.176     -0.628     -0.481     -0.330     -0.105
31.9500      -29982.081   -29990.297        8.216   329.3     -0.911     -0.290     -0.774     -0.010      0.180     -0.126
32.0000      -29982.031   -29989.740        7.710   309.0     -0.900     -0.297     -0.155     -0.032     -0.179     -0.994
32.0500      -29982.245   -29990.393        8.148   326.6     -1.111     -1.042     -1.107     -0.179      0.313      0.102
32.1000      -29982.381   -29990.410        8.029   321.9      0.104     -0.115     -0.458      0.331     -0.012      0.023
32.1500      -29982.425   -29990.469        8.044   322.4     -0.977     -0.570     -0.791      0.049      0.295     -0.076
32.2000      -29982.221   -29990.830        8.609   345.1     -0.581      0.508     -1.063     -0.142      0.373      0.167
32.2500      -29981.832   -29990.814        8.982   360.0     -0.268      0.424      0.345     -0.176     -0.003      0.001
32.3000      -29981.590   -29990.217        8.627   345.8     -1.169     -1.557     -0.381     -0.099     -0.099     -0.177
32.3500      -29981.144   -29989.369        8.226   329.7     -0.511     -0.207      0.220      0.621     -0.350      0.024
32.4000      -29980.902   -29989.219        8.317   333.4     -0.113     -1.001     -0.348     -0.037     -0.081     -0.578
32.4500      -29981.443   -29989.615        8.172   327.6     -0.766     -0.644     -0.548      0.697     -0.402     -0.373
32.5000      -29981.518   -29989.895        8.377   335.8     -1.386     -1.031     -0.499     -0.195     -0.363      0.140
32.5500      -29981.538   -29990.086        8.548   342.6      0.193     -0.518     -0.340      0.504      0.156      0.135
32.6000      -29981.398   -29989.049        7.651   306.7     -0.758      0.401     -0.752      0.556     -0.196      0.277
32.6500      -29981.129   -29989.322        8.194   328.4     -1.517     -0.222     -0.684      0.143      0.663      0.595
32.7000      -29981.239   -29989.682        8.443   338.4     -0.329     -0.249     -0.557     -0.691     -0.339      0.017
32.7500      -29981.149   -29989.234        8.085   324.1     -0.016     -1.171     -0.166      0.054      0.340     -0.374
32.8000      -29981.028   -29989.229        8.200   328.7     -0.112     -0.939     -0.106      0.065     -0.761      0.048
32.8500      -29981.167   -29989.438        8.270   331.5      0.591     -0.562     -0.654     -0.040     -0.605     -0.503
32.9000      -29980.774   -29989.131        8.357   335.0     -0.349     -1.246      0.178     -0.202      0.357      0.568
32.9500      -29980.789   -29988.668        7.879   315.8     -0.314     -0.010      0.312      0.493     -0.679     -0.175
33.0000      -29980.520   -29989.225        8.704   348.9     -1.001     -2.666     -1.565     -0.477      0.185     -0.153
33.0500      -29980.243   -29989.111        8.869   355.5     -0.253     -0.559      0.071      0.015      0.169      0.995
33.1000      -29980.678   -29988.508        7.830   313.9      0.767     -0.287     -0.395      0.203      0.023     -0.375
33.1500      -29980.849   -29988.223        7.374   295.6      0.042      0.969     -0.006      0.539     -0.031      0.684
33.2000      -29980.291   -29989.338        9.047   362.6      0.741     -0.080      0.255     -0.299      0.698     -0.132
33.2500      -29980.015   -29989.166        9.151   366.8     -1.272     -0.745     -0.632      0.016     -0.076      0.572
33.3000      -29980.376   -29989.057        8.680   348.0     -0.920     -1.562     -1.148      0.694     -0.090      0.133
33.3500      -29980.661   -29989.375        8.714   349.3      0.038     -0.225     -0.456     -0.006     -0.230     -0.158
33.4000      -29979.948   -29988.588        8.639   346.3     -1.181     -0.095     -0.249      0.272      0.256     -0.257
33.4500      -29979.748   -29988.344        8.596   344.6      0.028     -0.430     -0.504     -0.127     -0.702      0.510
33.5000      -29979.845   -29988.752        8.907   357.0     -0.823      0.534      0.298     -0.594      0.209      0.183
33.5500      -29979.804   -29988.430        8.625   345.7      0.250     -0.396     -0.228      0.339     -0.194      0.239
33.6000      -29979.442   -29988.512        9.070   363.6     -0.191      0.548     -0.791     -0.341     -0.303     -0.178
33.6500      -29979.293   -29988.893        9.599   384.8     -0.786     -1.391     -0.443     -0.313      0.360     -0.002
33.7000      -29979.539   -29987.980        8.442   338.4     -1.461     -0.918     -1.084      0.297      0.088     -0.661
33.7500      -29979.187   -29988.502        9.315   373.4      0.386     -0.086     -0.066      0.630     -1.093      0.137
33.8000      -29979.242   -29987.676        8.433   338.1     -0.806     -0.061     -0.169     -0.314      0.244      0.253
33.8500      -29979.378   -29988.131        8.753   350.9     -1.197     -0.651     -0.305     -0.046      0.169     -0.358
33.9000      -29979.403   -29987.621        8.218   329.4     -1.207     -0.450     -0.126     -0.036     -0.977     -0.153
33.9500      -29979.500   -29987.389        7.888   316.2     -1.192     -1.114     -0.774     -0.378      0.328     -0.245
34.0000      -29979.660   -29988.061        8.401   336.7     -0.765     -1.104     -0.900      0.396      0.172      0.261
34.0500      -29980.300   -29988.408        8.108   325.0     -0.340     -1.276     -0.347     -0.027     -0.334      0.426
34.1000      -29979.715   -29988.518        8.803   352.9     -0.201     -0.939     -0.276     -0.155     -0.714     -0.220
34.1500      -29980.080   -29988.055        7.975   319.7      0.570      0.648     -0.296      0.280     -0.117      0.114
34.2000      -29979.796   -29988.207        8.411   337.2      0.261     -0.619     -0.368     -0.015     -0.110     -0.353
34.2500      -29980.114   -29988.512        8.398   336.6     -0.090     -0.011     -0.253     -0.216      0.164      0.284
34.3000      -29980.444   -29988.451        8.007   321.0      0.335      0.138      0.279      0.124      0.628      0.186
34.3500      -29980.691   -29988.646        7.955   318.9     -1.031     -1.707     -0.899     -0.362      0.003      0.291
34.4000      -29980.486   -29988.422        7.936   318.1      0.265     -0.488      0.008     -0.182      0.639      0.471
34.4500      -29980.518   -29987.857        7.339   294.2     -0.570     -0.864     -0.857     -0.129     -0.033      0.230
34.5000      -29979.869   -29988.141        8.272   331.6     -0.049     -0.605     -0.353      0.385     -0.198      0.158
34.5500      -29979.806   -29988.037        8.231   329.9     -1.225     -0.521     -1.025     -0.513     -0.190      0.694
34.6000      -29979.970   -29988.088        8.117   325.4     -0.338     -0.819     -0.997      0.600     -0.030      0.440
34.6500      -29979.514   -29987.668        8.154   326.8     -0.914     -0.998      0.402      0.516     -0.286      0.503
34.7000      -29979.440   -29987.820        8.380   335.9     -0.606     -0.509     -0.988     -0.129      0.362      0.010
34.7500      -29979.198   -29988.629        9.431   378.1      0.188      0.126     -0.575      0.546      0.333     -0.080
34.8000      -29979.813   -29987.645        7.831   313.9      0.357     -0.151      0.493      0.270      0.229      0.771
34.8500      -29979.759   -29988.207        8.448   338.6     -0.410     -0.091     -0.276     -0.134     -0.020     -0.220
34.9000      -29979.601   -29988.422        8.821   353.6     -0.364      0.432     -0.349     -0.447      0.138     -0.061
34.9500      -29979.891   -29987.777        7.886   316.1     -0.310      0.408     -0.030      0.100      0.170     -0.230
35.0000      -29980.068   -29988.512        8.444   338.5      0.386     -0.455      0.359     -0.072      0.017      0.341
35.0500      -29979.844   -29988.012        8.168   327.4     -1.139     -0.936     -0.165      0.068     -0.509     -0.509
35.1000      -29979.905   -29988.896        8.991   360.4     -0.071     -0.588      0.192     -0.652     -0.160     -0.545
35.1500      -29980.010   -29988.049        8.039   322.2     -0.035     -0.332     -1.005     -0.186      0.156      0.074
35.2000      -29979.809   -29988.504        8.695   348.5     -0.674     -1.721     -0.294      0.180      0.069      0.045
35.2500      -29980.725   -29989.137        8.411   337.2     -0.575      0.759     -0.240      0.439     -0.232     -0.282
35.3000      -29980.542   -29988.717        8.174   327.7      0.133     -0.116      0.044      0.046     -0.029     -0.532
35.3500      -29980.445   -29989.326        8.881   356.0     -0.609     -0.523     -0.545      0.024     -0.022      0.702
35.4000      -29980.404   -29988.475        8.071   323.5     -0.753     -0.432      0.102      0.861     -0.270     -0.425
35.4500      -29980.510   -29988.496        7.986   320.1     -0.403     -0.141     -0.223     -0.512     -0.000      0.272
35.5000      -29980.177   -29988.430        8.253   330.8     -0.492     -0.462     -0.269      0.163      0.364     -0.679
35.5500      -29980.325   -29988.475        8.150   326.7     -0.043     -0.497      0.511     -0.265     -0.537      0.132
35.6000      -29980.865   -29988.914        8.049   322.6     -0.139      0.101     -0.687      0.070     -0.500     -0.189
35.6500      -29980.969   -29988.994        8.025   321.7     -0.603     -0.355     -0.564      0.588     -0.169      0.348
35.7000      -29980.663   -29988.863        8.200   328.7     -0.163     -0.638     -0.233     -0.288      0.303      0.084
35.7500      -29981.010   -29989.188        8.177   327.8     -0.519     -0.226     -0.817     -0.275      0.130      0.273
35.8000      -29980.417   -29988.740        8.323   333.6     -1.073     -0.487     -0.332     -0.247     -0.118      0.089
35.8500      -29980.552   -29989.432        8.880   355.9      0.108     -0.236      0.251      0.109     -0.187      0.279
35.9000      -29980.034   -29988.887        8.853   354.9     -0.398     -0.314     -0.374      0.585      0.012      0.104
35.9500      -29979.009   -29988.301        9.291   372.4     -0.080     -0.069     -0.793      0.265     -0.636     -0.676
36.0000      -29979.247   -29987.658        8.411   337.2     -0.478     -0.249      0.603      0.138      0.262      0.509
36.0500      -29979.730   -29988.258        8.528   341.8      0.153      0.693      0.764     -0.063     -0.501     -0.524
36.1000      -29979.738   -29988.043        8.305   332.9      0.454     -0.126     -0.679     -0.197      0.047      0.417
36.1500      -29979.514   -29988.523        9.010   361.1     -0.468      0.577     -0.283     -0.173     -0.016      0.334
36.2000      -29979.562   -29988.502        8.940   358.4     -0.301     -0.435     -0.553      0.596     -0.444      0.475
36.2500      -29979.599   -29988.199        8.600   344.7     -0.943     -0.162     -0.424      0.242      0.156      0.027
36.3000      -29979.143   -29987.977        8.834   354.1     -0.383     -1.188     -0.034     -0.621      0.179     -0.157
36.3500      -29979.263   -29987.914        8.651   346.8     -0.289      0.646     -0.398      0.291      0.660      0.097
36.4000      -29979.627   -29987.379        7.752   310.8      1.002     -0.405     -1.213      0.077      0.098     -0.723
36.4500      -29979.595   -29988.312        8.718   349.4     -0.127      0.406      0.504      0.502      0.294      0.689
36.5000      -29979.823   -29988.205        8.382   336.0     -0.228     -0.080     -0.648     -0.611      0.609      0.239
36.5500      -29980.106   -29988.502        8.396   336.6      0.601      0.732     -0.411      0.316     -0.589      0.000
36.6000      -29979.905   -29988.268        8.362   335.2     -0.863     -0.443      0.154     -0.517     -0.106      0.024
36.6500      -29979.685   -29987.939        8.255   330.9     -0.074     -0.939     -0.150      0.248     -0.515      0.202
36.7000      -29979.469   -29987.676        8.207   329.0      0.271     -0.209     -0.288      0.160      0.455      0.559
36.7500      -29979.990   -29987.600        7.610   305.0      0.378     -0.265      0.654      0.305      0.369     -0.158
36.8000      -29979.773   -29987.980        8.207   329.0      0.015      0.386     -0.460     -0.409      0.082      0.155
36.8500      -29980.255   -29988.129        7.874   315.6     -1.524     -0.628      0.171      0.241      0.227     -0.289
36.9000      -29980.347   -29989.084        8.737   350.2     -0.992     -0.443      0.237      0.043     -0.325      0.248
36.9500      -29979.886   -29988.469        8.583   344.1     -0.772     -0.222     -0.076      0.319      0.360      0.502
37.0000      -29980.219   -29989.283        9.065   363.4      0.948     -0.105      0.619     -0.347      0.437     -0.044
37.0500      -29980.371   -29988.580        8.209   329.1      0.076     -0.024     -0.592      0.660     -0.216     -0.055
37.1000      -29980.167   -29988.330        8.163   327.2     -0.885     -0.767      0.046      0.188     -0.186      0.349
37.1500      -29980.364   -29989.225        8.860   355.2      1.567      0.294      0.498      0.214      0.184      0.014
37.2000      -29980.238   -29988.195        7.958   319.0     -0.551      0.150     -0.829     -0.416      0.065      0.211
37.2500      -29980.037   -29989.207        9.170   367.6     -0.112      0.477     -0.197      0.312     -0.328     -0.142
37.3000      -29980.398   -29988.656        8.259   331.0      0.263      0.051     -0.872      0.159      0.020      0.118
37.3500      -29980.401   -29988.691        8.290   332.3      0.125      0.074     -0.198     -0.388     -0.188      0.130
37.4000      -29980.487   -29988.211        7.724   309.6     -0.426     -0.478     -0.177      0.570      0.367      0.064
37.4500      -29980.247   -29988.279        8.033   322.0     -0.149      0.235     -0.485     -0.854      0.130      0.359
37.5000      -29980.181   -29988.006        7.825   313.7     -0.135     -0.749     -0.290      0.434      0.369     -0.164
37.5500      -29980.266   -29988.393        8.127   325.8     -0.471     -0.612     -0.523     -0.625      0.307     -0.378
37.6000      -29980.500   -29988.498        7.998   320.6     -0.455     -0.209     -0.572     -0.172     -0.627      0.067
37.6500      -29981.120   -29989.613        8.493   340.5     -0.190     -0.049      0.006      0.025      0.595     -0.058
37.7000      -29981.359   -29988.916        7.557   302.9     -0.560     -0.684     -0.024      0.409     -0.106     -0.031
37.7500      -29981.176   -29988.875        7.699   308.6     -0.350      0.494     -1.045     -0.154     -0.002      0.024
37.8000      -29981.082   -29988.467        7.385   296.0     -0.931     -0.689      0.173      0.839     -0.135      0.236
37.8500      -29980.896   -29988.428        7.532   301.9     -1.607     -0.132     -0.989      0.577     -0.306      0.088
37.9000      -29980.299   -29988.113        7.815   313.2     -0.932     -0.475     -0.069     -0.405     -0.048      0.279
37.9500      -29980.574   -29988.828        8.254   330.8     -0.434      0.227     -0.205      0.097      0.501     -0.071
38.0000      -29980.281   -29988.838        8.557   343.0     -0.343     -1.055      0.021     -0.270      0.401      0.000
38.0500      -29980.265   -29989.162        8.897   356.6     -0.471     -0.545     -0.482      0.089     -0.414      0.549
38.1000      -29980.223   -29988.855        8.633   346.0      0.033     -0.486      0.169     -0.493      0.323     -0.027
38.1500      -29980.768   -29989.021        8.254   330.8     -1.508     -1.044      0.963      0.070     -0.348      0.537
38.2000      -29981.009   -29989.637        8.627   345.8      0.161     -1.068     -0.503      0.694      0.020      0.279
38.2500      -29980.890   -29989.182        8.291   332.4     -0.246      1.276     -0.721     -0.298      0.076     -0.141
38.3000      -29980.920   -29988.537        7.617   305.3      0.375     -0.756     -0.590      0.622      0.038      0.213
38.3500      -29980.760   -29988.766        8.006   320.9     -0.768     -0.612     -0.540     -0.900      0.152      0.598
38.4000      -29980.525   -29988.434        7.908   317.0     -0.484     -1.196     -0.369      0.058      0.344      0.051
38.4500      -29980.151   -29988.311        8.160   327.1     -0.204      0.414      0.006     -0.176     -0.548     -0.241
38.5000      -29980.506   -29988.523        8.017   321.4      0.520      0.446      0.198      0.179     -0.397     -0.622
38.5500      -29980.554   -29988.576        8.022   321.6     -0.600     -0.678     -0.575      0.377     -0.127      0.531
38.6000      -29980.910   -29988.811        7.901   316.7      0.204     -0.288      0.225      0.010     -0.194     -0.277
38.6500      -29981.318   -29989.379        8.061   323.1     -0.476      0.413     -0.727     -0.010      0.178     -0.124
38.7000      -29980.979   -29988.922        7.943   318.4      0.313      0.256      0.747      0.285      0.013     -0.011
38.7500      -29980.812   -29989.092        8.280   331.9      0.482     -0.533     -0.711      0.213      0.041     -0.374
38.8000      -29980.698   -29989.092        8.394   336.5      0.568      0.207      0.301     -0.585      0.028      0.164
38.8500      -29980.432   -29988.703        8.271   331.5     -1.045     -1.222     -1.083     -0.062     -0.115     -0.345
38.9000      -29980.351   -29988.691        8.341   334.3     -0.391     -0.786     -0.263     -1.207     -0.055     -0.028
38.9500      -29980.460   -29988.705        8.245   330.5     -0.402     -0.753      0.061      0.091     -0.206     -0.073
39.0000      -29980.586   -29989.066        8.480   339.9     -0.483     -0.991     -0.626     -0.173     -0.285     -0.832
39.0500      -29980.567   -29988.953        8.386   336.2     -0.079     -0.951     -0.132     -0.093     -0.071      0.460
39.1000      -29980.317   -29988.553        8.236   330.1     -1.185     -0.790     -0.043     -0.625     -0.081      0.217
39.1500      -29979.800   -29987.861        8.061   323.1     -0.106     -0.316     -0.098     -0.104      0.939      0.417
39.2000      -29979.730   -29988.832        9.102   364.9     -0.026     -0.750     -2.001     -0.580     -0.457     -0.249
39.2500      -29979.745   -29989.117        9.372   375.7     -1.020     -1.716     -0.308      0.268      0.170      0.509
39.3000      -29979.380   -29988.455        9.075   363.8     -0.626     -1.125     -0.763     -0.744      0.083     -0.758
39.3500      -29979.805   -29989.107        9.303   372.9     -0.348     -0.100     -0.062      0.123     -0.185      0.003
39.4000      -29979.653   -29987.359        7.706   308.9     -0.187     -0.289     -1.209     -0.033      0.257     -0.383
39.4500      -29979.302   -29987.980        8.679   347.9     -0.247     -1.126     -0.509     -0.392     -0.605     -0.101
39.5000      -29979.284   -29987.746        8.462   339.2     -0.467     -0.712     -0.807     -0.052      0.066      0.376
39.5500      -29979.316   -29987.959        8.643   346.5      0.115      0.327      0.059     -0.509      0.431     -0.074
39.6000      -29979.653   -29988.473        8.819   353.5      0.630     -0.074     -0.715     -0.074     -0.373      0.274
39.6500      -29979.523   -29988.543        9.020   361.6     -0.964     -0.859     -0.992     -0.207     -0.022     -0.392
39.7000      -29979.914   -29988.402        8.489   340.3      0.297      0.039     -1.166     -0.176     -0.131     -0.080
39.7500      -29979.945   -29988.672        8.727   349.8     -0.833     -0.357      0.055      0.463      0.534     -0.819
39.8000      -29980.077   -29988.428        8.351   334.8      0.528     -0.243      0.146      0.291      0.553      0.184
39.8500      -29980.576   -29988.725        8.148   326.6     -0.253     -1.051     -0.000      0.217      0.509      0.617
39.9000      -29980.416   -29988.586        8.170   327.5     -0.792     -0.389     -0.789      0.566      0.478     -0.977
39.9500      -29980.398   -29988.324        7.926   317.7      0.621     -0.019      0.863      0.086     -0.392     -0.130
40.0000      -29980.398   -29988.566        8.169   327.4     -0.345      0.171     -0.122      0.153     -0.361     -0.035
40.0500      -29980.464   -29988.016        7.552   302.7     -1.143     -0.707     -0.487      0.146     -0.229      0.340
40.1000      -29980.138   -29988.668        8.530   341.9     -0.311     -1.113     -0.875     -0.658      0.023      0.337
40.1500      -29980.289   -29988.830        8.541   342.3      0.415     -0.031     -0.549     -0.392      0.030     -1.176
40.2000      -29979.976   -29988.521        8.546   342.6      0.196      0.069     -0.331     -0.401     -0.042      0.419
40.2500      -29979.786   -29988.727        8.941   358.4      0.636      0.812     -0.331      0.433      0.237     -0.347
40.3000      -29979.803   -29988.361        8.558   343.0     -1.241     -0.119     -0.346      0.192      0.159      0.285
40.3500      -29979.116   -29988.551        9.434   378.2     -0.397     -0.171     -0.322      0.114      0.270      0.007
40.4000      -29979.100   -29988.195        9.095   364.6     -1.612     -1.079     -1.546      0.033      0.443     -0.010
40.4500      -29979.206   -29987.799        8.593   344.4     -0.647      0.371      0.369      0.048      0.237      0.029
40.5000      -29979.300   -29987.590        8.290   332.3     -0.309     -0.310      0.275      0.017      0.324      0.731
40.5500      -29979.065   -29987.318        8.253   330.8     -0.275     -0.670     -0.691     -0.610      0.270     -0.334
40.6000      -29979.154   -29987.484        8.330   333.9     -0.680     -1.278     -0.526      0.143      0.292     -0.313
40.6500      -29979.032   -29988.059        9.026   361.8      1.186      1.355      0.190     -0.091      0.072      0.347
40.7000      -29978.976   -29988.699        9.723   389.7     -0.969     -0.458      0.354      0.277      0.247      0.138
40.7500      -29978.620   -29988.768       10.148   406.8     -1.726     -0.136     -0.606      0.310     -0.252     -0.111
40.8000      -29979.002   -29987.230        8.228   329.8     -0.382     -0.309      0.183     -0.184      0.063      1.038
40.8500      -29978.670   -29987.684        9.014   361.3      0.457     -0.151     -0.765      0.350      0.297     -0.328
40.9000      -29978.963   -29987.346        8.383   336.0      0.190     -0.463     -0.075     -0.333     -0.026     -0.690
40.9500      -29979.658   -29987.434        7.776   311.7     -0.329     -0.276      0.283     -0.111     -0.109      0.002
41.0000      -29979.726   -29988.156        8.430   337.9     -0.796      0.329     -0.571      0.028      0.084      0.551
41.0500      -29979.795   -29987.932        8.137   326.2     -0.832     -0.208     -1.088     -0.101     -0.162      0.299
41.1000      -29979.841   -29987.732        7.891   316.3     -1.269     -0.645     -0.050      0.653     -0.677     -0.030
41.1500      -29979.983   -29988.719        8.736   350.2     -0.534     -0.478     -0.926      0.456      0.426     -0.297
41.2000      -29979.876   -29988.631        8.755   350.9     -1.321     -1.104     -0.291      0.108      0.317      0.097
41.2500      -29980.241   -29988.045        7.804   312.8      0.224     -0.201     -0.836      0.731      0.271     -0.125
41.3000      -29980.267   -29988.539        8.272   331.6     -0.541     -1.539     -0.818      0.224     -0.363     -0.150
41.3500      -29979.550   -29987.686        8.136   326.1     -0.595      0.401     -0.449      0.118      0.031      0.140
41.4000      -29979.462   -29988.182        8.720   349.5     -0.503     -0.515     -0.094     -0.213      0.253      0.157
41.4500      -29979.837   -29987.096        7.259   291.0     -0.624     -0.399     -0.254      0.161     -0.059     -0.566
41.5000      -29980.072   -29988.479        8.407   337.0      0.337      0.056      0.594      0.180      0.178      0.413
41.5500      -29979.180   -29987.381        8.201   328.7     -0.932      0.600     -0.548      0.138     -0.059      0.489
41.6000      -29978.961   -29987.045        8.084   324.0     -0.363     -1.176      1.120     -0.088      0.078     -0.753
41.6500      -29978.792   -29987.209        8.417   337.4     -0.289     -0.205      0.928      0.549     -0.223      0.158
41.7000      -29979.416   -29987.775        8.360   335.1     -0.901     -0.157     -0.134      0.640     -0.362     -0.208
41.7500      -29979.703   -29988.027        8.325   333.7     -0.664     -0.610     -1.351     -0.354     -0.080      0.027
41.8000      -29979.509   -29989.182        9.673   387.7     -0.794     -0.769     -0.101     -0.345     -0.024     -0.297
41.8500      -29978.948   -29988.076        9.128   365.9     -0.242     -0.474     -0.217     -0.638      0.042     -0.198
41.9000      -29979.544   -29987.809        8.264   331.3      0.026     -0.393     -0.572     -0.370     -0.378     -0.507
41.9500      -29979.681   -29988.654        8.973   359.7     -0.142     -1.150      0.009     -0.332      0.526     -0.025
42.0000      -29979.377   -29987.752        8.375   335.7      0.539      0.278      0.811     -0.101      0.189      1.071
42.0500      -29979.223   -29987.500        8.277   331.8     -0.158      0.106      0.241     -0.307      0.399      0.033
42.1000      -29979.396   -29988.199        8.803   352.9     -0.195      0.293     -0.329     -0.402     -0.028     -0.491
42.1500      -29978.745   -29987.746        9.001   360.8     -0.099     -0.710     -0.573      0.395      0.239      0.357
42.2000      -29978.931   -29987.381        8.450   338.7     -1.243     -0.134      0.297      0.642      0.449     -0.499
42.2500      -29978.805   -29987.729        8.923   357.7      0.903      0.152     -0.865     -0.079     -0.449      0.397
42.3000      -29979.320   -29987.680        8.360   335.1     -0.574      0.535      0.269     -0.394     -0.243      0.656
42.3500      -29978.725   -29987.580        8.855   355.0      0.056     -1.633     -0.257      0.224     -0.089     -0.378
42.4000      -29979.132   -29987.783        8.651   346.8     -0.071      0.191      0.136     -0.132     -0.139      0.097
42.4500      -29978.694   -29986.877        8.183   328.0      0.762      0.598     -0.074     -0.134      0.419      0.291
42.5000      -29978.920   -29988.152        9.232   370.1     -1.238     -0.477     -0.232      0.399      0.321     -0.182
42.5500      -29978.572   -29987.566        8.995   360.5     -0.772     -0.473     -0.799     -0.620      0.287      0.068
42.6000      -29978.598   -29987.395        8.797   352.6     -1.218     -0.570     -0.295      0.517     -0.108     -0.047
42.6500      -29978.264   -29987.650        9.386   376.2     -0.551     -0.018      0.478     -0.238      0.075      0.145
42.7000      -29978.401   -29987.314        8.914   357.3     -0.647     -1.313     -0.050      0.078      0.176     -0.009
42.7500      -29978.253   -29987.820        9.567   383.5     -0.456     -0.999     -1.522     -0.775      0.152     -0.007
42.8000      -29977.747   -29987.178        9.431   378.0     -0.563     -0.215      0.282      0.485      0.060      0.189
42.8500      -29977.872   -29986.871        8.999   360.7      0.659     -0.108      0.865      0.576      0.131     -0.001
42.9000      -29977.818   -29987.299        9.481   380.0      0.463      0.032     -0.037      0.201     -0.318     -0.228
42.9500      -29977.998   -29987.029        9.032   362.0     -0.190     -0.014     -1.065     -0.258     -0.066     -0.572
43.0000      -29978.415   -29986.924        8.509   341.1      0.640      0.288      0.255     -0.279      0.212     -0.014
43.0500      -29978.685   -29988.326        9.641   386.5     -0.083      0.203     -0.578     -0.205     -0.353     -0.020
43.1000      -29978.908   -29987.062        8.155   326.9     -0.694     -0.893      0.051      0.237     -0.393     -0.281
43.1500      -29978.448   -29986.562        8.114   325.3     -0.602     -0.435     -0.421      0.119     -0.177      0.208
43.2000      -29978.481   -29987.109        8.628   345.9     -0.458     -0.091      0.487     -0.762     -0.331     -0.264
43.2500      -29978.419   -29986.689        8.270   331.5     -0.436     -0.607      0.222      0.609     -0.026      0.537
43.3000      -29978.689   -29987.361        8.673   347.6      0.160      0.069      0.327     -0.090     -0.357      0.115
43.3500      -29978.414   -29986.766        8.351   334.8      0.394     -0.069      0.022      1.219     -0.269      0.498
43.4000      -29978.303   -29986.572        8.269   331.5     -1.102     -0.987     -0.718     -0.080     -0.091     -0.112
43.4500      -29978.277   -29987.139        8.862   355.2     -0.303     -0.128     -0.904     -0.009     -0.158     -0.221
43.5000      -29978.055   -29986.773        8.719   349.5     -0.474     -0.720     -0.311     -0.092     -0.201     -0.013
43.5500      -29978.332   -29986.838        8.506   340.9     -0.411     -1.292     -0.555      0.346     -0.174     -0.107
43.6000      -29977.961   -29987.260        9.299   372.7      0.609      0.373     -0.117      0.445      0.430      0.242
43.6500      -29978.070   -29986.953        8.883   356.1      0.045     -0.758     -0.335      0.444      0.207     -0.210
43.7000      -29978.434   -29986.684        8.250   330.7     -0.134     -0.664     -0.456     -0.094     -0.450     -0.654
43.7500      -29978.846   -29986.791        7.945   318.5     -0.050     -0.121     -0.258     -1.060      0.248     -0.260
43.8000      -29978.215   -29986.508        8.293   332.4     -0.055     -0.782     -0.726      0.381     -0.543     -0.034
43.8500      -29978.380   -29985.768        7.388   296.1     -0.594     -0.176     -0.317     -0.377      0.174     -0.530
43.9000      -29978.115   -29986.365        8.250   330.7     -0.836     -0.342     -0.492     -0.298     -0.350      0.309
43.9500      -29978.231   -29985.979        7.747   310.5     -0.316      0.090      0.067     -0.228      0.149      0.220
44.0000      -29978.786   -29987.893        9.107   365.1     -0.200     -0.794     -1.409     -0.231     -0.404      0.733
44.0500      -29978.910   -29988.035        9.126   365.8      0.134     -1.086      0.051     -0.443      0.077      0.201
44.1000      -29978.930   -29987.676        8.746   350.6     -0.097     -0.790      0.772     -0.110      0.206     -0.028
44.1500      -29979.203   -29988.139        8.936   358.2     -0.433     -0.555     -1.095      0.138     -0.005      0.411
44.2000      -29979.220   -29987.125        7.905   316.9      0.516     -0.890     -0.105      0.075     -0.319     -0.059
44.2500      -29979.425   -29987.752        8.327   333.8     -0.285     -0.750     -0.258     -0.002      0.117     -0.572
44.3000      -29978.790   -29988.070        9.280   372.0      0.139      0.005      0.372     -0.208     -0.172     -0.329
44.3500      -29978.898   -29987.756        8.857   355.0     -0.516     -0.362     -1.199     -0.091     -0.397      0.109
44.4000      -29978.594   -29987.865        9.271   371.6      0.483      0.392      0.396     -0.233     -0.274     -0.264
44.4500      -29978.972   -29987.324        8.352   334.8     -0.137     -0.110     -0.348      0.456      0.305     -0.362
44.5000      -29979.017   -29987.785        8.768   351.5      0.352     -1.552     -0.962     -0.111      0.495     -0.311
44.5500      -29979.055   -29987.723        8.667   347.4     -0.607     -0.482     -1.749     -0.495     -0.267      0.078
44.6000      -29979.110   -29987.717        8.606   345.0     -0.615      0.405     -0.643      0.401      0.014      0.112
44.6500      -29979.081   -29988.041        8.960   359.2     -0.185     -0.145      0.022     -0.275     -0.327     -0.513
44.7000      -29979.259   -29988.176        8.917   357.4     -0.763      0.791     -1.255     -0.545     -0.689     -0.337
44.7500      -29979.822   -29987.963        8.141   326.3     -1.524     -0.620      0.105      0.190      0.252      0.001
44.8000      -29979.315   -29987.691        8.376   335.8     -0.253     -0.275     -1.340     -0.244      0.135     -0.392
44.8500      -29979.804   -29987.832        8.028   321.8     -1.242     -0.467     -0.633      0.420      0.143      0.257
44.9000      -29980.056   -29988.209        8.153   326.8     -0.764     -1.651     -0.862      0.201      0.224      0.326
44.9500      -29979.772   -29989.059        9.286   372.2     -0.471      0.204      0.146      0.175      0.361     -0.585
45.0000      -29979.929   -29988.459        8.530   341.9     -0.081     -0.187     -0.963      0.242     -0.143      0.268
45.0500      -29980.605   -29988.363        7.758   311.0      0.230     -0.666      0.199     -0.102      0.078      0.042
45.1000      -29980.524   -29988.725        8.201   328.7     -0.273     -0.544     -0.749     -0.589      0.075      0.092
45.1500      -29980.283   -29988.369        8.086   324.1     -0.251     -0.090      0.340      0.187      0.230     -0.303
45.2000      -29980.075   -29988.441        8.367   335.4     -0.234     -0.357     -0.829     -0.076      0.288      0.364
45.2500      -29979.890   -29988.123        8.233   330.0     -0.916      0.342     -0.208      0.128     -0.536     -0.049
45.3000      -29980.160   -29988.010        7.849   314.6     -0.211     -1.325     -0.595     -0.234      0.210     -0.366
45.3500      -29979.587   -29987.352        7.765   311.2     -0.053     -0.079      0.077     -0.243     -0.318     -0.422
45.4000      -29979.862   -29988.740        8.878   355.9     -0.224     -0.809      0.075     -0.028      0.302     -0.157
45.4500      -29979.694   -29988.494        8.800   352.8      0.394     -0.526     -0.855     -0.284      0.351     -0.270
45.5000      -29979.858   -29988.869        9.011   361.2      0.554     -0.223     -0.112     -0.092     -0.060      0.016
45.5500      -29979.971   -29987.846        7.875   315.6     -0.634     -0.678     -0.217     -0.031      0.275      0.138
45.6000      -29980.008   -29988.383        8.375   335.7     -0.491     -0.099     -0.059     -0.098      0.081     -0.287
45.6500      -29979.157   -29987.906        8.749   350.7     -0.052     -0.884     -0.629      0.231     -0.085      0.128
45.7000      -29979.450   -29987.916        8.466   339.4     -0.364     -0.343     -0.786      0.229     -0.005     -0.356
45.7500      -29979.414   -29987.568        8.155   326.9      0.069     -0.847     -0.116     -0.168     -0.218      0.048
45.8000      -29980.648   -29987.658        7.010   281.0      0.208     -0.257      0.058     -0.100      0.045      0.281
45.8500      -29980.689   -29988.322        7.633   306.0     -0.190      0.659      0.238     -0.526     -0.536     -0.133
45.9000      -29980.410   -29988.105        7.696   308.5      0.074     -0.718     -0.467      0.280      0.445      0.171
45.9500      -29979.919   -29988.471        8.552   342.8      0.032     -1.032     -0.347      0.033     -0.082     -0.029
46.0000      -29979.851   -29987.996        8.145   326.5     -0.311     -0.050     -0.124     -0.012     -0.041     -0.078
46.0500      -29979.950   -29987.682        7.731   309.9      0.049     -0.406     -0.046      0.454     -0.077     -0.892
46.1000      -29979.469   -29987.453        7.985   320.1      0.307      0.432     -0.061     -0.281      0.054      0.068
46.1500      -29979.709   -29987.447        7.739   310.2      0.070      0.018      0.259      0.369     -0.545      0.083
46.2000      -29979.598   -29988.066        8.468   339.4     -0.134      0.557      1.146      0.160     -0.093     -0.132
46.2500      -29979.606   -29988.107        8.501   340.8     -0.298      0.270     -0.472     -0.222     -0.072     -0.132
46.3000      -29979.276   -29988.070        8.795   352.5     -0.582     -0.416     -0.869      0.137     -0.701      0.072
46.3500      -29979.166   -29987.824        8.658   347.0      0.426     -0.463      0.468      0.188      0.459     -0.491
46.4000      -29979.257   -29987.943        8.686   348.2     -0.219     -1.023     -0.473      0.446     -0.310      0.377
46.4500      -29979.267   -29987.873        8.606   345.0     -0.692     -0.883     -0.590     -0.305      0.356      0.043
46.5000      -29979.297   -29988.100        8.803   352.9     -0.025      0.030     -1.358     -0.017     -0.104      0.270
46.5500      -29979.389   -29987.557        8.168   327.4     -0.750      0.827      0.094      0.258      0.500      0.191
46.6000      -29979.676   -29988.418        8.742   350.4     -0.098     -0.600     -0.493      0.852     -0.699     -0.108
46.6500      -29980.367   -29988.584        8.217   329.4      0.213     -0.843      0.543     -0.545      0.246      0.098
46.7000      -29980.757   -29988.471        7.714   309.2     -0.545     -0.051      0.416      0.366     -0.251     -0.655
46.7500      -29980.350   -29988.322        7.973   319.6     -0.679     -0.006      0.176      0.300      0.319      0.355
46.8000      -29979.901   -29988.609        8.708   349.1      0.100      0.059      0.287      0.070     -0.055     -0.138
46.8500      -29979.926   -29987.836        7.910   317.1      0.139     -0.755     -0.302     -0.119      0.642     -0.178
46.9000      -29980.324   -29987.596        7.272   291.5     -0.609     -0.191      0.933     -0.018     -0.087      0.208
46.9500      -29979.941   -29987.943        8.002   320.8     -0.121     -1.057      0.223      0.118      0.463      0.420
47.0000      -29979.890   -29988.430        8.540   342.3     -0.974     -0.331     -0.604     -0.327      0.017     -0.469
47.0500      -29980.321   -29988.461        8.140   326.3     -0.618     -0.013     -0.284     -0.741     -0.379      0.432
47.1000      -29979.763   -29988.021        8.258   331.0     -0.996     -0.536     -0.976     -0.178      0.067     -0.353
47.1500      -29980.271   -29988.059        7.788   312.2     -0.450     -0.836      0.216     -0.313     -0.460      0.150
47.2000      -29980.603   -29989.047        8.443   338.5      0.497      0.281      0.797     -0.066     -0.168      0.001
47.2500      -29980.604   -29988.682        8.078   323.8      0.192      0.544      0.192      0.027      0.315      0.268
47.3000      -29979.843   -29989.416        9.573   383.7      0.155     -0.728      0.184      0.181     -0.974     -0.024
47.3500      -29980.340   -29988.809        8.469   339.5     -0.061     -0.542      0.538     -0.501      0.242     -0.424
47.4000      -29980.254   -29989.010        8.755   351.0     -0.209     -0.198      0.045     -0.038     -0.147     -0.160
47.4500      -29980.031   -29989.264        9.233   370.1     -0.180     -0.264     -0.548      0.321      0.314      0.128
47.5000      -29980.841   -29988.920        8.079   323.8      0.485      0.282      0.349      0.284      0.029      0.093
47.5500      -29980.511   -29988.627        8.116   325.3     -1.616     -0.141     -0.201      0.029      0.637     -0.552
47.6000      -29980.219   -29988.715        8.496   340.6      0.119     -0.126      0.101      0.076     -0.194     -0.191
47.6500      -29980.086   -29988.572        8.486   340.2     -0.882     -0.705     -0.767      0.064     -0.099      0.205
47.7000      -29980.699   -29989.016        8.316   333.4     -1.317      0.229     -0.319     -0.147      0.546      0.139
47.7500      -29980.931   -29989.252        8.321   333.6     -0.615     -0.731     -0.637      0.236     -0.096     -0.271
47.8000      -29980.506   -29989.301        8.795   352.5      0.137     -0.198      0.139      0.154     -0.050      0.555
47.8500      -29980.558   -29989.113        8.556   343.0     -0.132     -0.273     -0.077      0.199     -0.082     -0.209
47.9000      -29981.103   -29988.865        7.762   311.1     -0.183      0.226      0.201     -0.060      0.322      0.132
47.9500      -29981.269   -29988.816        7.548   302.5      1.060      0.516      0.402      0.091      0.108     -0.283
48.0000      -29981.244   -29989.197        7.953   318.8     -0.667      0.289      0.255     -0.395     -0.011      0.843
48.0500      -29981.021   -29988.824        7.803   312.8     -0.345     -0.600     -0.080     -0.494     -0.315     -0.001
48.1000      -29981.009   -29989.156        8.147   326.6     -0.054      0.780     -0.278      0.104      0.538      0.022
48.1500      -29980.894   -29988.869        7.975   319.7     -0.963     -0.176      0.315      0.276      0.297      0.101
48.2000      -29980.695   -29989.002        8.307   333.0     -1.097     -0.375     -0.224     -0.137     -0.096     -0.462
48.2500      -29980.710   -29989.061        8.351   334.7     -1.314     -0.883     -0.708      0.294     -0.278     -0.140
48.3000      -29980.742   -29989.352        8.610   345.1      0.067     -0.506     -1.344      0.186     -0.017      0.274
48.3500      -29980.596   -29989.471        8.874   355.7     -1.117     -0.414     -1.053     -0.099     -0.294     -0.148
48.4000      -29981.268   -29989.254        7.986   320.1     -0.497     -0.562     -0.209     -0.037      0.264     -0.713
48.4500      -29981.345   -29989.475        8.130   325.9      0.548     -0.635      0.336      0.097     -0.031      0.092
48.5000      -29981.091   -29989.396        8.305   332.9     -0.233     -0.596     -0.576      0.012      0.623      0.252
48.5500      -29981.113   -29988.531        7.418   297.4     -1.378     -0.362     -0.585      0.203     -0.088     -0.080
48.6000      -29980.922   -29988.641        7.718   309.4     -0.423     -1.154     -1.082      0.010     -0.123     -0.234
48.6500      -29980.565   -29988.959        8.394   336.5     -1.029     -0.276     -0.451     -0.119      0.281      0.233
48.7000      -29980.463   -29988.357        7.895   316.5     -1.395     -1.127     -1.633      0.619     -0.052     -1.084
48.7500      -29980.898   -29989.053        8.155   326.9     -0.674     -0.355      0.226      0.307      0.227      0.680
48.8000      -29981.096   -29989.145        8.049   322.6     -0.069     -0.542     -0.042      0.372      0.310      0.369
48.8500      -29981.057   -29988.799        7.742   310.3      0.416      1.097      0.385     -0.276     -0.281      0.267
48.9000      -29980.733   -29988.811        8.078   323.8     -0.517     -1.316     -0.659      0.214      0.400     -0.047
48.9500      -29980.576   -29988.713        8.137   326.2     -1.312     -1.631     -0.577     -0.075      0.341      0.153
49.0000      -29980.190   -29988.752        8.562   343.2     -1.461      0.269     -1.274      0.077      0.454     -0.609
49.0500      -29980.429   -29988.822        8.394   336.5     -0.223     -0.472     -0.110     -0.118     -0.563     -0.184
49.1000      -29981.028   -29988.555        7.527   301.7     -0.780     -0.161     -0.178     -0.345      0.335      0.138
49.1500      -29981.419   -29988.920        7.501   300.7     -0.449     -0.389     -0.633     -0.418      0.459      0.316
49.2000      -29981.296   -29989.031        7.735   310.1      0.569     -0.452      0.316      0.409     -0.284      0.206
49.2500      -29981.497   -29988.590        7.093   284.3      0.220      0.041     -0.555     -0.615     -0.084      0.146
49.3000      -29980.947   -29988.656        7.710   309.0     -0.104      0.585      0.758     -0.470      0.235     -0.095
49.3500      -29980.741   -29988.736        7.996   320.5      0.191      0.436      0.709      0.037      0.061      0.310
49.4000      -29980.888   -29989.445        8.557   343.0     -0.062      0.581     -0.439     -0.194      0.310     -0.354
49.4500      -29980.693   -29988.367        7.674   307.6     -0.512     -0.433     -0.181      0.059     -0.153     -0.040
49.5000      -29980.547   -29988.721        8.174   327.7     -0.175      0.103      0.315      0.442      0.240     -0.640
49.5500      -29980.594   -29988.189        7.595   304.5     -0.266     -0.958     -0.718      0.075     -0.316     -0.398
49.6000      -29980.270   -29988.682        8.412   337.2     -0.797     -0.324     -0.118     -0.136      0.156      0.346
49.6500      -29980.198   -29988.125        7.927   317.8     -0.125      0.045     -0.906      0.206      0.180     -0.338
49.7000      -29979.972   -29988.229        8.257   331.0     -0.356     -0.342     -0.772      0.481      0.307      0.296
49.7500      -29979.609   -29988.016        8.406   337.0     -0.887      0.150      0.082     -0.215     -0.023      0.239
49.8000      -29980.081   -29988.729        8.648   346.6     -0.503     -1.073     -0.859      0.184      0.057     -0.092
49.8500      -29980.567   -29988.406        7.839   314.2     -1.176     -0.699     -0.946     -0.497      0.080      0.501
49.9000      -29980.626   -29988.650        8.025   321.7      0.651      0.434      0.260     -0.021      0.015      0.159
49.9500      -29981.163   -29988.910        7.747   310.5     -0.448     -0.766     -0.552     -0.064     -0.372     -0.370
50.0000      -29981.359   -29988.494        7.135   286.0      0.219     -0.042      0.238      0.133     -0.458     -0.517
50.0500      -29980.826   -29989.102        8.276   331.7     -0.508     -0.136     -0.028      0.227      0.533     -0.104
50.1000      -29980.666   -29988.488        7.823   313.6     -0.730     -0.128     -0.862      0.243     -0.264      0.574
50.1500      -29980.803   -29988.719        7.915   317.3     -1.081     -0.762      0.478      0.015     -0.070      0.164
50.2000      -29980.724   -29989.330        8.606   345.0     -0.560     -0.288      0.370      0.474     -0.162      0.086
50.2500      -29981.128   -29989.254        8.126   325.7     -0.189     -1.408     -0.596     -0.366     -0.007      0.231
50.3000      -29981.412   -29989.693        8.281   331.9      0.038     -0.436     -0.049      0.579      0.493     -0.007
50.3500      -29980.786   -29989.205        8.419   337.5     -1.090     -0.363      0.022     -0.577      0.129      0.338
50.4000      -29981.002   -29989.201        8.200   328.7     -0.151      0.804     -0.613     -0.166     -0.109     -0.101
50.4500      -29980.606   -29988.660        8.054   322.8      0.028     -0.126     -0.533      0.053      0.358     -0.502
50.5000      -29980.162   -29988.330        8.168   327.4      0.438     -0.696     -0.512     -0.066     -0.530      0.157
50.5500      -29980.544   -29988.637        8.092   324.4     -1.169      0.333     -0.893      0.003      0.021     -0.037
50.6000      -29980.337   -29988.633        8.296   332.6     -0.834     -0.586     -1.569      0.510      0.090      0.239
50.6500      -29980.105   -29989.146        9.042   362.4      0.610     -0.452     -0.213     -0.087      0.169     -0.207
50.7000      -29979.979   -29987.670        7.691   308.3     -0.213     -0.696     -1.234      0.177      0.203     -0.204
50.7500      -29980.093   -29988.572        8.479   339.9     -0.435     -0.379      0.336     -0.402     -0.198      0.085
50.8000      -29979.900   -29988.055        8.155   326.9      0.701     -0.008     -0.085     -0.096     -0.103      0.303
50.8500      -29980.331   -29988.271        7.940   318.3      0.127     -1.000      0.415     -0.242     -0.009     -0.029
50.9000      -29980.560   -29989.197        8.637   346.2     -0.507      0.390     -0.344     -0.156      0.106     -0.293
50.9500      -29981.165   -29989.369        8.204   328.9      0.018     -0.908     -0.842      0.115      0.178     -0.220
51.0000      -29981.235   -29988.957        7.722   309.5     -0.996     -0.416      0.021      0.632     -0.649      0.010
51.0500      -29980.732   -29989.324        8.592   344.4     -0.756     -1.135     -1.755      0.273      0.167     -0.305
51.1000      -29980.797   -29989.777        8.980   360.0     -1.043     -0.720     -0.777      0.575      0.547      0.179
51.1500      -29980.906   -29988.996        8.090   324.3     -0.003     -0.732     -0.731      0.196     -0.327     -0.006
51.2000      -29980.737   -29988.967        8.230   329.9      0.094      0.213      0.401      0.136      0.438     -0.372
51.2500      -29980.629   -29988.432        7.802   312.7     -0.199      0.569     -0.174      0.114     -0.152     -0.013
51.3000      -29980.543   -29988.824        8.281   331.9      0.104      0.187     -0.417     -0.190     -0.003     -0.062
51.3500      -29980.190   -29988.889        8.699   348.7     -0.360     -1.592     -0.613      0.197      0.023      0.105
51.4000      -29980.326   -29988.932        8.605   344.9     -1.150     -1.503     -1.296     -0.161      0.343     -0.155
51.4500      -29980.558   -29988.258        7.700   308.6     -0.651      0.396     -0.895      0.210     -0.304     -0.255
51.5000      -29980.098   -29988.145        8.047   322.5     -0.175      0.151      0.129      0.256      0.074      0.250
51.5500      -29979.227   -29986.744        7.517   301.3      0.440     -0.029     -1.207      0.100      0.273     -0.124
51.6000      -29979.645   -29988.441        8.796   352.6     -0.447     -0.436      0.089     -0.068      0.068     -0.179
51.6500      -29979.588   -29988.639        9.051   362.8      0.043      0.335     -0.644     -0.221     -0.301      0.032
51.7000      -29979.607   -29988.322        8.716   349.4      0.620      0.354     -0.207     -0.275     -0.092      0.401
51.7500      -29979.595   -29988.398        8.803   352.9     -0.063     -0.746     -0.518     -0.106     -0.088      0.230
51.8000      -29979.689   -29988.971        9.282   372.1      0.389      1.372      0.362      0.402     -0.416      0.079
51.8500      -29979.571   -29988.438        8.867   355.4     -0.582     -0.418     -0.586      0.146      0.029     -0.246
51.9000      -29979.758   -29988.711        8.953   358.9      0.538      1.208      0.504     -0.150      0.307      0.004
51.9500      -29979.562   -29988.369        8.807   353.0     -1.814     -1.240     -0.676      0.290     -0.494      0.010
52.0000      -29979.242   -29988.006        8.764   351.3     -0.806     -0.432      0.267      0.020     -0.331     -0.213
52.0500      -29979.618   -29987.992        8.374   335.7      0.353      0.255     -0.386      0.441     -0.398      0.245
52.1000      -29979.941   -29988.697        8.757   351.0      0.187      0.713     -0.421      0.202     -0.073      0.208
52.1500      -29979.910   -29988.348        8.437   338.2      0.811     -0.302     -0.241      0.377     -0.554      0.436
52.2000      -29980.474   -29988.344        7.869   315.4     -0.666     -0.730     -0.317      0.712      0.426     -0.263
52.2500      -29980.313   -29988.297        7.984   320.0     -0.185     -0.744     -0.231      0.313     -0.333     -0.415
52.3000      -29980.305   -29988.805        8.500   340.7     -0.721      0.288     -0.936      0.573      0.014      0.179
52.3500      -29980.553   -29988.438        7.885   316.1      1.091      0.400      0.540      0.096     -0.482      0.203
52.4000      -29980.495   -29988.268        7.772   311.6     -0.716     -0.717     -1.328     -0.262      0.679      0.047
52.4500      -29980.516   -29988.576        8.060   323.1     -0.462      0.256      0.352     -0.027      0.160      0.079
52.5000      -29980.257   -29988.166        7.909   317.0      0.449     -0.304      0.591     -0.196      0.212     -0.181
52.5500      -29980.271   -29988.201        7.931   317.9     -0.925     -0.482     -0.683      0.252     -0.252     -0.881
52.6000      -29979.979   -29988.328        8.349   334.7      0.613      0.680     -0.641     -0.049     -0.776      0.831
52.6500      -29979.671   -29988.432        8.760   351.2     -0.641     -0.993     -0.472     -0.020     -0.010     -0.275
52.7000      -29979.723   -29988.674        8.951   358.8     -0.072     -0.151      0.282      0.372      0.192      0.098
52.7500      -29979.693   -29988.598        8.905   356.9      0.363     -0.336     -0.762     -0.292      0.023     -0.188
52.8000      -29979.643   -29987.633        7.990   320.3      0.896      0.206      0.319      0.268     -0.502      0.034
52.8500      -29979.617   -29987.707        8.090   324.3      0.448     -0.617     -0.363      0.291      0.423      0.269
52.9000      -29979.641   -29988.281        8.640   346.3     -0.663      0.171      0.058     -0.066      0.232     -0.315
52.9500      -29979.457   -29988.162        8.705   349.0      0.401      0.062      0.060      0.074     -0.834     -0.201
53.0000      -29979.125   -29988.088        8.963   359.3      0.399     -0.931      0.696     -0.139      0.048     -0.702
53.0500      -29979.237   -29988.398        9.162   367.2      0.121     -0.161      0.152      0.155     -0.399     -0.200
53.1000      -29979.282   -29988.088        8.806   353.0      0.854      0.776      0.020      0.662     -0.066      0.102
53.1500      -29979.425   -29988.023        8.599   344.7     -0.246     -0.540     -0.149      0.075     -0.423      0.162
53.2000      -29980.046   -29988.572        8.526   341.8      0.188      0.715     -0.475      0.308     -0.474     -0.342
53.2500      -29980.349   -29988.758        8.409   337.1      0.142      0.583     -0.160     -0.291      0.006      0.537
53.3000      -29980.058   -29988.492        8.434   338.1      0.133      0.354     -0.314     -0.049      0.137     -0.395
53.3500      -29980.729   -29988.463        7.734   310.0     -1.024     -0.234     -0.594      0.200     -0.161      0.105
53.4000      -29980.289   -29988.541        8.252   330.8     -0.687     -0.872     -0.507      0.383     -0.408     -0.856
53.4500      -29980.089   -29988.764        8.674   347.7     -0.255      0.759     -0.230     -0.011     -0.754     -0.175
53.5000      -29980.053   -29988.916        8.863   355.3      0.104     -0.977      0.518      0.206      0.001      0.137
53.5500      -29980.176   -29988.662        8.486   340.2      0.151     -0.087     -0.523      0.373      0.162      0.009
53.6000      -29980.246   -29989.066        8.820   353.5     -0.375     -1.595     -0.730      0.557     -0.361     -0.229
53.6500      -29979.775   -29988.377        8.602   344.8      0.023     -0.525     -0.858      0.298     -0.320      0.144
53.7000      -29979.435   -29989.025        9.590   384.4     -0.578     -0.127     -0.024      0.067      0.347     -0.221
53.7500      -29979.077   -29988.188        9.111   365.2     -0.358     -0.671     -0.634      0.111     -0.287     -0.770
53.8000      -29978.955   -29988.008        9.053   362.9      0.149      0.660      0.201      0.191     -0.325     -0.369
53.8500      -29979.384   -29987.537        8.153   326.8     -0.665     -0.426     -0.542     -0.429     -0.321     -0.109
53.9000      -29979.182   -29987.703        8.521   341.6     -0.007     -0.039     -0.824      0.504      0.105      0.153
53.9500      -29979.121   -29987.473        8.352   334.8     -0.415     -0.134     -0.695     -0.129      0.744     -0.195
54.0000      -29978.684   -29987.525        8.842   354.4     -0.164     -0.435     -0.289     -0.320     -0.347     -0.164
54.0500      -29978.699   -29987.746        9.047   362.6      0.787      0.632      0.252     -0.092      0.035     -0.173
54.1000      -29978.608   -29986.877        8.269   331.4      0.904      0.549     -0.001     -0.237     -0.369      0.158
54.1500      -29978.643   -29986.836        8.192   328.4      0.035     -0.645     -0.113     -0.111     -0.156      0.340
54.2000      -29978.492   -29987.457        8.965   359.4      0.467     -0.178     -0.754      0.210     -0.163      0.772
54.2500      -29978.633   -29986.971        8.338   334.2     -0.076     -0.480     -0.086      0.063      0.107     -0.253
54.3000      -29979.099   -29987.543        8.444   338.5     -0.312      0.392      0.070     -0.275      0.111     -0.080
54.3500      -29978.892   -29987.947        9.055   363.0     -0.064     -1.497      0.104     -0.350      0.324      0.044
54.4000      -29979.430   -29987.338        7.908   317.0     -0.015      0.071      0.085      0.082     -0.608     -0.068
54.4500      -29979.441   -29988.320        8.880   355.9     -0.995     -1.184     -0.920      0.164      0.261     -0.393
54.5000      -29979.423   -29988.008        8.585   344.1      0.928      0.484     -0.176     -0.005      0.086      0.044
54.5500      -29979.404   -29987.551        8.147   326.6      0.014     -0.498     -0.544      0.148      0.346      0.621
54.6000      -29978.947   -29987.688        8.741   350.4     -0.134     -0.430      0.009     -0.621     -0.035     -0.261
54.6500      -29979.592   -29988.219        8.627   345.8     -0.148     -0.585      0.179     -0.194      0.169      0.096
54.7000      -29980.074   -29988.410        8.336   334.2     -1.219     -1.291     -0.299      0.035      0.249      0.427
54.7500      -29980.348   -29988.107        7.760   311.0      0.164      0.181      0.328     -0.181     -0.325      0.242
54.8000      -29980.490   -29988.836        8.346   334.6     -0.982     -0.173     -0.557     -0.214     -0.440      0.080
54.8500      -29980.741   -29988.557        7.816   313.3     -0.268      0.143      0.670      0.078      0.682      0.241
54.9000      -29980.189   -29988.346        8.156   326.9     -0.581     -1.377     -0.301     -0.210     -0.129     -0.071
54.9500      -29979.924   -29988.098        8.174   327.6     -0.568      0.097      0.237      0.127      0.206      0.149
55.0000      -29979.765   -29988.760        8.995   360.5      0.048      0.565     -0.687     -0.412      0.406     -0.031
55.0500      -29980.039   -29988.027        7.988   320.2     -0.398     -0.852     -0.425     -0.278     -0.485     -0.024
55.1000      -29980.284   -29988.541        8.257   331.0     -0.032      0.299     -0.041      0.017      0.232     -0.385
55.1500      -29980.554   -29988.645        8.091   324.3     -0.620     -0.329      0.569     -0.236      0.133      0.021
55.2000      -29980.905   -29988.545        7.640   306.2      0.036      0.278     -0.094     -0.593     -0.534     -0.228
55.2500      -29980.588   -29988.893        8.305   332.9     -0.112     -0.043      0.459      0.048     -0.282      0.519
55.3000      -29980.498   -29987.684        7.186   288.0      0.460     -0.088     -0.550     -0.084      0.340      0.054
55.3500      -29980.385   -29988.266        7.881   315.9      0.506     -0.745      0.761     -0.039     -0.863      0.162
55.4000      -29980.872   -29988.422        7.550   302.6     -1.290     -0.193      0.106     -0.382      0.264      0.171
55.4500      -29980.502   -29989.195        8.694   348.5     -0.230      0.684     -1.214     -0.232      0.512      0.122
55.5000      -29980.783   -29989.115        8.332   334.0      0.108     -0.391     -0.205      0.200      0.125      0.248
55.5500      -29981.267   -29989.291        8.024   321.6     -0.890     -0.297     -0.413      0.117      0.076      0.392
55.6000      -29980.698   -29988.814        8.117   325.4      0.314      0.113     -0.125     -0.115      0.087      0.282
55.6500      -29980.583   -29988.699        8.116   325.3     -0.792     -0.848     -0.739     -0.174      0.058     -0.020
55.7000      -29980.486   -29988.408        7.923   317.6     -1.553     -1.019     -1.151     -0.223      0.441     -0.014
55.7500      -29980.105   -29988.463        8.358   335.0     -0.846     -0.700      0.644      0.015      0.026      0.702
55.8000      -29980.294   -29988.975        8.681   348.0     -0.625     -0.585     -0.332      0.192      0.618     -0.350
55.8500      -29980.819   -29989.039        8.220   329.5     -0.027     -0.800     -0.718     -0.293      0.652      0.418
55.9000      -29980.787   -29988.299        7.512   301.1     -0.266      0.786      0.055     -0.087     -0.189      0.189
55.9500      -29980.595   -29988.584        7.989   320.3     -0.434      0.416      0.279      0.730      0.297      0.137
56.0000      -29980.364   -29987.945        7.581   303.9     -0.037     -0.316     -0.162      0.030     -0.575     -0.073
56.0500      -29980.533   -29988.133        7.600   304.7     -0.677     -0.772      0.264      0.366      0.470      0.283
56.1000      -29980.691   -29987.875        7.184   288.0     -1.139      0.269     -0.386     -0.219     -0.191     -0.075
56.1500      -29980.349   -29987.754        7.405   296.8     -0.128     -0.272     -0.935     -0.126      0.232      0.974
56.2000      -29980.224   -29988.061        7.837   314.1     -0.558     -0.410     -1.261     -0.417      0.541      0.185
56.2500      -29979.670   -29987.377        7.707   308.9     -1.013     -0.467     -0.791      0.100      0.133     -0.478
56.3000      -29980.428   -29988.062        7.635   306.0     -0.773     -0.063     -1.140     -0.287      0.434      0.244
56.3500      -29980.451   -29988.104        7.652   306.7     -0.147      1.012     -0.246     -0.235      0.539      0.344
56.4000      -29979.680   -29987.936        8.256   330.9     -0.708     -0.337     -1.112      0.395      0.165      0.368
56.4500      -29979.766   -29988.189        8.423   337.7     -0.879     -0.563     -0.495     -0.131      0.121      0.139
56.5000      -29979.503   -29987.471        7.967   319.4     -0.225     -1.481     -0.874      0.111      0.297      0.177
56.5500      -29979.287   -29987.428        8.141   326.3     -0.377     -0.392     -0.142      0.027     -0.047      0.306
56.6000      -29979.109   -29987.574        8.465   339.3     -0.432      0.164     -0.423      0.371      0.648      0.124
56.6500      -29978.787   -29987.242        8.456   338.9     -0.002     -0.024      0.436      0.036     -0.294      0.258
56.7000      -29978.996   -29987.314        8.319   333.5      0.235     -0.120     -0.865      0.045      0.036      0.132
56.7500      -29979.119   -29987.312        8.193   328.4     -1.160     -0.618     -0.695      0.400      0.195     -0.244
56.8000      -29978.933   -29987.580        8.647   346.6      0.288     -0.249     -0.537     -0.256     -0.369      0.547
56.8500      -29979.414   -29988.338        8.924   357.7     -0.748     -0.795     -1.207      0.207      0.057     -0.433
56.9000      -29979.398   -29988.057        8.658   347.1     -0.909     -0.853      0.438      0.318     -0.311     -0.046
56.9500      -29980.321   -29988.412        8.091   324.3      0.677     -0.293     -0.139     -0.107     -0.070     -0.105
57.0000      -29980.520   -29988.479        7.959   319.0      0.164     -0.390     -0.680      0.161     -0.009      0.165
57.0500      -29980.280   -29988.449        8.169   327.4      0.303     -0.693     -0.307      0.113      0.282     -0.086
57.1000      -29980.377   -29988.166        7.789   312.2     -0.396      0.015     -0.496      0.031     -0.177      0.609
57.1500      -29980.936   -29988.746        7.810   313.1     -0.216     -0.192     -0.150     -0.293     -0.282     -0.404
57.2000      -29980.280   -29988.549        8.268   331.4      0.061     -0.053     -0.367     -0.059     -0.293      0.466
57.2500      -29980.528   -29988.895        8.366   335.4     -0.125     -0.227     -0.903      0.403      0.382     -0.320
57.3000      -29980.011   -29988.398        8.387   336.2      0.765     -1.184      0.166      0.055     -0.050     -0.061
57.3500      -29979.760   -29988.424        8.664   347.3     -1.199     -0.054      0.293     -0.341     -0.021      0.372
57.4000      -29979.575   -29987.354        7.779   311.8     -1.092     -0.239     -1.765      0.415     -0.432     -0.251
57.4500      -29979.438   -29987.064        7.627   305.7      0.796     -0.781     -0.084      0.059      0.415      0.219
57.5000      -29979.051   -29987.102        8.051   322.7     -0.588     -0.313     -0.871     -0.287      0.069      0.157
57.5500      -29978.859   -29987.629        8.770   351.5      0.038     -0.157      0.122      0.310      0.082     -0.048
57.6000      -29978.703   -29988.217        9.514   381.4      0.428     -0.144      0.312     -0.420      0.137      0.086
57.6500      -29978.628   -29987.211        8.583   344.0     -0.527     -0.506      0.321     -0.372      0.017     -0.321
57.7000      -29978.655   -29986.953        8.298   332.6     -1.010      0.032     -2.105     -1.033      0.215     -0.185
57.7500      -29979.154   -29987.453        8.299   332.7     -0.615      0.892      0.695      0.480      0.329     -0.091
57.8000      -29979.301   -29987.727        8.425   337.7      0.063     -0.226     -0.921     -0.169     -0.402      0.236
57.8500      -29978.723   -29986.740        8.017   321.4     -0.309     -0.308     -0.349     -0.339     -0.112      0.011
57.9000      -29978.820   -29987.049        8.228   329.8     -0.996     -1.133     -0.643      0.036     -0.255     -0.135
57.9500      -29979.051   -29987.277        8.226   329.7     -0.068     -0.143     -0.133     -0.221      0.043     -0.062
58.0000      -29978.684   -29986.775        8.092   324.3     -0.136     -0.573      0.213      0.306      0.159      0.668
58.0500      -29978.983   -29986.252        7.269   291.4     -0.116     -0.296     -0.337     -0.025      0.192     -0.010
58.1000      -29978.958   -29987.352        8.394   336.5     -0.042     -0.955      0.192     -0.206      0.435      0.254
58.1500      -29979.135   -29987.645        8.509   341.1     -0.335     -1.092     -0.916      0.095     -0.346     -0.486
58.2000      -29978.781   -29986.980        8.200   328.7      0.246     -0.116     -0.476     -0.050      0.446     -0.182
58.2500      -29979.037   -29986.822        7.786   312.1     -0.503     -0.535     -1.353     -0.258     -0.462     -0.120
58.3000      -29978.702   -29986.873        8.171   327.5     -0.031     -0.367      0.089      0.206      0.414     -0.337
58.3500      -29978.924   -29987.332        8.408   337.0      0.139      0.313      0.068      0.534      0.059      0.424
58.4000      -29979.054   -29987.568        8.514   341.3     -0.296      0.066      0.270     -0.232      0.032     -0.397
58.4500      -29979.203   -29987.736        8.533   342.1     -0.346     -0.757     -0.735     -0.327     -0.515      0.324
58.5000      -29979.223   -29987.434        8.210   329.1     -0.035      0.033     -0.250     -0.141     -0.387     -0.601
58.5500      -29979.205   -29987.922        8.717   349.4     -0.778      0.135     -0.808      0.283     -0.124      0.050
58.6000      -29979.129   -29987.848        8.719   349.5      0.034     -0.035     -0.119     -0.192     -0.454      0.380
58.6500      -29979.423   -29988.279        8.856   355.0     -0.975     -0.289     -0.515      0.184      0.381     -0.282
58.7000      -29979.991   -29988.025        8.034   322.0     -0.048     -0.151     -0.708     -0.616      0.461     -0.079
58.7500      -29979.828   -29987.850        8.022   321.6     -0.809     -0.645      0.274      0.700     -0.130      0.228
58.8000      -29980.228   -29987.600        7.371   295.5     -0.242     -0.552     -0.904     -0.220      0.381     -0.293
58.8500      -29980.537   -29988.256        7.719   309.4     -0.055      0.746      0.072      0.188      0.229     -0.259
58.9000      -29980.272   -29988.234        7.962   319.2     -0.330     -0.420     -0.255     -0.285      0.053      0.025
58.9500      -29980.336   -29988.305        7.969   319.4     -0.135      0.342     -0.570      0.327     -0.083     -0.016
59.0000      -29979.753   -29987.457        7.704   308.8     -0.308     -0.485     -0.545     -0.051     -0.474      0.078
59.0500      -29979.798   -29988.182        8.383   336.0     -0.234      0.460      0.357      0.336     -0.337     -0.234
59.1000      -29980.111   -29987.736        7.626   305.7      0.407      0.443     -0.339      0.325     -0.470      0.311
59.1500      -29980.620   -29988.633        8.013   321.2     -0.752     -0.422     -0.402     -0.454      0.352     -0.156
59.2000      -29980.650   -29988.689        8.039   322.3      0.045      1.024      0.173     -0.353     -0.634     -0.162
59.2500      -29980.792   -29988.115        7.324   293.6     -0.080     -0.232      0.267      0.220     -0.119      0.098
59.3000      -29980.508   -29988.518        8.009   321.0     -0.231     -0.594     -0.037      0.592      0.066     -0.126
59.3500      -29980.374   -29988.352        7.977   319.8      0.118      0.081     -0.100      0.165     -0.089      0.114
59.4000      -29980.960   -29988.848        7.888   316.2     -0.543     -0.401      0.136      0.228      0.010      0.297
59.4500      -29981.039   -29989.268        8.229   329.8      0.368     -0.469     -0.004      0.367     -0.631     -0.251
59.5000      -29980.474   -29988.785        8.311   333.2      0.709     -0.288     -0.291      0.297      0.678     -0.226
59.5500      -29980.872   -29988.775        7.903   316.8      0.173     -0.469      0.528     -0.020     -0.213     -0.027
59.6000      -29980.785   -29988.848        8.062   323.2      0.088      0.545     -0.823     -0.028      0.254     -0.068
59.6500      -29980.878   -29988.766        7.888   316.2      0.305     -0.839      0.152     -0.607     -0.164     -0.328
59.7000      -29980.294   -29988.824        8.530   341.9     -0.526      0.491     -0.547      0.137     -0.076     -0.131
59.7500      -29980.502   -29987.791        7.289   292.2      0.084     -0.390      0.452     -0.662     -0.602     -0.454
59.8000      -29979.592   -29987.857        8.265   331.3      0.278      0.335      0.322      0.221     -0.077     -0.166
59.8500      -29979.796   -29988.010        8.214   329.2      0.172      0.131     -0.044     -0.627     -0.456      0.331
59.9000      -29979.731   -29988.000        8.269   331.4      0.526     -0.647      0.698      0.075     -0.038     -0.142
59.9500      -29979.977   -29987.961        7.984   320.0     -0.761     -0.174     -1.129      0.115      0.503     -0.225
60.0000      -29979.528   -29987.982        8.454   338.9     -0.157     -0.564     -0.677      0.050     -0.300      0.282
60.0500      -29979.102   -29988.104        9.002   360.8     -0.388     -0.161      0.474      0.041      0.212      0.172
60.1000      -29979.181   -29987.721        8.540   342.3      0.754     -0.962     -0.101      0.343     -0.073      0.181
60.1500      -29979.077   -29987.537        8.460   339.1     -0.076      0.541      0.462     -0.285     -0.142      0.356
60.2000      -29979.168   -29988.123        8.955   359.0      0.133     -0.030      0.163      0.172      0.003     -0.112
60.2500      -29979.496   -29988.240        8.745   350.5     -0.004      0.319     -0.364      0.458      0.356     -0.227
60.3000      -29979.245   -29987.355        8.110   325.1     -0.059     -0.101      0.343      0.189      0.157      0.070
60.3500      -29978.972   -29987.365        8.394   336.5     -0.804     -0.618     -0.102     -0.164      0.254      0.231
60.4000      -29979.063   -29986.766        7.702   308.7     -0.221      0.545      0.538     -0.616      0.007     -0.019
60.4500      -29979.701   -29988.404        8.704   348.9     -1.099      0.069     -0.670     -0.480      0.435     -0.016
60.5000      -29979.970   -29988.746        8.776   351.8     -0.354     -0.028      0.312     -0.388     -0.016     -0.177
60.5500      -29980.039   -29988.621        8.582   344.0     -1.439     -0.707     -0.122      0.188      0.199     -0.252
60.6000      -29979.772   -29988.391        8.619   345.5     -1.707     -0.788     -1.108     -0.156      0.114     -0.126
60.6500      -29979.829   -29987.982        8.153   326.8      0.435     -0.229      0.142     -0.569     -0.027      0.358
60.7000      -29979.739   -29988.449        8.710   349.2     -0.632     -0.524     -0.663     -0.250     -0.038     -0.238
60.7500      -29979.300   -29987.869        8.569   343.5     -0.096     -0.263      0.123     -0.189      0.300     -0.167
60.8000      -29979.405   -29987.926        8.521   341.6     -0.508     -0.880     -2.411     -0.313      0.093     -0.161
60.8500      -29980.290   -29989.342        9.052   362.8     -1.326      0.137     -0.756     -0.621     -0.220      0.215
60.9000      -29980.351   -29989.125        8.774   351.7     -0.436      0.039      0.316      0.164     -0.410     -0.131
60.9500      -29980.382   -29989.055        8.672   347.6      0.229     -0.247      0.695     -0.166     -0.094     -0.283
61.0000      -29980.272   -29989.121        8.849   354.7     -0.756      0.382     -0.461     -0.174     -0.023     -0.908
61.0500      -29979.893   -29988.680        8.787   352.2     -0.419     -0.645     -0.348      0.564     -0.301      0.317
61.1000      -29980.397   -29989.434        9.037   362.2     -1.376     -0.688     -0.594     -0.109      0.256      0.067
61.1500      -29980.621   -29989.648        9.027   361.8     -1.619     -0.608     -0.832      0.274      0.326     -0.231
61.2000      -29980.465   -29988.918        8.453   338.8     -0.153     -0.837     -1.283      0.149      0.060      0.016
61.2500      -29980.210   -29988.291        8.081   323.9     -1.170     -0.505     -0.237     -0.238      0.218     -0.099
61.3000      -29980.806   -29989.127        8.321   333.5     -0.679     -0.743     -0.882      0.283      0.177     -0.308
61.3500      -29980.820   -29988.865        8.045   322.5      0.410      0.758      0.132     -0.587     -0.293     -0.196
61.4000      -29980.593   -29987.898        7.305   292.8      1.598     -0.956      0.198      0.560      0.441      0.292
61.4500      -29980.108   -29987.623        7.515   301.2     -1.324      0.460     -1.089     -0.459     -0.397      0.402
61.5000      -29979.407   -29987.715        8.308   333.0      1.653      0.489      1.342      0.068     -0.037      0.171
61.5500      -29979.130   -29987.598        8.468   339.4     -0.279     -0.202     -1.011     -0.061      0.123     -0.063
61.6000      -29979.502   -29988.189        8.687   348.2     -0.064     -0.922      0.250     -0.015     -0.718      0.684
61.6500      -29979.428   -29988.637        9.208   369.1     -0.056      0.194     -0.248     -0.253     -0.458     -0.020
61.7000      -29978.874   -29986.746        7.872   315.5     -0.200     -0.261     -0.376      0.639     -0.188      0.152
61.7500      -29979.005   -29988.570        9.566   383.4     -0.414     -0.964     -0.307      0.377      0.303      0.059
61.8000      -29979.228   -29987.803        8.575   343.7     -0.264      0.765      0.255      0.349      0.054      0.291
61.8500      -29979.320   -29988.074        8.755   350.9     -0.101     -0.988      0.004     -0.177      0.404      0.116
61.9000      -29979.710   -29988.314        8.604   344.9     -0.258     -0.952      0.503      0.055     -0.054      0.164
61.9500      -29979.996   -29988.068        8.072   323.6      0.972     -0.502      0.966     -0.740      0.008      0.453
62.0000      -29980.667   -29988.498        7.831   313.9      0.627      0.545      1.185     -0.118      0.374     -0.473
62.0500      -29980.673   -29989.154        8.481   340.0     -0.263     -0.825     -0.207      0.002     -0.397     -0.648
62.1000      -29980.586   -29988.566        7.981   319.9      0.697     -0.127     -0.282     -0.483     -0.300     -0.722
62.1500      -29980.685   -29988.338        7.653   306.8     -0.704      0.093      0.372     -0.286      0.359     -0.234
62.2000      -29980.391   -29988.559        8.168   327.4      0.069     -0.519     -0.485      0.159     -0.183      0.202
62.2500      -29980.043   -29988.105        8.063   323.2     -0.253     -0.664      0.172     -0.492      0.192     -0.437
62.3000      -29980.410   -29987.979        7.569   303.4     -0.545     -0.150     -1.798      0.519      0.233      0.017
62.3500      -29980.212   -29987.617        7.405   296.8     -0.494     -0.023     -0.221     -0.474      0.550     -0.204
62.4000      -29980.535   -29987.725        7.190   288.2     -0.475     -0.037     -0.108      0.147     -0.386      0.284
62.4500      -29980.711   -29988.764        8.053   322.8     -0.254     -0.162     -0.663     -0.723      0.297     -0.258
62.5000      -29980.775   -29989.256        8.481   340.0      0.410     -0.816     -1.357     -0.119     -0.306     -0.429
62.5500      -29980.887   -29989.160        8.273   331.6      0.089     -0.878     -0.498      0.020      0.467     -0.104
62.6000      -29981.098   -29988.881        7.783   312.0     -0.114      0.085      0.444      0.000     -0.165      0.680
62.6500      -29981.268   -29988.955        7.687   308.1     -0.287     -0.621     -0.452      0.183      0.238     -0.384
62.7000      -29981.601   -29989.539        7.938   318.2      0.195     -0.658     -0.263      0.125      0.433      0.165
62.7500      -29981.627   -29989.432        7.805   312.9     -0.706     -0.458     -0.606      0.067      0.122      0.345
62.8000      -29981.344   -29989.238        7.894   316.4     -0.843     -0.474     -0.827     -0.220     -0.308      0.108
62.8500      -29981.019   -29988.492        7.474   299.6     -0.522     -0.432     -0.120      0.263      0.029     -0.174
62.9000      -29980.765   -29988.463        7.697   308.5     -0.394      0.075     -0.116      0.393      0.952     -0.067
62.9500      -29980.622   -29988.143        7.520   301.4     -0.481     -0.384      0.187     -0.167     -0.220     -0.170
63.0000      -29981.101   -29989.145        8.043   322.4     -0.190     -0.791     -0.214     -0.483     -0.356      0.454
63.0500      -29980.925   -29988.238        7.313   293.2     -0.454     -0.369      0.247      0.267     -0.414      0.070
63.1000      -29980.957   -29988.656        7.699   308.6     -0.076     -0.671     -0.376     -0.104      0.115     -0.089
63.1500      -29981.568   -29988.922        7.354   294.8     -0.613     -0.348      0.242     -0.164      0.113      0.010
63.2000      -29981.167   -29989.117        7.951   318.7     -0.131      0.118     -0.511     -0.433      0.180      0.472
63.2500      -29981.326   -29989.830        8.504   340.9     -0.955     -0.664     -0.002      0.267      0.053      0.082
63.3000      -29980.812   -29989.410        8.599   344.7     -0.664     -0.400     -2.286      0.014      0.136     -0.365
63.3500      -29980.403   -29988.854        8.451   338.8     -0.187     -0.992     -0.157     -0.441     -0.425      0.267
63.4000      -29980.022   -29987.961        7.939   318.2     -0.084     -0.108      0.289      0.062     -0.249     -0.199
63.4500      -29979.950   -29988.377        8.427   337.8     -1.092     -1.070     -1.507     -0.115     -0.396      0.642
63.5000      -29980.300   -29988.404        8.105   324.9     -0.190      0.189      0.276      0.490     -0.443     -0.110
63.5500      -29980.479   -29988.572        8.094   324.4     -0.545     -0.352     -0.478      0.419      0.404      0.252
63.6000      -29980.729   -29988.965        8.236   330.1     -0.202     -0.874     -0.415      0.137     -0.189      0.474
63.6500      -29980.809   -29988.676        7.867   315.3     -0.293      1.278      0.043      0.419      0.467     -0.143
63.7000      -29980.484   -29988.789        8.305   332.9      0.830     -0.244     -0.117      0.293     -0.074      0.138
63.7500      -29980.548   -29988.729        8.181   327.9     -0.582     -0.288     -0.888      0.343      0.044      0.142
63.8000      -29981.146   -29988.611        7.465   299.2      0.048     -1.153     -0.459      0.224     -0.419      0.257
63.8500      -29980.871   -29988.701        7.830   313.9      0.253      0.632      0.547      0.095     -0.383     -0.405
63.9000      -29980.859   -29988.635        7.775   311.7      1.915      0.169     -0.445     -0.074     -0.178      0.247
63.9500      -29981.132   -29988.785        7.653   306.8     -0.338      0.385     -0.188     -0.175      0.102      0.489
64.0000      -29980.833   -29988.781        7.949   318.6     -0.791      0.198      0.300      0.124     -0.249     -0.282
64.0500      -29980.969   -29988.879        7.910   317.1      0.351     -0.924     -0.424      0.059     -0.497     -0.040
64.1000      -29981.146   -29989.078        7.932   317.9     -0.712      0.160     -1.320      0.094      0.395     -0.058
64.1500      -29981.102   -29988.748        7.646   306.5     -1.090     -0.300     -0.376      0.394      0.226     -0.113
64.2000      -29981.309   -29989.484        8.176   327.7     -0.444     -0.673      0.566     -0.189      0.011     -0.529
64.2500      -29981.280   -29988.928        7.648   306.6     -0.092     -0.192     -0.473     -0.246      0.017      0.758
64.3000      -29980.947   -29988.943        7.997   320.5     -0.387      0.462      0.097      0.231      0.193     -0.077
64.3500      -29980.831   -29988.410        7.579   303.8     -0.287     -0.776     -0.168     -0.300     -0.202      0.031
64.4000      -29980.300   -29988.994        8.694   348.5     -0.317      0.313     -0.587     -0.041      0.096      0.297
64.4500      -29980.255   -29988.195        7.941   318.3      0.299     -0.719     -0.200     -0.374      0.238     -0.146
64.5000      -29980.815   -29988.910        8.095   324.5     -0.257     -0.003     -0.035     -0.071     -0.184      0.349
64.5500      -29980.268   -29987.443        7.175   287.6     -0.320     -0.103      0.225     -0.117      0.168      0.083
64.6000      -29979.907   -29987.928        8.021   321.5     -0.235     -1.288     -0.474      0.471      0.078      0.248
64.6500      -29980.249   -29988.561        8.312   333.2     -1.005     -0.520     -0.140     -0.119     -0.165      0.105
64.7000      -29980.379   -29988.619        8.240   330.3     -0.993      0.203     -1.114     -0.207     -0.034     -0.333
64.7500      -29980.228   -29988.467        8.239   330.2     -1.165     -1.276     -0.716      0.225      0.377     -0.632
64.8000      -29980.627   -29988.354        7.726   309.7     -0.102     -0.721     -0.386     -0.108     -0.480     -0.012
64.8500      -29980.260   -29988.582        8.322   333.6     -0.565     -0.387      0.392     -0.230      0.009      0.029
64.9000      -29979.953   -29987.951        7.999   320.6     -0.468     -0.370     -1.629     -0.196     -0.013     -0.473
64.9500      -29979.735   -29988.027        8.292   332.4     -0.310      0.030     -0.387     -0.085     -0.351     -0.295
65.0000      -29979.465   -29987.561        8.095   324.5      0.067     -1.235     -0.189     -0.013     -0.188      0.131
65.0500      -29980.091   -29988.193        8.103   324.8     -0.765     -0.135     -1.275     -0.134      0.283     -0.405
65.1000      -29979.918   -29988.432        8.513   341.2     -0.079     -0.585      0.302     -0.498      0.015     -0.313
65.1500      -29979.850   -29988.678        8.827   353.8     -0.458     -0.737     -0.246     -0.328     -0.638      0.115
65.2000      -29979.808   -29988.311        8.502   340.8     -0.105      0.009     -0.448     -0.007      0.527     -0.312
65.2500      -29979.879   -29988.555        8.676   347.8     -0.897     -0.302     -0.266      0.133     -0.547      0.136
65.3000      -29980.195   -29988.445        8.250   330.7     -0.354      0.057      0.088      0.053      0.432      0.047
65.3500      -29980.269   -29988.918        8.649   346.7     -0.482     -0.839     -0.170     -0.099     -0.266      0.019
65.4000      -29980.738   -29989.271        8.533   342.0     -0.259     -0.589     -0.915     -0.385      0.406     -0.071
65.4500      -29981.306   -29988.859        7.554   302.8     -0.809     -0.007     -0.663     -0.247     -0.557      0.276
65.5000      -29981.382   -29989.529        8.147   326.6     -0.056     -0.460     -0.033     -0.110     -0.049     -0.614
65.5500      -29981.795   -29989.969        8.174   327.7      0.150      0.009      0.096     -0.250      0.091     -0.119
65.6000      -29981.474   -29989.879        8.405   336.9      0.619     -0.883     -0.439      0.033     -0.517     -0.304
65.6500      -29981.347   -29989.396        8.050   322.7     -0.984     -0.246      0.356     -0.246     -0.144      0.129
65.7000      -29980.521   -29989.623        9.102   364.9     -0.735     -0.471     -0.738     -0.098     -0.341     -0.039
65.7500      -29980.518   -29989.422        8.904   356.9     -0.227      0.571      0.021     -0.011     -0.076     -0.363
65.8000      -29980.140   -29989.328        9.188   368.3     -1.864     -1.303     -1.225      0.059     -0.071     -0.303
65.8500      -29980.129   -29989.318        9.190   368.4     -0.744     -0.818     -0.297     -0.458     -0.151      0.153
65.9000      -29980.458   -29989.396        8.939   358.3     -0.382     -0.116     -0.003      0.273     -0.205      0.243
65.9500      -29980.728   -29989.721        8.993   360.5     -0.184     -0.308     -0.016      0.236     -0.105      0.727
66.0000      -29980.586   -29989.166        8.580   343.9     -0.537     -0.074      0.038      0.369     -0.586      0.248
66.0500      -29980.384   -29988.783        8.399   336.7     -1.166     -0.971     -1.496      0.369     -0.256      0.297
66.1000      -29980.503   -29988.381        7.878   315.8      0.209     -0.764     -0.683     -0.190      0.483      0.608
66.1500      -29979.912   -29988.211        8.299   332.7     -0.922     -0.050     -0.501     -0.030     -0.237     -0.250
66.2000      -29980.587   -29988.994        8.407   337.0     -0.040     -0.724     -0.667     -0.454     -0.308      0.044
66.2500      -29981.047   -29989.748        8.701   348.8     -0.397      0.015     -0.286     -0.017      0.089      0.152
66.3000      -29981.424   -29989.756        8.332   334.0     -1.199     -0.605     -0.064     -0.255     -0.440     -0.347
66.3500      -29982.432   -29990.164        7.732   309.9      0.045     -0.366     -0.719     -0.251     -0.100      0.508
66.4000      -29983.156   -29991.039        7.883   316.0     -0.217     -0.677     -0.065      0.061     -0.366      0.508
66.4500      -29983.208   -29989.877        6.669   267.3      0.341      0.179      0.059      0.219      0.385     -0.439
66.5000      -29983.329   -29990.518        7.188   288.1     -0.495     -0.302      0.328     -0.130      0.468     -0.053
66.5500      -29983.274   -29990.119        6.845   274.4      0.460     -0.585     -0.416     -0.162      0.529      0.199
66.6000      -29982.992   -29990.531        7.539   302.2     -0.104      0.848      0.239      0.025      0.265      0.164
66.6500      -29982.973   -29990.473        7.499   300.6      0.604      0.494     -0.156     -0.113     -0.114     -0.363
66.7000      -29983.049   -29990.355        7.307   292.9     -0.835     -0.850     -0.759      0.150      0.305      0.083
66.7500      -29983.261   -29991.197        7.936   318.1     -0.205      0.267     -0.465      0.165     -0.459      0.189
66.8000      -29983.200   -29990.930        7.730   309.8      0.121     -0.469     -0.524     -0.428     -0.141      0.113
66.8500      -29983.071   -29990.678        7.607   304.9     -0.426      0.604     -0.422      0.494      0.226      0.086
66.9000      -29982.950   -29990.570        7.620   305.5     -0.607     -0.738     -0.064     -0.207     -0.404      0.685
66.9500      -29983.305   -29990.791        7.486   300.1     -1.979     -0.390     -0.986      0.119      0.615     -0.197
67.0000      -29983.466   -29991.264        7.797   312.6     -0.583      0.614     -0.145     -0.348     -0.226      0.407
67.0500      -29983.796   -29991.205        7.409   297.0     -0.943     -0.414      0.041     -0.074     -0.056     -0.571
67.1000      -29983.795   -29990.855        7.061   283.0      0.263      0.695     -0.325     -0.606     -0.100      0.527
67.1500      -29984.138   -29991.902        7.765   311.2     -1.369     -1.027     -0.191     -0.049     -0.138     -0.188
67.2000      -29983.842   -29991.117        7.275   291.6      0.063     -0.087     -0.367     -0.471     -0.305     -0.373
67.2500      -29983.814   -29991.225        7.410   297.0      0.099     -0.771      0.812     -0.613      0.178      0.055
67.3000      -29983.278   -29991.189        7.912   317.1      0.034      0.717      0.355     -0.199      0.374      0.124
67.3500      -29982.761   -29990.348        7.586   304.1      0.575     -0.000     -0.091      0.261      0.198      0.341
67.4000      -29982.778   -29991.059        8.281   331.9      0.522      0.053      0.812     -0.922     -0.205      0.067
67.4500      -29982.204   -29990.219        8.015   321.3     -0.317      0.001      0.156      0.165     -0.615     -0.276
67.5000      -29981.895   -29990.359        8.464   339.3     -0.688     -0.881     -0.172     -0.073      0.264      0.817
67.5500      -29982.245   -29990.264        8.018   321.4     -0.709     -0.629     -0.754     -0.082     -0.302      0.120
67.6000      -29982.301   -29990.207        7.906   316.9      0.105     -0.311      0.194      0.104      0.138     -0.463
67.6500      -29981.661   -29989.945        8.285   332.1     -0.585     -0.914     -1.150     -0.011     -0.536     -0.340
67.7000      -29981.341   -29989.902        8.562   343.2     -0.676     -1.018     -1.027      0.277      0.142      0.578
67.7500      -29981.416   -29989.670        8.254   330.9     -0.688     -1.745      0.314     -0.003      0.018     -0.260
67.8000      -29981.245   -29989.232        7.988   320.2      0.160     -0.403     -0.808     -0.100      0.483      0.053
67.8500      -29981.194   -29989.523        8.330   333.9     -0.005     -0.708     -0.586     -0.230      0.078     -0.479
67.9000      -29981.189   -29988.992        7.803   312.8     -0.408     -1.182     -0.669     -0.553      0.054     -0.324
67.9500      -29981.297   -29989.689        8.393   336.4     -0.243     -0.257     -0.883     -0.278      0.027      0.025
68.0000      -29981.439   -29988.891        7.452   298.7     -0.788     -0.842     -0.401      0.579      0.271     -0.046
68.0500      -29980.827   -29988.875        8.048   322.6     -0.208     -0.389     -0.248     -0.574     -0.273     -0.088
68.1000      -29980.946   -29989.330        8.384   336.1     -0.607     -0.632     -0.800      0.101     -0.452      0.021
68.1500      -29980.479   -29989.230        8.752   350.8     -0.549     -0.109     -0.455     -0.789      0.088      0.315
68.2000      -29980.817   -29989.803        8.986   360.2     -0.221     -0.380      0.014      0.051      0.099     -0.437
68.2500      -29980.824   -29989.459        8.635   346.1      0.046     -0.383      0.189     -0.238      0.028     -0.163
68.3000      -29980.667   -29989.076        8.409   337.1     -0.818     -0.075     -0.132     -0.433      0.796     -0.175
68.3500      -29980.650   -29988.895        8.244   330.5      0.414     -1.155     -0.746      0.259      0.091      0.145
68.4000      -29980.479   -29988.871        8.392   336.4      0.273     -0.499      0.324     -0.596     -0.186     -0.018
68.4500      -29980.465   -29988.838        8.373   335.6     -0.633     -0.537      0.118      0.793      0.242     -0.053
68.5000      -29979.956   -29989.645        9.689   388.4     -0.203     -1.278     -0.967      0.038      0.746     -0.311
68.5500      -29980.145   -29988.600        8.454   338.9     -0.196     -0.987     -0.853      0.149      0.006     -0.126
68.6000      -29980.362   -29989.123        8.761   351.2     -0.914     -0.501     -0.566     -0.251      0.868     -0.450
68.6500      -29980.369   -29988.928        8.559   343.1      0.261     -0.337     -0.239     -0.228     -0.333     -0.245
68.7000      -29980.505   -29989.555        9.050   362.8     -0.320     -0.494     -0.672     -0.726     -0.496      0.449
68.7500      -29981.120   -29989.250        8.130   325.9     -0.246      0.130     -0.064      0.678      0.450      0.011
68.8000      -29981.478   -29989.799        8.321   333.5     -0.260     -0.515     -0.775     -0.682      0.255     -0.304
68.8500      -29981.712   -29989.240        7.528   301.7      0.292     -0.004     -0.112     -0.398     -0.528     -0.438
68.9000      -29981.310   -29989.531        8.221   329.5      0.636      0.118     -0.024      0.408      0.031     -0.322
68.9500      -29981.493   -29989.270        7.776   311.7     -0.344     -0.600      0.398      0.017     -0.232     -0.217
69.0000      -29982.040   -29989.553        7.512   301.1     -0.507      0.685     -1.039      0.469     -0.597     -0.042
69.0500      -29982.337   -29990.289        7.952   318.7      0.102      0.379     -0.060      0.014      0.016      0.045
69.1000      -29982.373   -29989.781        7.408   297.0     -0.451     -0.130     -0.654      0.089      0.065      0.400
69.1500      -29982.142   -29989.359        7.217   289.3      0.239      0.061     -0.172      0.020      0.332     -0.416
69.2000      -29981.744   -29989.656        7.912   317.1     -0.790     -0.375     -0.167      0.438     -0.216     -0.518
69.2500      -29982.286   -29989.701        7.415   297.2     -0.362     -0.905     -0.608     -0.459      0.223     -0.272
69.3000      -29982.054   -29989.816        7.763   311.2      0.655     -0.017      0.540      0.378     -0.001     -0.027
69.3500      -29981.842   -29989.793        7.951   318.7     -0.066     -0.360     -0.602     -0.108      0.008      0.199
69.4000      -29982.112   -29990.334        8.222   329.6     -0.403      0.025      0.047     -0.206     -0.137      0.334
69.4500      -29981.841   -29990.260        8.419   337.5      0.429      0.827      1.006     -0.288      0.078      0.268
69.5000      -29982.080   -29989.938        7.857   314.9      0.204     -0.145      0.323      0.078     -0.330     -0.146
69.5500      -29981.963   -29989.639        7.676   307.7      0.721     -0.076     -0.783     -0.030      0.127      0.096
69.6000      -29982.005   -29989.631        7.626   305.7      0.456     -0.814     -0.460      0.067      0.266      0.275
69.6500      -29982.195   -29990.535        8.340   334.3     -0.285     -0.719      0.074      0.150     -0.053     -0.079
69.7000      -29982.369   -29990.678        8.308   333.0     -0.281      1.002     -0.125      0.588      0.603     -0.024
69.7500      -29982.202   -29989.887        7.685   308.1      0.306     -0.112      0.383     -0.288      0.074     -0.015
69.8000      -29982.509   -29989.777        7.269   291.4     -0.782     -0.717     -0.195      0.803      0.048     -0.008
69.8500      -29982.400   -29989.695        7.295   292.4     -0.942      0.250     -0.512     -0.135      0.099     -0.544
69.9000      -29982.205   -29990.283        8.078   323.8     -0.213      0.522      0.601      0.148      0.198      0.039
69.9500      -29982.202   -29989.992        7.790   312.3      0.372      0.195      0.240     -0.085     -0.067      0.146
70.0000      -29982.001   -29989.734        7.733   310.0      0.185     -0.445     -0.634      0.622      0.125      0.363
70.0500      -29982.078   -29989.609        7.531   301.9     -0.628      0.136      0.011     -0.381      0.013     -0.020
70.1000      -29981.701   -29989.494        7.794   312.4     -0.098      0.115     -0.446      0.000     -0.106      0.089
70.1500      -29981.680   -29989.791        8.111   325.1      0.533      0.528     -0.129      0.514      0.209      0.150
70.2000      -29981.911   -29989.605        7.694   308.4      0.332     -0.066      0.101     -0.494      0.076      0.049
70.2500      -29982.058   -29989.285        7.228   289.7     -0.281     -0.523     -1.328     -0.235     -0.227     -0.465
70.3000      -29981.832   -29989.656        7.825   313.6     -0.097      0.107      0.722     -0.236      0.262     -0.148
70.3500      -29981.739   -29989.924        8.185   328.1      0.127      0.585     -0.020     -0.099     -0.031     -0.044
70.4000      -29981.977   -29989.121        7.144   286.4      0.262     -1.366     -0.365      0.568      0.062      0.334
70.4500      -29981.755   -29989.127        7.372   295.5     -0.639      0.463      0.450     -0.024      0.136     -0.138
70.5000      -29981.352   -29989.533        8.182   328.0      0.401     -0.506     -0.774     -0.424      0.235     -0.278
70.5500      -29980.577   -29989.445        8.868   355.5     -0.161     -0.344     -1.114     -0.145     -0.167      0.050
70.6000      -29980.389   -29989.244        8.856   355.0     -0.375     -0.662     -0.562      0.249     -0.845     -0.293
70.6500      -29980.516   -29988.990        8.474   339.7     -0.635     -1.110     -1.341      0.158      0.239     -0.159
70.7000      -29980.963   -29989.098        8.134   326.1     -0.131     -0.524     -0.043     -0.048      0.218     -0.241
70.7500      -29980.706   -29989.404        8.699   348.7     -0.692     -0.504     -1.476      0.069      0.063      0.111
70.8000      -29980.804   -29988.727        7.923   317.6     -0.081      0.104      0.213     -0.632      0.290     -0.349
70.8500      -29981.370   -29989.436        8.065   323.3     -1.381     -1.517     -0.804     -0.179     -0.317     -0.443
70.9000      -29980.369   -29988.770        8.401   336.7     -0.864      0.445     -0.861     -0.376     -0.006     -0.191
70.9500      -29980.142   -29989.049        8.907   357.0     -1.045      0.117     -0.445      0.130      0.415      0.315
71.0000      -29980.033   -29988.504        8.471   339.5     -0.390      0.112     -0.301      0.296      0.023     -0.355
71.0500      -29980.457   -29988.594        8.137   326.2     -0.488      0.080     -0.944     -0.164      0.087      0.256
71.1000      -29981.133   -29989.871        8.738   350.3     -0.541     -0.352     -0.095     -0.178     -0.640     -0.370
71.1500      -29980.821   -29989.002        8.181   327.9     -0.460     -0.769     -0.519      0.616      0.024      0.635
71.2000      -29981.402   -29989.355        7.953   318.8     -0.209      0.698     -0.080      0.598      0.046     -0.273
71.2500      -29981.538   -29989.660        8.122   325.6     -0.653     -0.424     -0.283      0.352     -0.283     -0.301
71.3000      -29981.363   -29989.664        8.301   332.7     -0.284     -0.711     -1.481      0.743      0.008     -0.118
71.3500      -29981.094   -29989.064        7.971   319.5     -0.694     -1.135     -0.568      0.066     -0.575      0.116
71.4000      -29981.386   -29989.064        7.678   307.8      0.296     -0.184     -0.530      0.058      0.120      0.049
71.4500      -29981.436   -29988.811        7.374   295.6     -0.156     -0.030     -1.401     -0.613      0.054      0.114
71.5000      -29981.727   -29989.832        8.105   324.9     -0.629     -1.296     -1.686      0.072     -0.150     -0.056
71.5500      -29982.147   -29990.283        8.136   326.1     -0.923     -0.180      0.014      0.344     -0.008      0.254
71.6000      -29981.934   -29989.266        7.332   293.9      0.144      0.061     -0.998     -0.003     -0.070     -0.006
71.6500      -29981.489   -29989.137        7.647   306.5      0.589     -0.575      0.366     -0.505     -0.068      0.515
71.7000      -29981.305   -29989.318        8.013   321.2     -0.568      0.122      0.170      0.438     -0.335      0.333
71.7500      -29980.921   -29988.949        8.028   321.8     -0.724      0.201     -0.756      0.346     -0.305     -0.543
71.8000      -29981.029   -29989.250        8.221   329.5     -0.907     -1.008     -0.564     -0.197     -0.258     -0.129
71.8500      -29980.742   -29989.268        8.525   341.7     -0.754     -0.568     -0.440      0.451     -0.024      0.036
71.9000      -29981.117   -29989.012        7.895   316.5      0.427     -0.328     -1.092     -0.497      0.048     -0.282
71.9500      -29981.440   -29989.363        7.923   317.6      0.479      0.999      0.637     -0.126     -0.304      0.183
72.0000      -29981.273   -29989.377        8.104   324.8     -0.581      0.301      0.073     -0.237     -0.041     -0.291
72.0500      -29981.352   -29989.961        8.609   345.1     -0.113     -0.353     -0.375     -0.399     -0.289      0.150
72.1000      -29980.821   -29989.451        8.630   345.9     -0.255     -0.072     -0.342      0.644     -0.218     -0.219
72.1500      -29981.363   -29989.828        8.465   339.3     -0.036      0.112      0.048     -0.013     -0.111      0.259
72.2000      -29981.296   -29989.691        8.396   336.5      0.286     -0.337     -0.786      0.225     -0.164      0.104
72.2500      -29981.684   -29989.986        8.303   332.8     -0.606     -0.507     -0.827      0.541     -0.336      0.562
72.3000      -29981.543   -29989.646        8.104   324.8     -0.388     -1.461     -0.156      0.607      0.249     -1.025
72.3500      -29981.887   -29990.393        8.506   340.9     -0.183      0.398     -0.150      0.085      0.191     -0.029
72.4000      -29981.470   -29990.553        9.083   364.1     -0.091     -0.425      0.447      0.077     -0.486      0.135
72.4500      -29981.593   -29989.748        8.155   326.9     -0.578     -0.348     -0.406      0.207      0.450     -0.439
72.5000      -29981.360   -29989.514        8.154   326.8     -1.040     -0.115     -0.352     -0.229     -1.146      0.504
72.5500      -29981.489   -29990.195        8.706   349.0     -0.683     -0.417     -0.846      0.295      0.151      0.239
72.6000      -29982.070   -29989.430        7.360   295.0     -1.220     -0.775     -0.286     -0.044     -0.272     -0.607
72.6500      -29981.862   -29989.598        7.736   310.1      0.052     -0.615     -0.837      0.079      0.061      0.345
72.7000      -29981.924   -29990.291        8.367   335.4     -0.558      0.539     -0.141      0.005     -0.617      0.045
72.7500      -29981.056   -29989.980        8.924   357.7      0.170     -0.120     -0.500     -0.132      0.056      0.464
72.8000      -29981.177   -29989.121        7.944   318.5     -1.227     -1.530     -0.770      0.528     -0.194     -0.486
72.8500      -29981.112   -29989.561        8.448   338.6     -0.486      0.300     -0.487      0.324      0.253      0.554
72.9000      -29981.239   -29989.311        8.072   323.6     -0.173      0.685      0.529      0.065     -0.095     -0.381
72.9500      -29981.840   -29989.553        7.713   309.2      0.043      0.067     -0.409      0.063     -0.442     -0.143
73.0000      -29981.748   -29989.275        7.528   301.7     -0.177     -0.716      0.029      0.103     -0.751      0.044
73.0500      -29982.115   -29989.930        7.814   313.2      0.185     -0.057     -0.236      0.049     -0.169     -0.059
73.1000      -29981.939   -29990.158        8.219   329.5     -0.838     -0.699      0.019     -0.497      0.016     -0.312
73.1500      -29982.451   -29989.998        7.547   302.5     -0.927     -1.136     -0.006      0.480      0.062     -0.054
73.2000      -29982.484   -29990.287        7.803   312.8     -0.139     -0.555     -0.706     -0.141     -0.640      0.076
73.2500      -29982.135   -29990.051        7.916   317.3     -0.095     -1.019      0.476      0.421     -0.049      0.399
73.3000      -29982.589   -29990.383        7.794   312.4      0.041     -0.180      0.564      0.462      0.294     -0.446
73.3500      -29982.356   -29990.340        7.984   320.0     -1.002     -0.130     -0.712      0.054     -0.196      0.413
73.4000      -29982.336   -29990.404        8.068   323.4     -0.725     -0.713     -0.765     -0.181      0.000      0.467
73.4500      -29982.095   -29989.615        7.521   301.5      0.146      0.461     -0.119      0.838     -0.062      0.211
73.5000      -29982.165   -29989.824        7.659   307.0     -0.646     -0.342     -0.113     -0.113      0.464      0.073
73.5500      -29982.591   -29990.049        7.458   298.9     -0.334     -0.606     -0.549     -0.051     -0.137      0.018
73.6000      -29982.257   -29989.982        7.725   309.7     -0.959     -0.849     -0.380     -0.501     -0.107      0.132
73.6500      -29982.486   -29990.203        7.717   309.3     -0.189     -0.443     -0.085     -0.114     -0.875     -0.114
73.7000      -29982.372   -29990.250        7.878   315.8      0.680     -0.606     -0.297      0.053     -0.161     -0.141
73.7500      -29982.181   -29989.732        7.552   302.7     -1.237     -0.882     -0.385     -0.134     -0.138     -0.047
73.8000      -29981.801   -29989.666        7.865   315.3     -0.779      0.054     -0.951     -0.065      0.113     -0.094
73.8500      -29981.900   -29989.572        7.672   307.5     -0.534      0.900     -0.177      0.142     -0.067     -0.042
73.9000      -29982.157   -29989.711        7.554   302.8      0.505     -0.239      0.279     -0.085     -0.232      0.446
73.9500      -29981.970   -29990.461        8.491   340.3      0.370      0.037     -0.334      0.064      0.752      0.157
74.0000      -29981.773   -29989.557        7.784   312.0      0.081      0.291      0.687     -0.301     -0.047      0.409
74.0500      -29981.834   -29989.215        7.381   295.8     -0.133     -0.079     -0.217      0.051     -0.463     -0.918
74.1000      -29981.891   -29989.344        7.453   298.7      0.698      0.931      0.481      0.360      0.034      0.557
74.1500      -29981.055   -29988.635        7.580   303.8      0.046     -0.072     -0.837     -0.230     -0.023     -0.425
74.2000      -29981.840   -29989.449        7.609   305.0     -0.360     -0.372     -0.266      0.568     -0.961      0.046
74.2500      -29981.715   -29989.066        7.352   294.7     -0.201      0.645     -0.333      0.128      0.173     -0.217
74.3000      -29981.961   -29989.463        7.501   300.7     -0.826     -1.044     -0.123     -0.017      0.097      0.467
74.3500      -29982.270   -29989.764        7.493   300.4      0.907      0.271      0.393      0.087      0.478     -0.106
74.4000      -29981.976   -29989.170        7.194   288.4      0.095     -0.919      0.324     -0.115     -0.422      0.216
74.4500      -29982.094   -29989.279        7.185   288.0     -0.185      0.675     -0.268      0.490     -0.248      0.165
74.5000      -29982.184   -29989.426        7.241   290.3     -0.352     -0.419      0.161      0.119     -0.342      0.318
74.5500      -29981.692   -29989.611        7.920   317.5     -0.140     -0.246     -0.310     -0.069      0.277      0.033
74.6000      -29981.830   -29989.480        7.651   306.7     -0.442     -0.380     -0.626      0.610     -0.039     -0.104
74.6500      -29981.731   -29989.314        7.583   304.0     -0.352     -0.365     -0.106      0.026     -0.026      0.326
74.7000      -29982.001   -29989.299        7.298   292.5     -0.810     -0.619     -0.256     -0.080      0.000      0.119
74.7500      -29981.688   -29989.512        7.824   313.6      0.232      0.195     -1.043      0.410      0.217     -0.109
74.8000      -29981.310   -29989.551        8.241   330.3     -0.129     -0.377      0.179      0.027     -0.213      0.761
74.8500      -29981.408   -29989.195        7.787   312.1     -0.105     -0.082     -0.585      0.087      0.429     -0.440
74.9000      -29981.488   -29990.115        8.627   345.8     -0.843     -0.540     -0.172     -0.186     -0.303     -0.018
74.9500      -29981.429   -29990.092        8.662   347.2      0.379     -0.105     -0.119     -0.268     -0.233     -0.114
75.0000      -29981.891   -29989.744        7.853   314.8      0.200      0.952     -0.692      0.321     -0.233     -0.205
75.0500      -29982.171   -29989.822        7.651   306.7     -1.104     -0.241     -0.025     -0.218      0.118      0.297
75.1000      -29982.136   -29989.924        7.788   312.2     -0.411     -0.443     -1.323     -0.043      0.087      0.093
75.1500      -29982.105   -29989.846        7.741   310.3     -0.664     -0.566     -0.245     -0.076      0.037     -0.217
75.2000      -29982.355   -29990.211        7.856   314.9      0.328     -0.136     -0.638      0.080      0.332      0.461
75.2500      -29982.352   -29990.232        7.880   315.9      0.040     -0.044      0.168      0.438      0.006      0.017
75.3000      -29982.026   -29989.816        7.791   312.3      0.059     -0.508      0.247     -0.589     -0.259     -0.272
75.3500      -29982.288   -29990.914        8.626   345.8     -0.615      0.205     -0.288     -0.323      0.459     -0.368
75.4000      -29982.111   -29990.400        8.289   332.3     -0.336     -0.313     -0.184      0.202     -0.046     -0.278
75.4500      -29982.320   -29990.252        7.932   317.9     -0.531      0.346      0.184      0.271     -0.079     -0.202
75.5000      -29982.497   -29991.049        8.552   342.8     -0.850     -1.551     -0.573     -0.108      0.324      0.139
75.5500      -29982.382   -29989.627        7.245   290.4     -0.500      0.172      0.450     -0.078      0.395     -0.209
75.6000      -29982.420   -29989.346        6.926   277.6     -0.640      0.293     -0.657     -0.052     -0.661     -0.629
75.6500      -29981.668   -29990.205        8.537   342.2     -0.816     -0.707     -0.653     -0.395      0.180      0.026
75.7000      -29981.137   -29989.787        8.650   346.8     -0.946      0.091     -0.138      0.075      0.490      0.104
75.7500      -29981.433   -29990.012        8.579   343.9     -0.025     -0.132     -1.236      0.087     -0.060      0.183
75.8000      -29981.615   -29989.754        8.139   326.2      0.120      0.454      0.228     -0.232     -0.075      0.387
75.8500      -29981.700   -29989.938        8.237   330.2     -1.240     -1.083     -0.080      0.504      0.167      0.265
75.9000      -29981.551   -29989.881        8.330   333.9     -0.248     -0.530     -0.761     -0.255     -0.472     -0.115
75.9500      -29981.641   -29989.951        8.310   333.1      0.624      0.091     -0.023      0.003      0.038      0.390
76.0000      -29981.508   -29989.527        8.020   321.5      0.446     -0.155      0.143     -0.258     -0.144      0.728
76.0500      -29981.042   -29989.250        8.208   329.0     -0.337      0.594     -0.557     -0.092     -0.011     -0.223
76.1000      -29980.449   -29988.600        8.150   326.7     -0.353      0.209     -0.596      0.069      0.259     -0.101
76.1500      -29980.803   -29989.010        8.207   329.0      0.597      0.364     -0.237     -0.378     -0.245      0.022
76.2000      -29980.971   -29989.066        8.095   324.5      0.259      0.670      0.226     -0.121      0.169      0.172
76.2500      -29981.089   -29989.566        8.478   339.8     -0.675     -0.747     -1.145     -0.001      0.176      0.277
76.3000      -29981.498   -29989.955        8.457   339.0     -0.403     -0.247      0.224      0.353     -0.313     -0.639
76.3500      -29981.752   -29990.443        8.691   348.4      0.464     -1.049      0.052     -0.213     -0.204      0.343
76.4000      -29981.800   -29989.809        8.008   321.0     -1.111     -0.643     -0.707     -0.205      0.277      0.837
76.4500      -29981.579   -29989.787        8.208   329.0     -0.185     -0.371     -1.739      0.152     -0.207     -0.239
76.5000      -29981.298   -29989.320        8.022   321.6      0.240      0.713      0.645      0.012      0.252      0.081
76.5500      -29981.347   -29989.602        8.255   330.9     -0.586      0.205     -0.398      0.282     -0.148      0.125
76.6000      -29981.470   -29989.701        8.232   330.0     -0.410     -0.650     -0.033      0.186      0.385      0.006
76.6500      -29981.502   -29989.229        7.727   309.7      0.302      0.466      0.939     -0.853     -0.243     -0.146
76.7000      -29980.685   -29988.992        8.307   333.0     -0.169     -0.594     -0.694      0.024     -0.346     -0.202
76.7500      -29981.090   -29989.928        8.837   354.2     -0.470     -0.256     -0.439     -0.219      0.351      0.553
76.8000      -29981.184   -29989.039        7.855   314.9     -0.057     -0.138     -1.014     -0.202      0.216     -0.132
76.8500      -29981.526   -29989.721        8.195   328.5     -0.053     -0.243      0.304     -0.194     -0.682      0.110
76.9000      -29981.838   -29989.771        7.934   318.0     -0.070     -0.177     -0.349      0.378     -0.815      0.157
76.9500      -29981.935   -29990.045        8.110   325.1     -1.693     -0.835     -1.127      0.388      0.086     -0.317
77.0000      -29981.908   -29989.611        7.703   308.8      0.332     -0.919     -1.384     -0.588     -0.968     -0.008
77.0500      -29981.827   -29990.041        8.214   329.2     -0.094     -0.358     -0.105      0.074     -0.038     -0.211
77.1000      -29981.901   -29988.980        7.079   283.8     -0.681     -0.466      0.033     -0.055      0.296     -0.293
77.1500      -29981.874   -29989.453        7.579   303.8      0.182     -0.131      0.815     -0.297     -0.304      0.181
77.2000      -29981.601   -29989.885        8.283   332.0     -0.430     -0.885     -0.119      0.055      0.269     -0.574
77.2500      -29981.543   -29989.137        7.594   304.4      0.062      0.751     -0.377     -0.237      0.160     -0.027
77.3000      -29981.240   -29989.287        8.047   322.5      0.118     -0.235     -0.008      0.683     -0.014     -0.226
77.3500      -29980.852   -29989.826        8.974   359.7      0.049     -0.181     -0.417     -0.140     -0.064     -0.441
77.4000      -29981.043   -29988.840        7.797   312.5     -0.165     -0.626     -0.491      0.065     -0.426     -0.388
77.4500      -29981.556   -29989.828        8.272   331.6      0.594     -0.442      0.157     -0.025     -0.452      0.201
77.5000      -29981.171   -29989.721        8.550   342.7     -0.465     -0.675     -0.296     -0.522     -0.053     -0.413
77.5500      -29981.563   -29989.648        8.086   324.1     -0.258     -0.791     -1.069      0.560      0.827      0.126
77.6000      -29981.783   -29989.971        8.187   328.2     -0.695     -0.240     -0.735      0.130     -0.381      0.377
77.6500      -29981.634   -29989.926        8.291   332.4     -0.389     -0.425      0.288      0.416      0.318      0.249
77.7000      -29981.229   -29989.447        8.218   329.4     -0.251      0.083     -0.413     -0.932     -0.068     -0.056
77.7500      -29981.240   -29989.234        7.995   320.5     -0.789     -1.064     -0.703     -0.290      0.457      0.399
77.8000      -29980.811   -29989.182        8.371   335.5     -0.836     -0.591      0.174     -0.176     -0.009      0.215
77.8500      -29980.619   -29989.029        8.410   337.1      0.188     -0.383     -1.059     -0.184     -0.632     -0.290
77.9000      -29980.407   -29988.523        8.116   325.3     -0.016      0.186      0.217     -0.123     -0.067     -0.068
77.9500      -29979.973   -29988.998        9.025   361.8     -0.073      0.643     -0.375      0.101      0.820      0.526
78.0000      -29980.093   -29988.459        8.366   335.4     -0.788     -0.713     -0.340     -0.108     -0.049      0.132
78.0500      -29980.674   -29987.955        7.281   291.8      1.202      1.031      0.930      0.149     -0.202      0.287
78.1000      -29980.959   -29988.592        7.632   305.9     -0.044     -0.136      0.295     -0.319     -0.373     -0.201
78.1500      -29980.970   -29989.076        8.106   324.9      0.848      1.132      1.091     -0.081     -0.204      0.021
78.2000      -29980.737   -29988.922        8.184   328.1      0.144     -0.777     -0.201      0.077     -0.040      0.059
78.2500      -29980.882   -29988.930        8.047   322.6     -0.608     -0.317      1.192      0.425      0.022      0.432
78.3000      -29980.629   -29988.633        8.004   320.8     -0.040     -0.006     -0.740     -0.445     -0.252     -0.675
78.3500      -29980.306   -29989.053        8.747   350.6     -0.246     -0.008      0.014     -0.249     -0.366      0.122
78.4000      -29980.450   -29989.098        8.647   346.6      0.921      0.477     -1.524      0.174     -0.046      0.440
78.4500      -29980.285   -29988.961        8.676   347.8     -0.818     -0.227     -0.126      0.019      0.304      0.056
78.5000      -29980.556   -29988.869        8.313   333.2     -0.582      0.401      1.094     -0.207     -0.475     -0.112
78.5500      -29980.428   -29989.143        8.715   349.3     -0.859     -0.397     -1.575     -0.292     -0.137     -0.126
78.6000      -29980.544   -29989.201        8.657   347.0      0.010     -0.683      0.450      0.326      0.187      0.309
78.6500      -29980.381   -29989.125        8.744   350.5     -1.357     -0.580     -1.226     -0.501      0.027     -0.465
78.7000      -29980.107   -29989.295        9.188   368.3     -0.631     -1.219     -0.829      0.289      0.386      0.291
78.7500      -29979.686   -29988.715        9.029   361.9     -0.705     -0.787     -0.762      0.104     -0.061     -0.058
78.8000      -29980.240   -29988.379        8.139   326.2     -1.479     -0.329     -0.355     -0.644      0.229      0.140
78.8500      -29980.757   -29988.521        7.765   311.3     -0.402     -0.034      0.130      0.193     -0.180     -0.291
78.9000      -29980.666   -29989.014        8.347   334.6     -1.054      0.136     -0.149      0.154      0.257      0.080
78.9500      -29981.096   -29988.766        7.670   307.4      0.523      0.189     -0.451     -0.243      0.565      0.290
79.0000      -29980.964   -29988.348        7.384   296.0     -0.216     -0.680     -0.081     -0.348     -0.229      0.084
79.0500      -29980.545   -29988.422        7.877   315.7     -1.000     -0.885     -1.583     -0.031     -0.453     -0.406
79.1000      -29980.505   -29988.713        8.208   329.0     -0.254     -0.676      0.403     -0.251      0.815      0.573
79.1500      -29980.857   -29989.326        8.469   339.5      0.074     -0.190      0.267     -0.307      0.072      0.143
79.2000      -29981.214   -29989.152        7.938   318.2      0.075     -0.482     -0.170     -0.356     -0.149      0.060
79.2500      -29981.432   -29988.900        7.468   299.3      0.204     -0.727      0.580     -0.504     -0.055     -0.846
79.3000      -29981.480   -29989.072        7.592   304.3     -0.322      0.095     -0.454      0.059     -0.365      0.064
79.3500      -29981.672   -29989.283        7.611   305.1      0.575      0.135     -0.518      0.103      0.276      0.703
79.4000      -29981.779   -29989.906        8.127   325.8     -0.643      0.115      0.404      0.038     -0.006      0.245
79.4500      -29981.800   -29989.775        7.975   319.7     -0.872     -1.386     -0.534     -0.264     -0.142     -0.668
79.5000      -29981.960   -29989.301        7.341   294.3     -1.150     -0.335     -0.736      0.300     -0.849     -0.114
79.5500      -29981.851   -29989.951        8.100   324.7     -0.437     -0.447      0.326     -0.425      0.298      0.427
79.6000      -29981.552   -29989.045        7.492   300.3      0.333     -0.234      0.494     -0.507     -1.006     -0.398
79.6500      -29981.534   -29989.824        8.290   332.3      0.334     -0.573      1.246     -0.395     -0.468      0.061
79.7000      -29981.599   -29989.656        8.058   323.0      0.100      0.399     -0.237      0.123      0.126      0.335
79.7500      -29981.384   -29989.029        7.645   306.5     -0.748     -0.530     -0.850      0.005     -0.256     -0.292
79.8000      -29981.638   -29989.775        8.138   326.2     -0.399     -0.317     -0.442     -0.553     -0.101     -0.715
79.8500      -29981.691   -29989.232        7.541   302.3     -1.102     -0.509     -0.084      0.385     -0.415      0.623
79.9000      -29981.962   -29989.189        7.228   289.7     -0.617     -0.662     -0.608      0.053      0.404      0.234
79.9500      -29981.983   -29989.164        7.181   287.8     -0.101     -0.690     -0.103     -0.074      0.165     -0.001
80.0000      -29981.908   -29989.039        7.131   285.9     -2.089     -0.336     -1.063     -0.130      0.271     -0.090
80.0500      -29981.768   -29989.219        7.451   298.7     -0.477     -0.612     -0.784      0.126     -0.703     -0.029
80.1000      -29981.323   -29989.117        7.794   312.4     -0.842     -0.916     -1.024      0.510      0.055     -0.075
80.1500      -29982.110   -29989.525        7.415   297.2     -0.484      0.180     -0.142      0.603     -0.292      0.079
80.2000      -29981.713   -29989.053        7.339   294.2     -0.431     -0.439     -0.344      0.197     -0.316     -0.330
80.2500      -29981.721   -29989.463        7.742   310.3     -0.705     -0.595     -0.396     -0.097     -0.107      0.032
80.3000      -29982.139   -29989.740        7.601   304.7     -0.192     -0.170     -0.405      0.031     -0.226      0.120
80.3500      -29982.064   -29989.592        7.528   301.8     -0.472     -0.139     -0.326      0.392      0.194      0.124
80.4000      -29980.986   -29988.674        7.688   308.2     -0.587     -0.762     -0.030     -0.273     -0.030      0.393
80.4500      -29980.463   -29988.811        8.348   334.6     -0.305     -1.013     -1.141      0.474     -0.353     -0.281
80.5000      -29980.288   -29988.951        8.663   347.2      0.049     -0.251     -0.894      0.270      0.178      1.176
80.5500      -29980.429   -29988.750        8.321   333.6     -0.401     -0.514     -0.488     -0.057      0.241     -0.244
80.6000      -29980.531   -29988.420        7.889   316.2     -0.172      0.048     -0.023     -0.288     -0.137     -0.547
80.6500      -29980.748   -29988.793        8.045   322.5     -0.244      1.337      0.100      0.755      0.699      0.307
80.7000      -29980.727   -29988.898        8.172   327.6      0.625     -0.447     -0.115     -0.425      0.466      0.014
80.7500      -29980.573   -29988.576        8.003   320.8      0.558     -1.567     -0.333      0.742      0.261     -0.176
80.8000      -29980.599   -29989.008        8.409   337.1     -1.024      0.033     -0.295      0.133      0.083      0.423
80.8500      -29980.341   -29988.180        7.839   314.2     -0.511     -1.057     -0.798     -0.001     -0.304     -0.178
80.9000      -29980.271   -29988.746        8.475   339.7     -1.979     -0.692     -0.109      0.052     -0.368     -0.463
80.9500      -29979.829   -29987.479        7.649   306.6      0.426     -0.020      0.092      0.571      0.202      0.460
81.0000      -29980.217   -29987.244        7.027   281.7     -0.232      0.073     -0.309      0.264      0.144      0.013
81.0500      -29979.956   -29987.996        8.041   322.3     -0.716     -0.352      0.549     -0.405     -0.395     -0.108
81.1000      -29980.188   -29988.379        8.191   328.3     -0.101     -0.564     -0.348     -0.060     -0.150      0.122
81.1500      -29980.146   -29988.072        7.926   317.7     -0.501     -0.703     -0.653      0.526     -0.611      0.034
81.2000      -29980.637   -29988.697        8.060   323.1      0.026     -0.410     -0.693      0.174      0.646     -0.096
81.2500      -29980.914   -29988.967        8.053   322.8      0.703      0.307     -0.328     -0.062     -0.011     -0.392
81.3000      -29980.556   -29988.979        8.423   337.6     -0.218     -0.568     -0.529      0.008      0.359      0.220
81.3500      -29980.948   -29989.371        8.423   337.7      0.007     -1.208     -0.677      0.200     -0.442     -0.226
81.4000      -29980.508   -29988.590        8.082   324.0      0.117     -0.359      0.128      0.593     -0.214      0.043
81.4500      -29980.591   -29988.801        8.210   329.1     -0.518     -0.534     -0.618     -0.013      0.186      0.625
81.5000      -29980.381   -29988.021        7.640   306.3      1.055      0.749      1.074     -0.619     -0.120      0.423
81.5500      -29980.390   -29988.684        8.293   332.4     -0.859     -1.244     -0.973     -0.098     -0.239      0.284
81.6000      -29980.411   -29988.797        8.386   336.1      0.629      0.357      0.161     -0.767      0.099     -0.148
81.6500      -29980.408   -29987.984        7.577   303.7     -0.350     -1.271     -1.151     -0.265      0.291     -0.113
81.7000      -29980.726   -29989.770        9.044   362.5      0.620     -0.665     -1.247      0.074      0.049      0.152
81.7500      -29980.546   -29988.879        8.333   334.0      0.551     -0.698      0.027     -0.057     -0.371     -0.429
81.8000      -29980.582   -29988.693        8.111   325.1      0.217      0.161     -1.163      0.357     -0.058     -0.737
81.8500      -29980.434   -29989.080        8.646   346.6     -0.381      0.285     -0.408      0.249      0.244      0.400
81.9000      -29980.747   -29989.453        8.707   349.0      0.055      0.003     -0.156      0.496     -0.600     -0.092
81.9500      -29980.970   -29988.975        8.005   320.9     -0.280      0.162     -0.704     -0.058      0.171      0.417
82.0000      -29980.835   -29988.621        7.786   312.1      0.410      0.274     -0.495      0.518      0.055      0.188
82.0500      -29980.685   -29988.086        7.401   296.7      0.131     -1.237     -0.226     -0.387      0.517      0.428
82.1000      -29980.531   -29988.873        8.342   334.4     -0.274      0.117     -0.894      0.349      0.053      0.446
82.1500      -29980.791   -29988.896        8.106   324.9     -0.214     -0.267      0.424      0.005     -0.364      0.247
82.2000      -29981.105   -29989.000        7.895   316.5     -0.160     -0.387     -0.303      0.217     -0.206     -0.358
82.2500      -29980.954   -29988.469        7.514   301.2      0.086     -0.800     -0.862     -0.003     -0.007     -0.427
82.3000      -29981.184   -29989.629        8.445   338.5     -0.187     -0.542      0.456      0.145      0.167     -0.466
82.3500      -29980.953   -29989.564        8.611   345.2     -0.330     -1.068     -1.549      0.183      0.376      0.313
82.4000      -29981.315   -29989.381        8.066   323.3     -0.250     -0.007     -0.229      0.049     -0.575      0.681
82.4500      -29981.526   -29989.854        8.327   333.8      0.072     -0.501     -0.679      0.434     -0.327     -0.072
82.5000      -29982.060   -29989.561        7.501   300.7     -0.824     -0.836     -0.795     -0.308      0.134     -0.387
82.5500      -29981.984   -29989.539        7.555   302.9     -0.762     -0.474     -0.674      0.279      0.290      0.247
82.6000      -29982.091   -29990.105        8.014   321.3     -0.647     -0.982     -0.731      0.271      0.024      0.401
82.6500      -29981.718   -29989.895        8.176   327.8      0.334     -0.350     -0.187      0.064     -0.514      0.589
82.7000      -29981.776   -29989.078        7.302   292.7     -0.276     -0.209      0.020     -0.088      0.240     -0.240
82.7500      -29981.742   -29988.926        7.184   288.0      0.040     -0.424     -0.992      0.750     -0.307      0.243
82.8000      -29981.537   -29989.211        7.674   307.6     -0.574     -1.047     -0.065      0.133      0.162     -0.242
82.8500      -29981.838   -29989.820        7.982   320.0     -0.364      0.309      0.107      0.003     -0.113     -0.234
82.9000      -29982.151   -29989.301        7.149   286.6      0.492     -1.214     -0.480      0.170     -0.146     -0.275
82.9500      -29981.938   -29989.559        7.621   305.5      0.092     -0.048     -0.370     -0.492      0.044      0.015
83.0000      -29981.810   -29990.203        8.393   336.4     -0.269     -0.457     -0.605     -0.130     -0.125      0.155
83.0500      -29981.133   -29989.949        8.816   353.4     -1.115     -1.196     -0.133     -0.202     -0.277     -0.483
83.1000      -29981.130   -29989.381        8.251   330.7     -0.506      0.026     -0.205      0.277      0.663     -0.166
83.1500      -29980.912   -29989.369        8.457   339.0     -0.569     -1.225     -0.130     -0.356     -0.325      0.318
83.2000      -29980.965   -29988.643        7.677   307.7     -0.009     -0.801     -0.663      0.237      0.170     -0.355
83.2500      -29980.799   -29988.852        8.052   322.8     -1.062     -0.288     -0.038     -0.237     -0.562      0.076
83.3000      -29980.520   -29988.283        7.763   311.2      0.232     -0.017     -0.703      0.414      0.408      0.137
83.3500      -29980.735   -29988.789        8.054   322.9     -0.914     -1.486     -0.316     -0.285      0.165      0.183
83.4000      -29980.575   -29988.803        8.227   329.8     -0.280     -0.043     -1.154      0.003     -0.021      0.512
83.4500      -29980.559   -29988.488        7.929   317.8     -0.565      0.590      0.586     -0.276      0.350     -0.008
83.5000      -29980.273   -29988.078        7.806   312.9      0.306      1.301      0.219      0.091      0.311      0.376
83.5500      -29980.250   -29988.055        7.805   312.9     -0.321      0.295     -0.615     -0.770     -0.076     -0.075
83.6000      -29980.475   -29989.354        8.878   355.9     -0.172     -0.417     -0.100      0.086      0.101      0.343
83.6500      -29981.120   -29989.652        8.533   342.0     -1.295     -0.099     -0.797      0.242      0.268     -0.113
83.7000      -29981.265   -29989.596        8.330   333.9     -1.127      0.125     -0.654     -0.283     -0.176      0.302
83.7500      -29981.465   -29989.434        7.969   319.4     -0.324     -0.943     -0.743      0.978      0.008      0.355
83.8000      -29980.891   -29989.424        8.533   342.0     -0.566     -0.510     -0.767     -0.183     -0.124     -0.188
83.8500      -29980.733   -29988.861        8.128   325.8     -0.819      0.655     -0.348     -0.268     -0.024     -0.077
83.9000      -29980.436   -29989.168        8.732   350.0      0.099     -1.386     -0.475      0.102     -0.367     -0.428
83.9500      -29980.423   -29988.723        8.299   332.7     -1.418     -0.631     -1.239      0.131      0.276     -0.188
84.0000      -29980.446   -29989.520        9.074   363.7     -0.395      0.078     -0.343     -0.137     -0.295      0.175
84.0500      -29980.110   -29989.012        8.902   356.8      0.088     -0.384     -1.010      0.089      0.290     -0.317
84.1000      -29980.328   -29989.094        8.765   351.4     -1.620     -0.980     -1.016      0.044     -0.045      0.142
84.1500      -29980.251   -29988.320        8.069   323.5     -0.828     -0.976     -0.326      0.348     -0.133      0.045
84.2000      -29980.355   -29988.320        7.965   319.3     -0.488     -0.699     -0.976     -0.117     -0.185     -0.577
84.2500      -29980.538   -29988.562        8.024   321.7      0.171     -0.528     -0.168     -0.087     -0.453      0.150
84.3000      -29980.292   -29988.699        8.407   337.0     -0.395     -0.228      0.043      0.503      0.314     -0.183
84.3500      -29979.949   -29988.496        8.547   342.6     -0.221     -0.753     -0.872      0.082     -0.278     -0.348
84.4000      -29980.130   -29987.766        7.636   306.1      0.059     -0.767     -0.096     -0.177      0.384     -0.095
84.4500      -29979.931   -29988.186        8.255   330.9     -0.057      0.178     -1.005      0.768      0.204      0.407
84.5000      -29980.587   -29989.299        8.712   349.2     -0.837      0.485     -0.070     -0.043      0.185      0.427
84.5500      -29980.629   -29988.850        8.221   329.5     -0.548     -0.120     -0.495      0.368     -0.038     -0.184
84.6000      -29980.401   -29988.281        7.881   315.9     -0.063      0.347     -0.487     -0.296     -0.334      0.127
84.6500      -29980.459   -29988.643        8.183   328.0      0.741     -0.300      0.247     -0.191      0.107      0.202
84.7000      -29980.135   -29988.766        8.631   346.0     -0.376     -0.087     -0.121      0.130      0.046     -0.082
84.7500      -29980.263   -29988.361        8.099   324.6     -1.505     -1.744     -1.010      0.079     -0.290      0.371
84.8000      -29980.520   -29988.959        8.439   338.3     -2.211     -0.364     -0.388      0.291      0.669     -0.408
84.8500      -29980.860   -29989.342        8.482   340.0     -0.353     -0.619      0.213      0.032     -0.179      0.388
84.9000      -29980.518   -29988.662        8.144   326.4     -0.728     -0.767     -1.544     -0.265     -0.295     -0.128
84.9500      -29980.623   -29988.441        7.818   313.4     -0.702     -0.131     -0.503      0.159      0.922      0.592
85.0000      -29980.796   -29989.578        8.782   352.0     -0.646     -0.372     -0.379      0.098      0.361      0.329
85.0500      -29981.019   -29988.408        7.389   296.2     -0.508     -0.169     -0.450     -0.446     -0.081      0.299
85.1000      -29980.734   -29989.150        8.417   337.4     -0.823     -0.623     -0.753      0.193      0.023      0.348
85.1500      -29980.680   -29989.223        8.542   342.4     -0.198     -0.221      0.116     -0.125      0.171     -0.463
85.2000      -29980.766   -29989.549        8.783   352.1     -1.183     -0.248     -0.228      0.174     -0.160     -0.172
85.2500      -29981.250   -29989.271        8.022   321.5     -0.556     -0.514      0.652      0.054      0.026     -0.661
85.3000      -29980.791   -29988.914        8.123   325.6     -0.506     -0.526     -0.612     -0.236      0.184      0.382
85.3500      -29980.233   -29989.537        9.304   373.0     -0.425     -1.297     -0.936      0.459      0.766     -0.030
85.4000      -29980.032   -29987.881        7.849   314.6     -1.757     -0.409     -0.108     -0.032     -0.145     -0.137
85.4500      -29980.183   -29988.900        8.717   349.4     -0.860     -0.622     -0.458      1.092     -0.169      0.071
85.5000      -29981.048   -29989.736        8.688   348.3      0.631     -0.619      0.340      0.116      0.396      0.400
85.5500      -29981.164   -29989.189        8.025   321.7     -0.346     -0.154      0.148      0.036     -0.885     -0.405
85.6000      -29980.815   -29989.703        8.889   356.3     -0.445      0.198     -0.737      0.399      0.133     -0.188
85.6500      -29981.033   -29989.113        8.081   323.9     -0.433     -0.558      0.119     -0.370     -0.511      0.349
85.7000      -29980.723   -29988.576        7.853   314.8      0.226     -0.944      0.265     -0.123      0.414     -0.023
85.7500      -29980.595   -29988.547        7.952   318.7     -0.686     -0.084     -0.317      0.405     -0.441      0.459
85.8000      -29980.473   -29989.145        8.671   347.6     -0.221     -1.003     -0.458     -0.474     -0.065     -0.201
85.8500      -29980.509   -29989.549        9.039   362.3      0.605     -0.865     -0.987     -0.042      0.021      0.377
85.9000      -29980.652   -29988.674        8.021   321.5     -0.370     -0.685     -0.023     -0.213     -0.313      0.132
85.9500      -29980.558   -29988.799        8.240   330.3     -0.782     -0.286     -0.273      0.376     -0.418     -0.112
86.0000      -29980.593   -29989.258        8.665   347.3     -0.522     -0.292     -0.019     -0.352     -0.178     -0.353
86.0500      -29980.850   -29989.537        8.687   348.2      0.065      0.138      0.394     -0.439      0.090     -0.200
86.1000      -29980.226   -29988.609        8.383   336.0     -0.940     -1.161      0.487     -0.413     -0.285      0.167
86.1500      -29980.350   -29988.672        8.322   333.6     -0.576      0.112     -0.774     -0.359     -0.048      0.260
86.2000      -29980.465   -29989.129        8.664   347.3     -1.470     -1.191     -0.711     -0.172     -0.120     -0.196
86.2500      -29980.738   -29988.625        7.887   316.2     -0.374     -0.934     -1.081     -0.351      0.017     -0.117
86.3000      -29981.419   -29989.404        7.985   320.1     -0.741     -0.616     -0.358     -0.035      0.084      0.341
86.3500      -29980.936   -29989.141        8.204   328.9      0.787     -0.343      0.065      0.101      0.170     -0.839
86.4000      -29981.120   -29989.984        8.865   355.3     -1.036     -0.436      0.069      0.235     -0.329      0.428
86.4500      -29981.058   -29989.221        8.163   327.2     -0.380     -0.985     -0.305      0.109     -0.512     -0.795
86.5000      -29980.253   -29988.912        8.659   347.1     -1.317     -0.878     -0.049     -0.184     -0.056      0.282
86.5500      -29981.257   -29989.512        8.254   330.9      0.957      0.023     -0.773     -0.409      0.210      0.294
86.6000      -29981.059   -29989.033        7.974   319.6     -0.902      0.503     -0.356      0.025      0.549      0.059
86.6500      -29980.997   -29988.926        7.929   317.8     -0.136      0.085     -0.438      0.586     -0.173      0.281
86.7000      -29980.563   -29988.672        8.109   325.0     -0.010      0.124     -0.045     -0.199     -0.074     -0.414
86.7500      -29980.952   -29988.838        7.886   316.1     -0.024      0.125      0.289     -0.088     -0.456     -0.209
86.8000      -29980.886   -29989.141        8.255   330.9     -0.396     -0.622     -0.515      0.037     -0.168      0.052
86.8500      -29980.817   -29989.021        8.205   328.9     -0.704      0.505      0.294      0.006     -0.334     -0.322
86.9000      -29980.583   -29989.373        8.790   352.4     -1.241     -0.350     -0.728     -0.184      0.052      0.126
86.9500      -29980.583   -29989.250        8.667   347.4      0.453     -0.240     -0.606     -0.056     -0.438      0.030
87.0000      -29980.551   -29989.119        8.568   343.4     -0.929     -1.366     -1.182     -0.064     -0.229      0.024
87.0500      -29981.149   -29989.047        7.898   316.6     -0.131      0.287     -0.575      0.238     -0.718     -0.177
87.1000      -29980.967   -29989.463        8.496   340.6     -0.743      0.440     -0.276      0.155      0.203     -0.033
87.1500      -29980.967   -29988.969        8.002   320.8     -0.247     -0.979     -0.830      0.333     -0.196     -0.010
87.2000      -29981.287   -29989.082        7.795   312.5     -0.158     -0.200     -0.077      0.166      0.363      0.291
87.2500      -29981.258   -29988.641        7.383   295.9     -0.015      0.578     -0.511     -0.048      0.104     -0.250
87.3000      -29980.850   -29989.068        8.218   329.4     -0.227      0.027      0.209      0.336     -0.235      0.238
87.3500      -29981.262   -29988.811        7.548   302.6     -0.549     -0.386     -0.327      0.414      0.530      0.202
87.4000      -29981.466   -29989.141        7.674   307.6     -0.171     -1.559     -0.859     -0.181     -0.386      0.434
87.4500      -29981.332   -29989.291        7.959   319.0     -0.444      0.969      0.071      0.337      0.674     -0.129
87.5000      -29981.130   -29989.051        7.921   317.5     -0.194     -0.674     -0.475     -0.143     -0.000     -0.027
87.5500      -29981.038   -29988.764        7.725   309.7     -0.265      0.332     -0.908      0.379      0.459     -0.411
87.6000      -29980.684   -29988.652        7.969   319.4     -0.287     -0.348     -0.627      0.132     -0.271      0.890
87.6500      -29980.217   -29988.174        7.957   319.0     -0.245     -1.022     -0.773      0.420     -0.110      0.199
87.7000      -29980.299   -29988.277        7.978   319.8     -0.517     -1.429     -0.825     -0.492      0.031     -0.176
87.7500      -29980.026   -29988.182        8.156   326.9      0.365      0.181      0.511      0.502     -0.026      0.000
87.8000      -29979.852   -29988.500        8.648   346.7     -1.272     -0.765     -0.529      0.016     -0.053      0.525
87.8500      -29980.200   -29988.041        7.841   314.3      0.489     -1.231     -0.146      0.281     -0.093     -0.084
87.9000      -29980.200   -29988.105        7.906   316.9     -0.456     -0.286     -1.019      0.218     -0.187      0.288
87.9500      -29979.703   -29988.232        8.530   341.9     -0.378     -0.774     -0.590      0.307      0.059     -0.302
88.0000      -29979.574   -29988.070        8.496   340.6     -0.635     -0.458     -0.651      0.232      0.295      0.185
88.0500      -29979.807   -29988.385        8.578   343.8      0.007     -0.337     -1.493     -0.031     -0.122      0.002
88.1000      -29979.757   -29988.568        8.811   353.2      0.445     -0.402     -0.067     -0.166      0.269     -0.161
88.1500      -29979.813   -29988.271        8.458   339.1     -0.328      0.195     -0.480      0.009      0.461      0.053
88.2000      -29979.872   -29987.744        7.872   315.5     -0.988     -1.325     -1.299      0.446     -0.169     -0.056
88.2500      -29979.832   -29988.600        8.768   351.5     -0.322     -0.147     -0.225     -0.421     -0.042     -0.132
88.3000      -29980.724   -29988.945        8.221   329.6     -0.317     -0.340     -0.387     -0.005      0.449      0.081
88.3500      -29980.272   -29988.000        7.728   309.8      0.316      0.588     -0.113     -0.053      0.340     -0.447
88.4000      -29980.105   -29987.852        7.746   310.5      0.126     -0.990     -0.791      0.747      0.209      0.134
88.4500      -29980.492   -29988.406        7.914   317.2     -0.216      1.546      0.349     -0.415      0.015      0.187
88.5000      -29980.129   -29988.299        8.170   327.5      0.344     -0.382     -0.492     -0.027     -1.027      0.175
88.5500      -29979.977   -29988.203        8.226   329.7     -0.495      0.209      0.542      0.094      0.148     -0.843
88.6000      -29979.811   -29988.205        8.394   336.5      0.787      0.758     -0.129     -0.379      0.234     -0.081
88.6500      -29979.909   -29988.541        8.632   346.0     -0.592      0.126     -0.577      0.377     -0.170      0.247
88.7000      -29979.854   -29988.643        8.789   352.3     -0.336     -0.455     -0.571      0.205      0.023     -0.402
88.7500      -29980.209   -29988.199        7.990   320.3     -0.728     -0.112     -0.627      0.033     -0.563     -0.235
88.8000      -29979.631   -29987.844        8.213   329.2     -0.012     -0.606     -0.506     -0.097      0.041     -0.019
88.8500      -29979.922   -29988.154        8.232   330.0      0.766      0.258     -1.347      0.315     -0.310     -0.188
88.9000      -29979.382   -29988.092        8.710   349.1     -0.705     -0.216     -0.852     -0.461      0.151      0.240
88.9500      -29980.129   -29988.203        8.074   323.7     -0.840     -0.510     -0.546      0.412      0.684      0.170
89.0000      -29980.360   -29988.387        8.027   321.8     -0.328     -0.989      0.388     -0.097      0.201     -0.481
89.0500      -29979.452   -29987.758        8.306   332.9     -0.438     -0.373     -0.890      0.124      0.445      0.515
89.1000      -29979.050   -29987.102        8.051   322.7     -0.283     -0.076     -0.915      0.369      0.074      0.072
89.1500      -29978.894   -29987.396        8.502   340.8     -0.747      0.789     -0.527     -0.323      0.458     -0.200
89.2000      -29979.368   -29987.518        8.149   326.7     -0.222     -0.733     -0.135     -0.237     -0.260      0.259
89.2500      -29979.508   -29987.512        8.004   320.8     -0.535     -0.411     -1.307      0.248      0.359      0.065
89.3000      -29978.939   -29987.596        8.657   347.0     -0.836     -0.739     -0.929      0.092      0.025      0.583
89.3500      -29979.198   -29987.697        8.499   340.7     -1.085     -0.682      0.362     -0.021      0.003      0.023
89.4000      -29979.068   -29987.010        7.942   318.4     -1.458     -0.639     -0.385      0.002      0.215     -0.111
89.4500      -29979.574   -29987.309        7.734   310.0     -0.914     -0.407     -0.455      0.093      0.210      0.114
89.5000      -29979.571   -29987.205        7.634   306.0     -0.410      0.055      0.216     -0.336      0.019     -0.065
89.5500      -29979.230   -29987.736        8.506   341.0      0.226     -1.003     -0.254     -0.387     -0.178     -0.082
89.6000      -29979.114   -29987.762        8.648   346.6     -0.436     -0.983     -1.405     -0.191     -0.722      0.272
89.6500      -29978.981   -29987.705        8.724   349.7     -1.021     -0.693     -0.493      0.104     -0.109     -0.419
89.7000      -29979.311   -29987.508        8.197   328.6     -0.236     -0.256     -0.832     -0.495     -0.212     -0.172
89.7500      -29979.439   -29987.855        8.417   337.4     -0.146      0.361      0.248      0.059     -0.024     -0.147
89.8000      -29979.438   -29987.768        8.330   333.9      0.751      0.409     -1.001     -0.264     -0.740     -0.196
89.8500      -29979.384   -29988.225        8.841   354.4     -0.660      0.024      0.026      0.152      0.417     -0.286
89.9000      -29979.411   -29988.197        8.786   352.2     -0.320     -1.568     -0.305      0.829     -0.146      0.867
89.9500      -29980.023   -29989.195        9.173   367.7     -0.559      0.441     -0.127     -0.299      0.315     -0.355
90.0000      -29980.032   -29988.947        8.915   357.4      0.531     -0.513     -0.658      0.074     -0.392     -0.422
90.0500      -29979.076   -29988.721        9.644   386.6     -0.015     -0.120     -0.333      0.381      0.186     -0.261
90.1000      -29979.286   -29988.352        9.065   363.4     -0.462     -0.848     -1.226      0.353     -0.357     -0.101
90.1500      -29979.081   -29988.055        8.974   359.7     -0.479     -0.067     -0.189      0.316      0.240      0.582
90.2000      -29978.921   -29988.375        9.454   379.0     -0.409     -0.592     -0.624     -0.443     -0.015     -0.108
90.2500      -29979.126   -29987.885        8.758   351.1     -0.165     -0.885     -0.021     -0.106      0.386     -0.065
90.3000      -29978.721   -29987.518        8.797   352.6      0.723     -0.197      0.543     -0.234     -0.147     -0.149
90.3500      -29978.187   -29987.291        9.104   365.0      0.395      1.084      0.589      0.539     -0.081      0.107
90.4000      -29978.569   -29987.158        8.589   344.3      0.071      0.993     -0.871     -0.083     -0.393     -0.547
90.4500      -29978.472   -29987.248        8.777   351.8     -0.615     -0.355     -0.965     -0.021     -0.127      0.088
90.5000      -29978.160   -29986.814        8.655   346.9     -1.425     -0.849      0.288     -0.000     -0.867     -0.046
90.5500      -29978.524   -29987.309        8.784   352.1     -0.349     -0.829     -0.811     -0.025      0.224      0.356
90.6000      -29978.816   -29988.443        9.627   385.9     -0.244     -0.315     -1.503      0.549     -0.626     -0.201
90.6500      -29979.240   -29987.998        8.758   351.1     -0.657     -0.429     -0.038     -0.786      0.607      0.231
90.7000      -29979.421   -29988.062        8.642   346.4      0.837     -0.278     -1.314      0.171     -0.380      0.010
90.7500      -29979.196   -29988.309        9.113   365.3     -1.193      0.347     -0.318     -0.009      0.396     -0.208
90.8000      -29978.840   -29988.012        9.172   367.6      0.053     -0.365      0.276      0.091     -0.358      0.245
90.8500      -29978.832   -29987.857        9.026   361.8     -1.060     -0.819     -0.404     -0.113      0.169      0.216
90.9000      -29978.840   -29987.293        8.453   338.9     -0.183      0.279      1.276      0.254      0.210      0.082
90.9500      -29978.895   -29987.438        8.542   342.4     -0.041     -0.541     -0.173     -0.075     -0.054     -0.514
91.0000      -29979.261   -29988.107        8.847   354.6     -0.207      0.165      0.823      0.039      0.018      0.036
91.0500      -29979.424   -29988.223        8.798   352.7      0.330      0.275     -0.153      0.229      0.409      0.051
91.1000      -29979.819   -29988.354        8.535   342.1     -0.301     -0.665     -1.310     -0.364     -0.195      0.079
91.1500      -29979.609   -29988.441        8.833   354.1     -0.974     -0.942     -0.280      0.206     -0.048      0.143
91.2000      -29979.409   -29988.213        8.804   352.9      0.005      0.524     -0.213      0.342     -0.110     -0.218
91.2500      -29979.955   -29988.617        8.662   347.2      0.382     -0.025     -1.027     -0.248      0.326     -0.096
91.3000      -29980.262   -29988.268        8.005   320.9     -1.042     -0.803     -0.638     -0.367      0.002      0.156
91.3500      -29980.237   -29988.834        8.597   344.6     -0.533     -1.147     -1.113      0.129      0.191     -0.033
91.4000      -29980.355   -29988.893        8.538   342.2     -0.382     -0.112     -0.204     -0.136     -0.107     -0.232
91.4500      -29980.177   -29988.697        8.520   341.5     -0.547     -1.172     -0.319      0.009      0.305      0.665
91.5000      -29980.046   -29988.605        8.560   343.1     -0.709     -1.252     -0.934      0.179     -0.587     -0.663
91.5500      -29980.163   -29988.666        8.503   340.8     -0.125      0.341     -0.175     -0.178     -0.002      0.077
91.6000      -29979.853   -29987.725        7.871   315.5     -0.304     -1.582     -0.715      0.261      0.446     -0.115
91.6500      -29980.343   -29988.703        8.360   335.1     -0.539     -1.221     -0.842     -0.177     -0.128     -0.001
91.7000      -29980.472   -29988.301        7.829   313.8     -1.158     -1.377     -1.397      0.076      0.001     -0.184
91.7500      -29980.807   -29988.570        7.763   311.2     -1.248     -0.255     -0.965      0.497      0.269     -0.020
91.8000      -29980.938   -29989.246        8.308   333.0     -0.350     -0.049      0.234      0.114     -0.642      0.065
91.8500      -29981.632   -29989.398        7.766   311.3     -0.081     -0.492     -0.609     -0.187     -0.393      0.219
91.9000      -29981.416   -29988.879        7.463   299.1     -0.170     -0.829     -0.428      0.509     -0.131      0.003
91.9500      -29981.115   -29988.689        7.574   303.6      0.168     -1.006      0.333      0.202      0.220     -0.370
92.0000      -29980.972   -29988.230        7.259   291.0     -0.664     -0.872     -0.306     -0.115     -1.018      0.242
92.0500      -29981.165   -29988.217        7.052   282.7     -0.565     -0.656     -0.475      0.012     -0.595     -0.348
92.1000      -29981.266   -29989.373        8.107   325.0     -0.330     -0.391      0.419      0.356      0.195     -0.040
92.1500      -29981.180   -29988.762        7.582   303.9     -0.057     -0.285      0.016     -0.527     -0.011     -0.021
92.2000      -29981.216   -29988.893        7.677   307.7     -0.088     -0.559     -0.657      0.125     -0.183     -0.360
92.2500      -29981.004   -29988.766        7.762   311.1     -0.076     -0.341     -0.116      0.425     -0.144     -0.211
92.3000      -29980.947   -29989.016        8.069   323.4      0.063     -1.070     -1.105      0.018      0.137     -0.454
92.3500      -29981.136   -29989.176        8.040   322.3     -0.427     -0.045     -0.417     -0.123      0.096     -0.117
92.4000      -29980.976   -29989.643        8.666   347.4     -0.156     -0.306     -0.387     -0.016     -0.827     -0.525
92.4500      -29980.800   -29989.062        8.262   331.2      0.411     -0.431     -0.515     -0.360      0.047      0.212
92.5000      -29980.870   -29988.582        7.712   309.1     -1.768     -1.034     -0.683      0.876     -0.176      0.124
92.5500      -29980.889   -29988.904        8.016   321.3     -0.324      0.091     -0.341      0.464      0.536      0.488
92.6000      -29981.073   -29988.936        7.863   315.2      0.477      0.306      0.663     -0.336     -0.269     -0.407
92.6500      -29980.830   -29989.383        8.553   342.8     -0.844     -0.183     -0.795      0.058     -0.231      0.146
92.7000      -29981.322   -29989.197        7.875   315.7      0.053     -0.520     -0.499      0.354     -0.117      0.099
92.7500      -29981.348   -29989.537        8.189   328.3     -0.091     -0.232      0.021     -0.166      0.462     -0.134
92.8000      -29981.362   -29989.732        8.370   335.5     -0.917     -0.465     -0.502     -0.057      0.522     -0.562
92.8500      -29980.981   -29990.092        9.111   365.2      0.187     -0.833     -0.627      0.180     -0.328     -0.223
92.9000      -29980.922   -29988.990        8.068   323.4      0.344     -0.812      0.058      0.309      0.407      0.141
92.9500      -29980.917   -29988.693        7.776   311.7     -0.087      0.401     -0.769     -0.114      0.185      0.245
93.0000      -29980.516   -29988.518        8.002   320.8      0.026      0.213      0.610      0.236     -0.548     -0.089
93.0500      -29980.545   -29988.324        7.779   311.8      0.463      0.349     -0.226     -0.176      0.261     -0.107
93.1000      -29981.433   -29988.691        7.258   291.0      0.152     -0.187      0.274     -0.145     -0.456     -0.549
93.1500      -29981.148   -29988.904        7.756   310.9      0.561      0.290      0.054     -0.222      0.029      0.294
93.2000      -29980.917   -29988.430        7.513   301.1      0.896      0.691     -0.131      0.661      0.105      0.255
93.2500      -29980.230   -29988.805        8.574   343.7      1.240     -0.364     -0.621     -0.613     -0.027      0.192
93.3000      -29979.857   -29988.910        9.054   362.9     -0.875     -1.201      0.267      0.469     -0.112     -0.114
93.3500      -29979.900   -29987.725        7.825   313.7     -0.374     -0.146     -0.432      0.386      0.417      0.029
93.4000      -29979.899   -29988.801        8.902   356.8     -1.114     -0.578     -0.144      0.296     -0.334     -0.326
93.4500      -29980.470   -29988.953        8.483   340.0      0.363     -0.477     -0.056     -0.272      0.115      0.431
93.5000      -29980.598   -29988.455        7.857   314.9     -0.270     -0.376      0.219     -0.780     -0.391     -0.261
93.5500      -29980.594   -29989.537        8.943   358.5      0.260     -1.047      0.340      0.322     -0.168      0.445
93.6000      -29979.723   -29988.273        8.550   342.7     -0.211     -0.769     -0.367      0.518      0.656     -0.345
93.6500      -29979.849   -29988.488        8.640   346.3     -0.827     -0.847     -0.621      0.256      0.063      0.153
93.7000      -29980.135   -29988.898        8.763   351.3     -0.597     -0.388      0.593      0.172      0.036      0.154
93.7500      -29980.295   -29988.467        8.172   327.6      0.640     -0.068     -0.592      0.090     -0.501     -0.092
93.8000      -29980.128   -29988.658        8.530   341.9     -0.224     -0.343      0.515     -0.503     -0.461      0.415
93.8500      -29980.361   -29988.516        8.155   326.9     -0.955     -1.385     -0.923     -0.088     -0.341     -0.238
93.9000      -29979.928   -29988.223        8.295   332.5     -1.373     -0.660     -0.548      0.190      0.566     -0.119
93.9500      -29980.438   -29988.992        8.554   342.9     -0.248     -0.460     -0.600      0.405     -0.077     -0.360
94.0000      -29980.446   -29988.596        8.150   326.7     -0.114     -1.391     -1.335      0.603      0.378     -0.132
94.0500      -29980.495   -29988.523        8.028   321.8     -0.153     -0.176     -0.458     -0.319     -0.513      0.349
94.1000      -29981.288   -29989.123        7.835   314.1      0.428      0.563      0.420      0.420      0.662     -0.068
94.1500      -29981.857   -29989.379        7.522   301.5     -0.685     -0.453      0.147     -0.572      0.095     -0.169
94.2000      -29982.033   -29989.205        7.172   287.5      0.580     -0.226      0.175      0.876      0.034     -0.111
94.2500      -29981.435   -29989.639        8.204   328.8     -0.323     -0.689     -0.445     -0.481     -0.125      0.305
94.3000      -29980.926   -29988.676        7.750   310.7     -1.035     -0.704     -1.871      0.300      0.264      0.159
94.3500      -29980.454   -29989.002        8.548   342.6      0.363      0.416     -1.070      0.199     -0.273     -0.003
94.4000      -29980.119   -29988.900        8.781   352.0     -0.309     -1.492     -1.016     -0.709     -0.252     -0.433
94.4500      -29980.172   -29988.691        8.519   341.5     -0.836     -0.886     -1.766     -0.034      0.196      0.024
94.5000      -29980.749   -29989.391        8.641   346.4     -0.305     -1.448     -0.731     -0.313      0.159      0.399
94.5500      -29980.611   -29988.674        8.063   323.2     -0.938     -1.416     -0.701      0.063      0.128      0.003
94.6000      -29980.919   -29989.068        8.149   326.6      1.039     -0.106      0.323      0.354      0.450      0.276
94.6500      -29981.242   -29989.242        8.000   320.7      0.170     -0.686      0.018      0.501      0.489      0.124
94.7000      -29981.528   -29989.291        7.763   311.2     -1.442      0.174      0.154      0.088      0.007      0.217
94.7500      -29981.596   -29989.598        8.001   320.7      0.103     -0.550      0.198      0.473      0.153     -0.689
94.8000      -29981.575   -29989.807        8.232   330.0     -0.452     -0.843     -0.064      0.039     -0.194     -0.568
94.8500      -29981.341   -29989.375        8.034   322.0     -1.151     -0.712     -0.223     -0.032     -0.113      0.100
94.9000      -29980.963   -29989.564        8.602   344.8      0.209      0.162      0.499      0.412     -0.213     -0.160
94.9500      -29981.738   -29989.732        7.994   320.5     -0.509     -0.847     -1.072     -0.254     -0.042      0.133
95.0000      -29981.723   -29989.045        7.322   293.5      0.139     -1.013      0.090      0.516      0.866      0.227
95.0500      -29981.168   -29989.174        8.006   320.9     -0.598     -0.297      0.292      0.542     -0.103     -0.507
95.1000      -29981.541   -29989.299        7.757   311.0     -0.590     -2.067     -0.484      0.033      0.381     -0.463
95.1500      -29981.513   -29989.129        7.615   305.3     -0.903      0.227      0.554      0.004      0.012     -0.090
95.2000      -29981.397   -29989.328        7.931   317.9     -0.856     -1.113     -0.676      0.147      0.477     -0.045
95.2500      -29981.258   -29989.453        8.195   328.5      0.171     -0.513      0.418      0.431     -0.126      0.341
95.3000      -29980.514   -29988.832        8.318   333.4     -1.082      0.400     -0.263      0.065     -0.101      0.029
95.3500      -29980.868   -29989.607        8.739   350.3      0.471     -0.081     -0.163     -0.854      0.003     -0.066
95.4000      -29980.978   -29989.088        8.110   325.1     -0.016     -1.117     -0.489      0.490      0.094      0.133
95.4500      -29980.582   -29988.957        8.375   335.7      0.310     -0.458     -0.565     -0.084      0.229     -0.338
95.5000      -29980.208   -29989.109        8.902   356.8     -0.657     -0.350      0.102     -0.531     -0.083      0.236
95.5500      -29980.340   -29988.973        8.632   346.0      0.219      0.226     -0.537      0.153     -0.217     -0.458
95.6000      -29980.377   -29988.867        8.490   340.3     -0.623      0.426      1.053      0.150      0.472      0.338
95.6500      -29980.689   -29989.268        8.578   343.9      1.127      0.623     -0.158     -0.344     -0.436      0.765
95.7000      -29980.051   -29988.475        8.423   337.6     -1.021     -0.035     -0.168      0.772      0.232     -1.187
95.7500      -29979.150   -29987.389        8.238   330.2     -0.556     -0.519     -1.335     -0.891      0.050      0.122
95.8000      -29978.681   -29987.762        9.081   364.0     -0.836     -0.160      0.402      0.122      0.140     -0.196
95.8500      -29979.278   -29987.715        8.437   338.2     -0.593     -0.011     -1.010      0.659     -0.010     -0.229
95.9000      -29979.196   -29987.717        8.521   341.6     -0.208     -1.152     -0.323      0.515      0.252     -0.590
95.9500      -29979.541   -29988.209        8.668   347.4     -0.248     -0.671     -0.524     -0.215      0.067      0.322
96.0000      -29979.659   -29987.625        7.966   319.3      0.192      0.952     -0.148     -0.546     -0.150      0.695
96.0500      -29979.817   -29988.412        8.595   344.5     -0.329     -0.559      0.399     -0.042      0.096     -0.194
96.1000      -29979.054   -29987.537        8.483   340.0     -1.364     -0.168     -0.823      0.222      0.610     -0.022
96.1500      -29978.890   -29988.406        9.516   381.5      0.700     -0.645      0.061     -0.373      0.390      0.066
96.2000      -29979.003   -29988.145        9.141   366.4     -0.306     -0.822      0.019     -0.528     -0.018      0.369
96.2500      -29979.206   -29988.395        9.188   368.3     -0.304     -0.860     -0.499     -0.363     -0.143     -0.045
96.3000      -29979.474   -29988.023        8.550   342.7     -0.372      0.539     -0.337      0.030      0.099      0.379
96.3500      -29979.634   -29988.037        8.403   336.8     -0.512      0.334      0.408     -0.291     -0.115     -0.119
96.4000      -29979.666   -29987.936        8.269   331.5      0.410     -0.381     -1.171      0.154      0.364      0.126
96.4500      -29979.085   -29987.930        8.845   354.5     -0.771     -0.218     -0.015     -0.111     -0.010     -0.651
96.5000      -29978.933   -29987.637        8.704   348.9     -0.713     -0.431     -0.510     -0.143      0.156      0.542
96.5500      -29979.566   -29987.434        7.867   315.4      0.719      1.255      0.824      0.116     -0.858     -0.169
96.6000      -29979.990   -29987.939        7.949   318.6     -0.361     -0.003     -0.313      0.278      0.560      0.893
96.6500      -29980.254   -29988.303        8.048   322.6      0.658      0.478      0.283      0.306     -0.091     -0.580
96.7000      -29979.998   -29988.029        8.032   321.9     -0.048      0.042      0.360      0.040     -0.361     -0.082
96.7500      -29980.052   -29987.760        7.707   308.9      0.809     -0.625      0.368      0.296      0.104     -0.142
96.8000      -29979.782   -29988.459        8.677   347.8     -0.263     -0.017      0.382     -0.593     -0.101     -0.009
96.8500      -29980.277   -29988.053        7.776   311.7     -2.034     -0.579     -1.265     -0.173     -0.733     -0.131
96.9000      -29980.117   -29988.684        8.567   343.4     -0.078     -0.969     -0.482     -0.299      0.144     -0.801
96.9500      -29980.541   -29988.594        8.053   322.8     -2.116     -0.279     -0.955     -0.002     -0.310      0.026
97.0000      -29980.589   -29987.877        7.288   292.1     -0.842     -0.912     -0.947      0.291      0.048     -0.081
97.0500      -29980.330   -29988.154        7.825   313.6     -0.492     -0.213     -0.062      0.006     -0.360      0.033
97.1000      -29979.806   -29988.379        8.573   343.6     -0.237      0.296     -0.152     -0.390      0.104      0.243
97.1500      -29979.834   -29987.559        7.724   309.6      0.428     -0.223     -0.420     -0.349     -0.040     -0.046
97.2000      -29979.747   -29987.811        8.063   323.2      0.214     -0.441      0.389      0.141      0.343      0.214
97.2500      -29979.865   -29988.066        8.201   328.7      0.171      0.091      0.002     -0.690     -0.083     -0.589
97.3000      -29980.111   -29988.104        7.993   320.4      0.720      0.407     -0.842     -0.140      0.213      0.185
97.3500      -29980.328   -29987.945        7.617   305.3     -0.564     -0.793      0.122     -0.405      0.129     -0.219
97.4000      -29980.425   -29988.047        7.622   305.5     -0.045     -1.112     -0.734      0.309      0.030      0.209
97.4500      -29980.267   -29988.000        7.733   310.0     -0.784     -1.132     -1.000     -0.266     -0.087      0.102
97.5000      -29980.478   -29988.287        7.809   313.0     -0.521     -0.845      0.392      0.088      0.029      0.076
97.5500      -29980.020   -29988.697        8.677   347.8      0.319      0.413     -1.230     -0.110     -0.061     -0.372
97.6000      -29979.891   -29988.555        8.663   347.3     -0.014     -0.859     -0.408     -0.029     -0.129      0.593
97.6500      -29979.968   -29988.324        8.356   335.0     -1.399     -0.412     -0.505      0.387      0.280     -0.775
97.7000      -29980.294   -29988.016        7.722   309.5      0.229     -0.368     -0.719      0.166      0.252      0.063
97.7500      -29980.561   -29988.420        7.859   315.0     -0.057     -0.032     -0.388      0.003     -0.145      0.082
97.8000      -29980.478   -29988.781        8.303   332.8      0.241     -0.301      0.462      0.158     -0.423     -0.470
97.8500      -29980.851   -29989.033        8.182   328.0     -0.814     -0.444     -0.625      0.323      0.199     -0.521
97.9000      -29980.279   -29988.832        8.553   342.8      0.136      0.430     -1.027     -0.357     -0.174     -0.203
97.9500      -29980.765   -29988.928        8.163   327.2     -0.433     -0.326     -0.067      0.120     -0.489     -0.346
98.0000      -29980.292   -29988.076        7.784   312.0     -0.743     -0.194     -0.340     -0.016     -0.163      0.469
98.0500      -29980.298   -29988.752        8.454   338.9     -0.744     -0.689     -0.429     -0.756      0.646     -0.605
98.1000      -29980.449   -29988.789        8.340   334.3     -0.231     -1.475     -0.569      0.594      0.075      0.138
98.1500      -29980.510   -29989.098        8.587   344.2     -0.804      0.043     -0.326      0.053     -0.071     -0.260
98.2000      -29980.383   -29988.938        8.555   342.9     -1.149     -0.701     -0.351     -0.372     -0.055     -0.821
98.2500      -29980.894   -29989.148        8.255   330.9     -0.535      0.252     -0.100     -0.159      0.005      0.067
98.3000      -29980.806   -29989.377        8.571   343.6     -0.176     -0.198      0.111     -0.308     -0.378      0.853
98.3500      -29980.602   -29989.049        8.447   338.6     -0.383     -0.051     -0.074      0.230      0.191     -0.242
98.4000      -29980.876   -29988.889        8.013   321.2      0.176      0.304      0.426     -0.572      0.090      0.033
98.4500      -29980.749   -29988.742        7.993   320.4     -0.422      0.132     -1.152     -0.207      0.048     -0.145
98.5000      -29980.106   -29988.596        8.490   340.3     -0.446      0.139     -0.612     -0.490      0.405     -0.286
98.5500      -29980.300   -29988.316        8.017   321.3     -0.527      0.435     -0.071     -0.173     -0.121     -0.183
98.6000      -29980.487   -29988.703        8.216   329.4     -0.369     -0.193     -0.029     -0.372     -0.157     -0.139
98.6500      -29980.167   -29988.365        8.199   328.6     -0.166     -0.854     -0.699      0.075      0.341     -0.545
98.7000      -29980.419   -29988.074        7.655   306.8      0.424      0.287      0.448     -0.497     -0.245      0.297
98.7500      -29980.328   -29988.344        8.016   321.3     -0.229      0.225      0.496     -0.855      0.163     -0.186
98.8000      -29980.341   -29989.244        8.903   356.9     -0.410     -0.446     -0.837     -0.005      0.234      0.450
98.8500      -29979.903   -29988.498        8.595   344.5     -0.616     -1.460      0.470      0.444      0.308      0.206
98.9000      -29979.306   -29989.088        9.782   392.1      0.117     -0.985     -1.031      0.067     -0.026     -0.250
98.9500      -29979.994   -29988.094        8.100   324.7     -1.737     -0.864     -1.031      0.459     -0.106     -0.891
99.0000      -29979.812   -29988.566        8.754   350.9     -0.678     -0.762     -0.799     -0.006     -0.072      0.005
99.0500      -29979.926   -29987.855        7.930   317.9     -0.215     -0.722     -0.925     -0.160     -0.766      0.187
99.1000      -29979.855   -29988.363        8.508   341.1     -1.122     -0.237     -0.537     -0.437     -0.334      0.345
99.1500      -29979.993   -29988.801        8.808   353.1     -1.020     -0.229     -0.318     -0.153     -0.321      0.260
99.2000      -29980.439   -29988.480        8.042   322.4     -0.525     -0.118     -0.291     -0.443      0.380     -0.413
99.2500      -29980.225   -29988.033        7.808   313.0     -0.294     -0.908     -0.161     -0.374      0.582      0.075
99.3000      -29979.886   -29988.777        8.891   356.4     -0.895     -0.328     -0.707     -0.844      0.286     -0.731
99.3500      -29980.569   -29988.805        8.235   330.1     -0.577     -1.336     -1.071     -0.048     -0.181      0.656
99.4000      -29980.474   -29988.646        8.173   327.6     -0.235     -0.237     -0.182     -0.205      0.321     -0.101
99.4500      -29979.797   -29987.949        8.152   326.8     -0.549     -0.750      0.330     -0.030     -0.207     -0.661
99.5000      -29979.494   -29987.646        8.153   326.8     -0.449     -0.236     -0.954     -0.885      0.224     -0.069
99.5500      -29979.205   -29987.926        8.721   349.6     -0.785     -1.361     -0.811     -0.142     -0.377     -0.047
99.6000      -29979.326   -29987.623        8.297   332.6      0.560     -0.456      0.039     -0.438     -0.045     -0.266
99.6500      -29979.682   -29987.887        8.204   328.9     -0.281     -0.528     -0.308      0.305      0.157     -0.777
99.7000      -29979.847   -29988.156        8.309   333.1     -0.425      0.108     -0.420      0.232     -0.198      0.464
99.7500      -29979.844   -29988.396        8.553   342.8      1.033     -0.370      0.094     -0.033      0.162      0.634
99.8000      -29980.122   -29988.277        8.155   326.9     -0.099     -0.002      0.282      0.017      0.033     -0.067
99.8500      -29980.265   -29988.277        8.013   321.2     -0.210     -0.136     -0.261     -0.018     -0.229      0.057
99.9000      -29980.067   -29988.895        8.828   353.9     -0.827     -1.185      0.080      0.412      0.007      0.534
99.9500      -29980.318   -29989.027        8.709   349.1      0.486      0.103     -0.129     -0.246      0.122     -0.821
100.0000     -29980.535   -29987.996        7.461   299.1      0.519      0.398     -0.791      0.267      0.929     -0.228
100.0500     -29980.598   -29987.799        7.201   288.7      0.257     -0.184      0.563      0.276     -0.529      0.744
100.1000     -29980.427   -29987.746        7.319   293.4      0.529      0.363     -1.366      0.426      0.164     -0.011
100.1500     -29980.347   -29987.906        7.560   303.0     -0.118      0.318     -0.158     -0.612      0.732     -0.115
100.2000     -29980.440   -29988.156        7.716   309.3     -0.226     -0.014     -0.359     -0.260     -0.198     -0.503
100.2500     -29980.976   -29988.254        7.278   291.7     -0.159     -0.710      0.439      0.541      0.288      0.347
100.3000     -29980.576   -29988.330        7.754   310.8      0.155      0.430     -0.014     -0.104     -0.383     -0.216
100.3500     -29980.561   -29988.094        7.533   302.0     -0.133     -0.113     -0.539     -0.120     -0.423      0.186
100.4000     -29980.589   -29988.553        7.964   319.2     -0.091     -0.095      0.870     -0.080      0.565     -0.271
100.4500     -29980.503   -29987.992        7.489   300.2      0.216     -0.617     -0.650      0.129     -0.428      0.117
100.5000     -29980.130   -29988.561        8.431   338.0     -1.291     -0.500      0.217      0.653      0.200      0.042
100.5500     -29980.014   -29988.088        8.073   323.6     -0.637      0.275     -0.046     -0.158     -0.196     -0.036
100.6000     -29980.139   -29988.500        8.361   335.2     -0.073     -0.792     -0.865      0.294      0.439      0.217
100.6500     -29979.831   -29988.111        8.281   331.9      0.216     -0.438      0.020      0.409      0.422      0.025
100.7000     -29979.570   -29987.797        8.227   329.8      0.552      0.178      0.682     -0.155      0.145      0.695
100.7500     -29979.299   -29988.061        8.762   351.2      0.106     -0.648     -0.174     -0.075      0.173     -0.487
100.8000     -29979.444   -29987.604        8.160   327.1      0.176     -0.297      0.997     -0.169     -0.078     -0.087
100.8500     -29979.739   -29987.725        7.985   320.1     -0.224      0.239     -0.389     -0.181     -0.439      0.464
100.9000     -29979.779   -29988.266        8.487   340.2     -0.802     -0.457     -0.010      0.383      0.492      0.330
100.9500     -29979.912   -29987.723        7.810   313.1     -0.789     -1.960     -1.958     -0.114     -0.165     -0.593
101.0000     -29980.540   -29988.232        7.693   308.4     -0.884     -0.028     -0.270     -0.070      0.633      0.149
101.0500     -29980.615   -29988.996        8.381   336.0     -0.018     -0.329     -0.012     -0.175     -0.065      0.378
101.1000     -29981.307   -29989.203        7.897   316.5     -0.458      0.116     -0.540     -0.149      0.010     -0.248
101.1500     -29981.348   -29987.922        6.574   263.5     -0.804     -0.859      0.519     -0.014      0.041     -0.056
101.2000     -29981.665   -29989.096        7.431   297.9     -0.304      0.433      0.079      0.081     -0.118      0.427
101.2500     -29981.411   -29989.318        7.908   317.0     -0.189     -1.118     -0.410      0.114      0.336     -0.322
101.3000     -29981.042   -29988.453        7.411   297.1      0.110      0.948      0.036     -0.390      0.063     -0.211
101.3500     -29981.345   -29989.051        7.706   308.9      0.028     -0.035      0.146      0.287      0.228     -0.008
101.4000     -29981.333   -29989.283        7.950   318.7      0.128     -0.605     -0.475     -0.363      0.113     -0.274
101.4500     -29981.134   -29988.061        6.927   277.7     -0.288     -0.524     -0.442     -0.036      0.888      0.638
101.5000     -29981.273   -29988.553        7.279   291.8     -0.298      0.912     -1.188     -0.012     -0.248     -0.310
101.5500     -29981.122   -29988.891        7.769   311.4     -0.593     -1.080     -0.476     -0.378     -0.145      0.414
101.6000     -29980.493   -29988.553        8.060   323.1      0.118     -0.194     -0.553     -0.065      0.430     -0.409
101.6500     -29980.523   -29988.660        8.138   326.2     -0.605     -0.209      0.417      0.420     -0.405      0.069
101.7000     -29980.800   -29989.504        8.704   348.9      0.909      0.501      0.624      0.555      0.649     -0.455
101.7500     -29980.499   -29988.979        8.479   339.9     -0.303     -0.383     -0.616     -0.003     -0.099     -0.068
101.8000     -29980.372   -29988.561        8.188   328.2     -0.664     -1.633      0.557     -0.173     -0.004      0.098
101.8500     -29980.679   -29988.395        7.716   309.3      0.086      0.210     -0.426      0.082      0.002      0.140
101.9000     -29980.342   -29988.018        7.676   307.7      0.141     -1.014      0.197     -0.471      0.437      0.102
101.9500     -29979.964   -29988.230        8.266   331.3      0.674      0.086      0.093     -0.114     -0.398     -0.208
102.0000     -29980.386   -29988.361        7.975   319.7      0.117     -0.905     -0.414      0.143      0.320     -0.004
102.0500     -29980.016   -29988.914        8.898   356.7     -0.338      0.124     -0.170     -0.194      0.474     -0.163
102.1000     -29980.418   -29989.354        8.935   358.2     -0.791     -0.424      0.258     -0.230     -0.411     -0.100
102.1500     -29980.725   -29988.568        7.843   314.4      0.573     -0.507     -0.369      0.057      0.056      0.094
102.2000     -29980.902   -29988.660        7.758   311.0      0.292     -0.477      0.351      0.085     -0.087      0.097
102.2500     -29980.620   -29988.559        7.938   318.2     -1.374     -0.743      0.151     -0.239      0.030     -0.694
102.3000     -29980.649   -29989.131        8.482   340.0     -0.502     -0.515     -1.810      0.781      0.038      0.035
102.3500     -29980.542   -29989.771        9.230   370.0     -1.429     -1.402     -0.262      0.147      0.100     -0.038
102.4000     -29980.311   -29988.250        7.939   318.2     -0.009     -0.659      0.146     -0.152     -0.411      0.359
102.4500     -29980.383   -29987.600        7.217   289.3      0.645     -0.733      0.019     -0.119     -0.226      0.104
102.5000     -29980.060   -29988.422        8.362   335.2      0.199     -0.658     -0.293      0.194     -0.476     -0.191
102.5500     -29980.110   -29988.160        8.050   322.7     -0.701     -0.016     -0.155      0.054     -0.031      0.183
102.6000     -29980.169   -29988.830        8.661   347.2     -0.058     -0.825      0.684      0.247      0.404     -0.231
102.6500     -29980.678   -29988.836        8.158   327.0     -0.822     -0.450     -1.526     -0.074     -0.170     -0.216
102.7000     -29980.793   -29988.637        7.844   314.4     -1.133     -1.510     -2.069      0.114      0.512     -0.380
102.7500     -29980.934   -29988.982        8.048   322.6     -0.881     -1.212     -0.688     -0.572     -0.701      0.047
102.8000     -29981.146   -29988.834        7.688   308.2      0.891     -0.589     -0.120      0.248     -0.409     -0.108
102.8500     -29981.154   -29988.836        7.682   307.9     -0.841     -0.001     -0.365      0.211      0.413     -0.439
102.9000     -29981.836   -29989.400        7.565   303.2     -0.866     -1.359     -0.328      0.030      0.197     -0.022
102.9500     -29981.685   -29988.664        6.979   279.8     -1.353     -0.869     -0.172     -0.336     -0.070     -0.365
103.0000     -29981.749   -29989.744        7.995   320.5      0.612     -0.548     -0.637     -0.099     -0.405     -0.142
103.0500     -29981.462   -29989.598        8.135   326.1      0.314     -0.441     -0.364      0.333      0.638     -0.165
103.1000     -29981.329   -29989.223        7.893   316.4     -0.902     -0.488      0.508      0.086     -0.402      0.078
103.1500     -29981.488   -29988.477        6.989   280.1      0.632     -0.693     -0.241      0.419     -0.596      0.432
103.2000     -29981.305   -29989.170        7.865   315.3      0.860     -0.194      1.086      0.351     -0.228      0.013
103.2500     -29981.470   -29988.908        7.438   298.1      0.782     -1.237     -0.126     -0.483      0.146     -0.025
103.3000     -29981.104   -29988.834        7.730   309.8      0.749      0.560      0.862     -0.530     -0.576      0.568
103.3500     -29981.063   -29989.275        8.212   329.2     -0.232     -0.416     -0.727      0.050     -0.097      0.265
103.4000     -29981.048   -29989.250        8.202   328.8     -0.100     -0.647     -0.130      0.295      0.041      0.141
103.4500     -29981.059   -29989.209        8.150   326.7      0.284     -0.240     -0.061     -0.010     -0.260      0.840
103.5000     -29981.565   -29988.465        6.899   276.6      0.145      0.322     -0.731     -0.438     -0.611     -0.443
103.5500     -29980.982   -29988.633        7.651   306.7     -0.083      0.071     -0.077     -0.454      0.033     -0.145
103.6000     -29980.935   -29989.252        8.317   333.4      0.472      0.145     -0.417     -0.414     -0.404      0.371
103.6500     -29980.970   -29989.127        8.157   327.0     -1.410     -0.578     -0.306     -0.118     -0.440     -0.278
103.7000     -29981.314   -29989.199        7.886   316.1     -0.419     -0.990     -0.949      0.312      0.042      0.503
103.7500     -29981.368   -29989.713        8.345   334.5     -0.507     -0.907      0.485      0.093     -0.047      0.104
103.8000     -29981.364   -29989.080        7.716   309.3      0.253     -0.819      0.216      0.066      0.447      0.137
103.8500     -29981.377   -29989.045        7.668   307.4      0.065      0.287     -0.384      0.464      0.027     -0.270
103.9000     -29980.867   -29989.180        8.312   333.2      0.428      0.026      0.450      0.189     -0.190     -0.327
103.9500     -29981.236   -29989.957        8.721   349.6      0.069     -0.500     -0.209     -0.042      0.414      0.209
104.0000     -29981.918   -29990.012        8.094   324.4     -0.412     -0.726     -0.382      0.065      0.431     -0.297
104.0500     -29982.161   -29989.416        7.255   290.8      0.034      0.501     -0.170     -0.106     -0.203     -0.150
104.1000     -29982.640   -29990.051        7.411   297.0      0.103     -0.498      0.027      0.563      0.536      0.308
104.1500     -29982.287   -29990.084        7.797   312.5      0.127     -1.232     -0.181      0.222     -0.136      0.344
104.2000     -29982.399   -29990.125        7.726   309.7     -0.956     -0.544     -0.725     -0.033     -0.141      0.220
104.2500     -29982.026   -29990.189        8.164   327.2     -0.181     -0.498     -0.300     -0.125      0.224     -0.061
104.3000     -29981.506   -29989.855        8.350   334.7     -0.742     -1.128     -1.490      0.394     -0.064      0.053
104.3500     -29981.424   -29989.758        8.334   334.1     -0.145     -0.339      0.443     -0.021      0.501      0.624
104.4000     -29981.330   -29989.408        8.078   323.8      0.135      0.188     -0.124     -0.140     -0.470      0.002
104.4500     -29981.329   -29989.850        8.521   341.6     -0.273      0.299      0.031      0.316      0.392     -0.248
104.5000     -29981.692   -29989.602        7.909   317.0      0.422     -0.513     -0.334     -0.301     -0.052      0.202
104.5500     -29981.250   -29989.076        7.826   313.7     -0.196      0.718     -0.650     -0.489     -0.551      0.183
104.6000     -29981.229   -29989.273        8.045   322.5      0.092     -0.263      0.205      0.063     -0.397      0.665
104.6500     -29981.715   -29989.504        7.789   312.2     -1.002     -0.535     -0.529      0.035     -0.717     -0.198
104.7000     -29982.020   -29990.209        8.189   328.3     -0.526     -0.587     -0.163      0.164     -0.279      0.156
104.7500     -29982.120   -29989.900        7.780   311.9     -0.096     -0.140     -0.205     -0.013      0.655     -0.194
104.8000     -29981.711   -29990.637        8.926   357.8     -0.270     -0.568     -0.774      0.023      0.392     -0.153
104.8500     -29981.361   -29990.072        8.712   349.2     -0.113     -0.933     -0.350      0.129     -0.158     -0.419
104.9000     -29981.182   -29989.062        7.881   315.9     -0.653     -0.249     -0.163      0.169     -0.018      0.058
104.9500     -29980.725   -29988.797        8.072   323.6      0.000      0.161     -0.446     -0.217     -0.139      0.075
105.0000     -29980.828   -29988.678        7.849   314.6      0.067     -0.950      0.052      0.581      0.271     -0.244
105.0500     -29980.662   -29988.637        7.975   319.7      0.432     -0.235     -0.102     -0.316      0.145      0.069
105.1000     -29980.918   -29988.652        7.735   310.0     -0.895      0.088     -0.829      0.054     -0.332      0.098
105.1500     -29980.177   -29988.453        8.276   331.8      0.041     -0.671      0.429      0.217     -0.052      0.232
105.2000     -29980.518   -29988.684        8.166   327.3     -0.088      0.016      0.761     -0.148     -0.367      0.092
105.2500     -29980.477   -29988.295        7.818   313.4      0.659      0.492      0.147      0.289     -0.193     -0.069
105.3000     -29980.421   -29988.580        8.159   327.1     -0.733     -0.640      0.607     -0.188     -0.561      0.357
105.3500     -29980.278   -29988.600        8.322   333.6      0.687      0.414      0.551      0.092      0.775      0.501
105.4000     -29979.996   -29989.057        9.061   363.2     -0.117      0.200      0.978      0.402     -0.266     -0.429
105.4500     -29980.146   -29988.023        7.877   315.8     -0.521      0.283     -0.380     -0.202      0.473      0.198
105.5000     -29980.439   -29988.594        8.154   326.9      0.178     -0.586     -0.581      0.109     -0.460      0.385
105.5500     -29980.233   -29988.377        8.144   326.4      0.092     -0.189     -0.118      0.233      0.001     -0.145
105.6000     -29979.943   -29988.730        8.787   352.2     -0.281     -0.724      0.487      0.140     -0.239      0.420
105.6500     -29980.620   -29988.809        8.188   328.2     -0.160     -0.258      0.328      0.479      0.504     -0.687
105.7000     -29980.063   -29989.459        9.396   376.6     -0.726      0.022      0.375     -0.270     -0.416      0.034
105.7500     -29979.970   -29988.373        8.403   336.8      0.617     -0.326     -0.029     -0.181     -0.464     -0.425
105.8000     -29979.895   -29988.648        8.753   350.9     -0.785     -0.276      0.414      0.118      0.248      0.010
105.8500     -29979.989   -29988.854        8.864   355.3      0.471      0.828     -0.633      0.036     -0.490      0.139
105.9000     -29980.203   -29988.801        8.598   344.6     -0.090     -0.344     -0.930     -0.591     -0.253     -0.503
105.9500     -29980.590   -29988.719        8.129   325.8     -0.617     -0.178      0.763     -0.314      0.422     -0.387
106.0000     -29980.030   -29988.291        8.261   331.1     -0.390     -0.521     -0.773      0.678      0.324      0.494
106.0500     -29980.368   -29989.143        8.775   351.7     -0.849     -0.087     -0.834      0.107     -0.190     -0.420
106.1000     -29980.500   -29988.600        8.099   324.7      0.552     -0.078     -1.228     -0.402      0.259      0.365
106.1500     -29980.534   -29988.486        7.952   318.8     -1.130     -0.698      0.031      0.174     -0.359     -0.424
106.2000     -29980.260   -29988.141        7.880   315.9     -0.730     -0.751     -0.583     -0.009      0.611      0.296
106.2500     -29980.293   -29988.500        8.207   329.0     -1.688     -1.336      0.042     -0.020      0.423      0.198
106.3000     -29980.373   -29988.572        8.199   328.6     -0.652     -1.403     -0.790     -0.231      0.572      0.273
106.3500     -29979.936   -29988.621        8.685   348.1     -2.657     -0.827     -1.369     -0.333      0.136      0.018
106.4000     -29979.730   -29988.506        8.776   351.8     -0.013     -0.782     -0.587      0.014     -0.250     -0.694
106.4500     -29980.329   -29988.588        8.259   331.0     -0.325      0.298     -0.260      0.853     -0.245      0.183
106.5000     -29980.707   -29988.773        8.067   323.4      1.515      0.550      0.079     -0.773      0.575      0.004
106.5500     -29980.592   -29989.314        8.723   349.6     -0.443     -0.380     -0.013     -0.568      0.207     -0.350
106.6000     -29980.652   -29988.969        8.317   333.4     -1.619     -0.829     -0.977      0.024      0.071      0.359
106.6500     -29980.686   -29989.002        8.316   333.3      0.393     -0.021      0.247     -0.243      1.178     -0.454
106.7000     -29980.565   -29988.854        8.289   332.2     -0.726      0.237      0.315     -0.129     -0.313     -0.460
106.7500     -29980.678   -29988.965        8.287   332.2     -0.210      0.051      0.074      0.129     -0.166      0.366
106.8000     -29980.661   -29988.303        7.642   306.3      0.345     -0.522     -0.502     -0.228     -0.110      0.144
106.8500     -29981.042   -29988.879        7.837   314.2     -0.583     -0.102     -0.862     -0.734     -0.017      0.303
106.9000     -29980.523   -29988.916        8.393   336.4     -0.876     -0.648     -0.257      0.055     -0.319      0.582
106.9500     -29980.507   -29989.027        8.520   341.5      0.114     -0.309      0.132     -0.470      0.508      0.113
107.0000     -29980.958   -29989.348        8.389   336.3     -0.825     -1.495     -0.241     -0.134     -0.457      0.374
107.0500     -29980.649   -29988.832        8.183   328.0     -0.552     -0.379     -0.491      0.042      0.214      0.293
107.1000     -29980.754   -29988.299        7.545   302.4     -1.591     -0.920     -0.300      0.240     -0.017     -0.029
107.1500     -29980.558   -29988.746        8.188   328.2      0.776      0.100     -1.004      0.212     -0.490      0.914
107.2000     -29980.736   -29988.557        7.821   313.5     -0.869     -1.112     -0.887      0.866     -0.507     -0.183
107.2500     -29980.592   -29989.084        8.492   340.4      0.324      0.728      1.218     -0.153      0.698     -0.131
107.3000     -29980.477   -29988.949        8.472   339.6     -0.262     -0.144     -0.890      0.291     -0.551     -0.239
107.3500     -29980.701   -29988.994        8.293   332.4     -0.528     -0.619     -0.775      0.276      0.460     -0.159
107.4000     -29980.896   -29989.361        8.465   339.3     -0.451     -1.561     -0.351     -0.691     -0.124      0.389
107.4500     -29981.282   -29989.355        8.073   323.6     -0.387     -0.013     -1.143      0.362     -0.485      0.019
107.5000     -29981.158   -29989.443        8.285   332.1      0.510     -0.261      0.168     -0.074     -0.055     -0.477
107.5500     -29981.149   -29989.357        8.209   329.1     -0.158     -0.283     -0.815     -0.385      0.418      0.233
107.6000     -29981.470   -29989.734        8.264   331.3     -0.902     -0.258     -0.515     -0.088     -0.220     -0.517
107.6500     -29980.379   -29988.783        8.405   336.9     -0.234      0.175      0.421     -0.316     -0.084     -0.099
107.7000     -29980.797   -29988.469        7.671   307.5     -0.072     -0.705      0.344      0.278     -0.461      0.053
107.7500     -29980.354   -29989.053        8.699   348.7     -0.651     -0.681     -0.238     -0.189      0.498     -0.125
107.8000     -29980.548   -29988.477        7.929   317.8     -0.722     -0.310     -0.849      0.477      0.131     -0.255
107.8500     -29980.821   -29989.457        8.636   346.2     -0.115     -0.104     -0.333     -0.593      0.413      0.084
107.9000     -29980.806   -29988.994        8.188   328.2     -0.799     -1.176     -0.805     -0.070      0.162     -0.155
107.9500     -29980.637   -29989.219        8.582   344.0     -1.099     -0.785     -0.319     -0.399      0.086      0.198
108.0000     -29980.712   -29988.879        8.167   327.4      0.635     -0.636      1.347     -0.431      0.586      0.236
108.0500     -29981.064   -29989.029        7.966   319.3     -0.503      0.211     -1.151     -0.208      0.398     -0.415
108.1000     -29980.802   -29988.889        8.087   324.1     -1.405      0.163      0.469     -0.161      0.485     -0.458
108.1500     -29980.908   -29988.656        7.748   310.6     -0.527      0.278     -0.300     -0.112     -0.115      0.004
108.2000     -29981.405   -29989.291        7.886   316.1     -1.241     -0.808     -0.051      0.642      0.152     -0.069
108.2500     -29981.232   -29989.486        8.254   330.9     -1.063     -0.289      0.660     -0.196     -0.221     -0.179
108.3000     -29981.281   -29989.430        8.148   326.6     -0.297     -0.123     -0.578     -0.251      0.226      0.477
108.3500     -29981.330   -29989.652        8.322   333.6     -1.100     -1.047     -0.013     -0.020     -0.322     -0.721
108.4000     -29980.831   -29988.848        8.017   321.3     -0.522      0.268     -0.676      0.015      0.120     -0.268
108.4500     -29980.352   -29988.000        7.648   306.6     -0.640     -1.317      0.104      0.511     -0.760      0.364
108.5000     -29980.506   -29988.447        7.941   318.3     -0.662      0.237     -0.958     -0.632     -0.167     -0.065
108.5500     -29981.002   -29989.100        8.098   324.6     -1.276     -0.408     -0.708      0.483      0.515     -0.203
108.6000     -29981.475   -29989.291        7.816   313.3     -0.060     -0.240     -0.508     -0.086     -0.296      0.012
108.6500     -29981.182   -29988.445        7.263   291.1     -0.586      0.032     -0.447      0.174      0.290      0.141
108.7000     -29981.108   -29989.217        8.109   325.1     -0.137      0.566      0.003      0.127      0.345     -0.203
108.7500     -29981.650   -29988.807        7.156   286.9      0.165     -0.069     -0.027     -0.639     -0.033      0.394
108.8000     -29981.971   -29989.641        7.669   307.4      1.081      0.387      1.020     -0.295      0.213     -0.291
108.8500     -29981.531   -29989.725        8.194   328.4      0.045     -0.371     -0.365     -0.439     -0.260     -0.272
108.9000     -29981.799   -29989.607        7.809   313.0      0.012      0.078      0.483     -0.017     -0.240      0.010
108.9500     -29981.860   -29990.119        8.260   331.1      0.339     -0.478      0.557     -0.161      0.080     -0.421
109.0000     -29981.625   -29989.826        8.201   328.8     -0.372      0.511     -0.349      0.162     -0.634      0.023
109.0500     -29981.584   -29989.682        8.097   324.6      0.340      0.131     -1.247      0.244      0.111     -0.216
109.1000     -29981.797   -29989.482        7.685   308.1     -0.492     -0.317     -1.059      0.143      0.292      0.073
109.1500     -29981.707   -29989.732        8.025   321.7      0.222      0.679     -0.447     -0.273     -0.070     -0.202
109.2000     -29981.386   -29988.908        7.522   301.5      0.568      0.021      0.472      0.043      0.062      0.177
109.2500     -29981.556   -29988.775        7.219   289.4     -2.021     -0.316     -0.550     -0.117     -0.280     -0.073
109.3000     -29981.162   -29989.242        8.080   323.9     -0.974     -0.754     -0.570     -0.313     -0.013      0.277
109.3500     -29980.916   -29988.627        7.711   309.1     -0.284     -0.102     -0.713      0.085     -0.656      0.484
109.4000     -29981.099   -29988.781        7.683   308.0      0.291      0.133      0.005     -0.536     -0.368      0.210
109.4500     -29981.108   -29989.037        7.929   317.8      0.551      1.085      0.144      0.145      0.124      0.262
109.5000     -29980.769   -29989.100        8.331   333.9      0.381     -0.709      0.768      0.033     -0.947     -0.266
109.5500     -29980.669   -29989.369        8.700   348.8     -0.462     -0.267      0.164     -0.669      0.484      0.144
109.6000     -29981.151   -29988.891        7.740   310.3      0.217     -0.217     -0.433     -0.305     -0.177     -0.222
109.6500     -29981.085   -29989.248        8.163   327.2     -0.575     -0.084     -0.322     -0.567     -0.201      0.331
109.7000     -29981.043   -29988.674        7.630   305.9      0.768      0.182      0.485      0.167     -0.117     -0.238
109.7500     -29980.792   -29988.742        7.950   318.7     -0.398     -0.118     -0.854     -0.308      0.266     -0.227
109.8000     -29980.808   -29988.922        8.114   325.3     -0.940     -0.516     -0.653      0.468      0.429      0.212
109.8500     -29980.984   -29989.482        8.499   340.7     -0.136      0.212      0.218     -0.798     -0.138     -0.249
109.9000     -29980.959   -29988.787        7.828   313.8     -1.263     -0.367     -2.305      0.387      0.021      0.838
109.9500     -29981.023   -29989.123        8.100   324.7     -0.592     -0.520     -0.071     -0.151     -0.395      0.448
110.0000     -29980.728   -29988.502        7.774   311.6      0.142     -0.534     -0.002      0.256      0.254     -0.159
110.0500     -29980.969   -29989.010        8.041   322.3     -0.582     -1.139     -0.470      0.369      0.053      0.299
110.1000     -29981.311   -29989.084        7.773   311.6     -1.097     -0.255     -0.505     -0.057     -0.087      0.543
110.1500     -29981.248   -29989.600        8.351   334.8     -0.617     -0.515     -0.931      0.229      0.022     -0.234
110.2000     -29981.468   -29989.789        8.321   333.5      0.442      0.009      0.482     -0.466      0.098      0.167
110.2500     -29981.978   -29989.814        7.837   314.1      0.014     -0.936     -0.535      0.105     -0.247     -0.010
110.3000     -29981.768   -29989.469        7.701   308.7      1.264     -0.462      0.254      0.093     -0.404     -0.232
110.3500     -29981.769   -29989.887        8.117   325.4     -0.634      0.024     -0.767      0.152      0.140      0.180
110.4000     -29981.799   -29989.010        7.211   289.1      0.094     -0.892     -1.302      0.113      0.483      0.424
110.4500     -29981.725   -29989.162        7.437   298.1     -0.565     -0.214     -0.346     -0.014      0.134      0.424
110.5000     -29981.340   -29988.693        7.353   294.7      0.565     -0.473     -1.004      0.268     -0.272      0.202
110.5500     -29981.111   -29989.465        8.353   334.8      0.154     -0.658      0.325     -0.054     -0.335     -0.439
110.6000     -29980.749   -29988.742        7.994   320.4     -0.316     -0.444     -0.392      0.326     -0.076      0.391
110.6500     -29980.619   -29989.213        8.593   344.5     -0.610      0.145     -0.516      0.034     -0.121      0.072
110.7000     -29981.102   -29988.635        7.533   302.0      0.020     -0.388      0.731      0.097      0.041      0.429
110.7500     -29980.850   -29988.604        7.754   310.8     -0.261     -0.414     -0.218     -0.125     -0.587      0.313
110.8000     -29980.609   -29988.908        8.299   332.7      0.475      0.573     -0.131     -0.635      0.250      0.114
110.8500     -29980.978   -29988.705        7.727   309.7     -0.057     -0.441     -0.059     -0.556     -0.694      0.175
110.9000     -29980.986   -29988.678        7.692   308.3     -0.460     -1.038      0.553     -0.147      0.518      0.018
110.9500     -29980.816   -29988.893        8.076   323.7      0.452      1.085      0.202     -0.103     -0.598      0.300
111.0000     -29980.960   -29988.910        7.950   318.7      1.315      0.664      0.468      0.224      0.410      0.249
111.0500     -29980.892   -29989.227        8.334   334.1     -1.148     -0.204     -0.582      0.340     -0.183     -0.495
111.1000     -29980.995   -29988.855        7.860   315.1      0.098     -1.102     -0.365     -0.215     -0.254      0.396
111.1500     -29981.068   -29989.355        8.288   332.2     -0.182     -0.184     -0.677      0.435      0.355     -0.300
111.2000     -29980.809   -29989.729        8.920   357.5     -1.143     -0.640     -0.327     -0.349     -0.175     -0.504
111.2500     -29981.050   -29989.094        8.043   322.4     -0.131     -0.155     -0.441      0.160     -0.325     -0.390
111.3000     -29981.121   -29990.039        8.918   357.5      0.089      0.418     -0.456      0.004      0.254      0.079
111.3500     -29980.893   -29988.422        7.529   301.8      0.129     -1.250      0.286     -0.052      0.208      0.636
111.4000     -29980.895   -29988.770        7.874   315.6     -0.368     -0.258     -0.531      0.069      0.511     -0.703
111.4500     -29980.937   -29989.385        8.448   338.6     -0.428     -0.213      0.064     -0.119     -0.414     -0.256
111.5000     -29981.117   -29989.197        8.080   323.9      0.718     -0.161      0.517     -0.232      0.479      0.146
111.5500     -29981.571   -29990.195        8.624   345.7      0.482     -0.204     -0.776      0.175     -0.344      0.062
111.6000     -29981.330   -29988.986        7.656   306.9      0.067     -0.760      0.358     -0.142     -0.018     -0.091
111.6500     -29981.515   -29990.064        8.549   342.7     -0.670     -0.690     -0.490     -0.334      0.074      0.458
111.7000     -29981.775   -29989.928        8.153   326.8      0.447     -0.568     -0.663     -0.501      0.160     -0.593
111.7500     -29981.385   -29988.629        7.244   290.4      0.268     -0.988     -0.094     -0.671     -0.368     -0.039
111.8000     -29981.543   -29989.430        7.886   316.1     -0.688      0.181      0.528     -0.189      0.404     -0.278
111.8500     -29981.836   -29989.525        7.690   308.2     -0.438      0.752      0.323     -0.013     -0.121      0.039
111.9000     -29981.498   -29989.564        8.066   323.3      0.105     -0.045      0.382      0.354      0.089      0.305
111.9500     -29981.989   -29989.787        7.798   312.6      0.898     -0.265      0.161      0.016     -0.111      0.782
112.0000     -29981.140   -29989.086        7.946   318.5     -0.712     -0.148     -0.321     -0.168      0.279      0.632
112.0500     -29981.731   -29990.195        8.465   339.3      0.344     -0.244      0.168      0.223     -0.141     -0.016
112.1000     -29981.380   -29989.531        8.151   326.7     -0.895     -0.043     -0.433     -0.052     -0.110      0.325
112.1500     -29981.439   -29989.947        8.509   341.1     -0.396      0.763     -0.244     -0.538     -0.067      0.722
112.2000     -29981.226   -29989.439        8.213   329.2     -0.211     -0.671      0.278      0.506      0.344     -0.121
112.2500     -29981.471   -29989.867        8.396   336.6      0.218      0.715     -0.238     -0.131     -0.295     -0.081
112.3000     -29981.607   -29989.762        8.155   326.9     -0.933     -0.490     -0.827      0.445     -0.039      0.191
112.3500     -29981.768   -29989.250        7.482   299.9     -0.170     -0.719     -1.095     -0.008      0.127      0.135
112.4000     -29982.421   -29990.010        7.589   304.2     -0.765     -0.642      0.292      0.332      0.368     -0.032
112.4500     -29982.418   -29989.561        7.142   286.3      0.146      0.285      0.368     -0.360      0.022      0.096
112.5000     -29981.926   -29989.660        7.734   310.0      0.258     -0.062     -0.069      0.595      0.070     -0.821
112.5500     -29982.026   -29989.580        7.554   302.8     -0.256     -0.600     -1.149     -0.191      0.081      0.176
112.6000     -29982.038   -29989.861        7.823   313.6     -0.356      0.068      0.308      0.349      0.567     -0.203
112.6500     -29982.085   -29989.959        7.874   315.6     -0.742     -0.153     -0.630      0.056     -0.396      0.665
112.7000     -29982.286   -29989.689        7.403   296.8     -0.401     -0.371     -1.227      0.118     -0.250     -0.163
112.7500     -29982.614   -29989.717        7.103   284.7      0.085      0.611      0.526     -0.309      0.192      0.705
112.8000     -29982.383   -29988.967        6.584   263.9      0.362      0.243      0.017     -0.344      0.093      0.122
112.8500     -29982.337   -29989.389        7.052   282.7      0.153     -0.506      0.548      0.162     -0.244      0.196
112.9000     -29981.689   -29989.236        7.547   302.5      1.055     -0.045     -0.026     -0.203      0.065      0.119
112.9500     -29981.674   -29989.479        7.805   312.9      0.073      0.956      0.785     -0.185      0.065     -0.482
113.0000     -29981.304   -29989.641        8.337   334.2      0.036     -0.141      0.414      0.020      0.122     -0.135
113.0500     -29981.059   -29988.643        7.583   304.0      0.009     -0.499     -0.708     -0.110      0.211      0.663
113.1000     -29981.367   -29989.256        7.889   316.2     -0.393     -0.153     -0.133     -0.479      0.038     -0.232
113.1500     -29980.988   -29988.996        8.008   321.0      0.295     -0.013      0.564      0.032      0.289     -0.274
113.2000     -29980.796   -29988.889        8.093   324.4      0.091      0.346     -0.284      0.227      0.708      0.036
113.2500     -29980.655   -29988.854        8.198   328.6      0.148     -0.284      0.362     -0.192      0.064      0.293
113.3000     -29980.792   -29988.467        7.675   307.7     -0.028     -0.321     -0.332     -0.379     -0.162     -0.076
113.3500     -29980.552   -29988.477        7.924   317.6     -0.383     -1.293     -0.590      0.334     -0.013      0.355
113.4000     -29980.739   -29988.127        7.388   296.1     -0.361     -0.541     -0.043     -0.423     -0.168      0.547
113.4500     -29980.682   -29988.281        7.599   304.6      0.385     -0.514      0.050      0.042      0.309      0.539
113.5000     -29980.378   -29988.580        8.202   328.8     -0.945      0.264     -0.118      0.167      0.198     -0.221
113.5500     -29980.753   -29988.721        7.968   319.4     -0.108     -1.651     -0.499      0.299      0.078      0.233
113.6000     -29980.277   -29988.605        8.329   333.9     -0.564      0.817     -0.419     -0.721     -0.220      0.182
113.6500     -29980.070   -29987.842        7.772   311.5      0.396      0.108      0.209      0.016     -0.082      0.134
113.7000     -29980.414   -29988.572        8.158   327.0      0.359      0.229      0.102      0.328     -0.335     -0.569
113.7500     -29980.586   -29989.092        8.505   340.9      0.265      0.766      0.148     -0.241      0.820     -0.180
113.8000     -29980.238   -29989.146        8.908   357.1     -0.972     -0.606     -0.376      0.199      0.334      0.169
113.8500     -29980.669   -29989.309        8.640   346.3      0.059      0.098      0.393     -0.582     -0.024     -0.078
113.9000     -29980.925   -29988.762        7.836   314.1     -0.219      0.574      0.038      0.608      0.005      0.070
113.9500     -29980.684   -29988.795        8.111   325.1      1.163     -0.552     -0.071     -0.221     -0.300      0.094
114.0000     -29980.303   -29988.703        8.400   336.7     -1.253     -0.474     -0.259     -0.569     -0.489      0.206
114.0500     -29980.372   -29988.301        7.929   317.8      0.638      0.001     -0.014      0.148      0.207     -0.320
114.1000     -29979.942   -29988.305        8.363   335.2     -0.497      0.633     -1.051     -0.232      0.461      0.353
114.1500     -29979.767   -29988.791        9.025   361.7     -0.287      0.309     -1.113      0.348      0.312     -0.147
114.2000     -29980.279   -29989.217        8.938   358.3     -1.276     -0.269     -0.500     -0.093     -0.337     -0.344
114.2500     -29980.833   -29988.939        8.106   324.9     -0.169      0.082      0.475      0.243      0.338      0.473
114.3000     -29981.085   -29989.168        8.082   324.0      1.128      0.151      0.316     -0.108     -0.315     -0.308
114.3500     -29981.081   -29989.211        8.130   325.9      0.610      0.057      0.299     -0.152     -0.067      0.220
114.4000     -29980.502   -29988.281        7.780   311.8     -0.373      1.194      0.281      0.503     -0.629      0.484
114.4500     -29980.137   -29988.355        8.218   329.4      0.021      0.082     -0.471     -0.172      0.199     -0.374
114.5000     -29979.912   -29988.340        8.428   337.8     -0.382     -0.347     -0.788     -0.494      0.278      0.048
114.5500     -29979.973   -29988.461        8.488   340.2      0.520      0.495      0.284      0.112     -0.515      0.408
114.6000     -29980.153   -29988.014        7.861   315.1     -0.556     -0.990     -0.458     -0.248      0.035      0.478
114.6500     -29980.725   -29988.061        7.336   294.1     -0.474     -0.692     -0.595      0.783     -0.144     -0.233
114.7000     -29980.871   -29988.100        7.229   289.8     -1.161     -0.538     -0.511      0.023      0.155     -0.081
114.7500     -29981.132   -29988.135        7.003   280.7      0.227     -0.300     -0.791      0.099      0.476      0.056
114.8000     -29980.799   -29988.965        8.166   327.3     -0.158     -0.375     -1.029     -0.235      0.107     -0.193
114.8500     -29981.001   -29988.588        7.587   304.1     -0.226     -0.305      0.030     -0.155     -0.335     -0.056
114.9000     -29980.781   -29988.639        7.857   315.0     -0.126     -0.427      0.076      0.071      0.438      0.579
114.9500     -29981.229   -29988.209        6.980   279.8      0.682     -0.397      0.046     -0.188     -0.947      0.283
115.0000     -29980.740   -29988.549        7.809   313.0     -0.017     -1.879     -0.154      0.591      0.181      0.192
115.0500     -29980.554   -29988.883        8.329   333.9     -0.174      0.633      0.911      0.305     -0.298     -0.052
115.1000     -29980.411   -29988.412        8.001   320.7     -1.001     -0.558      0.784      0.181      0.188      0.018
115.1500     -29981.057   -29988.242        7.185   288.0     -0.993     -0.391     -0.502      0.214     -0.192     -0.065
115.2000     -29980.957   -29988.424        7.467   299.3      0.937     -0.316     -0.741     -0.159     -0.545     -0.057
115.2500     -29980.834   -29989.047        8.213   329.2      0.043     -0.443     -0.853     -0.113     -0.170      0.075
115.3000     -29980.652   -29988.889        8.237   330.2     -0.967     -0.006      0.136      0.208      0.658     -0.136
115.3500     -29980.922   -29988.451        7.529   301.8      0.195     -0.960     -0.789     -0.044      0.320     -0.291
115.4000     -29981.033   -29989.256        8.223   329.6      0.096      0.227     -0.007     -0.330      0.596      0.052
115.4500     -29980.158   -29988.150        7.993   320.4     -1.303     -0.257     -0.004      0.327      0.154      0.283
115.5000     -29980.406   -29988.975        8.568   343.5      0.385     -0.722     -0.296      0.038      0.182      0.284
115.5500     -29980.987   -29988.928        7.941   318.3     -0.267     -0.418     -0.424      0.375     -0.107      0.168
115.6000     -29981.660   -29989.381        7.721   309.5      0.149     -0.712      0.232      0.136     -0.329     -0.182
115.6500     -29981.026   -29988.637        7.610   305.1      0.360      0.869     -0.116      0.227      0.478      0.098
115.7000     -29980.726   -29988.768        8.042   322.3     -0.147     -0.486     -0.539      0.570      0.340      0.184
115.7500     -29980.619   -29988.584        7.965   319.3      0.136     -0.583     -0.590     -0.267     -0.067     -0.058
115.8000     -29980.751   -29989.033        8.282   332.0      0.559      0.220     -0.701     -0.183     -0.402     -0.064
115.8500     -29980.747   -29989.156        8.410   337.1     -0.424     -0.478     -0.569      0.125     -0.222     -0.312
115.9000     -29980.697   -29988.881        8.184   328.0     -0.235     -0.243      0.193     -0.271      0.286     -0.036
115.9500     -29980.307   -29988.773        8.467   339.4     -1.146     -0.663     -1.180      0.081     -0.189      0.534
116.0000     -29980.517   -29988.660        8.143   326.4     -0.659     -0.320     -0.033      0.043      0.365     -0.294
116.0500     -29981.108   -29988.379        7.271   291.4     -0.897     -0.856     -1.442     -0.110      0.039     -0.090
116.1000     -29980.674   -29988.867        8.193   328.4     -0.730     -0.209     -0.256     -0.123     -0.396      0.218
116.1500     -29981.057   -29989.135        8.078   323.8      0.137      0.823     -1.231     -0.247     -0.137      0.050
116.2000     -29981.183   -29988.822        7.639   306.2      0.114     -0.197     -0.220     -0.029     -0.560      0.161
116.2500     -29980.765   -29989.174        8.409   337.1     -0.282     -0.061     -1.248     -0.368      0.482     -0.151
116.3000     -29980.524   -29988.805        8.280   331.9      0.417     -0.591     -0.020     -0.303     -0.565     -0.275
116.3500     -29980.526   -29988.949        8.423   337.6     -0.958      0.342     -0.624      0.090      0.294     -0.073
116.4000     -29980.744   -29988.180        7.436   298.1     -0.152     -0.868      0.146     -0.491      0.231      0.850
116.4500     -29980.538   -29988.980        8.443   338.4      0.398     -0.256     -1.204      0.020     -0.179     -0.006
116.5000     -29980.534   -29988.504        7.970   319.5     -1.038     -1.338     -0.053      0.081     -0.473     -0.306
116.5500     -29980.936   -29989.215        8.279   331.9     -0.138      0.594     -0.394      0.349     -0.319     -0.567
116.6000     -29981.011   -29989.092        8.081   323.9     -0.563     -0.334     -1.109     -0.445     -0.017      0.631
116.6500     -29980.808   -29988.441        7.633   306.0     -0.281      0.703     -0.344      0.271     -0.672      0.180
116.7000     -29980.893   -29989.072        8.179   327.9     -0.359     -0.759     -0.531      0.122      0.503     -0.605
116.7500     -29980.838   -29988.086        7.248   290.5     -0.558      1.282      0.039     -0.080     -0.199      0.484
116.8000     -29980.610   -29989.057        8.446   338.6     -1.175     -0.891     -0.717      0.152      0.130      0.184
116.8500     -29980.624   -29988.473        7.848   314.6     -0.725     -0.273      0.162     -0.199      0.336      0.395
116.9000     -29980.648   -29988.416        7.768   311.4     -0.552     -0.149      0.120      0.359      0.285     -0.226
116.9500     -29980.686   -29988.688        8.001   320.7      1.321      0.024     -0.086      0.237      0.334      0.342
117.0000     -29981.197   -29989.906        8.710   349.1     -0.688      0.408      0.246      0.103      0.054     -0.219
117.0500     -29981.355   -29989.213        7.858   315.0     -0.645     -0.415     -0.111     -0.247     -0.413      0.017
117.1000     -29980.850   -29989.250        8.400   336.7     -0.118      0.002     -0.263      0.315     -0.733      0.007
117.1500     -29980.341   -29988.357        8.016   321.3     -0.794     -0.487     -0.194     -0.402      0.208      0.037
117.2000     -29980.896   -29988.963        8.067   323.4     -0.258     -0.767     -0.670      0.751      0.387      0.093
117.2500     -29980.505   -29989.146        8.641   346.4     -0.288     -0.285     -0.277      0.198     -0.335      0.059
117.3000     -29980.207   -29988.752        8.545   342.5     -0.558     -1.006      0.002      0.059      0.318     -0.535
117.3500     -29980.122   -29988.361        8.239   330.3      0.313      0.257      0.037     -0.019      0.193      0.470
117.4000     -29979.980   -29988.176        8.196   328.5     -0.361     -0.178     -0.181      0.183      0.483     -0.342
117.4500     -29979.889   -29988.180        8.291   332.3     -0.299     -0.392     -0.627      0.417      0.284      0.602
117.5000     -29979.939   -29988.447        8.508   341.0     -0.579     -0.707     -1.141      0.409      0.194     -0.065
117.5500     -29979.616   -29989.070        9.454   379.0     -0.846     -1.301     -0.351      0.384     -0.216     -0.215
117.6000     -29979.662   -29987.822        8.160   327.1     -0.008     -0.785     -0.600      0.327     -0.141      0.785
117.6500     -29979.768   -29988.863        9.096   364.6     -1.347     -0.301      0.377     -0.380     -0.337      0.602
117.7000     -29980.192   -29988.883        8.691   348.4     -0.200     -0.815     -0.881      0.145      0.535     -0.383
117.7500     -29980.271   -29988.438        8.167   327.4     -0.512     -1.594     -1.158      0.360     -0.518      0.052
117.8000     -29979.980   -29988.436        8.456   338.9     -0.380     -0.746      0.110      0.413      0.627      0.371
117.8500     -29979.730   -29988.420        8.690   348.3     -0.750     -0.357     -1.603     -0.438      0.099      0.100
117.9000     -29980.089   -29988.566        8.477   339.8     -0.342      0.369     -0.104      0.750      0.209     -0.010
117.9500     -29980.121   -29988.293        8.172   327.6      0.349     -0.025     -0.102     -0.176      0.366      0.101
118.0000     -29980.090   -29987.928        7.838   314.2     -0.848     -1.357     -0.222     -0.445     -0.437     -0.013
118.0500     -29980.441   -29988.635        8.194   328.4     -0.503     -0.441     -0.164     -0.014      0.003      0.350
118.1000     -29980.709   -29988.707        7.998   320.6     -0.112      0.275      0.263      0.503      0.602      0.181
118.1500     -29981.620   -29989.568        7.948   318.6     -0.138     -0.521     -0.394     -0.940     -0.531     -0.123
118.2000     -29981.299   -29989.664        8.365   335.3     -0.283     -0.089     -0.258     -0.295     -0.319      0.193
118.2500     -29981.040   -29989.588        8.548   342.7     -1.039     -0.532     -0.251      0.294     -0.044     -0.159
118.3000     -29981.025   -29989.301        8.276   331.7      0.379      0.418     -0.611     -0.217      0.207      0.039
118.3500     -29980.966   -29989.191        8.226   329.7     -0.451      0.287      0.171     -0.019     -0.235      0.082
118.4000     -29980.721   -29989.326        8.605   344.9     -0.600     -0.996     -0.397      0.122      0.049     -0.109
118.4500     -29980.261   -29988.629        8.368   335.4     -0.163     -0.142     -0.613      0.622     -0.378     -0.119
118.5000     -29980.287   -29988.463        8.176   327.7      0.541      0.694      0.396      0.053      0.082     -0.180
118.5500     -29980.426   -29989.152        8.727   349.8     -0.121     -0.054     -0.700     -0.288     -0.468      0.174
118.6000     -29980.867   -29988.434        7.567   303.3      0.429      0.489      0.278     -0.312     -0.004      0.059
118.6500     -29980.648   -29988.152        7.504   300.8      0.657      0.269      0.779      0.447      0.029      0.313
118.7000     -29980.604   -29988.477        7.872   315.6     -0.235      1.847      0.128     -0.237      0.066      0.285
118.7500     -29981.387   -29989.701        8.314   333.3      0.223     -0.503     -0.343     -0.077      0.253      0.960
118.8000     -29981.326   -29989.113        7.788   312.2     -0.458     -0.397     -0.663     -0.118     -0.382     -0.336
118.8500     -29980.952   -29989.279        8.327   333.8     -0.843     -0.588      0.808      0.270      0.256     -0.465
118.9000     -29980.803   -29989.471        8.668   347.5     -0.883      0.150     -0.215      0.295     -0.085     -0.009
118.9500     -29981.159   -29989.285        8.126   325.7     -0.278     -0.972     -0.981     -0.197      0.107      0.097
119.0000     -29981.625   -29989.074        7.449   298.6     -0.436      0.555     -0.540      0.133      0.083      0.067
119.0500     -29981.690   -29989.314        7.625   305.6     -0.096     -0.614      0.574      0.118     -0.011      0.506
119.1000     -29981.349   -29989.619        8.270   331.5      0.086      0.344     -0.817      0.123     -0.013      0.184
119.1500     -29981.100   -29989.172        8.072   323.6      0.424      0.236      0.190     -0.184     -0.193      0.172
119.2000     -29981.471   -29989.670        8.199   328.6      0.584     -0.266     -0.200      0.417     -0.055      0.301
119.2500     -29981.137   -29989.393        8.256   330.9     -0.214     -0.554     -0.232      0.356      0.827     -0.027
119.3000     -29981.115   -29989.164        8.049   322.7      0.019      0.000     -1.197      0.596     -0.418      0.049
119.3500     -29980.248   -29989.414        9.166   367.4     -0.090      0.433      0.199      0.369      0.247     -0.306
119.4000     -29980.584   -29988.793        8.209   329.1     -0.213      0.004     -0.303     -0.090      0.317      0.348
119.4500     -29980.412   -29988.029        7.617   305.3      0.386      0.912      0.417      0.342     -0.145     -0.007
119.5000     -29980.728   -29988.307        7.579   303.8      0.251     -0.218      0.178      0.133     -0.161     -0.353
119.5500     -29980.844   -29988.457        7.613   305.2      0.113     -0.678     -0.558     -0.679      0.323     -0.777
119.6000     -29980.588   -29989.520        8.931   358.0     -0.428     -0.485      0.065     -0.220      0.368      0.418
119.6500     -29980.581   -29988.783        8.202   328.8     -0.685     -1.736     -0.674      0.164     -0.203      0.118
119.7000     -29980.556   -29989.656        9.100   364.8     -1.145      0.411      0.205     -0.859      0.061     -0.301
119.7500     -29980.388   -29989.547        9.159   367.1     -0.090     -1.133     -0.670     -0.120      0.289     -0.280
119.8000     -29980.447   -29988.480        8.033   322.0      0.611      0.535      0.521     -0.146      0.148      0.210
119.8500     -29979.887   -29988.596        8.708   349.1      1.117      0.314     -0.426      0.183      0.201     -0.031
119.9000     -29980.056   -29988.082        8.026   321.7     -0.173     -0.066      0.224     -0.102      0.096     -0.579
119.9500     -29979.710   -29988.447        8.737   350.2      0.757     -0.555      0.436      0.947     -0.152      0.136
120.0000     -29980.297   -29988.801        8.504   340.9     -0.187     -0.909     -0.896      0.424     -0.307      0.100
120.0500     -29980.600   -29989.121        8.521   341.6     -0.078     -0.435      0.233     -0.004      0.794      0.069
120.1000     -29981.105   -29989.174        8.069   323.5     -0.524     -0.333     -0.207     -0.682     -0.386     -0.351
120.1500     -29980.764   -29989.754        8.990   360.4     -1.000     -1.112     -0.494     -0.363      0.125      0.301
120.2000     -29980.161   -29988.963        8.802   352.8     -1.419     -0.444     -0.436      0.213      0.296      0.374
120.2500     -29979.642   -29988.293        8.651   346.8     -0.198     -0.578     -0.395      0.456      0.232     -0.963
120.3000     -29979.818   -29987.760        7.942   318.3     -0.455     -0.212      0.046      0.094     -0.289     -0.319
120.3500     -29980.457   -29988.883        8.426   337.8     -0.433     -0.183      0.081      0.023      0.185     -0.581
120.4000     -29980.948   -29989.500        8.552   342.8     -0.060     -0.004      0.193     -0.213      0.332     -0.010
120.4500     -29980.928   -29989.461        8.533   342.0      0.083      0.468     -0.498      0.369      0.133     -0.002
120.5000     -29980.941   -29989.426        8.485   340.1      0.297     -1.135      0.460     -0.486     -0.155      0.053
120.5500     -29981.101   -29988.785        7.685   308.0     -0.726     -0.091     -0.585      0.591      0.096     -0.012
120.6000     -29980.703   -29988.973        8.269   331.5      0.245      0.736      0.123     -0.456      0.180     -0.208
120.6500     -29981.443   -29989.732        8.290   332.3      1.325     -0.328      0.240     -0.046      0.153      0.064
120.7000     -29981.660   -29989.221        7.560   303.1     -0.345     -0.268     -0.054     -0.044     -0.312     -0.611
120.7500     -29981.637   -29988.764        7.127   285.7      0.691     -0.748      0.014     -0.049      0.203     -0.055
120.8000     -29981.134   -29989.697        8.563   343.3      0.043      0.596      0.113     -0.289     -0.191      0.005
120.8500     -29981.479   -29989.828        8.349   334.7      0.688     -0.424      0.327      0.348      0.092      0.025
120.9000     -29981.527   -29989.291        7.764   311.2     -0.860     -0.668     -0.300     -0.119      0.156      0.437
120.9500     -29981.871   -29989.678        7.806   312.9     -0.903     -0.275     -1.158      0.295      0.351     -0.388
121.0000     -29981.814   -29988.832        7.018   281.3      0.139      0.481     -0.093      0.027      0.152     -0.180
121.0500     -29981.541   -29988.885        7.344   294.4     -0.389     -0.570      0.241     -0.074     -0.021      0.113
121.1000     -29981.756   -29989.271        7.516   301.3     -0.415     -0.353     -0.169      0.676      0.358      0.138
121.1500     -29981.231   -29989.031        7.800   312.7     -0.054     -0.721      0.055     -0.239     -0.323      0.648
121.2000     -29981.357   -29990.332        8.975   359.8     -1.066     -0.967     -0.636     -0.021      0.069      0.318
121.2500     -29981.656   -29989.604        7.947   318.6      0.705      0.291      0.111     -0.458     -0.392      0.020
121.3000     -29982.014   -29989.852        7.837   314.2     -0.174      0.278     -0.568      0.626      0.269     -0.693
121.3500     -29981.657   -29989.471        7.814   313.2      0.028     -0.108     -0.842      0.050      0.205      0.341
121.4000     -29981.736   -29989.314        7.579   303.8     -0.146      0.228     -0.031     -0.456     -0.346     -0.204
121.4500     -29981.157   -29988.934        7.776   311.7      0.192      0.120     -0.469      0.504      0.087     -0.523
121.5000     -29980.977   -29988.781        7.805   312.8     -0.053     -1.381     -0.548     -0.119      0.482     -0.335
121.5500     -29980.820   -29988.662        7.842   314.3     -0.708     -0.617     -1.273      0.368     -0.337     -0.236
121.6000     -29980.671   -29989.482        8.811   353.2     -0.136     -0.419     -1.392      0.605      0.030     -0.353
121.6500     -29981.376   -29988.777        7.401   296.7     -0.294     -0.530      0.783     -0.130      0.117      0.225
121.7000     -29981.265   -29989.164        7.899   316.6      0.530     -0.208     -0.597      0.318     -0.098      0.925
121.7500     -29981.329   -29989.453        8.124   325.7      0.148     -0.084     -0.348     -0.393     -0.646     -0.497
121.8000     -29980.780   -29988.635        7.855   314.9      0.005     -0.179     -0.827      0.492      0.125     -0.135
121.8500     -29980.832   -29988.996        8.164   327.2     -0.808     -0.157     -0.124      0.162      0.124      0.141
121.9000     -29980.785   -29988.553        7.768   311.4     -0.214      0.154      0.545      0.060     -0.058     -0.018
121.9500     -29981.143   -29989.662        8.519   341.5      0.028      0.089     -0.952      0.387     -0.295     -0.182
122.0000     -29981.882   -29990.045        8.163   327.2     -0.938     -0.797     -0.254     -0.695     -0.304     -0.183
122.0500     -29981.710   -29989.561        7.850   314.7     -0.201     -0.297      0.033     -0.028     -0.267      0.295
122.1000     -29981.804   -29990.150        8.346   334.6      0.111     -0.488     -1.109      0.260      0.100      0.397
122.1500     -29981.592   -29988.807        7.215   289.2     -0.755      0.069     -0.270      0.069     -0.128      0.343
122.2000     -29980.893   -29988.973        8.080   323.9      0.011     -0.720      0.021     -0.339      0.061     -0.070
122.2500     -29980.657   -29988.594        7.936   318.1     -0.095      0.101     -0.612     -0.130      0.137     -0.309
122.3000     -29980.918   -29988.717        7.799   312.6     -0.215     -0.171      0.140     -0.059     -0.166      0.396
122.3500     -29981.077   -29988.891        7.814   313.2     -0.260      0.609      1.104      0.054     -0.599     -0.003
122.4000     -29980.793   -29988.533        7.741   310.3      0.370     -0.449      0.887      0.172      0.116      0.207
122.4500     -29980.464   -29988.689        8.225   329.7     -0.013      0.928     -1.047      0.383      0.478     -0.181
122.5000     -29980.485   -29988.867        8.382   336.0      0.086     -0.530      0.027     -0.271     -0.142     -0.414
122.5500     -29979.915   -29988.727        8.812   353.2     -0.371     -0.873     -0.551     -0.156     -0.298      0.089
122.6000     -29980.559   -29988.787        8.228   329.8     -0.666     -0.935     -0.350     -0.284     -0.222     -0.031
122.6500     -29980.526   -29989.002        8.476   339.8     -0.479     -0.235     -0.329     -0.262     -0.274     -0.011
122.7000     -29980.574   -29989.361        8.787   352.2     -0.486     -0.825     -0.859     -0.474     -0.759     -0.224
122.7500     -29980.604   -29989.295        8.691   348.4     -0.560     -0.187     -0.121     -0.071     -0.202     -0.435
122.8000     -29980.534   -29988.447        7.913   317.2     -0.606     -1.170      0.191      0.207     -0.304      0.005
122.8500     -29980.270   -29988.002        7.732   309.9     -0.398      0.371      0.544     -0.342     -0.002     -0.259
122.9000     -29980.135   -29988.402        8.267   331.4     -0.111      0.610      0.457     -0.446     -0.270      0.798
122.9500     -29980.120   -29988.896        8.777   351.8     -0.489     -0.427      0.119     -0.355     -0.172     -0.124
123.0000     -29979.979   -29988.760        8.781   352.0     -0.451     -0.847     -1.007     -0.107      0.448     -0.343
123.0500     -29979.637   -29988.611        8.974   359.7     -1.199     -1.478     -1.142      0.429     -0.970     -0.044
123.1000     -29979.743   -29988.471        8.728   349.9     -0.568     -0.515     -0.574      0.018      0.656      0.007
123.1500     -29979.852   -29988.824        8.972   359.6     -0.085      0.832     -0.746      0.257     -0.441     -0.215
123.2000     -29979.743   -29988.605        8.862   355.2     -0.177     -0.595     -0.104      0.172      0.440     -0.136
123.2500     -29979.685   -29988.623        8.938   358.3      0.127      0.405     -0.010     -0.160     -0.513     -0.363
123.3000     -29979.701   -29987.947        8.247   330.6     -0.502     -0.071     -0.075     -0.257      0.297     -0.335
123.3500     -29979.662   -29988.467        8.805   352.9      0.070     -0.007     -0.044      0.165      0.093      0.102
123.4000     -29980.092   -29989.098        9.005   361.0      0.152     -0.617     -0.515      0.045     -0.133      0.621
123.4500     -29980.365   -29988.920        8.554   342.9     -1.057     -0.953     -0.641     -0.165     -0.482     -0.456
123.5000     -29980.013   -29988.510        8.497   340.6      0.109     -0.729     -0.893      0.045     -0.192     -0.237
123.5500     -29979.973   -29989.213        9.240   370.4     -0.726     -0.787     -0.384     -0.026     -0.151     -0.051
123.6000     -29979.846   -29987.971        8.124   325.7      0.938      0.199      0.008     -0.055     -0.162     -0.722
123.6500     -29980.034   -29988.111        8.077   323.8      0.335      1.230     -0.175      0.380     -0.117      0.504
123.7000     -29980.632   -29988.514        7.882   315.9     -0.670     -1.340      0.679     -0.359      0.620      0.305
123.7500     -29980.280   -29988.426        8.146   326.5     -0.173     -0.153     -0.089      0.318     -0.522     -0.193
123.8000     -29980.284   -29988.332        8.048   322.6     -0.580     -0.386     -0.121     -0.531     -0.199      0.001
123.8500     -29980.367   -29987.895        7.527   301.7      0.296      1.034     -0.255      0.324     -0.416     -0.013
123.9000     -29980.568   -29988.426        7.858   315.0     -0.264     -0.518      0.566     -0.525     -0.124     -0.995
123.9500     -29980.732   -29988.758        8.026   321.7      0.515      0.654      0.178      0.114     -0.163      0.737
124.0000     -29980.996   -29989.383        8.387   336.2     -0.646     -0.588     -0.368     -0.500     -0.533     -0.110
124.0500     -29981.062   -29988.037        6.975   279.6     -0.034     -0.201     -0.526     -0.292      0.217      0.694
124.1000     -29981.029   -29988.131        7.102   284.7     -0.475     -0.163      1.135     -0.300     -0.329      0.253
124.1500     -29980.831   -29988.289        7.458   299.0      0.467      0.341      0.077     -0.306     -0.423     -0.014
124.2000     -29980.660   -29988.547        7.887   316.2     -0.087      0.232      0.419      0.139      0.155      0.379
124.2500     -29980.074   -29988.307        8.233   330.0     -0.946     -0.821     -0.525     -0.659     -0.142      0.108
124.3000     -29979.823   -29987.781        7.958   319.0     -0.440     -1.105     -1.412      0.326     -0.282     -0.174
124.3500     -29979.284   -29987.600        8.316   333.3     -0.587     -1.268     -0.796      0.525     -0.041      0.203
124.4000     -29979.233   -29987.320        8.087   324.2     -0.487      1.073      0.816     -0.182      0.230     -0.126
124.4500     -29979.400   -29987.928        8.528   341.8      0.083     -0.087     -0.185     -0.186     -0.103     -0.008
124.5000     -29979.349   -29987.426        8.077   323.8      0.566     -0.098      0.635     -0.307     -0.175      0.326
124.5500     -29979.347   -29987.383        8.036   322.1      0.230     -0.283      0.234     -0.435      0.110     -0.626
124.6000     -29979.677   -29988.473        8.796   352.6      0.475     -0.140      0.053      0.697      0.233     -0.689
124.6500     -29979.487   -29987.742        8.255   330.9      0.182      0.486     -0.309     -0.066     -0.226      0.089
124.7000     -29979.157   -29986.852        7.694   308.4     -0.063     -0.859      0.098     -0.625      0.165     -0.035
124.7500     -29978.974   -29987.350        8.375   335.7     -0.801      0.096     -0.196      0.129      0.023     -0.222
124.8000     -29979.439   -29987.480        8.041   322.3     -0.917     -0.177     -0.873     -0.197      0.080      0.240
124.8500     -29979.324   -29987.129        7.805   312.9      0.129     -1.449     -0.449      0.064      0.499     -0.132
124.9000     -29979.076   -29988.012        8.936   358.2     -0.581     -0.130     -0.726     -0.236     -0.017     -0.054
124.9500     -29979.031   -29987.988        8.957   359.0     -1.043     -0.612     -0.826      0.085      0.769      0.411
125.0000     -29979.297   -29987.883        8.586   344.2      0.219      0.711      0.075      0.129      0.364     -0.422
125.0500     -29979.255   -29987.004        7.749   310.6     -1.662     -0.741     -1.435      0.038     -0.175      0.323
125.1000     -29979.277   -29987.330        8.053   322.8     -0.301     -0.842     -0.375     -0.188     -0.299     -0.512
125.1500     -29979.550   -29988.031        8.482   340.0      0.119     -0.751     -0.956     -0.648     -0.096     -0.074
125.2000     -29978.847   -29987.463        8.616   345.4     -0.380     -1.089     -0.488      0.298     -0.086     -0.201
125.2500     -29979.263   -29987.143        7.880   315.9     -0.133     -0.517     -0.395     -0.562      0.187      0.166
125.3000     -29979.317   -29987.436        8.119   325.4     -0.497     -0.256     -0.351     -0.046     -0.298      0.336
125.3500     -29979.517   -29987.594        8.077   323.8     -1.285     -1.084     -0.496      0.045     -0.030      0.701
125.4000     -29979.735   -29988.607        8.872   355.6     -0.736     -1.678     -0.135      0.108      0.136      0.039
125.4500     -29979.666   -29988.061        8.395   336.5      0.394     -0.134     -0.572     -0.190      0.065      0.242
125.5000     -29979.591   -29987.113        7.523   301.5     -0.077     -0.919     -0.371     -0.091      0.060      0.117
125.5500     -29979.117   -29987.666        8.549   342.7     -0.689     -0.080     -0.926      0.068     -0.371     -0.205
125.6000     -29978.311   -29987.018        8.706   349.0     -0.151     -0.571      0.079      0.185     -0.074      0.174
125.6500     -29978.237   -29986.732        8.495   340.5     -0.627     -0.159     -0.450     -0.439     -0.484      0.423
125.7000     -29978.696   -29987.729        9.033   362.1      0.136      0.457     -0.626      0.033      0.161      0.169
125.7500     -29978.594   -29986.869        8.275   331.7     -0.363     -0.441     -0.084     -0.361      0.225     -0.166
125.8000     -29978.664   -29987.148        8.484   340.1     -0.511      0.148     -0.238     -0.103      0.141     -0.090
125.8500     -29978.781   -29986.969        8.188   328.2      0.640      0.483      0.764     -0.340     -0.443     -0.184
125.9000     -29978.648   -29987.311        8.662   347.2     -0.520     -0.221      0.073     -0.197     -0.424      0.111
125.9500     -29978.522   -29986.777        8.255   330.9     -0.358     -0.001     -0.634     -0.253     -0.250     -0.330
126.0000     -29978.327   -29987.008        8.681   348.0      0.004      0.458     -0.113      0.555     -0.057      0.466
126.0500     -29978.820   -29987.398        8.578   343.9      0.477     -0.983     -0.044      0.189      0.230     -0.688
126.1000     -29978.698   -29986.852        8.154   326.8     -1.129     -1.169     -0.347     -0.161      0.261      0.110
126.1500     -29978.910   -29987.330        8.420   337.5     -0.897     -0.673     -0.046      0.321     -0.006      0.238
126.2000     -29978.722   -29987.375        8.653   346.8      0.815     -0.427      0.241      0.383     -0.143     -0.511
126.2500     -29978.311   -29987.473        9.161   367.2     -0.641     -0.765     -1.154     -0.002     -0.083     -0.041
126.3000     -29978.389   -29987.186        8.797   352.6      0.288      0.267      0.880      0.122      0.566      0.272
126.3500     -29978.547   -29986.176        7.629   305.8     -0.466      0.155     -0.758     -0.094      0.144     -0.459
126.4000     -29978.436   -29987.186        8.750   350.7      0.560      0.120     -0.189      0.097      0.417     -0.047
126.4500     -29978.732   -29987.086        8.354   334.9     -0.484     -1.033     -0.331      0.328      0.489     -0.391
126.5000     -29979.317   -29987.037        7.720   309.4     -0.798     -0.366     -0.393      0.013     -0.307      0.656
126.5500     -29979.127   -29987.475        8.347   334.6      0.414     -0.491     -1.393     -0.089      0.291     -0.115
126.6000     -29978.990   -29987.016        8.026   321.7     -0.797     -0.098     -0.318      0.377     -0.487      0.357
126.6500     -29979.477   -29988.105        8.628   345.9      0.433      0.048     -0.188     -0.026     -0.262     -0.700
126.7000     -29978.997   -29987.590        8.592   344.4      0.314     -0.284     -0.202     -0.029     -0.387      0.222
126.7500     -29978.122   -29987.621        9.499   380.8     -0.382     -0.445     -0.399      0.512     -0.456      0.127
126.8000     -29977.377   -29986.557        9.180   368.0     -0.154     -0.513     -0.421      0.455      0.581      0.273
126.8500     -29976.821   -29986.854       10.033   402.2      0.331     -0.316     -0.357     -0.436     -0.563      0.262
126.9000     -29977.405   -29987.139        9.734   390.2      0.001     -0.436     -0.259      0.300     -0.315      0.073
126.9500     -29977.402   -29986.328        8.926   357.8     -0.974      0.054      0.326     -0.117      0.599     -0.154
127.0000     -29977.397   -29986.373        8.976   359.8     -0.284     -1.052     -0.422      0.254     -0.152      0.201
127.0500     -29977.499   -29986.705        9.206   369.0     -1.348      0.068     -0.971     -0.130      0.033      0.380
127.1000     -29977.508   -29986.018        8.510   341.1      0.722     -0.868      0.231     -0.257      0.217     -0.081
127.1500     -29977.267   -29985.672        8.405   336.9     -0.972     -0.113     -0.574     -0.062      0.496     -0.233
127.2000     -29977.445   -29986.650        9.205   369.0     -0.828     -0.930     -0.767     -0.022     -0.016     -0.210
127.2500     -29978.138   -29986.875        8.737   350.2     -0.048     -0.042     -0.034     -0.158      0.109     -0.014
127.3000     -29978.285   -29987.133        8.848   354.7      0.634     -0.133      0.868      0.473      0.174     -0.555
127.3500     -29978.868   -29987.480        8.612   345.2     -0.343      0.211      0.749      0.391     -0.590      0.301
127.4000     -29979.189   -29988.016        8.827   353.8     -0.185     -0.555     -0.831     -0.516      0.601     -0.155
127.4500     -29978.496   -29987.004        8.508   341.0     -0.538     -0.426      0.034      0.144     -0.737     -0.370
127.5000     -29978.341   -29986.793        8.452   338.8     -0.074     -0.089      0.154      0.196      0.049     -0.457
127.5500     -29979.104   -29987.309        8.205   328.9      0.421      0.432     -0.474      0.506     -0.074      0.800
127.6000     -29979.609   -29987.646        8.038   322.2      0.194      0.458      0.015      0.334      0.354     -0.354
127.6500     -29979.919   -29987.975        8.056   322.9     -0.603     -0.258      0.046      0.613     -0.071      0.049
127.7000     -29979.970   -29987.711        7.741   310.3     -0.506     -0.746     -0.055     -0.369     -0.312     -0.252
127.7500     -29980.344   -29987.965        7.621   305.5     -1.743     -0.263     -0.725      0.265     -0.505      0.510
127.8000     -29980.175   -29987.605        7.430   297.8     -1.000     -0.250     -0.218     -0.012      0.161      0.374
127.8500     -29979.626   -29987.893        8.267   331.4     -0.842      0.392     -0.305     -0.372      0.414      0.265
127.9000     -29979.543   -29988.348        8.804   352.9      0.185     -0.270      0.039      0.080     -0.178     -0.310
127.9500     -29979.681   -29987.230        7.550   302.6     -0.107      0.628      0.093      0.432      0.408      0.419
128.0000     -29979.553   -29987.938        8.385   336.1      0.179     -0.289      0.321     -0.053      0.142     -0.087
128.0500     -29979.566   -29987.680        8.113   325.2     -0.511      0.176     -0.581     -0.231     -0.150      0.069
128.1000     -29979.609   -29987.746        8.137   326.2     -0.529     -0.842      0.018      0.224     -0.226     -0.206
128.1500     -29979.326   -29988.059        8.732   350.0     -0.218      0.032     -0.523      0.104     -0.172     -0.023
128.2000     -29979.138   -29987.561        8.422   337.6      0.340      1.084      0.322      0.091      0.193      0.033
128.2500     -29978.880   -29986.982        8.103   324.8      0.399      0.768      0.477     -0.233     -0.492     -0.128
128.3000     -29979.932   -29988.473        8.541   342.4      0.168      0.534     -0.125     -0.028     -0.013     -0.015
128.3500     -29980.104   -29987.912        7.808   313.0     -0.983     -0.170     -0.155     -0.278     -0.137      0.442
128.4000     -29979.628   -29988.059        8.431   337.9     -0.515      0.678     -0.478      0.190     -0.055     -0.426
128.4500     -29979.953   -29988.342        8.389   336.3      0.699      0.192      0.550     -0.131      0.420      0.564
128.5000     -29980.376   -29988.070        7.695   308.4     -0.998      0.242      0.134      0.083      0.378      0.475
128.5500     -29980.059   -29989.152        9.093   364.5     -0.358      0.141     -0.077      0.036     -0.195     -0.102
128.6000     -29980.641   -29989.223        8.582   344.0     -0.249     -0.509     -0.969     -0.218     -0.423     -0.243
128.6500     -29980.454   -29988.643        8.188   328.2      0.053     -0.318     -0.384      0.149     -0.134      0.021
128.7000     -29980.641   -29989.398        8.757   351.0     -0.360     -0.138     -0.455      0.451      0.324      0.203
128.7500     -29980.647   -29988.617        7.970   319.5     -1.238     -1.019     -0.960     -0.567     -0.232     -0.051
128.8000     -29980.631   -29989.041        8.411   337.1     -0.491     -0.301     -1.359     -0.238      0.194     -0.369
128.8500     -29981.011   -29989.496        8.485   340.1     -0.124     -0.644     -1.034      0.929     -0.226      0.166
128.9000     -29981.101   -29988.514        7.413   297.1     -0.682      0.060     -1.332     -0.244      0.044      0.271
128.9500     -29981.333   -29988.775        7.443   298.3     -0.557     -0.586      0.594     -0.600      0.074     -0.617
129.0000     -29981.754   -29988.496        6.743   270.3     -1.516     -0.948     -1.300      0.518     -0.280     -0.153
129.0500     -29981.659   -29988.768        7.109   285.0      0.168     -0.690      0.289     -0.034      0.064      0.303
129.1000     -29981.301   -29988.678        7.377   295.7      0.138     -0.044     -0.177      0.367     -0.195      0.211
129.1500     -29981.083   -29988.176        7.093   284.3     -0.010     -0.853     -1.388     -0.397      0.436      0.059
129.2000     -29980.932   -29988.807        7.875   315.7     -0.552     -0.107      0.448      0.122     -0.381      0.129
129.2500     -29981.144   -29989.035        7.891   316.3      0.261      0.302      0.067      0.220     -0.447     -0.145
129.3000     -29981.168   -29988.584        7.416   297.3      0.326      0.583      1.451     -0.179      0.261      0.354
129.3500     -29981.532   -29988.869        7.337   294.1     -0.037     -0.920     -0.287     -0.029     -0.138     -0.251
129.4000     -29981.331   -29988.627        7.296   292.5     -0.768      0.039      0.216     -0.763     -0.319     -0.413
129.4500     -29980.853   -29988.805        7.951   318.7      0.652     -0.397      0.825      0.383      0.011     -0.179
129.5000     -29980.350   -29988.330        7.980   319.9     -0.297      0.025     -0.577      0.290     -0.174     -0.477
129.5500     -29979.969   -29988.287        8.318   333.4     -0.157     -0.538      0.431      0.738      0.445     -0.038
129.6000     -29980.197   -29988.350        8.153   326.8     -0.301      0.634      0.179     -0.211     -0.623     -0.263
129.6500     -29980.346   -29987.994        7.648   306.6     -0.581     -1.270     -0.673      0.028      0.286     -0.220
129.7000     -29980.305   -29988.113        7.808   313.0     -0.704     -0.635     -0.598     -0.253     -0.278      0.510
129.7500     -29980.142   -29988.666        8.524   341.7      0.129      0.028     -0.548      0.476     -0.219     -0.475
129.8000     -29980.069   -29988.463        8.394   336.5     -1.361     -0.429     -0.228     -0.040     -0.434     -0.250
129.8500     -29980.216   -29988.758        8.542   342.4     -0.217     -0.072     -0.729     -0.010      0.050      0.044
129.9000     -29979.840   -29988.215        8.375   335.7     -0.899     -0.435     -0.343      0.015      0.008      0.094
129.9500     -29980.270   -29988.117        7.847   314.5     -0.397     -0.320     -0.170     -0.120      0.049     -0.513
130.0000     -29980.705   -29989.254        8.549   342.7     -0.639      0.991     -0.689     -0.064      0.022     -0.005
130.0500     -29980.094   -29988.322        8.228   329.8     -0.993     -0.596     -1.049     -0.058      0.176      0.074
130.1000     -29979.927   -29987.910        7.983   320.0     -1.165      0.068     -0.226     -0.285      0.476     -0.450
130.1500     -29979.941   -29988.674        8.733   350.0     -0.889     -0.468     -0.106      0.538      0.168     -0.502
130.2000     -29980.141   -29988.719        8.578   343.8      0.429      0.195      0.873      0.287     -0.168     -0.183
130.2500     -29980.208   -29987.799        7.590   304.3     -0.165     -0.038     -0.202      0.162     -0.822      0.301
130.3000     -29980.465   -29988.359        7.894   316.4     -0.280     -0.043     -0.100      0.359      0.176     -0.124
130.3500     -29980.273   -29988.896        8.624   345.7     -0.372     -0.877     -0.894     -0.183     -0.163     -0.372
130.4000     -29980.040   -29988.217        8.176   327.8     -0.698     -0.168     -1.431     -0.293      0.406     -0.183
130.4500     -29979.921   -29988.275        8.355   334.9     -0.127     -1.078     -0.469     -0.109      0.069      0.136
130.5000     -29979.962   -29988.598        8.636   346.2     -0.394     -0.577     -0.201     -0.089     -0.122      0.110
130.5500     -29979.682   -29987.723        8.041   322.3     -0.256      0.509     -0.616      0.094     -0.179      0.068
130.6000     -29979.887   -29988.459        8.572   343.6     -0.464      0.679     -0.385     -0.129      0.067      0.134
130.6500     -29979.970   -29988.572        8.602   344.8     -0.344     -0.949     -0.823      0.177      0.166      0.309
130.7000     -29979.857   -29987.393        7.536   302.1     -0.076     -0.586     -0.098      0.162     -0.022      0.264
130.7500     -29980.120   -29988.062        7.943   318.4      0.618     -0.394     -1.681      0.284     -0.136      0.372
130.8000     -29980.467   -29988.232        7.765   311.3     -0.093      0.500     -0.814      0.088      0.128     -0.533
130.8500     -29980.667   -29988.689        8.022   321.6     -0.604      0.157     -0.380     -0.460     -0.505      0.475
130.9000     -29980.743   -29988.422        7.679   307.8      0.029     -0.018      0.367      0.105      0.330     -0.374
130.9500     -29980.417   -29988.492        8.075   323.7     -0.091     -0.310      0.095     -0.095     -0.109     -0.089
131.0000     -29979.721   -29987.822        8.101   324.7     -1.766     -0.824     -0.070     -0.333     -0.116     -0.681
131.0500     -29979.809   -29987.795        7.986   320.1      0.155      0.266     -0.933     -0.214     -0.031     -0.400
131.1000     -29979.510   -29987.857        8.347   334.6     -0.178      0.126      0.043      0.502     -0.372     -0.093
131.1500     -29979.355   -29987.779        8.424   337.7     -0.282      0.679     -0.081     -0.255     -0.314      0.155
131.2000     -29979.340   -29987.043        7.703   308.8      0.082     -0.079     -0.223      0.124      0.225     -0.048
131.2500     -29979.442   -29988.033        8.591   344.4     -0.241      0.937      0.072      0.196      0.100     -0.347
131.3000     -29979.448   -29988.012        8.563   343.3     -1.262     -0.587     -0.091     -0.535     -0.194     -0.110
131.3500     -29979.415   -29988.262        8.847   354.6     -0.088      0.454     -0.940     -0.381     -0.189     -0.441
131.4000     -29979.606   -29988.027        8.421   337.6     -1.438     -1.067     -1.667     -0.239     -0.372      0.018
131.4500     -29979.850   -29987.688        7.837   314.2     -0.852     -0.852     -0.960      0.142     -0.290     -0.429
131.5000     -29979.585   -29988.670        9.085   364.2     -1.047     -0.668      0.003     -0.518     -0.124      0.516
131.5500     -29979.304   -29988.396        9.093   364.5     -0.428      0.716      0.024      0.244     -0.050     -0.214
131.6000     -29979.698   -29988.117        8.420   337.5     -0.430     -0.466     -0.614     -0.116      0.015     -0.072
131.6500     -29979.534   -29987.512        7.978   319.8      0.174      0.539      1.156      0.009     -0.405      0.206
131.7000     -29979.414   -29987.387        7.973   319.6     -0.474      0.172     -0.727      0.080      0.428     -0.283
131.7500     -29979.152   -29987.605        8.453   338.8     -0.602     -0.865     -1.403     -0.564      0.054     -0.606
131.8000     -29979.251   -29987.559        8.307   333.0     -1.143     -1.079     -0.023     -0.315     -0.772     -0.403
131.8500     -29979.099   -29987.514        8.414   337.3     -0.229      0.059     -0.985     -0.127     -0.149      0.081
131.9000     -29979.619   -29987.766        8.147   326.6     -0.382     -0.511      0.985      0.165      0.162      0.264
131.9500     -29979.914   -29988.223        8.308   333.0     -0.588     -0.653     -0.286      0.172      0.145     -0.156
132.0000     -29979.530   -29988.484        8.954   358.9     -0.501     -0.146     -0.718     -0.481     -0.199     -0.281
132.0500     -29979.675   -29988.352        8.677   347.8     -0.685     -1.209     -0.859     -0.227     -0.023      0.163
132.1000     -29979.536   -29988.520        8.984   360.1     -0.660     -0.111     -1.219     -0.250     -0.310     -0.071
132.1500     -29979.358   -29988.105        8.748   350.7     -0.254      0.150      0.079     -0.047     -0.521     -0.942
132.2000     -29979.480   -29987.432        7.952   318.7     -0.326     -0.261      0.412     -0.168      0.300      0.198
132.2500     -29979.977   -29988.494        8.518   341.4      0.109      0.214     -0.369     -0.192     -0.191      0.035
132.3000     -29980.134   -29988.438        8.303   332.8     -1.037     -0.247      0.148      0.278      0.173     -0.389
132.3500     -29979.817   -29988.273        8.456   339.0     -0.188     -0.965     -1.169      0.131     -0.577     -0.017
132.4000     -29979.670   -29988.611        8.941   358.4     -0.241      0.100      0.169     -0.056      0.482      0.265
132.4500     -29979.413   -29987.707        8.294   332.5      0.296      0.630      0.284     -0.035     -0.201     -0.636
132.5000     -29979.218   -29987.650        8.433   338.0      0.322     -0.142     -0.002      0.421     -0.165      0.418
132.5500     -29979.442   -29988.141        8.699   348.7     -1.000     -0.174     -0.678     -0.656      0.059     -0.036
132.6000     -29979.708   -29988.375        8.667   347.4     -0.276     -0.821      0.819      0.412     -0.134      0.188
132.6500     -29979.145   -29987.791        8.646   346.6     -0.753     -0.331     -0.817      0.104      0.463      0.316
132.7000     -29979.526   -29988.195        8.669   347.5     -0.857     -0.153     -0.285      0.065     -0.275      0.260
132.7500     -29979.330   -29987.232        7.902   316.8     -0.134     -0.153     -0.457     -0.142     -0.178      0.089
132.8000     -29979.541   -29988.250        8.709   349.1     -0.847     -0.493     -0.399      0.161     -0.160      0.120
132.8500     -29979.991   -29987.688        7.696   308.5      0.067     -0.961     -1.424     -0.147      0.487     -0.586
132.9000     -29980.086   -29988.176        8.090   324.3     -0.725      0.324      0.307     -0.288      0.238      0.747
132.9500     -29979.629   -29987.750        8.121   325.5      0.127     -0.540     -0.795      0.221      0.236     -0.048
133.0000     -29980.122   -29987.721        7.599   304.6     -0.392     -0.764     -0.499      0.647     -0.271      0.547
133.0500     -29980.744   -29988.627        7.883   316.0     -0.455     -0.550     -0.712     -0.131      0.113      0.221
133.1000     -29980.750   -29988.533        7.784   312.0      0.525     -0.988      0.086      0.381     -0.148      0.072
133.1500     -29980.076   -29987.750        7.674   307.6      0.005     -0.168     -0.059      0.290     -0.036     -0.004
133.2000     -29980.602   -29988.023        7.421   297.5      0.186      0.570      0.672      0.134     -0.255     -0.084
133.2500     -29980.834   -29988.322        7.488   300.1     -0.505     -0.071      0.119     -0.255     -0.038      0.017
133.3000     -29980.365   -29988.727        8.362   335.2     -0.191      0.050     -0.718      0.162     -0.070     -0.091
133.3500     -29980.063   -29988.311        8.247   330.6     -0.143      0.228      0.026      0.102     -0.298     -0.296
133.4000     -29980.153   -29988.160        8.007   321.0     -0.516     -0.135     -1.058      0.521      0.289      0.268
133.4500     -29980.303   -29988.264        7.961   319.1     -0.170      0.328      0.069      0.314      0.204     -0.209
133.5000     -29979.947   -29988.338        8.391   336.4     -0.344     -0.052     -0.058      0.564     -0.005     -0.176
133.5500     -29980.241   -29988.039        7.798   312.6     -0.866     -0.411     -0.770      0.069      0.038      0.118
133.6000     -29980.477   -29987.754        7.277   291.7     -0.269     -1.169     -0.370      0.247     -0.260     -0.235
133.6500     -29980.414   -29988.262        7.848   314.6     -0.288     -1.103     -0.516     -0.171      0.236     -0.153
133.7000     -29980.268   -29988.115        7.848   314.6     -0.823     -0.347     -1.313      0.489      0.474     -0.242
133.7500     -29980.499   -29988.080        7.581   303.9     -0.079     -0.380      0.002      0.012     -0.323      0.481
133.8000     -29980.318   -29987.477        7.159   287.0     -1.625     -0.426     -0.466      0.532      0.030     -0.877
133.8500     -29979.929   -29987.988        8.059   323.0     -0.362      0.062     -0.210     -0.696      0.151      0.270
133.9000     -29979.229   -29988.023        8.795   352.5      0.637      0.406     -0.351      0.062     -0.132      0.019
133.9500     -29979.365   -29988.447        9.082   364.0      0.060     -0.324     -0.140     -0.332     -0.149      0.362
134.0000     -29979.687   -29988.133        8.446   338.6     -0.279     -1.123      0.382      0.151      0.015      0.080
134.0500     -29979.582   -29988.182        8.600   344.7     -1.037     -0.681     -1.345      0.435     -0.284      0.233
134.1000     -29979.496   -29988.424        8.928   357.9     -0.503     -0.242     -0.938     -0.341      0.101      0.277
134.1500     -29978.859   -29987.117        8.258   331.0     -0.387     -0.084     -0.320      0.249     -0.245      0.040
134.2000     -29978.758   -29987.135        8.377   335.8      0.152      1.594      1.014      0.248      0.255     -0.263
134.2500     -29978.666   -29987.996        9.330   374.0     -1.329     -0.408     -0.371     -0.169      0.191      0.319
134.3000     -29978.583   -29987.273        8.690   348.3      0.853     -0.024      0.500      0.303     -0.277     -0.052
134.3500     -29977.459   -29986.492        9.033   362.1     -0.931      0.529     -0.142     -0.266     -0.459      0.101
134.4000     -29977.464   -29986.166        8.702   348.8     -0.388     -1.020     -0.663      0.153      0.251     -0.229
134.4500     -29977.828   -29986.881        9.053   362.9     -0.497     -0.028      0.144      0.096     -0.195      0.029
134.5000     -29978.130   -29986.857        8.727   349.8     -0.438     -0.608     -0.969      0.540      0.171      0.373
134.5500     -29978.521   -29986.984        8.464   339.3      0.095      0.016     -0.808      0.193     -0.170     -0.318
134.6000     -29978.287   -29986.482        8.196   328.5      0.356      0.114     -0.649      0.525     -0.023     -0.152
134.6500     -29978.101   -29987.561        9.460   379.2     -0.466      0.086     -0.277     -0.122      0.042      0.548
134.7000     -29978.467   -29987.053        8.586   344.2     -0.356     -0.143      0.090      0.771     -0.123     -0.312
134.7500     -29978.437   -29986.639        8.201   328.7     -0.595      0.138     -0.674      0.270      0.666     -0.273
134.8000     -29978.581   -29987.350        8.768   351.5      0.160      0.807      0.452     -0.291     -0.457     -0.057
134.8500     -29978.662   -29987.168        8.506   341.0     -0.235     -0.908     -0.579     -0.525     -0.224     -0.003
134.9000     -29978.972   -29986.830        7.858   315.0      0.010      0.075      0.084     -0.237     -0.634     -0.145
134.9500     -29978.857   -29987.578        8.722   349.6     -0.991     -0.709     -1.747      0.386      0.239     -0.463
135.0000     -29978.993   -29987.256        8.263   331.2      0.253     -0.187      0.507     -0.005     -0.020      0.321
135.0500     -29978.706   -29987.049        8.343   334.4     -0.565     -0.896     -0.666     -0.076     -0.090     -0.192
135.1000     -29978.603   -29987.598        8.995   360.5     -0.960     -0.213     -1.012     -0.378      0.045     -0.400
135.1500     -29978.993   -29987.264        8.271   331.5     -0.150     -0.212     -0.469      0.062     -0.383     -0.125
135.2000     -29979.443   -29987.312        7.869   315.4     -1.323      0.006     -0.419      0.305      0.101     -0.109
135.2500     -29979.356   -29987.980        8.624   345.7      0.210      0.204     -0.022      0.231      0.028     -0.436
135.3000     -29979.670   -29988.043        8.373   335.6     -0.459     -0.524     -0.268      0.176     -0.135      0.202
135.3500     -29978.922   -29987.445        8.523   341.6     -1.321     -0.708      0.113     -0.334      0.330     -0.061
135.4000     -29978.807   -29987.453        8.646   346.6      0.829     -0.523     -0.912      0.647      0.095     -0.182
135.4500     -29978.592   -29987.770        9.177   367.9     -0.692     -0.302     -0.679     -0.013     -0.500     -0.246
135.5000     -29978.399   -29987.373        8.974   359.7     -0.461     -1.005     -0.612     -0.282      0.499      0.217
135.5500     -29977.763   -29987.385        9.622   385.7     -0.377     -0.088      0.031      0.238     -0.250     -0.516
135.6000     -29978.207   -29986.900        8.693   348.5      0.170     -0.150     -1.006      0.690      0.521      0.156
135.6500     -29978.040   -29987.016        8.976   359.8     -0.117     -0.358     -0.064     -0.496      0.110     -0.219
135.7000     -29978.314   -29987.039        8.725   349.7      0.291     -1.067     -0.529      0.357      0.160      0.049
135.7500     -29978.697   -29987.340        8.643   346.5      0.608      0.040     -0.138     -0.129      0.534     -0.035
135.8000     -29978.978   -29986.910        7.932   317.9     -0.244      0.709     -0.721      0.387     -0.154      0.296
135.8500     -29979.137   -29987.213        8.075   323.7     -0.234     -0.387     -0.249     -0.218      0.040     -0.308
135.9000     -29978.935   -29987.312        8.378   335.8      0.751     -0.195     -0.256     -0.152      0.050     -0.040
135.9500     -29978.866   -29987.203        8.337   334.2     -0.935      0.242     -0.565     -0.227      0.082      0.017
136.0000     -29978.903   -29987.387        8.483   340.1      0.446      0.498     -0.242      0.940      0.057      0.057
136.0500     -29978.992   -29987.605        8.614   345.3     -0.170     -0.640     -0.418     -0.471     -0.124     -0.284
136.1000     -29979.097   -29987.322        8.226   329.7     -0.588     -0.135     -0.132     -0.119      0.239      0.007
136.1500     -29979.032   -29986.855        7.824   313.6      0.445     -0.581     -0.217     -0.057      0.456      0.128
136.2000     -29979.481   -29987.072        7.591   304.3     -0.952     -0.796     -0.585     -0.163      0.344      0.194
136.2500     -29979.556   -29987.586        8.030   321.9      0.594      0.547      0.052     -0.117     -0.151     -0.108
136.3000     -29980.197   -29988.299        8.102   324.8     -1.374     -0.574     -1.083     -0.125      0.335      0.543
136.3500     -29980.209   -29988.100        7.890   316.3      0.454      0.151     -0.045     -0.375      0.179      0.043
136.4000     -29980.287   -29988.201        7.914   317.2     -0.618      0.360     -0.397     -0.291      0.074     -0.356
136.4500     -29980.273   -29988.191        7.918   317.4     -0.211     -1.101     -0.897     -0.494     -0.114      0.269
136.5000     -29980.251   -29988.270        8.018   321.4     -0.690     -1.071     -0.037      0.096     -0.130     -0.441
136.5500     -29979.975   -29987.793        7.818   313.4     -0.575     -0.428     -0.471      0.241     -0.807     -0.176
136.6000     -29980.467   -29988.395        7.927   317.8     -0.234     -0.580     -0.707     -0.040      0.364     -0.038
136.6500     -29980.477   -29988.312        7.836   314.1     -0.630     -0.422     -0.949     -0.394     -0.118      0.213
136.7000     -29980.711   -29988.064        7.353   294.7     -1.269     -1.053     -0.337     -0.198      0.370     -0.163
136.7500     -29980.266   -29988.250        7.984   320.1     -0.703     -1.375     -0.393     -0.358     -0.302      0.011
136.8000     -29980.247   -29988.051        7.804   312.8      0.247     -0.436     -0.598      0.298     -0.123      0.286
136.8500     -29979.525   -29987.822        8.297   332.6     -0.970     -0.897     -0.548     -0.012     -0.661     -0.056
136.9000     -29979.350   -29987.959        8.608   345.1      0.138     -0.349     -0.363     -0.077      0.283      0.090
136.9500     -29979.563   -29987.652        8.090   324.3     -0.961     -0.538     -0.070      0.165      0.229     -0.020
137.0000     -29979.804   -29987.961        8.156   326.9     -0.208     -0.021     -0.226     -0.415      0.255     -0.048
137.0500     -29979.715   -29987.482        7.768   311.4      0.289     -0.067     -0.586     -0.523      0.252     -0.151
137.1000     -29979.574   -29987.039        7.465   299.2      0.381     -0.694      0.632      0.062     -0.077     -0.062
137.1500     -29979.550   -29987.465        7.915   317.3     -0.824     -0.097     -0.900     -0.192     -0.671      0.201
137.2000     -29979.558   -29988.053        8.495   340.5      1.174      0.185     -0.279     -0.423      0.563      0.228
137.2500     -29979.766   -29988.115        8.349   334.7     -0.775     -0.687     -0.725      0.024     -0.538     -0.457
137.3000     -29980.215   -29988.461        8.246   330.6     -0.580     -0.156     -0.655     -0.071     -0.220      0.178
137.3500     -29980.428   -29988.262        7.834   314.0     -1.570     -0.353     -0.411     -0.265      0.231      0.348
137.4000     -29980.517   -29988.826        8.309   333.1      0.094     -0.744     -0.520     -0.379     -0.378     -0.162
137.4500     -29980.655   -29988.748        8.093   324.4     -0.869     -0.529      0.121     -0.534     -0.190      0.159
137.5000     -29981.160   -29988.916        7.756   310.9     -0.193     -0.358     -0.183     -0.476     -0.221      0.203
137.5500     -29981.020   -29988.826        7.806   312.9     -0.335     -0.749      0.255      0.083     -0.325     -0.143
137.6000     -29981.125   -29988.264        7.139   286.2      0.021     -0.058     -0.189      0.302      0.184      0.332
137.6500     -29981.112   -29988.422        7.310   293.0     -0.234     -0.130      0.417     -0.372     -0.601      0.349
137.7000     -29980.791   -29987.875        7.084   284.0     -0.487     -0.189      0.058     -0.472      0.015     -0.082
137.7500     -29980.132   -29988.910        8.778   351.9     -0.904     -0.683     -0.477      0.329      0.349      0.195
137.8000     -29980.502   -29987.855        7.353   294.7     -0.512      0.180      0.198      0.052     -0.436      0.148
137.8500     -29980.227   -29988.193        7.966   319.3      0.502     -0.433     -1.096     -0.017     -0.464     -0.259
137.9000     -29980.793   -29988.232        7.440   298.2     -1.019     -1.699     -0.132      0.026      0.397     -0.312
137.9500     -29981.253   -29988.754        7.501   300.7     -0.886     -0.952     -0.558     -0.504     -0.134     -0.143
138.0000     -29981.566   -29989.209        7.643   306.4     -0.229      0.289     -0.079      0.059     -0.196      0.164
138.0500     -29981.156   -29989.043        7.887   316.2      0.121      0.215      0.216     -0.267     -0.043     -0.043
138.1000     -29981.006   -29988.992        7.986   320.1     -0.312     -0.543      0.538      0.620     -0.209      0.076
138.1500     -29980.726   -29988.854        8.128   325.8     -0.220      0.001     -0.076      0.573     -0.154     -0.413
138.2000     -29980.770   -29988.629        7.859   315.0      0.601     -1.028     -0.716     -0.328      0.175      0.132
138.2500     -29980.888   -29988.928        8.040   322.3      0.292      0.691     -0.309      0.783     -0.096      0.366
138.3000     -29981.320   -29988.844        7.524   301.6      0.664     -0.281     -0.038     -0.301     -0.285      0.486
138.3500     -29981.202   -29988.807        7.605   304.8     -1.277      0.134      0.102      0.321     -0.049      0.217
138.4000     -29980.693   -29988.715        8.022   321.6     -0.563     -0.956     -1.084     -0.170     -0.051     -0.251
138.4500     -29980.767   -29988.559        7.792   312.3     -0.279     -0.171     -0.392     -0.369      0.018      0.082
138.5000     -29980.191   -29988.928        8.737   350.2     -0.478     -0.365     -0.417      0.194     -0.118      0.165
138.5500     -29980.090   -29988.908        8.818   353.5     -0.546      0.154      0.154     -0.441      0.247     -0.293
138.6000     -29980.558   -29988.420        7.862   315.1     -0.058      0.089     -0.185     -0.084     -0.161     -0.444
138.6500     -29980.708   -29988.504        7.796   312.5      0.284      0.130      0.461      0.938      0.026      0.405
138.7000     -29980.350   -29988.443        8.093   324.4     -0.028      0.203     -0.141      0.391      0.020      0.206
138.7500     -29980.573   -29987.652        7.079   283.8     -0.738      0.719     -0.776      0.092      0.224     -0.205
138.8000     -29980.286   -29987.932        7.646   306.5      0.318     -0.241     -0.341     -0.367     -0.062      0.147
138.8500     -29980.364   -29988.408        8.044   322.4     -0.195     -0.587     -0.318     -0.884     -0.183     -0.195
138.9000     -29980.288   -29988.568        8.280   331.9     -0.876     -0.276     -0.358      0.078      0.014     -0.427
138.9500     -29980.432   -29989.430        8.998   360.7     -0.027      0.979     -0.016      0.401      0.327      0.213
139.0000     -29980.480   -29988.621        8.141   326.3     -0.534     -0.494      0.030     -0.215      0.141      0.310
139.0500     -29980.255   -29988.965        8.710   349.1     -0.943      0.270     -0.563      0.511      0.380     -0.158
139.1000     -29980.363   -29988.674        8.311   333.1      0.253      0.165      0.405     -0.038     -0.150     -0.214
139.1500     -29979.979   -29987.748        7.769   311.4     -1.223     -1.162     -0.179     -0.176      0.204      0.121
139.2000     -29979.957   -29988.668        8.711   349.2      0.324      0.066     -0.509      0.280      0.181     -0.197
139.2500     -29980.147   -29988.701        8.554   342.9     -0.503      0.041     -0.052     -0.531     -0.235     -0.002
139.3000     -29980.385   -29988.816        8.431   338.0     -0.365     -0.383      0.767      0.189      0.440      0.200
139.3500     -29980.947   -29988.924        7.976   319.7      0.327      0.256     -0.363     -0.069     -0.198      0.168
139.4000     -29980.510   -29988.857        8.348   334.6     -0.250     -0.442      0.363     -0.388     -0.301      0.579
139.4500     -29980.345   -29988.602        8.256   330.9     -0.019     -0.414      0.252      0.063      0.478     -0.241
139.5000     -29980.476   -29987.627        7.151   286.7     -0.359     -0.762     -0.291      0.160      0.267      0.118
139.5500     -29980.080   -29988.100        8.020   321.5      0.761      0.371      0.470      0.272     -0.104      0.684
139.6000     -29980.433   -29988.438        8.004   320.9      0.051      0.623      0.311      0.248      0.109      0.083
139.6500     -29980.257   -29987.668        7.411   297.1     -0.159      0.470     -1.176     -0.010      0.134     -0.338
139.7000     -29979.652   -29988.455        8.803   352.9     -0.329      0.562      0.611      0.824      0.135     -0.222
139.7500     -29979.909   -29988.674        8.765   351.3      1.277     -1.022     -0.139     -0.058      0.173      0.292
139.8000     -29980.084   -29988.703        8.619   345.5     -0.121     -0.022      0.019     -0.048      0.077      0.050
139.8500     -29980.053   -29988.982        8.929   357.9     -0.164     -0.710     -0.635     -0.056      0.036      0.162
139.9000     -29980.296   -29988.557        8.261   331.1     -0.934     -0.081      0.547     -0.034     -0.224      0.730
139.9500     -29980.387   -29988.121        7.734   310.0     -0.327     -0.740     -0.402      0.046      0.281      0.275
140.0000     -29980.578   -29988.850        8.272   331.6     -0.203     -0.684     -1.215      0.051      0.191     -0.356
140.0500     -29980.656   -29989.033        8.377   335.8     -0.403      0.572     -0.243      0.054     -0.183     -0.204
140.1000     -29980.822   -29989.439        8.617   345.4      0.296     -0.405     -0.227     -0.269     -0.134      0.096
140.1500     -29981.078   -29989.180        8.102   324.8     -0.975     -0.557     -0.682      0.531      0.188      0.092
140.2000     -29980.917   -29989.445        8.529   341.9     -0.129     -0.186     -0.169      0.680     -0.453      0.080
140.2500     -29980.206   -29989.018        8.811   353.2     -0.219     -0.686     -0.295     -0.270     -0.062      0.109
140.3000     -29979.806   -29988.367        8.561   343.2     -1.018     -0.217     -0.295     -0.083      0.172     -0.142
140.3500     -29979.823   -29988.543        8.720   349.5      0.075     -0.763     -0.463      0.017      0.218      0.472
140.4000     -29979.887   -29988.334        8.447   338.6     -0.404     -0.737     -0.895      0.509     -0.303     -0.416
140.4500     -29979.881   -29988.549        8.668   347.5     -0.734      0.719     -0.233     -0.020     -0.637      0.339
140.5000     -29979.485   -29988.363        8.878   355.9      0.117     -0.242     -0.569      0.326      0.279      0.324
140.5500     -29980.214   -29987.910        7.696   308.5     -1.019     -1.204     -0.792     -0.165     -0.333      0.043
140.6000     -29980.395   -29988.299        7.904   316.8      0.010      0.191      0.405     -0.179     -0.016     -0.513
140.6500     -29980.800   -29988.840        8.040   322.3     -0.658      0.357      0.852     -0.206      0.114      0.116
140.7000     -29980.469   -29988.752        8.283   332.0     -0.482     -0.099      0.299     -0.114     -0.420     -0.421
140.7500     -29980.373   -29988.305        7.932   318.0      0.064     -0.314     -0.097      0.114     -0.143     -0.875
140.8000     -29980.568   -29988.576        8.008   321.0     -0.746     -0.649     -0.400      0.102     -0.510      0.215
140.8500     -29980.809   -29988.777        7.968   319.4     -0.145     -0.521     -0.131     -0.029     -0.202      0.148
140.9000     -29980.837   -29988.641        7.804   312.8     -0.711      0.211     -0.133      0.269      0.047     -0.061
140.9500     -29980.230   -29988.152        7.923   317.6     -0.309     -0.505     -0.121      0.250     -0.406      0.178
141.0000     -29980.113   -29988.006        7.893   316.4     -0.396      0.069      0.043     -0.258      0.085     -0.628
141.0500     -29980.358   -29988.773        8.415   337.3      0.028     -0.213     -0.027     -0.079     -0.134     -0.197
141.1000     -29979.693   -29988.793        9.100   364.8     -0.731     -1.100     -0.635     -0.808      0.228      0.230
141.1500     -29980.004   -29988.047        8.043   322.4     -0.948     -0.535      0.010      0.111      0.044      0.194
141.2000     -29980.398   -29988.926        8.527   341.8     -0.306      0.133      0.583      0.091      0.049     -0.155
141.2500     -29980.692   -29989.574        8.883   356.1      0.118     -0.335     -1.377     -0.164     -0.160      0.095
141.3000     -29980.947   -29989.270        8.323   333.6      0.273      0.235     -0.268      0.101     -0.539      0.186
141.3500     -29981.034   -29988.477        7.443   298.3     -0.303     -0.410      0.336      0.515      0.236     -0.898
141.4000     -29981.040   -29988.900        7.860   315.1     -0.980     -1.310     -0.884     -0.342      0.176     -0.227
141.4500     -29981.198   -29989.207        8.009   321.0      0.124     -1.111     -0.249      0.055     -0.225     -0.185
141.5000     -29981.662   -29989.918        8.256   330.9      0.126     -0.447     -0.362     -0.138     -0.106      0.239
141.5500     -29981.917   -29990.199        8.282   332.0     -0.054     -1.208     -1.089      0.605     -0.202     -0.484
141.6000     -29982.109   -29989.322        7.213   289.1     -0.131      0.078     -0.513     -0.658     -0.125     -0.303
141.6500     -29982.036   -29990.059        8.023   321.6     -0.187     -1.720     -0.096     -0.036      0.054      0.148
141.7000     -29982.350   -29989.963        7.613   305.2     -1.489     -0.289     -0.665      0.097      0.360     -0.707
141.7500     -29982.342   -29990.273        7.931   317.9     -0.381     -0.919     -1.283     -0.240      0.151     -0.036
141.8000     -29982.690   -29990.029        7.339   294.2     -0.244     -0.971      0.390     -0.318      0.326      0.007
141.8500     -29982.145   -29989.992        7.847   314.6     -1.981     -0.312     -0.432     -0.186      0.187      0.137
141.9000     -29981.829   -29990.072        8.243   330.4      0.586     -0.098      0.063     -0.001     -0.605     -0.377
141.9500     -29982.101   -29990.189        8.089   324.2     -0.778      0.150     -1.040      0.041      0.223      0.196
142.0000     -29982.080   -29990.041        7.961   319.1     -0.312      0.169     -1.015      0.277     -0.067      0.028
142.0500     -29982.188   -29990.119        7.931   317.9     -0.124     -0.039     -0.660      0.022     -0.123      0.396
142.1000     -29982.325   -29989.666        7.341   294.3     -0.125     -0.576     -0.433     -0.432     -0.065     -0.363
142.1500     -29981.411   -29989.760        8.349   334.7     -0.489      0.328      0.563      0.349     -0.027      0.486
142.2000     -29981.309   -29988.957        7.648   306.6     -0.008     -0.176      0.132      0.490      0.003      0.295
142.2500     -29981.186   -29989.053        7.867   315.3     -1.272     -0.379     -0.423      0.299     -0.079     -0.836
142.3000     -29981.537   -29989.871        8.334   334.1     -0.201     -0.260      0.295      0.262     -0.633     -0.139
142.3500     -29981.293   -29988.684        7.390   296.2     -1.106     -0.345     -1.197      0.296     -0.233     -0.373
142.4000     -29981.403   -29989.158        7.755   310.9     -0.736      0.387     -0.259      0.441      0.132      0.114
142.4500     -29981.207   -29989.695        8.488   340.3      0.099     -0.681     -0.203     -0.268      0.281      0.198
142.5000     -29981.214   -29989.453        8.239   330.3     -1.251      0.260     -0.872     -0.592      0.038      0.586
142.5500     -29981.459   -29988.717        7.258   290.9      0.306     -0.464      0.993     -0.132      0.225      0.339
142.6000     -29981.472   -29989.117        7.646   306.5      0.410      0.058     -0.813      0.035      0.178     -0.202
142.6500     -29981.280   -29988.951        7.671   307.5     -0.533     -0.099     -0.224      1.112      0.092      0.180
142.7000     -29981.057   -29989.084        8.027   321.7     -0.022     -0.195     -0.180      0.424      0.530     -0.088
142.7500     -29980.985   -29989.338        8.353   334.8      0.051     -0.099     -1.301      0.214     -0.706     -0.009
142.8000     -29981.570   -29990.059        8.489   340.3     -0.639      0.349     -0.214     -0.137      0.299     -0.104
142.8500     -29981.481   -29989.184        7.703   308.8     -0.855     -0.904      0.310     -0.341      0.280     -0.029
142.9000     -29981.739   -29988.645        6.905   276.8     -0.900     -0.036     -0.641     -0.369     -0.042     -0.182
142.9500     -29981.966   -29989.211        7.245   290.4     -0.346     -0.306      0.111     -0.099      0.369      0.017
143.0000     -29981.565   -29989.400        7.835   314.1     -0.201     -0.669     -0.985      0.194     -0.182     -0.158
143.0500     -29981.150   -29989.443        8.293   332.4     -1.406     -1.409     -0.573     -0.304     -0.250      0.102
143.1000     -29981.120   -29989.754        8.634   346.1     -1.732     -0.730     -1.223      0.176      0.329     -0.295
143.1500     -29981.241   -29989.381        8.140   326.3     -0.278     -0.428     -0.617     -0.086      0.097     -0.446
143.2000     -29981.133   -29988.912        7.779   311.8     -0.659     -0.690     -1.612      0.101      0.095      0.140
143.2500     -29980.709   -29988.715        8.006   320.9      0.307     -0.723     -0.278     -0.461     -0.198     -0.156
143.3000     -29980.468   -29988.586        8.118   325.4     -0.548     -0.157      0.095      0.138      0.370      0.539
143.3500     -29980.319   -29988.426        8.107   325.0     -1.084     -1.318     -0.565     -0.019      0.090     -0.351
143.4000     -29980.416   -29988.551        8.134   326.1      0.612     -0.101      0.161     -0.140     -0.103      0.437
143.4500     -29980.607   -29988.596        7.989   320.2     -0.127     -0.251      0.326     -0.128      0.182      0.731
143.5000     -29980.531   -29989.068        8.537   342.2     -0.457     -0.682     -0.588      0.265      0.060      0.372
143.5500     -29980.087   -29989.146        9.059   363.1      0.884     -0.629     -0.012     -0.201     -0.429      0.201
143.6000     -29980.114   -29988.695        8.581   344.0     -0.664     -1.174     -0.447      0.674      0.525     -0.270
143.6500     -29980.134   -29988.268        8.134   326.0      0.534      0.234     -0.774      0.106      0.541      0.111
143.7000     -29980.412   -29988.365        7.953   318.8      0.043     -0.667      0.518     -0.291     -0.820     -0.152
143.7500     -29980.401   -29988.686        8.285   332.1     -0.549     -0.728     -0.090     -0.001      0.100     -0.247
143.8000     -29980.129   -29988.246        8.117   325.4     -0.477      0.042     -0.421     -0.125      0.059     -0.283
143.8500     -29980.063   -29988.184        8.121   325.5     -1.241     -1.281     -0.796      0.385     -0.159     -0.181
143.9000     -29979.961   -29989.137        9.175   367.8     -0.771      0.413     -0.432      0.161      0.212      0.249
143.9500     -29980.444   -29989.014        8.569   343.5     -0.261     -1.028     -0.420      0.072     -0.150     -0.119
144.0000     -29980.347   -29987.684        7.337   294.1     -0.260      0.755      0.195     -0.008     -0.400      0.383
144.0500     -29979.956   -29987.850        7.893   316.4     -0.481     -0.203     -1.011     -0.102      0.034      0.192
144.1000     -29980.152   -29988.395        8.242   330.4     -0.315      0.265     -0.182     -0.135      0.212     -0.213
144.1500     -29980.028   -29988.533        8.505   340.9     -0.902      0.178     -0.305      0.263     -0.386     -0.173
144.2000     -29979.918   -29988.697        8.779   351.9     -0.114     -0.444     -0.665     -0.440     -0.019     -0.289
144.2500     -29979.878   -29988.174        8.296   332.5     -0.110      0.604     -1.106     -0.171      0.745      0.515
144.3000     -29979.654   -29988.719        9.065   363.4     -1.510      0.072     -1.642      0.318     -0.749      0.201
144.3500     -29979.529   -29988.078        8.549   342.7      0.063     -0.310     -0.340     -0.033     -0.137      0.222
144.4000     -29979.934   -29988.457        8.523   341.6     -0.375     -0.079     -0.374      0.217     -0.016      0.486
144.4500     -29979.887   -29988.168        8.281   331.9     -0.644      0.313      0.294      0.060     -0.278      0.368
144.5000     -29980.278   -29988.803        8.525   341.7      0.609      0.592     -0.614      0.503      0.282     -0.273
144.5500     -29980.180   -29988.383        8.203   328.8     -0.858      0.028     -0.613      0.055      0.620      0.111
144.6000     -29980.557   -29988.682        8.124   325.7     -0.729     -0.086     -0.298      0.613     -0.261     -0.179
144.6500     -29980.092   -29988.662        8.571   343.5     -0.700     -0.390     -1.618     -0.427     -0.189      0.107
144.7000     -29980.028   -29988.447        8.420   337.5     -0.442     -0.149      0.340     -0.402      0.170      0.218
144.7500     -29979.564   -29987.758        8.194   328.4     -1.007      0.429     -0.410      0.262      0.048     -0.268
144.8000     -29979.049   -29987.719        8.670   347.5      0.626      0.514     -0.369     -0.468      0.375     -0.079
144.8500     -29979.255   -29988.307        9.052   362.8     -0.154     -0.609      0.466     -0.068      0.017      0.950
144.9000     -29979.323   -29988.020        8.697   348.6      0.011     -0.858     -1.009      0.057     -0.423     -0.211
144.9500     -29979.860   -29988.451        8.591   344.4     -0.865     -0.193     -0.510     -0.045      0.002     -0.033
145.0000     -29979.221   -29987.561        8.339   334.3     -0.137     -0.819     -1.103     -0.517     -0.221      0.022
145.0500     -29979.846   -29987.986        8.140   326.3     -0.263     -0.154     -0.524     -0.045      0.559     -0.093
145.1000     -29979.980   -29987.791        7.811   313.1      0.413     -0.978     -0.737      0.232     -0.035      0.271
145.1500     -29979.974   -29988.166        8.192   328.4     -0.472      0.488      0.389      0.309     -0.524      0.024
145.2000     -29979.794   -29987.928        8.134   326.0      0.322     -0.390     -1.641      0.190     -0.003      0.223
145.2500     -29979.535   -29987.984        8.450   338.7     -0.714     -0.158     -0.939      0.427      0.396      0.150
145.3000     -29979.622   -29987.850        8.227   329.8     -0.862     -1.395     -0.151      0.021      0.038      0.326
145.3500     -29979.592   -29988.006        8.414   337.3      0.523     -0.613     -0.621     -0.058      0.460      0.314
145.4000     -29979.382   -29988.576        9.194   368.5     -0.550     -1.015      0.229     -0.190      0.016     -0.268
145.4500     -29979.197   -29988.014        8.817   353.4     -0.629     -0.103     -0.887      0.065     -0.332     -0.187
145.5000     -29979.428   -29987.133        7.705   308.8      0.222     -0.318     -0.582     -0.278      0.589      0.117
145.5500     -29979.184   -29988.512        9.327   373.9     -0.887     -0.577      0.224     -0.106     -0.341     -0.061
145.6000     -29978.821   -29988.279        9.458   379.1      0.108      0.271     -0.682     -0.153     -0.342     -0.588
145.6500     -29979.062   -29987.744        8.682   348.0     -0.188     -0.108     -0.462      0.057      0.104      0.281
145.7000     -29978.995   -29987.275        8.280   331.9     -0.902     -0.138     -0.688      0.572      0.385      0.345
145.7500     -29978.728   -29987.682        8.954   358.9      0.783      0.494     -0.744     -0.030      0.685     -0.220
145.8000     -29978.679   -29986.963        8.284   332.1     -1.019     -0.046     -0.161      0.200      0.488      0.159
145.8500     -29979.044   -29987.203        8.159   327.1     -0.046     -0.836      0.280     -0.568     -0.327     -0.015
145.9000     -29978.442   -29987.787        9.345   374.6     -0.019     -0.330      0.057      0.245      0.139      0.636
145.9500     -29978.485   -29987.721        9.236   370.2     -0.084      0.388     -0.709      0.202     -0.249     -0.065
146.0000     -29978.608   -29987.211        8.603   344.8      0.589     -0.933      0.584      0.062     -0.175     -0.029
146.0500     -29978.755   -29986.891        8.136   326.1      0.744      0.435      0.390      0.301     -0.350      0.174
146.1000     -29979.098   -29987.273        8.175   327.7     -0.282      0.275     -0.725     -0.359     -0.118      0.115
146.1500     -29979.309   -29987.293        7.984   320.0     -1.413     -1.445      0.648     -0.294      0.063      0.186
146.2000     -29979.034   -29987.930        8.896   356.6     -0.427      0.047     -0.870     -0.085     -0.118      0.290
146.2500     -29978.943   -29987.941        8.998   360.7     -0.625     -0.747     -0.554     -0.238      0.255     -0.434
146.3000     -29979.085   -29986.951        7.866   315.3     -0.462      0.660     -0.061     -0.038     -0.042      0.161
146.3500     -29979.076   -29987.771        8.696   348.6     -0.855     -1.854     -0.205     -0.147     -0.072      0.340
146.4000     -29979.774   -29987.738        7.964   319.2     -0.556     -0.041     -1.113      0.445     -0.096     -0.115
146.4500     -29979.132   -29987.312        8.181   327.9     -0.629     -1.025      1.113     -0.827     -0.144      0.274
146.5000     -29978.650   -29987.174        8.524   341.7     -0.861     -0.220     -1.582      0.478     -0.058     -0.033
146.5500     -29978.726   -29987.309        8.582   344.0     -0.592      0.240      0.272      0.607     -0.410     -0.063
146.6000     -29979.077   -29987.672        8.595   344.5      0.009      0.443     -0.377      0.269     -0.505     -0.066
146.6500     -29979.124   -29987.979        8.855   354.9     -0.842     -0.671     -0.338      0.035      0.141     -0.316
146.7000     -29979.337   -29987.377        8.040   322.3     -0.924      0.117     -0.347     -0.237     -0.300      0.407
146.7500     -29979.423   -29987.912        8.489   340.3     -0.677     -1.789     -0.543      0.279      0.448     -0.168
146.8000     -29979.498   -29987.852        8.354   334.8     -0.546     -0.721     -1.848     -0.180     -0.138      0.343
146.8500     -29979.310   -29988.135        8.825   353.7     -0.118      0.343     -0.445      0.797      0.124     -0.229
146.9000     -29979.507   -29988.898        9.391   376.4     -0.686     -2.115     -0.761     -0.153     -0.121     -0.075
146.9500     -29979.884   -29987.924        8.040   322.3     -0.502      0.386     -0.647      0.208      0.464      0.481
147.0000     -29979.640   -29988.348        8.707   349.0     -0.847     -0.477     -0.824      0.055     -0.781     -0.431
147.0500     -29979.144   -29987.941        8.797   352.6     -0.630     -0.892      0.009     -0.244     -0.093      0.195
147.1000     -29979.409   -29987.584        8.175   327.7     -0.412     -0.033     -1.173     -0.251     -0.111     -0.055
147.1500     -29979.166   -29988.625        9.459   379.1      0.197      0.340     -0.773      0.142      0.361      0.146
147.2000     -29979.207   -29988.328        9.121   365.6      0.370     -0.448      0.239      0.326      0.014      0.030
147.2500     -29978.975   -29987.648        8.674   347.7     -0.079      0.061      0.506     -0.196      0.714     -0.114
147.3000     -29978.822   -29987.816        8.994   360.5      0.763      0.656      0.256     -0.002     -0.004      0.064
147.3500     -29978.389   -29987.100        8.711   349.2      0.193     -0.774      0.235      0.308      0.313     -0.199
147.4000     -29977.807   -29987.244        9.437   378.3      0.193      0.119     -0.120     -0.070      0.460     -0.126
147.4500     -29978.146   -29987.467        9.320   373.6      0.496     -0.163     -0.499      0.663      0.009     -0.426
147.5000     -29978.328   -29987.701        9.374   375.7      0.186     -0.597     -0.211     -0.004      0.755      0.192
147.5500     -29978.272   -29986.902        8.630   345.9     -0.746     -1.607     -1.461     -0.108      0.551      0.233
147.6000     -29978.255   -29986.643        8.387   336.2     -1.336     -1.546     -0.920     -0.241     -0.350      0.321
147.6500     -29978.149   -29987.004        8.855   355.0     -0.640     -0.562     -0.959     -0.010      0.428      0.045
147.7000     -29978.236   -29986.744        8.508   341.1      0.592     -0.745      1.139     -0.069     -0.386      0.137
147.7500     -29978.032   -29986.977        8.944   358.5     -0.580     -0.219      0.086      0.166      0.508      0.001
147.8000     -29978.749   -29987.572        8.823   353.7      0.269      0.427     -0.405     -0.240     -0.237     -0.230
147.8500     -29978.467   -29987.584        9.117   365.4     -0.060     -0.217     -0.058      0.397      0.284     -0.528
147.9000     -29978.939   -29987.893        8.954   358.9     -0.533     -0.533     -0.200     -0.486      0.198     -0.069
147.9500     -29978.753   -29987.260        8.507   341.0      0.152     -0.554     -0.547     -0.087     -0.217      0.197
148.0000     -29977.953   -29987.240        9.287   372.3     -0.375     -0.921     -0.040      0.035      0.481      0.035
148.0500     -29977.734   -29986.420        8.686   348.2      0.064     -0.099      0.108      0.727      0.512      0.293
148.1000     -29978.088   -29987.201        9.114   365.3     -0.292     -0.751      0.198      0.041      0.223     -0.660
148.1500     -29978.262   -29986.586        8.324   333.7      0.261     -0.639      0.184      0.046     -0.300      0.519
148.2000     -29978.683   -29987.238        8.555   342.9     -0.022      0.372     -1.784     -0.339      0.289     -0.074
148.2500     -29978.732   -29987.186        8.453   338.9      0.569      0.320      1.376     -0.145      0.124      0.020
148.3000     -29978.277   -29987.008        8.731   350.0      0.590     -0.337      0.183      0.579     -0.443      0.548
148.3500     -29977.969   -29987.209        9.240   370.4     -1.000     -1.177     -1.476      0.052     -0.206      0.319
148.4000     -29978.624   -29987.053        8.429   337.9      0.291      0.168     -1.114      0.339     -0.225      0.491
148.4500     -29979.012   -29987.068        8.056   322.9     -0.502     -0.441      0.736     -0.034      0.107     -0.338
148.5000     -29979.294   -29987.658        8.364   335.3      0.902      0.067     -0.132     -0.409     -0.979     -0.158
148.5500     -29979.585   -29987.994        8.409   337.1      0.247      0.534     -0.121     -0.125      0.259     -0.313
148.6000     -29979.805   -29988.400        8.596   344.6      0.375     -1.004     -0.986     -0.302     -0.450      0.179
148.6500     -29980.071   -29988.188        8.117   325.4     -1.380     -0.753     -0.336     -0.163      0.510      0.256
148.7000     -29980.106   -29988.881        8.775   351.8      0.222     -0.687      0.015      0.182     -0.110     -0.005
148.7500     -29979.681   -29988.213        8.532   342.0     -0.221      0.388     -0.061     -0.145     -0.394      0.106
148.8000     -29979.701   -29988.777        9.076   363.8     -0.014      0.411      0.447     -0.227      0.784     -0.094
148.8500     -29979.643   -29988.322        8.679   347.9     -0.486     -1.347      0.294     -0.076      0.510      0.058
148.9000     -29979.147   -29988.076        8.930   357.9     -1.016     -0.251     -0.937     -0.299      0.020     -0.079
148.9500     -29979.480   -29987.904        8.424   337.7      0.709     -1.083     -0.376      0.054      0.010      0.014
149.0000     -29979.773   -29988.336        8.563   343.3     -0.368      0.348      0.282      0.335     -0.433      0.014
149.0500     -29980.527   -29988.551        8.024   321.6      0.271      0.412     -0.517     -0.157      0.128      0.308
149.1000     -29979.761   -29988.430        8.669   347.5     -0.498     -1.050     -0.557      0.239      0.155     -0.074
149.1500     -29980.440   -29988.855        8.416   337.3     -0.403      0.375      0.014      0.066      0.386      0.064
149.2000     -29980.769   -29988.953        8.184   328.1     -0.133     -0.777     -0.162     -0.109      0.231      0.095
149.2500     -29980.682   -29988.693        8.012   321.1      0.045     -0.713      0.178      0.072      0.315      0.182
149.3000     -29980.922   -29989.047        8.125   325.7     -1.030     -0.114     -0.108     -0.352      0.051     -0.597
149.3500     -29980.492   -29988.430        7.937   318.2      0.564     -1.411      0.034     -0.085     -0.436     -0.665
149.4000     -29981.028   -29989.504        8.476   339.8     -0.530      0.486     -0.970     -0.391     -0.224      1.007
149.4500     -29981.226   -29988.348        7.122   285.5      0.619      0.730     -0.349     -0.158     -0.287     -0.276
149.5000     -29981.258   -29988.791        7.533   302.0     -0.726     -0.134     -0.158      0.118      0.314      0.292
149.5500     -29981.295   -29988.832        7.537   302.1      0.218     -0.346     -0.291      0.229      0.130     -0.419
149.6000     -29981.069   -29988.748        7.679   307.8      0.120      0.380      0.340      0.181     -0.666     -0.880
149.6500     -29980.931   -29989.023        8.093   324.4      0.325      0.971     -0.146      0.139     -0.010      0.833
149.7000     -29980.487   -29988.408        7.922   317.5     -0.715     -1.148     -0.892     -0.131     -0.533     -0.341
149.7500     -29980.495   -29989.342        8.847   354.6     -0.059      0.060     -0.558     -0.163     -0.378     -0.647
149.8000     -29980.216   -29989.492        9.277   371.8      0.013     -0.745     -0.764     -0.057      0.157     -0.902
149.8500     -29980.021   -29988.463        8.442   338.4     -0.293      0.785     -0.358     -0.067     -0.272      0.056
149.9000     -29979.708   -29987.574        7.867   315.3     -0.090      0.055     -0.595     -0.305     -0.723     -0.249
149.9500     -29980.045   -29988.123        8.079   323.8     -0.072      0.132     -0.041     -0.411     -0.439     -0.181
150.0000     -29980.550   -29988.641        8.091   324.3     -0.001      0.284     -0.776     -0.521      0.087     -0.211
150.0500     -29980.463   -29988.627        8.164   327.3      0.134     -0.211     -0.591      0.695      0.210     -0.338
150.1000     -29980.320   -29988.477        8.157   327.0      0.067     -1.087     -1.185      0.173      0.173      0.006
150.1500     -29980.487   -29988.469        7.982   320.0      0.370     -0.194      0.272      0.474     -0.147      0.460
150.2000     -29980.618   -29989.018        8.400   336.7      0.037      0.183     -0.319     -0.241     -0.256     -0.110
150.2500     -29980.195   -29989.131        8.936   358.2     -0.900     -0.115     -1.437     -0.754      0.059     -0.778
150.3000     -29979.986   -29988.344        8.357   335.0     -0.686     -1.261     -0.227      0.605     -0.568      0.142
150.3500     -29980.353   -29988.771        8.418   337.4      0.256      0.905     -0.613      0.087      0.231     -0.038
150.4000     -29980.444   -29988.705        8.261   331.2      0.022      0.282      0.381     -0.319     -0.297     -0.259
150.4500     -29980.764   -29989.246        8.482   340.0     -0.238     -0.026      0.010      0.074      0.668     -0.385
150.5000     -29980.806   -29988.744        7.938   318.2     -0.090     -0.067     -1.251      0.633     -0.506      0.074
150.5500     -29980.546   -29989.221        8.674   347.7     -0.065     -0.463     -0.091      0.905      0.010      0.042
150.6000     -29980.363   -29988.736        8.374   335.7     -0.318     -0.401     -0.542      0.460      0.120     -0.598
150.6500     -29980.700   -29989.076        8.376   335.8     -0.589     -0.716     -1.175      0.404     -0.179      0.215
150.7000     -29981.121   -29988.652        7.532   301.9      0.345      1.235      1.006     -0.378     -0.156     -0.028
150.7500     -29981.220   -29988.020        6.800   272.6      0.807     -1.607     -0.291     -0.376     -0.149     -0.321
150.8000     -29980.842   -29988.361        7.520   301.4     -0.610     -0.687     -0.540     -0.052      0.149     -0.016
150.8500     -29980.817   -29989.195        8.379   335.9     -0.106      0.171      0.061     -0.024     -0.333      0.006
150.9000     -29980.802   -29988.801        7.999   320.6      0.100      0.263     -0.166     -0.208      0.261      0.163
150.9500     -29981.124   -29989.295        8.171   327.5     -0.436      0.213      0.786     -0.241     -0.390      0.081
151.0000     -29980.666   -29988.779        8.114   325.2     -0.177     -0.099     -0.048     -0.180      0.289      0.177
151.0500     -29980.895   -29988.992        8.098   324.6     -0.508     -0.473     -0.090      0.363     -0.375     -0.278
151.1000     -29981.467   -29989.811        8.344   334.5     -0.532      0.118     -0.229     -0.441     -0.318     -0.146
151.1500     -29981.191   -29988.893        7.702   308.7     -0.072     -0.643     -0.255     -0.303     -0.183     -0.143
151.2000     -29981.078   -29988.553        7.475   299.6     -0.688     -0.546     -0.728     -0.086     -0.252     -0.219
151.2500     -29980.840   -29988.598        7.758   311.0     -0.468     -1.541     -0.716      0.121      0.233      0.323
151.3000     -29980.681   -29988.967        8.286   332.1      0.358     -0.279      0.085     -0.666     -0.314     -0.475
151.3500     -29980.429   -29988.879        8.450   338.7     -0.639     -0.104     -0.288     -0.025      0.065      0.304
151.4000     -29980.145   -29988.338        8.193   328.4     -0.175     -0.247     -0.064      0.086     -0.092      0.355
151.4500     -29979.702   -29988.367        8.665   347.3     -0.136     -0.481      0.324     -0.333      0.208     -0.187
151.5000     -29979.406   -29987.977        8.571   343.5      0.007     -0.368      0.784     -0.416      0.076      0.760
151.5500     -29979.237   -29988.590        9.353   374.9     -1.319     -0.971     -0.755      0.541      0.406     -0.137
151.6000     -29979.991   -29988.928        8.937   358.2     -0.511      0.455     -0.223     -0.109      0.514      0.159
151.6500     -29979.437   -29988.035        8.599   344.7     -0.848      0.077     -0.262     -0.407     -0.184      0.105
151.7000     -29979.622   -29988.527        8.905   357.0     -0.855     -0.937     -0.106      0.031     -0.233      0.422
151.7500     -29979.555   -29988.641        9.086   364.2     -0.676     -0.166     -0.259      0.261     -0.267      0.271
151.8000     -29979.831   -29988.316        8.485   340.1     -0.316     -0.132      0.546     -0.661      0.144      0.099
151.8500     -29979.776   -29988.662        8.886   356.2     -0.504     -0.376     -1.092     -0.119     -0.090     -0.560
151.9000     -29979.652   -29988.475        8.822   353.6     -0.079      0.064      0.695      0.327      0.432      0.110
151.9500     -29981.048   -29989.426        8.378   335.8     -0.067     -0.162     -1.478     -0.377      0.374     -0.505
152.0000     -29981.185   -29989.068        7.884   316.0     -0.082      0.293      0.838     -0.490     -0.503     -0.287
152.0500     -29981.433   -29988.727        7.293   292.3     -0.391      0.776      0.024     -0.041      0.019     -0.118
152.1000     -29981.172   -29988.873        7.701   308.7      0.333     -0.620     -0.535      0.362     -0.116     -0.227
152.1500     -29980.883   -29988.543        7.660   307.0     -0.856     -1.285     -1.049     -0.184      0.452      0.312
152.2000     -29981.209   -29989.541        8.332   334.0     -0.435     -1.198     -0.165     -0.062      0.292     -0.004
152.2500     -29981.424   -29989.805        8.380   335.9     -0.099     -1.324      0.191     -0.100      0.080     -0.078
152.3000     -29981.612   -29989.613        8.001   320.7     -0.437     -0.080     -0.047      0.512     -0.211     -0.246
152.3500     -29981.564   -29989.514        7.950   318.7     -0.873     -0.701      0.472     -0.590      0.156      0.231
152.4000     -29981.297   -29989.926        8.629   345.9     -1.271     -1.559     -1.047     -0.237     -0.417      0.004
152.4500     -29980.841   -29988.990        8.149   326.7     -1.679     -1.267     -1.057     -0.299      0.290     -0.925
152.5000     -29980.783   -29989.074        8.291   332.3     -0.062     -0.295     -0.107      0.012      0.062      0.499
152.5500     -29981.042   -29989.369        8.327   333.8     -0.371     -1.107     -1.741     -0.318     -0.180      0.493
152.6000     -29981.189   -29989.189        8.001   320.7     -1.194      0.437      0.042     -0.372     -0.199     -0.584
152.6500     -29980.943   -29988.127        7.183   287.9     -0.790     -0.390     -0.643      0.313     -0.181      0.513
152.7000     -29980.817   -29989.324        8.507   341.0     -0.814     -0.968     -1.455     -0.232     -0.016      0.010
152.7500     -29980.069   -29988.164        8.096   324.5     -1.450     -1.043     -0.623      0.092      0.207      0.199
152.8000     -29980.279   -29989.047        8.768   351.5     -0.413     -0.018     -1.172     -0.370      0.484      0.657
152.8500     -29980.306   -29988.973        8.666   347.4     -0.222     -0.328      0.291      0.207      0.143      0.127
152.9000     -29980.377   -29989.396        9.020   361.6     -0.417     -0.060     -0.784     -0.304      0.033     -0.257
152.9500     -29980.313   -29988.574        8.261   331.1     -0.109     -0.982     -2.144      0.428     -0.061     -0.323
153.0000     -29980.560   -29988.137        7.577   303.7     -0.466     -0.341     -1.112      0.311     -0.485      0.225
153.0500     -29981.034   -29988.812        7.778   311.8      0.445      0.125      0.133     -0.479      0.080      0.168
153.1000     -29981.454   -29989.904        8.450   338.7     -0.733      0.106     -0.642      0.367      0.533      0.335
153.1500     -29981.508   -29989.338        7.830   313.9     -0.496     -0.235     -0.954      0.047     -0.176      0.433
153.2000     -29981.574   -29989.592        8.018   321.4     -0.807     -0.482     -0.753     -0.447      0.311     -0.220
153.2500     -29981.574   -29989.854        8.279   331.9      0.104     -0.949     -0.328      0.254     -0.337      0.578
153.3000     -29981.526   -29989.434        7.907   317.0     -0.534      0.229     -1.087      0.095      0.231     -0.422
153.3500     -29981.570   -29989.373        7.803   312.8     -0.215     -0.782     -0.603     -0.149     -0.137      0.176
153.4000     -29981.604   -29988.879        7.275   291.6      0.386      0.362      0.497      0.289     -0.278     -0.193
153.4500     -29980.961   -29989.301        8.340   334.3      0.361      0.085      0.154      0.357      0.159      0.420
153.5000     -29981.250   -29988.859        7.609   305.0     -0.703     -0.193     -0.094      0.244     -0.019      0.455
153.5500     -29981.238   -29988.824        7.586   304.1      0.126     -0.313     -1.024     -0.421      0.360     -0.349
153.6000     -29981.145   -29988.848        7.702   308.7     -0.910     -0.569     -0.335      0.299      0.166     -0.015
153.6500     -29981.024   -29989.211        8.187   328.2     -0.260      0.369     -0.905      0.208      0.275      0.119
153.7000     -29980.755   -29988.600        7.845   314.5     -0.780     -0.033      0.242      0.275      0.317      0.171
153.7500     -29980.455   -29988.945        8.491   340.3     -1.169     -0.774      0.095     -0.288      0.008      0.490
153.8000     -29980.254   -29988.758        8.504   340.9      0.257     -0.385     -0.580      0.423      0.080     -0.175
153.8500     -29980.193   -29988.695        8.502   340.8     -0.569     -0.606     -0.356     -0.084     -0.085     -0.369
153.9000     -29979.963   -29988.867        8.904   356.9     -0.153     -0.860      0.194     -0.068      0.077      0.359
153.9500     -29980.441   -29988.988        8.548   342.6     -0.108      0.102     -1.215      0.155      0.190     -0.243
154.0000     -29980.766   -29989.010        8.244   330.4      0.226     -0.182      0.412     -0.255     -0.032      0.172
154.0500     -29980.814   -29989.307        8.493   340.4     -0.279     -0.344      0.088      0.751     -0.231      0.012
154.1000     -29980.847   -29988.805        7.958   319.0     -0.168      0.080      0.411     -0.749      0.493      0.285
154.1500     -29980.586   -29988.594        8.007   321.0     -0.785     -0.090     -0.358      0.400      0.357     -0.166
154.2000     -29980.450   -29988.350        7.899   316.6      0.160      0.954      0.377      0.588     -0.241     -0.009
154.2500     -29980.426   -29988.195        7.770   311.4      0.725     -0.426     -0.246     -0.400      0.028     -0.030
154.3000     -29980.093   -29988.555        8.462   339.2     -1.117     -1.464     -0.184     -0.657      0.225     -0.162
154.3500     -29980.559   -29989.115        8.556   343.0     -0.385     -0.799     -0.548      0.397     -0.489     -0.530
154.4000     -29980.595   -29987.715        7.120   285.4     -0.085     -0.044      0.236     -0.140      0.116      0.233
154.4500     -29980.637   -29988.340        7.703   308.8     -0.330     -1.690     -0.870      0.132     -0.034      0.073
154.5000     -29980.075   -29988.469        8.394   336.5     -0.732     -0.050     -0.331     -0.187      0.790     -0.228
154.5500     -29980.239   -29988.650        8.411   337.2     -0.061      0.230     -1.072     -0.458     -0.541      0.027
154.6000     -29980.430   -29988.592        8.161   327.1      0.225     -0.876     -0.135      0.279     -0.003     -0.186
154.6500     -29980.691   -29988.299        7.608   305.0     -0.573      0.223     -1.022      0.345     -0.020      0.460
154.7000     -29980.793   -29988.125        7.332   293.9     -0.093     -1.171      0.102      0.355      0.179      0.349
154.7500     -29980.571   -29988.891        8.320   333.5     -0.311      0.543      0.175      0.190     -0.318     -0.288
154.8000     -29980.284   -29989.158        8.874   355.7      0.426     -0.153     -0.814      0.090      0.104      0.226
154.8500     -29979.951   -29989.324        9.373   375.7     -0.826     -0.441     -0.751     -0.227     -0.046     -0.103
154.9000     -29980.275   -29989.326        9.051   362.8      0.180      0.179      0.344     -0.344      0.175      0.255
154.9500     -29980.281   -29988.035        7.754   310.8     -0.005      0.261     -0.134      0.053     -0.080     -0.047
155.0000     -29980.100   -29989.018        8.918   357.5     -0.436     -0.123     -0.022     -0.190     -0.003     -0.235
155.0500     -29980.403   -29988.643        8.239   330.3     -0.183     -0.059     -0.701     -0.282      0.103      0.087
155.1000     -29980.344   -29989.020        8.675   347.7     -0.370      0.457     -0.795     -0.076      0.391      0.616
155.1500     -29980.622   -29988.506        7.884   316.0     -0.526     -0.838     -0.384      0.444     -0.292      0.316
155.2000     -29980.374   -29988.828        8.455   338.9     -0.935     -0.584     -0.442     -0.051     -0.072      0.498
155.2500     -29980.086   -29988.475        8.389   336.3     -0.653     -0.530     -0.262     -0.008      0.047      0.070
155.3000     -29979.491   -29989.002        9.511   381.3      0.194     -0.587     -0.329      0.402     -0.165     -0.115
155.3500     -29978.916   -29988.570        9.654   387.0      0.367     -1.089     -0.860      0.434      0.389      0.158
155.4000     -29978.866   -29987.906        9.041   362.4      0.596      0.362      0.223     -0.432      0.205     -0.134
155.4500     -29978.812   -29987.672        8.860   355.2     -0.053     -0.265      0.112     -0.104      0.574      0.215
155.5000     -29978.218   -29987.219        9.001   360.8     -0.102     -0.091     -0.257      0.184     -0.072     -0.468
155.5500     -29978.252   -29987.406        9.154   366.9      0.136     -0.427     -0.328      0.010     -0.010     -0.019
155.6000     -29978.122   -29986.949        8.827   353.8     -0.882      0.278     -0.442     -0.775      0.615     -0.008
155.6500     -29978.317   -29987.461        9.144   366.5      0.062     -0.262      0.507      0.394     -0.452     -0.061
155.7000     -29978.985   -29987.064        8.080   323.9     -0.177     -0.449     -0.199      0.442      0.287     -0.220
155.7500     -29979.392   -29987.984        8.592   344.4     -0.355      1.013     -0.788      0.631     -0.154      0.155
155.8000     -29979.906   -29988.316        8.410   337.1     -0.303      0.009      0.089      0.189      0.020     -0.146
155.8500     -29979.564   -29988.102        8.537   342.2     -0.772      0.464     -0.495     -0.136      0.328     -0.183
155.9000     -29979.920   -29987.213        7.293   292.3     -0.713     -0.987     -0.746      0.043      0.115      0.149
155.9500     -29979.986   -29988.594        8.608   345.1     -1.399     -0.440     -0.572     -0.206      0.123     -0.091
156.0000     -29979.288   -29988.121        8.833   354.1      0.502     -0.843     -0.026     -0.018     -0.160      0.490
156.0500     -29979.545   -29987.961        8.416   337.4      0.026     -0.569     -0.024     -0.497      0.489      0.106
156.1000     -29979.961   -29988.188        8.226   329.7      0.501      0.589     -0.189      0.141     -0.082      0.205
156.1500     -29979.829   -29988.707        8.878   355.9      0.675     -1.337      0.691     -0.370      0.282     -0.349
156.2000     -29979.458   -29988.516        9.058   363.1     -0.565     -0.754     -0.514      0.016     -0.724     -0.460
156.2500     -29979.798   -29988.932        9.134   366.1      0.037      0.467      0.021      0.827      0.372      0.259
156.3000     -29980.253   -29988.342        8.089   324.2     -1.194     -1.094     -1.125     -0.602      0.206      0.177
156.3500     -29979.754   -29988.924        9.170   367.6     -0.491      0.247     -0.900      0.127     -0.180      0.280
156.4000     -29979.415   -29987.707        8.292   332.4     -0.518     -0.210     -0.175      0.135     -0.197     -0.154
156.4500     -29979.468   -29987.678        8.209   329.1      0.583     -0.096     -0.260      0.429      0.263      0.234
156.5000     -29979.447   -29988.715        9.268   371.5      0.805     -0.399     -0.031     -0.324      0.073     -0.104
156.5500     -29979.518   -29987.887        8.368   335.4      0.352      0.977      0.588     -0.092     -0.118      0.312
156.6000     -29979.468   -29987.361        7.893   316.4     -0.266      0.236     -0.153      0.152     -0.451      0.418
156.6500     -29980.006   -29988.350        8.344   334.5      0.086     -0.106     -0.051     -0.100      0.047      0.520
156.7000     -29979.797   -29988.141        8.344   334.5     -0.253     -0.046      0.004      0.065     -0.075      0.041
156.7500     -29980.497   -29988.801        8.304   332.9     -0.405      0.091     -0.410     -0.228     -0.220      0.326
156.8000     -29980.871   -29988.891        8.019   321.5     -0.514     -0.043     -0.967     -0.043      0.148      0.226
156.8500     -29980.744   -29988.172        7.427   297.7     -0.317     -0.195     -0.996     -0.280      0.101     -0.335
156.9000     -29980.906   -29989.246        8.340   334.3     -0.320      0.301     -0.329      0.136     -0.361      0.425
156.9500     -29981.234   -29989.268        8.034   322.0      0.089     -0.298      0.468     -0.213     -0.076     -0.221
157.0000     -29980.777   -29988.395        7.617   305.3     -0.473     -0.262      0.248      0.587      0.156     -0.039
157.0500     -29980.734   -29989.324        8.590   344.3      0.384     -0.584     -0.429     -0.202      0.031     -0.166
157.1000     -29980.929   -29989.256        8.327   333.8     -1.185     -1.128     -1.616      0.244     -0.403     -0.062
157.1500     -29981.039   -29988.641        7.602   304.7     -0.752     -1.264     -0.904     -0.074      0.393     -0.265
157.2000     -29980.970   -29988.963        7.993   320.4     -1.072     -1.325     -1.077     -0.696     -0.429      0.460
157.2500     -29980.990   -29989.623        8.633   346.0      0.217     -0.599     -1.324      0.527      0.062      0.176
157.3000     -29981.066   -29989.654        8.588   344.2     -1.094     -0.329     -0.095      0.070     -0.267     -0.101
157.3500     -29981.515   -29989.395        7.880   315.8     -0.295     -0.246      0.083      0.499     -0.718     -0.379
157.4000     -29981.850   -29989.135        7.285   292.0     -0.459     -0.771     -0.527     -0.192      0.144     -0.029
157.4500     -29982.066   -29989.316        7.251   290.6     -0.112     -0.181     -0.051      0.361      0.643      0.423
157.5000     -29981.691   -29989.350        7.658   307.0      0.072     -0.336     -0.491      0.203     -0.399     -0.073
157.5500     -29981.031   -29989.021        7.990   320.3     -0.509     -1.467     -1.237      0.245      0.103      0.341
157.6000     -29981.506   -29989.355        7.850   314.6     -0.167     -1.115      0.731     -0.184     -0.079      0.417
157.6500     -29981.165   -29989.045        7.880   315.9     -0.307     -0.679     -0.852     -0.323     -0.130      0.085
157.7000     -29980.934   -29988.670        7.736   310.1      0.012     -0.683      0.054      0.447     -0.260     -0.210
157.7500     -29981.044   -29988.746        7.702   308.7     -0.862      0.579     -0.644     -0.403      0.488     -0.399
157.8000     -29980.572   -29988.576        8.004   320.8      0.466      0.830      0.593     -0.202     -0.502     -0.093
157.8500     -29980.672   -29989.154        8.483   340.0      0.453     -0.315     -0.014      0.059     -0.119      0.359
157.9000     -29980.639   -29988.502        7.863   315.2     -1.189     -0.498     -1.003      0.646      0.131      0.037
157.9500     -29980.863   -29988.812        7.950   318.7     -0.693     -0.001     -0.167     -0.243      0.591      0.418
158.0000     -29980.430   -29988.566        8.137   326.2     -0.108     -0.681      0.142      0.092      0.171     -0.280
158.0500     -29980.274   -29988.420        8.146   326.5     -1.610     -0.954     -0.016      0.190      0.112      0.525
158.1000     -29980.690   -29988.809        8.118   325.4     -0.656     -1.074     -0.261     -0.315     -0.522     -0.547
158.1500     -29980.501   -29989.314        8.814   353.3     -0.324     -0.583     -0.889     -0.510     -0.209      0.110
158.2000     -29980.461   -29989.219        8.757   351.0     -0.518     -0.177     -0.564      0.334      0.358      0.034
158.2500     -29979.886   -29988.832        8.946   358.6      0.144     -0.310     -0.624     -0.242     -0.210     -0.253
158.3000     -29979.523   -29988.309        8.786   352.2     -1.039      0.277     -0.007     -0.004     -0.216      0.302
158.3500     -29979.268   -29988.178        8.910   357.1     -0.686     -0.887     -1.131      0.187     -0.390     -0.020
158.4000     -29978.572   -29987.363        8.791   352.4     -0.223     -1.035     -0.726      0.029     -0.686     -0.239
158.4500     -29978.738   -29987.275        8.538   342.2     -0.397      0.270     -0.542     -0.197      0.379      0.408
158.5000     -29979.180   -29987.373        8.193   328.4     -0.552     -0.157     -0.540      0.130      0.013      0.386
158.5500     -29979.157   -29988.219        9.062   363.2      0.494      0.773      0.769     -0.125     -0.669     -0.153
158.6000     -29979.041   -29987.586        8.545   342.5     -0.760     -0.349      0.032     -0.215      0.476     -0.259
158.6500     -29978.730   -29987.127        8.397   336.6      0.307     -0.970      0.222      0.117      0.314      0.585
158.7000     -29979.071   -29987.506        8.435   338.1     -0.456     -0.344     -0.031     -0.052     -0.215     -0.429
158.7500     -29979.327   -29987.824        8.497   340.6     -0.177     -0.352     -1.194     -0.207      0.122     -0.234
158.8000     -29979.165   -29987.662        8.497   340.6     -0.811     -0.996     -0.234      0.545     -0.332     -0.220
158.8500     -29978.931   -29987.615        8.684   348.1      0.543     -0.794     -0.481      0.073      0.218     -0.497
158.9000     -29978.782   -29988.180        9.397   376.7     -0.207     -0.709     -0.217      0.000     -0.127     -0.077
158.9500     -29979.438   -29987.842        8.403   336.9     -0.250     -0.684     -0.478     -0.599     -0.231      0.200
159.0000     -29979.785   -29988.441        8.656   347.0      0.652     -0.336     -0.462     -0.232     -0.199      0.157
159.0500     -29979.250   -29987.805        8.555   342.9     -0.952     -0.762     -0.017      0.184      0.276      0.752
159.1000     -29979.608   -29988.029        8.422   337.6     -0.758     -0.613     -0.984     -0.377      0.291     -0.573
159.1500     -29980.115   -29989.205        9.090   364.4      0.378     -0.087     -0.150      0.510      0.220     -0.031
159.2000     -29980.336   -29988.627        8.291   332.3     -0.231      0.250     -0.351     -0.295     -0.327     -0.024
159.2500     -29980.273   -29988.221        7.948   318.6     -0.299     -0.385      0.341     -0.590     -0.381      0.452
159.3000     -29980.659   -29988.682        8.023   321.6      0.262     -0.057      0.322     -0.103      0.278      0.241
159.3500     -29980.532   -29989.059        8.527   341.8     -0.357     -0.445      0.238     -0.256     -0.006     -0.328
159.4000     -29980.490   -29988.627        8.137   326.2     -0.837      0.091     -1.124      0.162      0.139     -0.189
159.4500     -29980.488   -29988.672        8.184   328.0     -0.233      0.675      0.563     -0.350     -0.132      0.338
159.5000     -29980.708   -29988.490        7.783   312.0     -0.484     -0.559     -0.072     -0.012     -0.363      0.281
159.5500     -29980.716   -29988.732        8.016   321.3     -0.941     -0.070     -0.357     -0.164     -0.085      0.060
159.6000     -29981.380   -29989.139        7.759   311.0     -0.733     -1.101     -0.371      0.024      0.497      0.427
159.6500     -29981.403   -29988.672        7.268   291.4      0.305     -0.031     -0.819      0.421      0.056      0.231
159.7000     -29980.809   -29989.000        8.191   328.3     -0.413     -0.932     -0.055     -0.105     -0.255      0.130
159.7500     -29980.603   -29988.318        7.716   309.3     -1.468      0.274      0.460      0.193     -0.400      0.284
159.8000     -29980.102   -29988.514        8.412   337.2     -1.391     -0.832     -0.736     -0.420      0.125     -0.462
159.8500     -29980.362   -29988.520        8.158   327.0     -1.123     -0.727     -0.463     -0.331     -0.685      0.197
159.9000     -29980.394   -29989.479        9.085   364.2     -0.481     -1.281     -0.983      0.182      0.489     -0.423
159.9500     -29980.286   -29988.570        8.284   332.1     -0.903     -1.056      0.148     -0.058     -0.624      0.159
160.0000     -29979.633   -29988.848        9.215   369.4     -0.510     -0.978     -0.096      0.026     -0.341     -0.213
160.0500     -29980.159   -29988.615        8.456   339.0     -1.160     -0.021      0.134      0.566      0.019      0.070
160.1000     -29979.797   -29988.137        8.340   334.3     -0.201     -0.345     -0.154     -0.441      0.393      0.450
160.1500     -29980.081   -29988.537        8.456   338.9      0.343      0.368     -0.065      0.541      0.056     -0.177
160.2000     -29980.534   -29988.871        8.337   334.2     -0.387      0.178     -0.324     -0.258      0.364     -0.046
160.2500     -29980.903   -29988.672        7.769   311.4      0.288      0.010     -0.482     -0.605      0.376     -0.358
160.3000     -29981.483   -29989.043        7.560   303.1     -0.036      0.192      0.630      0.869     -0.600     -0.206
160.3500     -29981.023   -29988.127        7.104   284.7      0.117     -0.775      0.360      0.050      0.061     -0.130
160.4000     -29980.626   -29989.154        8.528   341.9     -0.041      0.512     -0.188      0.362     -0.320     -0.113
160.4500     -29980.456   -29988.639        8.183   328.0      0.021     -0.957     -1.063     -0.073     -0.323      0.260
160.5000     -29980.568   -29988.297        7.729   309.8     -0.553     -0.312     -0.532      0.034      0.246     -0.387
160.5500     -29980.422   -29988.516        8.094   324.4      0.794      0.195     -0.350      0.197     -0.661      0.057
160.6000     -29980.847   -29988.533        7.686   308.1      0.518      0.646      1.144      0.253     -0.025     -0.525
160.6500     -29980.406   -29988.467        8.061   323.1      0.202      0.675     -0.265      0.178     -0.216      0.456
160.7000     -29980.315   -29987.785        7.470   299.5      1.109      0.633     -0.053     -0.098      0.289      0.238
160.7500     -29980.444   -29988.066        7.623   305.6      0.274     -0.288      0.269      0.693      0.509      0.129
160.8000     -29979.810   -29987.451        7.642   306.3     -0.366      0.200     -1.259     -0.005     -0.472     -0.236
160.8500     -29980.178   -29988.031        7.853   314.8     -0.869     -0.448      0.560     -0.134     -0.296     -0.167
160.9000     -29980.348   -29988.084        7.736   310.1      0.378      0.384      0.483     -0.129      0.858      0.073
160.9500     -29979.983   -29987.248        7.266   291.2     -0.617     -1.031     -1.027     -0.018      0.202     -0.111
161.0000     -29979.972   -29988.387        8.414   337.3      0.735     -0.244     -0.599     -0.109      0.018     -0.062
161.0500     -29979.743   -29988.021        8.279   331.9      0.052      0.070      0.805      0.197      0.146     -0.110
161.1000     -29979.811   -29988.205        8.394   336.5      0.094      0.629     -0.140     -0.644     -0.372     -0.049
161.1500     -29979.896   -29987.713        7.817   313.3      0.467     -0.788      0.361      0.507      0.602      0.006
161.2000     -29979.558   -29988.021        8.463   339.2     -0.725     -0.075     -0.625     -0.405     -0.123      0.220
161.2500     -29979.224   -29987.564        8.341   334.3     -1.101     -1.666     -0.571     -0.628      0.215     -0.487
161.3000     -29979.256   -29987.969        8.713   349.2      0.394     -1.057     -0.518      0.092      0.470      0.527
161.3500     -29979.357   -29987.777        8.420   337.5     -0.591      0.061     -0.113     -0.239     -0.349     -0.085
161.4000     -29979.573   -29987.615        8.043   322.4      0.193     -0.555     -0.136     -0.405     -0.057     -0.547
161.4500     -29979.883   -29987.537        7.654   306.8     -0.112     -0.787     -0.399      0.163     -0.408      0.033
161.5000     -29980.215   -29987.984        7.769   311.4      0.177     -0.486     -0.922     -0.049      0.217     -0.173
161.5500     -29980.598   -29988.059        7.461   299.1      0.082     -0.246      0.661     -0.166      0.060      0.192
161.6000     -29980.526   -29988.750        8.224   329.7     -0.317     -0.505     -0.260     -0.267     -0.217     -0.154
161.6500     -29980.231   -29988.736        8.506   341.0     -0.005     -0.165     -0.014     -0.462      0.163      0.547
161.7000     -29979.773   -29987.916        8.143   326.4     -0.196     -1.982     -0.807     -0.073     -0.436      0.186
161.7500     -29979.896   -29987.490        7.594   304.4      0.073      0.052      0.707      0.387      0.259      0.739
161.8000     -29980.278   -29988.377        8.099   324.6     -0.274     -0.684     -0.911     -0.663      0.388      0.122
161.8500     -29980.077   -29988.453        8.376   335.7     -0.201      0.190     -0.181      0.542      0.017     -0.408
161.9000     -29980.532   -29989.035        8.503   340.8     -0.126      0.299     -0.822     -0.339      0.107      0.431
161.9500     -29980.357   -29988.738        8.381   336.0      0.009     -0.063      0.035     -0.177     -0.625     -0.102
162.0000     -29979.980   -29988.887        8.907   357.0     -1.189     -0.926     -1.461      0.095     -0.200      0.536
162.0500     -29980.695   -29988.672        7.977   319.8     -0.136     -0.422     -0.147      0.229      0.066      0.229
162.1000     -29980.834   -29988.676        7.842   314.4     -0.928     -1.848     -1.057      0.256     -0.042     -0.056
162.1500     -29981.036   -29989.369        8.333   334.0     -0.947     -0.246     -1.068     -0.159      0.887      0.301
162.2000     -29981.212   -29988.959        7.747   310.5     -0.267     -0.791     -0.128     -0.263     -0.757     -0.200
162.2500     -29981.068   -29988.791        7.723   309.6     -1.043     -1.354     -0.517     -0.002     -0.018     -0.258
162.3000     -29981.077   -29989.361        8.284   332.1     -0.077     -0.287     -0.286      0.221      0.251      0.063
162.3500     -29981.120   -29989.998        8.879   355.9     -0.144     -0.520     -0.008     -0.082      0.856      0.204
162.4000     -29980.837   -29989.691        8.854   354.9     -0.256     -1.210     -0.524     -0.150      0.122      0.268
162.4500     -29980.904   -29988.908        8.004   320.8     -0.260      1.058     -0.227      0.248      0.738      0.271
162.5000     -29980.323   -29988.871        8.548   342.6     -0.742     -0.121      0.149     -0.341     -0.253      0.296
162.5500     -29980.202   -29988.564        8.363   335.2     -0.648      0.573     -0.338     -0.029      0.647      0.561
162.6000     -29980.646   -29988.693        8.047   322.6     -0.904     -0.423     -0.641     -0.113     -0.005      0.241
162.6500     -29980.710   -29989.586        8.876   355.8     -1.198     -1.569     -1.536      0.337      0.214      0.427
162.7000     -29980.271   -29989.012        8.741   350.4     -0.688     -0.545      0.903     -0.507     -0.043     -0.093
162.7500     -29980.148   -29989.305        9.156   367.0     -0.134      0.073      0.049     -0.000      0.040      0.332
162.8000     -29980.455   -29988.918        8.463   339.2     -0.331     -0.659     -0.507     -0.040      0.148     -0.107
162.8500     -29980.615   -29988.465        7.850   314.7     -0.619     -0.229     -0.506      0.070     -0.470     -0.160
162.9000     -29980.810   -29988.406        7.596   304.5     -0.732     -0.448     -0.542      0.041     -0.070      0.287
162.9500     -29980.677   -29989.074        8.397   336.6      0.258      0.091     -0.806      0.155     -0.170      0.275
163.0000     -29981.180   -29989.328        8.148   326.6     -0.714     -0.191     -0.187     -0.172      0.289     -0.456
163.0500     -29980.500   -29988.990        8.491   340.3     -0.705     -0.704     -1.081      0.004     -0.075     -0.031
163.1000     -29980.503   -29988.803        8.300   332.7     -0.722     -0.221     -0.228     -0.350     -0.479      0.612
163.1500     -29980.304   -29988.344        8.040   322.3      0.008     -0.319     -0.146     -0.133      0.579     -0.490
163.2000     -29979.961   -29988.400        8.439   338.3      0.425      0.117     -0.352     -0.007      0.000      0.528
163.2500     -29980.582   -29988.867        8.285   332.1     -0.630     -0.368      0.234     -0.454     -0.086     -0.172
163.3000     -29979.547   -29988.104        8.556   343.0     -0.380     -0.570     -0.046      0.090      0.058      0.283
163.3500     -29979.412   -29987.738        8.326   333.7     -0.068     -1.185      0.299     -0.558     -0.223      0.449
163.4000     -29979.582   -29987.592        8.009   321.1     -0.785      0.068     -0.584     -0.156      0.600      0.301
163.4500     -29979.730   -29987.404        7.674   307.6      0.210     -1.236     -0.089      0.267     -0.388      0.046
163.5000     -29979.680   -29988.523        8.843   354.5     -1.262     -0.891     -0.475      0.117     -0.014     -0.663
163.5500     -29979.478   -29988.484        9.006   361.0     -0.854      0.249     -0.293     -0.323     -0.637     -0.705
163.6000     -29979.726   -29988.588        8.861   355.2      0.228     -0.237     -0.409     -0.463      0.138      0.400
163.6500     -29980.637   -29988.607        7.971   319.5     -1.663     -0.024     -0.751      0.116      0.499     -0.099
163.7000     -29980.824   -29988.451        7.627   305.7     -0.363     -0.529     -0.503     -0.355      0.224     -0.142
163.7500     -29980.692   -29988.592        7.900   316.7     -1.409     -0.540      0.533      0.003     -0.411      0.233
163.8000     -29980.403   -29988.939        8.536   342.2     -0.133     -0.442      0.054      0.247     -0.060     -0.420
163.8500     -29980.669   -29989.832        9.163   367.3     -0.441     -0.744     -0.518      0.323      0.051      0.386
163.9000     -29981.111   -29988.965        7.853   314.8     -1.183      0.019     -0.924     -0.310     -0.608     -0.025
163.9500     -29981.283   -29990.148        8.865   355.4     -0.557     -1.166     -0.828      0.138      0.086      0.225
164.0000     -29981.689   -29989.250        7.561   303.1     -0.155      0.227     -0.202     -0.330      0.416      0.230
164.0500     -29981.800   -29989.521        7.722   309.5     -1.096     -0.526     -0.419     -0.093      0.278     -0.065
164.1000     -29981.456   -29988.979        7.522   301.5     -1.153     -1.547     -1.470      0.129     -0.132      0.024
164.1500     -29981.360   -29989.371        8.011   321.1     -0.582      0.230     -0.183     -0.105     -0.422     -0.157
164.2000     -29981.495   -29989.449        7.954   318.8     -0.326     -0.871     -0.100      0.026      0.485      0.148
164.2500     -29981.168   -29988.924        7.756   310.9     -0.095     -0.982      0.020     -0.156     -0.944     -0.775
164.3000     -29981.411   -29988.824        7.413   297.2      0.761     -0.106      0.100     -0.070     -0.010     -0.345
164.3500     -29981.458   -29988.822        7.365   295.2     -0.649      0.602     -1.642      0.544     -0.045     -0.124
164.4000     -29981.136   -29988.963        7.827   313.7      0.439      0.254     -0.167     -0.335      0.456      0.135
164.4500     -29981.082   -29988.518        7.436   298.1     -0.439      0.052      0.048      0.477      0.422     -0.037
164.5000     -29980.941   -29989.668        8.727   349.8      0.568      0.022     -0.187     -0.519      0.388      0.002
164.5500     -29980.611   -29988.398        7.787   312.1     -0.593     -1.314     -0.270      0.330     -0.370      0.404
164.6000     -29980.493   -29988.814        8.321   333.5     -1.081     -0.268     -0.653      0.145      0.798     -0.571
164.6500     -29980.810   -29988.730        7.920   317.5      0.761     -0.608      0.117     -0.516      0.166      0.500
164.7000     -29980.349   -29988.508        8.159   327.0      0.041      0.213      0.419     -0.150     -0.092     -0.290
164.7500     -29980.079   -29987.969        7.890   316.3      0.240     -0.026     -0.308     -0.059      0.387     -0.128
164.8000     -29979.983   -29988.961        8.978   359.9     -0.354      0.764      0.383     -0.047     -0.058     -0.295
164.8500     -29979.755   -29988.492        8.737   350.2     -0.592     -0.704     -0.948      0.265     -0.232      0.123
164.9000     -29979.824   -29988.352        8.527   341.8     -0.472     -1.198      0.024     -0.463     -0.154      0.139
164.9500     -29979.746   -29988.865        9.119   365.5     -0.555     -1.168     -0.788      0.111     -0.076      0.470
165.0000     -29979.677   -29988.262        8.584   344.1     -1.238      0.039     -0.347     -0.488      0.244     -0.278
165.0500     -29979.586   -29988.604        9.018   361.5      0.732     -0.230     -0.340      0.156     -0.091     -0.498
165.1000     -29979.887   -29988.514        8.626   345.8      0.387      0.206      0.392      0.471      0.278      0.860
165.1500     -29979.505   -29987.746        8.241   330.4     -0.511     -0.671     -0.461      0.052      0.211     -0.145
165.2000     -29979.922   -29988.051        8.128   325.8     -0.291     -0.218     -0.349     -0.200      0.391     -0.066
165.2500     -29980.321   -29988.377        8.056   322.9     -0.480      0.211     -0.861      0.402      0.502     -0.232
165.3000     -29980.326   -29988.674        8.348   334.6     -1.060     -0.756     -0.748     -0.511     -0.062      0.213
165.3500     -29980.678   -29988.572        7.895   316.5      0.465     -0.591      0.473     -0.008     -0.096      0.191
165.4000     -29980.562   -29988.438        7.876   315.7      0.501      0.958      0.581      0.282      0.087     -0.600
165.4500     -29980.353   -29988.486        8.133   326.0     -0.410      0.033      0.475     -0.313      0.066     -0.116
165.5000     -29980.315   -29989.531        9.216   369.4     -0.067      0.725     -0.448      0.205      0.305     -0.141
165.5500     -29980.132   -29988.543        8.411   337.1     -0.062      0.731      0.737      0.597      0.327      0.112
165.6000     -29980.212   -29988.379        8.167   327.4      0.097      0.626     -0.932      0.006     -0.103     -0.304
165.6500     -29980.056   -29988.791        8.735   350.1     -0.294     -1.136     -0.236      0.568     -0.217      0.232
165.7000     -29980.088   -29988.035        7.948   318.6      0.238     -0.722     -0.846     -0.404      0.009     -0.724
165.7500     -29980.336   -29988.541        8.205   328.9     -0.905     -0.337      0.305      0.294     -0.089     -0.388
165.8000     -29980.074   -29988.141        8.066   323.3     -0.574     -0.995     -1.489      0.077     -0.064      0.100
165.8500     -29979.978   -29988.463        8.485   340.1     -0.452     -1.141     -0.601     -0.090     -0.501     -0.641
165.9000     -29980.342   -29988.727        8.384   336.1     -0.264      0.565     -1.044      0.131     -0.413      0.442
165.9500     -29980.322   -29988.645        8.323   333.6     -0.998     -0.065     -0.317      0.370      0.259     -0.004
166.0000     -29980.136   -29987.912        7.777   311.7     -0.161      1.207      0.523     -0.083     -0.352      0.467
166.0500     -29980.179   -29988.373        8.194   328.5     -0.226      0.006     -0.702     -0.380     -0.093     -0.139
166.1000     -29980.655   -29989.217        8.561   343.2     -0.684     -0.269     -1.144      0.390      0.252     -0.181
166.1500     -29980.920   -29988.600        7.680   307.8     -1.387     -0.878     -0.565     -0.062     -0.111     -0.005
166.2000     -29980.426   -29988.229        7.802   312.7      0.239      0.040      0.399     -0.133      0.454     -0.095
166.2500     -29980.395   -29988.758        8.363   335.2     -0.157      0.418     -0.133      0.164     -0.284      0.352
166.3000     -29980.416   -29988.682        8.266   331.3      0.398      0.616     -0.530     -0.016      0.240     -0.022
166.3500     -29980.813   -29988.676        7.862   315.2     -0.455     -0.187      0.272     -0.595     -0.388     -0.009
166.4000     -29980.820   -29988.805        7.985   320.1     -0.985     -0.397      0.094      0.148      0.114      0.167
166.4500     -29980.692   -29989.221        8.528   341.9     -0.139     -0.163     -1.580      0.321      0.225     -0.490
166.5000     -29980.853   -29989.006        8.153   326.8     -0.710      0.053     -0.045     -0.314      0.395     -0.293
166.5500     -29980.413   -29988.387        7.974   319.6     -0.558      0.348     -0.259      0.267     -0.058      1.158
166.6000     -29980.227   -29988.117        7.890   316.3     -0.231     -0.531      0.146     -0.339     -0.186      0.236
166.6500     -29980.612   -29988.855        8.244   330.4      1.083      1.160     -0.487      0.756      0.477      0.275
166.7000     -29980.571   -29989.145        8.574   343.7     -0.391     -0.405     -0.043      0.181      0.319      0.537
166.7500     -29981.146   -29988.881        7.735   310.0      0.147     -0.297      0.177     -0.504      0.259     -0.159
166.8000     -29980.563   -29988.783        8.220   329.5     -0.763      0.607     -1.097      0.232      0.060      0.027
166.8500     -29980.735   -29988.977        8.241   330.3      0.548     -0.052      1.023      0.389      0.167     -0.557
166.9000     -29980.500   -29988.008        7.508   300.9      0.138     -0.202     -0.926      0.400      0.348      0.181
166.9500     -29980.027   -29988.012        7.984   320.0      1.256      0.923      0.139     -0.166     -0.067      0.365
167.0000     -29979.856   -29988.225        8.368   335.4      0.146      0.179     -1.045      0.119      0.044     -0.024
167.0500     -29980.304   -29988.381        8.077   323.8     -0.658     -0.554     -0.930     -0.422      0.000      0.182
167.1000     -29980.342   -29988.455        8.113   325.2     -0.239     -0.141     -0.547     -0.229     -0.318      0.131
167.1500     -29979.837   -29987.715        7.878   315.8      0.646     -0.456     -1.054      0.284      0.061      0.068
167.2000     -29979.784   -29988.080        8.296   332.6     -0.444     -0.306     -0.450      0.165     -0.189     -0.134
167.2500     -29979.515   -29987.836        8.321   333.5      0.052     -0.958     -0.089     -0.341     -0.149     -0.078
167.3000     -29980.174   -29988.451        8.277   331.8     -0.557     -0.854     -0.370     -0.196      0.219      0.452
167.3500     -29980.112   -29987.543        7.431   297.9      0.813     -0.171     -1.336     -0.341     -0.104      0.403
167.4000     -29980.182   -29988.215        8.033   322.0      0.244     -0.461      0.339     -0.518     -0.328      0.080
167.4500     -29980.938   -29988.674        7.736   310.1      0.607      0.773     -0.077      0.072      0.186      0.817
167.5000     -29980.998   -29989.348        8.350   334.7      0.242     -0.590     -0.126     -0.193     -0.240     -0.332
167.5500     -29981.120   -29988.898        7.779   311.8     -1.485     -1.326     -0.678      0.103      0.211      0.120
167.6000     -29981.036   -29988.822        7.786   312.1     -0.273     -0.660      0.152     -0.022      0.065     -0.290
167.6500     -29980.994   -29989.508        8.514   341.3     -0.116      0.886     -0.186     -0.398     -0.298      0.163
167.7000     -29981.405   -29989.633        8.228   329.8      0.689      0.526      0.389      0.744      0.499      0.019
167.7500     -29980.945   -29989.021        8.077   323.8      0.564      1.624      0.714     -0.355      0.201     -0.069
167.8000     -29981.023   -29988.949        7.926   317.7      0.470     -0.771     -0.186     -0.321      0.443     -0.101
167.8500     -29980.364   -29988.145        7.780   311.9     -0.428      0.125     -0.258      0.059      0.478     -0.132
167.9000     -29980.502   -29989.086        8.584   344.1     -1.030     -0.684      0.230     -0.438     -0.055     -0.389
167.9500     -29980.995   -29989.334        8.339   334.3      0.113     -0.668     -1.175      0.116      0.103      0.076
168.0000     -29981.185   -29988.904        7.719   309.4     -1.008     -0.115     -0.482     -0.141     -0.026     -0.146
168.0500     -29981.538   -29989.463        7.925   317.7     -0.508     -0.096     -0.576     -0.204     -0.151      0.119
168.1000     -29982.121   -29989.781        7.660   307.1     -0.061      0.478     -0.151      0.366      0.904      0.282
168.1500     -29981.843   -29989.514        7.671   307.5     -0.295     -0.535     -0.043     -0.287     -0.108      0.194
168.2000     -29981.411   -29989.773        8.362   335.2     -1.527     -0.434     -1.276      0.173      0.086      0.127
168.2500     -29981.198   -29989.869        8.672   347.6      0.328     -0.877     -0.778      0.772     -0.560      0.109
168.3000     -29981.051   -29989.537        8.486   340.2     -0.657     -0.750     -0.574     -0.205     -0.274      0.112
168.3500     -29981.409   -29989.549        8.140   326.3     -0.202     -1.563     -0.976     -0.049      0.262      0.566
168.4000     -29981.814   -29990.035        8.221   329.5     -0.707     -0.517     -0.786      0.115     -0.412      0.021
168.4500     -29981.921   -29989.807        7.885   316.1     -0.089     -0.905     -0.208     -0.005      0.238      0.297
168.5000     -29981.946   -29990.211        8.265   331.3     -0.920     -0.832     -0.557      0.215     -0.642     -0.251
168.5500     -29982.019   -29990.188        8.169   327.5     -0.088     -0.800     -0.078      0.101      0.384     -0.482
168.6000     -29981.333   -29990.139        8.805   353.0     -0.676      0.765      0.082     -0.018     -0.046     -0.452
168.6500     -29981.861   -29989.930        8.069   323.4     -0.932     -0.710     -0.454     -0.252      0.044      0.736
168.7000     -29982.194   -29989.619        7.425   297.6     -0.739     -0.361     -0.251     -0.291     -0.110      0.251
168.7500     -29981.911   -29990.293        8.382   336.0      0.760     -0.521     -1.273      0.293      0.336     -0.213
168.8000     -29982.494   -29990.344        7.850   314.7      0.252      0.510     -0.101      0.125     -0.384      0.057
168.8500     -29982.955   -29990.785        7.830   313.9     -0.387      0.284     -0.654     -0.040     -0.288     -0.231
168.9000     -29982.980   -29990.828        7.848   314.6     -0.814     -0.042     -0.030     -0.243      0.010      0.280
168.9500     -29983.007   -29989.943        6.936   278.0      0.732     -0.417      0.461      0.266      0.181     -0.056
169.0000     -29983.188   -29990.689        7.502   300.7     -0.363      0.381      0.093      0.256     -0.236     -0.032
169.0500     -29982.685   -29990.098        7.413   297.1      0.517      0.264     -0.024      0.114      0.010     -0.150
169.1000     -29982.626   -29990.039        7.413   297.1     -0.076     -0.153      0.574      0.179     -0.331     -0.195
169.1500     -29982.098   -29990.115        8.017   321.4     -0.218     -0.457      0.606     -0.139      0.122      0.475
169.2000     -29981.992   -29989.262        7.269   291.4     -0.500      0.700     -0.845      0.516      0.269     -0.371
169.2500     -29981.806   -29989.359        7.554   302.8     -0.797      0.062     -0.557      0.401     -0.111     -0.437
169.3000     -29981.719   -29989.941        8.223   329.6      0.280      0.329      0.106      0.322      0.381      0.018
169.3500     -29981.104   -29989.861        8.757   351.0      0.890     -0.368     -0.256      0.044     -0.490     -0.112
169.4000     -29980.682   -29988.877        8.195   328.5     -0.817     -0.808     -0.278     -0.504      0.484     -0.085
169.4500     -29981.381   -29989.512        8.131   325.9     -0.852     -0.655     -0.282      0.462      0.113     -0.086
169.5000     -29981.609   -29990.010        8.401   336.8     -0.683     -0.005      0.302     -0.533     -0.168     -0.427
169.5500     -29981.957   -29989.836        7.879   315.8      0.021     -0.161     -0.364     -0.093     -0.230      0.789
169.6000     -29981.536   -29989.232        7.697   308.5      0.083      0.352      0.097     -0.102      0.107      0.303
169.6500     -29981.387   -29989.557        8.170   327.5     -0.813     -0.546      0.064      0.921      0.184      0.142
169.7000     -29981.029   -29989.080        8.051   322.7      0.409      0.197      0.172     -0.351     -0.482      0.099
169.7500     -29981.343   -29988.918        7.575   303.6      0.004      0.324     -0.413      0.177      0.252     -0.423
169.8000     -29980.870   -29988.891        8.021   321.5      0.287      0.065     -0.563     -0.105     -0.360     -0.203
169.8500     -29981.430   -29989.035        7.605   304.8     -0.507     -0.896     -0.515     -0.063     -0.331     -0.155
169.9000     -29981.130   -29989.414        8.284   332.1     -0.327      0.160     -0.499      0.117     -0.385      0.136
169.9500     -29981.370   -29989.189        7.820   313.5     -0.577     -0.563     -0.431      0.371      0.051     -0.294
170.0000     -29981.323   -29989.248        7.925   317.7     -0.237     -0.662     -0.355     -0.613     -0.334      0.304
170.0500     -29981.424   -29989.020        7.595   304.5     -0.916     -0.744     -0.205      0.460     -0.213     -1.020
170.1000     -29981.389   -29989.674        8.285   332.1     -0.404     -0.406     -0.526      0.227     -0.377      0.287
170.1500     -29981.093   -29989.207        8.115   325.3     -0.245      0.310     -0.980     -0.045     -0.020     -0.496
170.2000     -29980.387   -29988.455        8.068   323.4     -0.350      0.150     -0.225      0.624      0.048      0.339
170.2500     -29980.363   -29988.727        8.364   335.3     -0.276      0.581      0.085     -0.092     -0.065     -0.032
170.3000     -29980.392   -29989.154        8.762   351.2     -0.823     -0.764      0.191     -0.279     -0.247     -0.067
170.3500     -29980.375   -29989.062        8.688   348.2     -0.613      0.161      0.573     -0.344     -0.127     -0.211
170.4000     -29980.575   -29989.424        8.849   354.7     -0.116     -0.366     -0.077     -0.076     -0.059      0.012
170.4500     -29980.788   -29989.271        8.483   340.1      0.283     -0.434     -1.167     -0.534      0.156      0.391
170.5000     -29981.133   -29989.693        8.560   343.1     -0.527     -1.193      0.097      0.097     -0.050      0.054
170.5500     -29980.833   -29988.502        7.668   307.4      0.282     -0.590      0.149     -0.416      0.317     -0.454
170.6000     -29981.503   -29989.684        8.180   327.9     -1.182     -0.344     -0.312     -0.433      0.213      0.537
170.6500     -29981.558   -29990.316        8.758   351.1     -0.431     -0.528     -0.653     -0.455      0.145     -0.595
170.7000     -29981.792   -29989.635        7.842   314.4     -0.095      0.525     -0.218      0.720     -0.345     -0.167
170.7500     -29981.685   -29989.795        8.110   325.1     -0.382     -0.319      0.278     -0.566     -0.059      0.708
170.8000     -29981.665   -29989.465        7.800   312.7     -0.930     -0.746     -0.474      0.628     -0.308     -0.439
170.8500     -29981.472   -29989.582        8.110   325.1     -0.898     -0.749     -0.671     -0.346      0.105      0.126
170.9000     -29981.358   -29989.760        8.402   336.8     -0.189     -0.573     -0.619     -0.476     -0.063     -0.109
170.9500     -29981.870   -29990.088        8.218   329.4     -0.575     -0.861      0.464      0.349      0.127     -0.301
171.0000     -29982.370   -29989.969        7.598   304.6     -0.972      0.042      0.121     -0.438      0.031      0.236
171.0500     -29982.169   -29989.721        7.552   302.7     -0.101     -0.147      0.316     -0.309     -0.177     -0.252
171.1000     -29981.943   -29989.807        7.863   315.2     -0.484     -0.869     -0.065     -0.200     -0.176     -0.197
171.1500     -29981.391   -29989.021        7.631   305.9     -0.011     -0.835     -1.139     -0.209      0.271      0.113
171.2000     -29981.356   -29988.510        7.153   286.7      1.214     -0.308      0.365      0.396     -0.426     -0.062
171.2500     -29981.716   -29989.605        7.889   316.2     -0.353      0.067     -0.054     -0.015     -0.192      0.294
171.3000     -29981.810   -29989.074        7.264   291.2      0.220      0.105      0.099     -0.444      0.235      0.479
171.3500     -29982.024   -29989.701        7.677   307.7      0.567      0.528     -0.331     -0.387     -0.112      0.451
171.4000     -29981.560   -29989.836        8.276   331.7      0.155     -0.016     -0.045     -0.336      0.447     -0.216
171.4500     -29981.065   -29989.480        8.415   337.3      0.546      0.948     -0.176     -0.380     -0.230      0.109
171.5000     -29981.163   -29989.641        8.478   339.8     -0.109     -0.055     -0.949     -0.192      0.321      0.527
171.5500     -29981.336   -29989.902        8.566   343.4     -0.530     -0.229      0.122      0.179     -0.401     -0.380
171.6000     -29981.572   -29989.279        7.707   308.9      0.149     -0.263     -0.827     -0.277     -0.001     -0.114
171.6500     -29981.802   -29990.738        8.937   358.2     -0.354     -0.485      0.023     -0.177      0.366     -0.125
171.7000     -29981.838   -29990.148        8.310   333.1      0.136     -0.158      0.266      0.152      0.214      0.247
171.7500     -29982.106   -29990.184        8.078   323.8      0.378     -0.175     -0.396      0.005     -0.568     -0.070
171.8000     -29981.873   -29989.361        7.489   300.2     -0.850     -1.178      0.423      0.316      0.012      0.652
171.8500     -29981.623   -29989.236        7.614   305.2     -0.197     -0.175     -1.632     -0.165     -0.348     -0.004
171.9000     -29981.816   -29989.562        7.746   310.5      0.112     -1.198     -1.016     -0.306     -0.264     -0.103
171.9500     -29982.419   -29989.646        7.227   289.7     -0.523     -1.041     -0.397      0.091     -0.028     -0.264
172.0000     -29982.651   -29989.840        7.189   288.2      0.058     -0.046     -0.060     -0.030     -0.426     -0.545
172.0500     -29982.230   -29990.146        7.916   317.3     -0.061     -0.006     -0.044      0.215      0.267      0.210
172.1000     -29982.070   -29989.650        7.581   303.9      0.227     -0.307     -0.603     -0.244     -0.065      0.149
172.1500     -29982.001   -29989.656        7.655   306.9     -1.374      1.191     -0.181      0.529     -0.360     -0.123
172.2000     -29981.348   -29989.943        8.595   344.5      0.344     -0.262     -0.184     -0.155      0.281     -0.312
172.2500     -29981.329   -29989.375        8.046   322.5      0.134      0.264     -0.337     -0.535      0.249      0.601
172.3000     -29980.351   -29989.721        9.370   375.6     -0.418     -0.210      0.202     -0.044     -0.246     -0.573
172.3500     -29980.519   -29989.055        8.536   342.2     -0.115     -0.120     -0.388      0.013      0.034     -0.250
172.4000     -29981.139   -29988.668        7.529   301.8     -0.352      0.404      0.662      0.299     -0.901     -0.539
172.4500     -29981.390   -29989.281        7.891   316.3      0.201     -0.372     -0.515     -0.220      0.403      0.533
172.5000     -29981.390   -29989.439        8.050   322.7      0.325     -0.080     -1.073     -0.283     -0.185     -0.576
172.5500     -29981.904   -29988.957        7.053   282.7     -0.037     -0.074     -0.418      0.484      0.283      0.032
172.6000     -29981.092   -29989.041        7.949   318.6      0.254      1.233      0.029      0.217     -0.180      0.198
172.6500     -29981.402   -29988.617        7.215   289.2     -0.307      0.136     -0.396     -0.140      0.314     -0.332
172.7000     -29980.899   -29988.736        7.837   314.2     -0.394     -0.773     -0.419      0.301     -0.693      0.494
172.7500     -29980.447   -29989.863        9.417   377.5     -0.448     -0.943      0.351     -0.182     -0.130      0.165
172.8000     -29981.109   -29989.086        7.977   319.7     -1.236     -0.651     -0.990      0.234     -0.228     -0.764
172.8500     -29981.499   -29989.453        7.954   318.8     -0.805     -1.178     -1.103     -0.363     -0.531     -0.472
172.9000     -29981.664   -29989.783        8.119   325.5     -0.943     -0.114     -0.781     -0.013      0.624      0.229
172.9500     -29981.735   -29989.682        7.946   318.5      0.550      0.062      0.210      0.033     -0.254     -0.278
173.0000     -29981.586   -29989.166        7.580   303.8     -0.930     -0.943     -0.426      0.416      0.377      0.111
173.0500     -29981.177   -29988.938        7.761   311.1     -0.097      0.052     -0.608     -0.376     -0.301      0.059
173.1000     -29981.118   -29989.105        7.988   320.2      0.761      0.385      0.671     -0.001      0.174      0.083
173.1500     -29981.417   -29989.432        8.014   321.3     -0.277     -0.024      0.231     -0.014     -0.018     -0.139
173.2000     -29981.480   -29989.494        8.014   321.2     -0.584     -1.386     -0.139     -0.139      0.346      0.371
173.2500     -29981.343   -29989.230        7.887   316.2     -0.507     -0.180      0.035     -0.008      0.126      0.033
173.3000     -29981.173   -29989.178        8.005   320.9      0.598     -0.096      0.630      0.782     -0.400      0.290
173.3500     -29981.042   -29989.740        8.698   348.7      0.026     -0.026     -0.761     -0.085     -0.036     -0.008
173.4000     -29980.683   -29989.250        8.567   343.4      0.334      0.111      0.303     -0.267     -0.250     -0.482
173.4500     -29980.958   -29988.730        7.773   311.6     -0.542     -0.234      0.058      0.233      0.874      0.023
173.5000     -29980.701   -29989.314        8.613   345.3     -0.217     -0.242     -0.139     -0.212     -0.238      0.161
173.5500     -29980.459   -29989.621        9.163   367.3     -0.371     -0.151     -0.730      0.404      0.050      0.239
173.6000     -29981.249   -29988.994        7.745   310.5     -0.948     -0.551     -0.774      0.059     -0.058      0.015
173.6500     -29981.050   -29988.664        7.614   305.2     -0.453     -0.485     -1.144      0.100      0.177      0.654
173.7000     -29981.110   -29988.951        7.841   314.3      0.096     -0.053      0.128     -0.225     -0.277      0.816
173.7500     -29980.837   -29989.488        8.651   346.8     -0.121     -0.473     -0.112     -0.401      0.490      0.059
173.8000     -29980.723   -29989.715        8.992   360.4     -0.052      0.621     -0.748      0.500     -0.026     -0.136
173.8500     -29980.191   -29989.145        8.954   358.9     -1.089     -1.745     -0.102     -0.406      0.264     -0.135
173.9000     -29980.811   -29988.289        7.478   299.7     -0.321      0.388     -0.065      0.316      0.285     -0.176
173.9500     -29980.446   -29988.438        7.991   320.3     -0.446     -1.342     -0.831     -0.302     -0.058     -0.203
174.0000     -29980.606   -29989.066        8.461   339.1     -0.116     -0.319     -1.193      0.342     -0.076      0.407
174.0500     -29980.989   -29989.420        8.431   338.0     -1.285     -0.652     -0.867     -0.069      0.042     -0.159
174.1000     -29980.820   -29989.590        8.769   351.5     -0.241     -0.645     -0.194     -0.267     -0.309      0.035
174.1500     -29980.807   -29988.795        7.988   320.2     -1.025     -0.414     -1.138      0.197     -0.355      0.569
174.2000     -29981.207   -29988.652        7.445   298.4      0.013     -0.160     -0.919      0.077      0.131     -0.645
174.2500     -29981.285   -29988.375        7.090   284.2     -0.116      0.037     -0.239     -0.214      0.233      0.311
174.3000     -29981.377   -29989.045        7.668   307.4     -0.147     -0.904     -0.909     -0.263      0.264     -0.507
174.3500     -29981.591   -29989.537        7.946   318.5      0.254      0.209     -0.747      0.174     -0.197     -0.160
174.4000     -29981.482   -29989.527        8.046   322.5     -0.662     -0.322     -0.735     -0.381      0.570     -0.105
174.4500     -29981.642   -29989.898        8.257   331.0     -0.010     -0.201     -0.609      0.257     -0.116      0.036
174.5000     -29981.509   -29989.709        8.200   328.7     -0.697     -0.393      0.024      0.258      0.188      0.160
174.5500     -29981.407   -29989.443        8.037   322.2     -0.725     -0.034     -1.066     -0.037     -0.267      0.083
174.6000     -29981.384   -29989.723        8.338   334.2     -0.108     -0.848     -1.002     -0.327      0.196     -0.403
174.6500     -29981.166   -29989.264        8.097   324.6     -0.561     -0.129     -0.511      0.059     -0.015      0.453
174.7000     -29981.270   -29989.020        7.749   310.6      0.538     -1.794     -0.422      0.092     -0.742      0.508
174.7500     -29981.169   -29988.781        7.612   305.1     -0.482      0.412     -0.375     -0.056      0.274     -0.716
174.8000     -29980.379   -29988.594        8.214   329.3     -0.657     -0.693      0.177      0.762     -0.074      0.482
174.8500     -29980.182   -29989.264        9.081   364.0     -0.810     -0.154     -0.449      0.106     -0.689     -0.031
174.9000     -29980.098   -29988.873        8.775   351.7      0.666      0.888     -0.645      0.223     -0.364      0.141
174.9500     -29980.211   -29988.572        8.361   335.2     -1.533     -0.623     -0.909      0.181      0.215     -0.397
175.0000     -29980.851   -29989.154        8.303   332.8      0.247     -0.150     -0.025      0.154      0.155      0.072
175.0500     -29980.776   -29989.082        8.306   333.0     -0.912     -0.457     -0.660     -0.666      0.384      0.183
175.1000     -29980.776   -29989.123        8.347   334.6     -0.985     -0.125     -0.982      0.182      0.345     -0.206
175.1500     -29980.902   -29989.109        8.207   329.0     -1.198     -0.976     -0.543     -0.253      0.188     -0.171
175.2000     -29980.940   -29989.568        8.629   345.9     -0.822     -1.048     -2.334     -0.138      0.365      0.626
175.2500     -29981.002   -29989.119        8.117   325.4     -0.568     -1.313     -0.922      0.393      0.142     -0.349
175.3000     -29980.817   -29988.807        7.989   320.3     -0.962      0.522      0.727     -0.313     -0.360      0.083
175.3500     -29980.297   -29988.752        8.455   338.9      0.088     -0.073     -0.416      0.602      0.696      0.028
175.4000     -29980.155   -29989.090        8.935   358.2     -1.050     -0.571     -0.495      0.145     -0.080     -0.280
175.4500     -29979.920   -29988.646        8.727   349.8      0.225     -0.213      0.024     -0.162      0.261      0.074
175.5000     -29980.160   -29988.449        8.289   332.3     -0.766     -1.549     -1.142     -0.068     -0.259      0.088
175.5500     -29980.378   -29988.492        8.114   325.2     -2.373     -0.835     -1.984      0.180      0.039     -0.463
175.6000     -29980.570   -29989.227        8.657   347.0      0.283     -0.389     -0.705     -0.423     -0.283     -0.446
175.6500     -29981.276   -29989.312        8.037   322.1      0.455      0.149     -0.421      0.252      0.131     -0.378
175.7000     -29981.072   -29989.270        8.197   328.6     -0.158     -0.883     -0.903     -0.227     -0.408      0.421
175.7500     -29980.728   -29988.789        8.061   323.1      0.774      0.158     -0.012     -0.305      0.486      0.251
175.8000     -29980.645   -29988.385        7.739   310.2     -0.502      0.213      0.317     -0.249      0.046     -0.040
175.8500     -29980.541   -29988.477        7.935   318.1     -0.959     -0.488     -0.838      0.167     -0.431      0.796
175.9000     -29981.237   -29989.430        8.192   328.4      0.275     -0.268      0.146     -0.261     -0.031     -0.426
175.9500     -29980.723   -29988.992        8.269   331.5      0.149     -0.225     -0.630     -0.332      0.098      0.315
176.0000     -29980.790   -29989.082        8.292   332.4     -0.134      0.472     -0.672      0.505      0.147      0.137
176.0500     -29980.808   -29988.271        7.463   299.2     -0.953     -0.270     -1.037      0.536     -0.027     -0.265
176.1000     -29980.720   -29988.867        8.147   326.6      0.731      0.170     -0.022     -0.332      0.373     -0.356
176.1500     -29980.746   -29988.818        8.073   323.6      0.470      0.321      0.087      0.324     -0.229      0.571
176.2000     -29980.730   -29988.383        7.653   306.8      0.162      0.005     -1.113     -0.134     -0.190      0.319
176.2500     -29980.348   -29988.600        8.252   330.8     -0.009      0.275     -0.842     -0.207      0.172     -0.673
176.3000     -29979.580   -29987.971        8.391   336.3      0.248     -0.566      0.078     -0.197     -0.054     -0.237
176.3500     -29978.980   -29987.352        8.372   335.6     -0.907     -0.045     -1.371     -0.290      0.227      0.225
176.4000     -29979.059   -29987.404        8.345   334.5     -1.093     -1.201     -0.689      0.015      0.654     -0.517
176.4500     -29979.266   -29987.572        8.306   332.9     -0.807     -0.873     -0.989      0.678     -0.725      0.366
176.5000     -29979.538   -29988.473        8.935   358.1     -0.009     -0.815     -0.059      0.046      0.682      0.337
176.5500     -29979.182   -29987.592        8.410   337.1     -0.506      0.972     -0.341     -0.423      0.254     -0.213
176.6000     -29979.428   -29987.139        7.711   309.1      0.134      0.366     -0.239      0.010     -0.112     -0.193
176.6500     -29980.181   -29987.740        7.559   303.0     -1.187     -1.059     -0.700     -0.376     -0.250      0.330
176.7000     -29979.592   -29988.576        8.984   360.1     -1.048     -1.061     -0.410     -0.001     -0.231     -0.149
176.7500     -29979.923   -29989.049        9.126   365.8     -0.050      0.385     -0.851      0.087      0.712      0.082
176.8000     -29979.956   -29989.340        9.384   376.1     -0.279     -0.864     -1.156      0.058     -0.333     -0.286
176.8500     -29980.991   -29989.213        8.221   329.6      0.091     -0.830     -0.777     -0.019     -0.368     -0.250
176.9000     -29980.860   -29989.156        8.296   332.6      0.987      0.000      0.546      0.001      0.573     -0.262
176.9500     -29980.455   -29988.547        8.092   324.4     -0.466     -0.515     -0.194     -0.396     -0.105      0.067
177.0000     -29980.930   -29988.619        7.689   308.2      0.852     -0.112      0.172      0.038     -0.396     -0.469
177.0500     -29980.578   -29988.719        8.141   326.3     -0.559      0.200     -0.391     -0.040      0.375     -0.679
177.1000     -29980.725   -29989.139        8.413   337.2      0.309     -0.449     -0.582      0.245      0.392      0.369
177.1500     -29980.596   -29988.521        7.926   317.7     -0.323      0.216     -0.719     -0.278      0.039     -0.906
177.2000     -29980.644   -29989.125        8.481   340.0     -0.169      0.552     -0.336     -0.427     -0.020     -0.292
177.2500     -29980.666   -29989.160        8.494   340.5     -0.802     -0.541     -0.644      0.014      0.071     -0.516
177.3000     -29980.476   -29988.617        8.141   326.3      0.283     -0.454     -0.266     -0.151      0.148     -0.476
177.3500     -29980.752   -29988.936        8.183   328.0     -1.189     -0.203     -0.988     -0.236      0.441      0.403
177.4000     -29981.064   -29988.381        7.317   293.3     -0.491     -0.295     -0.808      0.501     -0.033     -0.311
177.4500     -29980.756   -29989.010        8.254   330.9     -0.014     -0.362     -0.541     -0.534      0.002      0.335
177.5000     -29980.394   -29988.754        8.360   335.1     -1.184      0.478      0.017      0.122     -0.323     -0.076
177.5500     -29980.989   -29990.004        9.015   361.4      0.484     -0.696     -0.098      0.026      0.298      0.441
177.6000     -29980.751   -29989.268        8.517   341.4     -0.449      0.489     -0.266      0.558     -0.202     -0.348
177.6500     -29980.344   -29989.037        8.693   348.4     -0.295      0.888      0.006     -0.574     -0.069     -0.146
177.7000     -29980.034   -29988.234        8.201   328.7     -0.722     -0.566     -0.442     -0.021     -0.572     -0.134
177.7500     -29979.535   -29987.695        8.160   327.1     -0.584      0.438     -0.885      0.325      0.209     -0.049
177.8000     -29979.354   -29988.879        9.524   381.8     -0.159     -0.254     -0.815     -0.607      0.018     -0.170
177.8500     -29979.620   -29988.451        8.832   354.0     -1.240     -0.716     -0.660      0.587     -0.041     -0.231
177.9000     -29979.706   -29988.609        8.903   356.9     -0.687     -1.061     -1.021      0.214     -0.194     -0.492
177.9500     -29979.934   -29988.344        8.410   337.1     -0.907      0.178     -0.052      0.125      0.119      0.222
178.0000     -29979.389   -29987.883        8.494   340.5      0.557     -0.576     -0.563      0.052     -0.022     -0.002
178.0500     -29979.845   -29988.209        8.364   335.3     -0.630      0.714     -0.758     -0.067      0.277      0.514
178.1000     -29980.120   -29988.541        8.421   337.6     -0.634     -1.052     -0.908     -0.653      0.017     -0.287
178.1500     -29980.323   -29988.307        7.984   320.0     -0.836      0.450     -0.866     -0.297      0.336      0.287
178.2000     -29980.316   -29988.516        8.200   328.7     -0.570      0.002     -0.423     -0.077     -0.651     -0.245
178.2500     -29980.479   -29988.867        8.389   336.3     -0.359     -0.592      0.240      0.268      0.109     -0.095
178.3000     -29980.748   -29988.516        7.768   311.4     -0.711      0.443      0.418     -0.336     -0.193      0.050
178.3500     -29980.956   -29988.668        7.712   309.1     -0.818     -0.229     -0.131      0.760      0.358      0.194
178.4000     -29980.860   -29988.904        8.045   322.5     -0.758      0.458      0.143     -0.042     -0.105      0.462
178.4500     -29980.519   -29988.627        8.108   325.0     -0.654      0.918      1.103     -0.162      0.051     -0.135
178.5000     -29980.457   -29988.697        8.240   330.3     -0.370     -0.305     -0.834      0.500      0.255     -0.069
178.5500     -29980.916   -29989.021        8.105   324.9     -0.659     -0.865     -0.848      1.006      0.459      0.078
178.6000     -29981.399   -29989.930        8.531   341.9     -0.732     -0.052     -1.020     -0.773     -0.034      0.026
178.6500     -29981.314   -29988.928        7.614   305.2     -1.631     -0.614     -0.699      0.327      0.738     -0.078
178.7000     -29980.922   -29988.988        8.067   323.3     -0.842     -1.020     -2.225     -0.369     -0.056     -0.009
178.7500     -29980.456   -29988.799        8.343   334.4      0.190     -0.233      1.031      0.249     -0.018      0.301
178.8000     -29980.329   -29988.203        7.874   315.6     -1.531     -0.391     -0.024     -0.099     -0.161     -0.350
178.8500     -29980.432   -29989.004        8.572   343.6      0.056      0.660      0.682     -0.204     -0.264      0.262
178.9000     -29980.699   -29988.959        8.260   331.1      0.498      0.684     -0.190     -0.061      0.445     -0.098
178.9500     -29981.583   -29989.914        8.331   333.9     -0.011     -0.697     -0.901      0.195     -0.017      0.474
179.0000     -29981.806   -29989.322        7.517   301.3     -0.798     -0.392      0.309      0.003     -0.261     -0.625
179.0500     -29982.167   -29989.672        7.505   300.8      0.417      0.742      0.308      0.128     -0.140      0.624
179.1000     -29982.059   -29989.281        7.222   289.5      0.023     -0.186      0.499      0.365      0.270     -0.042
179.1500     -29981.551   -29989.508        7.957   318.9     -0.023      0.656      0.585     -0.178     -0.450      0.342
179.2000     -29981.199   -29989.107        7.909   317.0     -0.111     -0.703     -0.397      0.414     -0.004      0.318
179.2500     -29980.854   -29988.611        7.757   311.0     -0.453      0.466     -0.241      0.212      0.194     -0.325
179.3000     -29981.143   -29989.234        8.092   324.4     -0.324     -0.364     -0.002     -0.523     -0.491     -0.018
179.3500     -29980.790   -29989.100        8.309   333.1     -0.541     -0.596     -0.763      0.205      0.462      0.414
179.4000     -29980.699   -29989.225        8.526   341.8     -0.375     -0.887      0.057     -0.899      0.133     -0.246
179.4500     -29981.002   -29989.172        8.169   327.5      0.081     -0.826     -0.470      0.744     -0.028      0.441
179.5000     -29981.084   -29989.152        8.068   323.4     -0.586     -0.423      0.183     -0.220      0.158      0.064
179.5500     -29980.331   -29988.783        8.452   338.8      0.623      0.370     -0.715     -0.377     -0.221     -0.675
179.6000     -29980.145   -29989.072        8.928   357.9      0.433      0.191      0.123     -0.488     -0.051      0.075
179.6500     -29980.563   -29989.107        8.544   342.5     -0.717      0.666     -0.140     -0.351     -0.487     -0.077
179.7000     -29981.235   -29989.303        8.068   323.4     -0.526     -0.237     -0.076      0.283     -0.067      0.171
179.7500     -29981.090   -29989.021        7.932   317.9     -0.346     -0.294     -0.283      0.414     -0.211     -0.208
179.8000     -29980.525   -29988.936        8.410   337.1     -1.485     -1.039     -0.347      0.566     -0.084      0.161
179.8500     -29979.948   -29988.334        8.386   336.2     -0.715     -0.340     -0.203     -0.240      0.176     -0.175
179.9000     -29980.187   -29988.461        8.274   331.6     -0.798     -0.487     -0.799     -0.216      0.253      0.021
179.9500     -29979.618   -29988.326        8.708   349.1     -0.026     -0.409      0.247      0.037     -0.281      0.441
180.0000     -29979.470   -29988.465        8.995   360.5     -1.011     -0.519     -1.286      0.262     -0.730     -0.474
180.0500     -29979.841   -29989.191        9.350   374.8     -0.126     -2.437     -1.607      0.020      0.165     -0.331
180.1000     -29979.835   -29988.826        8.992   360.4     -0.399     -0.750     -0.213     -0.039     -0.519      0.457
180.1500     -29979.926   -29988.371        8.445   338.5     -1.239     -1.088     -0.527     -0.063      0.232     -0.345
180.2000     -29979.761   -29988.717        8.956   359.0      0.039     -0.221      0.496      0.538     -0.613      0.307
180.2500     -29980.164   -29988.564        8.401   336.7      0.885     -0.284      0.022     -0.264     -0.388      0.045
180.3000     -29980.735   -29989.168        8.433   338.0     -0.570     -0.250     -0.449      0.057      0.623      0.636
180.3500     -29981.353   -29990.164        8.811   353.2      0.027     -0.135     -0.321      0.391     -0.052     -0.384
180.4000     -29981.483   -29989.914        8.431   338.0     -0.632     -0.643      0.112      0.018      0.477     -0.041
180.4500     -29981.124   -29989.416        8.292   332.4     -0.588     -0.498     -0.710     -0.136      0.134     -0.560
180.5000     -29981.735   -29989.906        8.172   327.6      0.240     -0.855      0.666      0.405      0.226      0.376
180.5500     -29981.550   -29989.682        8.132   326.0     -0.305     -0.629     -0.847      0.327      0.188      0.112
180.6000     -29981.572   -29990.074        8.502   340.8     -0.291     -0.767     -0.050     -0.049     -0.136      0.030
180.6500     -29981.909   -29990.279        8.371   335.5     -0.378      0.082      0.218      0.072     -0.325      0.452
180.7000     -29981.729   -29989.973        8.244   330.5     -0.199     -0.033      0.228      0.224     -0.106      0.390
180.7500     -29981.519   -29990.062        8.543   342.5     -0.126     -1.165     -0.438     -0.002      0.120      0.628
180.8000     -29982.107   -29990.117        8.010   321.1     -1.198      0.109     -0.902     -0.304      0.357     -0.252
180.8500     -29981.353   -29990.061        8.708   349.1     -0.377     -1.506     -1.001      0.436     -0.300     -0.505
180.9000     -29981.145   -29989.283        8.138   326.2     -0.568     -0.753     -1.143     -0.671     -0.082      0.048
180.9500     -29981.500   -29989.312        7.812   313.1      0.274     -0.827     -0.988      0.015      0.651     -0.052
181.0000     -29981.256   -29989.510        8.254   330.9     -0.574     -1.273     -0.880      0.152     -0.172     -0.347
181.0500     -29981.047   -29989.861        8.814   353.3     -0.207     -0.703      0.266      0.267     -0.112      0.265
181.1000     -29981.118   -29989.670        8.552   342.8      0.757      0.152     -0.598     -0.448      0.221      0.324
181.1500     -29981.239   -29989.355        8.117   325.4      0.470      0.148      0.349      0.582      0.258      0.078
181.2000     -29981.721   -29990.018        8.297   332.6     -0.097     -0.580     -0.320     -0.436     -0.106     -0.332
181.2500     -29981.896   -29989.994        8.098   324.6      0.022      0.060     -0.746     -0.139      0.183     -0.347
181.3000     -29982.134   -29990.086        7.952   318.8     -0.196     -0.411     -0.057      0.194      0.420      0.130
181.3500     -29982.038   -29989.869        7.831   313.9     -1.133     -0.789     -0.972      0.178      0.474     -1.204
181.4000     -29981.840   -29989.516        7.676   307.7     -0.324     -1.460     -1.242      0.531     -0.334      0.698
181.4500     -29981.751   -29989.926        8.174   327.7      0.147     -0.163      0.496      0.336     -0.116     -0.347
181.5000     -29981.616   -29989.973        8.357   335.0     -1.104     -0.726     -1.759     -0.165      0.075      0.439
181.5500     -29981.492   -29989.666        8.174   327.7     -0.103     -0.361     -0.242      0.345      0.123     -0.525
181.6000     -29981.174   -29990.021        8.848   354.7     -0.796     -0.437     -0.902     -0.135      0.481     -0.027
181.6500     -29981.143   -29990.098        8.955   358.9      0.112     -0.843     -0.975     -0.059     -0.253      0.454
181.7000     -29981.103   -29989.758        8.654   346.9     -0.229      0.271      0.154     -0.129     -0.621     -0.293
181.7500     -29980.763   -29988.875        8.112   325.2     -0.758     -0.267     -0.445      0.353      0.067      0.304
181.8000     -29980.960   -29989.227        8.267   331.4     -0.506      0.326     -0.233     -0.167     -0.401      0.217
181.8500     -29980.714   -29989.393        8.679   347.9     -0.431     -0.642     -0.025     -0.184     -0.872     -0.201
181.9000     -29980.710   -29989.920        9.210   369.2      0.322     -0.925      0.467      0.420     -0.317     -0.097
181.9500     -29980.163   -29989.404        9.241   370.4      0.040      0.287     -0.401      0.077     -0.405     -0.053
182.0000     -29980.090   -29988.820        8.730   349.9     -0.681     -1.396     -1.552      0.566     -0.385      1.002
182.0500     -29980.360   -29987.789        7.429   297.8     -0.063     -0.357     -2.163     -0.336     -0.767      0.075
182.1000     -29980.778   -29989.326        8.548   342.6     -0.675     -1.043     -0.297      0.869      0.011      0.688
182.1500     -29981.051   -29989.885        8.834   354.1     -0.814     -1.173      0.022     -0.408     -0.141      0.019
182.2000     -29980.615   -29989.229        8.614   345.3      0.583      0.532     -0.220     -0.126      0.197      0.647
182.2500     -29980.458   -29989.629        9.171   367.6     -1.216     -1.012     -0.507     -0.296     -0.200     -0.240
182.3000     -29980.472   -29988.869        8.397   336.6     -0.086     -0.369     -0.414     -0.217      0.061      0.045
182.3500     -29980.706   -29988.666        7.960   319.1     -0.632     -1.146     -0.297     -0.150     -0.544     -0.560
182.4000     -29981.064   -29989.594        8.529   341.9     -0.539     -0.328     -0.846     -0.152     -0.374     -0.299
182.4500     -29980.927   -29988.594        7.666   307.3     -0.308     -0.521     -0.134     -0.952      0.281      0.276
182.5000     -29980.813   -29989.285        8.472   339.6     -1.060     -0.378     -0.324     -0.605     -0.116     -0.168
182.5500     -29980.613   -29989.164        8.551   342.8      0.380      0.676     -0.381      0.726     -0.565     -0.375
182.6000     -29980.252   -29988.176        7.923   317.6      0.230      0.182      0.595     -0.077     -0.573      0.100
182.6500     -29980.578   -29988.658        8.080   323.9     -0.821      0.147     -0.006     -0.232      0.338     -0.115
182.7000     -29980.861   -29988.775        7.915   317.3     -1.220     -1.539     -1.322     -0.383     -0.010     -0.300
182.7500     -29981.186   -29988.750        7.564   303.2     -0.664      0.376      0.611      0.167     -0.074      0.423
182.8000     -29981.223   -29989.629        8.406   337.0     -1.220      0.251     -0.082     -0.684     -0.176     -0.270
182.8500     -29981.012   -29989.676        8.664   347.3      0.274      0.353     -0.195      0.239     -0.178      0.464
182.9000     -29981.171   -29989.207        8.036   322.1     -0.104     -0.649     -1.161      0.301     -0.044     -0.337
182.9500     -29980.810   -29988.760        7.950   318.7      0.113      0.831     -0.286     -0.605     -0.199      0.636
183.0000     -29980.859   -29988.854        7.995   320.5      0.607     -0.807      0.484     -0.532     -0.152      0.647
183.0500     -29980.795   -29988.873        8.078   323.8     -0.787     -0.172     -0.906      0.771     -0.512     -0.244
183.1000     -29980.889   -29989.146        8.258   331.0     -0.143      0.686     -0.173     -0.316      0.560      0.100
183.1500     -29981.396   -29989.180        7.784   312.0      0.011     -1.394     -0.170     -0.477      0.395     -0.216
183.2000     -29981.419   -29989.363        7.944   318.4     -0.550      0.321     -0.653     -0.343      0.009     -0.317
183.2500     -29981.887   -29989.822        7.935   318.1     -0.690     -0.335     -0.284     -0.197      0.365      0.014
183.3000     -29981.323   -29989.180        7.856   314.9     -0.819     -0.677     -1.265     -0.283      0.258      0.423
183.3500     -29981.437   -29989.150        7.713   309.2      0.123     -0.024     -0.491      0.088     -0.301      0.417
183.4000     -29981.165   -29989.959        8.794   352.5     -0.024     -0.972     -0.733      0.031      0.150      0.081
183.4500     -29980.885   -29989.441        8.557   343.0     -0.488      0.582      0.209      0.220     -0.156     -0.169
183.5000     -29981.075   -29988.840        7.765   311.2     -0.529     -0.465     -1.796     -0.897      0.042     -0.097
183.5500     -29980.992   -29989.295        8.303   332.8     -0.667     -1.096     -0.351     -0.034     -0.146     -0.555
183.6000     -29980.769   -29989.312        8.544   342.5     -1.103     -0.125     -0.181      0.251      0.404     -0.301
183.6500     -29980.235   -29989.068        8.833   354.1     -0.458     -0.082     -0.050      0.076      0.119      0.796
183.7000     -29980.833   -29989.586        8.753   350.9     -0.954     -0.497     -1.539     -0.178      0.017      0.567
183.7500     -29980.591   -29989.393        8.802   352.8     -1.042     -0.046     -0.261      0.007      0.587      0.150
183.8000     -29981.121   -29989.203        8.083   324.0      0.043      0.352     -0.338      0.163     -0.299     -0.261
183.8500     -29981.538   -29989.646        8.108   325.0     -0.737     -1.630     -1.269     -0.381      0.391      0.103
183.9000     -29981.322   -29989.264        7.941   318.3     -0.252     -0.063      0.562      0.151      0.295      0.638
183.9500     -29981.372   -29989.221        7.849   314.6      0.047      0.146     -0.441      0.071      0.125     -0.058
184.0000     -29981.174   -29989.420        8.246   330.5      0.466      0.187     -0.091      0.131     -0.119      0.415
184.0500     -29981.413   -29989.648        8.236   330.1      0.323     -0.031     -0.104     -0.225      0.231     -0.060
184.1000     -29981.347   -29989.457        8.110   325.1     -0.374     -0.036     -0.569     -0.281      0.160     -0.293
184.1500     -29981.203   -29988.602        7.399   296.6      0.443      0.411      0.144     -0.025     -0.166     -0.138
184.2000     -29981.043   -29988.633        7.590   304.2      0.320      0.343      0.494      0.074      0.429     -0.495
184.2500     -29981.305   -29989.080        7.775   311.7     -0.031      0.236     -0.192     -0.013      0.143     -0.218
184.3000     -29980.731   -29988.686        7.955   318.9     -1.669     -1.181     -0.655     -0.090     -0.153      0.184
184.3500     -29980.429   -29988.822        8.393   336.4     -0.115      0.851      0.175     -0.320     -0.086     -0.092
184.4000     -29980.443   -29989.113        8.670   347.5     -1.225     -0.751     -0.429      0.384      0.045     -0.051
184.4500     -29980.263   -29988.914        8.651   346.8     -0.053      0.831     -0.342      0.251     -0.181      0.322
184.5000     -29979.536   -29988.613        9.077   363.9      0.423     -0.967     -0.041     -0.174      0.447     -0.512
184.5500     -29979.455   -29988.521        9.066   363.4     -1.736      0.016     -0.402     -0.669     -0.060      0.475
184.6000     -29980.070   -29988.324        8.254   330.9     -0.564     -1.036     -0.791      0.077      0.078      0.324
184.6500     -29979.929   -29988.541        8.612   345.2     -0.616     -0.070     -0.131     -0.606     -0.084     -0.097
184.7000     -29980.020   -29989.348        9.328   373.9      0.811     -0.510      0.387      0.302     -0.252      0.547
184.7500     -29980.077   -29988.895        8.817   353.4     -1.092     -0.310      0.076      0.489      0.092      0.659
184.8000     -29980.679   -29988.959        8.280   331.9     -0.463      0.226     -0.200     -0.132      0.595      0.064
184.8500     -29980.511   -29988.230        7.720   309.4      0.331      0.474     -0.265     -0.679     -0.606      0.036
184.9000     -29980.513   -29988.518        8.005   320.9     -0.090     -1.092     -0.078      0.355      0.204      0.114
184.9500     -29980.582   -29988.217        7.635   306.1      0.037     -0.048     -0.492     -0.506     -0.070     -0.248
185.0000     -29981.004   -29989.094        8.090   324.3      0.750      0.444      0.344     -0.008      0.358      0.381
185.0500     -29980.828   -29988.459        7.631   305.9      0.574     -0.098      0.214     -0.049      0.058     -0.310
185.1000     -29980.696   -29987.848        7.151   286.7     -0.467     -0.512     -0.871     -0.092     -0.270      0.110
185.1500     -29980.633   -29988.756        8.123   325.6     -0.222     -0.359     -0.444     -0.206      0.370      0.187
185.2000     -29980.450   -29989.000        8.550   342.7     -0.675     -1.072     -1.088      0.147      0.390      0.069
185.2500     -29980.494   -29988.875        8.381   336.0     -0.030      0.062     -0.005     -0.077     -0.063      0.444
185.3000     -29980.382   -29988.662        8.280   331.9      1.054      0.675     -0.539      0.197     -0.125     -0.238
185.3500     -29979.989   -29988.076        8.087   324.2     -0.534     -0.050      0.348     -0.076      0.524     -0.183
185.4000     -29979.903   -29988.324        8.421   337.5     -0.074      0.212     -1.399      0.316     -0.284      0.073
185.4500     -29979.085   -29988.574        9.489   380.4     -0.376     -0.220     -0.582     -0.001      0.025      0.273
185.5000     -29979.835   -29987.834        7.999   320.7     -0.627      0.272     -1.435      0.256      0.907     -0.295
185.5500     -29979.822   -29987.482        7.660   307.1     -0.058     -1.054     -0.064      0.269     -0.842      0.956
185.6000     -29979.696   -29987.674        7.978   319.8      0.876      0.160     -0.099     -0.644      0.501     -0.026
185.6500     -29979.452   -29988.121        8.669   347.5      0.600     -0.727      0.306      0.447      0.541      0.403
185.7000     -29978.874   -29987.188        8.314   333.2     -1.501     -0.794     -0.233     -0.216     -0.084     -0.231
185.7500     -29979.481   -29988.010        8.529   341.9     -0.802     -0.824     -0.093     -0.532     -0.268      0.144
185.8000     -29979.264   -29987.756        8.492   340.4     -0.419     -0.746      0.146     -0.624     -0.071     -0.681
185.8500     -29979.013   -29988.008        8.995   360.5     -0.268      0.010     -0.723      0.324     -0.360     -0.500
185.9000     -29979.049   -29988.332        9.283   372.1     -0.088      0.417      0.236     -0.008      0.134     -0.250
185.9500     -29978.915   -29987.457        8.542   342.4     -0.241      1.017      0.359     -0.173     -0.032     -0.670
186.0000     -29979.297   -29987.680        8.383   336.0     -0.620     -1.042     -0.642      0.315      0.390      0.677
186.0500     -29979.574   -29987.871        8.297   332.6      0.607     -0.329     -1.296     -0.145     -0.102      0.155
186.1000     -29979.544   -29988.443        8.899   356.7      0.411     -0.738      0.538     -0.052      0.555     -0.093
186.1500     -29979.933   -29988.016        8.082   324.0     -0.084      0.350     -0.124      0.110      0.236     -0.328
186.2000     -29979.924   -29988.166        8.242   330.4     -0.586     -0.676      0.622     -0.057      0.026      0.313
186.2500     -29980.273   -29988.217        7.944   318.4     -0.241     -1.781     -0.844     -0.382      0.106      0.290
186.3000     -29980.815   -29989.191        8.377   335.8     -0.594     -0.887     -0.822     -0.175     -0.404     -0.199
186.3500     -29980.639   -29988.814        8.175   327.7     -0.351      0.084      0.282     -0.114      0.420      0.714
186.4000     -29980.598   -29988.842        8.244   330.5      0.227     -0.060     -0.006     -0.058     -0.235     -1.019
186.4500     -29980.337   -29988.287        7.950   318.7     -0.553      0.421     -0.404      0.197      0.377     -0.127
186.5000     -29980.336   -29988.381        8.045   322.5      0.247     -0.243     -0.113      0.156     -0.185     -0.063
186.5500     -29980.163   -29987.688        7.524   301.6     -0.885     -0.232     -1.396      0.103     -0.036      0.429
186.6000     -29979.969   -29988.158        8.189   328.2     -0.658      0.066      0.493     -0.200      0.269     -0.147
186.6500     -29980.042   -29988.248        8.206   329.0     -0.412     -0.421     -0.397      0.057      0.189     -0.066
186.7000     -29979.951   -29988.635        8.683   348.1     -0.489     -0.065     -0.244      0.066     -0.341      0.084
186.7500     -29980.177   -29988.746        8.569   343.5     -0.449     -0.084     -0.582     -0.223     -0.176      0.384
186.8000     -29979.941   -29988.365        8.424   337.7     -0.183      0.266      0.260      0.220     -0.542     -0.005
186.8500     -29979.775   -29988.184        8.409   337.1     -0.473      0.943      0.937     -0.257      0.652      0.526
186.9000     -29979.602   -29987.635        8.033   322.0     -0.764     -0.014     -1.507     -0.254      0.017     -0.511
186.9500     -29979.676   -29988.125        8.449   338.7      0.524      0.341      0.177     -0.453     -0.251      0.016
187.0000     -29979.554   -29988.729        9.174   367.7     -0.655     -0.177      0.537     -0.079     -0.268      0.638
187.0500     -29979.595   -29988.332        8.737   350.2     -0.319     -0.251      0.056     -0.569      0.589     -0.017
187.1000     -29979.696   -29988.248        8.553   342.8      0.391     -0.590      0.228     -0.376     -0.264      0.025
187.1500     -29979.637   -29987.928        8.291   332.3     -0.002     -0.242     -0.690     -0.063     -0.354      0.266
187.2000     -29979.964   -29988.486        8.522   341.6     -0.426     -0.284     -0.337      0.597      0.026      0.073
187.2500     -29980.413   -29988.559        8.145   326.5     -0.398     -1.271     -0.725     -0.163     -0.091      0.088
187.3000     -29979.883   -29988.389        8.505   340.9     -0.170     -0.408      0.314     -0.926     -0.026      0.557
187.3500     -29979.393   -29988.709        9.316   373.4     -0.159     -1.166     -0.528      0.268     -0.154      0.086
187.4000     -29979.096   -29987.443        8.348   334.6     -1.464     -0.396     -0.667     -0.034     -0.468      0.048
187.4500     -29979.079   -29987.572        8.493   340.5     -0.000      0.034     -0.825     -0.655     -0.313      0.128
187.5000     -29979.336   -29987.988        8.652   346.8      0.097      0.655      0.036     -0.031     -0.187     -0.461
187.5500     -29979.827   -29988.330        8.503   340.8     -0.363     -1.010     -0.579     -0.214      0.323      0.270
187.6000     -29979.757   -29987.084        7.327   293.7      0.446      0.626     -0.144     -0.657     -0.282     -0.430
187.6500     -29979.536   -29987.316        7.780   311.9     -0.092      0.448     -0.399     -0.346     -0.159      0.346
187.7000     -29979.604   -29988.133        8.528   341.9      0.326     -0.250      0.046     -0.081     -0.169     -0.037
187.7500     -29979.563   -29988.309        8.746   350.6     -0.874     -0.084      0.041      0.227      0.306     -0.208
187.8000     -29979.921   -29989.281        9.360   375.2     -0.531      0.004     -0.696     -0.276      0.152     -0.327
187.8500     -29980.020   -29988.807        8.787   352.2     -0.290     -0.878     -0.619     -0.078     -0.474     -0.172
187.9000     -29980.289   -29989.543        9.254   370.9     -0.407     -0.975     -0.302     -0.222      0.037      0.328
187.9500     -29980.629   -29988.754        8.125   325.7     -0.381      0.698     -0.408     -0.041      0.233      0.407
188.0000     -29981.099   -29988.574        7.476   299.7     -1.177     -0.948     -0.241      0.268     -0.235     -0.244
188.0500     -29981.597   -29989.215        7.618   305.4     -0.186      0.185     -0.500     -0.197     -0.063      0.495
188.1000     -29981.924   -29990.002        8.078   323.8     -0.444     -0.041     -0.295      0.177     -0.105     -0.272
188.1500     -29982.349   -29989.961        7.611   305.1     -0.265     -0.005     -0.648     -0.152      0.327      0.505
188.2000     -29982.189   -29988.826        6.637   266.0      0.157     -0.146      0.221     -0.663      0.273      0.349
188.2500     -29982.384   -29989.527        7.144   286.3      0.193     -1.092      0.656      0.422      0.172      0.384
188.3000     -29982.246   -29989.076        6.831   273.8     -0.879     -0.204     -0.723     -0.308      0.061     -0.063
188.3500     -29982.112   -29990.197        8.085   324.1     -0.444      0.495     -0.437      0.049      0.278      0.160
188.4000     -29982.162   -29989.252        7.090   284.2     -0.178     -1.766     -0.918      0.330     -0.424      0.059
188.4500     -29981.984   -29989.943        7.959   319.0     -1.012     -0.022     -1.228      0.134     -0.471      0.361
188.5000     -29982.371   -29990.105        7.735   310.0     -1.080     -0.978     -0.746      0.406     -0.275     -0.271
188.5500     -29981.651   -29989.441        7.790   312.3     -0.743      0.088     -0.396     -0.565     -0.024      0.195
188.6000     -29981.721   -29989.035        7.315   293.2     -0.849      0.058     -0.956      0.418     -0.017      0.002
188.6500     -29981.720   -29988.883        7.163   287.1     -0.499     -0.507     -0.093     -0.265     -0.075     -0.289
188.7000     -29981.436   -29988.582        7.146   286.5     -0.607     -1.431     -0.457      0.106     -0.342      0.411
188.7500     -29980.619   -29988.486        7.867   315.3     -0.625      0.028     -0.630     -0.226     -0.080      0.097
188.8000     -29980.941   -29988.357        7.417   297.3     -0.599     -0.073     -0.539      0.100     -0.384      0.004
188.8500     -29980.749   -29988.449        7.700   308.7     -0.877     -0.051     -0.038     -0.238      0.084      0.818
188.9000     -29980.272   -29988.537        8.265   331.3     -0.483     -1.504     -0.010      0.113     -0.285      0.295
188.9500     -29980.405   -29988.342        7.937   318.1     -1.486     -0.498     -1.125     -0.694      0.041      0.170
189.0000     -29980.141   -29987.828        7.687   308.1     -0.578     -0.062     -0.790      0.720      0.233     -0.297
189.0500     -29980.347   -29989.246        8.899   356.7      0.123      0.061     -1.002     -0.007     -0.165      0.779
189.1000     -29980.652   -29987.977        7.325   293.6      0.331      0.235      0.780     -0.109      0.538     -0.486
189.1500     -29980.418   -29988.232        7.815   313.2      0.525      0.340     -0.556      0.686      0.015      0.136
189.2000     -29980.500   -29988.572        8.072   323.6     -0.470     -0.517     -0.212      0.181     -0.065      0.426
189.2500     -29980.544   -29988.361        7.817   313.3     -0.707     -0.438     -0.733     -0.106     -0.378      0.307
189.3000     -29980.453   -29988.385        7.932   317.9     -0.326      0.331      0.179      0.165      0.045      0.274
189.3500     -29980.377   -29988.541        8.164   327.3     -0.433     -0.897     -0.238     -0.072      0.030     -0.101
189.4000     -29981.014   -29988.764        7.749   310.6      0.023     -0.423     -0.267      0.049      0.519     -0.262
189.4500     -29980.271   -29987.871        7.600   304.6     -0.223     -0.996     -0.296     -0.205     -0.233      0.219
189.5000     -29980.499   -29988.168        7.669   307.4     -0.019      0.172      0.727      0.003      0.149     -0.158
189.5500     -29980.522   -29988.215        7.693   308.4     -1.044     -0.546     -0.691     -0.242     -0.041      0.121
189.6000     -29980.478   -29988.309        7.831   313.9     -0.431      0.573     -0.242      0.071      0.387     -0.212
189.6500     -29980.627   -29988.238        7.611   305.1      0.323      0.562      0.109      0.010     -0.269      0.249
189.7000     -29980.945   -29989.219        8.273   331.6     -0.554     -0.035     -1.016      0.772     -0.134      0.453
189.7500     -29980.141   -29988.623        8.482   340.0     -0.320     -0.426      0.453     -0.282      0.315      0.117
189.8000     -29980.648   -29988.566        7.918   317.4     -0.871     -0.759     -0.799      0.289     -0.446      0.321
189.8500     -29981.337   -29989.340        8.003   320.8     -0.636      0.544     -0.628     -0.180      0.416     -0.760
189.9000     -29981.463   -29989.150        7.687   308.1     -0.096     -0.060      0.106     -0.051     -0.252     -0.699
189.9500     -29981.064   -29988.826        7.763   311.2      0.174      0.863      0.061     -0.392      0.216      0.286
190.0000     -29980.695   -29988.303        7.608   305.0      0.500     -0.492     -0.133      0.427     -0.017     -0.293
190.0500     -29980.510   -29988.826        8.316   333.3     -0.355      0.086      0.392     -0.153     -0.018      0.546
190.1000     -29980.271   -29988.312        8.042   322.3      0.389      0.105     -0.116      0.109      0.237     -0.376
190.1500     -29980.167   -29988.539        8.372   335.6      0.417      0.528      0.232     -0.389     -0.013      0.293
190.2000     -29980.722   -29988.773        8.052   322.7     -0.406     -0.290      0.061      0.285      0.621      0.219
190.2500     -29980.306   -29989.014        8.708   349.0     -2.392     -1.034     -0.709     -0.092      0.144     -0.555
190.3000     -29980.289   -29988.840        8.550   342.7     -0.375     -0.629     -0.656      0.072      0.157      0.139
190.3500     -29980.175   -29988.170        7.995   320.5      0.043      0.148     -0.183     -0.043     -0.260     -0.134
190.4000     -29980.171   -29988.492        8.321   333.6     -0.335      0.138     -0.476      0.463      0.007      0.511
190.4500     -29980.320   -29988.836        8.516   341.3      0.098      0.652     -0.557      0.182      0.035      0.130
190.5000     -29980.041   -29988.406        8.365   335.3      0.077      0.133      0.581     -0.181      0.082     -0.458
190.5500     -29980.022   -29989.010        8.987   360.3     -0.115     -0.430      0.670     -0.063      0.228     -0.048
190.6000     -29980.335   -29988.318        7.984   320.0     -0.681     -0.405     -0.794      0.407     -0.344     -0.445
190.6500     -29980.230   -29988.207        7.977   319.7     -0.654     -1.320      0.096      0.121      0.225      0.360
190.7000     -29980.714   -29988.986        8.273   331.6     -1.142      0.076     -0.835      0.172     -0.203     -0.027
190.7500     -29980.653   -29989.043        8.390   336.3      0.376      0.116      0.783      0.603     -0.518     -0.267
190.8000     -29980.684   -29988.928        8.243   330.4     -0.258     -0.671     -0.182     -0.659      0.199     -0.542
190.8500     -29981.025   -29989.398        8.373   335.6     -0.180     -0.644     -0.865     -0.068     -0.116     -0.055
190.9000     -29980.797   -29989.662        8.866   355.4     -0.551     -0.394     -0.964     -0.325     -0.376      0.514
190.9500     -29981.191   -29988.922        7.730   309.9      0.217      0.348     -0.305      0.650      0.642     -0.242
191.0000     -29981.013   -29989.180        8.167   327.4     -0.495      0.479      0.893     -0.478      0.205     -0.291
191.0500     -29981.581   -29989.406        7.826   313.7     -0.807      0.039      1.020     -0.073      0.226     -0.377
191.1000     -29981.062   -29988.803        7.741   310.3     -0.333     -0.243     -0.267     -0.229      0.570      0.548
191.1500     -29981.453   -29989.391        7.938   318.2     -0.399      0.056      0.016      0.758     -0.254     -0.417
191.2000     -29981.166   -29989.701        8.536   342.1     -0.655     -1.097     -0.110      0.049      0.216     -0.013
191.2500     -29980.788   -29990.172        9.384   376.1     -0.322      0.068     -0.231     -0.014     -0.089     -0.335
191.3000     -29981.429   -29988.781        7.352   294.7     -0.659     -0.866      0.184      0.298     -0.087      0.373
191.3500     -29981.453   -29989.211        7.758   311.0      0.121      0.807     -0.046      0.156     -0.304      0.190
191.4000     -29981.044   -29988.789        7.745   310.5     -0.819     -0.658      0.738     -0.135     -0.064     -0.299
191.4500     -29981.159   -29988.812        7.654   306.8      0.554     -0.676     -0.460      0.193      0.417      0.543
191.5000     -29981.349   -29989.143        7.794   312.4     -0.706      0.160      0.479      0.174     -0.398      0.379
191.5500     -29981.343   -29989.188        7.844   314.4     -0.941     -0.154     -0.801     -0.072     -0.373      0.158
191.6000     -29981.126   -29988.643        7.517   301.3     -0.235     -0.744      0.294     -0.386     -0.122      0.053
191.6500     -29980.990   -29989.072        8.082   324.0      0.012      1.128      0.755     -0.160     -0.147      0.263
191.7000     -29980.696   -29988.533        7.837   314.1      0.740      0.426     -0.022     -0.056     -0.191     -0.484
191.7500     -29980.684   -29988.643        7.959   319.0     -0.011     -0.180     -0.362     -0.276     -0.071      0.440
191.8000     -29980.592   -29989.123        8.531   342.0     -1.406     -0.685      0.875     -0.034     -0.423      0.405
191.8500     -29980.424   -29988.908        8.484   340.1     -0.104     -0.042     -0.606      0.393     -0.092     -0.192
191.9000     -29980.261   -29988.771        8.510   341.1     -0.267     -1.027     -1.116      0.410     -0.136      0.234
191.9500     -29980.424   -29989.045        8.620   345.5     -0.717      0.184     -1.131     -0.118     -0.500      0.215
192.0000     -29980.213   -29988.262        8.049   322.6     -0.246     -0.321     -0.003     -0.256     -0.355      0.267
192.0500     -29979.612   -29988.008        8.396   336.5     -0.054     -0.099     -0.452     -0.102      0.601      0.016
192.1000     -29979.888   -29989.275        9.387   376.3     -0.646     -0.029     -0.381     -0.120     -0.540      0.351
192.1500     -29980.212   -29988.887        8.675   347.7     -1.127     -0.341     -0.938      0.233     -0.146     -0.359
192.2000     -29979.954   -29988.559        8.605   344.9     -1.077     -1.392     -0.855     -0.096      0.031      0.457
192.2500     -29980.566   -29988.914        8.348   334.6     -0.837     -0.343     -0.542     -0.115     -0.672     -0.224
192.3000     -29980.820   -29989.320        8.501   340.8     -1.002      0.056     -0.757     -0.112     -0.334      0.105
192.3500     -29980.763   -29989.418        8.655   346.9     -1.008     -1.094     -1.081      0.591     -0.116      0.370
192.4000     -29980.764   -29989.160        8.396   336.6     -1.106     -1.044      0.224     -0.653      0.002      0.297
192.4500     -29980.703   -29989.082        8.379   335.9     -0.822     -1.921     -1.256      0.031     -0.115     -0.394
192.5000     -29980.810   -29989.551        8.741   350.4      0.040      0.095     -0.457      0.482      0.001      0.306
192.5500     -29980.600   -29988.879        8.279   331.9     -0.132     -0.185     -0.705      0.800      0.030      0.237
192.6000     -29980.826   -29989.930        9.104   364.9     -1.133      0.272      0.612     -0.423     -0.262     -0.091
192.6500     -29981.181   -29989.900        8.720   349.5      0.573      0.228     -0.003      0.065     -0.516      0.296
192.7000     -29980.920   -29989.580        8.660   347.1     -0.778     -0.549     -0.903     -0.594      0.399     -0.576
192.7500     -29980.807   -29988.859        8.053   322.8     -0.188     -0.488     -1.560      0.026     -0.218      0.317
192.8000     -29981.070   -29989.578        8.508   341.0     -0.829      0.281      0.089     -0.232     -0.567     -0.374
192.8500     -29981.865   -29989.086        7.221   289.5      0.277     -0.392     -0.280     -0.256      0.181     -0.148
192.9000     -29981.530   -29989.438        7.908   317.0      0.540     -0.372     -0.595      0.260     -0.167      0.294
192.9500     -29981.272   -29989.658        8.386   336.2     -1.029      0.520     -0.548     -0.229     -0.237      0.068
193.0000     -29981.381   -29989.795        8.414   337.3     -0.503     -0.791      0.399     -0.351     -0.135     -0.555
193.0500     -29981.018   -29990.092        9.073   363.7      0.235      0.008     -0.251     -0.238      0.256     -0.175
193.1000     -29981.200   -29989.490        8.290   332.3     -0.653     -0.252     -0.280     -0.438      0.127     -0.097
193.1500     -29980.540   -29989.273        8.733   350.1      0.361     -0.799     -0.381     -0.198      0.179     -0.097
193.2000     -29980.547   -29988.922        8.375   335.7     -0.589     -1.243     -0.693      0.125     -0.105      0.018
193.2500     -29981.151   -29989.045        7.893   316.4     -0.912     -0.638     -0.087     -0.539      0.229      0.333
193.3000     -29981.428   -29989.604        8.175   327.7     -1.019     -0.316     -0.971     -0.303      0.012      0.430
193.3500     -29981.802   -29989.723        7.921   317.5     -0.432      0.007     -0.269     -0.288      0.228      0.129
193.4000     -29980.975   -29988.947        7.973   319.6      0.730      0.561     -1.116     -0.112     -0.139     -0.310
193.4500     -29981.142   -29989.658        8.516   341.4      0.580     -0.677     -0.249      0.132      0.248      0.547
193.5000     -29981.472   -29989.814        8.342   334.4     -0.556      0.056      0.270     -0.161     -0.175     -0.557
193.5500     -29981.342   -29989.037        7.695   308.5      0.739      0.682      0.847     -0.093     -0.364     -0.438
193.6000     -29981.139   -29989.053        7.914   317.2     -0.071      0.099     -0.248      0.825      0.029     -0.420
193.6500     -29981.045   -29988.525        7.481   299.9     -0.858     -0.540     -0.228      0.092     -0.069     -0.324
193.7000     -29981.385   -29989.191        7.807   312.9      0.214     -0.664     -0.360     -0.279      0.652      0.101
193.7500     -29981.427   -29988.902        7.475   299.6     -0.396     -0.229     -0.301     -0.168     -0.711     -0.150
193.8000     -29981.986   -29988.539        6.553   262.7     -0.725      0.039     -0.665      0.570     -0.258     -0.292
193.8500     -29982.119   -29989.240        7.121   285.4     -0.932     -0.490     -1.116     -0.131     -0.191     -0.201
193.9000     -29981.880   -29988.930        7.050   282.6     -0.271     -0.703     -0.634     -0.089     -0.550      0.393
193.9500     -29981.494   -29989.236        7.742   310.3     -0.638     -0.526     -0.573      0.121     -0.372     -0.496
194.0000     -29981.481   -29989.178        7.697   308.5      0.022     -0.245      0.657      0.566     -0.150     -0.293
194.0500     -29981.489   -29989.891        8.402   336.8     -0.384      0.524     -0.680     -0.123     -0.340     -0.223
194.1000     -29981.121   -29989.193        8.072   323.6      0.143     -0.098     -0.938      0.578     -0.123     -0.146
194.1500     -29980.829   -29988.377        7.548   302.6     -1.129     -1.026      0.218     -0.267     -0.141     -0.071
194.2000     -29980.437   -29988.467        8.030   321.9     -1.112     -0.470     -0.115      0.499     -0.124     -0.157
194.2500     -29980.752   -29987.943        7.192   288.3     -1.125     -0.803     -0.295      0.164     -0.262      0.176
194.3000     -29980.683   -29988.311        7.627   305.7     -0.900     -0.604      0.276      0.137      0.423     -0.314
194.3500     -29980.869   -29988.371        7.502   300.7      1.045      0.022     -0.379      0.046     -0.317     -0.099
194.4000     -29980.367   -29988.105        7.738   310.2     -0.477     -0.636     -0.589     -0.465     -0.158      0.031
194.4500     -29980.363   -29987.938        7.575   303.6     -0.560     -0.507     -0.377      0.092      0.389      0.062
194.5000     -29980.284   -29988.260        7.976   319.7     -0.345      0.012     -0.221      0.322      0.144      0.059
194.5500     -29980.448   -29987.916        7.468   299.4     -0.628     -0.145     -0.477     -0.323     -0.039      0.057
194.6000     -29980.468   -29988.559        8.091   324.3     -0.641      0.106      1.331      0.350      0.121      0.478
194.6500     -29980.397   -29988.193        7.797   312.5     -0.361     -0.605     -0.257     -0.172     -0.519     -0.365
194.7000     -29980.647   -29988.646        7.999   320.6     -0.882     -0.060     -0.917      0.223      0.314     -0.356
194.7500     -29980.775   -29988.430        7.655   306.8     -1.926     -0.107      0.015     -0.544     -1.220     -0.142
194.8000     -29980.807   -29989.004        8.196   328.6      0.039     -0.437     -0.884     -0.095      0.197      0.059
194.8500     -29980.139   -29988.676        8.537   342.2     -1.349     -0.021     -0.337      0.382     -0.137     -0.184
194.9000     -29979.999   -29987.836        7.837   314.1     -0.722     -0.674     -0.095     -0.067     -0.287      0.441
194.9500     -29979.840   -29988.652        8.813   353.3     -0.032      0.072      0.283     -0.399      0.155     -0.067
195.0000     -29979.864   -29988.012        8.148   326.6      0.476      0.042      0.273      0.216      0.205     -0.390
195.0500     -29979.540   -29987.691        8.151   326.7     -0.581     -0.501     -0.729     -0.069     -0.286     -0.495
195.1000     -29979.372   -29987.936        8.564   343.3     -0.481     -0.230      0.249      0.206      0.314     -0.388
195.1500     -29979.453   -29987.676        8.223   329.6     -1.529     -1.087     -1.550      0.037     -0.147      0.299
195.2000     -29979.544   -29987.896        8.352   334.8     -0.526     -0.389     -0.051      0.176     -0.262      0.955
195.2500     -29979.123   -29987.910        8.787   352.2      0.311     -0.580     -0.356      0.377      0.410      0.283
195.3000     -29978.860   -29987.604        8.743   350.5     -0.719      0.699      0.651      0.240     -0.428      0.096
195.3500     -29979.263   -29988.662        9.399   376.8     -1.030     -0.772     -0.497      0.541      0.059     -0.167
195.4000     -29979.483   -29988.262        8.779   351.9      0.083     -0.164      0.192      0.040      0.554      0.087
195.4500     -29979.457   -29987.588        8.131   325.9     -0.418     -0.415      0.031      0.283      0.138     -0.239
195.5000     -29979.634   -29988.645        9.010   361.2     -0.233     -0.433     -0.657     -0.039      0.653     -0.280
195.5500     -29979.599   -29989.012        9.413   377.3      0.225      0.066      0.059      0.293      0.095      0.628
195.6000     -29979.654   -29988.977        9.323   373.7     -0.020      0.337      0.190     -0.081      0.230     -0.345
195.6500     -29979.722   -29989.000        9.278   371.9     -0.022      0.292     -0.372      0.518      0.104     -0.208
195.7000     -29979.613   -29987.990        8.377   335.8     -0.977     -0.891      0.373      0.060      0.392     -0.283
195.7500     -29979.713   -29988.141        8.428   337.8      0.542     -0.008     -0.631      0.130      0.183     -0.048
195.8000     -29979.797   -29988.377        8.580   343.9      0.447      0.199      0.408      0.338      0.043     -0.280
195.8500     -29980.320   -29989.398        9.078   363.9      0.765      0.292     -0.305      0.413      0.048      0.228
195.9000     -29979.834   -29988.715        8.881   356.0     -0.994     -0.522     -0.338      0.386     -0.177     -0.181
195.9500     -29979.738   -29988.193        8.455   338.9     -0.516      0.793     -1.015     -0.451     -0.267     -0.124
196.0000     -29979.474   -29987.996        8.522   341.6     -0.098     -0.263     -0.194     -0.091     -0.198     -0.025
196.0500     -29979.293   -29988.100        8.807   353.0      0.486     -0.569     -0.396      0.495      0.199      0.346
196.1000     -29979.348   -29988.375        9.027   361.8     -0.759     -0.127     -0.525     -0.099      0.021     -0.961
196.1500     -29979.912   -29988.242        8.330   333.9     -0.118     -0.111     -0.094      0.020      0.548     -0.142
196.2000     -29980.360   -29988.516        8.156   326.9      0.245     -0.049     -0.656      0.562      0.304      0.257
196.2500     -29980.134   -29987.695        7.562   303.1     -0.681      0.355      0.094      0.312     -0.244      0.114
196.3000     -29979.680   -29988.004        8.323   333.6     -0.469     -1.015     -0.460     -0.122     -0.043     -0.171
196.3500     -29979.415   -29987.639        8.224   329.6     -0.799     -1.430     -0.175     -0.031      0.016      0.122
196.4000     -29979.030   -29987.840        8.810   353.1     -0.527      0.110     -0.811      0.209     -0.082      0.316
196.4500     -29979.256   -29988.074        8.819   353.5     -1.199     -0.792     -0.285      0.331      0.956     -0.026
196.5000     -29979.042   -29988.180        9.138   366.3     -0.787     -0.560     -0.720     -0.245     -0.274      0.200
196.5500     -29979.621   -29988.230        8.609   345.1     -1.292     -0.604     -1.129     -0.381     -0.253     -0.078
196.6000     -29979.755   -29987.996        8.241   330.3     -0.426     -0.165     -0.544     -0.454      0.697     -0.464
196.6500     -29980.005   -29988.123        8.118   325.4     -0.427     -0.333     -0.028     -0.164      0.095      0.147
196.7000     -29980.504   -29988.883        8.379   335.9     -0.761     -0.991     -0.734     -0.061     -0.278      0.150
196.7500     -29980.747   -29988.318        7.571   303.5     -0.232     -0.269      0.334     -0.725     -0.049      0.774
196.8000     -29980.945   -29988.295        7.350   294.6      0.036      0.180     -0.047      0.212      0.011     -0.103
196.8500     -29980.788   -29987.693        6.906   276.8     -0.371      0.090     -0.249      0.328     -0.428      0.158
196.9000     -29980.966   -29988.752        7.786   312.1     -1.545     -0.489     -0.585      0.141      0.412     -0.034
196.9500     -29980.427   -29988.227        7.799   312.6     -0.214     -0.681     -1.376     -0.547     -0.321     -0.078
197.0000     -29980.703   -29988.826        8.123   325.6     -0.991     -1.033     -0.161     -0.118      0.104      0.262
197.0500     -29980.912   -29988.096        7.184   288.0     -0.136     -0.394      0.274     -0.177      0.352      0.355
197.1000     -29981.214   -29988.713        7.498   300.6     -0.542      0.229     -0.528      0.328     -0.722      0.089
197.1500     -29981.232   -29989.613        8.381   335.9     -0.365     -0.359     -0.634     -0.125      0.140      0.205
197.2000     -29980.704   -29988.686        7.981   319.9     -0.722     -0.328     -1.040     -0.191      0.404     -0.075
197.2500     -29981.091   -29989.586        8.495   340.5     -0.633     -0.556     -0.728     -0.252      0.362     -0.083
197.3000     -29980.893   -29989.699        8.806   353.0     -1.010     -0.916     -1.169     -0.424      0.167     -0.032
197.3500     -29980.601   -29988.789        8.188   328.2     -0.259     -0.245     -0.587      0.271      0.205      0.328
197.4000     -29980.327   -29989.023        8.696   348.6     -1.462     -0.389     -0.536      0.839     -0.085     -0.070
197.4500     -29980.820   -29988.713        7.893   316.4     -0.203     -0.053     -0.686     -0.028      0.261      0.445
197.5000     -29980.345   -29988.674        8.329   333.9     -0.882     -0.909     -0.616     -0.205      0.365     -0.154
197.5500     -29980.724   -29988.158        7.434   298.0     -0.675     -0.059      0.208     -0.529     -0.364     -0.045
197.6000     -29980.572   -29988.740        8.168   327.4      0.428     -0.308     -0.560     -0.083      0.271     -0.104
197.6500     -29980.966   -29988.527        7.562   303.1     -0.254     -0.795      0.087     -0.226     -0.864      0.350
197.7000     -29981.240   -29989.098        7.858   315.0     -0.999      0.070     -0.816      0.279      0.128     -0.024
197.7500     -29981.383   -29989.176        7.793   312.4     -0.304      0.052     -0.838      0.405      0.064     -0.042
197.8000     -29981.285   -29988.727        7.441   298.3     -1.102      0.234     -0.540     -0.090     -0.457     -0.185
197.8500     -29981.277   -29988.928        7.650   306.7     -0.437     -0.741      0.075      0.255      0.299     -0.166
197.9000     -29981.493   -29989.449        7.957   318.9     -0.228     -0.275     -0.304     -0.764      0.187      0.172
197.9500     -29981.554   -29988.428        6.874   275.5     -0.171      0.134     -0.669      0.190      0.278      0.134
198.0000     -29981.057   -29988.561        7.503   300.8      0.132     -0.029      0.149     -0.170     -0.254     -0.594
198.0500     -29980.967   -29988.305        7.337   294.1     -0.402     -0.174     -0.100      0.255      0.438      0.299
198.1000     -29980.871   -29989.545        8.674   347.7     -0.044      0.461      0.344      1.203      0.253     -0.243
198.1500     -29980.340   -29988.832        8.493   340.4      0.022     -0.716     -0.418     -0.180     -0.592      0.421
198.2000     -29980.867   -29988.826        7.959   319.0     -1.623     -0.292     -1.157      0.368      0.338      0.587
198.2500     -29981.116   -29989.371        8.255   330.9      0.052     -0.059     -1.001      0.189     -0.079     -0.149
198.3000     -29981.126   -29988.828        7.702   308.7      0.648     -0.304      0.684      0.026      0.454      0.123
198.3500     -29981.265   -29988.232        6.968   279.3      0.043      0.225      0.423     -0.424     -0.075     -0.657
198.4000     -29981.095   -29988.459        7.364   295.2     -1.265      0.084     -0.057     -0.273     -0.063     -0.362
198.4500     -29980.559   -29988.641        8.082   324.0      0.319     -0.854      1.675     -0.053     -0.250      0.510
198.5000     -29980.412   -29988.768        8.355   334.9     -0.028      0.417     -0.589      0.041     -0.224      0.199
198.5500     -29980.876   -29989.141        8.265   331.3     -0.932     -0.455      0.173     -0.172      0.125     -0.262
198.6000     -29980.974   -29989.361        8.387   336.2     -0.177      0.707     -0.487     -0.102     -0.351      0.204
198.6500     -29980.258   -29989.320        9.062   363.3      0.163      0.809      0.372      0.209     -0.001     -0.454
198.7000     -29980.204   -29988.279        8.075   323.7      0.345      0.139      0.283      0.794      0.121      0.378
198.7500     -29979.723   -29988.105        8.382   336.0     -0.340      0.042     -1.415      0.032      0.367     -0.205
198.8000     -29979.996   -29987.879        7.883   316.0     -1.566     -1.018     -0.454     -0.080      0.626     -0.496
198.8500     -29980.470   -29988.521        8.051   322.7     -1.160     -0.025     -1.097      0.849     -0.186     -0.292
198.9000     -29980.501   -29989.117        8.616   345.4     -0.229     -0.185     -0.647     -0.337      0.177     -0.078
198.9500     -29980.764   -29989.154        8.391   336.3     -0.362      0.370      0.256     -0.045     -0.389      0.040
199.0000     -29980.503   -29988.795        8.292   332.4     -1.088     -0.666     -0.984      0.362     -0.638     -0.084
199.0500     -29980.469   -29988.912        8.444   338.5     -1.187     -0.388     -0.086     -0.343     -0.122     -0.454
199.1000     -29980.071   -29987.711        7.640   306.2      0.529     -0.405     -0.378     -0.136     -0.477     -0.424
199.1500     -29980.348   -29988.980        8.633   346.0      0.425     -0.897      0.409     -0.491     -0.007     -0.184
199.2000     -29980.634   -29989.156        8.522   341.6     -0.944     -0.483     -1.316      0.130      0.311      0.377
199.2500     -29980.545   -29988.963        8.417   337.4     -0.206     -0.248     -0.567     -0.392      0.242     -0.381
199.3000     -29980.864   -29989.559        8.694   348.5      0.081     -0.614      0.243      0.239      0.192     -0.023
199.3500     -29980.640   -29988.633        7.993   320.4      0.788      0.668     -0.195     -0.295      0.041     -0.130
199.4000     -29980.387   -29988.352        7.965   319.3     -0.193      0.423      0.685     -0.430     -0.379     -0.050
199.4500     -29980.623   -29988.717        8.094   324.4     -0.387      0.858     -0.459      0.161      0.401      0.167
199.5000     -29980.485   -29988.555        8.069   323.5     -0.341     -1.256     -0.325      0.025     -0.070     -0.147
199.5500     -29981.100   -29988.766        7.665   307.3     -1.170      0.470     -1.084     -0.215      0.576     -0.025
199.6000     -29981.102   -29988.553        7.451   298.7      0.303     -0.434     -0.550     -0.348      0.093     -0.204
199.6500     -29981.275   -29989.461        8.186   328.1     -0.578      0.354     -0.476      0.228      0.293      0.128
199.7000     -29981.396   -29989.207        7.811   313.1      0.181     -0.567     -0.212     -0.328     -0.281     -0.039
199.7500     -29981.460   -29988.664        7.204   288.8      1.049      0.246      0.233      0.113      0.080     -0.103
199.8000     -29980.977   -29989.215        8.238   330.2      0.153     -0.140      0.401     -0.157     -0.475     -0.111
199.8500     -29981.253   -29988.881        7.628   305.8      0.383      0.889     -0.626     -0.726      0.106     -0.192
199.9000     -29980.766   -29989.137        8.371   335.5     -0.773     -0.603     -1.121      0.574     -0.308     -0.212
199.9500     -29980.541   -29988.943        8.402   336.8      0.010     -0.137     -0.284     -0.677     -0.101     -0.052
200.0000     -29980.274   -29988.551        8.277   331.8      0.733      0.787     -0.220     -0.207     -0.012     -0.203
200.0500     -29980.325   -29988.482        8.158   327.0     -0.818     -0.294     -1.038     -0.254     -0.021      0.321
200.1000     -29980.292   -29988.637        8.345   334.5     -0.047     -0.797     -0.780      0.173     -0.040      0.231
200.1500     -29980.425   -29988.490        8.066   323.3     -0.491     -0.125     -0.359     -0.073     -0.049      0.158
200.2000     -29980.172   -29988.510        8.337   334.2     -0.047     -0.506     -0.225     -0.101     -0.202     -0.571
200.2500     -29979.552   -29987.738        8.186   328.1      0.146      0.228     -0.324     -0.402      0.437     -0.265
200.3000     -29979.466   -29987.908        8.443   338.4     -0.824     -1.025     -0.547      0.305      0.065     -0.418
200.3500     -29979.876   -29988.461        8.585   344.1     -0.160     -0.765     -0.368      0.539      0.181     -0.154
200.4000     -29979.832   -29988.365        8.533   342.1     -1.049     -0.859     -0.080     -0.116      0.184      0.863
200.4500     -29980.355   -29988.672        8.317   333.4     -1.289      0.176      0.301      0.313     -0.111      0.268
200.5000     -29980.238   -29988.324        8.087   324.1     -0.598     -0.793     -0.168      0.170      0.270     -0.446
200.5500     -29980.004   -29988.592        8.588   344.2     -1.075     -0.574     -0.993     -0.300      0.393     -0.358
200.6000     -29980.083   -29988.219        8.136   326.1     -0.572      0.087     -1.054      0.131      0.055     -0.064
200.6500     -29979.988   -29987.607        7.619   305.4     -0.027     -0.135      0.411     -0.210     -0.658      0.152
200.7000     -29980.032   -29987.561        7.529   301.8     -0.968     -0.657     -1.178     -0.007      0.052     -0.064
200.7500     -29979.359   -29988.316        8.957   359.0      0.086     -0.296      0.332      0.181     -0.340     -0.004
200.8000     -29979.578   -29988.438        8.860   355.1     -0.125      0.194     -0.683     -0.001      0.216     -0.166
200.8500     -29979.121   -29987.078        7.957   318.9     -0.142     -0.388      0.809     -0.419      0.290      0.278
200.9000     -29979.023   -29987.395        8.372   335.6     -0.451      0.290     -0.703      0.246     -0.165     -0.024
200.9500     -29979.310   -29987.412        8.102   324.8      0.343      0.049      0.067     -0.128      0.118     -0.002
201.0000     -29979.298   -29987.918        8.620   345.5     -0.307      0.621     -1.067     -0.165     -0.385     -0.092
201.0500     -29979.173   -29988.273        9.100   364.8      0.899      0.539     -0.062      0.233      0.291     -0.025
201.1000     -29979.044   -29987.305        8.261   331.1     -1.781     -0.066     -0.793      0.434      0.030      0.374
201.1500     -29979.037   -29987.971        8.934   358.1     -0.534      0.520     -0.172     -0.491     -0.305     -0.220
201.2000     -29979.873   -29988.098        8.224   329.7     -0.632      0.828      0.586      0.225     -0.164     -0.021
201.2500     -29979.682   -29988.244        8.562   343.2     -0.532     -0.530     -0.212      0.105     -0.071      0.147
201.3000     -29979.682   -29987.645        7.963   319.2      0.166      0.369      0.885      0.109     -0.224      0.119
201.3500     -29979.840   -29987.824        7.984   320.1     -0.017      0.669      0.106      0.253      0.389      0.123
201.4000     -29979.881   -29987.734        7.854   314.8     -0.855     -1.401     -0.462     -0.998      0.352      0.391
201.4500     -29979.344   -29987.467        8.123   325.6      1.095      0.265      0.021     -0.055      0.115     -0.638
201.5000     -29979.147   -29987.270        8.123   325.6     -0.038     -0.266      0.245      0.826     -0.267      0.179
201.5500     -29979.583   -29988.262        8.678   347.9      0.156     -0.830     -0.326      0.298      0.082     -0.791
201.6000     -29979.475   -29987.994        8.519   341.5     -0.556     -0.449     -0.955      0.117      0.072      0.213
201.6500     -29979.925   -29988.285        8.360   335.1      0.626     -0.179     -0.557      0.050      0.073     -0.295
201.7000     -29979.854   -29988.135        8.281   331.9     -0.001     -0.450     -0.273     -0.198      0.008      0.258
201.7500     -29979.631   -29988.619        8.988   360.3      0.687      0.310     -0.263     -0.495     -0.191      0.206
201.8000     -29979.695   -29988.617        8.922   357.6      0.195     -0.346     -0.137      0.588     -0.136     -0.513
201.8500     -29979.318   -29987.750        8.432   338.0      0.026     -1.163     -0.878     -0.665      0.155      0.211
201.9000     -29979.581   -29988.322        8.741   350.4     -0.829     -0.326     -0.165     -0.220     -0.593     -0.293
201.9500     -29979.287   -29988.021        8.734   350.1     -0.504     -1.438     -1.050      0.308      0.226      0.046
202.0000     -29979.041   -29988.139        9.097   364.7     -1.012      0.107     -0.573      0.171     -0.087     -0.153
202.0500     -29979.691   -29987.852        8.160   327.1     -1.592     -0.619      0.265     -0.390     -0.295     -0.049
202.1000     -29979.897   -29987.807        7.910   317.1     -0.005      0.643     -0.294     -0.067      0.348      0.429
202.1500     -29980.064   -29988.576        8.512   341.2     -0.941     -0.615     -1.220      0.005     -0.963     -0.426
202.2000     -29979.859   -29988.803        8.944   358.5     -1.660     -0.978     -0.198     -0.166     -0.459     -0.446
202.2500     -29979.693   -29988.090        8.397   336.6     -0.259     -0.114     -0.907     -0.075     -0.366     -0.762
202.3000     -29980.145   -29988.223        8.077   323.8     -0.455      0.128      0.059     -0.500      0.972     -0.112
202.3500     -29979.938   -29987.812        7.875   315.7     -0.344      0.019     -0.640     -0.107     -0.220     -0.455
202.4000     -29980.421   -29988.619        8.198   328.6     -0.498     -0.404     -0.655     -0.053      0.270     -0.533
202.4500     -29980.471   -29988.949        8.479   339.9     -0.771     -0.657     -1.090      0.050      0.547      0.396
202.5000     -29979.948   -29989.076        9.129   365.9      0.063      0.120     -1.485      0.378     -0.533     -0.751
202.5500     -29980.116   -29988.334        8.218   329.4      0.299     -0.566      0.183     -0.285      0.259      0.681
202.6000     -29980.270   -29988.264        7.993   320.4     -0.119     -0.828     -0.936     -0.689     -0.417      0.950
202.6500     -29980.387   -29988.127        7.740   310.3      0.396      0.398      0.128     -0.030     -0.325      0.621
202.7000     -29980.280   -29988.555        8.275   331.7      0.042      0.086      0.294     -0.016     -0.408      0.039
202.7500     -29979.560   -29988.287        8.728   349.8     -0.079     -1.038     -0.529      0.067     -0.516     -0.003
202.8000     -29979.799   -29988.775        8.977   359.8     -0.432      0.364     -0.033      0.134      0.282      0.157
202.8500     -29979.361   -29987.889        8.527   341.8      0.102      0.125      0.929      0.306     -0.179      0.446
202.9000     -29979.236   -29987.758        8.522   341.6     -0.745     -0.892     -0.611      0.012     -0.033     -0.117
202.9500     -29979.673   -29987.564        7.891   316.3     -0.120      0.290     -1.085     -0.040      0.067     -0.288
203.0000     -29979.400   -29987.830        8.430   337.9     -0.378      0.355     -0.161      0.513      0.245      0.437
203.0500     -29979.501   -29988.402        8.901   356.8     -0.015      0.101      0.092     -0.149     -0.248      0.007
203.1000     -29979.228   -29987.512        8.284   332.1     -0.632     -1.224     -0.941      0.288     -0.088     -0.420
203.1500     -29979.291   -29987.996        8.705   348.9      0.054     -1.047     -1.265     -0.129      0.404     -0.330
203.2000     -29978.837   -29987.848        9.010   361.2     -0.625     -0.064     -0.128     -0.434     -0.162     -0.508
203.2500     -29979.317   -29987.840        8.523   341.6     -0.378     -1.275     -0.942      0.338      0.055      0.358
203.3000     -29979.013   -29987.328        8.316   333.3     -1.613     -0.656     -0.626     -0.200      0.132     -0.034
203.3500     -29979.444   -29988.070        8.627   345.8     -0.865     -0.110     -0.659      0.534      0.888      0.644
203.4000     -29979.351   -29987.838        8.487   340.2      0.267     -0.065      0.420     -0.384      0.041     -0.272
203.4500     -29979.283   -29988.430        9.147   366.7     -1.425     -1.351     -1.108      0.094      0.234     -0.045
203.5000     -29980.012   -29988.174        8.162   327.2     -0.263     -0.333      0.110     -0.167      0.197      0.981
203.5500     -29980.064   -29988.445        8.381   336.0     -0.490     -0.480     -1.049      0.188      0.427     -0.287
203.6000     -29980.648   -29988.426        7.778   311.8      0.733     -0.705      0.063      0.544     -0.167     -0.075
203.6500     -29980.853   -29988.922        8.068   323.4     -1.229     -0.601     -0.255      0.282     -0.662      0.106
203.7000     -29981.512   -29988.477        6.965   279.2      0.097     -0.502     -0.270      0.373      0.294     -0.458
203.7500     -29981.166   -29988.885        7.719   309.4     -0.185     -0.627     -0.192     -0.141     -0.071     -0.467
203.8000     -29981.727   -29989.779        8.053   322.8     -0.130     -0.955     -0.930     -0.204     -0.182     -0.134
203.8500     -29981.516   -29989.285        7.769   311.4     -0.921     -0.873     -0.465      0.322     -0.113      0.278
203.9000     -29982.020   -29989.873        7.853   314.8      0.198     -0.379      0.167     -0.155     -0.156      0.790
203.9500     -29981.817   -29989.395        7.577   303.7     -1.199      0.137      0.396      0.168      0.390      0.110
204.0000     -29982.080   -29990.166        8.086   324.1     -0.507     -0.483     -0.818     -0.269      0.064      0.338
204.0500     -29981.897   -29990.184        8.287   332.2     -1.122     -0.532     -0.598      0.253     -0.071     -0.065
204.1000     -29981.724   -29989.225        7.501   300.7     -0.930     -0.976     -1.311      0.380      0.418      0.438
204.1500     -29982.161   -29989.496        7.335   294.0     -0.939     -0.732     -0.159     -0.013     -0.345      0.146
204.2000     -29982.080   -29989.551        7.471   299.5     -0.832      0.433     -0.372      0.316      0.035     -0.031
204.2500     -29981.886   -29989.676        7.789   312.2     -0.084     -0.406     -0.319      0.088     -0.813     -0.196
204.3000     -29981.730   -29989.432        7.701   308.7      0.170     -0.165      0.088     -0.001      0.614      0.868
204.3500     -29981.194   -29988.727        7.532   301.9     -1.208     -1.248     -1.266      0.415     -0.210     -0.689
204.4000     -29981.476   -29989.047        7.571   303.5     -0.444     -0.589      0.329      0.051      0.769      0.694
204.4500     -29981.235   -29989.713        8.478   339.9     -0.518     -0.136     -0.560     -0.468      0.251      0.168
204.5000     -29981.829   -29989.727        7.897   316.6     -1.072      0.034     -0.893     -0.251      0.404     -0.086
204.5500     -29981.628   -29989.611        7.984   320.0     -0.297     -0.614     -0.397      0.053     -0.328      0.042
204.6000     -29981.546   -29989.373        7.827   313.7      0.171     -0.201     -0.519      0.154      0.214     -0.558
204.6500     -29981.391   -29989.336        7.945   318.5     -0.748     -0.055     -0.294      0.049      0.138      0.104
204.7000     -29981.334   -29989.312        7.978   319.8      0.207      0.510     -0.048     -0.183      0.121      0.744
204.7500     -29981.081   -29988.682        7.600   304.7     -0.579     -0.386      0.065     -0.272      0.254      0.535
204.8000     -29981.536   -29989.076        7.540   302.2     -0.096     -0.090      0.542      0.412      0.840     -1.174
204.8500     -29980.715   -29989.043        8.328   333.8      0.002     -0.643     -0.898     -0.399      0.079      0.173
204.9000     -29981.205   -29988.984        7.779   311.8     -0.148     -0.078      0.178     -0.440     -0.445      0.163
204.9500     -29981.237   -29989.193        7.956   318.9     -0.057     -0.477     -0.423      0.219      0.110      0.017
205.0000     -29981.329   -29988.898        7.569   303.4      0.363      0.211     -0.032      0.567     -0.119     -0.273
205.0500     -29980.314   -29988.301        7.987   320.1     -0.191     -0.209     -0.300     -0.069      0.166      0.304
205.1000     -29980.446   -29988.137        7.690   308.3     -0.948     -0.761     -1.580     -0.114     -0.291     -0.506
205.1500     -29980.570   -29987.932        7.362   295.1      0.744      0.428     -0.103      0.405     -0.113      0.268
205.2000     -29980.412   -29988.436        8.023   321.6      0.381     -0.607      0.628     -0.212      0.116     -0.210
205.2500     -29980.325   -29988.275        7.950   318.7     -0.209      0.080     -1.116      0.189      0.505     -0.281
205.3000     -29979.997   -29988.479        8.482   340.0     -0.025     -0.420      0.148      0.712      0.234     -0.072
205.3500     -29979.415   -29987.602        8.186   328.1      0.036     -0.463     -1.142     -0.543     -0.140      0.321
205.4000     -29979.303   -29987.537        8.234   330.0     -0.358     -0.773     -0.216      0.313      0.349     -0.086
205.4500     -29979.320   -29987.676        8.355   334.9      0.069     -0.906      0.432      0.022     -0.047      0.577
205.5000     -29979.463   -29987.990        8.527   341.8     -0.125     -1.213     -0.609      0.119     -0.116      0.309
205.5500     -29980.020   -29988.260        8.239   330.3     -0.933     -0.004     -0.241      0.166      0.002      0.085
205.6000     -29980.090   -29987.959        7.869   315.4     -0.205     -0.544     -0.337      0.151      0.053      0.248
205.6500     -29980.186   -29988.529        8.343   334.4     -0.066     -0.174      0.051      0.886      0.288      0.411
205.7000     -29980.446   -29988.639        8.193   328.4     -0.130     -0.608      0.293     -0.408      0.431     -0.198
205.7500     -29980.691   -29988.545        7.854   314.8     -0.565     -0.175     -0.586      0.093     -0.195      0.264
205.8000     -29980.117   -29988.611        8.494   340.5     -0.506     -0.722      0.050     -0.386      0.355     -0.377
205.8500     -29980.347   -29989.031        8.684   348.1     -0.921     -0.740     -0.477      0.509     -0.055     -0.145
205.9000     -29980.563   -29988.514        7.950   318.7     -0.047     -0.712     -0.448     -0.368      0.284     -0.217
205.9500     -29980.471   -29989.023        8.552   342.8     -0.193      0.170     -0.149      0.632      0.364      0.684
206.0000     -29980.634   -29988.607        7.973   319.6     -1.129     -1.170     -0.179     -0.076     -0.122      0.112
206.0500     -29980.372   -29988.898        8.526   341.8     -0.712     -0.299     -0.576     -0.036      0.355     -0.076
206.1000     -29979.889   -29989.172        9.283   372.1     -0.590     -0.970     -0.284      0.529      0.349     -0.402
206.1500     -29979.802   -29988.785        8.983   360.1     -0.612      0.085      0.384      0.228     -0.854      0.218
206.2000     -29980.567   -29989.594        9.027   361.8     -0.584     -0.689     -0.551      0.047      0.149     -0.091
206.2500     -29980.461   -29988.836        8.375   335.7     -0.818     -1.100      0.204     -0.212     -0.658      0.210
206.3000     -29979.572   -29988.299        8.727   349.8     -1.439     -0.016     -1.246     -0.442     -0.679     -0.053
206.3500     -29979.306   -29987.342        8.036   322.1     -0.130     -0.400      0.592      0.048      0.201      0.511
206.4000     -29979.464   -29987.826        8.362   335.2     -0.299     -0.525     -0.393      0.249      0.266      0.006
206.4500     -29979.912   -29987.359        7.447   298.5     -1.000      0.450      0.157      0.387     -0.467      0.190
206.5000     -29979.788   -29988.555        8.767   351.4     -0.072     -0.275      0.695      0.186      0.465     -0.291
206.5500     -29979.398   -29988.119        8.721   349.6     -0.081     -0.849     -0.902     -0.060     -0.177      0.303
206.6000     -29978.977   -29988.344        9.367   375.5     -1.849     -0.945     -0.900      0.507     -0.365     -0.000
206.6500     -29979.215   -29987.613        8.399   336.7     -0.659     -1.014     -0.951     -0.307      0.052      0.337
206.7000     -29978.854   -29986.674        7.820   313.5     -0.701      0.602      0.706      0.501     -0.121     -0.269
206.7500     -29978.452   -29987.686        9.233   370.1     -0.248     -0.275     -0.449     -0.105      0.466      0.220
206.8000     -29979.086   -29987.725        8.638   346.3     -1.167     -0.990     -0.425      0.190      0.820      0.237
206.8500     -29978.933   -29987.811        8.878   355.9     -0.890     -1.111     -0.893      0.132     -0.061      0.584
206.9000     -29979.463   -29988.508        9.045   362.5     -0.250     -0.991     -0.653      0.729     -0.478     -0.081
206.9500     -29979.342   -29988.145        8.803   352.9     -0.412      0.600     -0.306     -0.280     -0.024      0.054
207.0000     -29979.820   -29988.438        8.618   345.4      0.062     -1.163      0.061      0.441     -0.317      0.652
207.0500     -29980.417   -29987.867        7.450   298.6     -0.311     -0.231      0.701      0.053      0.332      0.384
207.1000     -29980.352   -29988.500        8.148   326.6      0.326     -0.608     -0.338     -0.593      0.119     -0.428
207.1500     -29980.105   -29988.166        8.061   323.1     -0.246     -0.024     -0.366      0.320      0.254      0.499
207.2000     -29980.121   -29987.771        7.650   306.7      0.134     -0.731      0.194     -0.777     -0.749      0.084
207.2500     -29980.148   -29988.592        8.444   338.5     -0.358      0.342     -0.190      0.520      0.101      0.003
207.3000     -29980.383   -29988.375        7.992   320.3     -0.744     -0.425      0.048     -0.298     -0.317     -0.426
207.3500     -29980.959   -29988.320        7.361   295.1     -0.188      0.324     -0.293      0.126      0.043      0.194
207.4000     -29980.912   -29988.824        7.913   317.2     -0.147      0.187     -0.565     -0.074     -0.132     -0.173
207.4500     -29980.690   -29988.080        7.390   296.2     -0.646     -0.370      0.002     -0.194     -0.007      0.075
207.5000     -29980.396   -29988.199        7.803   312.8     -0.587      0.465      0.106      0.466      0.344     -0.107
207.5500     -29980.100   -29988.510        8.410   337.1      0.017      0.148      0.039     -0.219      0.069     -0.055
207.6000     -29979.935   -29988.041        8.106   324.9      0.039      0.254     -0.201     -0.076      0.153     -0.322
207.6500     -29980.229   -29988.131        7.901   316.7     -0.681     -0.606     -0.887      0.194      0.064     -0.346
207.7000     -29980.621   -29988.652        8.031   321.9      0.552     -0.342     -0.691      0.277      0.271      0.005
207.7500     -29980.819   -29988.680        7.860   315.1      0.187      0.398      0.003      0.643      0.208     -0.231
207.8000     -29980.775   -29989.133        8.358   335.0     -0.080     -0.035      0.040      0.068      0.685      0.011
207.8500     -29980.650   -29988.369        7.719   309.4     -0.627     -0.513     -0.600     -0.106     -0.067      0.551
207.9000     -29980.590   -29988.453        7.864   315.2      0.096     -0.252      0.248      0.023     -0.173      0.177
207.9500     -29980.259   -29988.211        7.952   318.8     -0.313     -0.409     -0.436     -0.515      0.695      0.135
208.0000     -29980.282   -29988.320        8.038   322.2     -0.040     -0.059     -1.079      0.165     -0.229      0.210
208.0500     -29980.086   -29988.287        8.201   328.7     -0.549      0.025     -0.505     -0.093      0.290     -0.935
208.1000     -29979.852   -29987.670        7.818   313.4     -0.089     -0.929     -0.440     -0.285     -0.330      0.408
208.1500     -29980.189   -29987.875        7.686   308.1     -1.215      0.183     -0.881      0.109     -0.157     -0.622
208.2000     -29979.707   -29987.660        7.953   318.8     -0.896     -0.392     -0.786      0.424     -0.025     -0.327
208.2500     -29979.513   -29987.695        8.182   328.0     -0.512      0.179     -1.103      0.069      0.075      0.032
208.3000     -29980.130   -29988.070        7.940   318.3     -0.306      0.523      0.398      0.182      0.682     -0.353
208.3500     -29979.567   -29987.783        8.217   329.4     -0.307      0.024     -0.002     -0.540     -0.586      0.064
208.4000     -29979.442   -29987.633        8.191   328.3      0.016     -0.229     -1.163     -0.216      0.157      0.170
208.4500     -29979.269   -29987.725        8.456   338.9     -0.610     -0.661     -0.032      0.049     -0.496      0.388
208.5000     -29979.666   -29988.162        8.496   340.6     -0.405      0.229      0.522     -0.453     -0.172     -0.113
208.5500     -29979.376   -29987.996        8.620   345.5     -0.546      0.068     -0.980     -0.216     -0.360      0.253
208.6000     -29979.726   -29988.562        8.837   354.2      0.164      0.014      0.325      0.214     -0.349      0.190
208.6500     -29979.218   -29987.955        8.737   350.2     -0.022      0.237      0.597     -0.920     -0.508      0.281
208.7000     -29979.865   -29988.188        8.323   333.6      0.181     -0.002     -0.411      0.397     -0.041      0.733
208.7500     -29980.192   -29987.727        7.535   302.0      0.394     -0.189      0.165     -0.303      0.042      0.501
208.8000     -29979.983   -29988.178        8.195   328.5     -0.977     -0.581     -0.955      0.450      0.475     -0.458
208.8500     -29979.902   -29987.582        7.680   307.9      0.550     -0.567      0.668      0.336     -0.667      0.124
208.9000     -29980.054   -29988.064        8.010   321.1     -0.731     -0.673     -0.203     -0.303      0.198      0.022
208.9500     -29980.329   -29987.795        7.466   299.3     -0.297     -0.153     -0.596      0.202     -0.609      0.074
209.0000     -29980.190   -29988.500        8.310   333.1     -0.028      0.065     -1.004      0.635     -0.015      0.003
209.0500     -29980.314   -29988.223        7.909   317.0     -0.005     -0.372      0.052     -0.293     -0.019     -0.068
209.1000     -29980.673   -29988.490        7.817   313.4     -0.538      0.157     -0.712     -0.166     -0.423      0.191
209.1500     -29981.146   -29988.832        7.686   308.1     -0.459     -0.430      0.268     -0.293      0.188      0.306
209.2000     -29981.420   -29989.006        7.586   304.1      0.412      0.514      0.250     -0.210     -0.121     -0.057
209.2500     -29981.570   -29989.736        8.166   327.3     -0.076      0.880     -0.028     -0.136     -0.068      0.514
209.3000     -29981.384   -29989.041        7.657   306.9     -0.449     -0.865     -0.123     -0.063     -0.185      0.167
209.3500     -29981.283   -29988.791        7.508   301.0      0.442      1.027     -0.128      0.350      0.483      0.111
209.4000     -29981.072   -29989.018        7.945   318.5     -1.789     -0.928     -0.011     -0.478      0.249     -0.121
209.4500     -29981.052   -29989.785        8.733   350.1     -0.336     -0.701     -0.061      0.178     -0.156      0.354
209.5000     -29980.583   -29988.965        8.382   336.0     -0.125     -0.961     -0.318     -0.330     -0.557     -0.703
209.5500     -29981.348   -29988.934        7.586   304.1     -0.594     -0.164     -0.872      0.083      0.500      0.386
209.6000     -29981.306   -29989.355        8.049   322.7      0.269     -0.059      0.258      0.128     -0.598     -0.129
209.6500     -29981.845   -29989.719        7.874   315.6     -0.152     -0.458     -1.240      0.592     -0.315      0.122
209.7000     -29982.606   -29990.062        7.457   298.9     -0.107      0.124      0.657     -0.680      0.589     -0.184
209.7500     -29982.612   -29990.334        7.722   309.5      0.220      0.294      0.162     -0.380     -0.606      0.339
209.8000     -29982.264   -29989.803        7.539   302.2     -0.758      0.974     -0.238      0.378      0.880     -0.391
209.8500     -29982.328   -29990.029        7.701   308.7     -0.262     -0.272     -0.165     -0.423     -0.351     -0.210
209.9000     -29982.147   -29990.240        8.094   324.4     -0.379     -1.047     -0.467      0.209     -0.063      0.174
209.9500     -29981.940   -29989.965        8.025   321.7     -1.003     -0.361     -0.631     -0.186     -0.407     -0.307
210.0000     -29981.675   -29990.131        8.456   338.9      0.636     -0.410     -0.040      0.179      0.037      0.321
210.0500     -29981.544   -29989.662        8.119   325.4     -0.723     -0.518      0.360      0.278     -0.538      0.218
210.1000     -29982.060   -29989.215        7.155   286.8      0.069      0.024      0.036     -0.172      0.596      0.059
210.1500     -29981.782   -29989.578        7.796   312.5     -0.545     -0.283     -0.455      0.098     -0.612     -0.338
210.2000     -29981.747   -29989.438        7.690   308.3     -0.130      0.213      0.456      0.029     -0.142      0.234
210.2500     -29981.711   -29989.441        7.731   309.9     -0.294     -0.060     -0.698      0.881     -0.829     -0.368
210.3000     -29981.990   -29989.850        7.860   315.1      0.078      0.297     -0.821     -0.182      0.063      0.075
210.3500     -29982.101   -29989.531        7.430   297.8     -0.046     -0.681      0.252      0.298     -0.146     -0.091
210.4000     -29981.774   -29988.996        7.222   289.5     -1.055      0.391     -0.626     -0.189      0.608      0.020
210.4500     -29981.621   -29989.125        7.504   300.8     -0.562     -0.353     -0.925      0.063     -0.619      0.562
210.5000     -29981.941   -29989.422        7.481   299.9     -0.264     -0.808     -1.497      0.513      0.156     -0.357
210.5500     -29982.021   -29990.518        8.497   340.6     -0.318     -0.811     -0.731     -0.124      0.416      0.011
210.6000     -29982.795   -29990.574        7.779   311.8     -0.663     -1.082     -0.749     -0.064     -0.463     -0.029
210.6500     -29982.585   -29990.906        8.321   333.6     -0.625      0.082     -0.085      0.023      0.139     -0.304
210.7000     -29982.435   -29990.258        7.823   313.6     -0.640     -0.109      0.185     -0.338      0.074      0.269
210.7500     -29982.318   -29989.736        7.418   297.4     -0.254      0.269     -0.482      0.224      0.002     -0.219
210.8000     -29981.945   -29990.314        8.370   335.5     -1.034     -0.229      0.935      0.323      0.155     -0.290
210.8500     -29981.907   -29989.576        7.669   307.4      0.733      0.093      0.073     -0.345     -0.287      0.310
210.9000     -29981.862   -29989.975        8.112   325.2      0.080     -1.014     -0.267      0.242     -0.639      0.263
210.9500     -29982.137   -29989.490        7.353   294.8     -0.365      0.629      0.450      0.004     -0.100      0.152
211.0000     -29982.107   -29989.486        7.380   295.8     -0.509     -0.224      0.409     -0.108     -0.015      0.017
211.0500     -29981.816   -29990.162        8.346   334.5      0.061     -0.349     -0.558     -0.347     -0.717     -0.004
211.1000     -29981.209   -29989.168        7.959   319.0     -0.460     -0.971      0.542     -0.200      0.074     -0.477
211.1500     -29981.399   -29989.594        8.194   328.5     -0.333      0.209     -0.383      0.259     -1.010     -0.259
211.2000     -29981.566   -29989.715        8.149   326.6      0.512     -0.875      0.607      0.489     -0.260     -0.288
211.2500     -29981.350   -29989.426        8.076   323.7     -0.491      0.793      0.025      0.283      0.112      0.168
211.3000     -29982.021   -29989.924        7.903   316.8      1.294      0.759      0.072     -0.348      0.139      0.248
211.3500     -29982.277   -29989.652        7.376   295.7      0.370     -0.071     -0.016      0.144      0.228     -0.432
211.4000     -29982.787   -29989.811        7.024   281.5      0.212     -0.140     -0.135      0.294      0.028      0.411
211.4500     -29982.802   -29989.680        6.878   275.7     -0.754     -0.536     -0.615      0.313     -0.340      0.122
211.5000     -29982.547   -29989.973        7.425   297.6     -1.364     -1.199     -0.708     -0.168     -0.166      0.337
211.5500     -29982.355   -29989.654        7.299   292.6      1.082      0.690      0.727     -0.501     -0.239     -0.152
211.6000     -29982.090   -29989.469        7.378   295.8     -0.300      0.148     -0.021     -0.806     -0.240     -0.862
211.6500     -29981.960   -29989.578        7.618   305.4      0.134     -0.586     -0.184     -0.117      0.216      0.004
211.7000     -29981.510   -29989.359        7.850   314.7     -0.407     -0.345      0.152      0.580     -0.485      0.328
211.7500     -29982.134   -29989.834        7.700   308.7     -0.859     -0.488     -1.301     -0.404      0.005      0.295
211.8000     -29982.458   -29989.314        6.857   274.8      0.298     -0.310     -0.989      0.101     -0.112      0.510
211.8500     -29982.591   -29989.525        6.935   278.0     -0.506     -0.448     -0.281     -0.178     -0.044      0.107
211.9000     -29982.496   -29989.672        7.176   287.6     -0.800     -0.615     -0.234     -0.170      0.368      0.099
211.9500     -29982.224   -29989.172        6.948   278.5     -0.383     -0.077     -0.662      0.553      0.560     -0.124
212.0000     -29982.236   -29989.150        6.915   277.2     -1.191     -0.915     -1.271      0.232     -0.010     -0.021
212.0500     -29982.044   -29990.326        8.282   332.0     -0.708     -1.038     -0.377      0.229     -0.053     -0.334
212.1000     -29982.263   -29989.756        7.493   300.4     -0.651     -0.545      0.066      0.597     -0.212     -0.079
212.1500     -29982.369   -29989.729        7.359   295.0      0.022     -1.348     -0.643     -0.001      0.339      0.155
212.2000     -29982.188   -29989.453        7.265   291.2      0.063     -0.153      0.088      0.580      0.091     -0.225
212.2500     -29981.898   -29989.703        7.806   312.9     -0.370     -0.563      0.098      0.652      0.274      0.318
212.3000     -29981.723   -29990.195        8.472   339.6      0.220      0.112     -0.408     -0.428     -0.038      0.042
212.3500     -29981.189   -29989.645        8.455   338.9     -0.284     -0.762     -0.040     -0.003      0.365      0.230
212.4000     -29981.243   -29989.504        8.261   331.1     -0.502     -0.353     -1.148      0.384      0.257     -0.544
212.4500     -29981.489   -29989.207        7.718   309.4      0.771     -0.210      0.555      0.027     -0.292      0.118
212.5000     -29981.354   -29989.482        8.128   325.8      0.155      0.221      0.371     -0.026      0.530      0.138
212.5500     -29981.821   -29989.801        7.980   319.9     -0.172      0.023     -0.628      0.027     -0.018      0.192
212.6000     -29982.350   -29990.439        8.089   324.2     -0.573     -0.128     -0.271     -0.048     -0.114     -0.463
212.6500     -29982.159   -29990.707        8.548   342.7     -1.051     -0.156     -1.648      0.147      0.352      0.106
212.7000     -29982.198   -29989.961        7.763   311.2     -0.118     -0.312      0.796      0.062     -0.171      0.043
212.7500     -29981.815   -29989.846        8.031   321.9      0.792      0.239     -0.429     -0.103      0.073     -0.204
212.8000     -29981.955   -29989.678        7.723   309.6     -0.168     -0.208     -0.794     -0.404     -0.107     -0.439
212.8500     -29982.017   -29990.232        8.215   329.3     -0.278     -0.933     -0.519      0.228      0.148      0.111
212.9000     -29982.026   -29990.012        7.986   320.1     -0.436     -0.737     -1.469     -0.395     -0.259     -0.500
212.9500     -29981.498   -29989.752        8.254   330.9     -0.371      0.143     -0.708      0.052      0.080      0.065
213.0000     -29981.065   -29988.699        7.634   306.0     -0.327      0.118      0.139     -0.639     -0.129     -0.179
213.0500     -29980.467   -29988.697        8.231   329.9     -0.168     -1.889      0.102     -0.006     -0.405     -0.013
213.1000     -29980.134   -29988.879        8.744   350.5     -0.530      0.481     -0.784      0.226      0.464     -0.272
213.1500     -29980.054   -29988.252        8.198   328.6     -0.703     -1.561     -1.717      0.099     -0.137     -0.246
213.2000     -29980.604   -29988.371        7.767   311.3     -1.328      0.238     -1.137      0.114      0.500     -0.280
213.2500     -29981.068   -29989.275        8.208   329.0     -0.596     -1.370     -1.001      0.019     -0.046     -0.282
213.3000     -29980.969   -29988.645        7.675   307.7     -1.203     -0.920     -0.509      0.293     -0.449      0.147
213.3500     -29981.645   -29988.494        6.849   274.5      0.119     -1.308      0.051      0.306     -0.314      0.120
213.4000     -29981.113   -29989.029        7.916   317.3     -0.559     -0.300     -0.748     -0.470      0.037      0.200
213.4500     -29980.943   -29989.674        8.731   350.0      0.404     -0.263      1.145     -0.503      0.594      0.062
213.5000     -29981.502   -29989.135        7.633   306.0      0.454      0.032     -0.923     -0.039      0.068      0.054
213.5500     -29981.562   -29989.010        7.447   298.5     -0.203     -0.727      0.134      0.242      0.345     -0.096
213.6000     -29981.662   -29989.412        7.750   310.7     -0.194     -0.125     -0.444     -0.216      0.095     -0.215
213.6500     -29981.459   -29989.387        7.928   317.8     -0.850     -0.204     -1.613      0.048     -0.026      0.144
213.7000     -29980.829   -29990.066        9.238   370.3     -0.829     -0.944     -0.433     -0.099      0.150      0.103
213.7500     -29980.832   -29989.424        8.591   344.4     -0.538     -0.456     -0.116     -0.235     -0.673     -0.020
213.8000     -29981.244   -29989.188        7.943   318.4     -0.787      0.090     -0.509      0.527      0.087      0.560
213.8500     -29980.802   -29988.775        7.973   319.6     -1.409     -1.978     -1.030     -0.536     -0.148      0.366
213.9000     -29981.010   -29988.979        7.968   319.4     -1.201      0.040     -0.404      0.036     -1.050     -0.254
213.9500     -29981.445   -29989.361        7.917   317.3     -0.924     -0.597     -0.419      0.036     -0.049     -0.128
214.0000     -29981.580   -29989.709        8.129   325.8     -0.161      0.542      0.355      0.115     -0.069      0.223
214.0500     -29981.701   -29989.711        8.010   321.1     -0.401      0.786     -0.132     -0.220     -0.085      0.683
214.1000     -29981.985   -29989.830        7.845   314.5     -0.534     -0.269     -0.384     -0.136      0.061      0.234
214.1500     -29981.371   -29989.260        7.888   316.2      0.747     -0.279      0.078     -0.639      0.437     -0.643
214.2000     -29980.737   -29989.154        8.417   337.4     -0.359     -0.906     -1.305      0.011     -0.484      0.697
214.2500     -29980.146   -29988.238        8.092   324.4     -0.393     -0.515     -1.419     -0.169      0.132     -0.750
214.3000     -29980.550   -29988.230        7.680   307.9      0.278     -0.885      0.016     -0.274     -0.352     -0.512
214.3500     -29980.284   -29988.531        8.248   330.6      0.042     -0.993     -1.442      0.092      0.238      0.263
214.4000     -29979.924   -29988.162        8.238   330.2     -0.278      0.158     -0.326     -0.454      0.347     -0.162
214.4500     -29979.346   -29987.900        8.554   342.9     -1.498     -0.915     -0.880     -0.224      0.115      0.042
214.5000     -29979.134   -29988.156        9.022   361.7     -0.408     -0.648     -0.913      0.496     -0.234     -0.021
214.5500     -29979.117   -29987.330        8.213   329.2     -0.110      0.156      0.636     -0.708      0.675     -0.125
214.6000     -29979.798   -29988.158        8.360   335.1     -0.190     -0.973     -1.090      0.311      0.040     -0.454
214.6500     -29979.946   -29987.875        7.929   317.8      0.495     -0.648      0.409     -0.167     -0.303      0.018
214.7000     -29979.498   -29987.578        8.080   323.9      0.279      0.566     -0.334      0.400     -0.348     -0.466
214.7500     -29979.784   -29987.986        8.202   328.8     -0.272     -0.185     -0.190      0.443     -0.546     -0.439
214.8000     -29979.724   -29988.785        9.061   363.2     -1.382     -0.842     -1.501     -0.412     -0.652      0.030
214.8500     -29980.352   -29988.252        7.900   316.7     -0.053     -0.174     -0.922      0.583     -0.311     -0.677
214.9000     -29980.607   -29988.594        7.987   320.1     -0.432     -0.083     -0.624     -0.278     -0.195      0.118
214.9500     -29980.497   -29988.363        7.866   315.3     -0.307     -0.805     -0.582      0.234      0.691      0.624
215.0000     -29980.319   -29988.908        8.589   344.3     -0.759      0.420     -0.730     -0.230     -0.665     -0.261
215.0500     -29980.474   -29988.889        8.415   337.3     -0.308     -0.527     -0.357      0.031      0.416     -0.577
215.1000     -29980.521   -29988.441        7.921   317.5      0.578      0.068      0.551     -0.063      0.286      0.473
215.1500     -29980.400   -29988.668        8.268   331.4      0.067     -1.044     -0.912      0.147     -0.039      0.856
215.2000     -29980.551   -29988.473        7.921   317.5     -0.267     -0.349     -0.130      0.930     -0.628     -0.415
215.2500     -29980.977   -29988.811        7.833   314.0      0.945     -0.350      0.037      0.083      0.388      0.415
215.3000     -29980.774   -29988.277        7.504   300.8     -0.112      0.182      0.654      0.195      0.211      0.224
215.3500     -29980.584   -29988.549        7.965   319.3     -0.563      0.748     -0.841      0.590     -0.644     -0.806
215.4000     -29980.605   -29988.412        7.808   313.0     -0.510     -0.890      0.037     -0.158      0.301     -0.002
215.4500     -29980.622   -29987.986        7.365   295.2     -0.267      0.253     -1.030      0.057      0.076     -0.069
215.5000     -29980.789   -29988.562        7.773   311.6     -0.366     -1.044     -0.648     -0.248     -0.273     -0.124
215.5500     -29980.401   -29987.916        7.515   301.2     -0.665     -0.344     -0.609     -0.156      0.244     -0.212
215.6000     -29980.159   -29988.857        8.698   348.7     -0.379     -0.554     -0.826      0.005     -0.425     -0.078
215.6500     -29980.184   -29988.043        7.859   315.0     -0.191     -0.310     -0.238     -0.024      0.223     -0.017
215.7000     -29980.654   -29988.721        8.067   323.3      0.848     -0.420     -0.203     -0.027      0.555      0.483
215.7500     -29980.925   -29988.754        7.829   313.8      0.479      0.115     -1.228      0.270      0.134     -0.257
215.8000     -29980.796   -29989.158        8.362   335.2      0.247     -0.099      0.405     -0.107     -0.136     -0.214
215.8500     -29979.947   -29988.455        8.508   341.0      1.107      0.370      0.819      0.122     -0.707      0.019
215.9000     -29980.167   -29988.445        8.278   331.8     -0.598      0.287      0.228      0.075      0.463     -0.171
215.9500     -29980.089   -29987.732        7.643   306.4      0.405     -0.827      0.365     -0.452     -0.529     -0.784
216.0000     -29980.470   -29989.100        8.630   345.9      0.048      0.198      0.139      0.233      0.100      0.380
216.0500     -29980.435   -29988.566        8.132   326.0      0.569      0.136      0.336     -0.245      0.193     -0.610
216.1000     -29980.389   -29988.795        8.406   336.9     -0.083     -0.589     -0.945      0.208     -0.179      0.259
216.1500     -29980.297   -29988.602        8.305   332.9     -1.510     -0.320     -0.483     -0.275      0.302      0.083
216.2000     -29980.427   -29988.814        8.387   336.2     -0.691     -0.800      0.009     -0.009      0.153     -0.373
216.2500     -29979.797   -29988.994        9.197   368.7     -0.112     -0.115     -0.497      0.083     -0.153      0.631
216.3000     -29980.145   -29988.664        8.519   341.5     -0.486      0.324     -0.144      0.148      0.335     -0.379
216.3500     -29979.758   -29987.281        7.524   301.6     -0.216     -0.840     -1.423     -0.768     -0.156      0.265
216.4000     -29980.213   -29988.285        8.072   323.6     -0.315     -0.319     -0.465     -0.058     -0.058      0.134
216.4500     -29980.317   -29988.908        8.591   344.4     -0.009     -0.018     -0.410     -0.387     -0.441     -0.160
216.5000     -29980.329   -29989.168        8.839   354.3     -0.594     -0.304     -0.186      0.243      0.250      0.228
216.5500     -29979.916   -29988.691        8.775   351.7      0.476     -0.136     -0.060     -0.317     -0.285      0.181
216.6000     -29980.302   -29988.064        7.763   311.2     -0.593     -0.114      0.510      0.374      0.214     -0.229
216.6500     -29979.992   -29988.023        8.032   322.0     -0.389     -1.355     -1.068     -0.218     -0.302     -0.239
216.7000     -29979.977   -29988.406        8.430   337.9     -1.011     -0.714     -0.529     -0.045      0.026     -0.178
216.7500     -29980.183   -29988.543        8.360   335.1     -0.315     -0.674     -0.286      0.054     -0.174      0.368
216.8000     -29980.231   -29988.561        8.329   333.9     -0.683     -0.094     -0.265     -0.346     -0.094      0.283
216.8500     -29979.788   -29987.613        7.825   313.7     -0.326     -0.257     -0.061     -0.177     -0.534     -0.454
216.9000     -29979.824   -29987.939        8.115   325.3     -1.117     -0.403     -0.524      0.255     -0.499      0.090
216.9500     -29980.247   -29988.172        7.925   317.7      0.088     -1.286      0.105      0.031     -0.318      0.789
217.0000     -29980.086   -29988.746        8.660   347.1     -0.048      1.240     -0.398      0.515      0.173      0.222
217.0500     -29980.117   -29987.750        7.633   305.9      0.257     -0.031     -0.177     -0.058     -0.147     -0.326
217.1000     -29979.998   -29987.506        7.508   301.0      0.704     -0.334     -0.363      0.407      0.797     -0.012
217.1500     -29980.075   -29987.750        7.675   307.6     -0.417     -0.723     -0.225     -0.080     -0.122      0.154
217.2000     -29979.987   -29988.229        8.241   330.3     -0.477     -0.351      0.044      0.097      0.314     -0.086
217.2500     -29980.243   -29988.299        8.056   322.9      0.249      0.487     -0.576     -0.032     -0.051      0.109
217.3000     -29980.280   -29988.111        7.831   313.9     -0.018      1.138     -0.439      0.270     -0.100      0.186
217.3500     -29980.388   -29987.867        7.479   299.8     -0.761     -0.943     -0.549      0.247     -0.354     -0.124
217.4000     -29979.464   -29987.232        7.769   311.4     -0.584     -0.827     -0.285      0.090     -0.044      0.548
217.4500     -29980.167   -29988.350        8.183   328.0      0.487     -0.311     -0.319      0.332      0.140     -0.269
217.5000     -29980.123   -29988.051        7.928   317.8     -0.926     -0.106     -0.858     -0.063     -0.262     -0.230
217.5500     -29979.786   -29987.852        8.065   323.3     -0.070     -0.034     -0.106      0.133      0.142     -0.573
217.6000     -29980.047   -29987.410        7.364   295.2     -0.036     -0.764     -0.816     -0.143      0.417      0.528
217.6500     -29979.953   -29987.537        7.584   304.0     -0.105     -0.397      0.028      0.160     -0.168     -0.655
217.7000     -29979.653   -29987.773        8.120   325.5      0.797      0.180     -0.319      0.070      0.144      0.871
217.7500     -29979.310   -29988.080        8.770   351.5     -0.807     -0.641     -0.195     -0.211     -0.422     -0.145
217.8000     -29979.301   -29987.930        8.629   345.9     -0.295     -0.358      0.327     -0.001      0.185      0.183
217.8500     -29979.246   -29987.561        8.314   333.3     -0.157     -0.468     -0.112     -0.344     -0.265     -0.457
217.9000     -29978.771   -29988.078        9.307   373.1      0.326      0.304      0.288      0.023     -0.035      0.641
217.9500     -29978.955   -29987.895        8.939   358.3     -0.384      0.612      0.145     -0.188      0.221     -0.224
218.0000     -29979.764   -29987.902        8.139   326.2     -0.166     -0.088      0.182     -0.002     -0.023      0.148
218.0500     -29979.764   -29987.527        7.763   311.2     -0.967      0.306     -0.244      0.162      0.175      0.400
218.1000     -29979.812   -29988.238        8.427   337.8     -0.279     -0.794     -0.277     -0.450      0.065     -0.097
218.1500     -29979.489   -29987.264        7.774   311.6     -0.290     -0.540      0.071      0.057     -0.009     -0.155
218.2000     -29979.036   -29988.182        9.145   366.6     -1.966     -0.534     -0.777     -0.542     -0.693      0.723
218.2500     -29979.284   -29987.680        8.395   336.5      0.508      0.861      0.111      0.338      0.224     -0.152
218.3000     -29979.829   -29988.045        8.216   329.3     -0.287      0.419     -0.326     -0.207      0.005      0.272
218.3500     -29979.093   -29988.312        9.220   369.6     -0.298      0.875     -0.107     -0.258     -0.110     -0.185
218.4000     -29979.064   -29987.334        8.270   331.5      0.847     -0.597     -0.561      0.248     -0.561     -0.089
218.4500     -29978.951   -29987.410        8.460   339.1     -0.914     -0.256     -0.862     -0.025     -0.036     -0.708
218.5000     -29979.287   -29988.154        8.868   355.5      0.101     -0.625     -0.787      0.372     -0.126      0.238
218.5500     -29979.424   -29987.982        8.559   343.1      0.530      0.844     -0.170      0.112      0.342      0.412
218.6000     -29978.842   -29987.334        8.492   340.4      0.154     -0.449     -0.051      0.549      0.711     -0.050
218.6500     -29979.004   -29987.426        8.422   337.6      0.418     -0.980      0.159      0.416      0.954     -0.688
218.7000     -29978.647   -29986.936        8.289   332.3     -0.539     -0.438     -0.419     -0.181      0.085      0.083
218.7500     -29978.718   -29987.383        8.665   347.3      0.349      0.412      1.139     -0.102      0.161      0.007
218.8000     -29979.037   -29987.725        8.688   348.2      0.014     -0.177     -0.203      0.378     -0.495     -0.074
218.8500     -29978.661   -29987.148        8.487   340.2     -0.848     -0.916     -0.961     -0.331      0.134      0.820
218.9000     -29978.472   -29987.385        8.913   357.3      0.165      0.897      0.022     -0.061     -0.330      0.395
218.9500     -29978.774   -29987.531        8.758   351.0     -0.424     -0.155     -0.453     -0.050      0.150     -0.261
219.0000     -29978.762   -29986.584        7.822   313.5      0.386     -1.102      0.422     -0.405      0.281     -0.027
219.0500     -29979.000   -29987.633        8.633   346.1     -0.986     -0.748     -1.244      0.085     -0.124     -0.133
219.1000     -29978.403   -29987.084        8.681   348.0     -0.219     -0.215     -0.067     -0.149      0.475     -0.398
219.1500     -29979.120   -29986.980        7.860   315.1     -1.065     -0.743      0.159     -0.242     -0.379     -0.836
219.2000     -29978.922   -29987.977        9.054   362.9     -0.164     -0.797     -0.662      0.253     -0.131      0.390
219.2500     -29978.844   -29987.629        8.785   352.1      0.049      0.700      0.587      0.461     -0.106      0.167
219.3000     -29978.957   -29987.438        8.481   339.9      0.626     -0.214     -0.302     -0.491      0.026      0.352
219.3500     -29979.432   -29987.295        7.863   315.2     -0.445     -0.393     -0.158      0.021     -0.555      0.131
219.4000     -29979.513   -29987.787        8.274   331.7     -0.614     -1.692     -1.673     -0.063      0.550     -0.313
219.4500     -29980.012   -29988.189        8.178   327.8     -0.265      0.462      0.365      0.552     -0.044     -0.315
219.5000     -29980.145   -29987.791        7.646   306.5      0.315     -0.970     -0.144      0.051      0.456     -0.649
219.5500     -29980.267   -29988.463        8.196   328.5     -0.132     -0.316     -0.039      0.118      0.276      0.476
219.6000     -29979.930   -29988.879        8.949   358.7     -0.921     -0.935     -0.716      0.272     -0.127      0.049
219.6500     -29979.255   -29988.207        8.952   358.8     -0.728     -0.014     -0.628      0.307      0.112      0.141
219.7000     -29979.942   -29988.295        8.353   334.8      0.170     -1.196     -0.621     -0.028      0.422      0.301
219.7500     -29980.419   -29988.428        8.009   321.0     -0.542     -0.704     -0.653     -0.401      0.593     -0.028
219.8000     -29980.241   -29988.266        8.025   321.7     -1.508     -0.382     -0.589     -0.237     -0.148      0.254
219.8500     -29980.560   -29988.389        7.829   313.8     -0.063      0.482     -0.167      0.190      0.073     -0.255
219.9000     -29980.386   -29988.174        7.788   312.2     -1.486     -1.440     -0.583     -0.668      0.013     -0.003
219.9500     -29980.284   -29987.814        7.530   301.8     -0.517     -0.776     -0.562      0.414      0.116     -0.002
220.0000     -29980.859   -29988.422        7.563   303.1      0.146     -1.363     -0.608      0.805     -0.533      0.420
220.0500     -29980.959   -29988.992        8.033   322.0     -0.448     -1.024     -1.104      0.384     -0.077     -0.072
220.1000     -29981.294   -29988.998        7.704   308.8     -0.970     -0.094     -0.387     -0.356     -0.714     -0.039
220.1500     -29981.387   -29989.311        7.923   317.6      0.506      0.318      0.270      0.877     -0.026      0.051
220.2000     -29981.278   -29989.691        8.413   337.2      0.577     -0.429     -0.013      0.292      0.015      0.134
220.2500     -29980.720   -29989.197        8.477   339.8     -0.443     -0.047      0.268     -0.264     -0.009      0.170
220.3000     -29980.998   -29989.217        8.219   329.5     -0.025     -0.671      0.008      0.181     -0.142     -0.442
220.3500     -29981.724   -29989.809        8.084   324.1     -1.105     -0.646     -0.542     -0.594     -0.282      0.023
220.4000     -29981.672   -29989.750        8.078   323.8     -0.933     -0.238     -1.548     -0.044      0.161     -0.034
220.4500     -29981.855   -29990.410        8.555   342.9     -1.723     -1.094     -0.529      0.275     -0.144      0.324
220.5000     -29981.368   -29989.527        8.160   327.1     -0.717     -0.498     -0.504      0.160      0.032      0.070
220.5500     -29981.042   -29988.746        7.704   308.8     -1.212     -1.692     -0.975     -0.502      0.077     -0.133
220.6000     -29981.154   -29989.498        8.344   334.5     -0.610     -1.349     -0.237      0.226      0.269      0.079
220.6500     -29981.198   -29989.096        7.897   316.6     -0.127     -0.095      0.362      0.335      0.357      0.293
220.7000     -29980.643   -29988.588        7.945   318.5      0.694      0.284      0.968     -0.259     -0.085      0.157
220.7500     -29980.074   -29989.271        9.198   368.7      0.128      0.017     -0.710     -0.011      0.401      0.439
220.8000     -29980.636   -29989.100        8.464   339.3     -1.334     -0.190     -1.883      0.030     -0.519     -0.148
220.8500     -29980.988   -29989.809        8.821   353.6     -1.013     -1.400     -0.626     -0.163      0.030      0.125
220.9000     -29980.921   -29989.441        8.520   341.5     -0.452     -0.663     -0.983      0.198      0.464      0.095
220.9500     -29980.821   -29988.668        7.847   314.6     -0.128     -0.250     -0.348     -0.385      0.003      0.212
221.0000     -29980.832   -29988.916        8.084   324.1     -0.434     -0.971     -0.724     -0.090      0.553     -0.202
221.0500     -29980.451   -29988.469        8.018   321.4     -0.689     -0.519     -0.640     -0.276      0.056     -0.309
221.1000     -29980.362   -29988.494        8.132   326.0     -0.110     -0.856     -1.820     -0.154      0.170      0.233
221.1500     -29980.428   -29988.367        7.939   318.2     -1.046      0.119      0.282      0.298      0.538     -0.129
221.2000     -29980.625   -29989.117        8.493   340.4     -0.067     -0.344     -0.732     -0.402     -0.222      0.327
221.2500     -29980.505   -29989.053        8.548   342.6      0.323     -0.668     -0.157     -0.350      0.048      0.092
221.3000     -29980.636   -29988.301        7.664   307.2     -0.643     -0.885     -1.004     -0.356     -0.184     -0.084
221.3500     -29980.803   -29988.992        8.189   328.2      0.524     -0.614     -0.550     -0.205     -0.199      0.081
221.4000     -29980.444   -29988.838        8.394   336.5      0.044     -0.338      0.124      0.017      0.455      0.294
221.4500     -29980.370   -29988.904        8.534   342.1     -0.885     -1.555      0.424      0.610     -0.263     -0.062
221.5000     -29980.701   -29988.773        8.073   323.6      0.369     -0.462     -0.018     -0.786     -0.115      0.319
221.5500     -29980.979   -29989.012        8.032   322.0      0.247      0.715      0.247     -0.235     -0.314      0.171
221.6000     -29980.840   -29989.006        8.166   327.3     -0.483     -0.516     -0.250     -0.016     -0.549     -0.004
221.6500     -29981.154   -29989.209        8.055   322.9      0.500     -0.458      0.172      0.037     -0.229     -0.100
221.7000     -29981.102   -29988.994        7.892   316.4     -0.763     -0.867      0.456      0.423     -0.130     -0.000
221.7500     -29981.140   -29989.072        7.932   317.9     -0.267      0.090     -0.264     -0.012      0.676      0.723
221.8000     -29981.081   -29989.260        8.178   327.8      0.645     -0.151     -0.227     -0.602     -0.210     -0.062
221.8500     -29980.609   -29988.533        7.925   317.7      0.463     -0.304      0.460     -0.181      0.086      0.173
221.9000     -29980.170   -29988.469        8.299   332.6     -0.629     -0.244     -0.460     -0.137      0.233     -0.606
221.9500     -29980.753   -29989.186        8.432   338.0     -0.391     -0.532     -0.006     -0.013     -0.226     -0.277
222.0000     -29980.706   -29989.660        8.955   358.9     -0.382     -0.593     -0.153      0.054     -0.375      0.405
222.0500     -29980.655   -29987.963        7.308   293.0     -0.556     -0.473      0.319     -0.247     -0.376     -0.292
222.1000     -29980.582   -29988.455        7.873   315.6     -0.653     -0.127      0.095      0.335      0.138      0.392
222.1500     -29981.213   -29988.859        7.646   306.5      0.107     -0.079     -0.493     -0.006     -0.102      0.388
222.2000     -29980.646   -29988.699        8.053   322.8     -0.309     -0.552      0.244      0.317      0.085      0.071
222.2500     -29980.754   -29988.461        7.707   308.9     -0.008      0.379     -0.091     -0.020     -0.312      0.493
222.3000     -29981.026   -29989.111        8.085   324.1     -0.444     -0.721     -0.277      0.302      0.147     -0.149
222.3500     -29980.599   -29988.912        8.313   333.2     -1.120     -0.845     -0.349      0.101     -0.717      0.357
222.4000     -29980.200   -29988.789        8.589   344.3     -0.111     -1.393     -0.574     -0.201      0.403      0.231
222.4500     -29979.650   -29988.125        8.475   339.7     -1.019      0.466     -0.731     -0.237     -0.292      0.581
222.5000     -29979.837   -29987.750        7.913   317.2     -0.456     -0.302     -0.858      0.476     -0.364     -0.561
222.5500     -29980.061   -29988.197        8.136   326.1      0.220     -0.297      0.026     -0.161      0.017      0.410
222.6000     -29979.740   -29988.293        8.553   342.8     -0.282     -0.564     -0.299      0.514     -0.275     -0.236
222.6500     -29979.742   -29988.252        8.510   341.1      0.176     -0.850     -0.588      0.419      0.225     -0.205
222.7000     -29979.642   -29987.795        8.152   326.8     -1.083      0.539     -0.823      0.202      0.267      0.237
222.7500     -29979.831   -29987.764        7.932   318.0      0.410     -0.674     -0.195      0.525      0.037     -0.222
222.8000     -29980.019   -29988.494        8.475   339.7     -0.950     -0.859     -0.192     -0.291      0.498      0.110
222.8500     -29979.344   -29988.746        9.402   376.9      0.104     -0.171     -0.660     -0.208     -0.781      0.501
222.9000     -29979.330   -29987.721        8.390   336.3     -1.483     -1.116     -0.360     -0.234      0.681      0.214
222.9500     -29979.468   -29987.930        8.462   339.2     -0.590     -0.553     -0.879      0.198     -0.425     -0.369
223.0000     -29979.519   -29988.473        8.954   358.9      0.010      0.478      0.335      0.180      0.179      0.206
223.0500     -29979.810   -29988.021        8.211   329.1      0.419     -1.095     -1.282     -0.196     -0.360     -0.191
223.1000     -29980.325   -29988.328        8.003   320.8     -0.583     -0.936     -0.782      0.072     -0.073     -0.661
223.1500     -29979.975   -29988.260        8.285   332.1     -0.795     -0.883     -1.082     -0.016     -0.396     -0.088
223.2000     -29980.751   -29989.000        8.249   330.7     -0.693     -1.272     -0.157     -0.046     -0.314      0.213
223.2500     -29979.795   -29987.932        8.137   326.2     -0.102     -0.441     -0.516     -0.694      0.211     -0.101
223.3000     -29979.635   -29988.383        8.748   350.6     -0.997     -1.465      0.028      0.307      0.062     -0.260
223.3500     -29979.569   -29988.025        8.456   339.0      0.204      0.174     -0.299      0.032     -0.125      0.458
223.4000     -29979.332   -29987.168        7.836   314.1      0.057     -0.052      0.675     -0.453     -0.018      0.233
223.4500     -29978.999   -29987.217        8.218   329.4     -0.456     -1.132     -0.546     -0.566     -0.306     -0.369
223.5000     -29979.247   -29987.020        7.773   311.6     -0.806     -0.786     -0.284      0.447     -0.250      0.348
223.5500     -29979.114   -29986.732        7.618   305.4      0.012     -0.142      0.392      0.340      0.400     -0.493
223.6000     -29979.455   -29988.684        9.228   369.9     -1.046     -0.012     -0.381     -0.143      0.280      0.554
223.6500     -29979.664   -29988.576        8.913   357.3     -0.695     -0.112     -1.548     -0.357     -0.032      0.162
223.7000     -29980.155   -29988.441        8.286   332.1     -0.354     -0.268     -1.134     -0.607      0.093     -0.137
223.7500     -29980.126   -29988.166        8.040   322.3     -0.367     -0.457      0.058      0.424     -0.186      0.190
223.8000     -29979.979   -29988.291        8.312   333.2     -0.723      0.250     -0.404     -0.032     -0.052      0.138
223.8500     -29980.294   -29988.055        7.761   311.1     -0.734     -0.745     -0.460      0.293     -0.055      0.173
223.9000     -29980.145   -29988.693        8.548   342.6     -0.362     -0.507     -0.798      0.067     -0.393      0.025
223.9500     -29979.554   -29987.492        7.938   318.2     -0.581     -0.132     -0.344      0.354     -0.455      0.630
224.0000     -29979.618   -29987.631        8.013   321.2     -1.483      0.492      0.223      0.351      0.192     -0.456
224.0500     -29980.253   -29988.748        8.495   340.5      0.015     -0.142     -0.783     -0.327     -0.352      0.169
224.1000     -29980.044   -29987.520        7.476   299.7     -0.660     -0.501     -0.182      0.273     -0.403     -0.078
224.1500     -29980.275   -29988.402        8.127   325.8     -0.804     -0.151     -0.711      0.062      0.319      0.172
224.2000     -29981.011   -29988.695        7.684   308.0     -0.491     -0.172     -0.108      0.470     -0.424     -0.076
224.2500     -29980.970   -29988.496        7.526   301.7      0.169     -1.756     -0.488      0.085      0.385      0.111
224.3000     -29981.035   -29988.771        7.737   310.1      0.338     -0.140     -0.611      0.528     -0.213      0.064
224.3500     -29980.490   -29988.895        8.405   336.9     -0.240     -0.588     -0.640      0.018      0.079     -0.563
224.4000     -29980.580   -29989.369        8.789   352.3     -0.183     -0.569     -0.149      0.384     -0.122     -0.135
224.4500     -29980.253   -29989.154        8.901   356.8     -0.180     -1.543     -1.334      0.458      0.374      0.293
224.5000     -29980.304   -29988.664        8.360   335.1     -0.818     -0.568      0.031     -0.044     -0.260      0.066
224.5500     -29980.491   -29988.438        7.946   318.5     -0.773     -0.720      0.148      0.163      0.233     -0.308
224.6000     -29980.321   -29988.932        8.611   345.2     -0.064      0.168      0.506     -0.295     -0.188      0.149
224.6500     -29980.341   -29988.752        8.411   337.1      0.002     -0.236      0.274      0.346     -0.372      0.090
224.7000     -29980.942   -29989.020        8.077   323.8     -0.214     -0.679     -0.157     -0.302      0.172      0.579
224.7500     -29980.934   -29988.855        7.922   317.5     -0.918      0.543     -0.370      0.005     -0.515      0.431
224.8000     -29981.216   -29988.236        7.020   281.4     -0.553     -0.439     -0.375     -0.030      0.095     -0.363
224.8500     -29980.810   -29988.852        8.042   322.3      0.275     -1.050     -0.594      0.137      0.553      0.022
224.9000     -29980.318   -29988.521        8.203   328.8     -1.531      0.414     -0.751     -0.166     -0.035     -0.068
224.9500     -29979.853   -29988.301        8.448   338.6     -0.161     -1.087     -0.859     -0.333     -0.361     -0.289
225.0000     -29979.767   -29988.611        8.844   354.5     -0.244     -0.049     -0.453      0.449     -0.243      0.144
225.0500     -29979.678   -29988.520        8.841   354.4     -0.786     -1.714     -0.358      0.658      0.037      0.272
225.1000     -29980.028   -29988.064        8.036   322.1     -0.438     -1.066     -0.872      0.182     -0.215     -0.442
225.1500     -29980.358   -29988.488        8.131   325.9     -1.246     -1.155      0.122      0.779      0.129     -0.156
225.2000     -29979.847   -29987.490        7.643   306.4      0.904      0.102      0.390      0.183      0.031      0.070
225.2500     -29979.564   -29988.121        8.557   343.0     -0.819     -0.119      0.204     -0.024     -0.114     -0.194
225.3000     -29979.949   -29988.357        8.408   337.0     -0.161     -0.495      0.341     -0.136     -0.239      0.083
225.3500     -29980.292   -29988.184        7.891   316.3      0.090     -0.742     -0.216      0.058      0.299      0.359
225.4000     -29980.160   -29987.916        7.756   310.9     -0.686     -0.609     -0.676     -0.253      0.019     -0.332
225.4500     -29980.391   -29988.246        7.855   314.9     -0.366      0.384     -0.275      0.639     -0.106      0.168
225.5000     -29980.461   -29988.930        8.469   339.5     -0.679      0.115      0.203     -0.184      0.443     -0.533
225.5500     -29980.367   -29988.420        8.053   322.8     -0.004     -0.441     -0.370      0.153     -0.295      0.228
225.6000     -29980.027   -29987.896        7.870   315.5     -0.221     -0.460     -0.356     -0.359      0.286     -0.139
225.6500     -29979.860   -29988.002        8.142   326.4     -0.150     -0.156     -0.514      0.315     -0.494     -0.159
225.7000     -29979.771   -29988.529        8.759   351.1     -0.807     -0.743     -0.583     -0.387      0.064     -0.176
225.7500     -29980.399   -29988.576        8.177   327.8     -0.531     -0.089     -1.055      0.577      0.377      0.026
225.8000     -29980.377   -29988.977        8.599   344.7     -0.130     -0.368     -0.921     -0.523     -0.169      0.255
225.8500     -29980.152   -29988.334        8.182   328.0      0.350     -0.264     -0.456     -0.547     -0.001     -0.012
225.9000     -29980.096   -29987.967        7.871   315.5     -0.441     -0.689     -0.058      0.136      0.743     -0.125
225.9500     -29980.263   -29988.051        7.788   312.2      0.085     -0.763     -0.657     -0.569     -0.341      0.422
226.0000     -29980.418   -29988.906        8.488   340.2     -0.429      0.512     -0.227      0.571     -0.512      0.071
226.0500     -29980.411   -29988.404        7.994   320.4     -0.327     -0.368      0.021     -0.134      0.168      0.513
226.1000     -29980.348   -29988.551        8.202   328.8     -0.705     -0.903     -0.728     -0.186     -0.288      0.122
226.1500     -29980.194   -29988.223        8.029   321.8     -0.340     -1.223     -0.383     -0.029     -0.265      0.030
226.2000     -29980.558   -29989.018        8.459   339.1     -0.117      0.081      0.090     -0.836      0.121     -0.314
226.2500     -29980.568   -29989.012        8.444   338.5      0.863      0.363      0.513     -0.744      0.166      0.007
226.3000     -29980.845   -29988.227        7.381   295.9      0.232      1.023     -0.361     -0.185     -0.021     -0.391
226.3500     -29980.999   -29989.086        8.087   324.1      0.538     -1.008     -0.146      0.070     -0.166     -0.387
226.4000     -29981.303   -29989.379        8.076   323.7     -0.517      0.326      0.019     -0.134     -0.252      0.079
226.4500     -29981.216   -29988.146        6.930   277.8      0.487     -0.536      0.560      0.278      0.301      0.368
226.5000     -29981.189   -29989.301        8.112   325.2     -0.233     -0.489      0.393     -0.702      0.083     -0.709
226.5500     -29980.851   -29989.545        8.694   348.5     -0.180     -0.267     -0.858      0.057      0.106      0.272
226.6000     -29980.671   -29988.529        7.858   315.0     -0.629     -0.719      0.048      0.052      0.203      0.070
226.6500     -29980.968   -29989.000        8.032   322.0      0.285      0.457     -0.191     -0.326     -0.105     -0.070
226.7000     -29981.225   -29989.439        8.214   329.3     -0.147     -0.873      0.860     -0.533      0.226      0.426
226.7500     -29980.882   -29989.205        8.323   333.6     -1.278     -0.941     -1.005      0.852      0.886     -0.073
226.8000     -29980.890   -29989.711        8.821   353.6     -0.131      0.080     -0.663     -0.094      0.302     -0.145
226.8500     -29981.582   -29989.125        7.543   302.3      0.171     -0.637      0.214     -0.222     -0.641     -0.094
226.9000     -29981.174   -29989.088        7.914   317.2      0.744      0.651     -0.337      0.180      0.468     -0.130
226.9500     -29980.724   -29988.992        8.269   331.4     -0.701     -0.177     -0.349      0.027     -0.019      0.053
227.0000     -29980.513   -29988.639        8.125   325.7     -0.342      0.260     -0.867     -0.418     -0.342      0.007
227.0500     -29980.857   -29988.775        7.918   317.4     -0.354     -0.867     -0.005     -0.343      0.360     -0.111
227.1000     -29980.578   -29988.930        8.352   334.8      0.154      0.017     -0.109     -0.069      0.130     -0.025
227.1500     -29980.690   -29988.990        8.300   332.7      1.029     -0.371     -0.185      0.336     -0.068      0.210
227.2000     -29980.689   -29989.555        8.866   355.4     -0.892     -0.443     -1.233     -0.441      0.344      0.555
227.2500     -29980.062   -29988.531        8.469   339.5     -0.580     -0.521     -0.371      0.268      0.747      0.083
227.3000     -29980.084   -29988.578        8.495   340.5     -0.919     -0.194      0.897     -0.279     -0.214     -0.224
227.3500     -29979.585   -29988.482        8.897   356.7      0.054     -0.032     -0.169     -0.565     -0.151     -0.384
227.4000     -29979.641   -29988.895        9.253   370.9      0.193      0.699      0.152      0.374      0.519      0.016
227.4500     -29979.667   -29987.900        8.234   330.0     -0.445     -0.460     -0.273     -0.461     -0.351      0.023
227.5000     -29980.056   -29988.105        8.050   322.7     -0.047      0.006     -0.016     -0.809     -0.365      0.484
227.5500     -29979.757   -29988.434        8.676   347.8     -0.862      0.251     -0.269     -0.082      0.427      0.584
227.6000     -29979.752   -29989.039        9.287   372.3      0.142     -1.160     -1.115     -0.213     -0.459      0.116
227.6500     -29980.169   -29988.678        8.508   341.1     -0.432     -0.531     -0.735     -0.300      0.222      0.252
227.7000     -29979.838   -29988.682        8.843   354.5     -0.626      0.303     -0.308     -0.355      0.271     -0.157
227.7500     -29979.343   -29988.092        8.749   350.7     -0.144     -1.076     -0.274      0.360      0.282      0.384
227.8000     -29979.340   -29988.133        8.792   352.4      0.098     -0.907      0.236     -0.333      0.091      0.048
227.8500     -29979.141   -29988.412        9.271   371.6      0.728      0.194     -0.301     -0.249      0.067      0.089
227.9000     -29979.271   -29988.074        8.803   352.9      0.271      0.206      0.566     -0.115     -0.320      0.442
227.9500     -29979.969   -29988.430        8.461   339.1     -0.471      0.293     -0.278     -0.329     -0.428     -0.099
228.0000     -29979.548   -29988.490        8.942   358.4     -0.384     -0.117     -0.610     -0.142      0.433      0.359
228.0500     -29979.761   -29987.934        8.173   327.6      0.291     -0.376     -0.310     -0.312     -0.529      0.312
228.1000     -29979.785   -29988.180        8.395   336.5     -0.911     -1.168     -0.911      0.257      0.378     -0.081
228.1500     -29979.794   -29989.141        9.347   374.7     -1.113     -0.650     -1.308      0.338     -0.383      0.217
228.2000     -29980.031   -29989.119        9.088   364.3      0.108     -0.860      0.032      0.476     -0.130     -0.265
228.2500     -29980.608   -29988.678        8.070   323.5      0.624      0.304     -0.457      0.297     -0.241      0.136
228.3000     -29980.591   -29988.521        7.931   317.9      0.213     -0.286     -0.885     -0.326     -0.230      0.101
228.3500     -29980.627   -29988.834        8.207   329.0     -0.724     -0.998     -0.414      0.759      0.004      0.125
228.4000     -29980.353   -29988.924        8.571   343.6      0.960     -0.209     -0.047      0.218      0.464     -0.316
228.4500     -29980.615   -29988.396        7.782   311.9      0.104     -0.502      0.052     -0.213     -0.406     -0.051
228.5000     -29980.038   -29987.941        7.903   316.8     -0.473      0.579     -0.626     -0.175      0.355      0.018
228.5500     -29980.283   -29988.486        8.203   328.8      0.432      0.308      0.097      0.302     -0.195      0.532
228.6000     -29980.149   -29988.293        8.144   326.5      0.032     -0.188     -0.662      0.330      0.059     -0.750
228.6500     -29980.371   -29988.248        7.877   315.7     -0.216     -0.932     -0.271     -0.325     -0.541      0.003
228.7000     -29980.095   -29988.182        8.087   324.2     -0.326     -0.412     -0.906      0.366      0.530      0.009
228.7500     -29980.157   -29988.207        8.050   322.7     -0.513     -1.214     -0.633      0.172     -0.212      0.678
228.8000     -29980.033   -29987.299        7.266   291.3      0.238     -0.246     -0.079      0.203      0.346      0.350
228.8500     -29980.152   -29987.943        7.791   312.3     -0.265     -0.005     -1.368      0.201     -0.196      0.081
228.9000     -29979.892   -29988.094        8.202   328.8     -0.894     -0.359     -0.809     -0.249      0.247     -0.213
228.9500     -29979.550   -29988.309        8.759   351.1      0.752      0.199      0.283     -0.119      0.184     -0.070
229.0000     -29979.362   -29987.518        8.156   326.9     -0.389      0.145     -0.147      0.162     -0.152      0.257
229.0500     -29979.037   -29987.230        8.193   328.4     -0.510     -0.935     -0.827     -0.337     -0.694     -0.111
229.1000     -29978.976   -29987.811        8.835   354.1     -0.669     -0.777     -0.905     -0.651     -0.022     -0.576
229.1500     -29978.832   -29987.561        8.728   349.9     -0.193     -1.034     -0.665      0.057      0.203     -0.293
229.2000     -29979.151   -29987.570        8.419   337.5      0.176     -0.217      0.805     -0.106      0.664      0.207
229.2500     -29979.299   -29987.451        8.152   326.8     -0.493      0.174     -0.842     -0.373     -0.314      0.160
229.3000     -29979.382   -29988.400        9.018   361.5     -0.303      0.560      0.660      0.281      0.545     -0.506
229.3500     -29979.943   -29988.088        8.145   326.5      0.133     -0.848     -0.116      0.107      0.001      0.113
229.4000     -29980.269   -29988.461        8.192   328.4     -0.218      0.428      0.236      0.251     -0.339     -0.314
229.4500     -29980.169   -29988.697        8.528   341.9     -0.498     -1.249     -0.420      0.185      0.294     -0.005
229.5000     -29980.244   -29988.549        8.304   332.9      0.381     -0.064      0.461      0.361      0.374     -0.391
229.5500     -29980.735   -29988.865        8.130   325.9     -0.742     -0.840      0.064     -1.032     -0.266     -0.022
229.6000     -29980.851   -29988.607        7.756   310.9      0.318     -0.113      0.669      0.602     -0.092     -0.225
229.6500     -29981.558   -29988.994        7.436   298.1     -1.232     -0.811     -0.448      0.057      0.609      0.235
229.7000     -29981.330   -29989.098        7.768   311.4     -0.820     -0.153      0.181     -0.247      0.074      0.174
229.7500     -29981.191   -29989.188        7.996   320.5     -1.149     -0.030     -0.973      0.060      0.285      0.267
229.8000     -29980.665   -29989.609        8.945   358.6     -0.902     -0.405      0.111      0.384      0.326     -0.306
229.8500     -29980.689   -29988.664        7.975   319.7      0.554     -1.123     -0.859      0.601      0.166      0.011
229.9000     -29980.663   -29989.078        8.416   337.3     -0.136     -0.733      0.185     -0.087      0.356     -0.204
229.9500     -29981.201   -29988.648        7.447   298.5     -0.641     -0.927     -0.487      0.060      0.026     -0.003
230.0000     -29980.993   -29988.910        7.917   317.4      0.154     -0.373     -0.250      0.114      0.033     -0.315
230.0500     -29981.347   -29989.023        7.676   307.7     -0.401     -0.719     -0.351      0.006     -0.146     -0.320
230.1000     -29980.540   -29988.496        7.956   318.9     -1.074     -0.081     -0.377     -0.126     -0.119      0.443
230.1500     -29980.385   -29988.260        7.875   315.7     -0.315     -0.131     -0.041      0.188      0.146      0.178
230.2000     -29980.410   -29988.234        7.824   313.6      0.309      0.415      0.339     -0.247      0.193     -0.101
230.2500     -29979.882   -29987.252        7.369   295.4      0.644      0.563      0.129      0.461      0.225     -0.102
230.3000     -29979.612   -29988.090        8.478   339.8      0.122      0.578      0.156     -0.078     -0.333     -0.133
230.3500     -29980.206   -29988.709        8.503   340.8     -0.576     -1.437     -0.052     -0.157     -0.059     -1.200
230.4000     -29980.010   -29988.381        8.371   335.5     -0.578      0.213     -0.309     -0.206     -0.565      0.186
230.4500     -29980.191   -29988.547        8.356   334.9     -0.601     -0.200     -0.154      0.186     -0.415     -0.601
230.5000     -29980.134   -29988.465        8.331   333.9     -0.406     -0.283     -0.645      0.319      0.047      0.115
230.5500     -29980.228   -29988.260        8.032   322.0     -1.316     -1.145     -1.121     -0.349      0.334      0.085
230.6000     -29980.119   -29988.588        8.468   339.5     -0.119     -0.227     -0.074      0.412     -0.516     -0.507
230.6500     -29980.362   -29987.381        7.019   281.4     -0.112     -0.595     -0.553      0.007     -0.022     -0.265
230.7000     -29979.624   -29988.230        8.607   345.0      0.059     -0.394      0.031     -0.130      0.210     -0.030
230.7500     -29979.184   -29988.029        8.845   354.6      0.172     -0.559      0.173     -0.108     -0.104     -0.176
230.8000     -29978.988   -29987.750        8.762   351.2     -0.290     -0.267     -0.793      0.097     -0.025      0.067
230.8500     -29979.149   -29987.670        8.521   341.6     -1.332     -1.459     -0.048      0.011      0.244     -0.367
230.9000     -29979.134   -29987.166        8.032   322.0     -0.684      0.087     -0.191     -0.074      0.038     -0.360
230.9500     -29979.167   -29987.445        8.278   331.8     -0.065      0.137     -0.178      0.701     -0.184      0.112
231.0000     -29978.066   -29987.221        9.155   367.0     -0.520     -1.561     -0.699      0.172     -0.201     -0.400
231.0500     -29977.996   -29986.779        8.783   352.1      0.169      0.426     -0.112      0.004     -0.353      0.174
231.1000     -29978.179   -29987.062        8.884   356.1     -0.564     -0.042      0.320     -0.377      0.468     -0.139
231.1500     -29977.821   -29986.775        8.955   359.0     -0.457     -0.781     -0.429      0.488      0.577     -0.163
231.2000     -29978.585   -29987.537        8.952   358.8      0.152     -0.147     -0.439      0.107     -0.462      0.222
231.2500     -29978.533   -29987.129        8.596   344.6     -0.085      1.457      0.101      0.350      0.535     -0.035
231.3000     -29978.153   -29986.670        8.517   341.4     -0.267     -1.637     -0.447      0.128     -0.462     -0.129
231.3500     -29978.329   -29986.787        8.458   339.0      0.032      0.257      0.669     -0.431      0.364      0.049
231.4000     -29978.239   -29987.404        9.165   367.4     -0.714      0.335     -0.250     -0.243     -0.591      0.737
231.4500     -29978.262   -29987.164        8.902   356.8     -0.741     -1.219     -1.565     -0.028      0.575      0.569
231.5000     -29978.410   -29988.053        9.643   386.5     -0.511      0.196     -0.660      0.170     -0.155      0.026
231.5500     -29978.559   -29987.404        8.845   354.6      0.853     -0.781     -0.318      0.132      0.458      0.450
231.6000     -29978.122   -29987.012        8.890   356.3     -0.386     -0.849     -0.616     -0.257     -0.340      0.005
231.6500     -29978.541   -29987.061        8.519   341.5      0.082     -0.272      0.195      0.423     -0.182      0.327
231.7000     -29978.894   -29986.740        7.847   314.5     -0.425     -0.275      0.243     -0.060     -0.077      0.305
231.7500     -29978.978   -29987.703        8.725   349.7     -0.296     -0.040     -0.590      0.334      0.287     -0.151
231.8000     -29979.416   -29988.182        8.765   351.4      0.097      0.365      0.264     -0.334      0.244     -0.430
231.8500     -29979.425   -29987.801        8.376   335.7      0.689      0.421      0.352      0.198     -0.172      0.215
231.9000     -29979.145   -29987.762        8.617   345.4     -0.054      0.127     -0.585      0.221      0.131      0.324
231.9500     -29979.653   -29987.844        8.191   328.3     -0.071     -0.657     -0.463     -0.226     -0.432     -0.106
232.0000     -29979.183   -29987.807        8.624   345.7     -1.515     -0.121     -0.791      0.136      0.561      0.122
232.0500     -29979.722   -29988.768        9.046   362.6      0.289     -0.417     -0.704      0.308     -0.441     -0.322
232.1000     -29980.353   -29988.469        8.116   325.3      0.864      0.961      0.105     -0.235      0.039     -0.094
232.1500     -29980.455   -29988.629        8.174   327.7      0.691      0.151      0.245     -0.030     -0.024     -0.868
232.2000     -29980.316   -29987.824        7.508   300.9     -0.202      0.066      0.511     -0.127      0.230      0.333
232.2500     -29980.657   -29988.857        8.200   328.7      0.502     -0.615      0.136      0.265     -0.514     -0.456
232.3000     -29980.828   -29988.252        7.424   297.6      0.554     -0.588     -0.631     -0.451      0.006      0.865
232.3500     -29980.737   -29988.143        7.405   296.8     -1.138     -1.056     -0.153      0.426      0.054     -0.043
232.4000     -29980.653   -29988.105        7.452   298.7     -0.067      0.093     -0.110     -0.121      0.014      0.137
232.4500     -29980.371   -29987.795        7.424   297.6     -0.635     -1.086     -0.902     -0.568     -0.033     -0.287
232.5000     -29980.692   -29988.729        8.036   322.1      0.958      0.312     -0.017      0.193      0.402      0.264
232.5500     -29980.628   -29988.566        7.938   318.2     -0.204     -0.168      0.813      0.228     -0.285     -0.754
232.6000     -29980.443   -29988.312        7.869   315.4      0.286     -0.213     -0.302     -0.318     -0.217      0.386
232.6500     -29980.895   -29988.781        7.886   316.1     -0.619     -0.090      0.106      0.307      0.126      0.364
232.7000     -29980.840   -29988.553        7.712   309.2     -0.945     -0.551     -0.624      0.011     -0.043     -0.277
232.7500     -29980.654   -29988.752        8.098   324.6     -0.459     -0.362     -0.433     -0.170      0.262     -0.161
232.8000     -29980.307   -29988.410        8.104   324.8     -1.097     -0.784     -0.735     -0.023      0.177      0.334
232.8500     -29980.182   -29988.406        8.225   329.7     -1.196     -0.331     -0.661      0.534     -0.400     -0.125
232.9000     -29979.659   -29988.609        8.951   358.8     -0.535     -0.530     -0.382     -0.073     -0.079      0.351
232.9500     -29979.837   -29988.762        8.925   357.7      0.773      0.589      0.648     -0.045     -0.468     -0.362
233.0000     -29979.606   -29988.125        8.519   341.5     -0.275     -0.929     -0.792      0.462      0.315     -0.524
233.0500     -29980.033   -29988.918        8.885   356.2     -0.783     -0.238      0.135     -0.237     -0.436     -0.093
233.1000     -29980.571   -29988.439        7.868   315.4      0.412     -0.620      0.143     -0.125      0.437     -0.202
233.1500     -29979.953   -29988.570        8.617   345.4     -0.320     -0.187      0.025     -0.177     -0.055      0.259
233.2000     -29979.905   -29988.381        8.476   339.7     -0.663      0.548     -0.625     -0.498      0.145     -0.678
233.2500     -29980.040   -29988.385        8.345   334.5     -0.681     -0.630     -0.891      0.099     -0.053      0.171
233.3000     -29980.420   -29988.713        8.293   332.4     -0.374     -0.497      0.913     -0.003      0.034      0.166
233.3500     -29980.646   -29988.756        8.110   325.1      0.166      0.087     -0.086     -0.059      0.550     -0.226
233.4000     -29980.244   -29988.283        8.039   322.2     -0.426      0.042      0.080     -0.399      0.015      0.211
233.4500     -29980.293   -29988.090        7.796   312.5     -0.183      0.118      0.124      0.106      0.083      0.229
233.5000     -29980.068   -29989.238        9.170   367.6     -0.862     -0.993     -1.103      0.191      0.417      0.641
233.5500     -29980.263   -29988.609        8.346   334.5     -0.494     -0.471     -1.009     -0.107     -0.428      0.074
233.6000     -29980.254   -29988.357        8.103   324.8     -0.439      0.563      0.529     -0.680      0.167      0.172
233.6500     -29979.992   -29988.201        8.209   329.1     -0.349     -0.238     -0.203     -0.193      0.497     -0.669
233.7000     -29980.065   -29988.883        8.818   353.5     -0.476     -0.433     -1.576      0.317      0.452      0.144
233.7500     -29980.212   -29988.498        8.286   332.1     -0.342     -0.452      0.310      0.364     -0.429      0.061
233.8000     -29980.489   -29988.512        8.022   321.6     -0.308      0.538     -0.295     -0.254      0.681      0.205
233.8500     -29979.958   -29988.148        8.191   328.3     -0.163      0.232     -0.504      0.167     -0.335     -0.173
233.9000     -29979.220   -29986.961        7.741   310.3      0.619      1.434      0.733     -0.125     -0.869      0.343
233.9500     -29979.478   -29987.453        7.975   319.7     -0.225     -1.589      0.329      0.126      0.347      0.002
234.0000     -29979.436   -29988.326        8.890   356.4     -0.453     -0.154     -0.493     -0.403     -0.508     -0.400
234.0500     -29979.824   -29988.648        8.824   353.7     -0.160      0.228      0.092      0.162      0.123      0.349
234.1000     -29979.654   -29988.375        8.721   349.6      1.248      0.366      0.568     -0.191     -0.118     -0.052
234.1500     -29978.994   -29987.781        8.787   352.2     -0.560     -0.318      0.467      0.267     -0.203     -0.020
234.2000     -29978.695   -29987.598        8.903   356.9      0.498      0.256     -0.358      0.797      0.052     -0.155
234.2500     -29979.000   -29987.898        8.898   356.7     -0.127      0.086     -0.380      0.406      0.022     -0.219
234.3000     -29979.336   -29988.160        8.824   353.7     -0.308     -1.190     -0.825      0.157     -0.482      0.674
234.3500     -29979.732   -29988.066        8.334   334.1     -0.603     -0.063     -1.010      0.035      0.217      0.378
234.4000     -29979.751   -29988.115        8.364   335.3     -0.650     -0.728     -0.343      0.241      0.077      0.094
234.4500     -29979.095   -29987.891        8.796   352.6     -0.485     -0.283     -1.007     -0.201      0.136     -0.660
234.5000     -29979.171   -29987.562        8.392   336.4     -0.913      0.476      0.085     -0.248      0.086     -0.751
234.5500     -29979.736   -29988.176        8.440   338.3      0.267     -0.084     -0.489     -0.206      0.054     -0.037
234.6000     -29979.990   -29989.188        9.198   368.7     -0.172     -0.345     -0.246      0.129     -0.191     -0.132
234.6500     -29980.494   -29988.607        8.113   325.2     -0.308     -0.370     -1.340     -0.315      0.205      0.078
234.7000     -29980.693   -29988.227        7.534   302.0     -0.424     -0.003     -1.358     -0.295     -0.214      0.220
234.7500     -29980.625   -29987.945        7.320   293.4     -0.696     -0.115      0.714     -0.158     -0.142      0.069
234.8000     -29981.048   -29988.707        7.659   307.0     -0.298     -0.746     -0.683     -0.120     -0.045      0.109
234.8500     -29980.781   -29989.082        8.301   332.7     -1.251     -0.701     -0.536      0.362      0.009     -0.114
234.9000     -29981.018   -29988.480        7.463   299.1      0.445     -0.244      0.158      0.157     -0.101     -0.200
234.9500     -29981.197   -29989.301        8.104   324.8      0.188     -0.003     -0.548     -0.010      0.248     -0.073
235.0000     -29981.478   -29988.695        7.217   289.3     -0.043     -0.183     -0.408      0.425     -0.239      0.173
235.0500     -29981.545   -29989.750        8.205   328.9     -1.141     -1.175     -0.115     -0.020      0.250     -0.704
235.1000     -29981.082   -29988.400        7.319   293.4      0.191      0.071      0.169      0.795      0.030      0.121
235.1500     -29980.617   -29987.535        6.918   277.3     -0.639     -0.048     -1.338      0.360     -0.239     -0.129
235.2000     -29980.869   -29988.520        7.651   306.7     -0.616     -1.304     -0.152     -0.399     -0.194      0.333
235.2500     -29980.825   -29988.697        7.872   315.6     -0.502     -0.663     -0.153      0.506      0.003     -0.368
235.3000     -29980.471   -29989.301        8.830   354.0     -0.497     -0.019     -1.090      0.209      0.030      0.413
235.3500     -29980.994   -29988.973        7.978   319.8     -0.321     -1.311      0.819     -0.270      0.148     -0.723
235.4000     -29981.364   -29989.467        8.103   324.8     -0.360     -0.223     -1.118      0.446      0.050     -0.528
235.4500     -29981.263   -29988.908        7.645   306.4     -0.715      0.233     -0.215     -0.049      0.088      0.039
235.5000     -29981.376   -29989.357        7.981   319.9      0.401      0.058      0.811     -0.173     -0.447      0.516
235.5500     -29981.354   -29989.383        8.029   321.8      0.015     -0.049     -0.605      0.494      0.025      0.534
235.6000     -29981.317   -29988.906        7.589   304.2     -0.362     -0.391     -0.020     -0.330      0.062      0.079
235.6500     -29980.779   -29988.537        7.758   311.0      0.021     -0.428     -1.043     -0.600     -0.110      0.314
235.7000     -29980.710   -29989.250        8.540   342.3     -0.268     -0.702     -1.408      0.023     -0.276      0.475
235.7500     -29980.910   -29989.789        8.879   355.9     -0.297     -0.554     -0.062     -0.367      0.163     -0.671
235.8000     -29981.174   -29988.812        7.638   306.2      0.668      0.049      0.078      0.284     -0.028     -0.159
235.8500     -29981.265   -29989.789        8.524   341.7      0.203     -0.151     -0.778      0.016     -0.009      0.268
235.9000     -29981.052   -29989.178        8.126   325.7     -0.264      0.302      0.094     -0.039     -0.242     -0.002
235.9500     -29980.963   -29988.775        7.812   313.1      0.306      1.004     -0.309     -0.080     -0.379     -0.853
236.0000     -29981.402   -29988.777        7.376   295.7     -0.614     -0.372     -0.174     -0.157      0.554      0.225
236.0500     -29981.177   -29989.018        7.840   314.3      1.066      0.452      0.156     -0.053      0.424     -0.434
236.1000     -29981.564   -29988.895        7.330   293.8     -0.167      0.097      0.210      0.053     -0.270      0.165
236.1500     -29981.251   -29988.637        7.386   296.1      0.229     -0.663     -0.554     -0.480     -0.577      0.001
236.2000     -29980.993   -29989.234        8.241   330.3     -0.437     -0.449     -0.311      0.303     -0.018     -0.205
236.2500     -29980.681   -29989.533        8.852   354.8     -0.879     -0.131     -0.500     -0.443      0.250      0.248
236.3000     -29981.444   -29989.480        8.037   322.2     -0.728     -1.119     -0.111     -0.164     -0.020      0.474
236.3500     -29981.091   -29988.926        7.835   314.0     -0.091     -0.707     -0.584     -0.339      0.328      0.132
236.4000     -29981.111   -29988.832        7.721   309.5     -0.746     -0.083     -0.389     -0.151     -0.001     -0.047
236.4500     -29980.651   -29988.645        7.993   320.4     -0.172     -1.373     -0.467      0.107     -0.176      0.049
236.5000     -29980.089   -29988.941        8.852   354.8     -0.246      0.672      0.104     -0.311      0.674      0.011
236.5500     -29979.724   -29988.668        8.944   358.5     -0.157     -1.137     -0.679      0.542     -0.204     -0.046
236.6000     -29980.154   -29988.355        8.202   328.8     -0.622     -0.359     -0.695      0.177     -0.102      0.307
236.6500     -29979.960   -29988.135        8.175   327.7     -1.404     -0.879     -1.024      0.200     -0.100     -0.307
236.7000     -29979.658   -29987.682        8.024   321.6     -0.692     -1.103     -1.152     -0.334     -0.384      0.180
236.7500     -29980.136   -29987.865        7.729   309.8     -0.103     -0.700     -0.004     -0.033     -0.143     -0.322
236.8000     -29980.015   -29987.717        7.701   308.7      0.737     -0.609      0.201     -0.079      0.668      0.295
236.8500     -29980.136   -29987.639        7.503   300.8     -0.368     -0.020     -0.051      0.216     -0.117     -0.034
236.9000     -29980.246   -29988.281        8.036   322.1      1.025      0.183      0.692      0.486     -0.449      0.266
236.9500     -29980.638   -29988.061        7.423   297.5     -0.516      0.304      0.985     -0.529      0.035      0.362
237.0000     -29980.346   -29987.965        7.619   305.4     -0.554      0.041     -0.115     -0.172     -0.169     -0.267
237.0500     -29979.980   -29988.205        8.225   329.7     -0.510     -0.857     -0.398     -0.349      0.054     -0.135
237.1000     -29980.154   -29988.650        8.496   340.6     -1.030      0.309     -1.033     -0.178      0.104     -0.028
237.1500     -29980.235   -29988.146        7.911   317.1     -0.533     -1.845     -0.345      0.286     -0.113      0.535
237.2000     -29980.625   -29988.408        7.783   312.0      0.101      0.417     -0.539     -0.127      0.061     -0.148
237.2500     -29980.445   -29987.904        7.459   299.0     -0.668     -0.534      1.040      0.178      0.057      0.300
237.3000     -29980.371   -29987.904        7.533   302.0     -0.096      0.768     -0.445     -0.009      0.612     -0.341
237.3500     -29980.059   -29987.240        7.181   287.9     -1.321     -0.969     -0.961     -0.416      0.155      0.167
237.4000     -29979.991   -29988.418        8.427   337.8      0.569      0.408      0.585     -0.459     -0.069      0.310
237.4500     -29980.199   -29987.990        7.792   312.3      0.264     -0.407      0.176      0.041      0.682     -0.397
237.5000     -29980.474   -29988.797        8.323   333.6      0.109      0.064     -0.407     -0.184      0.027      0.340
237.5500     -29980.124   -29988.531        8.407   337.0     -0.417     -0.218      0.281      0.420     -0.406     -0.087
237.6000     -29979.852   -29988.266        8.414   337.3      0.160     -0.259     -0.076     -0.408      0.170     -0.562
237.6500     -29979.816   -29988.123        8.307   333.0      0.307      0.429     -0.414     -0.356     -0.415      0.566
237.7000     -29979.784   -29987.986        8.202   328.8     -0.287     -1.047     -0.765     -0.548     -0.084      0.273
237.7500     -29980.002   -29988.129        8.127   325.8     -0.266      0.719     -0.137      0.533      0.494     -0.122
237.8000     -29979.532   -29988.119        8.587   344.2     -0.200     -1.260     -0.044     -0.280     -0.166      0.408
237.8500     -29979.686   -29988.193        8.508   341.0     -0.542      0.453     -0.471      0.489     -0.033     -0.609
237.9000     -29979.834   -29988.135        8.301   332.7      0.298     -0.964     -0.420     -0.027      0.157      0.198
237.9500     -29980.047   -29988.568        8.521   341.6     -1.650     -1.146     -0.688     -0.123     -0.201     -0.570
238.0000     -29980.375   -29988.012        7.637   306.1      0.033      0.836     -1.247      0.105      0.234      0.190
238.0500     -29980.408   -29988.820        8.412   337.2     -0.940      0.289     -0.330     -0.619     -0.243     -0.214
238.1000     -29980.531   -29988.578        8.048   322.6     -1.153     -1.382     -1.231     -0.058     -0.094     -0.262
238.1500     -29980.225   -29988.498        8.274   331.6      0.203      0.031     -0.258     -0.314      0.972     -0.625
238.2000     -29980.086   -29988.160        8.074   323.6     -0.257     -0.635     -0.731     -0.382     -0.260      0.624
238.2500     -29979.882   -29988.418        8.536   342.2     -0.836     -0.941      0.134     -0.049      0.295     -0.140
238.3000     -29979.997   -29987.490        7.493   300.4     -0.204     -0.833     -0.589      1.154     -0.051      0.594
238.3500     -29980.080   -29988.262        8.182   328.0     -0.471     -0.337     -0.362     -0.161      0.138      0.321
238.4000     -29980.035   -29988.539        8.504   340.9     -0.078     -0.816     -0.399      0.250      0.035     -0.134
238.4500     -29979.940   -29988.182        8.241   330.3     -0.439     -0.918     -0.995      0.301     -0.366     -0.395
238.5000     -29980.039   -29988.820        8.781   352.0      0.403     -0.122     -0.273      0.422     -0.397     -0.005
238.5500     -29980.061   -29988.447        8.386   336.1     -0.668      0.139     -0.887      0.406      0.035     -0.605
238.6000     -29980.838   -29988.627        7.789   312.2     -0.886     -0.312     -0.472      0.227      0.093      0.246
238.6500     -29980.575   -29988.357        7.782   311.9     -1.261     -0.470     -1.057     -0.248     -0.160     -0.197
238.7000     -29979.861   -29988.135        8.274   331.7     -0.371     -1.120      0.195     -0.205      0.290      0.552
238.7500     -29979.627   -29988.166        8.539   342.3     -1.868     -0.575     -0.785     -0.531      0.712     -0.096
238.8000     -29980.090   -29988.598        8.508   341.0     -0.547     -1.807     -1.113      0.080      0.450      0.392
238.8500     -29980.669   -29988.795        8.126   325.7     -0.573     -0.951     -0.259      0.159      0.098     -0.578
238.9000     -29980.900   -29988.916        8.016   321.3     -0.216     -0.299      0.131     -0.448      0.073      0.303
238.9500     -29980.962   -29989.398        8.437   338.2      0.272     -0.138     -0.757     -0.199     -0.122      0.516
239.0000     -29981.458   -29988.729        7.270   291.4     -0.228     -0.043     -0.717      0.142      0.132     -0.180
239.0500     -29981.300   -29989.008        7.707   308.9      0.209     -0.401     -0.600     -0.226     -0.008      0.359
239.1000     -29981.421   -29988.576        7.155   286.8     -0.738      0.205     -0.477      0.130      0.325     -0.244
239.1500     -29981.815   -29989.809        7.994   320.4     -0.451     -0.381     -0.247      0.338     -0.108     -0.329
239.2000     -29981.762   -29989.242        7.480   299.8      0.059     -0.369     -0.225     -0.268      0.772      0.145
239.2500     -29981.610   -29989.098        7.487   300.1     -0.758     -1.732     -0.737     -0.303     -0.191     -0.159
239.3000     -29981.280   -29988.875        7.595   304.4     -0.546     -0.825     -0.083      0.265      0.177     -0.487
239.3500     -29981.391   -29989.254        7.863   315.2      0.148     -0.423     -0.161     -0.107     -0.327      0.391
239.4000     -29981.692   -29989.506        7.814   313.2     -0.013      0.230     -1.120     -0.047      0.262     -0.375
239.4500     -29981.431   -29989.836        8.405   336.9     -0.600     -0.046     -0.078     -0.110      0.216     -0.611
239.5000     -29981.807   -29989.863        8.056   322.9      0.047      0.056     -0.102     -0.175      0.095      0.035
239.5500     -29981.774   -29989.004        7.230   289.8      0.008      0.517     -0.111      0.133      0.499     -0.440
239.6000     -29981.962   -29990.395        8.433   338.0      0.159      0.130      0.360     -0.657      0.031      0.096
239.6500     -29981.412   -29989.752        8.340   334.3     -0.368     -0.394     -0.264      0.148      0.095     -0.011
239.7000     -29981.683   -29988.744        7.062   283.1     -0.305     -0.651     -0.397     -0.131      0.118      0.045
239.7500     -29981.764   -29989.439        7.676   307.7     -0.590     -0.288     -0.447     -0.021     -0.418     -0.506
239.8000     -29981.798   -29989.246        7.448   298.5     -0.125     -1.070     -0.395     -0.048     -0.508     -0.008
239.8500     -29981.853   -29989.465        7.611   305.1     -0.848     -0.540     -0.954     -0.186     -0.149     -0.228
239.9000     -29981.450   -29989.041        7.591   304.3     -0.727     -0.800      0.275     -0.032      0.285     -0.279
239.9500     -29981.268   -29989.283        8.015   321.3      0.539      0.259      0.307     -0.397      0.157      0.232
240.0000     -29981.360   -29989.191        7.831   313.9     -0.101     -0.992     -0.253      0.209     -0.015     -0.061
240.0500     -29981.439   -29989.645        8.206   328.9     -0.330      0.356     -0.891     -0.080     -0.117     -0.109
240.1000     -29981.890   -29989.484        7.595   304.4     -0.591     -0.153     -0.249     -0.081     -0.230      0.113
240.1500     -29982.411   -29989.871        7.460   299.0     -0.643     -0.107     -0.592     -0.151     -0.521     -0.402
240.2000     -29982.405   -29990.283        7.879   315.8     -0.140     -0.659     -0.475      0.242      0.327      0.024
240.2500     -29982.591   -29990.611        8.021   321.5     -0.407      0.072      0.458     -0.248      0.099     -0.391
240.3000     -29982.077   -29990.174        8.097   324.6     -0.658     -0.298     -0.798     -0.794     -0.353     -0.151
240.3500     -29981.670   -29990.176        8.505   340.9     -0.544     -0.421     -0.357      0.123     -0.577      0.161
240.4000     -29981.637   -29989.400        7.764   311.2     -0.127      0.193     -0.814      0.097      0.424      0.269
240.4500     -29982.063   -29989.986        7.924   317.6      0.327      0.045      0.298     -0.042     -0.435     -0.268
240.5000     -29982.095   -29989.818        7.724   309.6     -0.054     -0.626     -0.119     -0.346      0.050      0.350
240.5500     -29982.014   -29989.639        7.625   305.6     -0.138      0.230     -0.710     -0.084     -0.137     -0.453
240.6000     -29981.714   -29989.436        7.721   309.5     -0.653     -0.610     -0.269     -0.580      0.659      0.017
240.6500     -29981.583   -29989.160        7.577   303.7     -0.164     -0.013      0.708     -0.025     -0.058     -0.597
240.7000     -29981.344   -29989.500        8.156   326.9      0.236      0.013      0.180     -0.421     -0.362      0.111
240.7500     -29982.020   -29989.283        7.264   291.2      0.401      0.270      0.199     -0.480     -0.027      0.503
240.8000     -29981.607   -29989.383        7.776   311.7     -0.537      1.229      0.233     -0.024      0.593     -0.246
240.8500     -29980.853   -29989.119        8.266   331.3     -0.008     -0.660     -0.433      0.290      0.074     -0.306
240.9000     -29980.494   -29988.760        8.266   331.3     -0.088     -0.537     -1.429      0.079      0.135      0.518
240.9500     -29980.104   -29988.779        8.675   347.7      0.857      0.339      0.273      0.652     -0.472     -0.954
241.0000     -29981.075   -29989.451        8.376   335.8     -0.760     -0.314     -0.592      0.577     -0.188      0.032
241.0500     -29981.169   -29989.697        8.528   341.9     -0.518     -0.750     -0.649     -0.086     -0.378      0.518
241.1000     -29980.770   -29988.795        8.025   321.7     -0.850      0.749     -1.053     -0.220      0.274      0.184
241.1500     -29981.166   -29989.227        8.060   323.1     -0.570     -0.261      0.447      0.620     -0.602     -0.352
241.2000     -29980.950   -29989.658        8.708   349.1      0.773      0.074     -0.149      0.472     -0.412      0.042
241.2500     -29980.579   -29988.646        8.068   323.4     -0.406     -0.083     -0.178     -0.281      0.476      0.015
241.3000     -29980.653   -29988.158        7.505   300.8     -0.705     -0.677     -0.123      0.533     -0.237      0.181
241.3500     -29980.011   -29988.900        8.890   356.3     -0.480     -0.588     -0.845      0.145     -0.491     -0.512
241.4000     -29980.266   -29989.084        8.818   353.5     -0.145      0.127     -0.580      0.189      0.051     -0.355
241.4500     -29980.410   -29988.924        8.514   341.3     -0.071     -1.782     -0.052     -0.345     -0.402     -0.071
241.5000     -29980.633   -29989.199        8.566   343.4     -0.802     -0.406     -0.605     -0.414     -0.127     -0.259
241.5500     -29981.023   -29988.641        7.618   305.3      0.395     -0.404     -0.754     -0.304      0.283     -0.543
241.6000     -29980.299   -29989.232        8.934   358.1     -0.518     -0.641     -0.142      0.289     -0.302      0.216
241.6500     -29980.416   -29988.391        7.974   319.6     -0.054     -0.726     -0.661     -0.745      0.170     -0.532
241.7000     -29980.807   -29989.236        8.429   337.9      0.003     -0.838      0.046      0.440     -0.210      0.454
241.7500     -29980.478   -29988.668        8.190   328.3     -0.371     -0.722     -0.670     -0.824     -0.111     -0.094
241.8000     -29980.672   -29988.215        7.543   302.4     -0.383     -0.243     -1.032     -0.086      0.439      0.170
241.8500     -29980.713   -29988.615        7.903   316.8     -0.369     -0.720     -0.352      0.293      0.071     -0.106
241.9000     -29980.298   -29988.846        8.548   342.6      0.443     -0.209     -1.130      0.546      0.192      0.355
241.9500     -29981.021   -29988.818        7.797   312.5     -0.159     -0.484     -0.482      0.402     -0.389     -0.238
242.0000     -29980.783   -29988.377        7.594   304.4     -0.221     -0.772     -0.019     -0.439     -0.041     -0.292
242.0500     -29980.738   -29989.262        8.524   341.7     -1.442     -0.999     -0.413      0.364      0.345      0.367
242.1000     -29980.752   -29988.986        8.234   330.1     -0.256     -0.540     -0.273     -0.239      0.534      0.123
242.1500     -29980.641   -29988.125        7.484   300.0     -0.090      0.074     -0.457     -0.450     -0.043      0.125
242.2000     -29979.840   -29988.271        8.431   338.0     -0.140      0.227      0.186      0.524     -0.145     -0.313
242.2500     -29980.022   -29987.836        7.814   313.2     -0.522     -0.220      0.180     -0.320      0.232     -0.477
242.3000     -29980.352   -29988.320        7.968   319.4     -0.427      0.133     -0.893     -0.046     -0.261      0.359
242.3500     -29979.798   -29988.420        8.622   345.6     -0.019     -0.570     -0.295     -0.234     -0.465     -0.226
242.4000     -29980.328   -29988.738        8.410   337.1     -0.444      0.101     -0.664     -0.117     -0.223      0.196
242.4500     -29980.626   -29988.621        7.995   320.5     -0.089     -0.295      0.155      0.188      0.002      0.270
242.5000     -29980.415   -29988.814        8.399   336.7     -1.085     -0.145     -0.612      0.734     -0.122     -0.059
242.5500     -29980.610   -29989.012        8.402   336.8     -0.420      0.264     -0.018     -0.607     -0.507      0.021
242.6000     -29980.630   -29989.211        8.581   344.0     -0.122     -0.399     -0.742     -0.145      0.183      0.024
242.6500     -29980.316   -29988.824        8.508   341.0      0.601     -1.174     -0.236     -0.117     -0.361      0.559
242.7000     -29980.542   -29988.416        7.874   315.6     -0.127      0.134      0.148      0.514     -0.174      0.183
242.7500     -29980.172   -29988.697        8.526   341.7     -0.236     -1.083     -0.326      0.196      0.199     -0.405
242.8000     -29980.560   -29988.740        8.181   327.9     -1.029     -0.776     -1.858     -0.387      0.355      0.405
242.8500     -29980.294   -29989.020        8.726   349.8      0.116     -0.727     -0.791      0.117     -0.283     -0.658
242.9000     -29980.049   -29988.506        8.457   339.0      0.121     -0.336      0.013     -0.251      0.497      0.268
242.9500     -29980.540   -29989.072        8.532   342.0     -0.564     -0.399     -0.355      0.117     -0.264     -0.020
243.0000     -29980.481   -29988.238        7.757   310.9      0.920     -0.482     -0.105      0.052      0.373      0.730
243.0500     -29980.912   -29989.021        8.109   325.1      0.000      0.113      0.597     -0.067     -0.536      0.573
243.1000     -29981.072   -29988.871        7.800   312.6     -0.993     -0.967     -0.541      0.428      0.121      0.487
243.1500     -29981.030   -29988.750        7.720   309.4      0.090     -0.083     -0.263      0.310      0.000     -0.066
243.2000     -29980.864   -29988.570        7.706   308.9     -0.190      0.023      0.238      0.328      0.082      0.373
243.2500     -29980.958   -29989.436        8.478   339.8     -0.051     -0.839     -0.381      0.044      0.453      0.387
243.3000     -29980.720   -29989.035        8.316   333.3     -0.601      0.808     -0.147     -0.052     -0.519      0.188
243.3500     -29980.688   -29988.740        8.053   322.8     -0.150      0.076     -0.315      0.580     -0.158      0.035
243.4000     -29981.273   -29989.297        8.024   321.6      0.954      0.160     -0.151      0.275      0.403      0.163
243.4500     -29980.695   -29989.053        8.358   335.0     -1.101     -0.094     -0.441     -0.326     -0.478     -0.011
243.5000     -29980.557   -29988.547        7.990   320.3     -0.086     -0.773     -0.458      0.596     -0.199      0.411
243.5500     -29980.276   -29988.387        8.110   325.1      0.121      0.522     -0.203     -0.346     -0.141      0.027
243.6000     -29980.380   -29989.141        8.761   351.2     -0.472     -0.558      0.214      0.348      0.310      0.094
243.6500     -29980.183   -29988.316        8.134   326.0      0.424     -0.199      0.037     -0.141      0.354     -0.531
243.7000     -29980.144   -29988.721        8.576   343.8     -0.822     -1.679     -0.736      0.274      0.228      0.631
243.7500     -29980.220   -29988.725        8.504   340.9     -0.350     -1.348     -1.013     -0.293      0.138     -0.404
243.8000     -29979.923   -29988.377        8.454   338.9     -0.400     -0.206      0.052      0.588     -0.329      0.008
243.8500     -29979.935   -29988.654        8.719   349.5      0.370      0.126     -0.163      0.247     -0.619     -0.249
243.9000     -29980.093   -29988.332        8.239   330.3     -1.036      0.093     -0.433      0.026      0.498     -0.256
243.9500     -29980.317   -29988.482        8.166   327.3     -0.737      0.489      0.415     -0.082     -0.437      0.705
244.0000     -29979.934   -29988.490        8.556   343.0      0.187     -1.021     -0.719     -0.109      0.105      0.278
244.0500     -29980.526   -29988.688        8.162   327.2      0.071      0.063      0.487      0.730     -0.824      0.492
244.1000     -29980.451   -29988.428        7.976   319.7     -0.661      0.029      1.339      0.281      0.019     -0.089
244.1500     -29979.849   -29988.043        8.194   328.5     -0.213     -0.493     -0.555      0.106      0.337      0.388
244.2000     -29979.485   -29987.777        8.292   332.4     -0.567     -0.403     -0.976     -0.044      0.214     -0.277
244.2500     -29979.696   -29988.299        8.603   344.8      0.400      0.491     -0.202      0.281     -0.106      0.655
244.3000     -29979.737   -29988.037        8.300   332.7     -0.054      0.223      0.626     -0.145      0.024      0.328
244.3500     -29980.010   -29988.129        8.119   325.5      0.327     -0.065     -0.057     -0.221     -0.047     -0.081
244.4000     -29980.441   -29988.420        7.979   319.8     -0.828     -0.282      0.747      0.041     -0.319      0.028
244.4500     -29980.087   -29987.982        7.895   316.5     -0.166      0.044      0.615     -0.320      0.044     -0.404
244.5000     -29980.211   -29988.701        8.490   340.3      0.770     -0.078      1.237      0.564     -0.174     -0.009
244.5500     -29980.231   -29988.572        8.342   334.4      0.177     -0.049      0.289     -0.124      0.154     -0.332
244.6000     -29980.374   -29988.717        8.343   334.4     -0.575     -0.277     -0.174      0.269     -0.925      0.441
244.6500     -29980.297   -29988.143        7.846   314.5      0.910      0.326     -0.457     -0.550      0.022     -0.112
244.7000     -29980.610   -29987.969        7.359   295.0     -0.494      0.218     -0.652      0.089     -0.294     -0.134
244.7500     -29980.693   -29989.549        8.856   355.0     -0.737     -0.714      0.308     -0.319      0.061     -0.403
244.8000     -29980.498   -29988.846        8.348   334.6     -0.705     -0.630     -0.240      0.404      0.116     -0.057
244.8500     -29980.494   -29989.002        8.508   341.0     -0.865      0.316     -0.781     -0.369      0.165     -0.111
244.9000     -29980.682   -29988.799        8.117   325.4      0.140     -0.948      0.426      0.145      0.060     -0.450
244.9500     -29980.909   -29988.727        7.817   313.3     -0.098      0.783     -0.280     -0.726      0.417     -0.036
245.0000     -29980.693   -29988.070        7.378   295.7     -0.531     -0.474     -1.055      0.553     -0.257      0.348
245.0500     -29980.817   -29988.770        7.952   318.8      1.046      0.039      0.338     -0.860     -0.005     -0.059
245.1000     -29980.930   -29988.385        7.454   298.8      0.720      0.012     -0.141      0.268      0.067      0.031
245.1500     -29980.516   -29988.875        8.359   335.1     -0.519      0.253     -0.082      0.132      0.154     -0.320
245.2000     -29980.748   -29988.865        8.117   325.4     -1.451     -1.201     -1.260      0.258     -0.443     -0.620
245.2500     -29980.377   -29988.471        8.093   324.4     -0.967     -1.413     -0.711      0.049      0.093     -0.049
245.3000     -29980.112   -29988.123        8.011   321.1      0.026      0.348     -0.601      0.792      0.010     -0.395
245.3500     -29980.191   -29988.605        8.415   337.3     -0.052     -0.549      0.725      0.067      0.384     -0.158
245.4000     -29980.056   -29987.730        7.675   307.6     -0.041     -0.164      0.405      0.317     -0.063     -0.160
245.4500     -29980.259   -29988.406        8.148   326.6     -0.934     -0.516     -0.659      0.092      0.076     -0.531
245.5000     -29980.379   -29988.971        8.592   344.4     -0.184     -0.213      0.484     -0.214     -0.266      0.006
245.5500     -29980.154   -29988.514        8.360   335.1     -0.993     -0.681     -1.059      0.221      0.138      0.853
245.6000     -29980.238   -29988.109        7.872   315.5     -0.228      0.680      0.259      0.429     -0.083     -0.405
245.6500     -29980.095   -29988.635        8.539   342.3      0.338      0.629      0.569     -0.406      0.099     -0.123
245.7000     -29980.143   -29988.232        8.090   324.3     -0.054      0.501      0.500      0.287     -0.103      0.271
245.7500     -29980.506   -29988.232        7.726   309.7     -0.162      0.760     -0.271     -0.585     -0.110      0.170
245.8000     -29980.616   -29987.979        7.362   295.1      0.578     -0.084      0.231     -0.295      0.442      0.002
245.8500     -29980.392   -29987.654        7.263   291.1     -0.502      0.067      0.318     -0.098      0.026     -0.228
245.9000     -29980.920   -29988.867        7.948   318.6      0.085      0.270     -0.189     -0.506      0.025      0.310
245.9500     -29981.269   -29989.432        8.163   327.2      0.273      0.078      0.106     -0.407      0.200      0.883
246.0000     -29981.335   -29988.895        7.559   303.0     -0.805      0.659     -1.191     -0.303     -0.154     -0.745
246.0500     -29981.283   -29988.002        6.719   269.3      0.191      0.756      0.725      0.204     -0.305      1.012
246.1000     -29981.228   -29988.529        7.301   292.7     -0.089      0.010     -0.124      0.277     -0.433     -0.520
246.1500     -29980.897   -29988.967        8.070   323.5     -0.453     -0.497     -0.025     -0.126      0.553     -0.050
246.2000     -29980.990   -29989.617        8.627   345.8     -0.684      0.228      0.116     -0.096     -0.989     -0.264
246.2500     -29980.662   -29989.588        8.926   357.8     -0.705     -0.377     -0.013      0.312      0.579     -0.185
246.3000     -29980.599   -29989.006        8.406   337.0     -1.060     -0.583     -0.970     -0.517     -0.171      0.364
246.3500     -29980.637   -29988.873        8.236   330.1      0.214     -0.702     -0.770     -0.137      0.070      0.078
246.4000     -29980.203   -29988.590        8.387   336.2     -0.994     -1.035     -1.051      0.325     -0.537     -0.125
246.4500     -29979.908   -29988.414        8.506   341.0     -0.632     -1.051      0.004     -0.012      0.367     -0.160
246.5000     -29980.170   -29988.371        8.201   328.8      0.321      0.346     -0.930     -0.416     -0.674     -0.167
246.5500     -29980.452   -29988.305        7.853   314.8      0.404     -0.338      0.302     -0.273      0.320     -0.322
246.6000     -29980.259   -29988.102        7.843   314.4      0.159     -0.058     -0.289     -0.155     -0.369     -0.302
246.6500     -29980.677   -29987.975        7.297   292.5      0.065      0.240     -0.124     -0.513      0.096      0.176
246.7000     -29980.518   -29988.887        8.369   335.5     -1.282      0.752     -0.395      0.191      0.100     -0.129
246.7500     -29980.624   -29988.756        8.132   326.0     -0.209     -0.991     -0.500      0.016     -0.116      0.478
246.8000     -29980.799   -29988.564        7.766   311.3      0.830      0.258     -0.097     -0.288     -0.409     -0.571
246.8500     -29980.750   -29988.738        7.989   320.2      0.701     -0.737     -0.317     -0.147     -0.099     -0.133
246.9000     -29980.157   -29988.227        8.069   323.4     -0.085      0.185      0.455     -0.078      0.130      0.309
246.9500     -29980.336   -29988.350        8.013   321.2     -0.087     -0.023     -0.270      0.387      0.059      0.257
247.0000     -29980.454   -29988.410        7.956   318.9     -0.709     -0.266     -0.653      0.290      0.327      0.065
247.0500     -29980.522   -29988.691        8.169   327.5     -0.752     -0.707     -0.783      0.321      0.061      0.140
247.1000     -29980.659   -29989.107        8.448   338.7      0.047      0.045     -0.222      0.072     -0.077     -0.088
247.1500     -29980.935   -29989.672        8.737   350.2     -1.373     -0.897      0.329     -0.771      0.040     -0.194
247.2000     -29981.245   -29989.602        8.356   335.0     -0.410      0.399     -0.339      0.401      0.322      0.237
247.2500     -29981.344   -29989.734        8.391   336.3     -0.912     -1.090     -0.159     -0.207      0.154     -0.524
247.3000     -29981.430   -29989.520        8.089   324.2     -0.907      0.270     -0.559      0.093     -0.348     -0.449
247.3500     -29981.378   -29989.879        8.501   340.8     -0.133      0.477      0.198      0.566     -0.111      0.212
247.4000     -29981.258   -29989.600        8.342   334.4     -0.915      0.041     -0.524     -0.102      0.269     -0.254
247.4500     -29981.018   -29988.779        7.761   311.1      0.887      1.262      0.975      0.216     -0.382     -0.130
247.5000     -29981.182   -29988.971        7.789   312.2     -0.642     -0.501     -0.660     -0.057     -0.214     -0.193
247.5500     -29980.932   -29989.020        8.087   324.2     -0.976      0.398     -0.048     -0.355     -0.002     -0.185
247.6000     -29981.250   -29989.258        8.008   321.0      0.025     -0.030     -0.186      0.331      0.155      0.121
247.6500     -29981.109   -29988.902        7.793   312.4     -0.317      0.216     -0.023     -0.221      0.115     -0.673
247.7000     -29980.962   -29988.871        7.909   317.0     -0.024      0.240      0.626     -0.139     -0.239     -0.322
247.7500     -29980.705   -29989.123        8.418   337.4     -0.611      0.151     -0.431     -0.040      0.120      0.481
247.8000     -29980.306   -29989.066        8.760   351.1     -0.164      0.069      0.348      0.137      0.167      0.069
247.8500     -29980.334   -29988.480        8.146   326.5     -0.111     -0.070      0.225      0.197     -0.357     -0.029
247.9000     -29980.719   -29988.793        8.074   323.7     -0.306      0.310     -0.468     -0.583     -0.542      0.294
247.9500     -29981.627   -29989.668        8.041   322.3     -0.230     -0.414      0.361      0.202      0.200     -0.235
248.0000     -29981.876   -29988.896        7.020   281.4     -0.163     -0.498     -0.574     -0.101     -0.116      0.053
248.0500     -29981.990   -29989.582        7.592   304.3      0.079      0.876      0.035      0.086      0.373      0.038
248.1000     -29981.875   -29989.428        7.553   302.8     -0.554     -0.107      0.100      0.025      0.181     -0.560
248.1500     -29981.902   -29989.316        7.415   297.2      0.028      0.422      0.214     -0.145     -0.055     -0.083
248.2000     -29981.916   -29989.541        7.625   305.6      0.075      0.733     -0.123      0.345     -0.070     -0.268
248.2500     -29981.442   -29988.869        7.427   297.7     -0.312      0.732      0.204     -0.147     -0.895     -0.099
248.3000     -29981.415   -29988.455        7.040   282.2     -0.842     -0.131      0.528      0.436      0.432      0.105
248.3500     -29981.550   -29989.250        7.700   308.7     -0.037      0.122     -1.045     -0.570      0.564      0.420
248.4000     -29981.251   -29989.105        7.854   314.8     -0.121     -0.313     -0.600      0.090      0.016      0.275
248.4500     -29981.479   -29989.861        8.382   336.0      0.161      0.459     -0.937     -0.264     -0.245     -0.515
248.5000     -29981.776   -29989.486        7.710   309.1     -0.538     -0.571     -0.173     -0.525     -0.139      0.067
248.5500     -29981.681   -29989.021        7.340   294.2      0.093      0.305     -0.569     -0.219      0.728     -0.198
248.6000     -29981.405   -29989.020        7.614   305.2      0.387      0.176      0.685      0.483      0.067     -0.086
248.6500     -29981.166   -29989.287        8.121   325.5     -0.671     -0.218     -1.528     -0.408      0.187      0.268
248.7000     -29981.037   -29988.479        7.442   298.3     -0.401     -1.217      0.782      0.381     -0.088      0.016
248.7500     -29980.956   -29989.641        8.685   348.1      0.198      0.186     -0.319     -0.351      0.367     -1.120
248.8000     -29980.703   -29989.383        8.680   347.9     -0.198     -0.783      0.018      0.012      0.174     -0.110
248.8500     -29980.632   -29989.020        8.387   336.2     -0.861     -0.501     -0.657     -0.260      0.075      0.029
248.9000     -29980.974   -29988.803        7.828   313.8     -0.310     -0.413     -0.013     -0.286     -0.081     -0.619
248.9500     -29981.053   -29988.295        7.241   290.3     -0.961     -0.573     -0.569     -0.257      0.066     -0.303
249.0000     -29980.929   -29988.699        7.770   311.5     -0.611     -1.079      0.379     -0.062     -0.415     -0.289
249.0500     -29980.753   -29989.594        8.841   354.4     -1.417      0.244      0.048     -0.275     -0.246     -0.466
249.1000     -29980.890   -29989.072        8.182   328.0     -0.924     -0.451     -1.214     -0.378     -0.493      0.562
249.1500     -29980.764   -29988.354        7.590   304.2     -1.092     -0.074     -0.716      0.031      0.367      0.215
249.2000     -29980.658   -29988.912        8.255   330.9      0.124      0.178      0.006     -0.019      0.134     -0.288
249.2500     -29980.834   -29989.912        9.078   363.9     -1.274     -0.226     -0.064     -0.348     -0.211      0.087
249.3000     -29980.640   -29988.662        8.022   321.6     -0.171     -0.088     -0.582     -0.220      0.393     -0.298
249.3500     -29980.722   -29989.357        8.635   346.1     -0.789     -0.414     -0.085     -0.236      0.075     -0.208
249.4000     -29980.451   -29988.523        8.073   323.6     -0.467     -0.194     -1.724     -0.238      0.384     -0.165
249.4500     -29980.839   -29988.609        7.770   311.5     -0.936     -0.579     -0.158     -0.300      0.067     -0.265
249.5000     -29980.350   -29988.627        8.277   331.8     -1.029     -1.444     -0.983     -0.427      0.377     -0.147
249.5500     -29980.617   -29988.762        8.145   326.5     -1.440     -0.275     -0.752      0.193      0.473     -0.117
249.6000     -29980.679   -29988.297        7.618   305.4     -0.142     -0.196     -0.496     -0.098      0.290     -0.160
249.6500     -29980.709   -29988.621        7.912   317.2      0.299     -0.349      0.005      0.045     -0.319      0.260
249.7000     -29980.900   -29988.643        7.742   310.4     -0.370     -0.604     -0.747      0.059      0.286      0.305
249.7500     -29980.543   -29989.049        8.506   341.0     -0.615      0.633     -0.160      0.141     -0.079     -0.223
249.8000     -29980.677   -29989.471        8.794   352.5     -0.041      1.089      0.218      0.041     -0.260      0.215
249.8500     -29980.303   -29988.137        7.833   314.0      0.372     -0.721     -0.845     -0.034      0.584     -0.122
249.9000     -29980.079   -29987.469        7.390   296.2     -0.535      0.044      0.567      0.262      0.281     -0.053
249.9500     -29979.835   -29988.699        8.864   355.3      0.194     -0.429     -0.041      0.079      0.480      0.214
250.0000     -29980.408   -29989.131        8.722   349.6      0.219      0.068      0.044     -0.184      0.196      0.159
250.0500     -29980.707   -29988.846        8.138   326.2     -0.621      0.723     -1.182     -0.350     -0.142      0.130
250.1000     -29980.477   -29988.604        8.126   325.7     -0.042     -0.689     -0.791      0.392      0.039     -0.457
250.1500     -29980.460   -29988.357        7.897   316.6     -0.409     -0.674     -0.809     -0.687     -0.033      0.161
250.2000     -29980.431   -29988.703        8.272   331.6     -0.235     -0.349     -0.246      0.181     -0.265      0.093
250.2500     -29980.632   -29989.920        9.288   372.3      0.570     -0.289     -0.325     -0.380     -0.426     -0.228
250.3000     -29980.965   -29989.201        8.236   330.1     -1.009     -0.803     -0.336     -0.218      0.009      0.113
250.3500     -29980.425   -29989.010        8.585   344.1     -0.602     -0.753     -1.153      0.191     -0.446     -0.182
250.4000     -29980.639   -29988.705        8.066   323.3     -0.456     -0.058     -0.322      0.065      0.221      0.115
250.4500     -29981.201   -29988.816        7.616   305.3     -0.097     -0.405     -0.367     -0.083     -0.475     -0.148
250.5000     -29981.284   -29989.410        8.126   325.7      0.039      0.075     -0.012      0.759     -0.270     -0.456
250.5500     -29981.102   -29988.969        7.866   315.3      0.857     -0.154     -1.229     -0.168      0.066     -0.642
250.6000     -29981.711   -29989.732        8.021   321.5     -1.015      0.579     -0.785     -0.006     -0.429      0.183
250.6500     -29981.791   -29989.781        7.990   320.3      0.132     -0.431     -0.462      0.408      0.227     -0.067
250.7000     -29981.284   -29989.174        7.890   316.3     -0.695     -0.068      0.083      0.381     -0.500      0.169
250.7500     -29980.853   -29989.189        8.337   334.2     -0.099      0.328     -0.003      0.033      0.384     -0.565
250.8000     -29980.791   -29988.680        7.889   316.2      0.333     -0.446     -0.925      0.567     -0.204      0.149
250.8500     -29980.782   -29988.381        7.599   304.6      0.263      0.035     -0.180      0.263     -0.431      0.443
250.9000     -29980.937   -29988.451        7.514   301.2     -0.879     -0.975     -0.388      0.059      0.241     -0.313
250.9500     -29980.923   -29988.367        7.444   298.4      0.229     -0.161      0.003     -0.454     -0.390     -0.228
251.0000     -29980.377   -29988.525        8.149   326.6     -0.406     -0.102      0.100      0.046      0.180     -0.177
251.0500     -29980.580   -29988.219        7.638   306.2     -0.366     -0.387     -0.308     -0.453      0.086      0.323
251.1000     -29980.981   -29989.018        8.036   322.1      0.010      0.208      0.633      0.113      0.675      0.183
251.1500     -29981.246   -29989.020        7.774   311.6     -0.566     -0.355     -0.929     -0.499      0.431     -0.001
251.2000     -29981.173   -29989.092        7.918   317.4      0.202     -0.644     -0.487     -0.101     -0.009     -0.213
251.2500     -29981.402   -29988.496        7.094   284.4     -0.639     -1.328     -0.578      0.450      0.001      0.002
251.3000     -29981.908   -29988.955        7.047   282.5      0.014     -0.746     -0.017     -0.140     -0.441     -0.076
251.3500     -29981.306   -29989.426        8.119   325.5      0.815     -0.654     -0.167      0.162      0.192     -0.194
251.4000     -29981.470   -29989.934        8.464   339.3     -1.206     -0.296     -0.211     -0.215      0.012     -0.061
251.4500     -29980.963   -29989.033        8.070   323.5     -0.247     -0.397     -0.241     -0.307      0.236     -0.106
251.5000     -29980.936   -29989.203        8.267   331.4     -1.159     -0.198     -0.814     -0.034      0.185     -0.355
251.5500     -29980.677   -29989.023        8.347   334.6     -0.538     -0.137     -0.396     -0.388     -0.357      0.265
251.6000     -29981.088   -29989.051        7.963   319.2     -0.013      0.534     -0.179      0.359     -0.415     -0.432
251.6500     -29981.161   -29989.434        8.273   331.6     -0.532     -0.176     -0.846     -0.224      0.566      0.294
251.7000     -29981.462   -29989.156        7.694   308.4     -0.221     -0.688      0.448      0.116     -0.064     -0.217
251.7500     -29981.961   -29989.084        7.123   285.5      0.011      0.313     -0.723     -0.217      0.048      0.059
251.8000     -29981.652   -29989.531        7.879   315.8     -0.637     -0.170     -0.044      0.334      0.208      0.131
251.8500     -29981.410   -29989.018        7.607   304.9      0.015     -0.639     -0.676     -0.475     -0.531     -0.300
251.9000     -29981.224   -29988.979        7.755   310.8     -1.566     -0.510     -0.176     -0.432     -0.214     -0.382
251.9500     -29981.085   -29989.521        8.437   338.2      0.413     -0.524     -0.614      0.437     -0.137      0.123
252.0000     -29981.296   -29988.973        7.677   307.7      0.008      0.225      0.067     -0.591     -0.075     -0.216
252.0500     -29981.275   -29988.916        7.641   306.3     -0.614     -0.141      0.864     -0.236     -0.390     -0.235
252.1000     -29980.844   -29988.264        7.420   297.4      0.264     -0.652     -0.578     -0.743     -0.035      0.485
252.1500     -29980.911   -29988.732        7.822   313.5      0.146     -0.230      0.221      0.232      0.098      0.534
252.2000     -29981.088   -29988.773        7.685   308.1     -0.937     -0.009     -0.319     -0.391     -0.184     -0.405
252.2500     -29980.882   -29988.312        7.431   297.9     -0.899     -1.166     -0.021     -0.056     -0.278     -0.155
252.3000     -29980.629   -29989.152        8.524   341.7      0.503     -0.131     -0.300     -0.111      0.647     -0.131
252.3500     -29980.104   -29988.279        8.175   327.7      0.253     -0.284      0.065      0.129      0.373     -0.182
252.4000     -29980.073   -29988.469        8.396   336.6     -0.129     -1.223     -0.785      0.104      0.041      0.090
252.4500     -29979.911   -29987.428        7.517   301.3     -0.238     -0.325     -0.260      0.218     -0.015      0.023
252.5000     -29979.281   -29987.438        8.157   327.0      0.224      0.348     -0.322     -0.676     -0.052      0.506
252.5500     -29979.134   -29987.330        8.196   328.5     -1.270     -0.145     -0.267      0.297      0.223     -0.027
252.6000     -29979.619   -29987.789        8.170   327.5     -0.878     -0.920      0.307     -0.200      0.302      0.097
252.6500     -29979.694   -29989.143        9.448   378.7     -0.238     -0.384     -0.284      0.323      0.211      0.165
252.7000     -29979.929   -29987.893        7.963   319.2     -0.572     -0.566     -0.107      0.125     -0.351      0.493
252.7500     -29979.673   -29987.971        8.297   332.6     -1.623     -0.601     -0.564      0.257      0.186      0.516
252.8000     -29979.504   -29987.779        8.275   331.7     -0.515     -1.003     -0.244      0.302     -0.136     -0.040
252.8500     -29979.267   -29987.738        8.471   339.6     -0.041     -0.091     -0.389     -0.658     -0.186     -0.058
252.9000     -29979.041   -29987.820        8.780   351.9     -0.771     -0.558      0.438      0.654      0.204     -0.124
252.9500     -29979.144   -29987.668        8.524   341.7     -0.814     -0.339     -0.450     -0.201      0.318     -0.095
253.0000     -29978.927   -29987.322        8.395   336.5     -0.307     -0.951     -0.460     -0.401     -0.667     -0.221
253.0500     -29979.852   -29987.854        8.001   320.7     -0.082      0.068     -0.800      0.228      0.690      0.196
253.1000     -29979.932   -29987.959        8.027   321.8      0.382     -0.249      0.464     -0.331     -0.613      0.020
253.1500     -29979.585   -29987.779        8.195   328.5     -0.815      0.525     -0.612     -0.026      0.147     -0.108
253.2000     -29978.887   -29987.281        8.394   336.5     -0.050      0.076      0.014      0.284      0.012     -0.022
253.2500     -29978.459   -29987.279        8.821   353.6      0.001     -0.515     -0.133     -0.093     -0.122      0.133
253.3000     -29978.132   -29987.254        9.122   365.7     -0.287     -0.537     -0.792      0.221     -0.520     -0.484
253.3500     -29978.333   -29986.445        8.113   325.2     -1.108     -1.105     -1.088      0.361      0.520     -0.490
253.4000     -29977.884   -29986.152        8.269   331.5     -0.605     -0.813     -0.019      0.133      0.134     -0.091
253.4500     -29978.598   -29988.020        9.422   377.7      0.461      0.385     -0.317      0.112     -0.126     -0.259
253.5000     -29978.208   -29988.127        9.919   397.6      0.559      0.182     -0.253     -0.532     -0.079     -0.314
253.5500     -29978.505   -29987.994        9.489   380.4     -0.046     -0.179      0.061      0.112      0.138      0.381
253.6000     -29978.660   -29987.084        8.424   337.7     -0.013      0.295      0.191     -0.246     -0.165     -0.143
253.6500     -29979.152   -29988.117        8.965   359.4      0.219     -0.707      0.026      0.233      0.525      0.421
253.7000     -29979.409   -29988.213        8.804   352.9     -0.692     -0.455     -1.124     -0.304     -0.634      0.011
253.7500     -29979.713   -29989.295        9.582   384.1      0.594      0.011     -0.394      0.106      0.311     -0.276
253.8000     -29979.099   -29988.307        9.207   369.1     -0.126     -0.991      0.071      0.620      0.324      0.172
253.8500     -29978.947   -29988.334        9.387   376.3     -0.299     -0.819      0.041     -0.414      0.202     -0.197
253.9000     -29978.317   -29987.920        9.603   384.9     -0.036     -0.110     -0.707     -0.007      0.023     -0.072
253.9500     -29978.796   -29987.715        8.919   357.5     -0.342     -0.470     -0.202      0.544     -0.144     -0.787
254.0000     -29979.034   -29987.773        8.740   350.3     -0.581     -0.911     -0.655      0.051      0.694     -0.161
254.0500     -29979.281   -29987.248        7.967   319.4     -0.346     -0.450      0.168      0.139     -0.351      0.409
254.1000     -29978.884   -29987.189        8.305   332.9     -0.931     -0.061     -0.219     -0.143      0.387      0.676
254.1500     -29978.970   -29987.309        8.339   334.3     -0.241     -0.000     -0.629      0.147     -0.209     -0.079
254.2000     -29979.238   -29988.125        8.887   356.2     -1.273      0.042     -0.434      0.246      0.315      0.128
254.2500     -29979.171   -29987.779        8.608   345.0     -0.431     -0.303     -0.283      0.493      0.175     -0.764
254.3000     -29979.876   -29988.613        8.737   350.2      0.146      0.566      0.155     -0.224     -0.179      0.380
254.3500     -29980.504   -29988.316        7.812   313.2      0.325     -0.186      0.136      0.512      0.017      0.187
254.4000     -29980.270   -29988.311        8.040   322.3     -0.376      0.720      0.367      0.355      0.221      0.477
254.4500     -29979.730   -29987.779        8.050   322.7      0.326     -0.403      0.032      0.520     -0.272     -0.278
254.5000     -29980.078   -29988.264        8.186   328.1     -0.400      0.436      0.506      0.808      0.474     -0.108
254.5500     -29979.727   -29988.244        8.517   341.4      0.004     -0.533      0.144     -0.284     -0.224     -0.108
254.6000     -29980.252   -29988.760        8.508   341.0      0.149      0.028      0.233     -0.171     -0.277     -0.189
254.6500     -29980.508   -29988.516        8.008   321.0      0.074      0.352     -0.662      0.193      0.606      0.040
254.7000     -29980.786   -29988.494        7.709   309.0     -0.165     -0.107     -0.640      0.147     -0.365     -0.164
254.7500     -29980.238   -29988.223        7.984   320.1     -0.183      0.141      0.106     -0.144      0.261     -0.071
254.8000     -29979.916   -29988.215        8.299   332.7      0.103      0.118     -0.230     -0.101      0.162     -0.041
254.8500     -29980.336   -29988.334        7.998   320.6      0.339     -0.699     -0.014     -0.101     -0.491      0.224
254.9000     -29980.448   -29987.875        7.427   297.7     -0.446     -0.101     -0.269     -0.069      0.167      0.304
254.9500     -29979.656   -29988.260        8.604   344.9     -0.363     -0.537      0.550     -0.289      0.365      0.297
255.0000     -29979.889   -29987.521        7.632   305.9      0.223     -0.400     -0.443     -0.763     -0.504     -0.124
255.0500     -29979.323   -29988.199        8.877   355.8     -0.029     -0.399      0.015     -0.199      0.165     -0.228
255.1000     -29979.188   -29987.670        8.482   340.0     -0.897     -0.957     -0.762      0.239     -0.306     -0.407
255.1500     -29979.337   -29987.299        7.961   319.1     -0.136     -0.666     -0.462      0.259     -0.023      0.066
255.2000     -29979.486   -29988.123        8.637   346.2      0.664      0.160     -0.383      0.044     -0.227     -0.523
255.2500     -29979.004   -29988.066        9.062   363.3     -0.412     -0.263     -1.234     -0.191      0.214     -0.211
255.3000     -29979.156   -29987.467        8.311   333.1      0.025     -0.253      0.381     -0.371      0.071     -0.058
255.3500     -29978.991   -29986.869        7.878   315.8      0.621      0.189     -0.248      0.177      0.334     -0.321
255.4000     -29979.035   -29987.123        8.088   324.2      0.347     -0.289     -1.003     -0.014     -0.074      0.442
255.4500     -29979.000   -29987.674        8.674   347.7     -0.771     -0.186     -0.949     -0.461     -0.186     -0.023
255.5000     -29979.040   -29987.281        8.242   330.4     -0.441     -0.423     -0.371      0.209     -0.022      0.069
255.5500     -29979.108   -29987.713        8.605   344.9     -0.451     -0.090     -1.263     -0.371      0.018      0.458
255.6000     -29978.995   -29987.744        8.749   350.7      0.374      0.908     -0.066      0.187     -0.074      0.015
255.6500     -29979.421   -29988.393        8.972   359.6     -0.438     -1.244     -0.762     -0.388      0.093     -0.593
255.7000     -29979.938   -29987.770        7.831   313.9     -0.537      0.588     -0.220     -0.021     -0.543     -0.319
255.7500     -29979.835   -29988.047        8.212   329.2     -0.239     -1.442     -0.728      0.382     -0.178     -0.283
255.8000     -29979.874   -29988.336        8.462   339.2     -0.779     -1.119     -0.184     -0.338     -0.729     -0.343
255.8500     -29979.618   -29988.410        8.792   352.4      0.331     -0.536     -0.586      0.400      0.461     -0.024
255.9000     -29979.587   -29988.857        9.271   371.6      0.295      0.246      0.717      0.088      0.211     -0.352
255.9500     -29979.761   -29988.273        8.512   341.2     -0.390      0.379      0.183      0.048     -0.332     -0.018
256.0000     -29979.650   -29988.047        8.397   336.6      1.187      0.795      0.037      0.024      0.201     -0.218
256.0500     -29979.717   -29988.553        8.835   354.2     -0.105     -0.733     -0.991     -0.155     -0.245     -0.085
256.1000     -29979.542   -29988.453        8.911   357.2     -0.557     -0.836     -0.263      0.076      0.238     -0.213
256.1500     -29979.991   -29988.936        8.945   358.6     -0.848     -0.333     -0.902      0.226      0.399     -0.200
256.2000     -29979.503   -29987.828        8.326   333.7     -0.132     -0.419     -0.492      0.121      0.243      0.768
256.2500     -29979.603   -29987.836        8.233   330.0      0.111     -0.563     -1.212      0.026      0.364     -0.350
256.3000     -29980.106   -29988.713        8.607   345.0     -0.783     -0.331     -1.218     -0.283     -0.235      0.261
256.3500     -29980.588   -29989.148        8.561   343.2     -0.343     -0.343     -0.360      0.199     -0.295      0.216
256.4000     -29980.793   -29988.955        8.163   327.2     -0.635     -0.431     -0.116      0.316      0.255     -0.646
256.4500     -29980.128   -29988.703        8.575   343.7      0.024     -0.605      0.138     -0.338     -0.248     -0.076
256.5000     -29980.332   -29988.314        7.983   320.0      0.104     -0.475     -0.472     -0.117     -0.001     -0.131
256.5500     -29980.766   -29989.037        8.271   331.6     -0.483     -0.774      0.044      0.180     -0.057     -0.002
256.6000     -29980.634   -29988.850        8.216   329.3     -0.681      0.136     -0.686     -0.264     -0.228     -0.114
256.6500     -29980.982   -29988.754        7.772   311.5     -0.579      0.158     -0.783      0.199     -0.418     -0.001
256.7000     -29980.971   -29989.039        8.069   323.4      0.761      0.442     -0.073     -0.322      0.178      0.034
256.7500     -29980.824   -29989.301        8.477   339.8      0.745     -0.490     -0.375      0.121     -0.678      0.612
256.8000     -29980.951   -29988.812        7.861   315.1     -0.250      0.969     -0.183     -0.082      0.393      0.006
256.8500     -29980.812   -29989.289        8.477   339.8      0.149      0.301      0.018     -0.521      0.056     -0.227
256.9000     -29980.382   -29989.271        8.889   356.3     -0.344     -0.625      0.008      0.272     -0.003     -0.410
256.9500     -29980.385   -29989.096        8.710   349.1      0.183      0.643     -0.601     -0.155     -0.061      0.536
257.0000     -29980.680   -29988.750        8.070   323.5     -0.550      0.274      1.104     -0.015     -0.106     -0.214
257.0500     -29980.472   -29989.064        8.592   344.4     -0.146     -0.313     -0.970      0.433      0.002     -0.034
257.1000     -29981.224   -29989.449        8.225   329.7     -0.652      0.019      0.134     -0.119     -0.519      0.249
257.1500     -29981.518   -29990.020        8.502   340.8     -0.822     -0.778     -0.657     -0.008     -0.452      0.019
257.2000     -29981.465   -29989.904        8.439   338.3      0.051      0.400     -0.074      0.355     -0.224     -0.142
257.2500     -29981.581   -29989.330        7.749   310.6     -0.484      0.119     -0.291     -0.067      0.161     -0.212
257.3000     -29981.322   -29989.023        7.702   308.7     -0.319      0.273      0.414     -0.432     -0.095     -0.148
257.3500     -29981.251   -29989.143        7.892   316.3     -1.227     -0.231     -0.143      0.150     -0.098     -0.093
257.4000     -29981.760   -29989.561        7.800   312.7      0.166     -0.296     -0.091     -0.273     -0.244     -0.027
257.4500     -29981.595   -29990.252        8.657   347.0     -0.582      0.048      0.283      0.279      0.132     -0.243
257.5000     -29981.321   -29989.479        8.158   327.0      1.006     -0.339      0.321     -0.714     -0.183     -0.486
257.5500     -29981.345   -29989.490        8.145   326.5     -0.739      0.088     -0.115     -0.294      0.066     -0.154
257.6000     -29981.858   -29989.869        8.011   321.1     -1.154     -0.776      0.078     -0.703     -0.429      0.267
257.6500     -29981.730   -29989.359        7.630   305.8      0.290     -0.124     -0.300     -0.241      0.394     -0.337
257.7000     -29981.818   -29989.561        7.743   310.4     -0.021     -0.437     -0.321     -0.588     -0.379      0.348
257.7500     -29981.950   -29989.537        7.587   304.1      0.254     -0.715     -0.435     -0.202     -0.540     -0.152
257.8000     -29981.904   -29989.768        7.863   315.2     -0.826     -0.245     -0.720     -0.097     -0.364     -0.470
257.8500     -29981.639   -29989.301        7.661   307.1      0.133      0.241      0.498      0.135     -0.191      0.014
257.9000     -29981.091   -29988.902        7.812   313.1     -0.225     -1.167     -0.674     -0.086     -0.368      0.147
257.9500     -29981.314   -29989.488        8.175   327.7     -1.258      0.810     -0.546      0.575      0.364     -0.187
258.0000     -29981.477   -29989.043        7.566   303.3     -0.096     -0.698     -0.008     -0.053     -0.062      0.198
258.0500     -29981.984   -29989.518        7.534   302.0     -0.157     -0.098     -0.000     -0.063      0.204      0.115
258.1000     -29981.924   -29989.582        7.658   307.0      0.014     -0.047     -0.888      0.051     -0.429      0.767
258.1500     -29981.366   -29989.973        8.606   345.0     -0.758     -0.189      0.067      0.374      0.451      0.016
258.2000     -29981.533   -29989.299        7.765   311.3      0.457      0.067     -0.126     -0.005     -0.119      0.591
258.2500     -29981.207   -29989.322        8.115   325.3     -0.527     -0.003      0.519      0.300      0.243     -0.643
258.3000     -29980.530   -29988.910        8.380   335.9      0.176     -0.997     -0.425      0.171      0.082     -0.348
258.3500     -29980.761   -29989.191        8.431   337.9     -0.533     -1.336     -0.690      0.465     -0.287     -0.375
258.4000     -29981.096   -29989.340        8.244   330.4     -0.245     -0.427      0.339      0.153      0.668      0.648
258.4500     -29981.344   -29989.479        8.135   326.1      0.048     -0.175     -0.096      0.236     -0.771      0.239
258.5000     -29981.023   -29989.178        8.155   326.9     -0.541     -0.532     -1.067      0.109     -0.606     -0.056
258.5500     -29981.189   -29989.104        7.915   317.3      0.356      0.354     -0.081     -0.422      0.273      0.529
258.6000     -29981.056   -29988.648        7.592   304.3     -0.542     -0.130      0.115     -0.132     -0.376      0.240
258.6500     -29981.327   -29988.840        7.513   301.1     -0.088     -0.461     -0.530     -0.095      0.400     -0.446
258.7000     -29981.052   -29988.496        7.444   298.4     -0.769     -0.667     -0.943     -0.200      0.698      0.166
258.7500     -29980.394   -29988.738        8.344   334.5      0.303     -0.397     -0.180     -0.138     -0.198     -0.314
258.8000     -29980.776   -29988.775        7.999   320.6     -0.194     -0.933      0.212     -0.133     -0.061      0.338
258.8500     -29980.782   -29988.387        7.604   304.8      0.118      0.254     -0.340      0.149      0.006     -0.084
258.9000     -29980.664   -29987.967        7.303   292.7     -0.188     -0.165      0.071     -0.066      0.377      0.439
258.9500     -29981.092   -29988.066        6.974   279.6     -0.537     -0.433     -0.354      0.404     -0.129      0.513
259.0000     -29980.946   -29988.562        7.617   305.3     -0.220     -0.676     -0.557     -0.412     -0.283     -0.208
259.0500     -29980.550   -29988.637        8.086   324.1     -0.931     -1.460     -0.205      0.140      0.062     -0.118
259.1000     -29979.997   -29987.908        7.911   317.1     -0.263     -0.889     -1.185     -0.227      0.196      0.459
259.1500     -29979.818   -29987.717        7.898   316.6     -0.688     -0.914     -0.947     -0.058     -0.505     -0.153
259.2000     -29979.203   -29987.924        8.721   349.6      0.036     -0.650     -1.119      0.335     -0.214      0.561
259.2500     -29979.076   -29987.633        8.557   343.0      0.254     -0.010     -0.523     -0.707      0.217     -0.198
259.3000     -29979.519   -29988.531        9.012   361.2      0.246      0.157      0.379     -0.098     -0.543      0.338
259.3500     -29979.643   -29987.699        8.057   322.9     -0.919     -0.149     -0.875      0.045      0.061      0.305
259.4000     -29979.576   -29987.629        8.053   322.8     -0.471     -0.194      0.132      0.438     -0.188     -0.253
259.4500     -29979.280   -29987.598        8.317   333.4     -1.448     -0.013     -0.523     -0.096     -0.348      0.108
259.5000     -29979.125   -29987.779        8.654   346.9     -0.767     -1.177     -1.465      0.525     -0.059     -0.135
259.5500     -29978.996   -29987.764        8.768   351.5      0.223      0.382      0.698     -0.109     -0.608      0.509
259.6000     -29979.308   -29987.338        8.030   321.9     -0.633     -0.139     -0.433     -0.534      0.038     -0.037
259.6500     -29978.864   -29987.295        8.431   338.0     -0.648     -0.861     -0.216     -0.154      0.424     -0.339
259.7000     -29978.907   -29987.072        8.165   327.3     -0.739     -0.688     -0.459     -0.145      0.043      0.451
259.7500     -29978.687   -29987.314        8.628   345.8     -0.564      0.339     -0.669      0.099     -0.142     -0.028
259.8000     -29978.990   -29987.857        8.867   355.4     -0.512      0.020      0.221      0.081      0.013      0.332
259.8500     -29979.417   -29988.137        8.719   349.5      0.475      0.142     -0.349     -0.085      0.422     -0.227
259.9000     -29980.337   -29988.377        8.040   322.3     -0.288     -1.024      0.946      0.077     -0.061      0.505
259.9500     -29980.178   -29988.531        8.354   334.9     -0.421     -0.310     -1.224     -0.138      0.056      0.547
260.0000     -29979.828   -29988.336        8.508   341.0     -0.553     -0.446     -0.375      0.014     -0.429      0.157
260.0500     -29979.074   -29987.912        8.838   354.3     -0.203      0.201      0.522      0.282     -0.073      0.235
260.1000     -29978.882   -29987.244        8.362   335.2     -0.380     -0.263     -0.596     -0.076      0.322     -0.288
260.1500     -29979.074   -29987.404        8.330   333.9     -0.354     -1.202     -0.831     -0.289     -0.089      0.521
260.2000     -29979.714   -29987.371        7.658   307.0     -0.451     -0.567      0.258     -0.120      0.184     -0.034
260.2500     -29980.144   -29987.771        7.628   305.8     -0.087     -0.296     -0.067      0.377      0.145     -0.112
260.3000     -29979.858   -29988.881        9.023   361.7     -0.612     -0.514     -0.510      0.109     -0.070      0.099
260.3500     -29980.051   -29988.881        8.830   353.9     -0.851      0.402     -0.443      0.027     -0.042     -0.019
260.4000     -29979.902   -29988.238        8.336   334.2     -0.411     -0.985     -0.539      0.060      0.188      0.172
260.4500     -29980.400   -29988.893        8.493   340.4     -0.163     -0.779     -0.555     -0.681      0.510     -0.107
260.5000     -29980.713   -29988.717        8.004   320.8     -0.343     -0.177     -0.624      0.144     -0.024      0.136
260.5500     -29980.852   -29988.938        8.085   324.1     -1.164     -0.766     -0.567      0.049      0.251     -0.259
260.6000     -29980.626   -29989.492        8.866   355.4     -0.122     -0.753      0.247     -0.417     -0.288     -0.308
260.6500     -29980.579   -29988.980        8.402   336.8      0.461      0.181     -0.104      0.102      0.634      0.035
260.7000     -29980.480   -29988.262        7.781   311.9     -0.589     -0.193     -0.196     -0.583     -0.051     -0.344
260.7500     -29980.744   -29989.293        8.549   342.7     -0.008     -0.612      0.003      0.158     -0.269     -0.067
260.8000     -29980.905   -29989.131        8.226   329.7     -0.262     -0.595      0.039     -0.729      0.543      0.122
260.8500     -29980.740   -29988.963        8.223   329.6     -0.233     -0.280      0.276      0.211     -0.182      0.017
260.9000     -29981.104   -29989.047        7.943   318.4     -1.798     -0.513     -0.674      0.231      0.013     -0.125
260.9500     -29980.239   -29989.061        8.822   353.6     -1.353     -0.597     -1.107     -0.389      0.151     -0.137
261.0000     -29980.941   -29988.217        7.276   291.6     -0.470      0.091      0.044      0.721      0.335     -0.242
261.0500     -29981.576   -29988.723        7.147   286.5     -0.516     -0.271     -0.177      0.068      0.222     -0.487
261.1000     -29981.801   -29989.398        7.598   304.5     -0.251      0.040     -0.891     -0.203     -0.114      0.787
261.1500     -29981.475   -29989.715        8.240   330.3      0.416      0.880      0.527     -0.237     -0.231     -0.091
261.2000     -29981.383   -29989.641        8.258   331.0     -0.615     -0.363     -1.150      0.245      0.302     -0.134
261.2500     -29980.827   -29989.453        8.626   345.8     -0.359     -0.392     -0.636      0.290      0.056     -0.468
261.3000     -29980.753   -29989.330        8.577   343.8     -0.034     -0.493      0.341     -1.123     -0.413     -0.483
261.3500     -29980.814   -29988.643        7.829   313.8     -1.032     -0.826     -1.355      0.397     -0.171      0.016
261.4000     -29980.375   -29988.326        7.951   318.7      0.272      0.360     -0.234     -0.298      0.128     -0.561
261.4500     -29980.919   -29988.756        7.837   314.1     -0.115     -0.716      0.548      0.378     -0.201      0.641
261.5000     -29980.757   -29988.738        7.981   319.9      0.716     -0.440     -0.335      0.176     -0.302     -0.075
261.5500     -29980.621   -29988.424        7.803   312.8     -0.253     -0.673      0.199      0.239      0.008      0.206
261.6000     -29981.097   -29988.520        7.423   297.5      0.003      1.419     -1.363     -0.275      0.165      0.253
261.6500     -29981.372   -29989.018        7.646   306.5     -1.453     -1.497     -0.016      0.329      0.117     -0.182
261.7000     -29981.106   -29989.047        7.941   318.3     -1.022     -0.533     -0.180     -0.255      0.168     -0.268
261.7500     -29980.875   -29988.859        7.984   320.1      0.019      0.134     -1.337     -0.026      0.031      0.222
261.8000     -29980.928   -29988.354        7.425   297.6     -0.361     -0.780      0.160      0.305     -0.098     -0.657
261.8500     -29981.198   -29988.516        7.318   293.3      0.539      0.405      0.520     -0.181     -0.103     -0.115
261.9000     -29981.121   -29989.145        8.023   321.6     -0.188      0.518     -0.784      0.800      0.126      0.310
261.9500     -29981.106   -29988.570        7.464   299.2      0.026      0.074      0.233     -0.269     -0.370     -0.183
262.0000     -29980.938   -29988.795        7.857   314.9      0.187     -1.228     -0.253     -0.044     -0.117      0.105
262.0500     -29981.045   -29988.723        7.678   307.8      0.577      0.600     -0.108     -0.263     -0.179     -0.290
262.1000     -29980.866   -29988.588        7.722   309.5     -0.355     -0.434     -0.748      0.185     -0.226      0.459
262.1500     -29980.900   -29988.145        7.245   290.4     -0.174     -1.157     -0.618     -0.080     -0.194     -0.748
262.2000     -29980.465   -29988.572        8.107   325.0      0.859      0.002     -0.351     -0.346     -0.156     -0.024
262.2500     -29980.798   -29988.596        7.798   312.6      0.288     -0.514     -0.258     -0.398     -0.189     -0.457
262.3000     -29980.237   -29988.164        7.927   317.7      0.460      0.363      0.421     -0.323      0.580     -0.238
262.3500     -29979.835   -29988.828        8.993   360.5     -0.539     -0.065      0.277      0.956      0.017      0.256
262.4000     -29980.120   -29988.729        8.609   345.1     -0.440     -0.750     -0.198     -0.075      0.132      0.179
262.4500     -29980.208   -29988.285        8.077   323.8     -0.058     -0.112     -1.024     -0.249      0.263     -0.448
262.5000     -29979.999   -29988.834        8.835   354.1     -0.318      0.005     -0.601      0.024     -0.099     -0.107
262.5500     -29980.442   -29988.150        7.708   309.0      0.720     -0.190     -1.314      0.050     -0.013      0.486
262.6000     -29980.040   -29987.625        7.585   304.1     -0.768      0.121      0.696     -0.701      0.103      0.202
262.6500     -29979.784   -29988.117        8.334   334.0      0.765     -0.501     -1.088     -0.216     -0.286      0.217
262.7000     -29979.975   -29989.068        9.093   364.5     -0.612     -0.341     -0.149     -0.139      0.258     -0.012
262.7500     -29979.949   -29987.891        7.942   318.4      0.289     -0.017      0.925     -0.121     -0.230     -0.046
262.8000     -29979.797   -29988.699        8.902   356.8     -0.562      0.131     -0.200      0.529     -0.327      0.396
262.8500     -29979.554   -29987.785        8.231   330.0     -0.881     -0.368     -0.466     -0.671      0.885     -0.172
262.9000     -29979.353   -29987.506        8.153   326.8     -0.607     -0.398      0.572      0.538      0.452      0.183
262.9500     -29979.307   -29987.377        8.070   323.5      0.658     -0.594     -0.195     -0.113      0.197      0.130
263.0000     -29979.425   -29987.945        8.520   341.5     -1.044     -0.175      0.360     -0.094     -0.339      0.076
263.0500     -29979.723   -29987.764        8.041   322.3     -0.005     -0.452     -1.024      0.047      0.287      0.414
263.1000     -29979.680   -29987.822        8.142   326.4     -0.174     -0.077     -0.549      0.320      0.322     -0.385
263.1500     -29979.893   -29987.922        8.029   321.8     -0.240     -1.124     -1.256     -0.030     -0.209      0.573
263.2000     -29979.838   -29987.666        7.828   313.8      0.240     -0.293     -0.079     -0.222      0.080     -0.792
263.2500     -29980.010   -29987.527        7.517   301.3      0.556      0.084      0.642      0.012     -0.334      0.182
263.3000     -29980.458   -29988.682        8.224   329.6      0.286     -0.535     -0.258     -0.277     -0.103     -0.328
263.3500     -29980.819   -29988.777        7.958   319.0     -0.329     -0.991      0.367     -0.239      0.125      0.184
263.4000     -29980.920   -29988.539        7.620   305.4     -0.113      0.165     -1.055     -0.379     -0.211     -0.504
263.4500     -29980.532   -29988.789        8.257   331.0     -0.147     -0.564     -1.276     -0.383      0.007      0.255
263.5000     -29980.223   -29987.916        7.693   308.4     -0.221     -0.170     -1.046     -0.152      0.048     -0.270
263.5500     -29980.126   -29987.654        7.528   301.8      0.175     -0.619     -0.853     -0.348     -0.392      0.443
263.6000     -29980.020   -29987.594        7.574   303.6     -0.263      0.332     -0.608      0.288     -0.333     -0.294
263.6500     -29979.438   -29988.412        8.974   359.7     -0.031     -0.233     -1.212     -0.194     -0.109      0.481
263.7000     -29979.451   -29988.084        8.633   346.1     -1.148     -0.499     -0.475      0.195     -0.048     -0.102
263.7500     -29980.230   -29988.938        8.707   349.0     -0.512     -1.067     -1.027      0.056      0.053     -0.225
263.8000     -29979.474   -29988.168        8.693   348.5     -1.104     -0.265     -0.681     -0.275     -0.306      0.399
263.8500     -29979.553   -29987.818        8.266   331.3     -0.705     -0.509     -1.037      0.047      0.334     -0.289
263.9000     -29979.352   -29987.734        8.382   336.0     -0.725      0.219     -0.914     -0.021      0.145      0.366
263.9500     -29979.493   -29987.820        8.328   333.8      0.141      0.437      0.416     -0.358     -0.037      0.109
264.0000     -29979.053   -29987.703        8.650   346.7      0.595      0.581      0.711      0.060     -0.315     -0.319
264.0500     -29979.577   -29988.156        8.579   343.9     -0.753      0.094     -0.321     -0.298     -0.072      0.199
264.1000     -29979.760   -29988.484        8.725   349.7     -0.517     -0.673     -0.515      0.340     -0.055     -0.224
264.1500     -29979.878   -29987.764        7.886   316.1     -0.193     -0.964      0.156      0.003     -0.145      0.168
264.2000     -29979.889   -29988.588        8.699   348.7     -0.320     -1.493     -0.577     -0.408      0.500     -0.028
264.2500     -29980.326   -29988.670        8.344   334.5      1.093      0.301     -0.061     -0.269     -0.161     -0.597
264.3000     -29980.324   -29988.623        8.299   332.7      0.339     -0.109      0.297     -0.167     -0.509      0.443
264.3500     -29979.865   -29988.107        8.243   330.4     -1.537      0.437     -0.164     -0.023      0.087      0.304
264.4000     -29979.992   -29988.496        8.504   340.9      0.079     -1.373     -0.659     -0.117     -0.165      0.069
264.4500     -29980.317   -29988.617        8.301   332.7     -0.326     -0.087     -0.128      0.459      0.272     -0.488
264.5000     -29980.367   -29988.617        8.251   330.7      0.126     -0.125     -0.463     -0.227     -0.393      0.065
264.5500     -29980.445   -29988.521        8.077   323.7     -0.945     -0.620     -0.551     -0.612      0.206      0.338
264.6000     -29980.680   -29988.359        7.679   307.8     -1.125     -0.452     -0.840      0.172      0.262      0.359
264.6500     -29980.274   -29988.387        8.112   325.2      0.446     -0.298     -0.222      0.262     -0.271     -0.116
264.7000     -29980.601   -29988.219        7.618   305.3     -1.016     -0.006      0.072     -0.244      0.252     -0.113
264.7500     -29980.532   -29988.178        7.645   306.5      1.102      0.109      0.333     -0.413     -0.209      0.491
264.8000     -29980.917   -29988.973        8.056   322.9     -0.815      0.282     -0.604      0.048     -0.258     -0.217
264.8500     -29981.451   -29989.223        7.772   311.5      0.612      0.558      0.315      0.068      0.358      0.237
264.9000     -29981.255   -29989.141        7.885   316.1      0.090      0.422     -0.719     -0.089      0.364      0.482
264.9500     -29981.422   -29989.598        8.176   327.7      0.160     -0.615     -0.526     -0.249     -0.232     -0.289
265.0000     -29981.331   -29989.588        8.257   331.0      0.098      0.239      0.365      0.070      0.374      0.490
265.0500     -29981.014   -29988.602        7.587   304.1     -0.889     -1.222     -1.036      0.346      0.137      0.335
265.1000     -29981.088   -29988.736        7.648   306.6      0.198     -0.190      0.163      0.095      0.404      0.217
265.1500     -29981.361   -29988.664        7.303   292.8      0.341      0.929      0.103      0.188      0.128      0.390
265.2000     -29981.260   -29988.506        7.246   290.4     -0.870     -0.355     -0.698      0.142      0.079      0.190
265.2500     -29981.232   -29988.492        7.261   291.0     -0.411     -0.097     -0.951     -0.033     -0.685      0.142
265.3000     -29981.709   -29989.180        7.470   299.4     -0.908     -0.246     -0.431     -0.462     -0.124     -0.077
265.3500     -29980.714   -29988.797        8.082   324.0     -0.246      1.266     -0.519      0.147      0.680     -0.110
265.4000     -29980.945   -29988.963        8.018   321.4     -0.619     -0.493     -0.323      0.058     -0.617      0.669
265.4500     -29980.272   -29988.725        8.452   338.8     -0.431     -0.797     -1.383      0.344      0.263      0.212
265.5000     -29980.350   -29989.182        8.832   354.0      0.007      0.616      0.225      0.152      0.231      0.038
265.5500     -29980.268   -29988.607        8.340   334.3     -0.588     -0.178     -0.714      0.305     -0.712     -0.510
265.6000     -29979.856   -29987.988        8.132   326.0      0.060     -0.015     -1.038      0.070      0.347      0.202
265.6500     -29979.734   -29988.441        8.707   349.0     -0.158     -0.755     -0.154     -0.137      0.647     -0.252
265.7000     -29979.712   -29987.854        8.141   326.3     -0.683     -1.339     -0.619     -0.017     -0.291      0.123
265.7500     -29980.156   -29988.773        8.617   345.4     -0.266     -0.006     -0.400     -0.237     -0.134      0.353
265.8000     -29980.522   -29988.686        8.164   327.2     -1.601     -0.448     -0.236      0.396     -0.624      0.360
265.8500     -29980.215   -29989.039        8.824   353.7      0.465     -0.207     -0.170     -0.401      0.273      0.087
265.9000     -29980.639   -29987.947        7.309   293.0     -1.127      0.206     -0.366      0.040      0.330      0.344
265.9500     -29980.999   -29989.211        8.212   329.2      0.413      0.395     -0.394      0.234      0.031      0.031
266.0000     -29980.777   -29989.617        8.840   354.3     -0.316      0.100     -0.548      0.128     -0.421     -0.210
266.0500     -29980.790   -29988.492        7.702   308.7     -1.390     -1.123     -1.255      0.586     -0.175     -0.117
266.1000     -29980.520   -29988.787        8.267   331.4     -0.254     -0.957     -1.562     -0.277     -0.207     -0.313
266.1500     -29981.143   -29988.822        7.679   307.8      0.001     -0.320     -1.103      0.401     -0.328      0.005
266.2000     -29980.456   -29988.846        8.390   336.3     -0.206     -0.650     -0.180     -0.172      0.390      0.350
266.2500     -29980.545   -29989.391        8.846   354.6      0.445     -0.179     -0.286      0.163      0.061     -0.181
266.3000     -29980.820   -29988.779        7.960   319.1      0.732     -0.118      0.915      0.032     -0.421      0.184
266.3500     -29981.134   -29988.600        7.466   299.3     -0.291     -0.443     -0.843      0.641      0.417      0.179
266.4000     -29981.023   -29988.619        7.597   304.5     -0.116     -0.404      0.364     -0.474      0.016      0.268
266.4500     -29980.735   -29989.336        8.601   344.8     -0.013     -0.112     -0.022     -0.410      0.213      0.087
266.5000     -29980.596   -29988.510        7.914   317.2      0.013     -0.922     -0.362     -0.025     -0.028      0.054
266.5500     -29981.116   -29989.096        7.979   319.9     -0.434     -0.267     -0.479      0.039      0.335      0.211
266.6000     -29981.549   -29989.285        7.736   310.1      0.300     -0.652     -0.176      0.291     -0.166      0.197
266.6500     -29981.504   -29989.066        7.563   303.1      0.393      0.211      0.018      0.095     -0.030      0.094
266.7000     -29981.304   -29988.652        7.348   294.6     -0.188      0.078      0.003     -0.082     -0.022      0.425
266.7500     -29981.121   -29988.941        7.820   313.5      0.048     -0.790     -0.470      0.673      0.236     -0.009
266.8000     -29980.835   -29988.920        8.085   324.1      0.166     -0.294     -0.391     -0.490      0.068      0.356
266.8500     -29981.230   -29989.553        8.323   333.6     -0.531     -0.631     -0.229      0.102     -0.414      0.257
266.9000     -29981.106   -29989.137        8.031   321.9      0.259     -0.205     -0.755      0.104     -0.249     -0.353
266.9500     -29980.620   -29988.260        7.640   306.2     -0.709      0.303     -0.583      0.761      0.136      0.374
267.0000     -29980.667   -29988.920        8.253   330.8     -0.099      0.029     -0.062      0.084     -0.224     -0.133
267.0500     -29980.744   -29988.850        8.105   324.9     -0.357     -0.414      0.241     -0.195     -0.083     -0.099
267.1000     -29980.627   -29988.783        8.156   326.9     -0.095     -0.745     -0.627      0.392      0.211      0.348
267.1500     -29980.802   -29988.980        8.178   327.8     -0.520     -0.025      0.199      0.082     -0.086      0.477
267.2000     -29980.451   -29989.266        8.815   353.3     -0.657     -0.841     -0.215     -0.064     -0.373     -0.565
267.2500     -29980.370   -29988.502        8.132   326.0     -0.264      0.307     -0.795      0.029      0.310      0.172
267.3000     -29979.872   -29988.389        8.517   341.4     -0.271     -0.877     -0.745     -0.046      0.050     -0.317
267.3500     -29979.486   -29988.170        8.684   348.1     -0.880     -0.321      0.004      0.224      0.214      0.559
267.4000     -29979.771   -29987.719        7.948   318.6     -0.333     -0.470     -0.515     -0.165      0.404     -0.241
267.4500     -29980.470   -29988.227        7.757   310.9      0.692      0.270      0.558      0.013     -0.043     -0.754
267.5000     -29980.250   -29987.982        7.732   309.9     -0.866     -0.656     -0.001      0.656      0.626      0.522
267.5500     -29981.041   -29988.957        7.916   317.3      0.026      1.270     -0.253     -0.046     -0.063     -0.755
267.6000     -29981.103   -29989.088        7.985   320.1     -1.103     -0.083     -0.151     -0.219     -0.000      0.101
267.6500     -29981.319   -29989.213        7.894   316.4     -0.341     -0.094     -1.255     -0.346      0.515      0.175
267.7000     -29981.311   -29989.229        7.918   317.4     -0.411     -0.950     -0.357      0.038      0.207      0.117
267.7500     -29981.292   -29989.303        8.010   321.1      0.426      0.414      0.006      0.251     -0.420      0.142
267.8000     -29981.628   -29989.230        7.602   304.7     -0.632     -1.032     -0.773      0.382      0.527     -0.082
267.8500     -29981.080   -29989.092        8.012   321.2     -0.194      0.015      0.075     -0.436     -0.593      0.266
267.9000     -29981.293   -29988.701        7.408   296.9     -0.745     -0.570     -0.695      0.350     -0.044     -0.125
267.9500     -29981.521   -29989.168        7.647   306.5     -0.368      0.109     -0.290     -0.066     -0.077      0.204
268.0000     -29981.346   -29989.320        7.974   319.6      0.639     -0.013      1.118      0.039      0.005     -0.326
268.0500     -29981.794   -29989.412        7.618   305.4     -1.133     -0.254     -0.473     -0.101     -0.004     -0.169
268.1000     -29981.611   -29989.574        7.963   319.2     -0.788     -0.304     -1.079     -0.142      0.005     -0.325
268.1500     -29981.616   -29989.266        7.650   306.6      0.620     -0.511     -1.015      0.106      0.054      0.461
268.2000     -29981.635   -29989.314        7.679   307.8     -0.525      0.450      0.123      0.284     -0.695      0.163
268.2500     -29981.719   -29989.172        7.453   298.7      0.083     -0.334     -0.231     -0.143     -0.383      0.123
268.3000     -29980.937   -29989.006        8.069   323.4      0.002     -0.658     -0.358      0.132      0.302      0.334
268.3500     -29981.413   -29989.107        7.694   308.4     -0.712     -0.671     -0.113     -0.058      0.082     -0.092
268.4000     -29980.496   -29988.486        7.990   320.3      0.501      0.771     -0.051      0.080      0.136      0.461
268.4500     -29980.270   -29987.910        7.640   306.3      0.081     -0.065      0.176     -0.103      0.562      0.061
268.5000     -29980.146   -29988.059        7.913   317.2     -0.071      0.725     -0.584     -0.289     -0.048     -0.038
268.5500     -29980.358   -29988.057        7.698   308.6     -0.759     -0.733     -0.974      0.129      0.385     -0.279
268.6000     -29980.312   -29988.014        7.702   308.7      0.468      0.307      0.502     -0.575      0.243     -0.119
268.6500     -29980.669   -29988.014        7.345   294.4      0.246      0.744      0.175      0.471      0.257     -0.415
268.7000     -29981.065   -29988.176        7.111   285.0     -0.373      0.358     -0.821     -0.235     -0.175     -0.047
268.7500     -29980.830   -29988.164        7.334   294.0     -0.173     -0.632      0.143      0.051      0.402      0.307
268.8000     -29980.953   -29988.729        7.776   311.7     -0.478      0.628     -0.236      0.348     -0.409      0.068
268.8500     -29981.407   -29988.943        7.536   302.1      0.421      0.456     -0.335      0.089      0.201     -0.228
268.9000     -29981.697   -29989.793        8.096   324.5     -1.121     -0.801     -0.670      0.355      0.133     -0.198
268.9500     -29981.117   -29988.941        7.824   313.6     -0.647     -0.834     -0.462      0.076      0.204      0.133
269.0000     -29980.895   -29988.949        8.054   322.8      0.410     -0.034      0.140      0.007     -0.215      0.032
269.0500     -29980.799   -29989.000        8.201   328.7     -0.583     -0.394     -0.296      0.228      0.142      0.099
269.1000     -29980.704   -29988.275        7.572   303.5      0.001     -0.545     -0.293      0.560      0.326      0.102
269.1500     -29980.539   -29988.818        8.280   331.9     -0.698      0.579     -0.037     -0.075      0.074     -0.312
269.2000     -29980.168   -29988.682        8.514   341.3     -0.885      0.589     -0.296      0.270     -0.546     -0.345
269.2500     -29979.899   -29987.982        8.084   324.0     -0.153      0.196      0.401      0.358     -0.520      0.612
269.3000     -29979.399   -29987.871        8.472   339.6      0.145     -0.103     -0.281     -0.138     -0.066      0.125
269.3500     -29978.933   -29987.357        8.424   337.7     -0.474     -0.725      0.037     -0.235     -0.432      0.130
269.4000     -29978.644   -29987.562        8.919   357.5     -0.709     -0.158     -0.016      0.330     -0.012      0.447
269.4500     -29978.318   -29987.283        8.965   359.4     -0.177      0.078      0.015      0.286      0.448      0.039
269.5000     -29978.423   -29987.273        8.850   354.8     -0.161     -0.286      0.574      0.077     -0.608     -0.266
269.5500     -29978.635   -29987.512        8.876   355.8     -0.512      0.722     -0.680     -0.330     -0.216     -0.352
269.6000     -29978.760   -29987.676        8.916   357.4     -0.013     -0.453      0.061     -0.058     -0.524      0.482
269.6500     -29978.555   -29986.686        8.131   325.9      0.323     -0.707     -0.354      0.146      0.234     -0.032
269.7000     -29978.454   -29987.932        9.477   379.9      0.387      0.179     -0.410      0.214     -0.437     -0.714
269.7500     -29978.466   -29987.781        9.315   373.4     -0.890      0.113      0.459      0.236      0.034      0.111
269.8000     -29978.465   -29986.553        8.088   324.2      0.140      1.072      0.173      0.593      0.464      0.102
269.8500     -29977.953   -29986.896        8.944   358.5      0.546     -0.325      0.680     -0.238      0.100      0.707
269.9000     -29977.716   -29987.152        9.436   378.2     -0.473      0.428     -0.179      0.017      0.001     -0.136
269.9500     -29977.576   -29987.090        9.514   381.4     -0.934     -0.373     -0.623      0.154     -0.248      0.097
270.0000     -29977.394   -29986.428        9.033   362.1      0.583      0.211      0.161     -0.163     -0.057     -0.210
270.0500     -29977.725   -29987.061        9.336   374.2      0.109      0.716      0.013     -0.121      0.337     -0.056
270.1000     -29977.864   -29986.930        9.066   363.4     -1.391     -0.666      0.058      0.354      0.175     -0.020
270.1500     -29977.968   -29987.482        9.514   381.4     -0.519      0.058      1.089     -0.054      0.436     -0.149
270.2000     -29977.429   -29987.320        9.891   396.5     -0.277      0.329      0.169      0.096      0.512      0.183
270.2500     -29977.965   -29987.188        9.222   369.7      1.061      0.402      0.053     -0.291     -0.351      0.299
270.3000     -29978.465   -29987.021        8.557   343.0     -0.671      0.028     -0.110     -0.599      0.423      0.151
270.3500     -29978.636   -29986.463        7.827   313.7     -0.377     -0.301     -0.530     -0.191      0.192      0.079
270.4000     -29978.718   -29986.627        7.909   317.0     -0.287     -0.725     -0.226      0.454      0.436     -0.267
270.4500     -29979.261   -29987.688        8.427   337.8     -0.017     -0.009     -0.279     -0.542     -0.029      0.244
270.5000     -29979.433   -29987.492        8.059   323.1      0.397     -0.654     -1.045      0.167      0.421      0.376
270.5500     -29979.771   -29988.188        8.416   337.4     -0.897     -0.393      0.335     -0.377     -0.220     -0.263
270.6000     -29979.702   -29988.502        8.800   352.7      0.307      0.398     -0.510      0.469      0.269     -0.514
270.6500     -29980.055   -29988.520        8.465   339.3     -0.725     -0.922     -0.782     -0.028      0.192      0.146
270.7000     -29980.260   -29989.336        9.076   363.8     -0.711      0.409     -0.425     -0.575      0.358      0.066
270.7500     -29980.481   -29989.143        8.662   347.2     -0.419      0.159     -0.188      0.127     -0.225      0.023
270.8000     -29980.489   -29989.246        8.757   351.0      0.059     -0.722     -0.532      0.122     -0.457     -0.413
270.8500     -29980.606   -29989.285        8.679   347.9     -0.077     -0.028     -0.904      0.124      0.583      0.012
270.9000     -29980.343   -29988.723        8.379   335.9     -0.187     -0.250     -0.265     -0.315      0.162      0.118
270.9500     -29980.864   -29989.012        8.148   326.6      0.082     -0.952     -0.884     -0.459      0.091      0.265
271.0000     -29980.849   -29988.924        8.075   323.7     -0.366     -0.218      0.262     -0.272     -0.159     -0.226
271.0500     -29980.739   -29989.064        8.325   333.7      0.639      0.830     -0.336      0.747      0.270      0.140
271.1000     -29980.183   -29989.074        8.891   356.4      0.250      0.024      0.296     -0.163      0.413     -0.504
271.1500     -29980.389   -29988.963        8.573   343.7     -0.261     -0.072      0.454     -0.028     -0.273     -0.489
271.2000     -29981.042   -29988.746        7.704   308.8     -0.170     -0.141     -0.867     -0.184     -0.102     -0.127
271.2500     -29981.045   -29988.566        7.521   301.5     -1.060     -0.266      0.308     -0.013      0.467     -0.284
271.3000     -29980.867   -29988.705        7.838   314.2     -0.749     -1.065     -1.378     -0.071     -0.013     -0.742
271.3500     -29981.306   -29989.312        8.007   321.0     -0.417     -1.085     -0.219      0.238     -0.438      0.580
271.4000     -29981.220   -29989.199        7.980   319.9     -0.137     -0.587     -0.531     -0.702      0.127     -0.427
271.4500     -29981.460   -29989.039        7.579   303.8     -1.269     -0.494     -0.708      0.202     -0.187     -0.635
271.5000     -29981.361   -29989.779        8.419   337.5     -0.686     -0.116     -0.733     -0.222     -0.125     -0.187
271.5500     -29981.305   -29989.266        7.961   319.1     -0.689      0.427     -0.946     -0.512     -0.081      0.109
271.6000     -29981.231   -29989.475        8.244   330.5     -0.636     -0.522     -0.166      0.194     -0.020      0.099
271.6500     -29981.684   -29989.201        7.518   301.3     -0.107      0.055     -0.415      0.088     -0.021      0.688
271.7000     -29981.851   -29989.439        7.589   304.2      0.394     -0.213      0.074     -0.438     -0.158      0.504
271.7500     -29981.168   -29989.156        7.988   320.2     -0.849     -0.403     -0.372      0.120     -0.113      0.107
271.8000     -29981.829   -29989.643        7.813   313.2     -0.567     -0.486     -0.072     -0.271      0.169      0.196
271.8500     -29981.893   -29990.068        8.176   327.7      0.134     -0.181     -0.183     -0.125     -0.173     -0.737
271.9000     -29982.038   -29989.830        7.793   312.4     -0.738     -0.611      0.073      0.361      0.018      0.336
271.9500     -29982.081   -29989.342        7.261   291.1      0.141     -0.252     -1.016     -0.122      0.331      0.571
272.0000     -29981.816   -29989.826        8.010   321.1     -0.836     -0.223      0.601      0.103      0.094     -0.263
272.0500     -29981.439   -29989.344        7.905   316.9     -0.382     -0.320     -1.513      0.167      0.202      0.107
272.1000     -29981.033   -29988.734        7.702   308.7      0.422      0.187      0.079     -0.300     -0.005     -0.194
272.1500     -29980.592   -29989.520        8.928   357.9      0.181     -0.316     -0.692     -0.224      0.126     -0.400
272.2000     -29980.198   -29988.195        7.997   320.6     -0.037     -0.237     -0.373      0.071      0.541     -0.213
272.2500     -29979.896   -29988.359        8.463   339.2      0.208     -0.493     -0.247      0.077      0.156      0.070
272.3000     -29979.831   -29988.662        8.831   354.0     -0.434     -0.021     -0.330      0.384      0.419     -0.052
272.3500     -29979.196   -29988.090        8.894   356.5      0.017     -1.197      1.875      0.283      0.263      0.152
272.4000     -29978.572   -29987.945        9.374   375.7     -1.075     -0.794     -1.590      0.333      0.209     -0.098
272.4500     -29978.930   -29987.443        8.513   341.3     -0.451     -0.593     -0.096     -0.028     -0.193      0.227
272.5000     -29978.631   -29987.141        8.510   341.1     -0.029     -1.254     -0.744     -0.046      0.318     -0.410
272.5500     -29978.369   -29987.758        9.389   376.3     -0.716     -0.159      0.416      0.474      0.317      0.567
272.6000     -29978.174   -29987.367        9.193   368.5     -0.164      0.195     -0.969      0.282     -0.509     -0.100
272.6500     -29978.340   -29987.574        9.234   370.2      0.592      0.478      0.512      0.173      0.119     -0.235
272.7000     -29978.775   -29987.156        8.381   336.0     -0.712     -0.902      0.217      0.010      0.052      0.351
272.7500     -29978.840   -29986.957        8.117   325.4     -0.136     -0.389      0.201      0.048     -0.305     -0.642
272.8000     -29978.752   -29986.920        8.168   327.4     -0.189     -0.024     -0.586      0.010      0.161      0.222
272.8500     -29978.929   -29987.410        8.481   339.9      0.485     -1.485      0.226      0.096      0.034     -0.311
272.9000     -29978.929   -29988.264        9.335   374.2     -0.503     -0.244      0.290      0.099      0.254      0.279
272.9500     -29979.109   -29987.408        8.300   332.7     -0.529     -0.078     -1.019     -0.165     -0.098      0.218
273.0000     -29979.070   -29987.834        8.764   351.3      0.195     -0.493      0.029      0.006     -0.040      0.040
273.0500     -29978.970   -29987.398        8.428   337.9      0.679      0.431      0.660     -0.391     -0.123     -0.656
273.1000     -29978.777   -29987.572        8.796   352.6     -0.103     -0.329     -0.398      0.322      0.143      0.052
273.1500     -29978.772   -29987.729        8.956   359.0     -1.174     -0.830      0.040     -0.518     -0.024     -0.295
273.2000     -29978.822   -29987.229        8.407   337.0     -0.870     -0.566     -1.115     -0.281     -0.114     -0.180
273.2500     -29978.939   -29987.855        8.916   357.4     -0.519      0.328      0.536      0.128      0.344     -0.084
273.3000     -29978.266   -29987.146        8.881   356.0     -1.259      0.824      0.199      0.011      0.004      0.413
273.3500     -29978.593   -29986.805        8.212   329.2     -1.173     -0.962     -0.732      0.304     -0.234     -0.571
273.4000     -29979.043   -29988.469        9.426   377.8     -0.923     -0.583     -0.910     -0.272     -0.281      0.071
273.4500     -29979.233   -29988.488        9.255   371.0     -0.297     -0.202     -0.015     -0.489      0.089      0.190
273.5000     -29978.859   -29988.639        9.780   392.0     -0.376      0.173     -0.266      0.058     -0.095     -0.179
273.5500     -29978.577   -29988.197        9.621   385.6     -0.024      0.621     -0.630     -0.493      0.592     -0.418
273.6000     -29978.935   -29987.752        8.817   353.4     -1.410     -1.226      0.123      0.072      0.397      0.655
273.6500     -29979.518   -29987.660        8.142   326.4      0.646      0.573      0.177     -0.357     -0.097     -0.406
273.7000     -29979.266   -29987.459        8.193   328.4     -1.003     -0.228     -0.218      0.054     -0.070      0.056
273.7500     -29979.995   -29987.705        7.710   309.0     -0.196     -0.588     -0.394     -0.376     -0.152     -0.131
273.8000     -29979.494   -29988.414        8.920   357.6     -1.207      0.714     -0.307     -0.435      0.146      0.014
273.8500     -29979.191   -29987.975        8.783   352.1     -0.735      0.234     -0.298      0.115     -0.257     -0.543
273.9000     -29978.723   -29987.125        8.402   336.8     -0.693     -0.209     -0.918     -0.273     -0.110      0.145
273.9500     -29979.118   -29987.717        8.599   344.7     -0.144      0.041     -0.669      0.053     -0.064      0.002
274.0000     -29979.432   -29988.404        8.972   359.6     -0.796     -0.835     -0.919      0.523     -0.256     -0.367
274.0500     -29979.248   -29988.230        8.982   360.0      0.320      0.700     -1.264      0.167     -0.097      0.071
274.1000     -29979.532   -29988.516        8.983   360.1      0.121     -0.720     -0.618      0.403      0.542      0.354
274.1500     -29979.402   -29987.619        8.217   329.4     -0.168      0.476     -0.130      0.137      0.065     -0.643
274.2000     -29980.074   -29987.861        7.788   312.2     -0.460      0.320     -0.551     -0.477     -0.380     -0.223
274.2500     -29979.831   -29987.900        8.069   323.4     -0.043     -0.010      0.042      0.356      0.125     -0.250
274.3000     -29979.513   -29988.479        8.966   359.4     -0.885     -0.480     -1.110     -0.567     -0.217     -0.169
274.3500     -29979.980   -29988.178        8.198   328.6     -0.504      0.042     -0.631     -0.309     -0.246     -0.121
274.4000     -29980.450   -29988.664        8.214   329.3     -1.050     -0.804     -1.052      0.340     -0.338     -0.256
274.4500     -29980.251   -29988.820        8.569   343.5     -1.006     -0.132     -1.186     -0.021      0.247     -0.069
274.5000     -29980.480   -29989.160        8.681   348.0     -0.085     -0.613     -0.148      0.030     -0.312      0.236
274.5500     -29980.421   -29988.262        7.840   314.3     -0.067     -0.391      0.235     -0.010     -0.405      0.007
274.6000     -29980.184   -29988.547        8.362   335.2     -0.685     -1.323     -0.029     -0.045     -0.005     -0.040
274.6500     -29980.016   -29988.090        8.074   323.6     -0.534     -0.144     -0.491      0.002     -0.457      0.066
274.7000     -29980.313   -29988.818        8.505   340.9     -0.689     -0.131     -0.588      0.089     -0.294      0.283
274.7500     -29980.253   -29987.867        7.614   305.2      0.375     -0.069     -1.172     -0.817     -0.225      0.119
274.8000     -29980.098   -29988.740        8.642   346.4     -0.931     -0.960     -0.227     -0.258      0.198      0.209
274.8500     -29980.112   -29988.457        8.345   334.5     -0.922     -0.282      0.175      0.760      0.212      0.376
274.9000     -29979.903   -29988.561        8.658   347.1     -0.323     -0.679     -0.131     -0.316      0.442     -0.152
274.9500     -29979.868   -29988.424        8.556   343.0     -0.834      0.199     -0.597      0.411     -0.512     -0.441
275.0000     -29979.634   -29988.219        8.585   344.1     -0.313     -0.227     -0.535     -0.132      0.570     -0.085
275.0500     -29979.935   -29988.039        8.104   324.9      0.290     -1.388     -0.707     -0.099     -0.535      0.090
275.1000     -29979.591   -29988.221        8.630   345.9     -1.109     -1.310     -0.779      0.441     -0.024      0.836
275.1500     -29979.506   -29987.791        8.285   332.1     -0.989     -0.093      0.133     -0.555     -0.463      0.535
275.2000     -29979.736   -29988.289        8.553   342.9     -0.726     -1.821     -1.051      0.390      0.218     -0.429
275.2500     -29979.674   -29987.678        8.004   320.8     -1.317     -0.652     -0.957      0.212     -0.043     -0.401
275.3000     -29979.260   -29988.725        9.465   379.4     -0.011     -0.436     -0.090     -0.435      0.341     -0.338
275.3500     -29979.714   -29988.465        8.751   350.8      0.067     -0.668     -0.356      0.174     -0.013     -0.174
275.4000     -29979.529   -29988.266        8.737   350.2     -0.383     -1.560     -0.877      0.006     -0.197      0.190
275.4500     -29979.841   -29988.307        8.466   339.4      0.423     -0.985      0.625      0.213      0.024     -0.413
275.5000     -29979.608   -29987.850        8.242   330.4     -0.066     -0.060     -1.025      0.448      0.123     -0.104
275.5500     -29979.689   -29988.504        8.815   353.3      0.347      0.150      0.032      0.093      0.536     -0.396
275.6000     -29980.270   -29988.527        8.257   331.0     -0.580     -0.229     -0.016      0.418     -0.234     -0.024
275.6500     -29980.489   -29989.084        8.595   344.5     -0.723     -1.229     -0.205      0.304     -0.361      0.073
275.7000     -29981.050   -29988.504        7.454   298.8     -0.383     -1.690     -0.885     -0.297      0.426      0.129
275.7500     -29981.151   -29988.605        7.454   298.8      0.414     -0.389     -0.183      0.409     -0.178      0.533
275.8000     -29981.444   -29988.742        7.298   292.5     -0.410      0.239      0.202      0.201      0.113     -0.443
275.8500     -29981.032   -29988.336        7.304   292.8      0.478      0.978      0.859     -0.025     -0.328      0.321
275.9000     -29980.886   -29988.730        7.845   314.4     -0.041      0.069     -0.163     -0.022     -0.111      0.257
275.9500     -29980.556   -29988.715        8.159   327.1     -0.103     -0.233      0.279     -0.157      0.468      0.489
276.0000     -29980.389   -29988.324        7.935   318.1     -0.780     -0.562     -0.653      0.105      0.333     -0.370
276.0500     -29980.640   -29988.855        8.216   329.3     -0.894     -0.294     -0.584     -0.120      0.470     -0.232
276.1000     -29981.222   -29988.875        7.653   306.8     -0.814      0.008      0.363      0.451     -0.091      0.206
276.1500     -29981.518   -29989.420        7.902   316.7      0.423      0.203      0.308      0.467      0.273      0.133
276.2000     -29981.700   -29990.064        8.365   335.3      0.301     -0.056     -0.038     -0.040      0.217      0.041
276.2500     -29981.109   -29988.912        7.803   312.8     -0.829     -0.669      0.088      0.367     -0.246      0.142
276.3000     -29981.027   -29988.756        7.728   309.8      0.518      0.227     -0.088     -0.014     -0.209     -0.077
276.3500     -29981.049   -29989.340        8.291   332.3     -0.688      0.178     -0.305      0.354      0.134     -0.217
276.4000     -29981.568   -29989.193        7.625   305.6     -0.568     -0.372     -0.565     -0.000      0.076     -0.010
276.4500     -29981.161   -29988.986        7.826   313.7     -0.109     -0.357     -0.792     -0.066      0.089     -0.489
276.5000     -29981.133   -29988.959        7.826   313.7     -0.042      0.458      0.470      0.363      0.044      0.139
276.5500     -29980.857   -29988.738        7.881   315.9     -0.462     -0.607     -0.835     -0.326     -0.304     -0.463
276.6000     -29981.170   -29989.219        8.048   322.6     -0.809     -0.894     -1.031     -0.065      0.052      0.093
276.6500     -29981.116   -29989.062        7.947   318.5     -0.917     -0.542     -0.518     -0.388     -0.134      0.426
276.7000     -29981.317   -29989.404        8.087   324.2     -0.157     -1.127     -0.504     -0.562     -0.038     -0.333
276.7500     -29981.884   -29989.221        7.337   294.1     -0.115      0.435      0.198      0.197     -0.333     -0.348
276.8000     -29982.147   -29989.344        7.197   288.5     -0.627     -0.638     -0.216     -0.033      0.204     -0.281
276.8500     -29982.120   -29989.764        7.643   306.4     -0.019      0.893     -0.542     -0.214      0.127     -0.010
276.9000     -29981.794   -29990.059        8.265   331.3      0.131     -0.306      0.060     -0.307      0.522     -0.351
276.9500     -29981.545   -29989.412        7.867   315.4     -0.494     -0.517     -0.055      0.218     -0.248      0.071
277.0000     -29981.306   -29989.527        8.221   329.6     -1.364     -0.200      0.446     -0.075      0.523     -0.089
277.0500     -29981.313   -29989.455        8.142   326.4      0.010     -0.848     -0.434      0.020      0.594      0.072
277.1000     -29981.048   -29988.688        7.640   306.2     -0.698     -1.201     -0.874      0.033     -0.545     -0.499
277.1500     -29981.041   -29988.607        7.566   303.3     -0.017     -0.920     -0.461     -0.091     -0.133      0.344
277.2000     -29980.544   -29989.240        8.696   348.6     -0.017     -0.353     -0.498      0.039      0.801     -0.242
277.2500     -29980.740   -29988.906        8.166   327.3     -1.093      0.206     -0.458      0.169     -0.249     -0.658
277.3000     -29980.829   -29988.883        8.053   322.8     -0.977      0.536     -0.278      0.299      0.446     -0.205
277.3500     -29981.163   -29988.713        7.550   302.6     -0.341     -0.374     -0.634     -0.443     -0.505     -0.412
277.4000     -29981.373   -29989.051        7.677   307.8     -0.707     -1.310     -0.674      0.265     -0.100      0.146
277.4500     -29981.119   -29989.525        8.406   337.0     -0.190     -0.531      0.197      0.320     -0.047      0.091
277.5000     -29981.475   -29988.996        7.521   301.5      0.291      0.131      0.020     -0.075      0.213      0.270
277.5500     -29981.766   -29989.996        8.230   329.9     -1.040      0.404     -0.228      0.662      0.308     -0.300
277.6000     -29981.698   -29990.430        8.732   350.0     -0.652     -0.654     -0.948      0.250      0.302      0.232
277.6500     -29981.503   -29989.664        8.161   327.1     -1.311     -0.085     -1.257      0.094     -0.245      0.077
277.7000     -29981.460   -29989.885        8.425   337.7     -0.004     -0.060     -0.548     -0.313      0.438     -0.772
277.7500     -29981.944   -29989.287        7.343   294.3     -0.458     -0.378     -0.244      0.073     -0.551      0.292
277.8000     -29981.743   -29989.092        7.349   294.6     -0.594      0.487     -1.080      0.080     -0.556     -0.285
277.8500     -29981.914   -29988.914        7.000   280.6     -1.052     -0.980     -1.272      0.432      0.294     -0.081
277.9000     -29981.245   -29988.336        7.091   284.3      0.134     -0.579      0.165     -0.546     -0.751     -0.103
277.9500     -29981.040   -29988.820        7.781   311.9      0.276     -0.217     -1.053      0.004     -0.556      0.746
278.0000     -29980.586   -29988.430        7.844   314.4     -0.501      0.076      0.955     -0.455     -0.290     -0.429
278.0500     -29980.036   -29987.941        7.905   316.9      0.117     -0.110     -0.722      0.778     -0.221      0.333
278.1000     -29979.720   -29988.125        8.405   336.9     -1.247     -0.203     -0.349      0.072      0.039     -0.642
278.1500     -29979.414   -29987.857        8.444   338.5     -1.491     -1.101     -0.586      0.288     -0.567     -0.225
278.2000     -29979.445   -29987.777        8.332   334.0     -0.553     -0.956     -0.974      0.174     -0.185     -0.369
278.2500     -29979.894   -29988.695        8.801   352.8     -0.271      0.443     -0.501      0.337     -0.316     -0.186
278.3000     -29979.957   -29988.744        8.787   352.2      0.044     -1.384     -0.011      0.209      0.342     -0.110
278.3500     -29979.475   -29987.857        8.382   336.0      0.222      0.558     -0.168      0.228     -0.464     -0.083
278.4000     -29979.608   -29988.473        8.865   355.3     -0.155     -0.379     -0.332      0.019     -0.616     -0.295
278.4500     -29980.002   -29988.771        8.769   351.5     -0.671     -1.557      0.206     -0.445     -0.671      0.021
278.5000     -29979.707   -29988.053        8.346   334.5     -0.121      0.143      0.202     -0.079      0.464     -0.167
278.5500     -29979.245   -29987.988        8.743   350.5      0.635      0.114      0.479     -0.008     -0.046      0.376
278.6000     -29979.651   -29987.924        8.273   331.6     -0.236      0.206     -0.318      0.056     -0.281     -0.293
278.6500     -29979.499   -29988.092        8.593   344.5     -0.788     -0.058      0.127     -0.027      0.079      0.116
278.7000     -29979.396   -29988.006        8.610   345.1     -0.897     -0.420      0.262      0.313     -0.310     -0.223
278.7500     -29979.139   -29988.162        9.023   361.7     -0.476     -1.136     -1.119      0.438      0.126      0.297
278.8000     -29979.099   -29988.129        9.030   361.9     -1.202     -0.966     -1.583      0.401      0.510     -0.279
278.8500     -29979.243   -29987.859        8.616   345.4     -0.041      0.461     -0.220      0.015     -0.768      0.138
278.9000     -29979.387   -29988.334        8.947   358.6     -0.353     -0.946     -0.448     -0.262      0.554      0.120
278.9500     -29979.210   -29987.930        8.720   349.5     -0.559      0.308     -0.376     -0.528     -0.604      0.228
279.0000     -29979.513   -29987.941        8.429   337.9      0.454      0.217      0.291      0.385      0.284      0.275
279.0500     -29979.965   -29988.178        8.213   329.2     -0.528     -0.325     -0.236      0.203     -0.370      0.068
279.1000     -29979.887   -29989.035        9.148   366.7     -0.153      0.236      0.380      0.459      0.242      0.509
279.1500     -29979.934   -29988.793        8.858   355.1     -0.250     -0.247     -0.859      0.196     -0.357     -0.069
279.2000     -29979.343   -29988.469        9.126   365.8     -0.913     -0.492     -0.090     -0.584     -0.437     -0.032
279.2500     -29979.093   -29988.311        9.217   369.5      0.741     -0.899     -0.826     -0.048     -0.128     -0.468
279.3000     -29979.132   -29987.949        8.817   353.4     -0.807      0.084      1.052      0.335      0.762      0.144
279.3500     -29979.313   -29986.998        7.685   308.1      0.712     -0.622     -0.485      0.268      0.660      0.376
279.4000     -29979.658   -29988.104        8.446   338.6     -0.218     -0.170      0.358      0.071     -0.171     -0.072
279.4500     -29979.405   -29987.451        8.046   322.5     -0.359     -0.598     -1.849     -0.022      0.189     -0.426
279.5000     -29979.418   -29988.109        8.692   348.4     -1.152     -1.471     -1.506      0.183      0.185     -0.333
279.5500     -29979.353   -29988.008        8.654   346.9     -1.665     -0.823      0.216     -0.271     -0.427      0.317
279.6000     -29978.883   -29987.807        8.923   357.7      0.318     -0.327     -0.151      0.023      0.083      0.113
279.6500     -29978.645   -29988.053        9.407   377.1     -0.575     -0.231      0.772      0.059     -0.382     -0.717
279.7000     -29978.918   -29988.176        9.258   371.1     -0.874      0.370     -0.220      0.307      0.282      0.620
279.7500     -29978.662   -29987.805        9.143   366.5      0.747     -1.165     -0.169      0.190     -0.965     -0.128
279.8000     -29978.957   -29987.037        8.080   323.9     -1.001      0.072     -0.454     -0.430      0.824     -0.654
279.8500     -29979.245   -29987.332        8.087   324.2     -0.246      0.163      0.279      0.469      0.004      0.414
279.9000     -29979.118   -29987.596        8.477   339.8     -0.932     -1.145     -0.991     -0.275     -0.693     -0.275
279.9500     -29979.062   -29988.025        8.964   359.3     -1.854     -1.138     -1.323      0.128      0.378     -0.335
280.0000     -29979.363   -29987.314        7.951   318.7     -0.500     -1.056     -1.206     -0.235     -0.453     -0.078
280.0500     -29979.221   -29987.887        8.665   347.3     -0.124      0.510     -0.042     -0.089     -0.443     -0.125
280.1000     -29979.046   -29987.678        8.632   346.0      0.776     -0.750     -0.178     -0.171     -0.188     -0.626
280.1500     -29979.065   -29988.090        9.025   361.8     -0.201     -0.372     -0.611      0.330     -0.405     -0.112
280.2000     -29978.671   -29987.984        9.313   373.3     -0.642     -1.603     -0.143      0.132     -0.625      0.179
280.2500     -29979.236   -29987.736        8.501   340.7     -0.678      0.019     -0.352     -0.171      0.404     -0.246
280.3000     -29979.146   -29986.916        7.770   311.5     -0.370      0.073      0.479      0.284     -0.317      0.162
280.3500     -29979.338   -29987.270        7.932   317.9     -0.732     -0.446     -0.373     -0.311     -0.135     -0.186
280.4000     -29978.674   -29987.457        8.783   352.1     -0.574     -0.729     -0.676      0.093     -0.021      0.086
280.4500     -29978.370   -29987.189        8.820   353.5      0.163     -0.678      0.097      0.241     -0.446      0.085
280.5000     -29979.012   -29987.076        8.064   323.2     -0.820     -0.097      0.710      0.439      0.410     -0.251
280.5500     -29979.273   -29987.779        8.506   341.0     -0.438     -0.201     -0.806      0.122      0.441      0.065
280.6000     -29979.002   -29987.635        8.633   346.1     -0.003      0.705      0.539     -0.093     -0.055     -0.100
280.6500     -29978.898   -29987.885        8.987   360.3     -0.404     -0.732      0.026     -0.356     -0.030     -0.085
280.7000     -29978.799   -29987.469        8.670   347.5     -1.077     -1.464     -0.613     -0.118      0.141      0.443
280.7500     -29978.751   -29987.975        9.223   369.7     -0.590     -1.184     -1.107      0.150     -0.133     -0.118
280.8000     -29978.202   -29986.955        8.753   350.9     -0.840     -0.544     -0.501      0.058      0.071     -0.037
280.8500     -29977.753   -29986.781        9.028   361.9     -0.712     -0.815      0.017      0.031     -0.024     -0.177
280.9000     -29978.165   -29986.857        8.692   348.4     -1.044      0.557     -0.526     -0.489      0.328      0.031
280.9500     -29978.495   -29987.842        9.347   374.7     -1.563     -0.871     -0.765     -0.305     -0.133     -0.393
281.0000     -29978.722   -29987.328        8.606   345.0     -0.086      0.139     -0.914     -0.066      0.499      0.757
281.0500     -29978.727   -29986.863        8.137   326.2      0.219      0.495     -0.663     -0.400     -0.005     -0.085
281.1000     -29979.233   -29987.701        8.468   339.4     -1.134     -0.806      0.552      0.234     -0.100      0.329
281.1500     -29979.831   -29988.500        8.669   347.5      0.320     -0.361     -0.096     -0.757      0.004     -0.250
281.2000     -29980.465   -29988.592        8.126   325.7      0.092      0.273     -0.101      0.305      0.080     -0.050
281.2500     -29980.602   -29988.850        8.248   330.6     -0.204     -0.177      0.441     -0.138      0.170      0.407
281.3000     -29980.159   -29987.918        7.759   311.0     -0.359      0.293     -0.618      0.038      0.333     -0.450
281.3500     -29980.541   -29988.668        8.127   325.8      0.107     -0.540     -0.243      0.054     -0.231     -0.485
281.4000     -29980.173   -29988.746        8.573   343.7     -0.538     -0.004     -0.313     -0.293     -0.038     -0.114
281.4500     -29980.092   -29988.379        8.287   332.2      0.346     -0.339     -0.125      0.110      0.249     -0.123
281.5000     -29980.109   -29988.271        8.162   327.2     -0.847     -0.627     -0.850      0.080     -0.346      0.408
281.5500     -29979.729   -29988.176        8.447   338.6     -0.515     -0.695     -0.219     -0.120      0.478     -0.057
281.6000     -29980.124   -29988.648        8.524   341.7      1.341      0.195     -0.153      0.201     -0.517     -0.335
281.6500     -29980.708   -29989.109        8.402   336.8     -0.511      0.283      0.650     -0.077     -0.464     -0.001
281.7000     -29981.033   -29989.025        7.992   320.4     -0.098      0.453     -0.470      0.231      0.117      0.117
281.7500     -29981.106   -29989.146        8.040   322.3     -0.177     -0.235     -0.213      0.156     -0.124      0.188
281.8000     -29980.701   -29988.582        7.882   315.9     -0.294      0.414     -0.112      0.535      0.170     -0.487
281.8500     -29980.524   -29988.689        8.165   327.3     -0.642      0.208      0.275     -0.365      0.149      0.140
281.9000     -29980.737   -29988.818        8.082   324.0     -0.437     -0.431     -0.655     -0.198      0.012     -0.072
281.9500     -29981.102   -29989.494        8.392   336.4     -0.601     -0.359     -0.247     -0.515      0.006      0.698
282.0000     -29981.749   -29989.691        7.942   318.4      0.724     -0.037     -0.610     -0.082      0.326      0.062
282.0500     -29982.051   -29989.121        7.071   283.4     -0.579     -0.075     -0.501     -0.120      0.447      0.011
282.1000     -29981.325   -29988.709        7.384   296.0      0.433     -0.478     -0.403      0.456      0.191      0.016
282.1500     -29981.180   -29989.191        8.011   321.1     -1.107      0.500     -0.545      0.415      0.287      0.197
282.2000     -29980.684   -29989.115        8.431   338.0     -0.579     -0.219     -0.003      0.258      0.007      0.435
282.2500     -29980.457   -29988.312        7.855   314.9     -0.730     -0.724     -0.507      0.243      0.307     -0.007
282.3000     -29980.166   -29988.779        8.614   345.3     -0.464      0.200     -0.610      0.288      0.053      0.111
282.3500     -29980.827   -29988.275        7.448   298.6     -0.735      0.160      0.308     -0.243     -0.056      0.144
282.4000     -29980.291   -29988.342        8.051   322.7     -0.603      0.212     -0.203      0.076     -0.150      0.290
282.4500     -29980.218   -29988.654        8.436   338.2     -0.554     -0.498     -0.781     -0.712      0.238     -0.535
282.5000     -29980.586   -29988.906        8.320   333.5      0.257     -0.663      0.504     -0.052      0.075      0.547
282.5500     -29981.136   -29988.732        7.596   304.5     -0.844     -0.018     -0.192      0.210     -0.045     -0.255
282.6000     -29980.635   -29989.053        8.417   337.4     -0.607     -0.506     -0.604     -0.223     -0.326      0.183
282.6500     -29980.222   -29988.385        8.162   327.2      0.088     -0.172      1.062     -0.221      0.079     -0.238
282.7000     -29980.058   -29987.268        7.210   289.0      0.845     -0.253     -0.321     -0.544     -0.086     -0.197
282.7500     -29979.614   -29988.320        8.706   349.0      0.031      0.001     -0.160     -0.189      0.465      0.351
282.8000     -29978.955   -29987.674        8.719   349.5     -0.733     -0.147      0.492      0.157     -0.053     -0.398
282.8500     -29979.204   -29988.043        8.839   354.3     -0.837     -1.526     -1.439     -0.074      0.394      0.086
282.9000     -29979.545   -29987.668        8.123   325.6     -0.321     -0.342     -0.666     -0.383      0.803      0.319
282.9500     -29979.245   -29988.002        8.757   351.0     -0.156     -0.083     -0.086      0.076      0.515     -0.045
283.0000     -29979.113   -29987.547        8.434   338.1     -0.743     -0.639     -1.479     -0.166     -0.422     -0.095
283.0500     -29978.827   -29987.539        8.712   349.2     -0.614      0.601     -0.546     -0.201     -0.081      0.506
283.1000     -29978.940   -29987.773        8.833   354.1     -0.855     -0.754     -0.694     -0.184      0.266     -0.237
283.1500     -29979.526   -29987.693        8.168   327.4     -0.260     -1.274      0.094     -0.095     -0.250      0.058
283.2000     -29979.483   -29987.312        7.829   313.8     -0.883     -0.384     -0.900      0.054     -0.400      0.060
283.2500     -29980.443   -29987.877        7.434   298.0     -0.082     -1.188     -0.454     -0.576      0.078      0.089
283.3000     -29980.440   -29987.818        7.378   295.7     -0.802      0.019      0.133      0.299      0.131      0.413
283.3500     -29980.830   -29988.217        7.387   296.1      1.002      0.335      0.494     -0.583      0.203      0.447
283.4000     -29980.542   -29988.174        7.632   305.9     -0.290      0.127      1.041     -0.007     -0.146     -0.117
283.4500     -29980.638   -29988.469        7.830   313.9     -0.122      0.112     -0.337      0.533      0.243      0.167
283.5000     -29980.895   -29988.982        8.087   324.2      0.286      0.086      0.279     -0.330     -0.389     -0.288
283.5500     -29980.384   -29988.898        8.514   341.3     -0.236      0.058     -0.298      0.545      0.405      0.003
283.6000     -29980.224   -29988.953        8.729   349.9      0.238      0.108     -0.019     -0.098      0.027      0.145
283.6500     -29980.176   -29988.416        8.240   330.3     -0.806     -0.461      0.198      0.214     -0.390     -0.065
283.7000     -29980.720   -29988.102        7.381   295.9     -0.639     -0.759      0.091     -0.019     -0.269     -0.075
283.7500     -29980.268   -29989.098        8.829   353.9      0.155     -0.245      0.747      0.004      0.361      0.008
283.8000     -29980.466   -29988.662        8.196   328.5     -0.212     -0.522     -0.349      0.009     -0.506      0.195
283.8500     -29980.710   -29988.670        7.960   319.1      0.011     -0.480      0.497     -0.433      0.003     -0.184
283.9000     -29980.857   -29988.869        8.013   321.2     -0.436     -0.617     -0.658      0.143      0.122      0.073
283.9500     -29980.858   -29989.008        8.150   326.7     -0.628     -1.255     -0.760     -0.305     -0.501     -0.075
284.0000     -29980.876   -29988.746        7.871   315.5     -0.034     -0.721     -0.573     -0.105     -0.068      0.137
284.0500     -29980.811   -29988.922        8.111   325.1     -0.431     -0.262     -0.459     -0.007      0.007      0.106
284.1000     -29981.353   -29989.400        8.048   322.6     -0.612     -0.874     -0.832      0.245      0.071     -0.182
284.1500     -29981.645   -29989.555        7.910   317.1     -0.434     -0.440      0.294      0.217      0.009     -0.252
284.2000     -29981.361   -29989.064        7.703   308.8     -0.334      0.854      0.207     -0.302      0.139      0.190
284.2500     -29981.219   -29989.389        8.170   327.5     -1.787     -0.522     -0.516     -0.130     -0.253     -0.575
284.3000     -29981.430   -29988.879        7.449   298.6      0.128     -0.043     -0.799     -0.147      0.642     -0.253
284.3500     -29980.979   -29988.662        7.683   308.0     -1.174      0.005      0.298      0.043      0.510      0.157
284.4000     -29981.250   -29988.701        7.451   298.7      0.352     -0.475      0.229      0.030     -0.053     -0.283
284.4500     -29980.843   -29988.355        7.512   301.1     -0.577     -0.483     -0.951     -0.267     -0.119     -0.565
284.5000     -29981.077   -29988.781        7.705   308.8      0.347      0.480     -0.611     -0.248     -0.262      0.177
284.5500     -29981.025   -29988.857        7.833   314.0     -0.777     -0.180      0.026     -0.684      0.174     -0.466
284.6000     -29980.760   -29988.729        7.969   319.4     -0.123      0.337     -0.027      0.135      0.286      0.548
284.6500     -29980.999   -29988.863        7.864   315.2     -0.906     -0.611     -0.094      0.261      0.218      0.029
284.7000     -29981.153   -29989.207        8.054   322.8      0.225      0.852      0.298     -0.277     -0.280     -0.038
284.7500     -29980.645   -29988.617        7.972   319.6     -1.359     -0.750      0.051      0.013     -0.285     -0.307
284.8000     -29980.649   -29989.193        8.544   342.5     -1.599     -0.866     -1.402     -0.175      0.149     -0.288
284.8500     -29980.515   -29988.668        8.153   326.8     -0.418     -0.557      0.189     -0.498     -0.067      0.514
284.9000     -29981.069   -29990.021        8.952   358.8      0.182     -0.221     -0.976      0.585      0.207      0.287
284.9500     -29980.778   -29988.436        7.658   307.0      0.352     -0.114     -0.469     -0.134     -0.017      0.405
285.0000     -29980.736   -29989.414        8.679   347.9     -0.218      0.312     -0.108     -0.100     -0.180     -0.344
285.0500     -29980.276   -29989.072        8.796   352.6      0.273      0.338     -0.609      0.061      0.242      0.163
285.1000     -29980.577   -29988.348        7.770   311.5     -0.573     -0.799     -0.531     -0.045      0.246     -0.230
285.1500     -29980.548   -29989.105        8.558   343.0      0.173      1.070      0.100      0.598      0.129     -0.314
285.2000     -29979.983   -29988.330        8.347   334.6     -0.593     -0.083     -0.576     -0.260     -0.480      0.491
285.2500     -29979.848   -29987.855        8.008   321.0      0.582     -0.184      0.136      0.245      0.646     -0.151
285.3000     -29979.565   -29988.338        8.773   351.7     -0.193      0.120     -0.236     -0.383      0.084      0.032
285.3500     -29979.865   -29988.121        8.256   330.9     -0.513     -0.054     -0.527     -0.348      0.034      0.175
285.4000     -29979.970   -29988.064        8.094   324.4     -0.293      0.434      0.178      0.229      1.024     -0.928
285.4500     -29979.912   -29988.734        8.822   353.6      0.347     -0.093     -0.821     -0.076      0.236      0.091
285.5000     -29980.314   -29988.562        8.248   330.6     -0.188      0.309      1.166     -0.733      0.128     -0.089
285.5500     -29980.297   -29988.240        7.944   318.4      0.264     -0.976     -0.537      0.260      0.415      0.277
285.6000     -29979.765   -29988.332        8.567   343.4      0.281      0.413      0.218     -0.359      0.144      0.396
285.6500     -29979.901   -29988.010        8.108   325.0      0.083     -0.605     -0.201     -0.396     -0.272     -0.812
285.7000     -29980.235   -29988.703        8.468   339.4     -0.507     -0.045     -0.119     -0.362     -0.324     -0.128
285.7500     -29980.075   -29988.896        8.821   353.6     -0.844     -0.058      0.119      0.282      0.006     -0.427
285.8000     -29980.381   -29989.264        8.882   356.0      0.066     -0.809     -0.299     -0.090     -0.050      0.043
285.8500     -29980.442   -29988.529        8.087   324.2      0.002     -0.558     -0.632     -0.155      0.193     -0.219
285.9000     -29980.643   -29988.959        8.316   333.4     -0.990     -1.400      0.042      0.098      0.258     -0.032
285.9500     -29980.631   -29988.887        8.256   330.9     -0.233     -0.771     -0.651      0.049     -0.739      0.003
286.0000     -29979.997   -29988.889        8.892   356.4     -0.579     -1.070     -0.213     -0.402      0.398      0.487
286.0500     -29980.599   -29989.377        8.777   351.8     -0.816     -1.054      0.168     -0.089      0.014     -0.118
286.1000     -29980.648   -29989.350        8.701   348.8      0.409     -0.809     -0.813     -0.033     -0.687      0.428
286.1500     -29980.683   -29988.646        7.964   319.2     -1.446     -0.680     -0.402      0.699      0.175      0.000
286.2000     -29980.416   -29988.562        8.146   326.5     -1.186     -0.197     -0.544     -0.326     -0.055     -0.085
286.2500     -29980.236   -29988.229        7.993   320.4     -0.428     -0.181     -0.801      0.303     -0.368     -0.485
286.3000     -29980.507   -29989.432        8.925   357.8      0.597     -0.482     -0.054     -0.304     -0.362      0.181
286.3500     -29980.649   -29988.801        8.152   326.8     -0.109      0.437      0.051     -0.136     -0.086     -0.405
286.4000     -29981.136   -29988.637        7.501   300.7      0.768      0.736      0.460     -0.039     -0.290     -0.523
286.4500     -29981.154   -29989.029        7.875   315.7     -0.007     -0.889     -0.204      0.340      0.057     -0.119
286.5000     -29981.114   -29989.225        8.110   325.1      0.006     -0.578     -1.241     -0.181     -0.333     -0.240
286.5500     -29981.071   -29989.227        8.155   326.9     -1.479      0.004     -0.804      0.487     -0.076      0.039
286.6000     -29980.933   -29989.459        8.526   341.8     -0.786     -1.008     -1.669      0.187      0.473     -0.072
286.6500     -29981.321   -29989.115        7.794   312.4     -0.548      0.568     -0.409      0.042     -0.043      0.071
286.7000     -29981.377   -29989.398        8.021   321.5      0.140      0.135      0.137      0.238     -0.297      0.456
286.7500     -29981.069   -29989.209        8.140   326.3      0.051     -0.648     -0.686      0.437     -0.775     -0.396
286.8000     -29981.185   -29988.562        7.378   295.7     -0.061     -0.931     -0.098      0.448      0.143      0.451
286.8500     -29981.585   -29989.096        7.510   301.0      0.074     -0.485     -0.274      0.237     -0.382      0.141
286.9000     -29981.684   -29989.311        7.627   305.7     -0.838     -0.383     -0.174      0.866      0.246     -0.062
286.9500     -29981.334   -29989.590        8.256   330.9     -0.904     -0.622     -1.188     -0.183     -0.476      0.260
287.0000     -29981.290   -29988.898        7.608   305.0     -0.845     -0.733     -0.765      0.365      0.054     -0.189
287.0500     -29980.966   -29988.846        7.880   315.9     -0.579     -0.008     -0.783     -0.100     -0.343     -0.632
287.1000     -29981.117   -29988.900        7.784   312.0     -0.595     -0.495     -1.032      0.182     -0.318      0.558
287.1500     -29980.921   -29989.312        8.391   336.4     -0.499     -0.092      0.469      0.447     -0.091      0.043
287.2000     -29980.619   -29989.314        8.695   348.5     -0.748     -0.010     -0.068      0.125      0.036      0.207
287.2500     -29980.565   -29988.881        8.316   333.3     -0.525     -0.652     -0.878      0.166      0.398     -0.475
287.3000     -29980.684   -29988.957        8.273   331.6      0.521      0.060     -0.038      0.264     -0.292      0.399
287.3500     -29980.636   -29989.322        8.686   348.2     -0.518      0.348     -0.484     -0.539      0.010     -0.314
287.4000     -29980.244   -29988.432        8.188   328.2      0.520      0.023      0.247     -0.560     -0.308     -0.145
287.4500     -29979.852   -29988.760        8.907   357.0     -0.804      0.405      0.718     -0.164      0.197     -0.486
287.5000     -29979.761   -29988.396        8.635   346.2     -1.419     -0.463     -0.962      0.066     -0.312      0.072
287.5500     -29979.298   -29987.979        8.680   347.9      0.562     -0.326      0.478     -0.391      0.294     -0.180
287.6000     -29978.752   -29987.854        9.101   364.8     -1.022      0.349     -0.416     -0.485      0.487      0.082
287.6500     -29978.804   -29988.215        9.410   377.2      0.139     -1.211     -1.562      0.234     -0.517      0.476
287.7000     -29979.480   -29988.266        8.786   352.2     -0.674     -0.195     -0.234     -0.369     -0.037     -0.169
287.7500     -29979.736   -29988.146        8.411   337.1      0.151     -0.071     -0.285     -0.223      0.031      0.197
287.8000     -29979.849   -29988.580        8.731   350.0      0.958     -0.142     -0.177     -0.087      0.176     -0.581
287.8500     -29979.963   -29988.707        8.744   350.5     -0.001      0.413      0.045     -0.433      0.379     -0.057
287.9000     -29979.888   -29988.744        8.856   355.0     -0.528      0.017      0.157     -0.378      0.554     -0.211
287.9500     -29979.848   -29988.098        8.249   330.7     -0.038      0.109     -0.592     -0.189      0.442     -0.015
288.0000     -29979.601   -29988.301        8.699   348.7      0.041     -0.265     -0.107      0.076      0.031      0.735
288.0500     -29979.266   -29988.094        8.828   353.9     -0.182      0.122     -0.256     -0.334     -0.111     -0.635
288.1000     -29979.199   -29987.797        8.598   344.6     -0.437     -0.438     -0.262      0.462     -0.269      0.254
288.1500     -29979.557   -29987.895        8.337   334.2      0.497     -0.302     -0.891      0.128     -0.312      0.170
288.2000     -29979.101   -29988.838        9.737   390.3      0.363      0.219      0.064     -0.280      0.513      0.105
288.2500     -29979.835   -29988.383        8.548   342.7     -0.071     -0.982     -1.230     -0.254      0.104      0.134
288.3000     -29979.441   -29988.582        9.141   366.4      0.491     -0.020     -1.148      0.448      0.049      0.119
288.3500     -29979.752   -29988.393        8.640   346.3      0.172      0.099      0.114     -0.381      0.391      0.362
288.4000     -29979.729   -29988.410        8.681   348.0      0.924     -0.144      0.821      0.191      0.044      0.355
288.4500     -29980.148   -29988.131        7.983   320.0      0.111      0.715      0.164      0.600     -0.109      0.203
288.5000     -29980.512   -29989.285        8.774   351.7     -0.080     -0.763      0.213     -0.701     -0.165     -0.177
288.5500     -29980.537   -29988.607        8.070   323.5     -0.199     -0.220      0.361     -0.191      0.303      0.463
288.6000     -29979.962   -29988.857        8.896   356.6      0.697     -0.029     -0.725      0.280     -0.504     -0.100
288.6500     -29980.093   -29988.701        8.608   345.1     -1.014     -0.805     -0.167     -0.221      0.656     -0.074
288.7000     -29980.752   -29988.766        8.014   321.2     -1.274     -1.225     -2.354      0.311     -0.145      0.469
288.7500     -29981.017   -29988.980        7.964   319.2     -0.074     -0.093      0.077     -0.319      0.374      0.291
288.8000     -29980.844   -29988.830        7.986   320.1     -0.869     -0.958     -0.615      0.178     -0.176      0.015
288.8500     -29980.665   -29988.283        7.618   305.4     -0.195     -0.818     -0.462      0.295     -0.077      0.191
288.9000     -29980.717   -29988.516        7.798   312.6     -0.517     -0.507     -0.068     -0.348      0.541      0.784
288.9500     -29980.506   -29988.600        8.094   324.4      0.645      0.269     -0.389      0.197     -0.189     -0.569
289.0000     -29980.764   -29989.400        8.636   346.2     -0.170     -0.480     -0.423     -0.532      0.166      0.195
289.0500     -29980.696   -29988.932        8.236   330.1      0.061     -0.396     -0.188     -0.355      0.646     -0.060
289.1000     -29981.227   -29989.820        8.593   344.4     -0.428      0.009     -0.405      0.090      0.596     -0.295
289.1500     -29981.950   -29989.051        7.101   284.6     -0.491     -0.825     -0.326     -0.286     -0.869     -0.058
289.2000     -29981.933   -29990.047        8.113   325.2     -0.280      0.409      0.447      0.322      0.009     -0.336
289.2500     -29981.271   -29989.570        8.299   332.7     -0.172     -0.092     -0.372     -0.220      0.097      0.544
289.3000     -29981.087   -29989.176        8.088   324.2     -0.054     -0.380      0.345     -0.680     -0.013      0.068
289.3500     -29980.978   -29988.883        7.904   316.8     -0.468     -0.346      0.417      0.121      0.039      0.806
289.4000     -29980.249   -29988.113        7.864   315.2     -0.395      0.117     -0.648     -0.157      0.460      0.427
289.4500     -29980.430   -29988.709        8.279   331.9     -0.497     -0.023     -1.036     -0.095      0.220      0.166
289.5000     -29980.875   -29989.082        8.207   329.0     -0.479      0.367      0.116     -0.495     -0.472      0.116
289.5500     -29981.568   -29990.010        8.442   338.4      0.078     -0.064      0.957     -0.087      0.262     -0.209
289.6000     -29981.420   -29989.760        8.340   334.3      0.089      0.936      0.592     -0.363     -0.056     -0.308
289.6500     -29981.003   -29989.381        8.378   335.8     -0.693     -0.920     -0.235      0.575      0.488     -0.079
289.7000     -29981.303   -29988.953        7.650   306.7     -0.652     -0.714      0.071      0.017     -0.331     -0.820
289.7500     -29981.078   -29989.121        8.043   322.4      0.542      0.030     -0.004     -0.177      0.297     -0.016
289.8000     -29981.287   -29989.059        7.772   311.5     -0.170     -0.034      0.304      0.136      0.167      0.106
289.8500     -29981.042   -29989.314        8.273   331.6      0.902      0.478     -0.191      0.129      0.004     -0.334
289.9000     -29980.800   -29988.773        7.974   319.6     -0.687     -0.280     -0.113     -0.459     -0.196      0.131
289.9500     -29980.744   -29988.424        7.680   307.9     -0.015     -0.685     -1.438      0.529      0.283      0.560
290.0000     -29979.901   -29989.430        9.529   382.0     -0.779     -0.536     -1.131      0.525     -0.181      0.238
290.0500     -29980.663   -29988.076        7.413   297.1     -1.357     -0.979     -0.050     -0.529     -0.096      0.259
290.1000     -29981.014   -29989.047        8.033   322.0      0.407     -0.321     -0.137      0.215      0.074      0.047
290.1500     -29981.000   -29989.840        8.840   354.4     -0.400     -0.527     -0.574     -0.335      0.220      0.076
290.2000     -29981.017   -29988.740        7.724   309.6     -0.247     -0.509      0.500     -0.304     -0.452     -0.118
290.2500     -29981.449   -29989.201        7.752   310.8     -0.004     -0.424     -0.359      0.297     -0.489     -0.748
290.3000     -29980.956   -29989.199        8.243   330.4     -0.865     -1.109     -0.871     -0.485      0.160      0.482
290.3500     -29980.728   -29988.289        7.561   303.1     -0.714     -0.347      0.729     -0.418     -0.231      0.807
290.4000     -29980.405   -29988.545        8.140   326.3     -0.289     -0.984      0.122     -0.161      0.509      0.140
290.4500     -29979.920   -29987.816        7.896   316.5     -1.260     -0.065     -0.188     -0.205     -0.068      0.562
290.5000     -29979.801   -29988.338        8.537   342.2     -0.811     -1.507     -0.760     -0.252     -0.332     -0.025
290.5500     -29980.070   -29988.381        8.311   333.1     -0.463     -0.546     -0.882      0.127     -0.036      0.175
290.6000     -29979.937   -29988.301        8.364   335.3      0.147     -0.509     -0.508     -0.133     -0.495     -0.044
290.6500     -29979.839   -29988.057        8.218   329.4     -0.210     -0.534      0.053      0.157     -0.085      0.464
290.7000     -29979.493   -29987.838        8.345   334.5     -0.664      0.083     -1.312     -0.246      0.197     -0.050
290.7500     -29979.964   -29988.521        8.558   343.0     -0.416     -0.293     -1.299      0.703      0.028      0.321
290.8000     -29979.439   -29988.252        8.813   353.3     -0.469      0.249     -0.105     -0.280      0.516     -0.503
290.8500     -29979.073   -29988.199        9.126   365.8      0.322     -0.018      0.086      0.102     -0.154      0.316
290.9000     -29979.284   -29988.043        8.759   351.1     -0.376     -0.324      0.073     -0.155      0.416      0.106
290.9500     -29979.556   -29988.180        8.624   345.7      0.146     -0.041      0.191      0.137      0.134     -0.199
291.0000     -29979.570   -29988.156        8.587   344.2     -0.589     -0.260     -0.561      0.292      0.582     -0.133
291.0500     -29979.615   -29987.828        8.213   329.2     -0.578     -0.894     -1.049      0.258      0.243      0.151
291.1000     -29979.252   -29988.654        9.403   376.9     -0.743     -0.203      0.053      0.278     -0.204     -0.283
291.1500     -29979.598   -29988.320        8.723   349.7     -0.106     -0.352     -0.575     -0.515      0.032      0.382
291.2000     -29979.275   -29987.875        8.600   344.7     -0.139      0.460      1.320      0.123      0.181     -0.137
291.2500     -29979.431   -29987.346        7.915   317.3     -0.785      0.099     -0.133     -0.358     -0.232      0.429
291.3000     -29979.643   -29988.010        8.367   335.4      0.472     -0.499     -0.158      0.004     -0.133     -0.822
291.3500     -29979.688   -29988.018        8.330   333.9     -1.154      0.459     -0.037      0.728      0.204      0.052
291.4000     -29979.615   -29988.090        8.475   339.7      0.199     -0.566     -0.067     -0.136     -0.253     -0.220
291.4500     -29979.738   -29987.783        8.046   322.5     -0.264     -0.368     -0.822     -0.928      0.228     -0.146
291.5000     -29980.058   -29988.189        8.131   325.9      0.465      0.048     -0.298     -0.043     -0.183     -0.451
291.5500     -29980.346   -29988.301        7.955   318.9     -0.304      0.808     -0.231      0.000     -0.442     -0.519
291.6000     -29980.125   -29988.420        8.295   332.5     -0.193     -0.478     -0.157      0.179     -0.147      0.359
291.6500     -29979.926   -29987.955        8.029   321.8     -0.837      0.020     -0.407     -0.099      0.269     -0.306
291.7000     -29980.194   -29988.182        7.988   320.2     -0.501     -0.387      0.028      0.302      0.286      0.520
291.7500     -29980.463   -29988.480        8.017   321.4     -0.263      0.248     -1.184     -0.286     -0.151     -0.070
291.8000     -29980.503   -29988.248        7.745   310.5      0.379     -0.759      0.110      0.627      0.277      0.050
291.8500     -29979.718   -29988.965        9.247   370.7     -0.425     -0.074     -0.233     -0.467      0.417      0.378
291.9000     -29980.104   -29988.186        8.081   323.9     -0.225     -1.407     -0.415     -0.278      0.384     -0.232
291.9500     -29980.207   -29988.768        8.560   343.1      0.178     -0.024     -0.390      0.398      0.025     -0.047
292.0000     -29980.208   -29988.162        7.954   318.8     -0.464      0.380     -0.169     -0.532     -0.016     -0.191
292.0500     -29980.450   -29988.832        8.382   336.0      0.488     -0.872      0.129      0.740      0.004      0.134
292.1000     -29980.376   -29988.639        8.262   331.2     -0.337     -0.597     -0.394     -0.105     -0.737     -0.029
292.1500     -29980.429   -29988.521        8.092   324.4      0.552      0.175     -0.391     -0.256     -0.223      0.186
292.2000     -29980.369   -29988.938        8.568   343.4      0.270     -0.056     -0.697      0.082      0.476     -0.370
292.2500     -29980.478   -29988.566        8.089   324.2     -0.537     -0.461     -0.268     -0.817      0.139      0.385
292.3000     -29980.320   -29988.033        7.713   309.2      0.953     -0.247      0.199      0.295     -0.574     -0.137
292.3500     -29979.613   -29987.852        8.238   330.2     -0.535      0.130     -0.780      0.229     -0.154      0.222
292.4000     -29980.112   -29987.566        7.454   298.8      0.440     -0.468     -0.528      0.016     -0.315      0.269
292.4500     -29980.389   -29988.363        7.974   319.6     -0.565     -0.657     -0.540      0.438      0.098      0.603
292.5000     -29980.166   -29988.438        8.272   331.6     -0.431      0.080     -1.105      0.069     -0.487     -0.198
292.5500     -29980.231   -29988.711        8.480   339.9      0.074     -1.722     -0.029     -0.279      0.378      0.533
292.6000     -29980.586   -29988.273        7.687   308.1     -0.307     -0.554     -0.902      0.310      0.210     -0.189
292.6500     -29981.058   -29988.920        7.862   315.1     -0.335     -0.503      0.972      0.056      0.211      0.553
292.7000     -29981.764   -29989.195        7.431   297.9      0.250      0.540     -0.462     -0.056      0.087      0.107
292.7500     -29981.984   -29989.479        7.494   300.4     -1.227      0.586     -0.010      0.102     -0.108     -0.324
292.8000     -29981.765   -29989.328        7.563   303.2      0.419     -1.299     -1.111      0.163      0.294      0.177
292.8500     -29981.283   -29988.818        7.535   302.0      0.540     -0.328      0.309      0.106     -0.486     -0.124
292.9000     -29981.532   -29989.516        7.983   320.0     -0.330     -0.922     -0.092     -0.280      0.031      0.709
292.9500     -29981.443   -29987.836        6.393   256.3      0.867      0.213      0.132      0.180      0.044     -0.302
293.0000     -29981.189   -29989.398        8.209   329.1     -1.076     -0.760     -0.697     -0.224     -0.159      0.097
293.0500     -29981.186   -29988.443        7.258   290.9     -0.807     -0.361     -1.070      0.308     -0.252     -0.617
293.1000     -29980.997   -29988.443        7.446   298.5     -1.058     -0.318     -0.220     -0.257      0.249     -0.026
293.1500     -29980.695   -29987.861        7.166   287.2      0.067     -1.209     -0.821     -0.084     -0.446      0.543
293.2000     -29980.383   -29988.453        8.070   323.5     -0.755     -0.525     -0.272      0.943      0.028     -0.025
293.2500     -29980.308   -29988.859        8.551   342.8     -1.221     -0.642      0.227      0.362      0.381     -0.026
293.3000     -29980.413   -29988.654        8.241   330.3      0.003     -0.481     -0.356      0.193     -0.047      0.257
293.3500     -29980.718   -29988.623        7.905   316.9     -0.935     -0.479     -0.243     -0.435      0.304      0.193
293.4000     -29980.430   -29988.947        8.517   341.4     -0.983     -0.608      0.099     -0.097     -0.292      0.330
293.4500     -29980.637   -29988.576        7.939   318.2     -0.327      0.631      0.926      0.382      0.184     -0.348
293.5000     -29980.715   -29987.773        7.059   282.9     -1.275     -0.759     -0.947     -0.032     -0.246     -0.051
293.5500     -29980.255   -29988.023        7.768   311.4     -0.161     -0.280     -0.095     -0.291     -0.264     -0.195
293.6000     -29980.328   -29988.053        7.724   309.6     -1.375     -0.554      0.701     -0.670      0.031      0.027
293.6500     -29980.461   -29988.709        8.248   330.6      1.366      0.571      0.131     -0.322     -0.247      0.501
293.7000     -29980.960   -29988.844        7.884   316.0     -0.781     -0.140     -0.352      0.332     -0.024     -0.233
293.7500     -29980.591   -29988.557        7.966   319.3      0.429      0.576      0.612      0.046     -0.351     -0.184
293.8000     -29980.623   -29988.629        8.006   320.9     -0.133     -0.456     -0.060      0.011     -0.003      0.115
293.8500     -29980.780   -29988.551        7.771   311.5     -1.043      0.283     -0.451      0.369      0.101      0.077
293.9000     -29980.433   -29988.381        7.947   318.6      0.058     -0.496     -0.147      0.189      0.258     -0.276
293.9500     -29980.314   -29988.594        8.280   331.9      1.271      0.643     -0.077      0.005      0.362      0.549
294.0000     -29980.093   -29988.492        8.399   336.7     -0.484      0.367      0.761     -0.235      0.111      0.291
294.0500     -29980.022   -29988.193        8.171   327.5      0.042      0.484     -0.444      0.071      0.028      0.054
294.1000     -29980.140   -29987.879        7.739   310.2     -0.268     -0.394     -0.408      0.006      0.028     -0.008
294.1500     -29979.717   -29987.902        8.185   328.1     -1.206      0.178     -0.498      0.059     -0.559     -0.058
294.2000     -29979.652   -29987.785        8.134   326.0     -0.983      0.163     -0.870      0.339      0.278      0.172
294.2500     -29979.308   -29988.287        8.979   359.9      0.629     -0.501     -0.632     -0.016     -0.678      0.417
294.3000     -29979.882   -29988.607        8.725   349.7     -0.535      0.225     -1.030      0.146      0.188     -0.111
294.3500     -29980.073   -29988.100        8.027   321.8     -0.990      0.488     -0.772      0.218      0.003     -0.090
294.4000     -29980.285   -29988.053        7.767   311.4     -0.134     -0.360     -1.251      0.077      0.643     -0.175
294.4500     -29980.092   -29988.139        8.047   322.6      0.127      0.102      0.156      0.635     -0.086      0.021
294.5000     -29980.112   -29988.334        8.222   329.6      0.711     -0.742      0.053     -0.405     -0.410     -0.216
294.5500     -29980.232   -29988.785        8.553   342.9     -0.160     -0.037     -0.043      0.072     -0.036      0.627
294.6000     -29979.822   -29989.244        9.422   377.7     -0.969     -0.521     -0.998      0.035      0.109      0.540
294.6500     -29979.782   -29988.520        8.737   350.2     -0.002     -0.376      0.682     -0.295     -0.166     -0.400
294.7000     -29979.404   -29987.996        8.592   344.4     -0.251      0.190      0.010      0.284      0.217      0.303
294.7500     -29979.246   -29987.836        8.590   344.3     -0.446     -1.832     -0.884     -0.723      0.314     -0.111
294.8000     -29979.666   -29988.264        8.597   344.6     -0.388     -0.147      0.048      0.387      0.549      0.855
294.8500     -29979.681   -29988.521        8.840   354.3     -0.221     -0.849     -0.538      0.517     -0.028     -0.396
294.9000     -29980.249   -29988.873        8.624   345.7     -1.158     -0.845     -0.834      0.221     -0.029     -0.518
294.9500     -29980.364   -29988.469        8.104   324.9     -0.277     -0.633      0.215      0.307     -0.433      0.397
295.0000     -29979.633   -29988.287        8.654   346.9     -1.511      0.115     -0.603     -0.099     -0.139     -0.202
295.0500     -29979.290   -29988.592        9.301   372.8     -1.410     -0.978     -0.048      0.233      0.128     -0.558
295.1000     -29979.491   -29988.211        8.720   349.6     -1.272     -1.338     -0.930      0.418     -0.101      0.780
295.1500     -29979.279   -29988.408        9.130   366.0      0.523     -0.452      0.286      0.292     -0.150      0.074
295.2000     -29979.310   -29988.277        8.968   359.5      0.160     -0.485     -1.144      0.253     -0.073      0.409
295.2500     -29979.709   -29988.623        8.914   357.3     -0.698     -0.070     -0.144      0.050      0.144     -0.302
295.3000     -29979.999   -29988.629        8.630   345.9     -1.219      0.664     -0.009      0.328     -0.683      0.338
295.3500     -29980.554   -29989.406        8.852   354.8      0.740     -0.432     -0.058     -0.040      0.531      0.206
295.4000     -29980.854   -29989.021        8.167   327.4     -0.641      0.342     -0.269      0.323      0.424     -0.232
295.4500     -29980.910   -29989.213        8.303   332.8     -0.115     -0.200      0.441     -0.999      0.029      0.523
295.5000     -29980.925   -29989.072        8.147   326.6     -0.245     -0.966      0.614      0.058      0.263     -0.421
295.5500     -29981.351   -29989.068        7.717   309.3      0.279      0.177     -0.323      0.426      0.320     -0.233
295.6000     -29981.357   -29989.178        7.820   313.5      0.065      0.023      1.189     -0.370      0.225     -0.341
295.6500     -29980.932   -29989.365        8.433   338.0      0.301      1.190     -1.202      0.067      0.248      0.155
295.7000     -29981.213   -29988.924        7.710   309.1     -0.523     -1.274     -0.164      0.233     -0.683     -0.213
295.7500     -29981.639   -29989.340        7.701   308.7     -0.339      0.134     -0.823     -0.052      0.258      0.462
295.8000     -29981.362   -29989.027        7.665   307.2     -0.037     -0.555      0.039     -0.183     -0.172     -0.227
295.8500     -29980.819   -29989.119        8.300   332.7     -0.275     -1.171     -0.998     -0.525     -0.073      0.758
295.9000     -29981.055   -29989.016        7.961   319.1     -0.183      0.126     -0.222      0.477      0.143     -0.418
295.9500     -29981.109   -29989.293        8.184   328.0      0.165     -0.279      0.087     -0.037     -0.444      0.496
296.0000     -29981.226   -29989.061        7.834   314.0     -1.292     -0.675     -0.853      0.032     -0.392     -0.630
296.0500     -29981.096   -29989.459        8.363   335.2     -0.564      0.265      0.333      0.263     -0.008      0.362
296.1000     -29981.085   -29989.578        8.493   340.5      0.243     -0.354     -1.124      0.011     -0.289      0.087
296.1500     -29980.733   -29988.707        7.974   319.6     -0.055     -0.221      0.145     -0.461     -0.100      0.335
296.2000     -29981.081   -29988.307        7.225   289.6     -0.401      0.733     -0.340      0.214     -0.336      0.297
296.2500     -29981.188   -29989.379        8.191   328.3     -0.386     -0.471     -0.123     -0.102     -0.041      0.093
296.3000     -29981.067   -29989.398        8.332   334.0     -0.305     -0.622      0.475      0.229      0.313     -0.051
296.3500     -29981.172   -29988.713        7.541   302.3     -0.296      0.260      0.551     -0.475      0.225      0.162
296.4000     -29981.353   -29989.453        8.100   324.7     -0.576      0.178     -0.234     -0.096      0.762      0.227
296.4500     -29981.343   -29989.998        8.655   346.9     -0.404     -0.271     -0.158      0.015      0.183     -0.603
296.5000     -29981.412   -29990.197        8.785   352.2     -0.148     -0.454     -1.293     -0.245     -0.117      0.720
296.5500     -29981.321   -29989.047        7.726   309.7      0.309      0.073      0.875      0.207     -0.168      0.607
296.6000     -29981.603   -29989.674        8.071   323.5      0.020     -0.547      0.441     -0.159     -0.121     -0.255
296.6500     -29981.343   -29989.799        8.455   338.9     -0.175      0.267     -0.094     -0.590     -0.548      0.143
296.7000     -29980.970   -29988.988        8.019   321.4     -0.597     -1.175      0.199      0.368     -0.015     -0.264
296.7500     -29981.457   -29990.240        8.783   352.1     -1.003     -0.875     -0.162     -0.135      0.211     -0.201
296.8000     -29980.910   -29989.100        8.189   328.3     -0.502      0.053     -0.548      0.500      0.094     -0.399
296.8500     -29980.489   -29989.145        8.655   346.9     -0.881     -0.526      1.041     -0.433     -0.740     -0.488
296.9000     -29980.299   -29989.043        8.744   350.5     -0.440     -0.816     -0.150      0.145      0.185      0.079
296.9500     -29980.142   -29988.621        8.479   339.9      0.448     -1.541     -1.614     -0.410      0.232     -0.393
297.0000     -29979.965   -29987.568        7.604   304.8      0.001     -0.796      0.386      0.243     -0.077     -0.298
297.0500     -29979.939   -29988.773        8.834   354.1     -0.368     -0.228     -0.544      0.209      0.202     -0.190
297.1000     -29979.709   -29988.982        9.274   371.7     -0.431     -0.779     -0.426      0.012      0.406      0.343
297.1500     -29979.468   -29987.916        8.448   338.7      0.278      0.650     -0.624     -0.132      0.024      0.079
297.2000     -29979.808   -29988.566        8.758   351.1      0.025     -0.169     -0.337      0.035     -0.094      0.162
297.2500     -29979.957   -29988.582        8.625   345.7      0.064     -0.441      0.080      0.633     -0.046     -0.424
297.3000     -29979.991   -29989.086        9.095   364.6     -0.416     -1.322     -1.466      0.303      0.420      0.581
297.3500     -29980.792   -29989.037        8.245   330.5      0.058     -1.572     -0.202      0.235      0.163      0.368
297.4000     -29980.864   -29988.264        7.400   296.6     -1.053      0.174     -0.859      0.366     -0.284      0.552
297.4500     -29980.850   -29988.922        8.072   323.6     -0.731     -0.568     -1.394      0.405      0.089      0.185
297.5000     -29981.228   -29989.178        7.950   318.7     -0.405     -0.324     -0.261      0.846      0.509      0.095
297.5500     -29980.941   -29988.262        7.321   293.4      0.266      0.186      0.512      0.226      0.040     -0.271
297.6000     -29980.951   -29988.596        7.645   306.4     -0.486     -0.811      0.327     -0.078     -0.013     -0.272
297.6500     -29981.051   -29989.447        8.397   336.6     -0.052     -0.369      0.033     -0.094     -0.374      0.001
297.7000     -29981.135   -29989.090        7.954   318.9     -0.609      0.359     -0.934      0.247     -0.293      0.291
297.7500     -29981.282   -29989.799        8.517   341.4     -0.459     -1.600      0.017     -0.011      0.057     -0.058
297.8000     -29980.867   -29988.832        7.965   319.3      0.394      0.702     -0.380     -0.702      0.828     -0.174
297.8500     -29980.973   -29989.080        8.107   325.0     -0.773     -1.263     -0.312     -0.371      0.025     -0.189
297.9000     -29980.876   -29989.818        8.942   358.4     -0.327     -0.339     -1.052      0.312      0.575      0.334
297.9500     -29980.776   -29989.436        8.660   347.1     -0.603     -0.887     -0.899      0.084      0.084     -0.565
298.0000     -29981.414   -29989.664        8.250   330.7     -1.366     -1.579     -0.858     -0.471      0.492      0.218
298.0500     -29980.977   -29989.303        8.326   333.7      0.187     -0.455     -0.879     -0.038     -0.088      0.202
298.1000     -29981.106   -29989.264        8.157   327.0      0.043     -0.682      0.028      0.150      0.589      0.741
298.1500     -29980.972   -29988.984        8.012   321.2     -0.841     -0.873     -1.246     -0.055      0.004     -0.473
298.2000     -29980.617   -29988.332        7.715   309.3     -0.342     -0.616     -0.843     -0.595     -0.154     -0.012
298.2500     -29980.604   -29988.463        7.859   315.0      1.246     -0.936     -0.205      0.308     -0.411      0.584
298.3000     -29980.130   -29988.404        8.274   331.7     -0.110     -0.874     -0.577      0.008      0.013      0.191
298.3500     -29980.274   -29989.066        8.792   352.4     -0.096      0.589     -0.706     -0.115     -0.630      0.255
298.4000     -29980.147   -29988.311        8.163   327.2      0.354     -0.243      0.418      0.276     -0.554     -0.013
298.4500     -29980.644   -29987.977        7.332   293.9      0.513     -0.357     -0.495      0.456     -0.336      0.473
298.5000     -29980.383   -29988.445        8.062   323.2      0.240     -0.108      0.158      0.504     -0.523      0.746
298.5500     -29980.008   -29988.156        8.148   326.6     -0.962     -0.380      0.077      0.234      0.820      0.071
298.6000     -29979.737   -29987.846        8.109   325.0     -1.410     -1.000     -1.196     -0.207      0.343      0.527
298.6500     -29980.187   -29989.215        9.028   361.9     -0.565     -0.766     -0.962      0.050      0.161     -0.089
298.7000     -29980.737   -29988.258        7.521   301.5     -0.222     -0.171     -0.878     -0.637      0.020      0.098
298.7500     -29980.502   -29988.844        8.341   334.4      0.139     -0.540     -0.337     -0.371     -0.498      0.081
298.8000     -29980.652   -29988.508        7.856   314.9     -0.316      0.213     -0.082     -0.255      0.101     -0.039
298.8500     -29980.286   -29987.887        7.601   304.7      0.060     -0.506     -0.790      0.119     -0.192      0.139
298.9000     -29980.091   -29988.385        8.293   332.4      0.377      0.447     -0.176      0.373     -0.075      0.227
298.9500     -29979.243   -29988.906        9.663   387.3     -0.577     -0.493      0.069     -0.112     -0.106      0.171
299.0000     -29980.128   -29988.008        7.880   315.9     -0.874      0.063     -0.308     -0.553      0.066      0.142
299.0500     -29980.173   -29988.131        7.958   319.0     -0.050      0.610      0.965      0.871      0.394      0.154
299.1000     -29980.015   -29987.842        7.826   313.7      0.230     -0.632     -0.341     -0.174     -0.333     -0.369
299.1500     -29980.528   -29988.000        7.472   299.5      0.317      0.491     -0.837      0.083      0.299     -0.437
299.2000     -29980.754   -29988.459        7.705   308.9     -0.862     -0.146     -0.117      0.172     -0.057      0.307
299.2500     -29980.586   -29988.334        7.748   310.6      0.228      0.400      0.409     -0.597     -0.161      0.243
299.3000     -29980.836   -29988.510        7.674   307.6      0.393      0.602      0.941      0.342     -0.008     -0.398
299.3500     -29981.059   -29988.605        7.546   302.5      0.597      0.982      0.488     -0.273     -0.153      0.459
299.4000     -29980.853   -29988.707        7.854   314.8     -0.413     -0.989      0.180      0.101     -0.346     -0.082
299.4500     -29980.380   -29987.611        7.231   289.9     -0.267     -0.477     -0.566      0.120      0.141     -0.142
299.5000     -29980.108   -29987.637        7.529   301.8     -0.702     -0.750     -0.319      0.283     -0.556     -0.029
299.5500     -29980.200   -29988.531        8.331   333.9     -0.051      0.295      0.300      0.695      0.069      0.399
299.6000     -29980.069   -29988.184        8.115   325.3      0.667      0.734     -0.339     -0.462     -0.053     -0.157
299.6500     -29980.008   -29988.412        8.404   336.9      0.530     -0.958      0.936     -0.015     -0.171      0.217
299.7000     -29980.413   -29988.650        8.237   330.2     -1.056      0.289     -0.823      0.688     -0.115     -0.347
299.7500     -29980.331   -29988.846        8.515   341.3     -0.015      0.893      0.471     -0.359      0.764      0.037
299.8000     -29980.479   -29988.527        8.048   322.6     -0.207     -0.928     -0.848     -0.021     -0.285      0.178
299.8500     -29980.620   -29988.723        8.102   324.8     -0.359      1.122      0.481      0.395      0.212     -0.024
299.9000     -29981.291   -29988.895        7.604   304.8      0.588     -0.427     -0.099      0.569     -0.148      0.282
299.9500     -29981.110   -29989.246        8.136   326.1     -1.109     -1.480     -0.920     -0.322     -0.096      0.048
300.0000     -29980.963   -29989.186        8.222   329.6      0.293     -0.450     -0.438     -0.343     -0.464     -0.881
300.0500     -29980.889   -29988.758        7.868   315.4     -1.087      0.486     -0.100      0.343     -0.330      0.376
300.1000     -29980.588   -29988.977        8.389   336.3     -0.091      0.817      0.605     -0.030      0.611     -0.316
300.1500     -29980.434   -29988.521        8.087   324.2     -0.141      0.217     -1.006     -0.021      0.007     -0.137
300.2000     -29980.341   -29988.586        8.245   330.5     -0.527      0.098      0.115      0.155     -0.098     -0.612
300.2500     -29980.881   -29988.475        7.593   304.4     -0.552     -0.757      0.141     -0.221      0.414      0.293
300.3000     -29980.309   -29988.488        8.180   327.9      0.288      0.157      0.576      0.072      0.436      0.109
300.3500     -29980.609   -29988.141        7.532   301.9     -0.316     -0.330     -0.029      0.574     -0.417     -0.302
300.4000     -29980.660   -29988.625        7.965   319.3     -0.383     -0.385     -0.394      0.534     -0.122      0.032
300.4500     -29980.764   -29988.748        7.984   320.0     -0.584     -0.180     -0.292     -0.407     -0.191     -0.436
300.5000     -29980.520   -29988.557        8.037   322.2     -0.330     -0.700     -0.806     -0.414      0.182      0.266
300.5500     -29980.496   -29988.350        7.854   314.8      0.388     -0.373     -0.590      0.110      0.101     -0.096
300.6000     -29980.314   -29988.184        7.870   315.5      0.455     -0.278      0.083      0.119      0.237     -0.097
300.6500     -29980.013   -29988.158        8.145   326.5     -0.319      0.995     -0.427      0.170     -0.474     -0.305
300.7000     -29980.245   -29988.250        8.005   320.9     -0.056      0.341      0.548      0.167     -0.006     -0.048
300.7500     -29980.104   -29988.482        8.378   335.8     -0.163     -0.421     -0.750      0.301      0.146      0.082
300.8000     -29979.550   -29988.010        8.460   339.1      0.202      1.311     -0.137      0.211      0.164     -0.325
300.8500     -29979.917   -29987.848        7.931   317.9     -0.065      0.070      1.111      0.254      0.448     -0.178
300.9000     -29979.672   -29988.008        8.336   334.1      0.510      0.135     -0.085     -0.190      0.351      0.012
300.9500     -29980.116   -29987.979        7.863   315.2     -0.823      0.073     -0.252     -0.209      0.161     -0.383
301.0000     -29980.158   -29988.754        8.596   344.6     -0.096      0.137     -0.146     -0.160     -0.689      0.293
301.0500     -29979.772   -29988.402        8.630   345.9     -0.012     -0.881     -1.056     -0.306      0.640     -0.270
301.1000     -29979.563   -29987.381        7.818   313.4     -0.400     -1.182     -0.230     -0.133      0.157      0.455
301.1500     -29979.391   -29987.621        8.230   329.9      0.016     -0.399     -0.176     -0.141      0.360     -0.564
301.2000     -29979.599   -29987.621        8.022   321.6      0.443      0.442      1.722      0.586     -0.427      0.185
301.2500     -29979.863   -29987.766        7.902   316.8      0.777     -0.080     -0.640      0.149      0.763      0.160
301.3000     -29979.616   -29987.955        8.339   334.3     -0.547     -0.523      0.089     -0.574     -0.140     -0.053
301.3500     -29980.079   -29988.342        8.263   331.2      0.562     -0.153      0.496      0.036      0.021      0.455
301.4000     -29979.850   -29987.949        8.100   324.7      0.397      0.038     -0.129      0.095     -0.000     -0.133
301.4500     -29979.608   -29987.730        8.123   325.6      0.059     -0.396      0.680     -0.104     -0.088     -0.099
301.5000     -29979.916   -29988.586        8.670   347.5     -0.825     -0.566     -1.395     -0.056     -0.275      0.008
301.5500     -29980.460   -29988.555        8.094   324.5     -0.906     -0.689     -1.281      0.607     -0.165      0.602
301.6000     -29980.349   -29988.674        8.325   333.7     -0.565     -0.985     -0.167      0.001      0.514     -0.408
301.6500     -29980.167   -29988.451        8.284   332.1     -0.027      0.378      0.104     -0.044      0.000      0.046
301.7000     -29980.193   -29988.916        8.723   349.7     -1.520     -0.735      0.321     -0.265     -0.532     -0.175
301.7500     -29980.578   -29988.027        7.450   298.6     -0.107     -1.136     -0.626      0.373      0.008     -0.144
301.8000     -29980.250   -29987.891        7.641   306.3     -0.752     -0.729     -0.384      0.117      0.361      0.094
301.8500     -29980.344   -29988.697        8.354   334.9     -0.489      0.472     -0.316     -0.337     -0.410     -0.477
301.9000     -29980.481   -29988.775        8.294   332.5     -0.138     -0.530      0.250      0.211     -0.223     -0.401
301.9500     -29980.552   -29988.369        7.817   313.4     -0.898     -0.014     -0.262      0.509      0.191     -0.366
302.0000     -29980.471   -29988.486        8.016   321.3     -0.276     -0.137     -0.293     -0.604     -0.264      0.056
302.0500     -29980.596   -29988.975        8.378   335.8     -0.265     -0.163     -0.469      0.277     -0.097      0.243
302.1000     -29980.178   -29988.693        8.516   341.3     -0.775     -0.321     -0.877      0.139      0.041      0.455
302.1500     -29980.113   -29988.088        7.975   319.7      0.540     -0.133     -1.131     -0.409     -0.273      0.270
302.2000     -29980.115   -29988.527        8.412   337.2     -0.387     -0.896     -0.433      0.099     -0.026      0.252
302.2500     -29980.084   -29988.090        8.006   320.9     -1.577     -1.511     -1.630     -0.179      0.359      0.504
302.3000     -29980.353   -29989.088        8.734   350.1     -1.025      0.409     -0.354      0.311     -0.265      0.692
302.3500     -29980.335   -29989.398        9.063   363.3     -0.351     -0.888     -0.034     -0.285     -0.256      0.364
302.4000     -29980.419   -29988.779        8.360   335.1      0.034      0.258      0.070      0.837      0.379      0.597
302.4500     -29980.528   -29989.064        8.536   342.2     -0.212     -0.786      0.207      0.072     -0.313      0.116
302.5000     -29980.448   -29988.846        8.398   336.6     -0.326     -0.595     -1.594      0.130      0.769      0.444
302.5500     -29979.943   -29988.541        8.598   344.6     -1.217     -0.618     -0.550      0.128     -0.344     -0.292
302.6000     -29980.279   -29988.938        8.659   347.1     -1.042     -0.662      0.275      0.258      0.421     -0.024
302.6500     -29980.012   -29988.496        8.484   340.1      0.412     -0.390     -0.339      0.361     -0.141     -0.471
302.7000     -29979.910   -29989.291        9.381   376.0     -0.062     -0.108      0.054      0.370     -0.438     -0.084
302.7500     -29979.620   -29988.170        8.550   342.7     -1.370     -0.024     -0.444     -0.224     -0.136      0.188
302.8000     -29979.477   -29987.961        8.484   340.1     -0.678      0.478     -0.089      0.181      0.167      0.182
302.8500     -29979.331   -29987.379        8.048   322.6     -0.025     -0.534     -0.880     -0.142      0.081     -0.050
302.9000     -29979.393   -29987.828        8.435   338.1      0.557      0.579      0.722      0.083     -0.259      0.319
302.9500     -29979.515   -29987.816        8.302   332.8     -0.465     -0.290      0.365      0.223     -0.403     -0.077
303.0000     -29979.960   -29988.803        8.843   354.5      0.343      0.400     -0.601      0.049      0.512     -0.581
303.0500     -29980.100   -29988.516        8.416   337.4     -0.568     -0.176      0.724     -0.128     -0.344      0.321
303.1000     -29980.181   -29988.359        8.179   327.8     -0.197     -0.100     -1.248      0.182      0.453     -0.095
303.1500     -29980.267   -29988.555        8.288   332.2      0.179     -0.498      0.525     -0.108      0.331      0.185
303.2000     -29980.370   -29988.516        8.145   326.5     -0.779      0.836     -0.727     -0.157     -0.056     -0.459
303.2500     -29980.393   -29988.732        8.339   334.3      0.992      0.833      0.225      0.044      0.119      0.251
303.3000     -29980.501   -29988.525        8.024   321.7     -0.345     -0.338     -1.569      0.574     -0.221      0.152
303.3500     -29980.530   -29989.283        8.753   350.9     -0.205     -0.471     -0.049      0.236     -0.503     -0.236
303.4000     -29980.294   -29988.266        7.972   319.5      0.100     -0.523     -0.566      0.033      0.100      0.340
303.4500     -29980.134   -29989.389        9.255   371.0     -0.241     -0.206     -0.766      0.164      0.471      0.451
303.5000     -29980.078   -29988.885        8.807   353.0     -0.714     -0.540     -0.491      0.033      0.245      0.014
303.5500     -29980.375   -29988.861        8.486   340.2     -2.386     -0.603     -0.024     -0.041     -0.035     -0.207
303.6000     -29980.463   -29988.057        7.594   304.4      0.083      0.008     -0.304     -0.336     -0.461      0.669
303.6500     -29980.342   -29988.146        7.804   312.8     -0.037      0.201     -0.286     -0.112      0.438      0.252
303.7000     -29980.254   -29988.531        8.277   331.8     -0.116     -0.035     -0.529      0.502     -0.150     -0.548
303.7500     -29980.374   -29988.869        8.495   340.5     -0.876     -0.059     -0.506     -0.384     -0.056     -0.365
303.8000     -29980.638   -29988.285        7.647   306.5     -0.420     -0.817     -0.065      0.225     -0.335      0.415
303.8500     -29980.388   -29988.748        8.360   335.1     -0.781     -0.928     -0.963      0.551      0.122     -0.034
303.9000     -29980.609   -29988.215        7.606   304.9     -0.711     -1.157     -0.484     -0.448      0.312     -0.287
303.9500     -29980.548   -29988.766        8.217   329.4     -0.021     -0.301     -0.866      0.263     -0.493      0.065
304.0000     -29980.611   -29988.492        7.881   315.9     -0.576     -0.576     -0.573     -0.496      0.047     -0.395
304.0500     -29979.894   -29988.217        8.323   333.6      0.564      1.080     -1.124      0.144      0.309     -0.082
304.1000     -29980.395   -29988.574        8.179   327.9      1.029      0.311      1.184      0.477      0.054     -0.391
304.1500     -29980.665   -29988.846        8.181   327.9      0.207      0.281     -0.754      0.025      0.086     -0.097
304.2000     -29980.652   -29987.826        7.174   287.6     -0.289     -0.424     -0.199     -0.016     -0.128      0.280
304.2500     -29980.409   -29988.234        7.826   313.7     -0.947      0.439     -0.008      0.409      0.390     -0.168
304.3000     -29980.487   -29988.818        8.331   333.9     -0.469     -0.186      0.142      0.076     -0.090      0.039
304.3500     -29980.615   -29988.229        7.613   305.2      0.139     -0.259      0.277      0.146      0.202     -0.099
304.4000     -29980.430   -29988.131        7.701   308.7      0.391     -0.247     -0.639     -0.086     -0.044      0.046
304.4500     -29979.985   -29988.699        8.714   349.3     -0.928     -0.679     -0.422      0.190      0.129     -0.241
304.5000     -29980.036   -29988.850        8.813   353.3     -0.654     -0.693     -1.165      0.117     -0.128      0.137
304.5500     -29979.685   -29988.529        8.844   354.5     -0.705      0.229      0.054     -0.025     -0.028     -0.299
304.6000     -29979.892   -29988.799        8.907   357.0     -0.445      0.324      0.403     -0.110     -0.107      0.110
304.6500     -29980.007   -29987.799        7.792   312.3     -0.543     -0.006     -0.710     -0.277      0.649      0.138
304.7000     -29980.009   -29988.629        8.620   345.5     -0.880     -1.023     -1.320     -0.010      0.693      0.218
304.7500     -29979.771   -29987.816        8.045   322.5     -0.253      0.514     -1.312     -0.015     -0.056      0.253
304.8000     -29980.591   -29988.000        7.409   297.0     -0.363     -0.534      0.297     -0.119      0.360      0.151
304.8500     -29980.444   -29987.914        7.470   299.4      0.692      0.984      0.677      0.395      0.003      0.155
304.9000     -29980.084   -29988.115        8.031   321.9      0.153      0.420     -0.165      0.100      0.058     -0.094
304.9500     -29979.877   -29988.092        8.215   329.3     -1.106     -1.234      0.462      0.512      0.190      0.116
305.0000     -29980.440   -29988.816        8.377   335.8     -1.407     -0.471     -0.941     -0.056     -0.525      0.144
305.0500     -29980.664   -29988.012        7.348   294.5      0.394     -1.102     -0.008     -0.486      0.117      0.151
305.1000     -29980.703   -29988.393        7.690   308.2     -0.477     -0.763     -0.100      0.078      0.109     -0.705
305.1500     -29980.444   -29988.365        7.921   317.5     -0.393      0.115     -1.081     -0.337     -0.250      0.383
305.2000     -29980.433   -29987.732        7.299   292.6     -0.225     -0.812     -0.037      0.187      0.101     -0.479
305.2500     -29980.722   -29988.066        7.344   294.4     -0.136     -0.216     -0.582      0.056      0.409      0.541
305.3000     -29981.167   -29988.854        7.687   308.1     -1.000     -1.119     -0.257     -0.298     -0.300     -0.058
305.3500     -29980.629   -29988.453        7.825   313.6      0.501     -0.811     -0.657      0.815     -0.303      0.246
305.4000     -29980.397   -29988.391        7.994   320.4      0.075      1.559     -0.098     -0.500      0.269     -0.040
305.4500     -29980.714   -29988.744        8.031   321.9     -0.141      0.156     -0.205     -0.114      0.073     -0.131
305.5000     -29980.377   -29988.502        8.124   325.7     -0.768     -1.187     -0.828      0.134      0.074      0.078
305.5500     -29980.213   -29989.332        9.119   365.5     -1.698     -1.419     -0.604      0.382     -0.160      0.018
305.6000     -29980.341   -29988.467        8.126   325.7     -1.654     -0.948     -1.329     -0.062      0.185      0.279
305.6500     -29980.145   -29988.762        8.617   345.4      0.464     -1.118     -1.502      0.007      0.020     -0.283
305.7000     -29980.468   -29988.213        7.745   310.5     -0.946     -0.198     -0.907      0.181      0.131     -0.021
305.7500     -29980.673   -29988.732        8.059   323.1     -0.702     -0.187     -0.752      0.064     -0.317      0.360
305.8000     -29980.855   -29988.811        7.955   318.9     -0.116     -0.197      0.118      0.085      0.123     -0.007
305.8500     -29980.758   -29988.756        7.998   320.6      0.608     -0.006      0.466     -0.652     -0.283     -0.296
305.9000     -29981.018   -29988.732        7.715   309.2     -0.465     -0.839     -0.229     -0.225      0.099      0.718
305.9500     -29980.929   -29988.871        7.942   318.3     -0.264     -1.141     -1.598     -0.459     -0.433     -0.128
306.0000     -29981.308   -29989.236        7.929   317.8     -0.726     -0.196     -0.731     -0.605     -0.266      0.066
306.0500     -29980.973   -29989.205        8.232   330.0     -0.564     -0.292     -0.483      0.115      0.029     -0.108
306.1000     -29980.871   -29988.525        7.655   306.8      0.175      0.105      0.045     -0.286      0.008      0.389
306.1500     -29980.814   -29987.877        7.063   283.1     -0.324     -0.306      0.487      0.465     -0.114     -0.212
306.2000     -29979.957   -29988.039        8.082   324.0      0.369      0.421     -0.146     -0.346      0.365      0.739
306.2500     -29979.897   -29988.791        8.894   356.5     -0.528     -0.507     -0.170     -0.133     -0.202     -0.240
306.3000     -29980.034   -29988.600        8.565   343.3     -0.817     -0.992     -0.763      0.555      0.304      0.509
306.3500     -29980.473   -29988.232        7.759   311.0      0.507     -0.319     -0.174     -0.053      0.164     -0.203
306.4000     -29980.650   -29988.742        8.092   324.4     -0.222     -0.889     -0.674     -0.109      0.195      0.465
306.4500     -29980.709   -29988.730        8.021   321.5     -0.250     -0.557     -0.196     -0.324     -0.051      0.074
306.5000     -29980.535   -29989.082        8.547   342.6      0.042      0.103      0.224      0.428     -0.042      0.040
306.5500     -29980.947   -29989.230        8.283   332.0     -0.212     -0.451     -0.364     -0.102      0.991     -0.124
306.6000     -29980.681   -29988.846        8.165   327.3     -0.314     -0.205     -0.182     -0.151      0.862      0.431
306.6500     -29981.056   -29988.775        7.720   309.4     -0.321     -0.674     -0.640     -0.064      0.254     -0.136
306.7000     -29981.250   -29989.270        8.020   321.5      0.540     -0.668     -0.631     -0.790      0.060      0.279
306.7500     -29981.100   -29988.867        7.767   311.3     -0.902      0.058     -0.192     -0.077     -0.345      0.118
306.8000     -29981.892   -29989.516        7.624   305.6      0.074     -0.738      0.723     -0.201      0.075     -0.452
306.8500     -29981.242   -29988.445        7.203   288.7     -0.141     -0.041      0.318     -0.113     -0.291      0.295
306.9000     -29981.271   -29989.623        8.352   334.8     -0.036     -0.330     -0.031     -0.186     -0.546      0.332
306.9500     -29980.680   -29989.072        8.392   336.4     -0.429     -0.625     -0.106      0.202     -0.259      0.378
307.0000     -29981.659   -29989.203        7.544   302.4      0.060      1.287      0.802     -0.305     -0.002      0.002
307.0500     -29982.048   -29989.709        7.661   307.1     -0.263      0.056      0.180     -0.475     -0.150     -0.048
307.1000     -29982.086   -29989.006        6.920   277.4      1.339      0.540      0.591      0.338      0.198      0.185
307.1500     -29981.964   -29990.043        8.079   323.8     -0.361     -0.097      0.353     -0.014     -0.028      0.383
307.2000     -29982.334   -29989.205        6.871   275.4      0.205     -1.227     -0.049      0.245      0.336      0.513
307.2500     -29982.428   -29989.285        6.858   274.9      0.213      0.646     -0.291     -0.188      0.024     -0.089
307.3000     -29981.802   -29989.389        7.586   304.1     -0.740     -0.469     -0.631     -0.054     -0.218     -0.105
307.3500     -29981.704   -29989.117        7.413   297.1      0.306      0.459     -1.020      0.112      0.243      0.106
307.4000     -29981.398   -29988.799        7.401   296.7     -0.238     -0.033     -0.202      0.439      0.330      0.143
307.4500     -29981.354   -29989.281        7.927   317.8     -0.666      0.088     -0.240      0.067     -0.165      0.111
307.5000     -29980.925   -29989.211        8.286   332.1      0.377      0.362     -0.205      0.063      0.415      0.297
307.5500     -29980.782   -29988.842        8.060   323.1     -0.447     -0.048      0.273     -0.559      0.296     -0.060
307.6000     -29980.728   -29988.230        7.502   300.7     -0.394     -0.808     -0.526      0.291      0.205     -0.512
307.6500     -29981.337   -29988.740        7.403   296.8      0.359      0.218      0.245     -0.123      0.168      0.477
307.7000     -29981.239   -29989.096        7.856   314.9      0.384      0.966     -0.209      0.146      0.499      0.427
307.7500     -29980.962   -29988.381        7.419   297.4     -1.603     -0.678     -1.352     -0.402     -0.116     -0.053
307.8000     -29980.897   -29988.828        7.931   317.9     -0.008      0.008     -0.105     -0.095     -0.430      0.132
307.8500     -29980.012   -29988.795        8.783   352.1     -0.022     -1.434     -0.667     -0.087      0.195     -0.274
307.9000     -29980.019   -29988.588        8.569   343.5     -0.332     -0.067     -1.310     -0.658     -0.140     -0.132
307.9500     -29979.850   -29988.309        8.459   339.1      0.050     -0.359     -0.126      0.278      0.451      0.301
308.0000     -29979.844   -29988.279        8.436   338.1      0.036     -0.052      0.657     -0.210     -0.623      0.042
308.0500     -29979.458   -29987.854        8.395   336.5     -0.461     -0.082     -0.920      0.037     -0.106      0.215
308.1000     -29979.198   -29988.059        8.861   355.2     -0.774      0.538     -0.738     -0.283      0.281     -0.103
308.1500     -29979.839   -29988.164        8.325   333.7      1.006      0.764     -0.506      0.124      0.135      0.067
308.2000     -29979.686   -29987.779        8.093   324.4     -0.758     -0.193      0.231      0.167      0.128     -0.343
308.2500     -29979.462   -29987.699        8.237   330.2     -0.537      0.642     -0.234      0.223     -0.090     -0.274
308.3000     -29979.297   -29987.535        8.238   330.2     -0.490      0.064     -1.124      0.135      0.332      0.531
308.3500     -29979.405   -29988.221        8.815   353.4     -1.142     -0.430     -0.268      0.384     -0.217     -0.416
308.4000     -29979.988   -29988.252        8.264   331.3     -0.460     -0.801     -1.008      0.112     -0.089      0.647
308.4500     -29980.477   -29987.895        7.418   297.3      0.421      0.256     -0.323     -0.193      0.206     -0.516
308.5000     -29980.471   -29987.973        7.502   300.7     -0.313     -0.086     -0.215      0.167     -0.134      0.089
308.5500     -29980.238   -29987.982        7.744   310.4      0.477      0.484      0.270     -0.289     -0.106      0.074
308.6000     -29980.390   -29987.674        7.283   292.0     -1.358     -0.005     -0.332      0.469      0.083      0.383
308.6500     -29980.007   -29988.539        8.532   342.0     -0.307     -0.340     -0.369     -0.074      0.559     -0.267
308.7000     -29979.552   -29987.953        8.401   336.7     -0.684     -0.201     -0.068      0.568      0.464      0.459
308.7500     -29980.254   -29988.477        8.222   329.6      0.108     -0.116     -0.160      0.653      0.097     -0.520
308.8000     -29980.629   -29988.904        8.276   331.7     -0.049     -0.334     -0.367      0.341      0.194      0.242
308.8500     -29980.810   -29989.230        8.420   337.5     -0.365     -0.080      0.408     -0.544     -0.268      0.786
308.9000     -29981.035   -29988.715        7.680   307.8     -0.406      1.130     -0.584      0.198     -0.418     -0.687
308.9500     -29980.795   -29988.514        7.718   309.4     -0.649     -0.555      0.290     -0.426      0.266      0.445
309.0000     -29980.537   -29988.791        8.255   330.9     -0.614     -0.294     -0.352     -0.074      0.158      0.309
309.0500     -29980.299   -29988.203        7.904   316.8     -0.019      0.356      0.580      0.473     -0.160     -0.458
309.1000     -29979.818   -29987.973        8.154   326.9      0.619      0.105     -0.142      0.379     -0.140      0.319
309.1500     -29980.301   -29988.514        8.213   329.2     -0.217     -0.379     -0.110      0.199      0.081      0.066
309.2000     -29980.995   -29987.979        6.983   279.9     -0.879     -0.498     -2.111      0.290      0.199     -0.112
309.2500     -29980.718   -29988.549        7.830   313.9     -0.135     -0.428      0.054      0.298     -0.270     -0.008
309.3000     -29980.743   -29988.547        7.804   312.8     -0.640     -0.456     -0.284     -0.186     -0.334      0.352
309.3500     -29981.168   -29988.986        7.818   313.4     -1.254     -0.754     -0.815     -0.039     -0.156     -0.192
309.4000     -29981.038   -29988.871        7.833   314.0     -0.319     -0.269     -0.575      0.402      0.689      0.363
309.4500     -29981.021   -29988.844        7.823   313.6     -0.359     -0.169     -0.434     -0.471     -0.096      0.166
309.5000     -29980.364   -29988.404        8.041   322.3     -0.974     -0.078     -0.725      0.904     -0.162     -0.314
309.5500     -29980.152   -29988.244        8.092   324.4      0.312     -1.363     -0.446      0.479      0.261     -0.080
309.6000     -29979.776   -29987.926        8.150   326.7     -0.386      0.474      0.013     -0.304      0.294     -0.677
309.6500     -29980.095   -29988.631        8.535   342.1      0.067     -0.151     -1.141     -0.434     -0.409     -0.198
309.7000     -29980.469   -29988.369        7.901   316.7     -0.392     -0.070      0.147      0.420      0.448     -0.083
309.7500     -29980.677   -29988.984        8.308   333.0     -0.449     -1.166     -0.486     -0.078      0.391     -0.097
309.8000     -29980.161   -29988.596        8.435   338.1     -0.165      0.067     -0.180      0.041      0.017      0.195
309.8500     -29980.250   -29988.832        8.582   344.0     -0.207      0.396     -0.523     -0.146     -0.357     -0.351
309.9000     -29980.850   -29988.629        7.779   311.8     -0.021      0.117     -0.277      1.014     -0.013     -0.056
309.9500     -29980.487   -29988.795        8.308   333.0     -0.408      0.331      0.234      0.297      0.086     -0.008
310.0000     -29980.939   -29989.020        8.081   323.9     -0.117     -0.419      0.801     -0.024      0.159      0.493
310.0500     -29980.996   -29988.969        7.973   319.6      0.044      0.758      0.297     -0.519     -0.292     -0.254
310.1000     -29980.733   -29988.896        8.164   327.2     -0.824      0.350     -0.230      0.304     -0.003      0.015
310.1500     -29980.321   -29988.508        8.187   328.2      0.396     -0.292     -0.000     -0.117     -0.432      0.005
310.2000     -29980.523   -29988.566        8.044   322.4     -1.044     -0.180     -0.478     -0.011     -0.018     -0.079
310.2500     -29980.685   -29988.074        7.389   296.2     -0.367     -0.414     -0.356      0.237     -0.372      0.065
310.3000     -29980.585   -29988.705        8.120   325.5     -0.071     -0.892     -0.419     -0.012      0.645      0.172
310.3500     -29980.179   -29988.723        8.544   342.5     -0.886      0.126     -1.221      0.197     -0.320     -0.342
310.4000     -29980.241   -29988.678        8.437   338.2      0.672     -0.799     -0.100      0.332      0.610      0.469
310.4500     -29980.354   -29989.211        8.856   355.0     -0.191     -0.473     -0.372     -0.364      0.237     -0.108
310.5000     -29980.691   -29988.736        8.046   322.5     -0.595     -1.077      0.116     -0.441     -0.037     -0.249
310.5500     -29980.806   -29988.814        8.009   321.0     -0.121      0.431      0.103      0.460     -0.303      0.095
310.6000     -29980.601   -29989.158        8.557   343.0     -0.609     -1.072     -0.474     -0.307      0.430      0.207
310.6500     -29980.146   -29988.734        8.588   344.3     -0.915      0.127     -0.357      0.256     -0.214     -0.044
310.7000     -29980.467   -29988.721        8.253   330.8     -0.048     -0.350     -0.094     -0.606     -0.279      0.104
310.7500     -29980.544   -29988.771        8.227   329.8     -0.211     -0.379      0.158      0.245     -0.125      0.226
310.8000     -29981.037   -29989.082        8.045   322.5     -0.611     -0.782     -0.405      0.022     -0.213      0.287
310.8500     -29980.997   -29989.088        8.091   324.3     -0.192     -0.217      0.418     -0.404      0.309     -0.503
310.9000     -29980.939   -29988.777        7.838   314.2     -0.706     -0.478     -1.132      0.322     -0.075     -0.171
310.9500     -29981.429   -29989.133        7.704   308.8     -0.642     -0.821      0.211      0.168     -0.218      0.098
311.0000     -29981.182   -29988.973        7.790   312.3     -0.080     -0.349      0.216      0.089     -0.206      0.149
311.0500     -29980.573   -29988.330        7.757   310.9      0.581     -0.600     -0.777      0.077      0.085      0.071
311.1000     -29980.129   -29988.109        7.981   319.9     -1.539     -0.663     -0.582     -0.195      0.135     -0.462
311.1500     -29980.226   -29988.012        7.786   312.1     -0.644     -0.389     -0.329      0.125      0.250     -0.268
311.2000     -29979.877   -29988.188        8.310   333.1      0.331     -0.119     -0.180     -0.724      0.195      0.147
311.2500     -29980.142   -29988.449        8.307   333.0     -0.530      0.358     -0.088      0.379      0.338     -0.077
311.3000     -29980.092   -29988.480        8.388   336.2     -0.294     -0.443     -0.229     -0.238     -0.078      0.467
311.3500     -29980.148   -29988.805        8.656   347.0     -0.154      0.488      0.134     -0.102      0.083     -0.192
311.4000     -29980.664   -29988.889        8.225   329.7      0.540      0.938      0.614     -0.417      0.082     -0.333
311.4500     -29980.852   -29988.713        7.860   315.1     -0.895     -0.930     -0.744     -0.502     -0.299      0.315
311.5000     -29980.573   -29988.266        7.693   308.4      0.945     -0.014     -0.998      0.149     -0.164     -0.059
311.5500     -29980.554   -29988.363        7.810   313.0     -0.775      0.156      0.399     -0.280     -0.186     -0.194
311.6000     -29980.274   -29987.566        7.292   292.3     -0.059     -0.283     -0.383     -0.860      0.056     -0.293
311.6500     -29979.882   -29987.846        7.963   319.2      0.707      0.393      0.446      0.348     -0.137      0.357
311.7000     -29980.314   -29988.619        8.305   332.9     -0.664     -0.479     -0.100     -0.120     -0.436     -0.103
311.7500     -29980.164   -29988.432        8.268   331.4     -0.854     -0.390     -0.916     -0.243      0.308     -0.581
311.8000     -29980.007   -29988.145        8.138   326.2     -0.735     -0.662     -0.336     -0.415     -0.162      0.501
311.8500     -29980.688   -29988.730        8.043   322.4      0.519      0.996      0.171      0.117      0.349     -0.097
311.9000     -29980.401   -29988.629        8.228   329.8      0.008      0.035     -0.686      0.184      0.562      0.515
311.9500     -29980.687   -29988.619        7.932   317.9     -0.227     -0.205     -0.035     -0.086     -0.327     -0.295
312.0000     -29980.680   -29988.895        8.215   329.3     -0.640      0.331     -0.521      0.136      0.794      0.339
312.0500     -29980.735   -29988.748        8.013   321.2      0.199     -0.010      0.158      0.095     -0.177      0.014
312.1000     -29980.442   -29988.217        7.774   311.6     -0.841     -0.536      0.695      0.197     -0.287      0.138
312.1500     -29979.877   -29988.209        8.332   334.0      0.529      0.263      0.228     -0.268     -0.013     -0.428
312.2000     -29979.565   -29987.670        8.105   324.9      0.595      0.156      0.219      0.527      0.042      0.404
312.2500     -29979.767   -29988.307        8.540   342.3     -0.199      0.474     -0.420     -0.182     -0.201      0.564
312.3000     -29980.030   -29988.480        8.451   338.7      0.505      0.580      0.529     -0.085     -0.285      0.154
312.3500     -29980.332   -29988.076        7.744   310.4     -0.751     -0.738     -1.333      0.161     -0.428     -0.037
312.4000     -29980.191   -29988.766        8.575   343.7      0.184     -0.376      1.033      0.159     -0.026      0.197
312.4500     -29980.151   -29988.797        8.645   346.5      0.723     -1.051     -0.316      0.643      0.150      0.157
312.5000     -29980.308   -29988.178        7.869   315.4      0.436      0.805      0.334      0.123     -0.197     -0.099
312.5500     -29980.554   -29988.494        7.940   318.3     -0.374     -0.037      0.579     -0.266     -0.155     -0.076
312.6000     -29980.819   -29989.182        8.363   335.2     -0.226      0.053     -0.540     -0.212      0.547     -0.232
312.6500     -29980.591   -29987.721        7.130   285.8     -0.345     -0.225     -0.481     -0.547      0.005      0.200
312.7000     -29980.644   -29988.912        8.268   331.4      0.556      0.965      0.541     -0.108      0.391     -0.067
312.7500     -29981.010   -29989.623        8.613   345.3     -0.162     -0.394     -0.323      0.489     -0.259     -0.309
312.8000     -29981.122   -29989.025        7.903   316.8      0.833     -0.652     -0.210      0.397     -0.284      0.129
312.8500     -29980.940   -29989.654        8.714   349.3     -0.948     -0.422     -0.758     -0.526     -0.298     -0.393
312.9000     -29981.003   -29988.936        7.933   318.0     -0.955     -0.121     -1.028     -0.333      0.057      0.290
312.9500     -29980.839   -29988.881        8.042   322.4     -0.959     -0.645     -0.279      0.275     -0.394     -0.131
313.0000     -29979.993   -29988.107        8.114   325.3      0.342     -0.535     -0.957     -0.316      0.512     -0.264
313.0500     -29980.049   -29988.264        8.214   329.3     -0.930     -1.593     -0.004      0.050     -0.182     -0.231
313.1000     -29979.764   -29987.875        8.111   325.1     -0.407      0.836     -0.872     -0.332      0.396     -0.101
313.1500     -29979.218   -29988.387        9.169   367.5     -0.164      0.586     -0.253      0.461     -0.033     -0.391
313.2000     -29979.707   -29988.555        8.847   354.6      0.625      0.178     -0.411     -0.034     -0.174      0.362
313.2500     -29979.516   -29987.902        8.386   336.2      0.248     -0.005     -0.367      0.103      0.774     -0.371
313.3000     -29979.423   -29988.205        8.782   352.0      0.391      0.665     -0.593      0.149     -0.376     -0.143
313.3500     -29979.380   -29987.451        8.072   323.5     -0.999      1.318     -0.495      0.597      0.169      0.311
313.4000     -29979.133   -29987.674        8.541   342.4     -0.492     -0.037      0.215     -0.321      0.599      0.122
313.4500     -29978.975   -29987.596        8.621   345.6      0.895     -0.693     -0.288      0.587     -0.020     -0.235
313.5000     -29979.155   -29987.473        8.318   333.4      0.005      0.143     -0.990      0.486      0.437     -0.326
313.5500     -29978.908   -29987.773        8.865   355.4     -0.622     -0.936     -0.669      0.489     -0.457      0.155
313.6000     -29978.605   -29987.686        9.081   364.0     -0.190     -0.596     -1.209     -0.061      0.222      0.100
313.6500     -29978.817   -29987.650        8.833   354.1     -0.870     -1.026     -0.503      0.129      0.331     -0.305
313.7000     -29979.181   -29987.812        8.632   346.0     -1.204     -1.030     -1.001      0.428      0.576      0.712
313.7500     -29979.427   -29987.885        8.457   339.0     -0.452     -0.919     -0.564      0.203     -0.204      0.381
313.8000     -29979.862   -29988.514        8.652   346.8      0.038      0.511      1.018     -0.406      0.266      0.021
313.8500     -29981.081   -29988.723        7.641   306.3      0.702      1.378      0.550      0.202      0.404     -0.329
313.9000     -29981.121   -29989.061        7.940   318.3      0.089      0.980      0.573      0.123     -0.195      0.165
313.9500     -29980.841   -29989.213        8.371   335.6     -1.083     -0.669     -0.381      0.195     -0.512     -0.126
314.0000     -29980.631   -29989.572        8.942   358.4     -0.605      0.038     -0.399      0.231     -0.421     -0.294
314.0500     -29980.494   -29989.002        8.508   341.0      0.197     -0.165     -0.272     -0.442      0.181     -0.073
314.1000     -29980.432   -29988.051        7.619   305.4      0.793      0.234      0.844     -0.099     -0.204     -0.158
314.1500     -29980.269   -29989.016        8.746   350.6      0.787      0.104     -0.562     -0.075      0.293     -0.026
314.2000     -29980.168   -29989.025        8.857   355.0     -0.577     -0.281      0.451      0.039     -0.698     -0.279
314.2500     -29980.632   -29988.992        8.360   335.1     -0.416     -0.171      0.158      0.118     -0.423     -0.345
314.3000     -29980.762   -29988.582        7.820   313.5      0.421     -0.607     -0.386     -0.446     -0.487     -0.384
314.3500     -29981.047   -29988.422        7.374   295.6     -0.204     -0.521     -0.118     -0.206      0.160     -0.674
314.4000     -29981.378   -29988.938        7.560   303.0     -0.072     -0.052      0.274     -0.258     -0.481     -0.085
314.4500     -29981.277   -29988.963        7.686   308.1     -0.641     -1.127      0.074      0.588     -0.094      0.021
314.5000     -29980.826   -29988.631        7.805   312.9     -1.122     -1.500     -1.612      0.063     -0.343     -0.239
314.5500     -29981.365   -29988.756        7.391   296.3     -0.559     -0.513      0.000     -0.034      0.214     -0.367
314.6000     -29980.801   -29989.062        8.262   331.2     -0.375     -0.045      0.656     -0.195      0.022     -0.373
314.6500     -29980.478   -29988.850        8.372   335.6      0.305     -1.123      0.122      0.173      0.088      0.103
314.7000     -29979.945   -29988.531        8.586   344.2      0.385      0.565     -0.265     -0.355     -0.567     -0.410
314.7500     -29979.873   -29988.557        8.683   348.1     -0.527      0.196     -0.314      0.327      0.686     -0.261
314.8000     -29980.206   -29988.656        8.451   338.7     -0.203      0.811      0.022     -0.742      0.348     -0.377
314.8500     -29980.366   -29988.605        8.240   330.3     -0.357     -0.111      0.449      0.496     -0.630     -0.032
314.9000     -29980.596   -29988.398        7.802   312.7      0.018      0.261      0.959     -0.052     -0.180     -0.537
314.9500     -29980.622   -29988.150        7.528   301.8     -0.554      0.436     -0.891     -0.262      0.100      0.506
315.0000     -29980.612   -29988.824        8.213   329.2      0.067      0.004     -0.886     -0.240     -0.756     -0.880
315.0500     -29980.410   -29988.896        8.487   340.2      0.379     -0.254      0.590     -0.215      0.337     -0.105
315.1000     -29980.915   -29988.541        7.626   305.7     -0.908      0.005      0.603     -0.095      0.178      0.499
315.1500     -29980.419   -29988.070        7.652   306.7     -0.164     -0.958     -0.565     -0.579      0.059     -0.105
315.2000     -29980.520   -29988.781        8.262   331.2      0.601      0.759      0.534     -0.107     -0.319      0.161
315.2500     -29980.657   -29988.590        7.933   318.0      0.199     -0.480      0.271      0.402     -0.289     -0.064
315.3000     -29980.513   -29987.967        7.453   298.8      0.426      0.079      0.182     -0.324      0.326     -0.091
315.3500     -29980.394   -29988.660        8.267   331.4      0.432     -0.351      0.104     -0.083     -0.249     -0.689
315.4000     -29980.340   -29988.496        8.156   326.9     -0.796     -0.291      0.218     -0.271     -0.075     -0.129
315.4500     -29979.976   -29988.281        8.305   332.9     -0.573     -0.244     -1.027      0.322      0.234      0.200
315.5000     -29979.873   -29988.648        8.775   351.8      0.012     -0.402     -0.081      0.524     -0.342     -0.722
315.5500     -29980.199   -29988.172        7.973   319.6     -0.121     -0.122     -0.647      0.130     -0.286      0.094
315.6000     -29979.852   -29988.010        8.158   327.0     -0.295     -0.437     -0.268      0.043      0.201      0.118
315.6500     -29979.648   -29987.783        8.136   326.1      0.479     -0.695     -0.456     -0.114     -0.342     -0.132
315.7000     -29979.948   -29988.268        8.320   333.5     -1.001      0.233      0.251     -0.058     -0.082      0.489
315.7500     -29979.686   -29988.119        8.433   338.0     -0.209     -1.106     -0.334      0.167     -0.444     -0.144
315.8000     -29979.728   -29987.924        8.196   328.5     -1.159     -1.907     -0.679     -0.122      0.368     -0.248
315.8500     -29979.577   -29987.820        8.244   330.4     -0.218     -0.252     -0.565     -0.293     -0.160     -0.087
315.9000     -29979.555   -29988.025        8.471   339.5      0.082      0.045     -0.181     -0.470      0.226     -0.021
315.9500     -29980.204   -29988.506        8.302   332.8     -0.179      0.170      0.470     -0.537     -0.457      0.125
316.0000     -29980.520   -29987.615        7.096   284.4      0.275     -0.046      0.272      0.086     -0.377      0.334
316.0500     -29980.449   -29988.504        8.055   322.9     -0.536     -0.528     -0.500      0.264      0.369     -0.664
316.1000     -29980.106   -29988.232        8.126   325.7     -0.161      0.177      0.075     -0.359      0.320     -0.163
316.1500     -29980.201   -29988.633        8.431   338.0     -0.424     -0.279     -0.090     -0.712      0.090     -0.098
316.2000     -29980.553   -29988.457        7.904   316.8     -0.561      0.235     -0.535      0.130     -0.069      0.057
316.2500     -29980.946   -29988.875        7.929   317.8      0.037      0.221      0.475     -0.362      0.097     -0.152
316.3000     -29981.139   -29987.877        6.737   270.1     -0.513     -0.788      0.076     -0.346     -0.670     -0.008
316.3500     -29980.726   -29988.086        7.360   295.0      0.079     -0.096     -0.326      0.233     -0.254     -0.487
316.4000     -29980.960   -29988.191        7.232   289.9     -1.623     -0.708     -0.276     -0.218     -0.001     -0.088
316.4500     -29980.579   -29988.514        7.935   318.1     -0.753     -0.959     -1.021      0.224      0.135      0.378
316.5000     -29980.839   -29988.842        8.003   320.8     -0.408     -0.997     -0.935     -0.128      0.098     -0.110
316.5500     -29980.692   -29988.496        7.805   312.8     -0.347      0.223     -0.441      0.257     -0.067      0.339
316.6000     -29980.934   -29988.387        7.453   298.7     -0.041     -0.254     -0.720      0.155      0.154      0.572
316.6500     -29980.224   -29988.117        7.893   316.4     -0.121     -0.149     -0.154      0.359      0.679      0.247
316.7000     -29979.894   -29988.430        8.535   342.1      0.324     -0.134     -0.192     -0.172      0.052      0.304
316.7500     -29980.449   -29987.992        7.543   302.4      0.265     -0.123      0.182      0.427     -0.497      0.269
316.8000     -29980.834   -29988.430        7.596   304.5      0.416      0.844      0.055      0.212      0.337      0.479
316.8500     -29980.876   -29988.572        7.697   308.5     -0.009     -0.418     -0.037     -0.111      0.367     -0.349
316.9000     -29980.998   -29989.193        8.195   328.5      0.161     -0.681     -0.679      0.163     -0.104     -0.093
316.9500     -29980.548   -29988.551        8.002   320.8      0.300     -0.308      0.041     -0.017     -0.105     -0.184
317.0000     -29980.855   -29988.773        7.919   317.4     -0.757     -0.122     -0.628     -0.050      0.018      0.390
317.0500     -29980.951   -29988.582        7.631   305.9     -0.675      0.437     -0.582     -0.186      0.358      0.356
317.1000     -29980.344   -29987.971        7.627   305.7     -1.061     -0.611     -0.058      0.377     -0.132      0.381
317.1500     -29980.311   -29988.240        7.929   317.8      0.166      0.427     -0.582      0.231     -0.015     -0.592
317.2000     -29980.480   -29988.326        7.847   314.5     -0.099     -0.283     -0.092      0.102      0.022      0.499
317.2500     -29980.633   -29987.742        7.109   285.0     -0.565      0.836     -0.391     -0.095     -0.373      0.021
317.3000     -29980.486   -29988.438        7.951   318.7      0.875      0.228     -0.185      0.147     -0.224      0.463
317.3500     -29980.591   -29988.203        7.612   305.1     -0.038      0.319     -0.377     -0.014     -0.314      0.283
317.4000     -29980.838   -29988.311        7.473   299.5      0.659      1.561      1.050     -0.057      0.104      0.317
317.4500     -29980.642   -29988.539        7.897   316.5      0.115      1.479      0.341     -0.367      0.193     -0.663
317.5000     -29980.977   -29988.949        7.972   319.5      0.400      0.016      0.423      0.219      0.322      0.283
317.5500     -29980.859   -29988.814        7.955   318.9     -0.210      0.037     -1.057      0.246     -0.437     -0.077
317.6000     -29980.746   -29989.182        8.436   338.1      0.080      0.152     -0.135     -0.441      0.107      0.261
317.6500     -29980.507   -29988.729        8.222   329.6     -0.729     -1.267     -0.478      0.046     -0.208     -0.351
317.7000     -29980.578   -29988.369        7.791   312.3     -0.524      0.104      0.429      0.440      0.429     -0.240
317.7500     -29980.198   -29988.957        8.759   351.1      0.321      0.921      0.102      0.043     -0.206     -0.437
317.8000     -29980.129   -29988.734        8.605   344.9     -0.864     -1.010     -0.064      0.140     -0.101      0.143
317.8500     -29980.244   -29987.771        7.527   301.7      0.124     -0.608     -1.263      0.773      0.235     -0.495
317.9000     -29980.482   -29988.826        8.345   334.5     -1.191     -0.605     -0.236     -0.260     -0.082      0.541
317.9500     -29980.512   -29988.701        8.189   328.2     -0.187     -0.331      0.565      0.028     -0.091      0.087
318.0000     -29980.542   -29988.627        8.085   324.1      0.261      0.850      0.149      0.731     -0.415      0.116
318.0500     -29980.487   -29988.354        7.866   315.3     -0.775     -0.240      0.958     -0.636      0.373     -0.184
318.1000     -29980.942   -29989.025        8.084   324.0     -0.432      0.072     -1.169      0.259     -0.351     -0.395
318.1500     -29980.884   -29988.717        7.833   314.0     -0.372     -0.643     -0.014      0.345     -0.227     -0.206
318.2000     -29980.860   -29988.762        7.902   316.7     -0.587      0.292      0.026     -0.069      0.106     -0.336
318.2500     -29981.231   -29988.955        7.724   309.6     -0.095     -1.275     -0.309     -0.187     -0.222     -0.019
318.3000     -29980.885   -29989.252        8.367   335.4     -0.836     -0.691      0.060      0.202     -0.442      0.297
318.3500     -29980.570   -29988.664        8.094   324.4     -0.653     -0.025     -0.277      0.401     -0.148     -0.347
318.4000     -29979.772   -29988.918        9.146   366.6     -1.071     -0.980     -1.145     -0.393      0.794      0.460
318.4500     -29979.733   -29988.709        8.976   359.8     -0.809     -0.423      0.450     -0.527     -0.268      0.380
318.5000     -29979.816   -29988.615        8.799   352.7     -0.849     -0.629     -0.232      0.135      0.098      0.468
318.5500     -29979.858   -29988.570        8.713   349.2     -0.706     -1.061     -0.868     -0.130     -0.598     -0.115
318.6000     -29979.708   -29988.381        8.673   347.7     -1.103      0.161     -0.332      0.660      0.504      0.077
318.6500     -29979.732   -29988.553        8.821   353.6      0.040     -0.929     -0.112     -0.496      0.657      0.519
318.7000     -29979.682   -29987.947        8.265   331.3      0.414     -0.055     -0.533      0.256     -0.199      0.011
318.7500     -29979.899   -29988.631        8.732   350.0      1.108     -0.329      0.019     -0.022     -0.215     -0.356
318.8000     -29980.457   -29988.660        8.203   328.8     -0.146     -0.029      0.897      0.191      0.004     -0.392
318.8500     -29980.379   -29989.117        8.738   350.3     -0.109     -0.336      0.094     -0.219     -0.376      0.346
318.9000     -29980.195   -29989.027        8.832   354.0     -0.507     -0.926      0.062     -0.093      0.070      0.181
318.9500     -29979.936   -29989.859        9.923   397.8     -0.082     -0.362     -0.369      0.341      0.494     -0.215
319.0000     -29979.846   -29988.201        8.355   334.9     -0.204     -0.006     -0.431     -0.517     -0.074     -0.184
319.0500     -29979.805   -29988.471        8.666   347.4     -1.803     -1.169     -1.265      0.227      0.208     -0.325
319.1000     -29979.909   -29988.527        8.619   345.5     -0.387     -0.687     -0.627      0.308     -0.178      0.029
319.1500     -29979.627   -29988.299        8.672   347.6      0.137     -0.374     -0.140     -0.254      0.103      0.154
319.2000     -29979.785   -29987.691        7.907   316.9     -0.671     -0.481      0.612     -0.085     -0.313     -0.029
319.2500     -29980.589   -29988.416        7.827   313.7      0.056     -0.147      0.116      0.118     -0.118      0.269
319.3000     -29980.391   -29989.229        8.837   354.2      0.103     -0.610      0.190     -0.267     -0.488     -0.245
319.3500     -29980.322   -29989.160        8.838   354.3      0.213     -0.214      0.397     -0.102     -0.017     -0.173
319.4000     -29980.474   -29988.078        7.604   304.8     -0.831     -0.047     -0.196     -0.222     -0.239      0.001
319.4500     -29980.494   -29988.789        8.295   332.5      0.120     -0.654      0.811      0.692      0.292      0.276
319.5000     -29980.583   -29988.256        7.673   307.6     -1.223      0.272     -0.460      0.099     -0.111     -0.568
319.5500     -29980.468   -29988.723        8.254   330.9      0.087     -0.720      0.247      0.014     -0.100     -0.242
319.6000     -29980.437   -29988.115        7.678   307.8      0.052      0.498      0.072     -0.002      0.170     -0.188
319.6500     -29980.297   -29988.119        7.822   313.5      0.283     -1.071     -0.189      0.703     -0.439      0.247
319.7000     -29980.320   -29987.854        7.534   302.0     -0.158      0.207      0.582      0.123     -0.156      0.155
319.7500     -29979.908   -29988.295        8.387   336.2     -0.219     -1.001     -0.084     -0.112     -0.082      0.262
319.8000     -29980.333   -29988.068        7.735   310.1      0.635     -0.515     -1.115     -0.139      0.059     -0.043
319.8500     -29980.024   -29988.326        8.302   332.8     -0.416     -0.586     -0.623      0.541     -0.553      0.396
319.9000     -29979.654   -29987.781        8.127   325.8     -1.280     -0.960     -0.873     -0.321      0.730     -0.048
319.9500     -29979.416   -29987.705        8.289   332.3     -0.274     -0.823     -0.792     -0.274     -0.056     -0.479
320.0000     -29979.286   -29987.551        8.265   331.3     -1.215     -0.388     -0.318     -0.116      0.168     -0.793
