Time[ps]      Etot[eV]     Epot[eV]     Ekin[eV]    T[K]      ---------------------- stress [GPa] -----------------------
0.0000       -29979.273   -29988.461        9.188   368.3     -0.979     -0.559     -0.981      0.017      0.283      0.049
0.0500       -29979.342   -29988.408        9.066   363.4     -0.699      0.800      0.271      0.592     -0.164     -0.059
0.1000       -29979.388   -29987.943        8.555   342.9      0.889     -0.672      0.309     -0.246     -0.026     -0.271
0.1500       -29979.596   -29988.082        8.486   340.2     -0.327      0.216      0.676     -0.064      0.247     -0.023
0.2000       -29979.615   -29988.102        8.486   340.2     -0.649     -0.537     -0.372      0.214     -0.123      0.083
0.2500       -29979.521   -29988.623        9.102   364.8      0.104     -0.900     -0.514      0.518      0.142     -0.020
0.3000       -29979.464   -29988.836        9.372   375.7     -0.161      0.116     -0.490     -0.163      0.018      0.692
0.3500       -29979.469   -29987.939        8.470   339.5     -0.050     -1.098     -0.918     -0.673      0.317     -0.553
0.4000       -29979.713   -29988.361        8.648   346.7     -0.251     -0.239     -0.765     -0.304      0.379      0.040
0.4500       -29979.723   -29987.959        8.236   330.1     -0.639      0.184     -0.850      0.353     -0.764     -0.827
0.5000       -29979.565   -29987.777        8.212   329.2     -0.058      0.158      1.229      1.010     -0.119      0.195
0.5500       -29979.274   -29987.891        8.617   345.4     -0.259     -0.806      1.138     -0.170      0.051     -0.267
0.6000       -29979.087   -29988.191        9.104   364.9     -0.566      0.024     -0.562     -0.169     -0.292      0.101
0.6500       -29978.929   -29988.066        9.138   366.3     -0.773     -1.610     -0.183      0.634      0.149     -0.156
0.7000       -29978.573   -29987.447        8.874   355.7      1.200     -0.702      0.389     -0.345      0.394     -0.203
0.7500       -29978.535   -29988.139        9.604   385.0      0.375     -0.650     -1.251      0.283     -0.289      0.023
0.8000       -29978.811   -29987.766        8.955   359.0     -0.882      0.235      0.161     -0.332     -0.154      0.308
0.8500       -29979.656   -29987.752        8.096   324.5      0.196      0.170     -0.446      0.151      0.333     -0.123
0.9000       -29979.404   -29987.365        7.961   319.1      0.112     -0.022      0.427      0.103     -0.238      0.066
0.9500       -29978.708   -29987.242        8.535   342.1     -0.828     -0.237      0.175      0.046      0.308     -1.076
1.0000       -29978.899   -29987.131        8.232   330.0      0.773     -0.621     -0.844      0.105     -0.084      0.396
1.0500       -29978.984   -29987.811        8.827   353.8      0.333      0.738     -0.422     -0.273     -0.381     -0.227
1.1000       -29979.058   -29987.064        8.007   321.0     -0.517     -0.647     -0.318      0.743      0.414      0.249
1.1500       -29979.216   -29987.779        8.564   343.3     -0.587     -0.034     -0.646      0.051      0.262      0.626
1.2000       -29978.931   -29987.188        8.257   331.0      0.176     -0.363     -0.470     -0.093      0.302     -0.297
1.2500       -29978.641   -29987.570        8.929   357.9     -0.600     -0.265     -0.576     -0.489     -0.317      0.322
1.3000       -29979.377   -29988.133        8.756   351.0     -0.542      0.149     -0.041      0.063      0.118      0.010
1.3500       -29978.711   -29987.422        8.711   349.2      1.104      0.089      1.619      0.067     -0.457      0.419
1.4000       -29978.914   -29987.852        8.938   358.3     -0.198     -0.564     -0.677      0.356      0.144     -0.847
1.4500       -29979.363   -29987.338        7.975   319.7      0.676     -0.734      0.747     -0.644      0.384      0.431
1.5000       -29979.140   -29987.861        8.722   349.6     -0.046      0.320     -0.238      0.513     -0.636      0.062
1.5500       -29979.377   -29987.430        8.052   322.8     -0.151     -1.608     -0.447      0.295     -0.055     -0.321
1.6000       -29979.633   -29988.260        8.626   345.8     -0.684     -0.078     -0.172      0.100      0.006     -0.125
1.6500       -29979.957   -29988.316        8.359   335.1     -1.232     -0.839      0.519      0.126     -0.057      0.006
1.7000       -29979.459   -29988.744        9.285   372.2      0.637      0.019     -0.686     -0.050      0.106     -0.404
1.7500       -29980.302   -29988.623        8.321   333.6     -0.950     -0.642      0.319     -0.083      0.190     -0.052
1.8000       -29980.251   -29988.256        8.005   320.9     -0.528     -0.218     -0.773     -0.132     -0.230      0.300
1.8500       -29980.435   -29988.064        7.629   305.8     -1.236     -0.909     -0.708     -0.429     -0.503      0.386
1.9000       -29980.358   -29988.176        7.818   313.4     -0.379      0.104      0.400     -0.243      0.440      0.150
1.9500       -29980.253   -29987.467        7.214   289.2     -1.419     -0.711     -0.310      0.706      0.305     -0.066
2.0000       -29980.034   -29988.641        8.606   345.0     -0.230     -0.229     -0.686     -0.043     -0.155     -0.040
2.0500       -29980.235   -29987.678        7.443   298.3      0.200     -0.253      0.198     -0.411      0.563      0.599
2.1000       -29980.245   -29988.023        7.778   311.8     -0.211      0.265      0.269      0.069     -0.356     -0.230
2.1500       -29980.290   -29988.285        7.995   320.5     -0.608     -0.634     -0.105     -0.426      0.140      0.421
2.2000       -29979.815   -29987.373        7.558   302.9     -0.522     -0.443     -0.765     -0.133     -0.213      0.009
2.2500       -29979.252   -29987.402        8.150   326.7     -0.323     -0.571     -0.229      0.457     -0.528     -0.328
2.3000       -29979.045   -29987.588        8.542   342.4     -1.093     -0.567      0.004     -0.464     -0.085     -0.045
2.3500       -29979.126   -29987.996        8.870   355.5      0.354     -0.133     -0.187      0.021      0.588      0.043
2.4000       -29979.159   -29988.020        8.861   355.2     -0.426     -0.154     -1.121      0.208     -0.286      0.152
2.4500       -29978.852   -29987.557        8.705   348.9      0.027     -1.608     -0.990     -0.331      0.159     -0.307
2.5000       -29978.371   -29987.400        9.030   361.9     -1.204     -0.265     -1.547     -0.088     -0.568      0.007
2.5500       -29978.182   -29987.357        9.176   367.8     -0.950     -1.079     -0.294      0.071      0.233      0.249
2.6000       -29978.505   -29987.146        8.641   346.4      0.201     -0.521      0.253     -0.105      0.114     -0.220
2.6500       -29978.146   -29987.432        9.285   372.2     -1.286     -0.749     -0.331     -0.037      0.055     -0.726
2.7000       -29978.784   -29986.939        8.156   326.9     -0.760      0.287     -0.526     -0.001     -0.085     -0.195
2.7500       -29978.585   -29987.115        8.530   341.9      0.046     -0.566     -0.910      0.142     -0.062     -0.197
2.8000       -29978.892   -29987.070        8.178   327.8     -0.818      0.742      0.197      0.189     -0.131     -0.074
2.8500       -29979.258   -29987.096        7.838   314.2     -0.125      0.002     -0.219      0.137      0.002     -0.594
2.9000       -29979.205   -29986.930        7.725   309.6     -0.565     -0.073     -0.214      0.072      0.142     -0.060
2.9500       -29979.176   -29987.334        8.158   327.0     -0.237      0.007     -0.529     -0.199     -0.195     -0.128
3.0000       -29978.475   -29986.555        8.080   323.9      0.141      0.064      0.493     -0.464      0.153     -0.559
3.0500       -29978.345   -29987.119        8.774   351.7      0.027      0.602     -0.694     -0.040     -0.124      0.171
3.1000       -29979.115   -29987.152        8.037   322.2      0.255     -0.835     -0.663      0.162     -0.087     -0.125
3.1500       -29978.443   -29987.127        8.684   348.1     -1.140     -0.561     -1.483     -0.524      0.154      0.310
3.2000       -29978.598   -29986.822        8.225   329.7     -0.219     -0.388      0.127      0.402      0.124     -0.117
3.2500       -29978.592   -29986.807        8.215   329.3     -0.287      0.171     -0.066     -0.429     -0.297      0.535
3.3000       -29978.767   -29987.217        8.450   338.7      0.919      0.234      0.428      0.323      0.827     -0.849
3.3500       -29978.297   -29986.818        8.521   341.6      0.664     -0.800     -0.225     -0.293     -0.475      0.344
3.4000       -29978.989   -29987.551        8.562   343.2     -0.348      0.002      0.154     -0.742     -0.039      0.226
3.4500       -29979.335   -29987.715        8.380   335.9     -0.163     -0.568      0.464      0.317      0.226      0.739
3.5000       -29979.540   -29987.100        7.559   303.0     -0.354      0.134     -0.512      0.283      0.103     -0.143
3.5500       -29979.496   -29987.469        7.972   319.6     -0.448     -0.885     -0.270      0.250     -0.233      0.426
3.6000       -29979.240   -29988.441        9.202   368.8     -1.339     -0.939     -0.928     -0.147      0.704     -0.231
3.6500       -29979.574   -29987.703        8.129   325.9     -1.280      0.346     -0.599      0.175     -0.215     -0.812
3.7000       -29979.831   -29988.324        8.493   340.5      0.905     -0.326     -0.189     -0.281      0.472      0.265
3.7500       -29980.160   -29988.129        7.969   319.4     -1.007      0.660     -0.029      0.225     -0.503     -0.035
3.8000       -29979.637   -29988.098        8.460   339.1     -0.399     -0.009      0.305      0.039      0.172     -0.485
3.8500       -29979.557   -29989.309        9.751   390.9      0.100     -0.845     -0.519     -0.082      0.217     -0.124
3.9000       -29979.237   -29988.465        9.227   369.9     -0.840     -0.253     -1.061     -0.101     -0.815      0.296
3.9500       -29979.321   -29988.105        8.784   352.1      0.234     -0.950     -0.371      0.174      0.644     -0.241
4.0000       -29979.361   -29987.822        8.461   339.2     -0.710     -0.634     -0.388     -0.194      0.132     -0.232
4.0500       -29978.782   -29987.574        8.792   352.4      0.616      0.065     -0.610     -0.094     -0.619     -0.061
4.1000       -29978.753   -29987.646        8.894   356.5     -0.661     -0.651     -0.315      0.942      0.148     -0.228
4.1500       -29978.892   -29987.141        8.249   330.7     -0.548     -0.483     -0.375     -0.394      0.269     -0.388
4.2000       -29979.049   -29988.336        9.287   372.3     -0.500     -0.145     -0.763      0.466     -0.209      0.446
4.2500       -29979.446   -29988.502        9.056   363.0     -0.064     -0.071      0.024     -0.105      0.196     -0.441
4.3000       -29979.076   -29988.785        9.709   389.2      0.065     -0.202     -0.318     -0.584     -0.110     -0.741
4.3500       -29979.056   -29987.561        8.504   340.9     -0.043     -0.883     -0.336     -0.253     -0.175      0.008
4.4000       -29978.593   -29987.037        8.444   338.5      0.896      0.439      0.374      0.346     -0.097     -0.569
4.4500       -29978.519   -29986.863        8.344   334.5     -0.044     -1.152     -0.558     -0.006     -0.025     -0.403
4.5000       -29978.710   -29986.834        8.124   325.6     -0.870     -0.232     -0.436      0.001      0.591      0.459
4.5500       -29978.836   -29986.270        7.433   298.0     -0.182     -0.486     -1.124      0.258      0.029     -0.297
4.6000       -29978.797   -29987.297        8.499   340.7     -0.332     -0.816     -0.355     -0.579      0.071      0.312
4.6500       -29979.002   -29986.809        7.807   312.9     -1.035     -0.950     -1.089      0.700     -0.046      0.248
4.7000       -29978.781   -29986.826        8.045   322.5     -0.565      0.285      0.252     -0.283      0.558     -0.150
4.7500       -29979.249   -29986.854        7.605   304.8     -0.687     -0.537     -0.183      0.646     -0.306     -0.117
4.8000       -29979.651   -29987.830        8.179   327.8     -0.639      0.248     -0.959     -0.075      0.214     -0.164
4.8500       -29979.239   -29987.857        8.619   345.5      0.067     -0.853     -0.344     -0.011      0.743     -0.406
4.9000       -29979.069   -29987.879        8.810   353.2      0.102      0.160     -0.516      0.124      0.326     -0.034
4.9500       -29978.773   -29987.689        8.916   357.4     -0.171     -0.138     -0.962     -0.356     -0.287     -0.188
5.0000       -29978.937   -29986.771        7.835   314.1     -1.564     -0.903     -0.728      0.278      0.137     -0.922
5.0500       -29979.132   -29987.717        8.584   344.1      0.059     -0.563     -0.693     -0.499      0.087      0.109
5.1000       -29978.658   -29987.254        8.596   344.6      0.335      0.940      0.318      0.043      0.536      0.770
5.1500       -29978.735   -29987.650        8.915   357.4     -0.237     -0.702     -0.754     -0.320      0.571     -0.742
5.2000       -29978.171   -29987.367        9.196   368.6      0.310      0.066     -0.795     -0.449     -0.394     -0.092
5.2500       -29978.700   -29987.369        8.669   347.5     -0.393     -0.546     -0.335      0.150     -0.323     -0.233
5.3000       -29979.212   -29987.637        8.425   337.7     -1.552     -0.231     -0.754      0.453      0.208      0.012
5.3500       -29979.060   -29987.145        8.085   324.1     -0.711      0.316      0.323      0.148     -0.183     -0.284
5.4000       -29978.930   -29986.617        7.687   308.1      1.419      1.263      0.297     -0.064      0.049      0.021
5.4500       -29978.918   -29987.139        8.221   329.5     -0.257     -0.008      0.002     -0.131      0.039     -0.125
5.5000       -29979.099   -29987.557        8.458   339.0     -0.438     -0.271     -1.527     -0.729      0.013      0.002
5.5500       -29979.235   -29987.785        8.550   342.7     -0.231      0.035     -0.188      0.236     -0.345     -0.420
5.6000       -29979.081   -29988.029        8.949   358.7      0.025      0.109      0.402     -0.787     -0.184      0.180
5.6500       -29978.647   -29987.127        8.480   339.9     -0.623     -1.382     -0.212      0.499      0.116     -0.468
5.7000       -29978.953   -29987.680        8.727   349.8     -0.843     -0.666     -0.063     -0.462     -0.353      0.176
5.7500       -29979.296   -29987.248        7.952   318.7     -0.104     -0.612     -0.201      0.857     -0.050      0.218
5.8000       -29979.066   -29988.205        9.139   366.3     -0.803     -0.671     -0.616     -0.440     -0.181     -0.043
5.8500       -29979.378   -29987.963        8.584   344.1     -0.946     -0.042     -1.641     -0.014      0.201     -0.176
5.9000       -29979.739   -29987.693        7.954   318.8     -0.584     -0.486     -0.878     -0.492     -0.144      0.056
5.9500       -29979.766   -29987.934        8.168   327.4      0.830     -0.568     -0.153     -0.203      0.152      0.054
6.0000       -29979.808   -29988.146        8.338   334.2     -0.684     -0.239     -1.087     -0.026     -0.163     -0.006
6.0500       -29979.744   -29988.393        8.649   346.7     -0.300     -0.691     -0.941     -0.205      0.072      0.060
6.1000       -29979.990   -29988.023        8.034   322.0      0.056     -0.216      0.081      0.003     -0.349      0.301
6.1500       -29979.691   -29988.348        8.656   347.0      0.208     -0.121      0.253     -0.251      0.390     -0.051
6.2000       -29979.583   -29988.436        8.853   354.9      0.652     -0.337      0.618     -0.330      0.280      0.182
6.2500       -29980.246   -29988.244        7.998   320.6     -0.515     -0.451     -0.657     -0.314      0.273     -0.095
6.3000       -29980.585   -29987.721        7.136   286.0     -0.100     -1.310      0.348      0.029     -0.118     -0.015
6.3500       -29980.521   -29988.377        7.856   314.9      0.301      0.199     -0.668     -0.513      0.090     -0.482
6.4000       -29980.379   -29988.971        8.592   344.4     -0.328      0.457     -0.665      0.325     -0.208      0.171
6.4500       -29980.792   -29988.895        8.102   324.8     -0.026     -0.406     -0.436     -0.485      0.325     -0.337
6.5000       -29980.703   -29988.855        8.153   326.8      0.044     -0.091      0.747     -0.536     -0.229      0.013
6.5500       -29980.962   -29988.174        7.212   289.1      0.271      0.303     -0.022     -0.162     -0.041     -0.143
6.6000       -29981.277   -29988.555        7.278   291.7     -0.295     -0.666     -0.003     -0.097      0.088     -0.008
6.6500       -29980.917   -29988.305        7.387   296.1     -0.510      0.123     -0.440      0.221     -0.136      0.599
6.7000       -29981.364   -29988.766        7.402   296.7     -0.864     -0.486     -0.478     -0.279     -0.007     -0.434
6.7500       -29981.501   -29989.146        7.645   306.5     -0.034     -0.380     -0.342     -0.152     -0.101     -0.255
6.8000       -29980.984   -29989.621        8.637   346.2     -0.691     -0.101     -0.207     -0.475     -0.204     -0.016
6.8500       -29981.071   -29989.500        8.429   337.9     -0.211     -0.919      0.300      0.004      0.255     -0.322
6.9000       -29981.000   -29989.512        8.512   341.2      0.030     -0.173     -0.948     -0.508     -0.445     -0.291
6.9500       -29981.133   -29989.531        8.398   336.6     -0.092     -0.294      0.058      0.110      0.770      0.230
7.0000       -29979.624   -29988.322        8.698   348.7      0.215      0.221      0.594     -0.108     -0.391     -0.210
7.0500       -29979.696   -29988.477        8.781   352.0      0.469     -0.455      1.257      0.147      0.004     -0.486
7.1000       -29979.586   -29988.506        8.920   357.6     -0.303     -0.585     -0.889     -0.182      0.205      0.268
7.1500       -29980.392   -29988.617        8.225   329.7     -0.052     -0.706     -1.201     -0.308      0.338     -0.625
7.2000       -29980.014   -29988.082        8.068   323.4     -0.472     -0.201      0.626     -0.003      0.135      0.466
7.2500       -29979.860   -29988.230        8.371   335.5     -0.781     -0.131     -0.499      0.100     -0.559      0.361
7.3000       -29979.781   -29988.809        9.028   361.9     -0.811     -0.383     -0.653      0.071     -0.469      0.175
7.3500       -29979.493   -29987.873        8.380   335.9     -0.649     -0.600     -0.518     -0.111      0.149      0.166
7.4000       -29979.930   -29988.486        8.556   343.0     -0.170     -0.306     -0.288      0.382      0.087      0.110
7.4500       -29980.159   -29988.432        8.273   331.6      0.189     -0.271      0.075      0.322     -0.144      0.333
7.5000       -29980.239   -29988.533        8.295   332.5     -0.643      0.231     -0.539      0.375      0.001     -0.414
7.5500       -29980.726   -29989.545        8.819   353.5     -0.219     -1.029     -0.535      0.843      0.092      0.127
7.6000       -29980.549   -29988.078        7.529   301.8     -1.046     -1.411     -1.076     -0.217     -0.080      0.029
7.6500       -29980.301   -29988.699        8.398   336.6     -0.168     -0.324     -1.070      0.076     -0.285     -0.409
7.7000       -29979.970   -29988.672        8.702   348.8      0.443      1.793      0.672     -0.504      0.134     -0.173
7.7500       -29979.990   -29988.594        8.604   344.9     -0.309     -0.713      0.155      0.120     -0.252     -0.127
7.8000       -29979.807   -29988.246        8.439   338.3      0.136     -0.479     -0.686      0.220      0.514      0.153
7.8500       -29980.018   -29989.156        9.138   366.3     -0.924      0.145      0.841     -0.128      0.100      0.154
7.9000       -29980.668   -29989.439        8.772   351.6      0.273      0.195      0.108      0.659      0.315     -0.176
7.9500       -29981.032   -29988.766        7.734   310.0     -0.928      1.025     -0.006      0.129     -0.456      0.178
8.0000       -29980.997   -29988.465        7.468   299.3     -0.244     -1.059     -0.116      0.765     -0.495      0.062
8.0500       -29981.036   -29989.271        8.235   330.1      0.318      0.497      0.433     -0.219      0.147      0.065
8.1000       -29980.546   -29988.830        8.284   332.1      0.010     -0.716     -0.659     -0.029      0.051     -0.460
8.1500       -29980.814   -29988.279        7.466   299.3     -0.661     -0.802     -0.243      0.183      0.717     -0.080
8.2000       -29981.082   -29989.016        7.934   318.0     -0.483     -0.121      0.093     -0.150      0.251     -0.081
8.2500       -29981.432   -29988.979        7.547   302.5     -1.288      0.616     -0.616     -0.143      0.050     -0.513
8.3000       -29981.223   -29988.764        7.541   302.3     -0.423     -0.792      0.162      0.022      0.093      0.563
8.3500       -29981.044   -29989.617        8.573   343.7     -0.006     -0.179     -0.495      0.092     -0.126     -0.087
8.4000       -29981.541   -29989.346        7.805   312.9      0.278      0.309      0.450      0.602     -0.346      0.125
8.4500       -29981.214   -29989.025        7.811   313.1      0.458      0.092     -0.427     -0.197      0.366      0.323
8.5000       -29980.670   -29988.938        8.267   331.4     -0.480     -0.044     -0.134     -0.208      0.209     -0.395
8.5500       -29980.625   -29988.760        8.135   326.1      0.196      0.406     -0.360      0.330      0.077      0.068
8.6000       -29980.437   -29988.629        8.192   328.4     -1.058     -0.806     -0.370     -0.052      0.100      0.347
8.6500       -29980.136   -29988.215        8.079   323.8     -0.675     -0.461     -0.890      0.291     -0.926     -0.513
8.7000       -29980.482   -29988.494        8.012   321.2     -0.518     -0.575     -0.755      0.074     -0.483      0.251
8.7500       -29980.941   -29988.654        7.713   309.2     -1.027     -0.625     -0.764      0.025      0.619     -0.063
8.8000       -29980.820   -29988.529        7.709   309.0     -0.198     -0.458     -1.154     -0.433     -0.080      0.152
8.8500       -29981.119   -29988.213        7.094   284.3     -0.916      0.250      0.305      0.248     -0.128     -0.346
8.9000       -29980.780   -29988.910        8.130   325.9     -0.178     -0.721     -0.605     -0.360      0.112      0.200
8.9500       -29980.916   -29988.828        7.912   317.1     -0.734      0.483      0.205     -0.624      0.358     -0.392
9.0000       -29981.189   -29989.336        8.147   326.6      0.335      0.884     -0.155      0.015      0.199      0.216
9.0500       -29980.933   -29989.047        8.113   325.2     -0.282     -0.313     -0.716      0.302      0.173      0.265
9.1000       -29981.111   -29989.469        8.358   335.0     -0.831     -0.170      0.096     -0.345     -0.275     -0.336
9.1500       -29980.974   -29988.604        7.629   305.8      0.401      0.304      0.014     -0.238     -0.300      0.277
9.2000       -29980.863   -29990.004        9.141   366.4     -0.048      0.264     -0.601      0.664      0.181     -0.361
9.2500       -29980.846   -29989.322        8.476   339.8     -0.428     -0.645     -0.576     -0.476      0.536     -0.083
9.3000       -29980.842   -29989.025        8.184   328.0     -1.038      0.299     -1.305      0.234      0.488     -0.086
9.3500       -29980.969   -29989.385        8.416   337.4      0.248     -0.349     -0.938     -0.094      0.736     -0.258
9.4000       -29980.909   -29988.760        7.851   314.7      0.454     -0.427     -0.159     -0.274     -0.428      0.381
9.4500       -29980.120   -29988.100        7.979   319.9     -0.056      0.020     -0.267      0.717      0.159     -0.511
9.5000       -29980.490   -29988.918        8.428   337.8     -0.929     -0.266     -1.306     -0.376      0.574     -0.025
9.5500       -29980.245   -29988.301        8.055   322.9     -0.811     -1.084     -0.984      0.350      0.177      0.442
9.6000       -29980.272   -29988.201        7.929   317.8     -0.249     -0.827     -0.978     -0.318      0.252      0.053
9.6500       -29980.275   -29988.252        7.976   319.7     -0.867     -0.543     -1.154     -0.057      0.411     -0.095
9.7000       -29980.107   -29988.428        8.320   333.5     -0.677     -0.457      0.011     -0.418     -0.063     -0.016
9.7500       -29980.144   -29988.541        8.397   336.6      0.653     -0.229      0.146      0.130     -0.574     -0.035
9.8000       -29980.562   -29988.645        8.083   324.0     -0.549     -0.871     -0.768     -0.333      0.031      0.385
9.8500       -29980.325   -29988.209        7.884   316.0     -1.110     -0.334     -0.417     -0.808      0.420     -0.104
9.9000       -29980.405   -29988.674        8.268   331.4      0.456      0.713     -0.086      0.415     -0.470      0.200
9.9500       -29981.275   -29989.141        7.865   315.3      0.079     -0.140     -0.212     -0.085     -0.572      0.269
10.0000      -29981.458   -29989.572        8.114   325.2     -0.479     -0.585     -0.156     -0.309      0.361     -0.391
10.0500      -29981.773   -29989.631        7.858   315.0     -0.797      0.472     -0.338     -0.386      0.230      0.487
10.1000      -29981.502   -29989.486        7.985   320.1     -1.266     -0.101      0.355     -0.352     -0.153      0.304
10.1500      -29981.405   -29990.086        8.681   348.0      0.502     -0.142     -0.018      0.302      0.276     -0.253
10.2000      -29981.642   -29989.070        7.428   297.8     -0.647     -0.153     -0.659      0.277      0.346     -0.441
10.2500      -29981.870   -29988.898        7.028   281.7      0.738     -0.983      0.213     -0.011     -0.730      0.332
10.3000      -29981.993   -29989.410        7.417   297.3     -0.068      0.207     -1.065      0.365     -0.112      0.058
10.3500      -29982.223   -29990.186        7.962   319.2     -1.012      0.899      0.663     -0.586      0.299      0.043
10.4000      -29981.780   -29989.340        7.560   303.0     -0.460      0.254      0.570     -0.144      0.062     -0.024
10.4500      -29981.609   -29990.307        8.698   348.7      0.253     -0.098     -0.340      0.243     -0.808      0.268
10.5000      -29981.235   -29990.193        8.958   359.1     -0.185     -0.090     -0.384      0.144     -0.319      0.292
10.5500      -29980.302   -29989.164        8.862   355.2     -0.504      0.527      0.276     -0.087      0.331      0.100
10.6000      -29980.255   -29988.900        8.646   346.6     -0.839     -0.721     -0.581      0.380     -0.416      0.167
10.6500      -29979.956   -29987.672        7.716   309.3     -0.073     -0.319     -0.969      0.155      0.032      0.087
10.7000      -29980.002   -29988.494        8.492   340.4     -1.161     -0.705     -0.800     -0.086     -0.006     -0.731
10.7500      -29980.042   -29989.637        9.595   384.6      0.362     -0.301      0.219     -0.178     -0.515      0.234
10.8000      -29980.194   -29989.061        8.867   355.4     -0.710     -0.864     -0.650     -0.231      0.003      0.009
10.8500      -29980.663   -29988.572        7.909   317.0      0.379     -0.907     -0.262      0.077      0.220     -0.436
10.9000      -29980.160   -29988.570        8.411   337.1     -1.129     -1.131     -0.280      0.213     -0.162      0.555
10.9500      -29980.582   -29988.986        8.404   336.9     -0.071     -1.502     -1.042      0.225     -0.204      0.177
11.0000      -29980.327   -29988.336        8.009   321.0     -1.141     -0.412     -1.535     -0.351     -0.163     -0.142
11.0500      -29980.487   -29988.611        8.124   325.6     -0.386     -0.855     -0.151     -0.343      0.132      0.347
11.1000      -29980.691   -29988.750        8.059   323.1     -0.387     -0.222     -0.451     -0.231      0.369     -0.020
11.1500      -29981.286   -29989.178        7.892   316.4      0.449      0.494      0.245     -0.974     -0.152      0.161
11.2000      -29981.316   -29989.537        8.221   329.5     -0.261     -0.978     -0.647      0.243     -0.277      0.542
11.2500      -29981.497   -29989.373        7.876   315.7     -0.067     -0.542     -0.222      0.356     -0.123     -0.067
11.3000      -29981.160   -29989.629        8.469   339.5     -0.493     -0.385     -1.446     -0.336     -0.477      0.031
11.3500      -29980.692   -29989.225        8.532   342.0     -0.545     -0.500     -0.702     -0.223     -0.651     -0.668
11.4000      -29980.625   -29988.900        8.275   331.7     -0.350     -0.697     -0.297     -0.148      0.096      0.319
11.4500      -29980.822   -29988.852        8.029   321.9     -0.372      0.036     -0.871      0.755     -0.579      0.531
11.5000      -29980.849   -29988.682        7.833   314.0     -0.405     -1.218     -0.404      0.208     -0.546     -0.253
11.5500      -29981.051   -29989.090        8.039   322.2      0.382      0.439     -0.007      0.541     -0.626      0.413
11.6000      -29980.948   -29989.154        8.206   328.9     -0.230      0.231     -0.211      0.148      0.359     -0.314
11.6500      -29981.146   -29989.178        8.032   321.9     -1.078     -0.273     -0.569     -0.200     -0.008      0.299
11.7000      -29980.810   -29989.561        8.751   350.8     -0.315     -0.517     -0.283     -0.310      0.007     -0.338
11.7500      -29980.730   -29989.426        8.696   348.6     -1.070     -0.479     -1.153     -0.425      0.402      0.070
11.8000      -29980.985   -29989.064        8.080   323.9     -0.248     -0.505     -0.537      0.380     -0.183      0.227
11.8500      -29981.114   -29988.863        7.750   310.6     -0.350     -0.838     -0.633     -0.384     -0.050      0.288
11.9000      -29980.785   -29988.637        7.852   314.7      0.101     -0.153     -0.488      0.358      0.211     -0.187
11.9500      -29980.956   -29989.170        8.214   329.3     -1.096     -0.625     -0.768      0.152     -0.086      0.109
12.0000      -29980.704   -29989.602        8.898   356.7     -0.236     -0.687     -0.405      0.135     -0.082      0.026
12.0500      -29980.824   -29989.445        8.621   345.6     -0.512     -1.186     -0.213     -0.065      0.016      0.688
12.1000      -29980.641   -29988.777        8.136   326.1     -0.610     -0.474     -0.433     -0.052     -0.070      0.131
12.1500      -29980.768   -29988.521        7.754   310.8      0.167      0.019     -0.642      0.110     -0.291      0.112
12.2000      -29980.892   -29988.930        8.037   322.2      0.753      0.264     -0.166      0.567     -0.252      0.546
12.2500      -29980.883   -29988.502        7.619   305.4     -0.223     -0.231     -0.323     -0.275     -0.147     -0.434
12.3000      -29980.591   -29988.332        7.741   310.3     -0.439     -0.273     -0.724      0.207      0.110     -0.611
12.3500      -29980.878   -29988.807        7.929   317.8     -0.517      0.049     -0.788      0.097      0.175      0.349
12.4000      -29980.466   -29987.889        7.423   297.5     -1.442      0.002     -1.109      0.430     -0.205      0.398
12.4500      -29980.245   -29988.309        8.064   323.2     -0.918     -0.964     -1.485     -0.229      0.374     -0.402
12.5000      -29980.294   -29988.055        7.761   311.1     -0.729     -0.751     -0.706      0.094      0.303     -0.541
12.5500      -29980.148   -29988.088        7.940   318.3     -0.910     -0.544     -0.055      0.244      0.200      0.046
12.6000      -29980.781   -29988.205        7.424   297.6      0.444     -0.327     -0.720     -0.173      0.188      0.017
12.6500      -29980.836   -29987.693        6.858   274.9     -0.776     -1.493     -0.371      0.266      0.084     -0.363
12.7000      -29980.456   -29987.949        7.494   300.4      0.092      0.541     -0.597     -0.001     -0.288     -0.178
12.7500      -29980.312   -29988.396        8.085   324.1     -0.504     -0.660     -0.562     -0.486     -0.146      0.446
12.8000      -29980.486   -29988.861        8.375   335.7     -0.937     -1.174      0.142      0.127     -0.019      0.105
12.8500      -29980.167   -29987.930        7.763   311.2      0.277     -0.112      0.060      0.290     -0.377      0.210
12.9000      -29980.217   -29988.701        8.484   340.1      0.049     -1.147     -0.611     -0.092      0.461      0.346
12.9500      -29980.104   -29988.574        8.470   339.5     -0.083      0.456     -0.432      0.565     -0.132      0.147
13.0000      -29979.846   -29987.990        8.144   326.5      0.195      0.849      0.149     -0.477      0.011     -0.059
13.0500      -29980.030   -29988.354        8.324   333.7      0.093     -0.310     -0.252     -0.149      0.041      0.393
13.1000      -29979.862   -29988.256        8.393   336.4      0.123      0.192     -0.413     -0.029     -0.079     -0.150
13.1500      -29979.548   -29988.176        8.628   345.8      0.151      0.555     -0.448     -0.012      0.189      0.193
13.2000      -29980.320   -29988.311        7.991   320.3     -0.564     -0.061      0.311      0.080     -0.447      0.495
13.2500      -29980.308   -29988.656        8.348   334.6     -0.799     -0.166     -0.181      0.779      0.004     -0.337
13.3000      -29979.574   -29987.980        8.407   337.0     -0.259     -0.483     -0.814     -0.104     -0.242     -0.374
13.3500      -29979.706   -29988.480        8.774   351.7     -1.673     -0.602     -1.447     -0.565     -0.321      0.957
13.4000      -29980.152   -29988.570        8.419   337.5     -0.328     -0.012     -0.961      0.295     -0.087     -0.151
13.4500      -29979.639   -29988.000        8.361   335.2     -0.197     -0.587     -1.014      0.629     -1.156      0.229
13.5000      -29979.400   -29988.105        8.706   349.0     -0.161      0.140     -0.331      0.065      0.348      0.244
13.5500      -29979.343   -29987.475        8.132   325.9     -0.923      0.105      0.374      0.078      0.227      0.512
13.6000      -29979.279   -29988.086        8.806   353.0     -0.727     -0.410      0.398     -0.701     -0.386      0.314
13.6500      -29978.882   -29988.012        9.130   366.0      0.120      0.586      0.019     -0.279      0.067     -0.383
13.7000      -29979.156   -29987.883        8.726   349.8      0.414     -0.296     -0.251      0.168     -0.740      0.416
13.7500      -29978.753   -29987.787        9.034   362.1     -0.633     -0.299     -0.065     -0.258     -0.091     -0.142
13.8000      -29979.239   -29987.746        8.507   341.0      0.465     -0.275      0.331      0.201      0.336     -0.005
13.8500      -29979.173   -29987.549        8.376   335.8     -0.647      0.048     -0.443      0.170      0.331     -0.269
13.9000      -29978.986   -29987.330        8.344   334.5      1.207      0.105     -0.006     -0.508      0.050     -0.183
13.9500      -29979.251   -29987.334        8.083   324.0     -0.117      0.519     -1.098      0.380      0.357     -0.336
14.0000      -29979.514   -29987.979        8.465   339.3     -0.045      0.176      0.819     -0.366      0.172     -0.486
14.0500      -29979.176   -29987.361        8.185   328.1     -0.687     -0.427     -0.543      0.051     -0.351      0.043
14.1000      -29978.865   -29987.486        8.621   345.6     -0.719     -0.414     -0.074      0.254     -0.168     -0.277
14.1500      -29978.670   -29987.516        8.846   354.6     -0.225     -0.044      0.671     -0.335      0.187     -0.354
14.2000      -29978.521   -29987.219        8.698   348.6     -0.447     -0.463     -1.191      0.150     -0.264      0.280
14.2500      -29978.465   -29987.412        8.947   358.6     -1.004     -0.589      0.192     -0.028     -0.368      0.114
14.3000      -29978.994   -29988.527        9.533   382.1      0.068      0.201      0.033      0.071      0.611      0.031
14.3500      -29978.299   -29987.441        9.142   366.5      0.475     -0.193      0.382      0.077     -0.099     -0.959
14.4000      -29978.542   -29987.594        9.052   362.8     -0.736     -0.148      0.386     -0.071     -0.353      0.100
14.4500      -29979.090   -29987.246        8.157   327.0     -0.524     -1.110     -0.155      0.159     -0.683      0.401
14.5000      -29978.607   -29986.904        8.297   332.6      0.602     -0.783      0.390      0.608     -0.224      0.260
14.5500      -29978.982   -29986.852        7.870   315.5     -0.189     -1.131     -0.530     -0.658      0.287     -0.108
14.6000      -29978.992   -29987.414        8.422   337.6     -1.509     -0.649     -0.859      0.676      0.344      0.988
14.6500      -29979.300   -29987.939        8.640   346.3     -0.316      0.693     -0.097      0.054      0.413      0.013
14.7000      -29979.517   -29988.219        8.702   348.8      0.223      0.982      0.446     -0.307     -0.535      0.190
14.7500      -29979.554   -29988.395        8.841   354.4     -1.115     -0.464      0.372     -0.093      0.197      0.395
14.8000      -29979.122   -29987.930        8.808   353.1      0.027      0.493      0.267     -0.276     -0.087     -0.432
14.8500      -29979.470   -29987.434        7.964   319.2     -0.420      0.234      0.436     -0.009     -0.014     -0.033
14.9000      -29979.524   -29987.996        8.472   339.6     -1.085      0.088     -0.505     -0.081     -0.200     -0.047
14.9500      -29979.339   -29987.711        8.372   335.6     -0.116     -0.058     -0.630      0.063      0.465     -0.307
15.0000      -29979.035   -29987.660        8.625   345.7     -1.967     -0.759     -0.894     -0.138     -0.458     -0.197
15.0500      -29978.773   -29987.695        8.922   357.6      0.006     -0.472     -0.700      0.006      0.193     -0.051
15.1000      -29979.138   -29987.535        8.397   336.6     -0.300      0.499      0.438     -0.415      0.401     -0.254
15.1500      -29979.670   -29987.561        7.891   316.3     -0.494      0.216     -0.532      0.479     -0.619      0.468
15.2000      -29979.042   -29987.500        8.458   339.0     -0.500     -0.328     -0.093     -0.139      0.882     -0.017
15.2500      -29979.084   -29988.191        9.108   365.1     -1.187     -1.115     -1.492     -0.417      0.097      0.048
15.3000      -29979.705   -29988.283        8.578   343.8     -0.820     -0.152     -0.899      0.257     -0.362      0.199
15.3500      -29980.012   -29987.857        7.845   314.5      0.236     -0.047     -0.584      0.210      0.065     -0.037
15.4000      -29980.026   -29988.611        8.586   344.2     -1.699     -0.702     -0.707      0.136      0.160      0.219
15.4500      -29979.935   -29988.029        8.094   324.4     -0.606     -1.114     -0.417      0.042     -0.150     -0.513
15.5000      -29980.172   -29988.496        8.324   333.7     -0.220      0.087     -1.155     -0.007     -0.346      0.028
15.5500      -29980.199   -29988.188        7.988   320.2     -1.342     -1.759     -0.844     -0.459     -0.241     -0.508
15.6000      -29980.324   -29988.537        8.213   329.2     -0.575     -0.174     -1.409      0.593     -0.744      0.351
15.6500      -29980.406   -29988.807        8.400   336.7     -0.066      0.017     -0.761     -0.026      1.050      0.062
15.7000      -29980.199   -29988.547        8.348   334.6      1.022      0.450     -0.065     -0.517      0.190      0.068
15.7500      -29980.598   -29988.744        8.146   326.5      0.584      0.253      0.373      0.332     -0.386      0.179
15.8000      -29980.024   -29988.283        8.259   331.0     -0.893      1.015     -0.148     -0.131      0.237     -0.519
15.8500      -29980.391   -29988.322        7.931   317.9      0.086     -0.104     -0.053     -0.393      0.593     -0.635
15.9000      -29980.650   -29989.100        8.450   338.7      0.071     -0.132     -0.672      0.002     -0.404     -0.241
15.9500      -29980.850   -29988.373        7.523   301.5      0.512      0.642      0.907      0.517     -0.073      0.626
16.0000      -29980.534   -29988.086        7.552   302.7     -1.227     -0.213      0.061     -0.510      0.313     -0.076
16.0500      -29980.231   -29988.674        8.443   338.4     -0.149     -0.616     -0.216      0.148     -0.051      0.280
16.1000      -29980.333   -29988.014        7.680   307.9      0.584     -0.163     -0.373     -0.219      0.156     -0.455
16.1500      -29980.364   -29988.729        8.364   335.3      0.038      0.039      0.311     -0.328     -0.373     -0.200
16.2000      -29980.589   -29988.777        8.189   328.2     -1.154     -0.432     -0.423      0.241      0.712     -0.081
16.2500      -29981.006   -29988.742        7.736   310.1     -0.397      0.000     -0.580     -0.167      0.281     -0.769
16.3000      -29980.857   -29988.719        7.861   315.1      0.086     -0.093      0.861     -0.178      0.421      0.344
16.3500      -29980.666   -29989.000        8.334   334.1      0.666     -0.926     -0.358     -0.275     -0.201     -0.074
16.4000      -29980.635   -29988.807        8.171   327.6     -0.789     -0.754      0.413     -0.272      0.003     -0.151
16.4500      -29980.240   -29988.146        7.906   316.9     -0.713     -1.180     -0.279      0.105     -0.366      0.011
16.5000      -29980.318   -29988.098        7.780   311.9      0.359      0.555      0.647     -0.440      0.311      0.348
16.5500      -29979.949   -29988.551        8.602   344.8     -0.165      0.109      0.117      0.352     -0.106     -0.384
16.6000      -29980.259   -29989.023        8.765   351.3     -0.360      0.087      1.195     -0.181     -0.063      0.190
16.6500      -29980.152   -29988.346        8.194   328.4      0.139     -0.185     -0.234      0.123      0.188      0.006
16.7000      -29980.502   -29989.109        8.608   345.0      0.070     -0.117     -0.454     -0.075     -0.209     -0.012
16.7500      -29980.549   -29988.871        8.322   333.6     -0.415      0.159      0.155     -0.088      0.003     -0.030
16.8000      -29980.322   -29988.744        8.422   337.6     -0.309      0.468      0.077      0.557     -0.475      0.050
16.8500      -29980.618   -29988.539        7.921   317.5      0.234     -0.207     -0.876     -0.171     -0.145     -0.350
16.9000      -29980.222   -29988.428        8.206   328.9     -0.715     -0.404      0.184      0.540      0.061     -0.512
16.9500      -29980.138   -29988.270        8.132   326.0      0.190      0.058     -0.126     -0.036     -0.381      0.104
17.0000      -29979.851   -29989.096        9.245   370.6     -1.260     -0.365     -0.893      0.212      0.051     -0.167
17.0500      -29980.019   -29988.510        8.491   340.3      0.225     -0.970      0.622      0.391     -0.255      0.097
17.1000      -29980.173   -29988.883        8.709   349.1     -0.117     -0.110      0.093      0.496     -0.027      0.429
17.1500      -29980.429   -29988.594        8.165   327.3     -0.180     -0.903     -1.011      0.089     -0.375      0.054
17.2000      -29980.199   -29988.432        8.233   330.0     -1.605     -0.725      0.094      0.379      0.057      0.349
17.2500      -29979.914   -29988.408        8.494   340.5     -0.502     -1.147     -1.087     -0.096     -0.793      0.009
17.3000      -29979.480   -29988.395        8.914   357.3     -0.949     -0.845     -0.224      0.257      0.215      0.347
17.3500      -29979.639   -29988.146        8.508   341.0     -1.130     -0.180     -0.885      0.213      0.596     -0.759
17.4000      -29979.939   -29988.219        8.280   331.9     -0.981     -0.727     -0.215     -0.148     -0.387      0.169
17.4500      -29979.418   -29987.934        8.516   341.4     -0.583     -0.184      0.335      0.174      0.261     -0.349
17.5000      -29979.331   -29987.373        8.042   322.4     -0.216     -1.999     -1.138      0.389      0.343     -0.365
17.5500      -29979.925   -29988.246        8.321   333.5     -1.319     -0.009      0.324      0.110     -0.232      0.431
17.6000      -29980.230   -29988.736        8.507   341.0     -0.193     -0.547     -1.157     -0.037      0.279     -0.286
17.6500      -29980.069   -29988.852        8.782   352.0     -0.272      0.408     -0.446     -0.334      0.054     -0.173
17.7000      -29980.256   -29988.367        8.111   325.1     -0.666     -1.157      0.042      0.311      0.001     -0.103
17.7500      -29980.449   -29988.229        7.780   311.9     -0.337     -0.387     -0.381     -0.180      0.146     -0.529
17.8000      -29980.000   -29988.127        8.127   325.8     -0.350      0.738      0.034      0.255     -0.260     -0.012
17.8500      -29979.672   -29987.834        8.162   327.2     -0.085     -0.023     -0.581     -0.390      0.283     -0.247
17.9000      -29979.917   -29988.150        8.234   330.1      1.045     -0.448      0.624     -0.127     -0.253     -0.543
17.9500      -29980.295   -29988.615        8.320   333.5      0.011     -0.731     -0.580      0.201      0.208      0.210
18.0000      -29980.100   -29987.840        7.740   310.2     -0.202     -1.672     -1.294      0.522      0.044      0.036
18.0500      -29979.948   -29988.033        8.086   324.1     -0.211     -0.152     -0.103     -0.173     -0.096     -0.174
18.1000      -29980.584   -29988.547        7.963   319.2     -0.604     -0.190      0.183     -0.308      0.065     -0.123
18.1500      -29980.968   -29988.498        7.531   301.9     -0.351     -0.186     -0.530     -0.262     -0.345      0.406
18.2000      -29981.046   -29988.420        7.373   295.6     -0.062     -0.065      1.304      0.011     -0.195      0.193
18.2500      -29980.476   -29988.246        7.770   311.5     -0.009     -1.041     -0.753      0.030      0.344      0.098
18.3000      -29980.203   -29988.273        8.070   323.5     -0.650     -1.179     -0.520     -0.102     -0.185      0.274
18.3500      -29980.048   -29988.422        8.374   335.7      0.381     -0.139     -0.806      0.212      0.141     -0.098
18.4000      -29979.959   -29988.727        8.767   351.4      0.228     -0.764     -0.892      0.091     -0.130     -0.257
18.4500      -29980.003   -29988.092        8.089   324.2     -0.452     -0.162     -0.806      0.749      0.372      0.188
18.5000      -29980.178   -29988.512        8.334   334.1     -0.428     -0.716     -0.126     -0.356     -0.314      0.075
18.5500      -29979.839   -29988.033        8.194   328.4     -0.796     -1.622     -0.096     -0.217      0.086     -0.050
18.6000      -29979.424   -29987.623        8.199   328.6     -0.360      0.325      0.125     -0.360     -0.202     -0.014
18.6500      -29979.976   -29988.273        8.297   332.6     -0.200     -0.969     -0.447     -0.222      0.336     -0.304
18.7000      -29980.093   -29987.178        7.084   284.0      1.310      0.611      0.884      0.253      0.085      0.466
18.7500      -29979.738   -29988.238        8.500   340.7      0.445     -0.172      0.388      0.179      0.405      0.189
18.8000      -29979.541   -29987.758        8.217   329.4     -1.084     -0.147     -1.143      0.236     -0.347     -0.289
18.8500      -29979.286   -29988.020        8.734   350.1      0.235     -0.298      0.062     -0.336      0.295      0.129
18.9000      -29978.861   -29987.543        8.682   348.0     -0.231      0.141     -0.055      0.101      0.535      0.534
18.9500      -29978.896   -29987.525        8.630   345.9      0.300     -0.720     -1.617      0.379     -0.157     -0.258
19.0000      -29978.865   -29987.176        8.311   333.1     -0.411     -0.082     -0.224      0.039     -0.515     -0.055
19.0500      -29979.347   -29987.795        8.448   338.6     -0.185      0.387      0.268      0.172      0.427     -0.669
19.1000      -29979.351   -29988.152        8.802   352.8     -0.573     -0.901     -0.413     -0.092     -0.494     -0.280
19.1500      -29979.658   -29987.207        7.549   302.6      0.479      0.204      0.332     -0.025      0.159      0.418
19.2000      -29979.336   -29987.006        7.670   307.4     -0.324      0.420      0.113      0.204     -0.031     -0.181
19.2500      -29979.719   -29987.887        8.168   327.4      0.459     -1.419      0.200      0.268      0.254      0.183
19.3000      -29979.825   -29987.775        7.950   318.7      0.760     -0.959      0.168     -0.264      0.552      0.216
19.3500      -29980.147   -29988.375        8.228   329.8     -0.354     -0.245      0.070      0.113     -0.041     -0.394
19.4000      -29980.058   -29988.604        8.546   342.5     -1.200     -0.204      0.066     -0.092     -0.229      0.181
19.4500      -29980.130   -29988.312        8.183   328.0     -0.506     -0.092     -0.277      0.376     -0.216      0.021
19.5000      -29980.124   -29988.637        8.512   341.2      0.235      0.041      0.588      0.143     -0.213     -0.346
19.5500      -29980.543   -29988.221        7.678   307.8     -0.603      0.193     -0.898      0.426     -0.238     -0.216
19.6000      -29980.254   -29988.535        8.281   331.9     -0.696     -0.240     -0.510     -0.055     -0.443      0.600
19.6500      -29980.865   -29988.590        7.725   309.7     -0.054     -0.264      0.063      0.466     -0.244     -0.232
19.7000      -29980.894   -29988.721        7.827   313.7      0.932     -0.475     -0.646     -0.326     -0.167      0.201
19.7500      -29981.349   -29989.098        7.749   310.6     -0.261     -0.578     -0.079      0.532     -0.110      0.722
19.8000      -29980.790   -29988.930        8.140   326.3     -0.782     -0.501      0.240     -0.150     -0.454     -0.441
19.8500      -29980.765   -29988.295        7.530   301.8     -0.710     -0.168     -0.744     -0.259     -0.575     -0.363
19.9000      -29980.683   -29988.475        7.792   312.3     -0.520     -0.150     -0.285      0.214      0.221      0.034
19.9500      -29980.680   -29989.031        8.352   334.8     -0.999      0.052     -0.838     -0.384     -0.258      0.021
20.0000      -29980.496   -29989.332        8.836   354.2      0.211      0.643     -0.078      0.155     -0.216     -0.025
20.0500      -29980.841   -29988.973        8.132   326.0     -0.972     -0.227      0.127      0.336     -0.079      0.273
20.1000      -29980.757   -29988.279        7.522   301.5     -1.145     -0.810     -0.432      0.050      0.087      0.197
20.1500      -29980.810   -29989.164        8.354   334.9     -0.027     -1.445     -0.192     -0.375      0.192      0.142
20.2000      -29981.277   -29989.033        7.756   310.9     -0.243     -0.386     -0.073     -0.471     -0.588      0.183
20.2500      -29981.704   -29989.562        7.859   315.0      0.031     -0.691     -0.335      0.028      0.407      0.239
20.3000      -29981.510   -29988.955        7.445   298.4     -0.152     -0.489     -0.561     -0.032     -0.127     -0.516
20.3500      -29981.316   -29988.787        7.471   299.5      0.655     -0.379     -0.614     -0.067     -0.568     -0.252
20.4000      -29981.533   -29990.131        8.598   344.7      0.352     -0.293     -0.924      0.229      0.022     -0.431
20.4500      -29981.718   -29989.594        7.875   315.7     -0.234      0.131     -0.395      0.086     -0.286      0.275
20.5000      -29981.403   -29989.705        8.302   332.8      0.748     -0.161      0.645      0.091     -0.108     -0.133
20.5500      -29981.801   -29989.557        7.756   310.9     -0.611      0.780     -0.194      0.792      0.332     -0.023
20.6000      -29981.538   -29989.139        7.601   304.7     -0.552     -0.973     -1.638     -0.189     -0.188     -0.131
20.6500      -29981.395   -29989.602        8.207   329.0     -1.022     -0.330     -0.147      0.352      0.141      0.166
20.7000      -29981.308   -29989.443        8.136   326.1     -0.257     -0.116     -1.042     -0.065     -0.140      0.013
20.7500      -29981.218   -29989.764        8.545   342.5     -0.187      0.132     -0.484      0.039     -0.286      0.429
20.8000      -29981.431   -29989.678        8.247   330.6     -0.539     -1.262     -1.076      0.096     -0.191     -0.071
20.8500      -29980.816   -29989.273        8.457   339.0     -0.795     -0.023      0.038      0.208      0.384      0.174
20.9000      -29980.951   -29989.283        8.333   334.0     -1.017      0.005     -0.632     -0.262     -0.387      0.275
20.9500      -29980.989   -29989.412        8.423   337.7     -0.237      0.270     -0.884     -0.159      0.268     -0.278
21.0000      -29981.007   -29989.441        8.434   338.1     -0.570     -0.064     -0.125      0.448      0.006      0.149
21.0500      -29981.019   -29989.512        8.493   340.4      0.200     -0.129     -1.043     -0.201      1.030      0.231
21.1000      -29980.753   -29989.227        8.473   339.7     -0.191     -0.027     -1.088     -0.197     -0.309     -0.043
21.1500      -29980.899   -29988.922        8.023   321.6     -0.574     -0.509     -0.424      0.162     -0.812     -0.315
21.2000      -29980.409   -29988.207        7.798   312.6      0.184     -0.939      0.662      0.104      0.575      0.065
21.2500      -29980.710   -29988.215        7.505   300.8      0.165      0.121     -0.918     -0.095     -0.254      0.032
21.3000      -29981.258   -29988.482        7.225   289.6     -0.901     -0.209     -1.105     -0.201      0.445     -0.137
21.3500      -29981.075   -29989.293        8.218   329.4      0.408      0.257     -0.243      0.290      0.281     -0.366
21.4000      -29980.752   -29988.963        8.210   329.1     -0.136      0.185      0.313      0.478     -0.188     -0.193
21.4500      -29980.848   -29988.984        8.136   326.1      0.570     -0.375      0.240     -0.803     -0.109     -0.155
21.5000      -29980.910   -29988.822        7.912   317.2     -0.424     -0.735     -0.128      0.290     -0.470     -0.648
21.5500      -29980.995   -29988.535        7.541   302.3     -0.144     -0.596      0.427     -0.106     -0.493      0.466
21.6000      -29981.151   -29988.400        7.249   290.6     -0.982      0.098     -1.350     -0.018     -0.085     -0.690
21.6500      -29981.615   -29989.199        7.584   304.0     -0.516     -0.466      0.321     -0.530      0.045     -0.037
21.7000      -29981.434   -29989.072        7.638   306.2     -0.492     -0.353     -0.133      0.076     -0.251     -0.160
21.7500      -29981.217   -29989.082        7.865   315.3      0.974      0.797      0.605     -0.066      0.094     -0.052
21.8000      -29981.371   -29989.242        7.871   315.5     -0.269     -0.591     -0.092     -0.391      0.015      0.198
21.8500      -29980.784   -29988.516        7.732   309.9     -0.377      0.203     -0.873     -0.058      0.551     -0.043
21.9000      -29981.023   -29988.768        7.744   310.4     -1.014     -0.974      0.024      0.087      0.068      0.061
21.9500      -29980.929   -29989.410        8.481   340.0      0.180     -0.667      0.089     -0.011      0.076     -0.305
22.0000      -29981.558   -29989.738        8.181   327.9     -0.523      0.020      0.127     -0.256     -0.283      0.459
22.0500      -29981.817   -29989.625        7.808   313.0     -0.162     -0.462     -0.169     -0.283      0.362      0.076
22.1000      -29981.805   -29990.000        8.195   328.5     -1.072      0.133      0.853      0.002      0.636     -0.377
22.1500      -29981.756   -29989.652        7.897   316.5     -0.592      0.195      0.428      0.552      0.204      0.150
22.2000      -29981.833   -29989.369        7.536   302.1     -0.900     -0.725     -0.503     -0.074     -0.165      0.010
22.2500      -29981.471   -29989.414        7.943   318.4     -0.109      0.428     -0.771     -0.292      0.392      0.022
22.3000      -29981.553   -29989.268        7.715   309.2     -0.982      0.208     -1.265     -0.070      0.084      0.333
22.3500      -29981.704   -29989.133        7.429   297.8     -1.451     -1.329      0.146     -0.099      0.224     -0.110
22.4000      -29981.282   -29989.650        8.368   335.4     -0.989     -0.289     -0.579      0.083      0.008     -0.440
22.4500      -29981.070   -29988.822        7.752   310.7     -0.022     -0.202     -1.410     -0.064      0.272     -0.175
22.5000      -29980.300   -29988.898        8.599   344.7      0.275     -0.761     -0.599      0.604     -0.535      0.462
22.5500      -29980.087   -29989.658        9.572   383.7      0.144      0.111     -0.443     -0.692     -0.212     -0.148
22.6000      -29979.938   -29989.111        9.173   367.7     -0.588      0.221     -0.644      0.237      0.155      0.129
22.6500      -29979.424   -29987.959        8.535   342.1     -1.197     -0.012      0.417     -0.268      0.286     -0.053
22.7000      -29979.983   -29989.209        9.226   369.8     -0.107     -0.392     -0.817      0.285      0.415     -0.630
22.7500      -29980.116   -29988.824        8.709   349.1      0.223      0.196     -0.534     -0.227      0.029      0.347
22.8000      -29979.934   -29988.002        8.068   323.4      0.673      0.020     -0.011      0.248      0.143     -0.241
22.8500      -29979.902   -29988.203        8.301   332.7     -0.211      0.591     -0.375     -0.374      0.086     -0.451
22.9000      -29979.928   -29988.484        8.556   343.0      0.773     -1.136      1.045      0.040      0.269      0.123
22.9500      -29979.821   -29987.531        7.710   309.1     -0.991     -0.167     -0.395     -0.115      0.654     -0.511
23.0000      -29979.865   -29988.490        8.625   345.7     -0.753      0.234     -0.427      0.219     -0.118     -0.550
23.0500      -29979.305   -29988.119        8.814   353.3      0.581      0.531      0.035     -0.448      0.803      0.446
23.1000      -29979.008   -29988.215        9.207   369.1     -0.918     -0.877      0.510      0.015     -0.130     -0.799
23.1500      -29979.128   -29987.680        8.552   342.8      0.416     -0.750     -0.892     -0.829      0.615      0.015
23.2000      -29978.916   -29987.793        8.877   355.8     -1.075      0.385      0.707      0.203     -0.286     -0.174
23.2500      -29979.085   -29987.564        8.480   339.9      0.188     -0.548     -0.341     -0.026      0.308     -0.217
23.3000      -29979.698   -29988.635        8.937   358.2     -0.007     -0.582     -0.229     -0.264     -0.030     -0.079
23.3500      -29980.167   -29988.371        8.204   328.9     -1.103      0.214     -0.286      0.178      0.381      0.206
23.4000      -29980.242   -29988.188        7.945   318.5      0.196      0.151      0.380     -0.200      0.385      0.135
23.4500      -29979.983   -29988.211        8.228   329.8     -0.210      0.079     -0.202     -0.019      0.208      0.318
23.5000      -29980.484   -29988.648        8.164   327.3     -0.569     -0.763      0.476      0.325      0.449      0.010
23.5500      -29980.676   -29988.506        7.830   313.9      0.473     -0.847      1.496      0.195     -0.055      0.455
23.6000      -29980.553   -29989.182        8.629   345.9     -1.437     -0.044     -0.408     -0.105      0.146      0.030
23.6500      -29980.821   -29988.881        8.060   323.1      0.110     -0.826     -0.833     -0.372     -0.211      0.122
23.7000      -29980.987   -29988.660        7.673   307.6     -0.407     -0.120     -0.422      0.514     -0.151     -0.726
23.7500      -29981.040   -29989.355        8.316   333.3     -0.652     -1.652     -0.971     -0.128      0.128      0.317
23.8000      -29981.346   -29989.064        7.718   309.4     -0.311      0.007     -1.216      0.394      0.065     -0.444
23.8500      -29980.871   -29988.652        7.782   311.9      0.365     -0.964      0.226     -0.139      0.174      0.472
23.9000      -29980.384   -29988.549        8.164   327.3     -1.637     -0.928     -0.663      0.301      0.068      0.232
23.9500      -29980.223   -29988.648        8.425   337.7      0.233     -0.244     -0.506      0.099      0.281     -0.215
24.0000      -29980.269   -29989.068        8.799   352.7     -0.161      0.475     -1.069     -0.113      0.183     -0.250
24.0500      -29980.268   -29988.311        8.043   322.4      0.229     -0.083      0.499      0.467      0.082     -0.461
24.1000      -29980.542   -29988.061        7.519   301.4     -0.325     -0.575     -1.073     -0.020     -0.216     -0.129
24.1500      -29980.333   -29987.963        7.630   305.8      0.153      0.758      0.535      0.604      0.168     -0.302
24.2000      -29980.221   -29987.852        7.631   305.9     -0.349     -0.792     -0.713      0.081     -0.695      0.114
24.2500      -29980.288   -29988.404        8.116   325.3      0.111      0.564      0.011      0.129     -0.029      0.409
24.3000      -29980.310   -29988.531        8.221   329.6     -0.084      0.091     -0.045      0.245     -0.138      0.297
24.3500      -29980.105   -29988.873        8.768   351.5     -0.751     -0.056     -1.040     -0.216      0.197     -0.282
24.4000      -29980.373   -29988.631        8.258   331.0      0.199     -0.620     -0.056      0.033     -0.410      0.136
24.4500      -29980.487   -29988.604        8.116   325.3     -0.564     -0.081     -0.966      0.341     -0.105      0.083
24.5000      -29980.659   -29988.779        8.120   325.5      0.164     -1.141     -0.432     -0.204      0.215      0.174
24.5500      -29980.396   -29988.631        8.235   330.1     -1.705     -1.228     -0.449     -0.327      0.156      0.365
24.6000      -29980.482   -29988.260        7.778   311.8     -0.274     -0.749      0.077      0.058     -0.410     -0.022
24.6500      -29980.748   -29989.113        8.365   335.3      0.194      0.105      0.189      0.406     -0.179      0.364
24.7000      -29980.619   -29988.586        7.967   319.3     -1.415     -0.617      0.153      0.118      0.439     -0.326
24.7500      -29980.028   -29988.348        8.319   333.5     -0.369     -0.572     -0.614      0.333      0.196     -0.181
24.8000      -29979.812   -29987.961        8.149   326.6     -0.908     -0.534     -0.653      0.214      0.448     -0.071
24.8500      -29980.824   -29988.193        7.369   295.4      0.316     -0.031      1.054      0.086      0.138      0.297
24.9000      -29981.012   -29988.652        7.641   306.3     -0.081     -0.582     -0.501      0.399      0.254     -0.185
24.9500      -29980.684   -29989.072        8.388   336.2     -0.125      0.566     -0.254     -0.400     -0.170      0.289
25.0000      -29981.074   -29989.232        8.159   327.0     -0.543     -0.708     -0.491      0.263     -0.303      0.172
25.0500      -29981.187   -29989.199        8.012   321.2     -0.851     -0.782      0.116      0.097     -0.317     -0.173
25.1000      -29981.147   -29988.527        7.380   295.8      1.074      0.065      0.544     -0.975      0.384     -0.073
25.1500      -29981.471   -29988.949        7.478   299.8      0.820     -0.277      1.360      0.032      0.502     -0.328
25.2000      -29980.971   -29988.840        7.869   315.4     -0.090      0.070     -0.039     -0.035     -0.064     -0.279
25.2500      -29981.124   -29989.648        8.525   341.7      0.069     -0.178     -0.269     -0.324      0.120      0.291
25.3000      -29980.938   -29989.684        8.745   350.6      0.461     -0.121     -0.452      0.196     -0.201     -0.170
25.3500      -29980.991   -29989.742        8.751   350.8      0.094     -0.119     -0.209      0.475      0.174     -0.158
25.4000      -29980.666   -29988.799        8.132   326.0     -0.042     -0.184      0.218      0.182      0.128      0.410
25.4500      -29981.008   -29988.746        7.738   310.2     -0.453     -0.325     -0.677      0.499      0.469     -0.590
25.5000      -29981.198   -29989.141        7.943   318.4     -0.131     -0.559     -0.861     -0.048     -0.093     -0.080
25.5500      -29980.775   -29988.514        7.739   310.2     -0.335     -0.360     -0.306     -0.241      0.360     -0.057
25.6000      -29980.429   -29988.043        7.614   305.2     -1.265     -1.213     -0.591      0.521     -0.184      0.695
25.6500      -29980.800   -29988.793        7.993   320.4     -0.603      0.161      0.156      0.050     -0.299     -0.175
25.7000      -29980.471   -29988.684        8.213   329.2     -0.109     -0.964     -0.854     -0.219     -0.876     -0.139
25.7500      -29980.252   -29988.645        8.393   336.4      0.228      0.573     -0.096     -0.097      0.551      0.335
25.8000      -29980.515   -29989.262        8.747   350.6      0.190     -0.209      0.716      0.178      0.163     -0.448
25.8500      -29980.174   -29988.256        8.082   324.0     -0.515     -0.866     -0.816     -0.149     -0.111     -0.307
25.9000      -29980.263   -29988.613        8.351   334.7     -0.064     -0.183      0.302      0.664      0.718      0.488
25.9500      -29980.153   -29988.756        8.603   344.8     -0.199     -0.789      0.563      0.015     -0.572     -0.239
26.0000      -29980.229   -29988.197        7.968   319.4      0.673      0.010     -0.273     -0.564      0.464      0.192
26.0500      -29979.578   -29988.270        8.691   348.4     -0.589     -0.036     -0.378      0.057      0.215      0.149
26.1000      -29979.856   -29987.660        7.804   312.8      0.055     -0.243      0.098      0.528     -0.179     -0.283
26.1500      -29980.132   -29988.693        8.561   343.2      0.595     -0.111      0.025     -0.016     -0.003      0.015
26.2000      -29980.034   -29988.127        8.093   324.4     -0.371     -0.669     -0.217      0.159      0.133     -0.307
26.2500      -29980.253   -29988.449        8.196   328.5      0.520     -0.257     -0.708     -0.015     -0.334      0.010
26.3000      -29980.475   -29987.975        7.500   300.6     -0.228     -0.595      0.211     -0.015      0.096      0.296
26.3500      -29980.259   -29988.877        8.618   345.5      0.202     -1.021      0.087      0.386     -0.278     -0.089
26.4000      -29980.369   -29988.744        8.375   335.7     -0.453     -0.255      0.341     -0.058      0.637      0.085
26.4500      -29979.722   -29988.139        8.417   337.4      0.543     -0.046      0.427     -0.088     -0.284     -0.046
26.5000      -29979.721   -29988.961        9.240   370.4     -1.429     -1.913      0.345      0.492      0.757      0.063
26.5500      -29980.103   -29988.752        8.649   346.7      1.073     -0.622     -0.234     -0.236      0.131     -0.116
26.6000      -29979.925   -29988.637        8.712   349.2      0.809      0.752      1.189     -0.407      0.077      0.061
26.6500      -29979.543   -29987.674        8.130   325.9      0.058     -0.410     -0.374     -0.131      0.163     -0.066
26.7000      -29979.496   -29988.492        8.997   360.6      0.083     -0.827     -0.023      0.071     -0.348     -0.101
26.7500      -29980.040   -29988.004        7.964   319.2     -0.047      0.030      0.545     -0.330      0.770     -0.464
26.8000      -29980.240   -29988.223        7.983   320.0      0.223     -0.523     -0.345      0.041      0.078      0.787
26.8500      -29980.278   -29988.561        8.283   332.0      0.373      0.259     -0.705      0.442      0.009      0.431
26.9000      -29980.160   -29988.074        7.915   317.3     -0.360     -0.046      0.920     -0.277     -0.098     -0.090
26.9500      -29980.127   -29988.848        8.721   349.6     -0.379     -0.004     -0.363      0.283      0.044     -0.293
27.0000      -29980.375   -29988.586        8.211   329.1     -0.781     -0.415      0.397     -0.467      0.581     -0.601
27.0500      -29980.654   -29988.471        7.816   313.3     -1.233     -0.420      0.422      0.267      0.406      0.454
27.1000      -29980.821   -29988.316        7.496   300.5     -0.450     -0.670     -0.545      0.060      0.571     -0.281
27.1500      -29980.214   -29988.922        8.708   349.0     -0.044      0.036      0.460     -0.076      0.478     -0.337
27.2000      -29980.493   -29988.832        8.339   334.3     -0.056     -0.058     -0.212      0.141      0.521      0.030
27.2500      -29980.786   -29988.729        7.942   318.4     -0.242     -0.274     -0.904     -0.269      0.412     -0.384
27.3000      -29981.087   -29989.082        7.995   320.5     -0.450      0.060      0.187     -0.509      0.273     -0.289
27.3500      -29980.769   -29988.930        8.160   327.1     -0.985      0.040     -0.182     -0.095     -0.023     -0.386
27.4000      -29980.690   -29988.166        7.476   299.7      0.058     -0.982     -0.702      0.945     -0.061     -0.264
27.4500      -29980.647   -29988.336        7.689   308.2     -0.361     -0.237      0.254      0.050      0.666     -0.170
27.5000      -29980.825   -29988.422        7.597   304.5     -0.074      0.555     -0.321      0.105     -0.211     -0.484
27.5500      -29980.634   -29988.711        8.076   323.7     -0.708     -0.987     -0.131      0.107      0.019      0.280
27.6000      -29981.033   -29988.260        7.227   289.7     -0.104     -0.301     -0.159      0.222     -0.168     -0.046
27.6500      -29981.564   -29989.107        7.544   302.4      0.118     -0.257      0.610     -0.734      0.346     -0.029
27.7000      -29981.334   -29989.422        8.088   324.2     -0.083     -0.352     -0.315     -0.195      0.002      0.101
27.7500      -29981.213   -29988.145        6.931   277.8      0.122     -0.982      0.015      0.145     -0.156     -0.268
27.8000      -29981.540   -29989.184        7.644   306.4     -0.100     -1.071      0.480      0.333     -0.122      0.516
27.8500      -29981.218   -29988.254        7.035   282.0      0.441     -0.731     -0.448      0.118     -0.172      0.256
27.9000      -29980.588   -29988.143        7.555   302.8      0.237     -0.642      0.259      0.297     -0.021     -0.191
27.9500      -29980.670   -29988.412        7.743   310.4      0.029      0.396      0.440     -0.041     -0.334      0.344
28.0000      -29981.048   -29989.129        8.081   323.9      0.531     -0.104     -0.208      0.198     -0.787      0.382
28.0500      -29981.199   -29988.611        7.412   297.1      0.681     -1.187     -0.316     -0.507      0.531     -0.108
28.1000      -29980.788   -29988.887        8.098   324.6      0.332     -0.003      0.001     -0.609     -0.013     -0.156
28.1500      -29980.900   -29988.592        7.691   308.3     -0.435      0.061     -0.017      0.638      0.093      0.569
28.2000      -29980.548   -29988.102        7.554   302.8     -0.188     -0.593     -0.879      0.092      0.559      0.407
28.2500      -29980.036   -29987.896        7.860   315.1     -0.086     -0.240     -0.646     -0.240      0.275     -0.247
28.3000      -29980.406   -29988.676        8.270   331.5     -0.307     -0.066      0.306      0.211     -0.013      0.000
28.3500      -29980.030   -29988.668        8.638   346.2     -0.236     -1.012     -0.639     -0.010      0.027     -0.201
28.4000      -29979.654   -29988.893        9.238   370.3      0.361      0.334      0.054     -0.229      0.381      0.199
28.4500      -29979.939   -29988.543        8.604   344.9     -0.094      0.021     -0.210      0.493     -0.218     -0.161
28.5000      -29979.677   -29988.041        8.364   335.3     -0.673     -0.194     -0.117     -0.353      0.873     -0.210
28.5500      -29979.979   -29988.010        8.031   321.9     -0.820     -0.444     -1.316      0.289     -0.085      0.433
28.6000      -29980.248   -29988.375        8.127   325.8      0.012      0.215      1.105     -0.157     -0.084      0.145
28.6500      -29980.167   -29988.279        8.112   325.2     -0.360     -0.403     -0.563     -0.241     -0.205      0.036
28.7000      -29980.068   -29989.182        9.114   365.3     -0.822      0.493     -0.352      0.468      0.268     -0.278
28.7500      -29980.126   -29989.006        8.879   355.9      0.457     -0.421     -0.621      0.310     -0.273     -0.210
28.8000      -29979.687   -29988.658        8.972   359.6     -0.097      0.072     -0.127      0.325      0.086      0.542
28.8500      -29979.619   -29987.873        8.254   330.8      0.155     -0.864     -0.235     -0.344     -0.043     -0.577
28.9000      -29979.591   -29988.602        9.010   361.2      0.313      0.330      0.298     -0.832     -0.208     -0.076
28.9500      -29979.550   -29988.314        8.764   351.3     -1.433     -0.512     -0.790      0.027      0.244      0.664
29.0000      -29979.517   -29987.727        8.209   329.1      0.180      0.096     -0.917      0.046      0.060     -0.329
29.0500      -29979.513   -29987.492        7.980   319.9      0.039     -1.173     -0.352     -0.060      0.303      0.273
29.1000      -29979.492   -29988.205        8.713   349.3     -0.429      0.038      0.147     -0.022     -0.070      0.450
29.1500      -29979.422   -29988.225        8.802   352.8     -0.151     -0.353     -0.138      0.094     -0.025     -0.131
29.2000      -29979.655   -29987.719        8.063   323.2     -0.342     -0.223     -0.091      0.177     -0.089      0.559
29.2500      -29979.538   -29988.340        8.802   352.8     -0.139      0.027      0.006      0.167     -0.473     -0.652
29.3000      -29980.009   -29988.354        8.345   334.5      0.785     -0.257      0.403     -0.289      0.405      0.511
29.3500      -29980.344   -29988.049        7.704   308.8     -0.491      0.049     -0.251      0.519      0.225     -0.497
29.4000      -29980.373   -29987.869        7.496   300.5      0.598      0.613     -0.307     -0.284      0.390      0.218
29.4500      -29980.071   -29988.119        8.049   322.6     -0.675     -0.555      0.370     -0.038     -0.644     -0.496
29.5000      -29980.359   -29988.949        8.590   344.3     -0.695      0.562     -0.375      0.119      0.308      0.078
29.5500      -29980.828   -29988.318        7.490   300.2     -0.466     -0.903     -0.189      0.263      0.042      0.559
29.6000      -29980.233   -29987.904        7.671   307.5     -0.612     -0.390     -0.386     -0.046     -0.494      0.264
29.6500      -29980.144   -29987.695        7.551   302.7     -0.600      0.063     -0.284      0.155      0.291      0.399
29.7000      -29979.730   -29987.799        8.068   323.4     -0.599      0.139      0.222      0.659     -0.144     -0.003
29.7500      -29980.088   -29988.674        8.586   344.2     -0.312     -0.052     -0.527      0.312     -0.305      0.074
29.8000      -29980.510   -29989.061        8.551   342.8     -1.013     -0.171     -0.126      0.154      0.335      0.675
29.8500      -29980.057   -29987.873        7.816   313.3     -1.147     -0.771     -0.026     -0.155     -0.481     -0.199
29.9000      -29980.068   -29988.898        8.830   354.0     -0.063     -0.228      0.989      0.190     -0.352     -0.049
29.9500      -29980.179   -29988.422        8.243   330.4     -1.527     -0.747     -0.487     -0.113     -0.145     -0.145
30.0000      -29980.331   -29988.365        8.034   322.0     -0.006     -0.166     -0.538     -0.181     -0.097     -0.031
30.0500      -29979.614   -29987.957        8.343   334.4     -0.951     -0.492     -0.419      0.218     -0.036      0.172
30.1000      -29979.594   -29988.434        8.840   354.3      0.028     -0.172      0.109      0.171      0.206      0.536
30.1500      -29979.206   -29987.879        8.673   347.7      0.375     -0.353     -0.632     -0.095     -0.442     -0.156
30.2000      -29979.603   -29987.668        8.065   323.3     -0.009      0.510     -0.243     -0.017     -0.102      0.502
30.2500      -29979.678   -29987.633        7.955   318.9      0.085      0.866      0.636     -0.210     -0.132     -0.220
30.3000      -29979.891   -29988.268        8.377   335.8     -0.289     -0.028     -0.354     -0.126     -0.304     -0.349
30.3500      -29980.202   -29988.314        8.112   325.2      0.059     -0.965     -0.211      0.123      0.081      0.456
30.4000      -29980.229   -29988.572        8.343   334.4     -0.608     -0.147     -0.231      0.102      0.014      0.026
30.4500      -29980.473   -29988.426        7.953   318.8     -0.367      0.544     -0.043     -0.532      0.608     -0.168
30.5000      -29980.110   -29988.418        8.308   333.0     -1.226     -0.922     -1.334      0.249      0.383      0.240
30.5500      -29980.180   -29988.051        7.870   315.5     -0.446     -0.463      0.256     -0.098     -0.389     -0.629
30.6000      -29980.639   -29988.420        7.781   311.9      0.012      0.077     -0.238     -0.026      0.578     -0.223
30.6500      -29980.897   -29988.838        7.941   318.3     -0.077     -0.253      0.142     -0.029     -0.333      0.305
30.7000      -29981.627   -29989.248        7.621   305.5     -0.010     -0.380     -0.422     -0.002     -0.282      0.006
30.7500      -29981.559   -29988.984        7.426   297.7     -0.223     -0.029     -0.374      0.017      0.057     -0.388
30.8000      -29981.245   -29988.277        7.033   281.9     -0.343      0.225      0.261     -0.076      0.172      0.611
30.8500      -29980.689   -29988.215        7.526   301.7     -0.670      0.188     -1.241     -0.182     -0.028     -0.182
30.9000      -29980.851   -29988.234        7.383   295.9     -0.649     -1.031     -0.392      0.054      0.158      0.159
30.9500      -29980.907   -29988.551        7.644   306.4     -0.425     -0.691     -0.656     -0.592     -0.268      0.079
31.0000      -29981.479   -29989.062        7.583   304.0     -0.433      0.110     -0.403      0.211      0.497     -0.389
31.0500      -29981.495   -29988.428        6.932   277.9     -0.270      0.116      0.140     -0.272      0.159     -0.233
31.1000      -29981.373   -29989.148        7.775   311.7     -0.260     -0.501      0.332      0.666      0.022      0.201
31.1500      -29981.197   -29988.590        7.393   296.3     -0.959     -0.020     -0.259     -0.034      0.045      0.080
31.2000      -29981.088   -29988.105        7.017   281.3      0.476      0.823     -0.211     -0.342      0.027      0.075
31.2500      -29981.315   -29988.781        7.466   299.3     -1.036     -0.523     -0.149     -0.122     -0.120      0.230
31.3000      -29981.579   -29989.506        7.927   317.7     -0.627     -0.232     -0.161     -0.432      0.175      0.149
31.3500      -29981.032   -29988.643        7.611   305.1      0.545     -0.050      0.321      0.228     -0.321     -0.526
31.4000      -29981.158   -29989.037        7.879   315.8      0.101      0.835     -0.275     -0.562      0.575     -0.270
31.4500      -29981.155   -29989.018        7.863   315.2     -0.243      0.217      0.258      0.168     -0.049      0.272
31.5000      -29981.149   -29988.545        7.396   296.5     -0.349     -0.982      0.357     -0.202     -0.067      0.180
31.5500      -29981.756   -29989.438        7.681   307.9     -0.301     -1.057     -1.262      0.382     -0.043      0.207
31.6000      -29981.686   -29989.277        7.591   304.3     -0.335     -1.266      0.733     -0.290      0.135     -0.040
31.6500      -29981.945   -29989.018        7.073   283.5      0.538     -0.887      0.548      0.472      0.117      0.258
31.7000      -29981.820   -29990.180        8.359   335.1      0.178      0.258      0.436     -0.151      0.272     -0.731
31.7500      -29981.574   -29988.996        7.422   297.5     -0.799     -1.072     -0.493     -0.577      0.214     -0.018
31.8000      -29981.564   -29989.512        7.947   318.6     -0.471      0.076      0.007     -0.164     -0.093     -0.041
31.8500      -29981.458   -29990.016        8.557   343.0      0.010     -0.329      0.255     -0.056      0.229      0.177
31.9000      -29982.123   -29989.562        7.440   298.2     -0.287     -0.469     -0.551     -0.231      0.084      0.068
31.9500      -29982.407   -29989.635        7.227   289.7     -0.423     -0.362      0.155     -0.204     -0.057     -0.139
32.0000      -29982.140   -29989.578        7.438   298.1      0.106     -0.653      0.065      0.241      0.121      0.006
32.0500      -29982.417   -29989.646        7.229   289.8     -0.494     -1.132      0.455      0.403     -0.273      0.191
32.1000      -29982.064   -29989.166        7.102   284.7     -0.798     -0.193     -0.333      0.455     -0.258      0.535
32.1500      -29982.033   -29989.348        7.314   293.2     -0.239     -0.510     -0.156     -0.141      0.122     -0.011
32.2000      -29981.824   -29989.135        7.311   293.1     -0.134     -0.057     -0.177      0.622     -0.126     -0.262
32.2500      -29981.478   -29988.729        7.250   290.6      0.349      0.260      0.707     -0.279      0.228      0.296
32.3000      -29981.565   -29989.135        7.569   303.4      0.182     -0.912      0.298      0.394     -0.276     -0.179
32.3500      -29981.110   -29988.176        7.065   283.2     -1.510     -0.886     -0.337     -0.051      0.522      0.848
32.4000      -29981.297   -29988.867        7.570   303.4     -1.340     -0.766     -0.039      0.502     -0.259     -0.211
32.4500      -29980.793   -29988.740        7.948   318.6      0.390     -0.103     -0.320      0.291     -0.179     -0.229
32.5000      -29981.209   -29989.100        7.891   316.3     -0.127     -0.072      0.031      0.383      0.188     -0.153
32.5500      -29981.283   -29989.312        8.029   321.9     -0.159     -1.040      0.159     -0.130     -0.225     -0.359
32.6000      -29981.065   -29988.975        7.909   317.0      0.831      1.078     -0.207     -0.311      0.208      0.022
32.6500      -29980.411   -29988.674        8.263   331.2      0.253     -0.365     -0.678      0.120     -0.165     -0.727
32.7000      -29980.452   -29988.793        8.341   334.4     -0.600     -0.920      0.421      0.112     -0.546     -0.187
32.7500      -29980.056   -29988.584        8.528   341.8      0.704      1.108      0.201      0.198     -0.344      0.455
32.8000      -29980.135   -29988.623        8.488   340.2      0.366     -0.182      0.060     -0.073      0.285     -0.041
32.8500      -29980.193   -29988.260        8.067   323.3      0.215      0.207     -0.706      0.125      0.502      0.159
32.9000      -29979.726   -29988.055        8.329   333.8      0.768     -0.316      0.765      0.023     -0.906     -0.503
32.9500      -29979.707   -29988.623        8.916   357.4     -0.048      0.100     -0.454      0.094      0.412      0.152
33.0000      -29979.509   -29987.309        7.800   312.6      0.830      0.099      0.255     -0.098     -0.124      0.465
33.0500      -29979.544   -29988.217        8.673   347.7     -0.712     -0.054     -0.590     -0.191     -0.482      0.069
33.1000      -29979.680   -29987.973        8.293   332.4     -0.388     -1.520     -1.097     -0.569     -0.217     -0.310
33.1500      -29979.621   -29988.633        9.012   361.2     -1.262     -0.595     -0.365     -0.027     -0.059     -0.375
33.2000      -29979.464   -29988.939        9.476   379.8     -0.938     -1.056     -0.091      0.070      0.084      0.238
33.2500      -29979.896   -29988.408        8.513   341.2     -0.233      0.023     -0.788     -0.103      0.256     -0.361
33.3000      -29979.501   -29987.803        8.302   332.8      0.162     -0.521     -0.496      0.002     -0.351     -0.040
33.3500      -29979.944   -29988.311        8.366   335.4     -0.719     -0.755     -2.172      0.111      0.652      0.412
33.4000      -29979.898   -29988.447        8.549   342.7     -0.109     -0.603      0.019      0.361     -0.334     -0.089
33.4500      -29980.189   -29987.916        7.727   309.7      0.434     -0.692      0.293      0.022     -0.185     -0.134
33.5000      -29979.595   -29987.621        8.026   321.7     -0.730     -0.630     -0.748     -0.630     -0.317     -0.453
33.5500      -29979.796   -29988.848        9.051   362.8     -0.337     -0.589     -0.663     -0.035      0.057     -0.258
33.6000      -29979.246   -29987.459        8.213   329.2     -0.179     -0.751     -0.112     -0.373     -0.102      0.219
33.6500      -29979.160   -29988.217        9.057   363.0     -0.252      0.752      0.381      0.032     -0.311     -0.534
33.7000      -29979.279   -29988.293        9.014   361.3     -1.209     -0.558     -0.767      0.552     -0.183     -0.003
33.7500      -29979.736   -29988.711        8.975   359.7     -0.191     -0.750     -0.352      0.070      0.174      0.427
33.8000      -29979.924   -29988.379        8.455   338.9      0.551      0.839      0.201     -0.260     -0.390     -0.321
33.8500      -29980.050   -29987.898        7.848   314.6     -0.968     -0.210      0.534      0.491     -0.561      0.278
33.9000      -29980.021   -29988.172        8.151   326.7      1.022     -0.761      0.045     -0.299      0.025      0.000
33.9500      -29980.584   -29988.576        7.992   320.4      0.110      0.725     -0.150      0.319     -0.458     -0.456
34.0000      -29980.335   -29988.516        8.181   327.9     -0.737     -1.009     -1.267     -0.292      0.255      0.086
34.0500      -29980.654   -29989.025        8.371   335.5      0.047     -0.817     -0.659     -0.092      0.082      0.194
34.1000      -29981.272   -29988.957        7.685   308.1     -0.439     -0.734      0.385      0.625     -0.050      0.181
34.1500      -29980.887   -29988.660        7.773   311.6      0.053      0.503     -0.719     -0.071      0.066     -0.023
34.2000      -29980.901   -29988.836        7.935   318.1     -0.660     -1.023      0.205     -0.172      0.471     -0.133
34.2500      -29980.760   -29988.703        7.943   318.4     -0.338     -1.513     -0.676     -0.295     -0.145     -0.075
34.3000      -29980.510   -29989.119        8.609   345.1     -0.374     -0.805     -1.367      0.036      0.411     -0.030
34.3500      -29980.777   -29988.686        7.909   317.0     -0.686     -0.352      0.464      0.613      0.174      0.204
34.4000      -29980.613   -29989.053        8.440   338.3     -0.327     -0.175      0.000      0.061      0.041     -0.108
34.4500      -29980.626   -29988.617        7.991   320.3      0.180     -0.298      0.567     -0.335     -0.237      0.455
34.5000      -29981.045   -29988.834        7.789   312.2     -0.578      0.369      0.030      0.324      0.156      0.075
34.5500      -29980.857   -29989.270        8.413   337.2      0.173     -1.094     -0.473     -0.225     -0.418      0.167
34.6000      -29980.698   -29988.615        7.917   317.3     -0.679     -0.955     -0.873      0.660      0.060     -0.119
34.6500      -29980.648   -29988.914        8.266   331.3      0.113     -0.396      0.030     -0.091     -0.192     -0.273
34.7000      -29980.405   -29989.381        8.976   359.8     -0.788     -0.035     -0.776      0.188      0.055      0.074
34.7500      -29980.688   -29989.107        8.420   337.5     -0.510     -1.024     -0.570      0.033      0.134      0.367
34.8000      -29980.755   -29987.996        7.241   290.3      0.247     -0.822      0.521      0.205     -0.368     -0.336
34.8500      -29980.542   -29988.471        7.929   317.8     -0.640     -0.481     -0.871     -1.068     -0.140      0.991
34.9000      -29980.105   -29987.877        7.772   311.5     -0.592     -1.731     -1.267      0.340     -0.262     -0.303
34.9500      -29980.078   -29988.764        8.686   348.2     -1.089     -0.940      0.493     -0.125      0.264      0.139
35.0000      -29980.268   -29988.141        7.873   315.6     -0.434      0.081     -0.393      0.031     -0.016      0.128
35.0500      -29980.859   -29988.689        7.831   313.9     -1.132     -0.455     -0.707      0.155     -0.269      0.412
35.1000      -29981.615   -29989.447        7.832   314.0      0.539     -0.128     -0.103      0.138      0.601     -0.572
35.1500      -29981.614   -29988.980        7.366   295.3     -0.813     -0.022     -0.826     -0.197      0.287     -0.149
35.2000      -29981.494   -29988.951        7.457   298.9     -0.022     -1.185     -0.996      0.328      0.275     -0.335
35.2500      -29981.431   -29989.299        7.868   315.4     -0.667     -0.007     -0.073     -0.376     -0.286     -0.164
35.3000      -29981.260   -29989.488        8.228   329.8     -0.601      0.029     -0.480     -0.573      0.507      0.276
35.3500      -29981.440   -29989.484        8.044   322.4     -0.632     -0.399     -1.106      0.192      0.223     -0.460
35.4000      -29981.216   -29989.291        8.075   323.7     -0.827      0.093     -0.231     -0.398     -0.215     -0.019
35.4500      -29981.096   -29989.238        8.142   326.4      0.247     -0.232      0.276      0.209      0.081      0.000
35.5000      -29980.953   -29989.109        8.156   326.9     -0.484     -0.033     -0.671     -0.300      0.068      0.323
35.5500      -29980.825   -29989.172        8.347   334.6     -0.127     -0.330     -1.026      0.183      0.023      0.238
35.6000      -29980.902   -29989.260        8.357   335.0     -0.148     -0.208      0.389     -0.016      0.485     -0.308
35.6500      -29980.503   -29988.721        8.218   329.4     -0.397     -1.312     -0.402      0.327     -0.861      0.121
35.7000      -29980.568   -29989.256        8.687   348.2     -0.590      0.321      0.199     -0.376     -0.619      0.353
35.7500      -29980.410   -29989.051        8.641   346.4     -0.504     -1.032      0.171     -0.193      0.041      0.137
35.8000      -29980.916   -29989.238        8.322   333.6      0.074     -0.574     -0.597      0.046     -0.196     -0.589
35.8500      -29981.726   -29989.715        7.989   320.2     -0.261     -0.412     -0.017     -0.383     -0.045      0.261
35.9000      -29981.238   -29989.740        8.503   340.8     -0.008      0.224     -0.468      0.258      0.415      0.829
35.9500      -29980.970   -29989.586        8.616   345.4      0.135     -0.545     -0.332     -0.449      0.087     -0.382
36.0000      -29980.961   -29989.369        8.408   337.0      0.326     -0.496     -0.443      0.318      0.400      0.290
36.0500      -29981.472   -29989.398        7.927   317.7     -0.534     -0.328     -0.108     -0.684     -0.246      0.056
36.1000      -29981.734   -29989.900        8.167   327.4     -0.055     -0.842     -0.676      0.252      0.236      0.016
36.1500      -29981.758   -29990.303        8.544   342.5     -0.793     -0.373      0.094     -0.493     -0.506     -0.134
36.2000      -29981.074   -29989.182        8.108   325.0      0.027     -0.401      0.199     -0.069      0.045     -0.143
36.2500      -29980.853   -29989.469        8.616   345.4     -0.299     -0.153      0.419     -0.724      0.079     -0.378
36.3000      -29980.758   -29988.891        8.132   326.0     -0.009     -0.181     -0.695      0.598      0.442      0.065
36.3500      -29980.620   -29989.475        8.855   354.9     -0.768     -0.678     -0.491      0.441     -0.336      0.101
36.4000      -29981.052   -29989.410        8.358   335.0      0.604      0.110     -0.550      0.189      0.313      0.434
36.4500      -29980.960   -29988.752        7.792   312.3     -0.010     -0.674      0.239     -0.231     -0.450     -0.024
36.5000      -29981.256   -29989.805        8.549   342.7     -0.175      0.221      0.112      0.358      0.378      0.388
36.5500      -29981.117   -29989.020        7.903   316.8      0.014      0.092     -0.170     -0.785      0.003     -0.161
36.6000      -29981.197   -29989.473        8.276   331.7     -0.513     -0.746     -1.277      0.779      0.079     -0.114
36.6500      -29981.087   -29989.121        8.034   322.1     -0.543     -1.248     -0.225      0.269      0.073      0.270
36.7000      -29981.147   -29989.221        8.074   323.6     -0.391     -1.255     -1.026     -0.271     -0.173     -0.113
36.7500      -29981.220   -29989.092        7.871   315.5     -1.066     -0.126     -0.207     -0.202     -0.504     -0.132
36.8000      -29981.441   -29989.111        7.670   307.5     -0.141      0.242      0.208      0.454     -0.271     -0.079
36.8500      -29981.732   -29989.104        7.372   295.5     -0.002      0.527      0.379     -0.205      0.172      0.188
36.9000      -29982.129   -29989.393        7.264   291.2      0.416     -0.245     -0.675      0.076     -0.485      0.325
36.9500      -29981.826   -29989.527        7.702   308.7     -1.269     -0.922     -0.345      0.176      0.433     -0.459
37.0000      -29981.429   -29989.186        7.756   310.9      0.604     -0.020     -0.639      0.169     -0.349      0.170
37.0500      -29980.937   -29989.168        8.231   329.9     -0.967     -0.589      0.401     -0.336     -0.349      0.103
37.1000      -29980.907   -29989.336        8.429   337.9     -0.057      0.425      0.243     -0.305      0.135      0.345
37.1500      -29981.394   -29989.307        7.913   317.2      0.328     -0.428     -0.184      0.472     -0.048      0.269
37.2000      -29981.089   -29988.730        7.641   306.3     -0.130     -0.016     -0.227      0.015      0.125      0.031
37.2500      -29980.965   -29989.322        8.358   335.0     -0.625     -0.047      0.098     -0.148     -0.221     -0.292
37.3000      -29980.961   -29989.092        8.130   325.9     -0.244      0.525     -0.473     -0.598     -0.265      0.591
37.3500      -29980.830   -29988.693        7.863   315.2      0.011      0.074     -0.552      0.079      0.381     -0.342
37.4000      -29980.482   -29988.643        8.161   327.1     -0.423      0.116     -0.547      0.273     -0.103      0.408
37.4500      -29980.132   -29988.418        8.286   332.2     -0.330     -0.390      0.061      0.192      0.339     -0.102
37.5000      -29980.079   -29988.428        8.349   334.7      0.016     -0.359      0.016      0.777     -0.508     -0.728
37.5500      -29979.900   -29988.434        8.534   342.1     -0.288      0.252      0.594      0.386     -0.159      0.171
37.6000      -29980.352   -29988.512        8.160   327.1      0.295     -0.511     -0.724     -0.470     -0.159     -0.293
37.6500      -29980.191   -29988.545        8.353   334.8      0.064     -0.858     -0.459      0.105     -0.003      0.171
37.7000      -29980.662   -29988.809        8.147   326.6      0.131     -0.445     -0.484     -0.169     -0.343     -0.117
37.7500      -29980.700   -29988.705        8.005   320.9      0.575     -0.826     -1.321      0.205     -0.633     -0.336
37.8000      -29980.481   -29989.711        9.230   370.0     -0.576     -0.940      0.283      0.144      0.372     -0.335
37.8500      -29980.162   -29988.369        8.207   329.0     -0.048     -0.393     -0.565      0.706     -0.135     -0.016
37.9000      -29980.115   -29989.432        9.316   373.4     -0.063     -0.668     -0.690     -0.027     -0.280      0.343
37.9500      -29980.354   -29988.619        8.265   331.3     -1.217     -0.502      0.010     -0.067      0.186     -0.402
38.0000      -29980.103   -29988.551        8.448   338.6     -0.781     -0.603     -0.554      0.357     -0.204     -0.082
38.0500      -29979.810   -29988.535        8.725   349.8     -0.593     -0.124     -0.264     -0.047     -0.106     -0.483
38.1000      -29980.370   -29988.393        8.023   321.6      0.485     -0.217     -0.864     -0.015     -0.037      0.168
38.1500      -29980.653   -29988.617        7.964   319.2     -0.500     -0.304     -0.404      0.084      0.265     -0.340
38.2000      -29980.989   -29989.088        8.099   324.7     -0.144     -1.614     -0.267     -0.274      0.242     -0.451
38.2500      -29981.010   -29988.904        7.894   316.4      0.172      0.150     -0.016     -0.158     -0.252     -0.241
38.3000      -29980.829   -29988.918        8.089   324.2     -0.522     -0.286     -0.841      0.290     -0.069     -0.146
38.3500      -29980.865   -29989.037        8.172   327.6      0.273      0.407      0.258      0.317      0.044     -0.290
38.4000      -29980.371   -29988.924        8.553   342.9     -0.291     -1.427      0.004      0.302     -0.011     -0.223
38.4500      -29980.631   -29988.822        8.191   328.3      0.097     -0.241     -1.028      0.122     -0.241     -0.614
38.5000      -29980.738   -29988.936        8.198   328.6     -0.147     -1.046      0.165     -0.639     -0.176     -0.088
38.5500      -29980.799   -29988.520        7.721   309.5     -0.039     -0.626     -0.238      0.140     -0.698      0.053
38.6000      -29980.919   -29988.541        7.622   305.5      0.011     -0.652      0.398     -0.058     -0.384      0.017
38.6500      -29980.752   -29989.199        8.447   338.6     -0.069      0.189     -0.222     -0.053     -0.000     -0.192
38.7000      -29980.332   -29988.182        7.849   314.6      0.009      0.076     -0.914     -0.295     -0.153      0.139
38.7500      -29980.236   -29988.508        8.272   331.6     -0.630     -0.254     -0.572     -0.134     -0.085     -0.467
38.8000      -29979.981   -29988.318        8.338   334.2      0.123     -1.490     -1.032      0.259     -0.072     -0.239
38.8500      -29980.677   -29988.340        7.663   307.2     -0.486     -0.707      0.121     -0.623     -0.033     -0.021
38.9000      -29980.777   -29989.000        8.223   329.6     -1.075     -1.523      0.089     -0.194      0.513     -0.217
38.9500      -29980.732   -29989.219        8.487   340.2      0.071     -0.142     -0.524      0.741     -0.035      0.000
39.0000      -29980.460   -29988.826        8.366   335.4     -0.527     -1.190      0.195     -0.142     -0.373      0.303
39.0500      -29980.487   -29988.766        8.278   331.8     -0.028     -0.699      0.531      0.314      0.279      0.234
39.1000      -29980.495   -29988.719        8.223   329.6      0.239      0.503     -0.737     -0.784     -0.044     -0.519
39.1500      -29980.362   -29988.887        8.525   341.7     -0.442     -0.576      0.206     -0.145     -0.198      0.156
39.2000      -29980.455   -29988.619        8.164   327.2     -0.391      0.102     -0.167     -0.404     -0.070     -0.008
39.2500      -29980.789   -29988.922        8.133   326.0      0.306     -0.389     -0.939      0.065      0.544     -0.601
39.3000      -29980.360   -29988.389        8.029   321.8      0.305      0.100      0.056      0.357     -0.040      0.140
39.3500      -29979.939   -29988.566        8.628   345.8     -0.801      0.175      0.605     -0.090     -0.155     -0.869
39.4000      -29979.917   -29988.248        8.331   334.0      0.071     -0.333     -0.328     -0.803      0.027      0.373
39.4500      -29980.416   -29988.209        7.793   312.4     -0.126     -0.907      0.162      0.270      0.268     -0.257
39.5000      -29979.953   -29988.389        8.436   338.1      0.209     -0.186      0.625     -0.216     -0.242     -0.081
39.5500      -29980.282   -29988.283        8.002   320.7     -0.605     -0.648     -0.829      0.183     -0.009      0.123
39.6000      -29980.466   -29988.314        7.849   314.6     -0.360     -0.300     -0.286     -0.426      0.622     -0.938
39.6500      -29980.837   -29988.244        7.407   296.9     -0.528     -0.327      0.424     -0.213     -0.062      0.089
39.7000      -29981.621   -29988.990        7.370   295.4      0.497     -0.300      0.968     -0.368      0.575     -0.684
39.7500      -29981.781   -29989.086        7.305   292.8      0.298      0.486      0.718      0.230     -0.287     -0.188
39.8000      -29981.048   -29988.914        7.866   315.3     -0.160     -1.205     -0.917      0.440      0.296     -0.635
39.8500      -29981.112   -29988.719        7.607   304.9     -0.128     -0.401     -0.535     -0.765     -0.490      0.383
39.9000      -29980.698   -29988.719        8.021   321.5     -0.089     -0.245     -0.123     -0.012      0.189     -0.386
39.9500      -29980.187   -29988.482        8.295   332.5     -0.286      0.391     -0.365     -0.225      0.062      0.218
40.0000      -29979.842   -29987.961        8.119   325.5      0.054     -0.192     -0.141      0.349     -0.179      0.133
40.0500      -29979.792   -29988.725        8.933   358.1     -0.311     -0.331     -1.107     -0.769     -0.122      0.309
40.1000      -29980.598   -29989.129        8.531   341.9     -0.612     -0.550      0.408     -0.001      0.013      0.208
40.1500      -29980.282   -29988.377        8.095   324.5      0.100     -1.188     -0.967     -0.621      0.651      0.123
40.2000      -29979.992   -29988.365        8.373   335.6     -0.114     -0.055     -0.223     -0.416      0.434      0.002
40.2500      -29980.122   -29988.070        7.948   318.6     -0.225     -1.218     -0.325     -0.116     -0.436     -0.205
40.3000      -29979.613   -29987.793        8.180   327.9      0.369      0.078     -0.840     -0.296     -0.017     -0.305
40.3500      -29979.575   -29988.418        8.843   354.5     -0.270      0.213      0.131      0.251      0.407     -0.041
40.4000      -29979.594   -29987.984        8.390   336.3     -0.731     -0.214     -0.601      0.326     -0.358     -0.200
40.4500      -29979.561   -29988.514        8.953   358.9     -0.880     -1.228     -0.730      0.577     -0.021     -0.765
40.5000      -29979.300   -29987.781        8.481   340.0      0.374     -1.253     -0.618     -0.091      0.186     -0.587
40.5500      -29979.446   -29988.666        9.220   369.6     -0.724     -0.718     -1.962     -0.484      0.410      0.232
40.6000      -29979.872   -29988.580        8.709   349.1     -0.649     -1.278     -0.713      0.256      0.075      0.246
40.6500      -29979.906   -29988.371        8.465   339.3      0.652      0.024      0.086     -0.340     -0.481     -0.263
40.7000      -29980.057   -29988.619        8.562   343.2     -1.253     -0.212     -0.823      0.182     -0.240      0.345
40.7500      -29980.403   -29988.246        7.843   314.4     -0.587     -0.750     -0.691     -0.232     -0.351     -0.454
40.8000      -29980.582   -29988.123        7.541   302.3     -0.926     -0.667     -0.666     -0.685     -0.171      0.201
40.8500      -29981.027   -29988.828        7.801   312.7     -0.402     -0.135      0.360      0.251      0.406     -0.160
40.9000      -29980.902   -29988.805        7.902   316.8     -1.178     -0.630      0.269      0.369     -0.416     -0.253
40.9500      -29981.382   -29989.441        8.059   323.0      0.173     -0.636     -0.248      0.025     -0.292     -0.687
41.0000      -29981.610   -29989.535        7.925   317.7      0.072     -0.181     -0.796     -0.423     -0.434     -0.073
41.0500      -29981.447   -29989.346        7.899   316.6     -1.029     -0.109      0.286      0.198      0.317     -0.487
41.1000      -29981.025   -29989.146        8.121   325.5      0.101      0.137      0.321     -0.219     -0.132      0.401
41.1500      -29980.717   -29988.811        8.093   324.4      0.551     -0.225      0.995      0.381     -0.349      0.397
41.2000      -29981.147   -29988.393        7.246   290.5     -0.247     -0.198     -0.219     -0.413     -0.266     -0.100
41.2500      -29980.987   -29989.002        8.015   321.3     -0.846      0.468     -0.582     -0.643     -0.423     -0.175
41.3000      -29981.594   -29989.176        7.582   303.9      0.271      0.225     -0.402     -0.314      0.050     -0.470
41.3500      -29981.565   -29989.305        7.740   310.2     -1.108     -0.939     -1.127     -0.075     -0.075      0.453
41.4000      -29981.310   -29989.709        8.399   336.7     -0.972     -1.147     -0.310     -0.347      0.477      0.063
41.4500      -29981.922   -29989.650        7.728   309.8     -0.331     -0.618     -0.490     -0.499     -0.043     -0.199
41.5000      -29981.442   -29989.686        8.244   330.4     -0.362     -0.251      0.474     -0.055     -0.185      0.221
41.5500      -29980.840   -29989.166        8.326   333.7     -0.391     -0.901     -0.402      0.252     -0.083     -0.056
41.6000      -29981.117   -29989.725        8.607   345.0      0.815      0.557      0.085      0.200     -0.001      0.102
41.6500      -29980.688   -29988.496        7.808   313.0     -0.834     -1.071     -0.686     -0.570     -0.349     -0.020
41.7000      -29980.449   -29989.754        9.305   373.0     -0.534     -0.607     -0.079      0.312     -0.019      0.327
41.7500      -29980.021   -29988.527        8.506   341.0     -0.915     -0.083     -0.484     -0.240      0.202     -0.553
41.8000      -29979.728   -29988.340        8.612   345.2      0.155      0.359      0.254      0.463     -0.533      0.455
41.8500      -29980.277   -29988.959        8.682   348.0     -0.181     -0.641     -0.325     -0.026     -0.263     -0.027
41.9000      -29980.102   -29988.938        8.835   354.2     -0.037     -0.466     -1.379      0.256      0.056      0.698
41.9500      -29979.737   -29988.680        8.942   358.5     -0.526     -0.190     -0.362     -0.319     -0.508     -0.182
42.0000      -29979.120   -29988.463        9.343   374.5     -0.058     -0.453     -0.424     -0.421     -0.017     -0.770
42.0500      -29979.348   -29988.115        8.767   351.4     -0.378     -0.071     -0.242      0.208     -0.153      0.134
42.1000      -29979.575   -29988.127        8.552   342.8     -0.366     -0.432     -0.859      0.117     -0.069      0.046
42.1500      -29979.722   -29988.430        8.708   349.0      0.105      0.202     -0.193      0.491      0.262     -0.431
42.2000      -29979.001   -29987.973        8.971   359.6     -0.539     -0.144      0.260     -0.082     -0.137     -0.128
42.2500      -29979.015   -29987.770        8.755   350.9     -0.877     -0.325     -1.085      0.194     -0.068      0.113
42.3000      -29978.808   -29988.004        9.196   368.6      0.082     -0.454     -0.972     -0.429      0.607     -0.191
42.3500      -29979.354   -29988.426        9.072   363.6     -0.782      0.346     -0.667      0.201      0.294     -0.448
42.4000      -29979.319   -29988.662        9.343   374.5      0.239      0.128     -0.328      0.214      0.233     -0.351
42.4500      -29979.571   -29988.236        8.666   347.4     -0.920     -0.698     -1.180     -0.347      0.087      0.299
42.5000      -29979.776   -29988.094        8.317   333.4     -1.115     -0.998     -0.674      0.117     -0.086     -0.218
42.5500      -29979.964   -29988.785        8.821   353.6      0.056      0.215     -0.670     -0.545     -0.221     -0.260
42.6000      -29980.454   -29989.043        8.589   344.3      0.116     -0.361      0.204      0.031     -0.262      0.099
42.6500      -29980.576   -29989.764        9.188   368.3      0.659      0.375      0.712     -0.001      0.222     -0.532
42.7000      -29980.194   -29988.775        8.582   344.0     -1.139     -0.741     -0.288     -0.108     -0.263      0.154
42.7500      -29980.217   -29988.924        8.706   349.0     -0.145      1.064      0.070      0.177     -0.231     -0.231
42.8000      -29980.719   -29988.855        8.136   326.1     -0.219      0.650     -0.866      0.548     -0.325     -0.692
42.8500      -29980.684   -29988.797        8.113   325.2     -0.536     -0.853     -0.111     -0.054      0.343      0.683
42.9000      -29980.895   -29989.096        8.201   328.7     -0.333     -0.539     -0.274      0.458     -0.165     -0.520
42.9500      -29981.886   -29989.682        7.796   312.5      0.186      0.521      0.587     -0.041      0.073      0.150
43.0000      -29981.446   -29988.902        7.457   298.9     -1.075      0.031     -0.086     -0.338      0.324      0.165
43.0500      -29980.708   -29988.732        8.024   321.6      0.521      0.193     -0.083      0.216     -0.398      0.685
43.1000      -29981.016   -29989.279        8.264   331.3     -0.303     -0.243     -0.984     -0.000      0.161      0.283
43.1500      -29980.740   -29988.789        8.049   322.6     -0.368     -0.114      0.033      0.494     -0.122      0.040
43.2000      -29980.975   -29989.498        8.523   341.6     -0.310     -0.470     -0.373     -0.290      0.250     -0.056
43.2500      -29980.788   -29988.936        8.147   326.6     -0.922     -0.622     -0.734      0.605      0.074      0.082
43.3000      -29980.853   -29988.416        7.563   303.2     -0.462     -0.808     -0.956      0.604     -0.010      0.161
43.3500      -29980.809   -29988.393        7.583   304.0     -0.406     -0.260     -0.404     -0.376     -0.037     -0.371
43.4000      -29980.256   -29988.490        8.235   330.1     -0.737     -1.410      0.229     -0.232      0.433      0.570
43.4500      -29980.346   -29988.953        8.607   345.0     -0.276     -0.652      0.181      0.223     -0.597      0.177
43.5000      -29980.369   -29989.051        8.681   348.0     -0.099     -1.023     -0.589      0.606      0.049     -0.333
43.5500      -29980.207   -29988.750        8.543   342.5     -0.669     -0.977     -1.185     -0.143     -0.198      0.815
43.6000      -29979.654   -29988.217        8.563   343.2     -0.411     -0.931     -1.076      0.162      0.138      0.471
43.6500      -29980.142   -29988.439        8.297   332.6     -0.225     -0.064      0.066      0.349     -0.034     -0.148
43.7000      -29979.728   -29988.826        9.098   364.7     -0.354     -0.071      0.086     -0.050      0.007     -0.137
43.7500      -29979.990   -29987.918        7.928   317.8      1.160      0.849      0.157      0.401     -0.017      0.075
43.8000      -29979.533   -29988.258        8.725   349.7     -0.076     -1.086      0.275      0.137      0.175      0.351
43.8500      -29979.667   -29988.945        9.279   371.9      0.368     -0.823      0.344      0.033      0.209     -0.432
43.9000      -29980.112   -29988.354        8.241   330.3     -0.290     -1.275     -0.676     -0.296      0.126     -0.351
43.9500      -29980.375   -29989.004        8.629   345.9     -0.056     -0.958     -1.812      0.303      0.423      0.410
44.0000      -29980.884   -29988.461        7.577   303.7     -1.312     -0.448     -0.470     -0.411     -0.155      1.008
44.0500      -29980.372   -29988.258        7.886   316.1      0.570      0.576     -0.485     -0.093      0.269      0.428
44.1000      -29980.406   -29988.668        8.262   331.2     -0.063     -0.330     -0.226      0.058     -0.007      0.192
44.1500      -29980.165   -29988.361        8.197   328.6     -0.255     -0.191     -0.590     -0.346     -0.100     -0.585
44.2000      -29980.486   -29988.119        7.633   306.0     -0.769     -0.943     -0.236     -0.060      0.265      0.227
44.2500      -29980.631   -29988.719        8.087   324.2     -0.367     -0.062      0.516      0.028     -0.075     -0.080
44.3000      -29980.986   -29988.658        7.673   307.6      1.138     -0.212      0.213     -0.193      0.182     -0.089
44.3500      -29980.770   -29988.721        7.951   318.7      0.509     -0.281     -0.424      0.069     -0.190      0.051
44.4000      -29980.445   -29988.863        8.418   337.4     -0.825     -0.306      0.088      0.659     -0.021     -0.176
44.4500      -29980.758   -29988.963        8.205   328.9     -0.308     -0.204     -0.464     -0.004     -0.138      0.217
44.5000      -29981.111   -29988.637        7.526   301.7     -0.130     -0.801     -1.458     -0.383      0.230      0.215
44.5500      -29980.731   -29989.199        8.468   339.4     -1.084     -0.867     -0.294      0.315      0.632      0.042
44.6000      -29981.019   -29988.793        7.774   311.6      0.129     -0.014      0.015     -0.284      0.093      0.090
44.6500      -29980.844   -29988.428        7.584   304.0     -0.976     -0.092     -0.655     -0.019     -0.157      0.164
44.7000      -29980.382   -29988.861        8.479   339.9     -0.844     -0.663     -0.011     -0.513     -0.530     -0.005
44.7500      -29979.849   -29987.850        8.000   320.7      0.107     -0.301      0.177      0.082      0.145     -0.275
44.8000      -29979.601   -29988.328        8.727   349.8      0.830      0.466     -0.388      0.109     -0.153      0.240
44.8500      -29979.760   -29988.449        8.690   348.3     -0.488     -0.529     -0.836      0.075      0.159     -0.308
44.9000      -29979.752   -29987.744        7.992   320.4      0.169      0.191      0.189     -0.075      0.425      0.199
44.9500      -29980.165   -29988.357        8.193   328.4      0.067     -0.868     -0.118     -0.059     -0.134     -0.585
45.0000      -29979.447   -29987.738        8.291   332.4     -1.630      0.169     -0.226      0.592      0.068     -0.085
45.0500      -29979.643   -29988.688        9.044   362.5     -0.410     -2.041     -0.969      0.365     -0.378      0.078
45.1000      -29979.356   -29988.115        8.760   351.1      0.120     -0.425     -0.002     -0.477      0.073     -0.185
45.1500      -29979.547   -29987.959        8.412   337.2     -0.505      0.235      0.200      0.488      0.023      0.447
45.2000      -29980.232   -29988.328        8.096   324.5     -0.637     -0.552     -0.800     -0.374     -0.186     -0.037
45.2500      -29980.189   -29988.926        8.737   350.2     -0.336     -0.460     -0.470     -0.416     -0.256      0.123
45.3000      -29979.766   -29988.334        8.568   343.4     -0.777     -0.144     -0.170     -0.155      0.422      0.352
45.3500      -29979.778   -29987.844        8.065   323.3     -0.057      0.240     -0.812      0.052     -0.204      0.100
45.4000      -29979.824   -29987.938        8.114   325.2      0.008      0.360      0.561      0.401      0.081     -0.164
45.4500      -29979.435   -29987.682        8.246   330.5     -0.079      0.564      0.515      0.054     -0.155      0.173
45.5000      -29979.131   -29988.332        9.201   368.8     -0.442     -0.263      0.571      0.156      0.421     -0.332
45.5500      -29978.783   -29987.355        8.573   343.6      0.506      0.358     -1.618      0.500     -0.204      0.360
45.6000      -29978.870   -29988.270        9.400   376.8     -0.477     -1.063     -0.037      0.546     -0.179     -0.445
45.6500      -29978.813   -29988.389        9.576   383.8      1.211      0.211     -0.526      0.106     -0.117      0.381
45.7000      -29978.896   -29988.293        9.397   376.7     -0.478     -0.615     -0.244      0.304     -0.432     -0.298
45.7500      -29978.732   -29987.812        9.081   364.0     -0.288     -1.632     -0.859     -0.546      0.057     -0.044
45.8000      -29979.241   -29988.010        8.769   351.5      0.070     -0.525      0.026     -0.033     -0.340      0.074
45.8500      -29979.533   -29988.451        8.918   357.5      0.671     -0.067     -0.878      0.484     -0.204      0.561
45.9000      -29979.321   -29988.164        8.843   354.5     -0.083     -0.442     -0.906      0.307      0.555     -0.100
45.9500      -29979.483   -29987.699        8.216   329.4     -0.690     -0.278      0.297      0.138     -0.917      0.118
46.0000      -29979.291   -29988.480        9.189   368.3     -0.342      0.309      0.206     -0.307      0.040     -0.479
46.0500      -29979.185   -29988.225        9.040   362.4     -0.047      0.140      0.397     -0.242      0.420     -0.332
46.1000      -29979.822   -29988.627        8.805   352.9     -0.866     -0.691     -0.381     -0.226     -0.728     -0.065
46.1500      -29979.747   -29988.375        8.628   345.8     -1.062     -0.945     -0.637     -0.042     -0.458      0.521
46.2000      -29979.754   -29987.980        8.227   329.8     -0.872     -0.667     -0.589     -0.454      0.147     -0.014
46.2500      -29980.177   -29988.316        8.140   326.3     -0.460      0.141     -0.651      0.031      0.135      0.224
46.3000      -29980.579   -29988.826        8.248   330.6     -0.751     -0.734     -0.781     -0.215     -0.032     -0.314
46.3500      -29980.485   -29988.248        7.763   311.2      0.119      0.191     -0.582      0.468     -0.134      0.708
46.4000      -29980.863   -29989.100        8.237   330.2      0.190     -0.592     -1.107     -0.692      0.375     -0.429
46.4500      -29981.028   -29989.258        8.230   329.9     -0.833     -0.280     -0.367     -0.307      0.062     -0.341
46.5000      -29981.034   -29989.045        8.011   321.1     -0.044     -0.815     -0.458     -0.032     -0.048      0.013
46.5500      -29981.374   -29989.736        8.362   335.2     -0.723     -0.185     -0.530      0.031     -0.072      0.343
46.6000      -29982.154   -29989.584        7.430   297.8     -0.921     -0.102     -0.011     -0.225      0.141      0.198
46.6500      -29981.763   -29989.277        7.514   301.2     -0.846     -0.764     -0.600      0.465      0.288     -0.151
46.7000      -29982.164   -29989.672        7.508   300.9     -1.114     -0.303     -1.063      0.160      0.484      0.065
46.7500      -29982.443   -29989.912        7.469   299.4     -0.460     -0.544     -0.916     -0.741      0.258      0.271
46.8000      -29981.845   -29989.982        8.137   326.2     -0.666     -0.223     -0.437      0.234      0.233      0.099
46.8500      -29982.016   -29990.010        7.993   320.4      0.289      0.193     -0.131      0.264      0.563      0.202
46.9000      -29982.325   -29990.025        7.700   308.7      0.321      0.228      0.388     -0.242     -0.307      0.001
46.9500      -29982.347   -29989.996        7.650   306.6      0.542     -0.631     -0.198      0.368     -0.022     -0.094
47.0000      -29982.263   -29989.463        7.200   288.6     -0.008      0.065      0.002     -0.285     -0.082      0.203
47.0500      -29981.888   -29990.562        8.675   347.7     -0.192      0.296      0.014     -0.043     -0.078     -0.205
47.1000      -29981.700   -29989.791        8.091   324.3     -0.538     -1.303     -0.317      0.099     -0.288      0.096
47.1500      -29981.097   -29989.037        7.941   318.3     -0.733      0.282     -0.322      0.315     -0.065     -0.135
47.2000      -29981.512   -29988.980        7.468   299.4      0.041      0.419      0.708     -0.343      0.760     -0.185
47.2500      -29981.312   -29988.684        7.372   295.5     -0.421      0.387     -0.053     -0.350     -0.069     -0.352
47.3000      -29981.834   -29989.182        7.348   294.5     -0.132     -0.366     -0.491      0.081      0.254      0.363
47.3500      -29981.738   -29989.062        7.324   293.6     -0.081     -0.325     -0.468      0.187      0.026      0.685
47.4000      -29981.654   -29988.682        7.028   281.7     -0.969     -0.417     -0.236      0.154     -0.681     -0.063
47.4500      -29981.536   -29988.994        7.458   299.0     -0.480     -1.081     -0.082      0.240      0.095      0.083
47.5000      -29981.246   -29988.711        7.465   299.2      0.247      0.161      0.493     -0.249     -0.252      0.251
47.5500      -29980.839   -29988.586        7.747   310.5      0.006      0.472     -0.283      0.113      0.190     -0.244
47.6000      -29980.727   -29988.896        8.169   327.5      0.253     -0.492     -0.398      0.114      0.267      0.070
47.6500      -29980.609   -29988.389        7.780   311.9     -0.558      0.219     -0.028     -0.368      0.223     -0.045
47.7000      -29980.156   -29987.562        7.407   296.9     -1.335     -0.466     -0.133      0.286      0.209     -0.374
47.7500      -29979.900   -29988.023        8.123   325.6     -0.399     -0.477     -0.300      0.639     -0.348     -0.252
47.8000      -29980.171   -29988.203        8.032   322.0     -0.601     -0.781     -0.836     -0.075      0.040      0.020
47.8500      -29980.117   -29989.314        9.198   368.7     -0.737     -1.468     -0.527      0.072     -0.294      0.127
47.9000      -29981.144   -29988.799        7.655   306.8     -0.533     -0.608     -0.368      0.264      0.000      0.453
47.9500      -29980.940   -29988.734        7.795   312.4     -0.532     -0.342      0.070      0.051     -0.007     -0.286
48.0000      -29980.010   -29988.324        8.314   333.3     -0.766      0.096     -0.597      0.363     -0.481     -0.475
48.0500      -29980.188   -29988.963        8.775   351.8     -0.351      0.738      0.724     -0.076      0.320     -0.411
48.1000      -29979.551   -29989.363        9.812   393.3      0.014      0.219      0.332      0.006     -0.288      0.371
48.1500      -29979.847   -29988.039        8.192   328.4     -0.710     -0.411     -0.638      0.208     -0.126     -0.288
48.2000      -29980.077   -29988.541        8.464   339.3     -0.205      0.115     -0.120     -0.046     -0.069      0.208
48.2500      -29979.812   -29988.248        8.436   338.2      0.394      0.732     -0.184     -0.165     -0.631     -0.116
48.3000      -29980.215   -29988.824        8.609   345.1     -0.044     -0.547      0.725     -0.413      0.144      0.228
48.3500      -29980.261   -29988.732        8.471   339.6      0.661     -0.169      0.009      0.020      0.657      0.248
48.4000      -29980.860   -29988.627        7.767   311.3     -0.355     -0.442     -1.132      0.011     -0.251      0.136
48.4500      -29981.365   -29988.822        7.457   298.9     -1.071     -1.104     -0.819     -0.183     -0.583     -0.530
48.5000      -29981.436   -29989.449        8.013   321.2     -0.127      0.222     -0.131     -0.070      0.029     -0.011
48.5500      -29981.081   -29989.230        8.149   326.7     -0.690      0.029     -0.397     -0.067     -0.459      0.080
48.6000      -29981.265   -29988.830        7.565   303.3      0.562      0.195     -0.370     -0.047     -0.426     -0.212
48.6500      -29980.857   -29988.971        8.113   325.2      0.247      0.519      0.275     -0.192     -0.391      0.201
48.7000      -29981.080   -29988.807        7.727   309.7      0.346      0.814     -0.006      0.048      0.227      0.969
48.7500      -29980.613   -29988.539        7.926   317.7     -0.281      0.600      0.366     -0.102     -0.662      0.012
48.8000      -29980.823   -29988.822        8.000   320.7      0.059      0.079     -0.509      0.032     -0.073      0.114
48.8500      -29980.984   -29989.428        8.443   338.4     -0.094      0.499      0.913      0.155      0.368     -0.709
48.9000      -29980.449   -29989.023        8.574   343.7      0.192     -0.695     -0.257      0.473     -0.482      0.340
48.9500      -29980.798   -29988.582        7.784   312.0     -0.924     -0.226     -0.203     -0.863      0.212      0.289
49.0000      -29980.678   -29988.945        8.267   331.4     -0.306     -0.725     -0.796      0.598      0.168      0.140
49.0500      -29980.638   -29989.172        8.534   342.1     -1.187     -0.749     -0.412     -0.058     -0.920      0.210
49.1000      -29980.727   -29988.336        7.609   305.0     -0.592     -0.458     -0.636     -0.069      0.274     -0.001
49.1500      -29979.731   -29988.197        8.467   339.4     -1.093     -0.570     -1.013     -0.199     -0.337     -0.377
49.2000      -29979.642   -29989.031        9.390   376.4     -1.015     -1.188     -0.438      0.049      0.253      0.054
49.2500      -29979.995   -29988.391        8.396   336.6      0.515     -0.107      0.155      0.046      0.183     -0.307
49.3000      -29980.580   -29989.018        8.437   338.2     -0.489     -0.218     -0.773     -0.218     -0.064     -0.040
49.3500      -29980.687   -29988.504        7.817   313.3      0.404     -0.620      0.101      0.153      0.415     -0.011
49.4000      -29980.589   -29988.451        7.862   315.2     -0.975     -0.199     -0.588     -0.421     -0.251      0.526
49.4500      -29980.433   -29989.295        8.862   355.2      0.064     -0.179      0.214     -0.382      0.377     -0.166
49.5000      -29979.961   -29989.178        9.217   369.4     -0.033      0.743     -0.033     -0.017      0.088     -0.091
49.5500      -29980.285   -29988.307        8.021   321.5      0.877     -0.218     -0.202     -0.043      0.034     -0.211
49.6000      -29980.152   -29988.436        8.284   332.0     -0.505      0.575      0.919     -0.086     -0.114     -0.184
49.6500      -29980.824   -29988.979        8.155   326.9      0.650      0.020      0.230     -0.221      0.156     -0.445
49.7000      -29981.160   -29988.766        7.606   304.9      0.705      0.036     -0.042     -0.052      0.701      0.419
49.7500      -29980.916   -29989.709        8.793   352.5     -0.672     -0.342      0.521      0.221      0.291     -0.634
49.8000      -29981.066   -29989.074        8.009   321.0      0.456      0.105      0.353      0.140     -0.245     -0.039
49.8500      -29980.388   -29989.188        8.800   352.7     -0.076     -0.529     -0.406     -0.654      0.128     -0.086
49.9000      -29980.232   -29988.080        7.848   314.6     -1.247      0.167     -0.170     -0.320     -0.312     -0.088
49.9500      -29979.766   -29988.641        8.875   355.7      0.456     -0.379      0.333      0.327      0.314      0.056
50.0000      -29979.910   -29988.430        8.520   341.5      0.154      1.227      0.394     -0.295     -0.778     -0.363
50.0500      -29979.841   -29988.279        8.438   338.2     -0.085      0.326      0.109      0.357     -0.631      0.123
50.1000      -29979.467   -29988.223        8.756   351.0      0.025      0.357     -0.046     -0.539      0.163      0.013
50.1500      -29979.483   -29988.771        9.288   372.3      0.032     -0.369     -0.048      0.030     -0.125     -0.079
50.2000      -29979.390   -29987.785        8.395   336.5     -0.222     -1.332      0.550     -0.263      0.522      0.096
50.2500      -29979.572   -29987.537        7.965   319.3      0.309      0.392     -0.640     -0.218     -0.088      0.393
50.3000      -29979.433   -29988.068        8.635   346.1     -0.710     -0.068     -0.371      0.229      0.172     -0.024
50.3500      -29979.421   -29987.898        8.477   339.8     -1.223     -0.472     -0.400      0.299     -0.005     -0.076
50.4000      -29979.920   -29988.404        8.485   340.1     -0.057      0.239      0.493      0.253     -0.216      0.063
50.4500      -29980.112   -29988.768        8.655   346.9     -0.040     -0.711     -0.944     -0.173     -0.485      0.346
50.5000      -29980.392   -29988.543        8.151   326.7      0.055     -0.117     -0.357     -0.052     -0.322      0.108
50.5500      -29980.299   -29988.809        8.509   341.1     -0.512     -0.431      0.464     -0.152      0.274     -0.359
50.6000      -29979.874   -29988.879        9.005   361.0     -0.823     -0.627     -0.564      0.235     -0.460     -0.073
50.6500      -29979.985   -29988.359        8.374   335.7      0.081      0.189      0.091      0.107     -0.158     -0.393
50.7000      -29980.315   -29988.459        8.144   326.5     -0.799      0.746      0.114      0.340      0.076     -0.334
50.7500      -29980.310   -29988.287        7.977   319.8     -0.513     -1.139     -0.136     -1.036     -0.010     -0.061
50.8000      -29980.224   -29988.152        7.929   317.8      0.746      0.482      0.273      0.138      0.163      0.124
50.8500      -29979.887   -29987.977        8.090   324.3     -0.428     -0.700     -0.729      0.057     -0.216     -0.415
50.9000      -29980.046   -29988.260        8.213   329.2     -0.147      0.270     -0.002      0.041     -0.380      0.249
50.9500      -29980.387   -29988.916        8.529   341.9     -0.856     -0.090      1.042     -0.177      0.006      0.288
51.0000      -29980.378   -29988.920        8.542   342.4      1.062      0.015      0.607     -0.010      0.066     -0.164
51.0500      -29980.021   -29988.809        8.788   352.2      0.325      1.066      0.137     -0.047     -0.586     -0.149
51.1000      -29979.921   -29988.301        8.380   335.9      0.648      0.407     -0.430      0.503     -0.250     -0.212
51.1500      -29979.982   -29987.979        7.996   320.5     -0.983     -0.964     -0.761     -0.304      0.168      0.466
51.2000      -29979.409   -29987.982        8.573   343.7      0.512      0.574      0.801      0.196     -0.474      0.168
51.2500      -29979.259   -29987.891        8.631   346.0     -0.657      0.493     -0.912     -0.247      0.001      0.636
51.3000      -29979.577   -29988.020        8.442   338.4      0.960     -0.784     -0.165     -0.330     -0.469     -0.429
51.3500      -29980.124   -29988.041        7.917   317.3     -0.470     -0.290      0.006     -0.088      0.050     -0.098
51.4000      -29979.945   -29988.479        8.533   342.0     -0.792     -0.817     -1.393     -0.381     -0.033      0.273
51.4500      -29980.532   -29989.035        8.503   340.8      0.632     -0.834      0.219      0.378     -0.355      0.298
51.5000      -29980.388   -29988.426        8.037   322.2     -0.373      0.033     -0.119      0.100      0.619     -0.077
51.5500      -29980.333   -29988.451        8.118   325.4      0.547     -0.155     -0.723      0.091      0.012      0.555
51.6000      -29980.376   -29988.580        8.204   328.8      0.432     -0.193      0.004      0.239     -0.430      0.670
51.6500      -29980.879   -29988.639        7.760   311.1     -0.354     -0.083      0.537      0.061     -0.049     -0.247
51.7000      -29981.266   -29989.395        8.129   325.8      0.132     -1.075     -0.478      0.120     -0.320     -0.292
51.7500      -29981.000   -29989.586        8.586   344.2      0.451      0.063     -0.442     -0.098     -0.041     -0.288
51.8000      -29980.950   -29989.072        8.123   325.6     -0.861     -0.550      0.059     -0.120     -0.434     -0.205
51.8500      -29980.456   -29988.463        8.007   321.0      0.191      0.283      0.528      0.293     -0.203     -0.033
51.9000      -29980.934   -29988.541        7.607   304.9      0.011     -0.914     -0.343     -0.177      0.184      0.409
51.9500      -29980.956   -29988.912        7.956   318.9      0.082     -0.338      0.054     -0.404      0.108     -0.681
52.0000      -29980.795   -29988.576        7.781   311.9      0.721      0.460      0.104      0.738     -0.286     -0.136
52.0500      -29980.870   -29988.279        7.410   297.0     -0.078     -0.027     -0.455      0.197      0.384     -0.215
52.1000      -29980.945   -29988.840        7.895   316.5      0.775      0.031      0.170     -0.037     -0.500      0.297
52.1500      -29980.666   -29988.752        8.086   324.1     -0.022      0.262      0.974     -0.218      0.025     -0.633
52.2000      -29980.247   -29988.291        8.044   322.4      0.357      1.389     -0.693      0.114      0.216     -0.305
52.2500      -29980.463   -29988.582        8.119   325.4     -0.548      0.084     -0.095      0.157      0.587     -0.048
52.3000      -29979.794   -29988.633        8.839   354.3     -0.008     -0.025      0.669      0.097      0.372     -0.174
52.3500      -29979.755   -29988.041        8.286   332.1      0.170      0.122      0.379      0.398      0.198      0.232
52.4000      -29979.183   -29988.230        9.048   362.7     -0.823     -1.114     -1.893     -0.029     -0.157     -0.176
52.4500      -29979.683   -29988.098        8.415   337.3     -1.000     -0.278      0.325     -0.121      0.504     -0.321
52.5000      -29979.873   -29988.354        8.481   340.0      0.104      0.316      0.036     -0.119      0.201     -0.422
52.5500      -29979.594   -29988.189        8.596   344.6     -0.284      0.329      0.900     -0.702      0.250     -0.084
52.6000      -29979.423   -29988.311        8.888   356.3     -0.491     -0.177     -0.449      0.642     -0.576      0.642
52.6500      -29979.943   -29988.164        8.221   329.6     -0.039      0.613      0.221     -0.221      0.051     -0.193
52.7000      -29979.670   -29987.936        8.266   331.3      0.428     -0.154     -0.847      0.105     -0.034      0.175
52.7500      -29980.184   -29988.322        8.138   326.2      0.226      0.375      0.406     -0.184      0.022      0.055
52.8000      -29979.950   -29987.959        8.009   321.0     -0.671      0.226     -0.289     -0.345      0.547     -0.256
52.8500      -29979.529   -29987.664        8.135   326.1     -0.883      0.329     -0.777     -0.198     -0.612     -0.315
52.9000      -29979.816   -29988.262        8.446   338.5     -0.634     -0.641     -0.180      0.676      0.117      0.197
52.9500      -29979.655   -29987.850        8.195   328.5      0.001     -0.257      0.191      0.023      0.305     -0.743
53.0000      -29979.875   -29987.766        7.891   316.3     -1.517     -0.073     -0.438      0.031      0.129      0.481
53.0500      -29979.682   -29987.539        7.857   315.0      0.736      0.153     -1.224      0.181     -0.296     -0.340
53.1000      -29979.860   -29987.887        8.027   321.7     -0.213      0.311     -0.491      0.084     -0.206      0.218
53.1500      -29980.060   -29988.094        8.034   322.0      0.564     -0.221     -0.428     -0.238      0.483     -0.394
53.2000      -29979.943   -29987.545        7.602   304.7      0.272     -0.471      0.524     -0.233     -0.341     -0.038
53.2500      -29979.770   -29987.381        7.611   305.1      0.091     -0.758     -0.519      0.450      0.098      0.176
53.3000      -29979.530   -29987.482        7.952   318.8      0.284     -0.298     -0.648      0.300     -0.379      0.309
53.3500      -29979.146   -29987.830        8.684   348.1      0.897      0.908     -0.261      0.310      0.211     -0.185
53.4000      -29979.097   -29987.781        8.684   348.1      0.473     -0.618      0.429      0.063     -0.066     -0.377
53.4500      -29979.400   -29987.711        8.311   333.1     -0.023     -0.558      0.635      0.040      0.011      0.113
53.5000      -29979.462   -29987.834        8.372   335.6     -0.075     -0.188     -0.519     -0.207     -0.328     -0.300
53.5500      -29979.857   -29988.186        8.328   333.8     -0.636     -0.718     -0.472      0.518     -0.576     -0.252
53.6000      -29979.805   -29988.508        8.703   348.8     -0.823     -1.143     -0.638      0.137      0.754      0.191
53.6500      -29979.829   -29988.572        8.743   350.5      0.416     -0.202     -0.238      0.132     -0.071     -0.247
53.7000      -29979.922   -29987.955        8.033   322.0     -1.005     -1.011     -1.413      0.180     -0.276     -0.350
53.7500      -29980.117   -29988.656        8.540   342.3     -0.270     -0.160      0.290     -0.091     -0.480      0.096
53.8000      -29980.449   -29989.188        8.739   350.3     -0.368     -0.393     -0.067      0.620     -0.468     -0.550
53.8500      -29980.202   -29988.426        8.224   329.6      0.075     -0.918     -1.029     -0.742      0.226      0.906
53.9000      -29980.238   -29988.641        8.403   336.8     -1.119     -0.369     -0.818     -0.030      0.104      0.239
53.9500      -29979.822   -29988.412        8.590   344.3     -0.163      0.189     -0.634     -0.102     -0.351     -0.085
54.0000      -29979.893   -29988.498        8.605   344.9     -0.449     -1.276     -0.598      0.026      0.240     -0.780
54.0500      -29980.001   -29988.697        8.696   348.6     -0.487      0.170     -0.364      0.100      0.083     -0.524
54.1000      -29980.023   -29988.123        8.100   324.7      0.517      0.006      0.395     -0.204      0.363     -0.226
54.1500      -29979.705   -29987.707        8.002   320.8     -0.510      0.490     -0.552      0.154     -0.067      0.426
54.2000      -29980.219   -29988.391        8.172   327.6     -0.197     -0.694     -0.123     -0.581     -0.510     -0.310
54.2500      -29979.885   -29988.393        8.508   341.0     -0.020     -0.482     -0.678     -0.305      0.617     -0.231
54.3000      -29980.182   -29988.834        8.652   346.8      0.308     -0.120     -0.159     -0.006     -0.175     -0.364
54.3500      -29979.838   -29987.932        8.093   324.4      0.394      1.073      0.833     -0.368      0.310      0.325
54.4000      -29980.169   -29988.445        8.276   331.8     -0.210     -0.352     -0.172     -0.183      0.158     -0.276
54.4500      -29979.935   -29987.803        7.868   315.4     -0.326     -0.610     -0.812      0.294     -0.643     -0.036
54.5000      -29979.892   -29987.855        7.963   319.2     -0.852     -0.618     -0.476     -0.175     -0.157      0.477
54.5500      -29979.693   -29987.906        8.214   329.2      0.009     -0.714     -0.606      0.452      0.168     -0.481
54.6000      -29980.205   -29988.102        7.897   316.5     -0.568     -0.027      0.186     -0.385      0.100      0.394
54.6500      -29979.253   -29987.000        7.747   310.5      0.621     -0.673      0.250      0.412     -0.044      0.707
54.7000      -29978.902   -29986.840        7.938   318.2     -0.132     -0.474     -0.624      0.124      0.169      0.079
54.7500      -29979.224   -29987.896        8.673   347.6      0.500     -0.115     -0.243     -0.553     -0.002     -0.468
54.8000      -29979.550   -29988.207        8.657   347.0     -0.395      0.245      0.036      0.259      0.086     -0.115
54.8500      -29979.654   -29988.260        8.606   345.0     -0.278      0.052      0.455     -0.158     -0.267     -0.068
54.9000      -29979.244   -29987.947        8.703   348.9     -0.321      0.391     -0.142      0.058     -0.129     -0.173
54.9500      -29979.749   -29987.703        7.954   318.8     -0.465      0.053      0.327      0.395     -0.326     -0.147
55.0000      -29979.537   -29988.061        8.523   341.7      0.520      0.418     -0.375     -0.314     -0.345      0.069
55.0500      -29979.094   -29987.424        8.330   333.9      0.051     -0.425     -0.783      0.223      0.172     -0.552
55.1000      -29979.016   -29988.465        9.449   378.8      0.159      0.847     -0.192     -0.981      0.545      0.589
55.1500      -29979.643   -29988.291        8.648   346.7     -0.011     -0.229     -0.206      0.181      0.184      0.778
55.2000      -29980.528   -29989.975        9.446   378.7     -1.105      0.115     -0.553     -0.065     -0.085     -0.665
55.2500      -29980.766   -29989.342        8.576   343.8     -0.772     -1.803     -1.023      0.170     -0.265      0.604
55.3000      -29980.644   -29989.080        8.436   338.2     -0.596     -0.427     -0.318     -0.477     -0.144      0.161
55.3500      -29980.324   -29988.580        8.256   330.9     -0.504      0.153      0.387     -0.186      0.091     -0.341
55.4000      -29980.286   -29988.285        7.999   320.6     -0.055     -0.112     -0.074      0.624      0.295      0.530
55.4500      -29980.202   -29988.441        8.240   330.3      0.207     -0.099     -0.059     -0.456      0.058     -0.418
55.5000      -29979.916   -29988.367        8.451   338.8     -0.665     -0.450     -0.055      0.815      0.011      0.179
55.5500      -29980.304   -29988.598        8.294   332.4     -0.330     -1.389     -0.783     -0.368     -0.400      0.225
55.6000      -29979.570   -29987.742        8.172   327.6     -0.616     -0.751     -0.295      0.309     -0.190     -0.283
55.6500      -29979.817   -29988.020        8.203   328.8     -0.622     -0.961     -0.401     -0.295     -0.090      0.566
55.7000      -29979.980   -29988.316        8.337   334.2     -0.938     -0.699      0.430     -0.570     -0.526     -0.604
55.7500      -29979.788   -29988.398        8.611   345.2      0.005     -0.254     -0.429     -0.102      0.447      0.005
55.8000      -29979.650   -29987.881        8.231   329.9     -0.234     -0.917     -0.160      0.232      0.165      0.231
55.8500      -29980.501   -29989.221        8.720   349.5     -0.584      0.209     -0.725      0.287     -0.057     -0.316
55.9000      -29980.870   -29988.885        8.015   321.3      0.424     -0.952     -0.657      0.128      0.432     -0.287
55.9500      -29980.917   -29988.865        7.948   318.6     -1.460     -0.401     -0.078     -0.563      0.105      0.441
56.0000      -29980.968   -29988.895        7.927   317.7      0.333     -0.614     -0.607     -0.160     -0.300     -0.250
56.0500      -29980.538   -29989.008        8.470   339.5     -0.950     -1.012     -0.447      0.393     -0.057      0.428
56.1000      -29980.333   -29988.943        8.610   345.1      0.410     -0.125     -0.399     -0.422      0.009     -0.266
56.1500      -29980.367   -29988.324        7.957   318.9     -1.004     -1.467     -0.819      0.017     -0.217      0.595
56.2000      -29980.440   -29988.969        8.528   341.9     -0.662     -0.296     -0.424      0.069      0.182     -0.286
56.2500      -29981.039   -29988.885        7.845   314.5      0.159     -0.692     -1.045      0.275     -0.007      0.089
56.3000      -29980.495   -29988.668        8.173   327.6      0.210     -1.061     -0.077     -0.571     -0.232      0.143
56.3500      -29980.089   -29988.584        8.495   340.5     -0.769     -0.595     -1.267      0.146      0.238     -0.471
56.4000      -29979.798   -29988.408        8.610   345.1     -0.148      0.852      0.205     -0.273      0.124      0.130
56.4500      -29979.822   -29987.982        8.161   327.1      0.556      0.682     -0.178     -0.025     -0.046      0.035
56.5000      -29980.407   -29988.578        8.171   327.5     -0.644     -0.155     -0.992      0.237      0.242      0.006
56.5500      -29980.022   -29988.396        8.375   335.7     -0.427     -0.466      0.197     -0.246     -0.067     -0.389
56.6000      -29980.210   -29988.752        8.542   342.4     -0.036     -0.408     -0.424     -0.022      0.090     -0.015
56.6500      -29980.459   -29988.686        8.226   329.7     -0.839     -0.699     -0.113      0.497      0.156     -0.293
56.7000      -29980.139   -29987.961        7.822   313.5      0.097      0.201      0.001      0.135      0.033      0.527
56.7500      -29980.199   -29988.324        8.125   325.7     -0.528     -0.413      0.083     -0.331      0.350      0.048
56.8000      -29980.634   -29988.260        7.626   305.7     -0.107     -0.610     -0.139      0.474     -0.591     -0.368
56.8500      -29980.118   -29988.598        8.480   339.9     -0.219      0.431     -0.327     -0.068     -0.271      0.378
56.9000      -29979.781   -29988.395        8.613   345.3      0.531      0.350     -0.377      0.355      0.057     -0.023
56.9500      -29980.403   -29988.619        8.216   329.3     -0.014     -0.020      0.788      0.340     -0.016     -0.114
57.0000      -29980.308   -29988.463        8.155   326.9     -0.438      0.190     -0.602     -0.271      0.217     -0.000
57.0500      -29979.674   -29988.283        8.610   345.1     -1.327     -0.383     -0.407     -0.133     -0.519      0.251
57.1000      -29979.639   -29987.986        8.347   334.6     -0.782     -0.456     -0.542     -0.114      0.109     -0.500
57.1500      -29979.984   -29988.332        8.348   334.6      0.007     -0.351      0.447     -0.168     -0.041     -0.529
57.2000      -29980.063   -29988.215        8.152   326.8     -0.906     -0.418      0.241      0.084     -0.252      0.075
57.2500      -29979.717   -29987.816        8.099   324.7      0.076     -0.591     -0.282     -0.374     -0.459      0.106
57.3000      -29979.738   -29988.217        8.479   339.9     -0.548     -1.003     -0.942     -0.369     -0.043     -0.566
57.3500      -29979.669   -29988.543        8.874   355.7     -0.532      0.227     -0.833     -0.480     -0.132     -0.097
57.4000      -29979.470   -29987.697        8.228   329.8     -0.870     -0.013     -0.691      0.755     -0.419     -0.053
57.4500      -29979.865   -29988.156        8.291   332.3     -0.381     -0.406     -0.847     -0.356      0.530     -0.231
57.5000      -29979.979   -29988.129        8.150   326.7     -0.135     -0.751     -0.259      0.357      0.190      0.034
57.5500      -29979.765   -29988.387        8.622   345.6     -0.555     -1.027     -1.527      0.140     -0.095     -0.442
57.6000      -29980.156   -29988.357        8.202   328.8      0.169     -0.992     -0.413      0.233      0.412     -0.260
57.6500      -29979.719   -29987.787        8.068   323.4     -0.010     -0.308      0.067     -0.133     -0.026      0.394
57.7000      -29979.495   -29988.045        8.549   342.7     -0.277     -1.040     -0.426      0.023      0.275     -0.197
57.7500      -29979.690   -29988.141        8.451   338.7      0.211     -0.109      0.012      0.082      0.026     -0.222
57.8000      -29979.561   -29987.717        8.155   326.9     -0.429      0.158     -0.110      0.295     -0.009     -0.416
57.8500      -29979.169   -29988.287        9.118   365.5      0.030      0.040      0.226      0.407      0.231     -0.128
57.9000      -29979.640   -29988.262        8.622   345.6     -1.232     -0.706      0.215      0.095     -0.226     -0.173
57.9500      -29979.904   -29988.689        8.786   352.2      0.108     -1.322     -1.092      0.261     -0.457      0.100
58.0000      -29979.983   -29988.188        8.204   328.9     -0.393      0.099     -0.548      0.183     -0.152      0.117
58.0500      -29979.678   -29987.818        8.141   326.3     -0.684     -0.970      0.721     -0.201     -0.201     -0.186
58.1000      -29979.305   -29987.789        8.484   340.1      0.068      0.510      0.469      0.132     -0.374     -0.029
58.1500      -29979.671   -29987.939        8.268   331.4     -0.045     -0.766      0.293      0.150      0.043     -0.371
58.2000      -29979.751   -29988.047        8.296   332.5      0.353     -0.481     -0.852      0.150     -0.626     -0.133
58.2500      -29979.964   -29988.586        8.622   345.6     -1.105     -0.740     -1.156     -0.413     -0.201     -0.141
58.3000      -29980.221   -29988.611        8.390   336.3     -0.941     -1.010     -0.436      0.334     -0.203     -0.507
58.3500      -29980.003   -29988.586        8.583   344.0     -0.804      0.030      0.030     -0.271      0.156     -0.196
58.4000      -29979.089   -29988.666        9.577   383.9      0.195     -0.028      0.532      0.010      0.196      0.129
58.4500      -29979.494   -29988.096        8.602   344.8     -0.398      0.354     -0.110      0.131      0.034     -0.945
58.5000      -29979.788   -29987.381        7.593   304.4     -0.742     -0.407     -0.831      0.047      0.173     -0.265
58.5500      -29979.547   -29988.090        8.543   342.4      0.541      0.344     -0.227     -0.062     -0.228      0.050
58.6000      -29979.390   -29988.072        8.682   348.0      0.331     -0.063     -0.021      0.278     -0.218     -0.232
58.6500      -29978.923   -29987.844        8.921   357.6     -0.326      0.495      0.094      0.563      0.422     -0.259
58.7000      -29979.557   -29987.385        7.828   313.8      0.234      0.484      0.355      0.404      0.144      0.395
58.7500      -29980.025   -29987.779        7.755   310.8      0.538     -0.932      0.241     -0.134     -0.138     -0.573
58.8000      -29980.052   -29987.803        7.751   310.7     -0.672     -0.899     -1.036      0.020     -0.235      0.032
58.8500      -29980.304   -29988.656        8.352   334.8      0.027      0.232     -0.748      0.238      0.424     -0.158
58.9000      -29980.227   -29988.195        7.969   319.4     -0.951     -2.342     -0.685     -0.097      0.232      0.568
58.9500      -29980.153   -29988.078        7.925   317.7     -0.449      0.049     -0.309      0.380      0.358      0.401
59.0000      -29980.153   -29987.908        7.755   310.9     -0.468     -0.274     -1.224      0.330      0.030     -0.602
59.0500      -29980.022   -29988.396        8.375   335.7     -0.564     -0.076     -0.734      0.116      0.142      0.416
59.1000      -29980.332   -29988.537        8.205   328.9     -1.138     -0.242     -1.126      0.035     -0.069     -0.061
59.1500      -29980.429   -29988.787        8.358   335.0      0.895      0.117     -0.620     -0.060      0.204     -0.115
59.2000      -29979.882   -29988.424        8.542   342.4     -0.267      0.239     -0.106     -0.279      0.150      0.015
59.2500      -29979.564   -29988.326        8.762   351.2     -0.703     -0.661     -0.251     -0.234     -0.029      0.081
59.3000      -29980.449   -29988.223        7.773   311.6     -0.605      0.187     -0.072     -0.352      0.212     -0.451
59.3500      -29980.565   -29988.322        7.757   310.9      0.173     -0.116     -0.789      0.461     -0.353      0.009
59.4000      -29980.430   -29989.223        8.792   352.4     -1.157     -0.753     -0.307      0.065     -0.420     -0.719
59.4500      -29980.454   -29988.648        8.194   328.5     -0.041     -0.015     -0.318     -0.159     -0.174     -0.032
59.5000      -29980.117   -29988.811        8.693   348.5     -0.010     -0.427     -0.016      0.117     -0.028     -0.540
59.5500      -29980.477   -29988.520        8.042   322.4     -0.937      0.619      0.238     -0.001     -0.613      0.623
59.6000      -29980.533   -29988.902        8.370   335.5      0.270     -0.092     -0.331     -0.379      0.344     -0.410
59.6500      -29980.351   -29988.531        8.180   327.9     -0.642      0.119     -0.044      0.278      0.180     -0.720
59.7000      -29980.504   -29988.326        7.822   313.5      0.037     -1.008     -0.012      0.249     -0.216      0.015
59.7500      -29980.174   -29988.801        8.627   345.8     -1.624     -0.556     -0.023     -0.466     -0.273     -0.246
59.8000      -29980.079   -29987.857        7.778   311.8     -0.710     -0.466      0.849      0.151     -0.291     -0.362
59.8500      -29980.554   -29988.338        7.784   312.0      0.411      0.007     -0.692      0.258     -0.525     -0.268
59.9000      -29980.579   -29989.098        8.518   341.5     -0.989     -0.592     -0.330     -0.328      0.217     -0.360
59.9500      -29980.682   -29988.984        8.303   332.8     -0.739      0.232     -0.128      0.305      0.673      0.078
60.0000      -29980.565   -29988.559        7.994   320.4     -0.306     -0.134     -0.389     -0.022     -0.115      0.148
60.0500      -29980.429   -29988.705        8.276   331.7     -0.338     -0.260     -0.701     -0.342     -0.122     -0.374
60.1000      -29980.370   -29989.100        8.729   349.9      0.211     -0.191      1.059      0.599      0.030      0.540
60.1500      -29980.479   -29989.490        9.011   361.2      0.408      0.789     -0.177     -0.623     -0.510     -0.201
60.2000      -29980.673   -29988.525        7.852   314.7      0.875      0.227      0.499     -0.148      0.325     -0.226
60.2500      -29980.723   -29988.721        7.998   320.6      0.164      0.408      0.540      0.536     -0.157     -0.456
60.3000      -29980.974   -29989.123        8.149   326.6      0.474     -1.482     -0.257      0.335     -0.205      0.212
60.3500      -29981.069   -29988.557        7.488   300.1      0.982     -0.806      0.379     -0.216      0.012     -0.620
60.4000      -29981.645   -29989.285        7.640   306.2      0.950      0.263      0.121      0.313     -0.142      0.331
60.4500      -29980.948   -29988.914        7.966   319.3     -0.238      0.011     -0.610     -0.467     -0.149     -0.356
60.5000      -29981.421   -29989.365        7.944   318.4      0.108      0.120     -0.197     -0.129     -0.272      0.047
60.5500      -29981.549   -29989.404        7.855   314.9      0.353     -0.339     -0.178     -0.183      0.094     -0.161
60.6000      -29982.076   -29989.381        7.305   292.8      0.006     -0.162      0.205      0.309      0.067     -0.188
60.6500      -29981.628   -29989.215        7.587   304.1     -1.384     -0.256     -0.537     -0.520     -0.234      0.316
60.7000      -29981.913   -29989.111        7.198   288.5      0.328     -0.779      0.501     -0.008      0.182      0.132
60.7500      -29981.588   -29989.682        8.093   324.4     -0.333      0.352     -0.372      0.487     -0.774     -0.147
60.8000      -29981.805   -29989.285        7.480   299.8      0.218     -0.038     -0.418     -0.398     -0.526     -0.591
60.8500      -29981.251   -29989.748        8.497   340.6      0.309      0.773     -0.379     -0.685      0.016      0.490
60.9000      -29981.091   -29989.566        8.475   339.7     -0.527     -1.169     -1.141     -0.241     -0.057      0.369
60.9500      -29980.996   -29989.541        8.545   342.5     -0.802     -0.753     -0.761     -0.247     -0.354     -0.566
61.0000      -29981.009   -29988.848        7.839   314.2     -0.733      0.577     -0.640      0.395      0.012     -0.456
61.0500      -29981.025   -29988.967        7.942   318.3     -0.392      0.073     -0.305      0.325     -0.129     -0.797
61.1000      -29980.807   -29989.006        8.199   328.7     -0.147     -0.191     -0.270     -0.233     -0.395      0.153
61.1500      -29980.527   -29989.314        8.787   352.2     -0.114     -0.325     -1.053     -0.207     -0.438     -0.193
61.2000      -29980.347   -29989.135        8.788   352.3     -0.464      0.022      0.371     -0.074     -0.179     -0.058
61.2500      -29980.855   -29989.424        8.569   343.5     -0.613      0.050     -0.511      0.255     -0.346     -0.152
61.3000      -29980.837   -29989.588        8.751   350.8     -0.584     -1.386     -0.856     -0.313      0.170      0.572
61.3500      -29981.173   -29989.551        8.377   335.8     -0.804      0.052     -0.221      0.271      0.006     -0.720
61.4000      -29980.953   -29989.086        8.133   326.0      0.229      0.439      0.602     -0.243     -0.081      0.524
61.4500      -29980.808   -29989.252        8.444   338.5     -0.814     -0.168      0.138      0.448     -0.160     -0.245
61.5000      -29980.644   -29989.369        8.725   349.8      0.045      0.093     -0.409     -0.181     -0.574      0.061
61.5500      -29980.776   -29988.969        8.193   328.4     -0.924     -0.880     -0.536     -0.074     -0.037     -0.428
61.6000      -29980.855   -29989.098        8.243   330.4     -0.554     -0.608     -0.118     -0.254      0.185     -0.272
61.6500      -29981.086   -29988.766        7.680   307.8     -0.847     -0.786     -0.763      0.334     -0.948     -0.146
61.7000      -29980.873   -29988.475        7.602   304.7      0.017     -0.073     -0.884     -0.094     -0.260     -0.472
61.7500      -29980.825   -29989.002        8.177   327.8     -0.750     -1.119     -1.045     -0.201     -0.282      0.056
61.8000      -29980.664   -29989.039        8.375   335.7     -0.174      0.134     -0.540     -0.346      0.288      0.257
61.8500      -29980.434   -29989.105        8.672   347.6     -1.002     -0.207      0.331     -0.090      0.141      0.156
61.9000      -29980.725   -29988.633        7.908   317.0      0.232      0.666     -0.309     -0.015     -0.387      0.153
61.9500      -29980.844   -29989.393        8.548   342.7     -0.566     -0.035      0.290     -0.173      0.126      0.253
62.0000      -29981.045   -29989.217        8.172   327.6     -0.034     -0.426     -0.052      0.281      0.142     -0.370
62.0500      -29980.701   -29989.471        8.770   351.5      0.092      1.231      0.668      0.060     -0.725      0.138
62.1000      -29980.886   -29989.492        8.606   345.0      0.143     -0.191     -0.528     -0.792      0.003      0.624
62.1500      -29980.969   -29989.355        8.387   336.2      0.140      0.551     -0.360     -0.536     -0.145      0.237
62.2000      -29981.036   -29989.256        8.220   329.5      0.745     -0.439      0.080      0.118      0.215     -0.149
62.2500      -29981.393   -29989.494        8.101   324.7     -0.804     -0.943     -0.323     -0.155      0.513     -0.174
62.3000      -29980.943   -29988.840        7.897   316.6     -0.487     -0.963     -0.188      0.092      0.520      0.372
62.3500      -29980.752   -29989.059        8.306   332.9      0.094     -1.373     -0.542     -0.120      0.059      0.377
62.4000      -29980.777   -29989.361        8.584   344.1     -0.029      0.255     -0.638      0.392     -0.330      0.274
62.4500      -29980.600   -29988.645        8.044   322.5      0.286     -0.192      0.572     -0.445     -0.307      0.159
62.5000      -29980.303   -29989.039        8.736   350.2     -0.848     -0.583     -0.632      0.210     -0.455     -0.495
62.5500      -29980.574   -29989.033        8.459   339.1     -0.457     -0.368     -0.979     -0.299      0.095     -0.363
62.6000      -29980.973   -29989.582        8.609   345.1     -0.381     -0.766      0.390      0.473      0.102      0.376
62.6500      -29981.240   -29989.814        8.575   343.7     -0.025     -0.685     -0.526     -0.730     -0.294      0.089
62.7000      -29981.365   -29989.709        8.344   334.5     -0.736      0.083      0.084     -0.068      0.177     -0.161
62.7500      -29981.305   -29989.863        8.558   343.0      0.453     -0.283      0.352     -0.532      0.021     -0.263
62.8000      -29981.155   -29988.822        7.667   307.3      0.230     -1.495     -0.982      0.474     -0.000     -0.496
62.8500      -29981.294   -29989.799        8.505   340.9      0.224     -0.635     -0.776     -0.223      0.279      0.355
62.9000      -29981.505   -29989.314        7.809   313.0     -1.002      0.476     -0.788     -0.110      0.134      0.004
62.9500      -29981.220   -29989.049        7.829   313.8     -0.907      0.266     -0.886     -0.408     -0.548     -0.555
63.0000      -29981.355   -29989.217        7.861   315.1      0.457     -0.578      0.504      0.188      0.999     -0.331
63.0500      -29981.915   -29989.615        7.700   308.7      0.121      0.246     -0.396      0.393     -0.160      0.193
63.1000      -29981.858   -29989.727        7.868   315.4      0.060     -0.094     -0.123      0.103      0.119      0.556
63.1500      -29981.525   -29989.562        8.037   322.2     -0.289     -0.887     -1.228      0.271     -0.156     -0.089
63.2000      -29981.411   -29989.168        7.757   311.0      0.287     -0.440      0.389     -0.293     -0.063      0.034
63.2500      -29981.033   -29989.307        8.273   331.6      0.182     -0.730     -0.825     -0.124      0.217      0.028
63.3000      -29980.842   -29988.406        7.564   303.2     -0.982     -0.180     -0.180      0.096     -0.243     -0.110
63.3500      -29980.900   -29989.375        8.475   339.7     -0.752     -1.097     -0.643      0.444      0.110     -0.241
63.4000      -29981.021   -29989.033        8.013   321.2     -0.141     -1.088     -1.327      0.009      0.065      0.081
63.4500      -29981.164   -29988.967        7.803   312.8     -0.509     -0.209      0.071      0.522     -0.562      0.114
63.5000      -29981.625   -29989.125        7.500   300.6     -0.849     -0.589      0.391     -0.310      0.013     -0.572
63.5500      -29981.513   -29989.760        8.247   330.6     -0.332     -0.022     -0.708      0.022      0.273      1.119
63.6000      -29981.487   -29989.121        7.634   306.0     -1.562     -1.319     -0.613     -0.157      0.598      0.165
63.6500      -29981.640   -29988.799        7.159   286.9      0.072     -0.219     -0.562     -0.345     -0.369      0.181
63.7000      -29981.489   -29989.527        8.039   322.2     -0.096      0.400      0.332      0.612     -0.015     -0.195
63.7500      -29981.000   -29989.594        8.593   344.5     -0.831     -1.239     -0.636     -0.462      0.276      0.675
63.8000      -29980.953   -29988.861        7.909   317.0     -0.207     -0.040     -0.894      0.252     -0.686      0.474
63.8500      -29980.677   -29988.566        7.889   316.2     -1.245     -0.115     -1.327     -0.641     -0.180     -0.228
63.9000      -29980.954   -29989.055        8.101   324.7     -0.335     -0.013     -0.660     -0.242     -0.250      0.462
63.9500      -29980.541   -29988.729        8.188   328.2      0.168      0.180      0.251     -0.061      0.171     -0.276
64.0000      -29980.143   -29988.908        8.765   351.3     -0.338     -0.130     -0.347     -0.466      0.056     -0.015
64.0500      -29979.197   -29988.543        9.346   374.6     -0.646     -0.360     -0.473     -0.224     -0.618      0.923
64.1000      -29979.451   -29988.664        9.213   369.3     -0.353     -0.613      0.114      0.090     -0.164     -0.197
64.1500      -29979.973   -29988.303        8.330   333.9      0.665     -0.348     -0.761     -0.217     -0.146      0.145
64.2000      -29979.953   -29988.727        8.774   351.7      0.798      0.551      0.616     -0.173      0.259     -0.004
64.2500      -29979.521   -29987.869        8.348   334.6     -0.283      0.708     -0.565      0.778      0.081     -0.775
64.3000      -29979.547   -29988.252        8.705   349.0     -1.004      0.006     -0.407     -0.035     -0.148      0.097
64.3500      -29980.382   -29988.654        8.273   331.6     -0.539     -1.579     -0.605     -0.682     -0.213     -0.370
64.4000      -29980.287   -29988.928        8.641   346.4     -0.325      0.025     -0.539     -0.092     -0.143     -0.227
64.4500      -29980.344   -29988.551        8.207   329.0     -0.376     -0.331     -0.356      0.063     -0.030      0.336
64.5000      -29979.943   -29988.338        8.395   336.5     -0.803     -0.984     -0.758      0.286     -0.348     -0.262
64.5500      -29980.499   -29988.893        8.394   336.5     -1.134     -1.615     -0.437     -0.200      0.185      0.386
64.6000      -29980.746   -29989.561        8.814   353.3     -1.076     -1.032     -1.665     -0.411     -0.233      0.074
64.6500      -29980.701   -29989.438        8.737   350.2     -0.202     -0.645     -0.363      0.236     -0.083      0.267
64.7000      -29980.844   -29989.434        8.590   344.3      1.210      0.264      0.362     -0.496      0.054     -0.186
64.7500      -29981.405   -29989.553        8.148   326.6     -0.308     -0.863     -1.055      0.457      0.660      0.088
64.8000      -29981.842   -29990.197        8.355   334.9     -0.165      0.140      1.156     -0.392     -0.081      0.110
64.8500      -29981.799   -29989.803        8.004   320.8     -0.466      0.298     -0.575     -0.019     -0.449     -0.033
64.9000      -29981.741   -29989.709        7.968   319.4     -0.950      0.442      0.303     -0.528      0.481     -0.184
64.9500      -29981.735   -29989.631        7.896   316.5     -0.016     -0.390     -1.261      0.342      0.150      0.077
65.0000      -29981.501   -29989.486        7.985   320.1     -0.916     -0.036     -0.228      0.462     -0.294      0.108
65.0500      -29981.433   -29989.842        8.409   337.1      0.043     -0.470     -0.690     -0.175     -0.120      0.015
65.1000      -29980.895   -29989.662        8.767   351.4     -0.446     -0.158     -0.063     -0.230      0.237     -0.136
65.1500      -29981.038   -29988.562        7.525   301.6     -0.382     -0.331      0.433      0.095      0.112      0.533
65.2000      -29980.750   -29988.799        8.049   322.7     -0.475     -0.112     -0.220     -0.308      0.380      0.013
65.2500      -29981.071   -29989.775        8.704   348.9     -0.217     -0.033     -0.594      0.107     -0.020      0.091
65.3000      -29980.886   -29989.492        8.606   345.0      0.058     -0.152      0.058     -0.013      0.171     -0.460
65.3500      -29981.204   -29989.387        8.183   328.0     -0.415      0.963      0.465      0.206      0.125     -0.321
65.4000      -29980.985   -29989.299        8.313   333.2     -0.516     -0.395     -1.553     -0.201      0.191      0.236
65.4500      -29981.022   -29988.875        7.853   314.8     -0.686      0.212     -0.797      0.516     -0.242     -0.500
65.5000      -29981.614   -29989.314        7.700   308.7     -0.090     -0.340     -1.064      0.173     -0.085      0.232
65.5500      -29981.609   -29989.279        7.670   307.4     -0.580     -0.287     -0.862     -0.352      0.144     -0.150
65.6000      -29981.751   -29989.457        7.706   308.9     -0.480      0.057     -0.640     -0.101      0.122      0.234
65.6500      -29981.672   -29990.000        8.328   333.8     -0.343     -0.509     -0.186      0.127     -0.389     -0.164
65.7000      -29981.613   -29990.357        8.744   350.5     -0.160     -0.195     -0.009      0.359     -0.554     -0.144
65.7500      -29981.790   -29989.281        7.491   300.3      0.192     -0.124     -0.632      0.221     -0.032      0.024
65.8000      -29982.080   -29989.689        7.609   305.0      0.180     -1.021     -0.089     -0.477      0.000     -0.038
65.8500      -29981.817   -29989.395        7.577   303.7     -0.882      0.346     -0.330      0.338     -0.162     -0.390
65.9000      -29982.104   -29990.303        8.199   328.6     -0.083     -0.759     -0.381      0.402      0.180     -0.060
65.9500      -29981.694   -29989.094        7.400   296.6     -0.016     -0.705     -0.049     -0.582      0.364      0.616
66.0000      -29980.912   -29989.094        8.182   328.0     -0.607      0.304     -0.423      0.203     -0.132      0.215
66.0500      -29980.755   -29989.373        8.618   345.4      0.055     -1.095     -0.147      0.186      0.231     -0.081
66.1000      -29980.897   -29989.324        8.428   337.8     -0.352      0.229     -1.080      0.391      0.534     -0.007
66.1500      -29980.652   -29989.000        8.348   334.6     -1.216      0.053     -0.333     -0.318     -0.387     -0.411
66.2000      -29980.460   -29989.676        9.215   369.4     -0.538     -0.275     -0.224      0.569     -0.535      0.420
66.2500      -29980.781   -29989.336        8.555   342.9     -0.878     -0.754     -0.250     -0.605     -0.195      0.254
66.3000      -29981.034   -29989.268        8.233   330.0     -1.220      0.720      0.401      0.367      0.048     -0.713
66.3500      -29980.669   -29989.205        8.536   342.2      0.296      0.321      0.902     -0.317      0.494      0.101
66.4000      -29981.147   -29988.887        7.739   310.2     -0.231     -0.120     -0.338      0.441     -0.200      0.070
66.4500      -29980.379   -29988.600        8.221   329.5     -0.430      0.289     -0.125      0.108     -0.231     -0.142
66.5000      -29979.807   -29988.041        8.234   330.0      0.002     -0.081     -0.494      0.411     -0.062      0.048
66.5500      -29980.196   -29988.664        8.468   339.4     -0.287     -0.029      0.382     -0.462      0.467     -0.403
66.6000      -29980.311   -29989.232        8.922   357.6      0.010     -0.456     -0.456      0.651     -0.167      0.223
66.6500      -29980.396   -29988.439        8.043   322.4     -0.413      0.065      0.470     -0.100     -0.184     -0.196
66.7000      -29980.438   -29988.344        7.906   316.9     -1.246     -0.447     -0.258     -0.721     -0.237     -0.129
66.7500      -29980.901   -29988.904        8.003   320.8     -0.550      0.639     -0.113     -0.536     -0.336      0.307
66.8000      -29980.837   -29988.285        7.448   298.6     -0.156     -1.199      0.078     -0.107      0.567     -0.154
66.8500      -29981.158   -29989.637        8.478   339.8     -1.527     -0.185     -0.247      0.291      0.061     -0.101
66.9000      -29980.923   -29989.393        8.470   339.5     -0.727      0.113     -0.046      0.315      0.358     -0.466
66.9500      -29981.356   -29989.318        7.962   319.2     -1.362     -0.228     -0.323     -0.005      0.900     -0.635
67.0000      -29981.338   -29988.412        7.074   283.6     -0.701     -0.334     -0.035      0.111     -0.253      0.189
67.0500      -29981.127   -29988.582        7.455   298.8     -0.685     -0.962     -0.737      0.677     -0.268     -0.395
67.1000      -29981.020   -29988.789        7.769   311.4     -0.870      1.047      0.160     -0.131     -0.483     -0.021
67.1500      -29981.081   -29989.074        7.994   320.4      0.044      0.466      0.336      0.058     -0.496     -0.433
67.2000      -29980.888   -29988.504        7.615   305.3      0.325      0.926     -0.036     -0.187     -0.197     -0.413
67.2500      -29980.577   -29988.234        7.657   306.9     -0.645     -0.442      0.470     -0.174     -0.088     -0.100
67.3000      -29981.248   -29988.979        7.730   309.9      0.553     -0.081     -0.023     -0.350     -0.018     -0.498
67.3500      -29980.744   -29988.586        7.842   314.3     -0.433     -0.087     -0.133     -0.250     -0.153      0.780
67.4000      -29980.518   -29988.635        8.117   325.4     -0.269     -0.851     -0.442     -0.428      0.939     -0.303
67.4500      -29980.811   -29989.035        8.224   329.7     -0.256      0.292      0.937     -0.016      0.276      0.312
67.5000      -29980.754   -29988.814        8.061   323.1     -0.049      0.473     -0.240      0.215     -0.403     -0.193
67.5500      -29980.839   -29988.676        7.837   314.2     -1.172     -0.892     -0.659     -0.026      0.191     -0.099
67.6000      -29980.980   -29989.486        8.506   341.0      0.191     -0.873     -0.028      0.145     -0.175      0.432
67.6500      -29980.911   -29988.914        8.003   320.8     -0.677     -0.474     -0.503      0.485      0.087      0.368
67.7000      -29980.152   -29988.465        8.313   333.2      0.168      0.414     -0.299      0.312      0.270     -0.561
67.7500      -29980.184   -29989.281        9.098   364.7     -0.284     -0.787     -0.248     -0.254      0.298      0.044
67.8000      -29980.141   -29988.211        8.070   323.5     -0.402     -0.660     -0.672      0.399     -0.375     -0.011
67.8500      -29980.526   -29989.361        8.836   354.2      0.015     -0.284      0.379     -0.411     -0.049     -0.512
67.9000      -29980.950   -29988.812        7.862   315.2     -0.520     -0.711     -0.070      0.604     -0.235      0.131
67.9500      -29980.894   -29990.090        9.196   368.6     -0.863      0.093      0.560     -0.301     -0.270     -0.063
68.0000      -29981.559   -29989.133        7.574   303.6     -1.175      0.151      0.557     -0.429     -0.331     -0.268
68.0500      -29982.058   -29989.629        7.571   303.5     -0.606     -0.493     -0.929      0.169     -0.085     -0.168
68.1000      -29981.633   -29989.570        7.938   318.2     -1.270      0.273     -0.907     -0.079      0.254     -0.070
68.1500      -29982.231   -29989.795        7.564   303.2      0.096      0.855     -0.067      0.151     -0.584      0.540
68.2000      -29981.898   -29990.234        8.336   334.1     -0.925      0.003     -0.525     -0.127      0.238     -0.123
68.2500      -29981.904   -29989.838        7.934   318.0     -0.000     -0.389     -0.752     -0.270      0.193     -0.076
68.3000      -29981.454   -29989.525        8.071   323.5     -0.518      0.170      0.006     -0.208     -0.382     -0.159
68.3500      -29981.383   -29990.379        8.996   360.6     -0.349     -0.657     -0.154     -0.172     -0.292     -0.033
68.4000      -29981.878   -29989.826        7.948   318.6     -0.358     -0.028      0.527      0.175     -0.396     -0.021
68.4500      -29982.207   -29990.078        7.871   315.5     -0.343      0.049     -0.373      0.117     -0.693      0.017
68.5000      -29982.027   -29989.768        7.741   310.3      0.592     -0.253     -0.039     -0.046     -0.191      0.211
68.5500      -29982.564   -29990.361        7.797   312.6     -0.766     -0.778      0.528      0.054     -0.554     -0.429
68.6000      -29982.296   -29990.105        7.810   313.1     -0.411      0.478     -1.355     -0.233      0.179      0.288
68.6500      -29982.311   -29989.666        7.355   294.8     -0.402     -0.562      1.002      0.181      0.876      0.127
68.7000      -29982.184   -29989.658        7.474   299.6     -0.296     -0.339     -0.756     -0.317      0.556     -0.073
68.7500      -29981.585   -29989.387        7.802   312.7     -0.856     -0.393      0.424     -0.199     -0.712      0.362
68.8000      -29982.046   -29989.992        7.946   318.5      0.028     -0.097     -0.350     -0.655      0.629      0.061
68.8500      -29982.024   -29989.799        7.775   311.6      0.048     -1.687     -0.804     -0.087      0.347     -0.051
68.9000      -29982.042   -29990.230        8.188   328.2     -0.858     -0.012     -0.866     -0.253      0.349      0.421
68.9500      -29981.612   -29990.141        8.529   341.9     -0.427     -0.043      0.099      0.421     -0.512     -0.498
69.0000      -29981.237   -29989.699        8.462   339.2     -0.116     -0.281     -0.368     -0.088     -0.036      0.424
69.0500      -29981.742   -29989.611        7.869   315.4     -0.987     -1.860     -1.040     -0.132      0.092     -0.506
69.1000      -29982.007   -29989.857        7.851   314.7      0.023     -0.031     -0.783     -0.032      0.089      0.517
69.1500      -29981.353   -29989.590        8.236   330.2     -0.380     -1.297     -0.632      0.179      0.049     -0.339
69.2000      -29981.443   -29989.352        7.909   317.0     -0.782     -0.646     -0.752     -0.776      0.192      0.531
69.2500      -29981.572   -29989.695        8.123   325.6     -0.409      0.226     -0.487     -0.042      0.007     -0.073
69.3000      -29982.127   -29990.186        8.059   323.0     -0.174      0.534     -0.022      0.010      0.148      0.012
69.3500      -29981.899   -29989.783        7.884   316.0      0.029      0.093      0.298      0.304     -0.168      0.372
69.4000      -29981.529   -29989.396        7.868   315.4     -0.483      0.032     -0.088     -0.351      0.364      0.149
69.4500      -29981.012   -29989.193        8.182   328.0     -1.383      0.228      0.608      0.140      0.355     -0.135
69.5000      -29981.262   -29989.607        8.346   334.5      0.038      0.832     -0.427     -0.707      0.275     -0.078
69.5500      -29981.252   -29989.143        7.891   316.3     -0.717     -0.605      0.800     -0.743      0.198      0.224
69.6000      -29981.622   -29989.227        7.604   304.8     -0.534     -0.070     -0.672     -0.240      0.169      0.434
69.6500      -29981.518   -29989.141        7.623   305.6     -1.227     -1.560     -0.683     -0.309     -0.198     -0.408
69.7000      -29981.347   -29989.383        8.036   322.1     -0.123      0.017      0.204      0.116     -0.139      0.581
69.7500      -29981.210   -29989.244        8.034   322.0     -0.402     -0.766     -1.546      0.178      0.181     -0.227
69.8000      -29981.163   -29989.203        8.040   322.3     -0.309     -1.935     -0.213      0.399      0.273      0.202
69.8500      -29981.334   -29988.979        7.645   306.4      0.345      0.240     -0.514     -0.151     -0.372     -0.381
69.9000      -29980.983   -29989.133        8.150   326.7     -0.711      0.545      0.180     -0.072     -0.300      0.321
69.9500      -29981.210   -29989.170        7.960   319.1     -0.605     -0.406     -0.064      0.174      0.025     -0.463
70.0000      -29980.911   -29988.930        8.019   321.4      0.259      0.415     -0.334      0.850     -0.007     -0.233
70.0500      -29980.689   -29988.633        7.943   318.4      0.302     -1.330     -0.567     -0.278     -0.207      0.169
70.1000      -29980.950   -29988.896        7.947   318.5     -0.105      0.281     -1.095     -0.150     -0.095     -0.299
70.1500      -29981.074   -29988.709        7.635   306.0     -0.642     -1.101     -0.678      0.006      0.089     -0.473
70.2000      -29981.344   -29989.518        8.173   327.6     -0.427     -0.203     -0.287     -0.125     -0.493     -0.416
70.2500      -29981.285   -29989.553        8.268   331.4     -0.291     -0.479      0.971     -0.210      0.093     -0.127
70.3000      -29981.369   -29989.328        7.959   319.0     -1.032      0.078     -0.774     -0.349     -0.151      0.213
70.3500      -29980.751   -29988.715        7.964   319.2      0.246     -1.163      0.092      0.421     -0.170     -0.777
70.4000      -29980.758   -29988.688        7.930   317.9      0.206     -1.333     -1.279      0.293      0.090      0.037
70.4500      -29981.171   -29988.906        7.736   310.1     -0.976     -0.008     -0.215     -0.252     -0.535     -0.008
70.5000      -29981.240   -29989.111        7.871   315.5     -0.155      0.055      0.593      0.833      0.085      0.842
70.5500      -29981.206   -29988.275        7.069   283.4     -0.380     -0.877     -0.220     -0.001     -0.128     -0.470
70.6000      -29980.584   -29989.432        8.847   354.6      0.138     -0.355     -0.950     -0.104      0.069     -0.078
70.6500      -29980.412   -29988.463        8.051   322.7      0.446      0.313      1.129     -0.052      0.114     -0.051
70.7000      -29980.608   -29987.949        7.341   294.3      0.889      0.632      1.107     -0.221      0.079      0.957
70.7500      -29980.456   -29988.451        7.995   320.5      0.290     -0.879      0.063      0.162      0.050     -0.405
70.8000      -29980.123   -29988.105        7.982   320.0      0.205      0.690      0.722     -0.077     -0.045      0.007
70.8500      -29980.151   -29988.719        8.568   343.4      0.603      0.463     -0.053      0.006      0.198     -0.283
70.9000      -29979.682   -29988.258        8.576   343.8      0.232      0.504      0.340     -0.400     -0.206      0.142
70.9500      -29979.615   -29988.604        8.989   360.3     -0.165     -0.340      0.256      0.057      0.156     -0.131
71.0000      -29979.827   -29988.320        8.493   340.5      0.100     -0.676     -0.290     -0.323      0.267      0.143
71.0500      -29979.249   -29987.881        8.632   346.0     -1.354     -0.596     -1.367      0.047     -0.440      0.263
71.1000      -29978.768   -29987.900        9.133   366.1     -0.627     -0.396     -0.767      0.091     -0.020     -0.190
71.1500      -29978.749   -29987.158        8.409   337.1     -1.048     -0.749     -0.487      0.192      0.018      0.614
71.2000      -29979.018   -29987.633        8.615   345.3     -1.309     -0.500     -0.888      0.238      0.391     -0.255
71.2500      -29979.756   -29988.631        8.875   355.7     -0.310      0.325      1.531     -0.031      0.259      0.326
71.3000      -29979.510   -29988.469        8.959   359.1      0.953      0.488      0.387     -0.198      0.739     -0.492
71.3500      -29979.559   -29988.107        8.549   342.7      0.114     -0.018     -0.377     -0.391      0.742     -0.156
71.4000      -29979.884   -29988.270        8.385   336.1      0.270     -0.223      0.119      0.452      0.096     -0.008
71.4500      -29979.686   -29988.447        8.761   351.2     -0.376     -0.609     -0.209     -0.067      0.235      0.474
71.5000      -29979.884   -29988.203        8.320   333.5     -0.339     -0.028      0.575      0.350      0.258      0.018
71.5500      -29980.231   -29987.789        7.558   303.0     -0.143      0.018      0.341     -0.251     -0.064      0.035
71.6000      -29980.003   -29987.646        7.643   306.4     -0.303     -0.647     -1.532     -0.027      0.308     -0.424
71.6500      -29980.259   -29987.934        7.674   307.6     -0.372     -0.350     -0.313     -0.307     -0.354      0.363
71.7000      -29980.662   -29988.762        8.099   324.7     -1.732     -1.082     -1.614      0.726      0.575     -0.123
71.7500      -29980.347   -29988.756        8.409   337.1     -0.087     -0.695      0.118     -0.248     -0.105     -0.397
71.8000      -29980.387   -29988.648        8.262   331.2     -0.476     -0.082     -0.803     -0.090      0.278      0.314
71.8500      -29980.344   -29988.359        8.015   321.3     -0.565     -0.837     -0.991      0.249      0.092      0.421
71.9000      -29979.834   -29988.684        8.849   354.7     -0.119      0.040      0.098     -0.187      0.088      0.125
71.9500      -29980.042   -29988.150        8.109   325.0     -0.112     -1.565     -0.955     -0.321     -0.387     -0.349
72.0000      -29980.657   -29988.826        8.170   327.5     -0.478     -0.517     -0.597     -0.116      0.166     -0.695
72.0500      -29980.600   -29988.557        7.956   318.9     -0.739     -0.308      0.190     -0.007     -0.285      0.100
72.1000      -29980.559   -29988.752        8.193   328.4     -0.821     -0.094     -0.346     -0.019     -0.305      0.153
72.1500      -29980.582   -29988.867        8.285   332.1     -1.134     -0.108      0.215      0.286      0.080      0.384
72.2000      -29980.431   -29989.139        8.708   349.1      0.321      0.320      0.188      0.120     -0.576      0.121
72.2500      -29980.333   -29988.412        8.079   323.9     -0.242     -0.543      0.567      0.143      0.276      0.029
72.3000      -29980.632   -29989.395        8.763   351.2     -0.700      0.173     -0.675      0.260     -0.337      0.670
72.3500      -29981.139   -29988.697        7.558   303.0      0.210     -1.432     -0.060      0.066      0.358     -0.172
72.4000      -29980.788   -29989.488        8.700   348.7     -0.046      0.207     -0.213      0.287     -0.110      0.378
72.4500      -29980.417   -29988.928        8.511   341.2     -0.451     -0.599     -0.170      0.026      0.274     -0.441
72.5000      -29980.569   -29989.420        8.851   354.8     -1.251     -0.625     -0.684      0.314      0.348     -0.204
72.5500      -29980.743   -29988.559        7.815   313.3     -0.153     -0.158     -0.445      0.654      0.129      0.548
72.6000      -29980.792   -29989.057        8.264   331.3      0.290     -0.284     -0.678      0.072     -0.008     -0.186
72.6500      -29980.568   -29988.979        8.411   337.1     -0.925     -1.090     -0.770      0.476     -0.003      0.099
72.7000      -29980.555   -29988.830        8.275   331.7     -0.286     -0.367     -0.843      0.248     -0.523     -0.351
72.7500      -29980.531   -29988.502        7.971   319.5      0.329      0.059      0.024      0.745      0.301     -0.332
72.8000      -29980.153   -29989.104        8.951   358.8     -0.376     -0.001     -0.023      0.348      0.008      0.368
72.8500      -29979.866   -29988.502        8.636   346.2     -0.191     -1.393     -0.441     -0.111     -0.063      0.142
72.9000      -29979.441   -29988.594        9.152   366.9     -1.296     -0.151     -0.515     -0.165      0.116     -0.381
72.9500      -29979.778   -29988.260        8.482   340.0     -0.063     -1.070     -0.912      0.298     -0.470      0.287
73.0000      -29979.731   -29988.697        8.967   359.4     -1.029     -0.688     -0.133      0.261     -0.191     -0.525
73.0500      -29980.353   -29988.523        8.170   327.5      0.506      0.331      0.417     -0.464      0.547      0.307
73.1000      -29980.225   -29987.850        7.624   305.6     -0.361     -0.313     -0.575     -0.400     -0.413     -0.047
73.1500      -29979.623   -29988.131        8.508   341.0      0.775      0.389      0.166     -0.296      0.757      0.316
73.2000      -29980.134   -29988.354        8.219   329.5     -0.016     -0.579     -0.239      0.527     -0.047      0.107
73.2500      -29980.410   -29988.488        8.078   323.8      0.015     -0.632     -0.168     -0.215     -0.295      0.085
73.3000      -29980.043   -29988.121        8.078   323.8     -0.876     -0.038     -0.977      0.166      0.138     -0.353
73.3500      -29980.177   -29988.770        8.593   344.4     -0.904     -0.089      0.991      0.323      0.121     -0.321
73.4000      -29980.028   -29988.812        8.784   352.1     -0.508     -0.284     -0.415      0.114      0.158     -0.003
73.4500      -29980.037   -29987.773        7.736   310.1     -0.208     -0.057     -0.350      0.137      0.006      0.343
73.5000      -29980.346   -29988.740        8.394   336.5     -1.072      0.063     -0.025      0.201     -0.420     -0.013
73.5500      -29980.338   -29988.193        7.855   314.9     -0.280     -0.703     -0.521      0.471      0.580      0.685
73.6000      -29980.543   -29988.447        7.905   316.9     -0.500     -0.204      0.298      0.149     -0.219      0.310
73.6500      -29980.344   -29988.250        7.906   316.9     -1.028     -1.595     -0.625     -0.409     -0.082     -0.276
73.7000      -29980.361   -29988.385        8.024   321.6      0.448      0.329     -0.095      0.511      0.238     -0.282
73.7500      -29980.505   -29988.822        8.317   333.4     -0.530      0.035     -0.078      0.007      0.344     -0.359
73.8000      -29980.303   -29988.879        8.575   343.7      0.124     -0.586     -0.147      0.772     -0.295     -0.516
73.8500      -29980.635   -29988.568        7.934   318.0     -0.243     -1.025      0.152     -0.308      0.226     -0.275
73.9000      -29980.614   -29988.607        7.993   320.4      0.040     -0.602     -0.719      0.120     -0.150      0.092
73.9500      -29980.318   -29988.342        8.024   321.6     -0.583     -0.701      0.883      0.260      0.060     -0.161
74.0000      -29980.280   -29988.248        7.968   319.4      0.656     -0.142     -0.810      0.407     -0.432     -0.138
74.0500      -29980.281   -29988.543        8.262   331.2     -1.296     -0.479      0.468      0.046      0.712      0.073
74.1000      -29980.494   -29988.615        8.121   325.5      0.330     -0.715     -0.648      0.173      0.357      0.115
74.1500      -29979.996   -29988.279        8.284   332.0      0.850      0.358      0.773      0.202     -0.658      0.406
74.2000      -29979.494   -29987.562        8.069   323.4     -0.453     -0.787     -0.259      0.102      0.239     -0.565
74.2500      -29979.623   -29987.914        8.291   332.3      0.492      0.066      0.030      1.004     -0.402     -0.017
74.3000      -29978.638   -29987.379        8.741   350.4     -0.825     -0.505      0.116      0.242     -0.053      0.358
74.3500      -29979.016   -29988.637        9.621   385.6     -0.579      0.100     -0.262      0.210     -0.272      0.144
74.4000      -29978.935   -29987.578        8.643   346.4      0.012     -0.928     -0.432      0.246     -0.065     -0.283
74.4500      -29978.963   -29987.191        8.229   329.8     -0.570      0.215     -0.145      0.186      0.202      0.429
74.5000      -29979.628   -29987.809        8.180   327.9     -0.141      0.008     -0.062     -0.381     -0.376      0.124
74.5500      -29979.668   -29988.090        8.422   337.6      0.112      0.482      0.446     -0.093      0.153     -0.167
74.6000      -29979.609   -29987.688        8.078   323.8      0.368      0.577     -0.675      0.343     -0.006      0.330
74.6500      -29980.415   -29987.887        7.472   299.5     -0.068     -1.070     -1.125     -0.431      0.128      0.003
74.7000      -29981.082   -29988.621        7.539   302.2     -0.096      0.538     -0.532      0.263     -0.074      0.064
74.7500      -29980.901   -29989.125        8.224   329.6     -0.212     -0.037     -0.198      0.232     -0.150     -0.323
74.8000      -29980.439   -29988.760        8.320   333.5     -0.658      0.074     -0.245     -0.294      0.073     -0.564
74.8500      -29980.597   -29988.674        8.077   323.7     -0.162     -0.228     -1.057      0.197     -0.005      0.206
74.9000      -29980.180   -29988.889        8.709   349.1     -1.466     -0.343      0.313      0.406      0.190      0.446
74.9500      -29980.636   -29988.762        8.126   325.7     -0.581     -1.132      0.403     -0.477     -0.333     -0.462
75.0000      -29980.220   -29988.307        8.087   324.1      0.056     -0.856     -0.709      0.366      0.384     -0.095
75.0500      -29979.939   -29988.297        8.357   335.0     -1.058     -0.415      0.359     -0.223     -0.477     -0.415
75.1000      -29979.926   -29989.543        9.617   385.5      0.059     -0.706      0.239      0.223      0.103     -0.054
75.1500      -29979.400   -29988.344        8.943   358.5      0.175     -0.821     -0.353     -0.115     -0.038      0.003
75.2000      -29980.149   -29988.428        8.279   331.8     -0.455      0.426     -0.251      0.010     -0.044      0.746
75.2500      -29979.802   -29988.109        8.307   333.0     -0.865     -0.653     -1.106      0.001      0.028     -0.818
75.3000      -29979.741   -29988.572        8.831   354.0     -0.429     -0.191     -0.265     -0.158      0.020      0.036
75.3500      -29980.244   -29988.439        8.196   328.5     -0.707     -0.041     -0.795      0.115      0.514     -0.829
75.4000      -29980.815   -29988.994        8.179   327.9     -0.231      0.467      0.140      0.053      0.184      0.162
75.4500      -29981.049   -29988.805        7.756   310.9      0.438     -0.823      0.037      0.196     -0.001      0.180
75.5000      -29981.065   -29989.115        8.050   322.7     -0.923     -0.020     -0.341      0.116     -0.146     -0.244
75.5500      -29981.006   -29989.369        8.364   335.2      0.403      0.024     -0.029      0.423      0.469     -0.317
75.6000      -29981.027   -29989.418        8.391   336.4     -1.088     -0.322     -0.003     -0.208     -0.129      0.004
75.6500      -29980.364   -29988.561        8.196   328.5      0.195     -0.595     -0.055      0.029     -0.056      0.057
75.7000      -29980.118   -29988.551        8.433   338.0     -0.476     -0.788     -1.638      0.134     -0.372     -0.731
75.7500      -29980.435   -29988.070        7.636   306.1     -0.463     -0.083     -0.580     -0.032      0.452     -0.000
75.8000      -29979.921   -29988.104        8.182   328.0      0.319     -0.838     -0.969     -0.244      0.317     -0.114
75.8500      -29979.948   -29987.664        7.716   309.3     -0.567      0.042      0.212      0.518     -0.151      0.075
75.9000      -29979.751   -29988.686        8.935   358.1     -0.158     -0.212     -0.516     -0.128     -0.468      0.088
75.9500      -29979.754   -29988.619        8.865   355.3     -0.016     -0.171      0.310      0.168     -0.175     -0.090
76.0000      -29979.575   -29988.355        8.781   352.0      0.370      0.128      0.566     -0.516      0.237     -0.474
76.0500      -29979.530   -29987.697        8.167   327.4     -0.940     -0.400     -1.482     -0.287      0.367     -0.007
76.1000      -29979.920   -29988.715        8.795   352.5      0.284     -0.213      0.077      0.188      0.062     -0.238
76.1500      -29979.574   -29988.201        8.627   345.8      0.818      1.297      0.165      0.086     -0.589     -0.261
76.2000      -29979.440   -29988.309        8.868   355.5     -0.825     -0.649     -1.150      0.265     -0.171      0.148
76.2500      -29979.698   -29988.564        8.867   355.4     -0.602     -0.185     -0.769      0.219      0.096      0.286
76.3000      -29980.058   -29988.260        8.202   328.8     -0.711     -0.481     -0.087     -0.115     -0.011     -0.422
76.3500      -29980.246   -29988.980        8.735   350.1     -0.146      0.007     -0.899     -0.153     -0.326      0.101
76.4000      -29980.275   -29988.133        7.858   315.0     -0.116     -0.427      0.381      0.058     -0.478     -0.183
76.4500      -29980.320   -29988.578        8.259   331.0     -0.331     -0.898     -1.257      0.057     -0.020     -0.483
76.5000      -29980.419   -29988.334        7.915   317.3     -0.854     -0.219     -1.103      0.548     -0.421     -0.436
76.5500      -29980.690   -29988.156        7.466   299.3      0.599      0.303     -0.673     -0.260      0.093      0.302
76.6000      -29980.530   -29988.377        7.847   314.6      0.495      0.805      0.571      0.058     -0.620      0.075
76.6500      -29980.559   -29988.104        7.545   302.4     -0.308      0.018     -1.777     -0.136     -0.315     -0.567
76.7000      -29980.499   -29988.889        8.389   336.3      0.140      0.328     -0.143      0.150     -0.119      0.306
76.7500      -29980.665   -29988.145        7.480   299.8     -0.395      0.122     -1.053     -0.086     -0.145      0.211
76.8000      -29980.541   -29987.770        7.229   289.8      0.182      0.242     -0.233      0.094      0.043      0.043
76.8500      -29980.412   -29988.330        7.918   317.4     -0.204     -0.070     -0.568     -0.194     -0.647      0.572
76.9000      -29980.309   -29988.561        8.252   330.8      0.507     -0.702     -0.567     -0.046      0.336     -0.833
76.9500      -29979.759   -29988.010        8.251   330.7     -0.433      0.123     -0.046     -0.096     -0.149      0.354
77.0000      -29980.195   -29988.344        8.149   326.7     -0.246     -0.783     -0.592     -0.065     -0.015     -0.103
77.0500      -29979.944   -29988.143        8.199   328.6      0.246     -0.561      0.335     -0.221      0.175     -0.396
77.1000      -29980.265   -29988.225        7.959   319.0      0.298     -0.346     -0.139     -0.290     -0.394     -0.054
77.1500      -29980.346   -29988.105        7.760   311.0     -0.503     -0.166      0.515      0.101      0.164     -0.111
77.2000      -29980.154   -29988.559        8.404   336.9      1.106      0.282     -0.209     -0.318      0.049      0.206
77.2500      -29980.336   -29988.615        8.280   331.9      0.091      0.819     -0.393      0.381      0.520     -0.001
77.3000      -29979.975   -29988.545        8.570   343.5     -0.065      0.400      0.032     -0.457      0.104      0.108
77.3500      -29979.191   -29988.178        8.987   360.2     -0.633     -0.633     -0.468      0.094     -0.091      0.153
77.4000      -29979.530   -29987.746        8.216   329.3      0.866     -0.224      0.104     -0.264      0.292      0.570
77.4500      -29979.776   -29988.070        8.295   332.5     -0.341     -0.828      0.011      0.112     -0.126     -0.247
77.5000      -29979.938   -29988.270        8.331   334.0     -0.927     -0.490     -0.299     -0.136      0.170      0.400
77.5500      -29979.598   -29988.016        8.417   337.4      0.764      0.003      0.311      0.247      0.428      0.018
77.6000      -29979.753   -29988.279        8.526   341.8      0.672     -0.161      0.549      0.285     -0.320      0.087
77.6500      -29979.886   -29988.051        8.165   327.3     -0.238      0.530      0.262     -0.464     -0.113      0.024
77.7000      -29980.240   -29988.219        7.979   319.8      0.660      0.094      0.274      0.139     -0.292     -0.025
77.7500      -29979.817   -29988.834        9.017   361.4     -0.147     -0.273      0.273      0.380     -0.309      0.153
77.8000      -29980.286   -29987.650        7.364   295.2      1.242      0.697     -0.886     -0.013     -0.244      0.361
77.8500      -29979.668   -29987.820        8.152   326.8      0.893     -0.129      1.339      0.032      0.050     -0.704
77.9000      -29979.751   -29988.461        8.710   349.1      0.330      0.336     -0.594     -0.115     -0.196     -0.434
77.9500      -29979.551   -29987.463        7.912   317.2     -0.361      0.216      0.380      0.236      0.057      0.101
78.0000      -29979.138   -29987.840        8.702   348.8     -0.726     -0.758      0.166      0.087      0.093      0.041
78.0500      -29979.035   -29988.320        9.285   372.2      0.341     -0.792     -0.168      0.109     -0.315      0.536
78.1000      -29978.850   -29987.580        8.730   349.9     -0.780     -0.147     -0.379      0.156      0.441     -0.169
78.1500      -29979.286   -29988.225        8.938   358.3     -0.646     -0.972     -0.968      0.252     -0.119     -0.321
78.2000      -29979.499   -29988.436        8.937   358.2      0.062     -0.496     -0.928      0.259      0.098      0.288
78.2500      -29979.366   -29988.721        9.354   375.0      0.216     -1.063     -0.390     -0.051      0.204      0.202
78.3000      -29978.599   -29987.648        9.050   362.8     -0.316     -0.743     -0.558      0.189      0.146     -0.600
78.3500      -29979.431   -29987.971        8.540   342.3     -1.202     -0.433     -1.164     -0.623      0.127     -0.171
78.4000      -29979.271   -29987.205        7.934   318.0     -0.810      0.118      0.401     -0.270      0.113     -0.371
78.4500      -29979.183   -29987.289        8.106   324.9     -0.409     -0.341     -1.038     -0.054      0.225      0.366
78.5000      -29979.067   -29987.508        8.441   338.3      0.043      0.042      0.131     -0.154     -0.090     -0.205
78.5500      -29978.615   -29986.959        8.344   334.4      0.518     -0.176     -0.158      0.069      0.008      0.364
78.6000      -29977.855   -29986.682        8.827   353.8     -0.074      1.741     -0.237      0.312      0.307      0.027
78.6500      -29978.075   -29987.100        9.025   361.8     -0.415     -0.774     -1.293      0.156      0.463     -0.214
78.7000      -29978.393   -29987.074        8.681   348.0      0.417      0.118      0.197      0.426     -0.443     -0.155
78.7500      -29979.253   -29987.631        8.378   335.8      0.337      0.639     -0.557      0.168     -0.369     -0.143
78.8000      -29978.865   -29987.223        8.357   335.0     -0.509     -0.662      0.453     -0.333      0.451     -0.155
78.8500      -29978.823   -29987.322        8.500   340.7      0.024     -0.087     -0.834     -0.086      0.189      0.048
78.9000      -29978.722   -29987.172        8.450   338.7     -0.342     -0.489     -0.925      0.040      0.426     -0.362
78.9500      -29978.874   -29987.539        8.665   347.3      0.359     -0.185      0.309      0.230      0.199     -0.157
79.0000      -29978.898   -29987.234        8.336   334.1     -0.330      0.115     -0.943     -0.202     -0.161     -0.372
79.0500      -29978.986   -29987.764        8.778   351.9     -0.615     -0.453      0.104      0.135      0.459      0.148
79.1000      -29978.715   -29987.809        9.094   364.5      0.247     -0.221     -0.501      0.523     -0.054     -0.835
79.1500      -29979.483   -29987.889        8.406   336.9     -0.004     -0.857     -0.234     -0.403     -0.082      0.479
79.2000      -29979.162   -29988.205        9.043   362.5     -0.502     -0.333     -0.269      0.151     -0.193     -0.480
79.2500      -29979.223   -29987.980        8.757   351.0     -0.093     -0.088     -0.740      0.678     -0.141     -0.088
79.3000      -29979.418   -29987.666        8.248   330.6     -0.842     -0.476     -0.817     -0.235      0.134      0.364
79.3500      -29979.115   -29987.906        8.791   352.4     -0.708     -0.456     -1.022      0.073     -0.038      0.434
79.4000      -29979.343   -29987.779        8.437   338.2      0.064     -0.716     -0.962      0.507      0.370     -0.088
79.4500      -29979.049   -29988.252        9.203   368.9     -0.081      0.245      0.101      0.069      0.343     -0.567
79.5000      -29979.063   -29988.201        9.138   366.3     -1.061     -1.058     -0.365      0.683      0.195      0.316
79.5500      -29979.210   -29987.250        8.040   322.3     -0.432      0.190     -0.888     -0.618      0.168     -0.466
79.6000      -29979.810   -29988.107        8.297   332.6     -0.928     -0.605     -0.454      0.212      0.148      0.218
79.6500      -29979.911   -29988.047        8.136   326.1      0.104     -0.642     -0.097      0.568      0.248      0.201
79.7000      -29980.117   -29988.297        8.180   327.9     -0.858      0.014     -0.117     -0.270      0.219     -0.312
79.7500      -29979.935   -29988.141        8.206   328.9      0.165      0.094     -0.488      0.248      0.121     -0.405
79.8000      -29979.236   -29988.242        9.006   361.0     -0.199     -0.755     -0.318      0.221     -0.174      0.264
79.8500      -29979.485   -29988.193        8.708   349.1     -0.755     -0.457     -0.585     -0.378      0.164     -0.245
79.9000      -29979.326   -29988.797        9.471   379.7     -0.126      0.354     -0.257      0.325     -0.209     -0.748
79.9500      -29979.463   -29988.584        9.121   365.6      0.127      0.036      0.124      0.188      0.140     -0.169
80.0000      -29979.894   -29988.754        8.860   355.1     -0.506     -0.597      0.640      0.004     -0.128     -0.132
80.0500      -29979.855   -29988.324        8.470   339.5     -0.167      0.061     -0.233      0.121     -0.559     -0.376
80.1000      -29979.860   -29988.660        8.801   352.8     -0.810     -0.497     -0.333     -0.377      0.133      0.225
80.1500      -29979.610   -29988.551        8.941   358.4      0.361      0.262     -0.224      0.274      0.214     -0.476
80.2000      -29979.722   -29988.344        8.622   345.6     -0.292      0.244     -0.727      0.366      0.113      0.050
80.2500      -29979.931   -29988.367        8.436   338.2     -0.119      0.054     -0.210      0.009      0.459      0.068
80.3000      -29979.517   -29987.998        8.481   340.0      0.057     -0.354     -0.224     -0.087      0.085     -0.021
80.3500      -29979.272   -29988.461        9.189   368.3     -0.609     -0.554     -0.400      0.239      0.164      0.031
80.4000      -29979.510   -29987.311        7.801   312.7     -0.650      0.381      0.018     -0.012      0.360     -0.055
80.4500      -29979.611   -29987.768        8.156   326.9     -0.263     -0.383     -0.716      0.274     -0.420      0.419
80.5000      -29980.058   -29988.580        8.522   341.6      0.435      0.047     -0.273      0.349      0.791     -0.091
80.5500      -29979.832   -29987.797        7.965   319.3     -0.218     -0.195     -0.610     -0.245      0.045      0.116
80.6000      -29980.296   -29988.203        7.907   317.0     -0.364     -0.156      0.204     -0.349     -0.212     -0.264
80.6500      -29979.944   -29988.471        8.527   341.8     -1.122     -0.923     -0.501      0.047      0.362      0.173
80.7000      -29979.922   -29988.729        8.807   353.0     -0.474     -0.147     -0.255      0.091      0.581     -0.647
80.7500      -29979.643   -29987.344        7.700   308.7      0.510     -0.236     -0.344     -0.508     -0.087     -0.262
80.8000      -29980.019   -29987.834        7.815   313.3     -0.592     -0.361      0.344     -0.228      0.702      0.439
80.8500      -29980.034   -29988.557        8.522   341.6     -0.797     -1.087     -0.673      0.011     -0.550      0.114
80.9000      -29980.107   -29989.107        9.000   360.8     -0.239     -0.679     -0.259     -0.042      0.158      0.096
80.9500      -29979.969   -29988.125        8.156   326.9     -0.514     -0.759     -1.448      0.416     -0.073      0.221
81.0000      -29979.796   -29987.893        8.097   324.6     -0.226     -0.078     -0.095      0.441     -0.157     -0.166
81.0500      -29980.011   -29988.010        7.998   320.6      0.107     -0.724     -0.327      0.096      0.638     -0.023
81.1000      -29979.734   -29987.939        8.205   328.9     -0.019     -0.638     -0.553      0.314      0.401      0.375
81.1500      -29979.815   -29988.398        8.584   344.1     -0.628     -0.796     -0.311      0.061     -0.063     -0.323
81.2000      -29979.406   -29987.947        8.541   342.4      0.488     -1.066     -0.197      0.243      0.089      0.407
81.2500      -29979.280   -29988.166        8.886   356.2     -0.372      0.078     -0.478      0.435      0.001      0.200
81.3000      -29979.811   -29988.211        8.400   336.7     -0.211     -0.618     -0.989     -0.046     -0.054     -0.550
81.3500      -29979.972   -29988.400        8.428   337.8     -0.787      0.503     -0.399      0.261     -0.440     -0.065
81.4000      -29980.402   -29988.895        8.493   340.4      0.950      0.343      0.146      0.279      0.171     -0.032
81.4500      -29980.714   -29989.098        8.384   336.1     -0.336     -0.206     -0.458     -0.445     -0.268      0.638
81.5000      -29980.540   -29988.750        8.210   329.1      0.657      0.060      0.581     -0.120     -0.055     -0.170
81.5500      -29980.123   -29988.066        7.944   318.4     -0.281     -1.092     -1.041      0.175     -0.308      0.281
81.6000      -29980.210   -29988.504        8.294   332.5     -1.509     -0.474     -0.694      0.033      0.499     -0.076
81.6500      -29979.948   -29987.986        8.039   322.2     -0.075     -0.548      0.552     -0.003     -0.029      0.002
81.7000      -29979.860   -29988.445        8.585   344.1      0.533      0.067     -0.331      0.298      0.031     -0.163
81.7500      -29979.909   -29988.334        8.425   337.7      0.093     -1.016      0.021      0.017     -0.020      0.695
81.8000      -29979.716   -29988.285        8.569   343.5      0.333      0.643      0.067     -0.666      0.515     -0.343
81.8500      -29980.234   -29988.467        8.233   330.0     -1.397     -0.651     -0.733      0.043     -0.102      0.429
81.9000      -29980.149   -29988.725        8.576   343.8     -0.240     -0.200     -0.293     -0.290     -0.315     -0.522
81.9500      -29980.625   -29988.471        7.846   314.5      0.283     -0.841     -0.756      0.104      0.144     -0.198
82.0000      -29980.692   -29989.014        8.321   333.6     -0.503     -0.052     -0.898     -0.008     -0.759     -0.050
82.0500      -29981.077   -29988.652        7.575   303.6      0.409      0.683      0.105     -0.148      0.337      0.388
82.1000      -29980.942   -29988.852        7.910   317.1      0.079     -0.847     -0.625      0.242      0.274     -0.049
82.1500      -29981.265   -29988.393        7.128   285.7     -0.429      0.180      0.009      0.009     -0.192      0.072
82.2000      -29981.612   -29988.777        7.165   287.2     -0.565     -0.109     -0.161     -0.260      0.058     -0.423
82.2500      -29981.576   -29989.324        7.748   310.6     -0.249     -0.140      0.234     -0.183      0.135      0.719
82.3000      -29981.073   -29988.514        7.441   298.3      0.402     -0.524     -0.504      0.009     -0.195     -0.513
82.3500      -29981.347   -29988.777        7.430   297.8      0.093      0.545      0.494      0.206      0.396      0.357
82.4000      -29981.137   -29988.600        7.463   299.1     -0.491     -0.361     -0.428     -0.769      0.605     -0.316
82.4500      -29981.577   -29989.006        7.429   297.8     -0.045      0.285     -0.208      0.276     -0.246     -0.377
82.5000      -29981.997   -29989.506        7.509   301.0     -0.986     -0.304     -0.546      0.010     -0.143      0.144
82.5500      -29981.507   -29989.283        7.776   311.7     -0.237     -0.428     -1.027      0.194      0.274     -0.656
82.6000      -29981.764   -29989.344        7.580   303.9     -0.536     -0.204     -0.041      0.262     -0.337      0.080
82.6500      -29981.809   -29989.311        7.501   300.7     -0.218     -0.117      0.090     -0.666      0.153      0.209
82.7000      -29981.545   -29989.266        7.721   309.5     -0.926     -0.707     -0.374      0.610     -0.086     -0.352
82.7500      -29980.946   -29988.225        7.279   291.8     -0.766     -0.754     -0.220      0.455      0.214     -0.275
82.8000      -29980.546   -29988.426        7.880   315.9     -0.504     -0.058     -0.349     -0.014     -0.100      0.626
82.8500      -29980.145   -29988.766        8.620   345.5      0.784     -0.344     -0.137      0.003      0.035     -0.043
82.9000      -29980.729   -29989.141        8.412   337.2     -1.443     -0.201     -0.714      0.222      0.427      0.205
82.9500      -29980.830   -29988.236        7.406   296.9     -1.010     -0.815     -0.592     -0.211      0.165      0.255
83.0000      -29980.730   -29988.893        8.163   327.2     -0.306      0.041     -0.776     -0.046      0.041     -0.019
83.0500      -29980.716   -29988.535        7.819   313.4     -0.325      0.716      0.995     -0.046      0.074     -0.066
83.1000      -29980.661   -29988.686        8.024   321.7      0.770      0.132     -0.288      0.173      0.137      0.243
83.1500      -29980.840   -29988.754        7.913   317.2     -0.561     -0.289     -1.446     -0.222     -0.074     -0.076
83.2000      -29980.999   -29989.260        8.261   331.1     -0.316     -0.279     -0.457      0.208      0.814      0.080
83.2500      -29980.166   -29988.836        8.670   347.5     -1.214     -0.843     -0.922     -0.497     -0.379      0.279
83.3000      -29979.861   -29987.826        7.965   319.3     -0.596     -0.379     -0.192      0.412     -0.286      0.355
83.3500      -29979.508   -29988.227        8.719   349.5     -0.468      0.379      0.336      0.063     -0.175     -0.621
83.4000      -29980.148   -29987.721        7.573   303.5     -0.478     -0.945     -0.984      0.281      0.141      0.252
83.4500      -29980.515   -29988.938        8.422   337.6     -0.324     -0.143      0.303      0.542     -0.100     -0.323
83.5000      -29980.897   -29988.637        7.740   310.2     -0.572     -0.168     -0.525     -0.176      0.195     -0.270
83.5500      -29980.843   -29989.311        8.468   339.4     -1.121      0.349     -0.792     -0.104      0.120     -0.106
83.6000      -29980.618   -29988.844        8.226   329.7      0.171     -0.756     -0.404     -0.577     -0.165     -0.241
83.6500      -29980.754   -29989.451        8.697   348.6     -0.957     -1.048     -0.326     -0.003     -0.481     -0.545
83.7000      -29981.164   -29988.623        7.459   299.0     -0.243     -0.230      0.075      0.042     -0.446     -0.374
83.7500      -29981.117   -29988.900        7.783   312.0     -0.259      0.292      0.106     -0.394     -0.116      0.131
83.8000      -29980.985   -29988.709        7.724   309.6      0.253      1.163     -0.686     -0.485     -0.191      0.377
83.8500      -29980.838   -29989.166        8.328   333.8     -0.571     -0.504     -0.159      0.407     -0.202     -0.300
83.9000      -29980.400   -29988.547        8.147   326.6     -0.325     -0.315     -0.987      0.108     -0.671      0.208
83.9500      -29980.640   -29989.223        8.582   344.0     -0.584      0.769      0.799      0.751      0.100      0.710
84.0000      -29980.830   -29989.061        8.230   329.9     -0.574     -0.768     -0.917     -0.207     -0.742     -0.200
84.0500      -29981.200   -29988.963        7.763   311.2     -0.118     -0.700     -0.372     -0.469     -0.118     -0.011
84.1000      -29980.995   -29989.436        8.441   338.3      0.075     -0.174     -0.452     -0.426      0.039      0.144
84.1500      -29981.275   -29989.391        8.115   325.3      0.272      0.350     -0.006      0.137      0.035      0.131
84.2000      -29981.130   -29988.959        7.829   313.8     -0.064     -0.835     -0.404     -0.445      0.201      0.160
84.2500      -29981.290   -29989.844        8.554   342.9     -0.839     -0.132     -1.430      0.116      0.352      0.392
84.3000      -29981.224   -29989.207        7.983   320.0      0.234      0.132      0.211      0.048      0.023      0.278
84.3500      -29980.517   -29989.240        8.724   349.7     -0.712     -0.165      0.089     -0.206     -0.270      0.008
84.4000      -29980.307   -29989.248        8.941   358.4      0.097      0.895     -0.328      0.142      0.008     -0.173
84.4500      -29980.596   -29988.648        8.052   322.8     -0.137     -0.714     -0.547      0.894      0.109     -0.231
84.5000      -29980.402   -29988.949        8.547   342.6     -0.742     -0.021     -0.777     -0.095      0.140     -0.308
84.5500      -29980.381   -29988.918        8.537   342.2     -0.147     -0.374     -0.231     -0.161      0.329      0.265
84.6000      -29979.772   -29988.330        8.558   343.1     -0.413     -0.572     -0.734     -0.028     -0.108      0.054
84.6500      -29979.785   -29988.215        8.430   337.9     -0.640     -0.288     -0.231     -0.080     -0.094     -0.343
84.7000      -29979.556   -29988.590        9.034   362.1     -0.289     -0.123      0.214      0.560     -0.298      0.561
84.7500      -29979.344   -29987.756        8.412   337.2     -0.019     -0.756     -0.724     -0.254      0.451     -0.620
84.8000      -29979.679   -29987.975        8.296   332.5     -1.017     -0.619     -0.422      0.029      0.304      0.549
84.8500      -29979.922   -29988.529        8.607   345.0      0.551      0.414      0.650      0.388     -0.266     -0.639
84.9000      -29979.774   -29988.312        8.539   342.3     -0.786     -0.232     -0.880      0.192      0.520     -0.456
84.9500      -29980.029   -29988.236        8.208   329.0     -0.034     -0.344      0.870     -0.243      0.004     -0.328
85.0000      -29980.220   -29988.188        7.968   319.4     -0.835     -0.178      0.172      0.572     -0.475      0.782
85.0500      -29979.672   -29988.109        8.438   338.2      0.217      0.189      0.480     -0.288      0.179     -0.423
85.1000      -29980.053   -29987.990        7.938   318.2     -0.367     -0.653      0.269      0.089      0.242     -0.167
85.1500      -29980.332   -29988.418        8.086   324.1     -0.345     -0.968     -0.641      0.277      0.470      0.055
85.2000      -29980.662   -29988.303        7.641   306.3      0.625      1.064      0.014      0.073      0.248     -0.282
85.2500      -29980.413   -29988.912        8.499   340.7     -0.103     -0.150      0.352      0.128      0.248      0.146
85.3000      -29980.921   -29988.879        7.958   319.0      0.544      0.370     -0.240      0.036      0.201     -0.295
85.3500      -29981.406   -29989.014        7.608   305.0     -1.040     -0.590     -0.730      0.651      0.161      0.308
85.4000      -29981.025   -29988.812        7.787   312.1      0.112     -0.783     -0.831     -0.326      0.310      0.320
85.4500      -29981.020   -29988.342        7.322   293.5     -0.868      0.038      0.163      0.074     -0.551     -0.403
85.5000      -29981.070   -29989.266        8.196   328.5     -0.481      0.522      0.261      0.538      0.239      0.065
85.5500      -29981.135   -29989.881        8.746   350.6      0.452     -0.265     -0.151     -0.258     -0.169     -0.074
85.6000      -29980.846   -29988.707        7.861   315.1     -0.154      0.160     -0.526      0.006      0.792     -0.100
85.6500      -29981.146   -29988.768        7.622   305.5     -0.347     -0.760     -0.791      0.469     -0.031     -0.208
85.7000      -29980.891   -29989.012        8.121   325.5     -1.157     -0.073     -0.969     -0.080      0.679      0.070
85.7500      -29980.764   -29988.732        7.968   319.4     -0.587      0.101      0.014      0.620      0.004      0.082
85.8000      -29980.454   -29987.594        7.140   286.2     -1.061     -0.622     -1.530      0.188      0.168     -0.097
85.8500      -29980.250   -29988.498        8.248   330.6      0.113      0.237     -0.179      0.118      0.297     -0.229
85.9000      -29980.098   -29988.752        8.654   346.9      0.403     -0.402      0.350     -0.076     -0.413      0.184
85.9500      -29979.911   -29987.818        7.907   317.0     -0.832     -0.673      0.026     -0.273      0.211      0.340
86.0000      -29979.854   -29987.877        8.023   321.6     -0.824     -0.906     -0.452      0.010      0.226      0.230
86.0500      -29979.669   -29988.203        8.534   342.1      0.457     -1.266     -0.689     -0.864      0.132      0.370
86.1000      -29979.787   -29988.035        8.248   330.6     -0.791      0.300     -0.989     -0.307      0.335      0.007
86.1500      -29979.384   -29988.129        8.745   350.5     -0.124     -0.760      0.124      0.260     -0.121      0.333
86.2000      -29979.679   -29987.641        7.962   319.1     -0.299      0.535     -0.878     -0.377      0.297     -0.285
86.2500      -29979.571   -29987.896        8.326   333.7     -0.389     -1.476     -0.695     -0.579     -0.275      0.035
86.3000      -29979.610   -29988.348        8.738   350.3     -0.879     -1.421      0.371      0.047     -0.088     -0.401
86.3500      -29979.900   -29989.045        9.145   366.6     -0.323     -0.599     -0.306      0.317      0.063      0.045
86.4000      -29979.930   -29988.410        8.480   339.9     -0.771     -0.851     -0.449     -0.855     -0.196     -0.188
86.4500      -29980.035   -29988.104        8.069   323.4      0.302     -0.097     -0.725     -0.208      0.596      0.337
86.5000      -29979.371   -29987.691        8.321   333.5     -0.929     -1.624      0.041      0.762     -0.053     -0.377
86.5500      -29979.668   -29988.230        8.562   343.2     -0.606     -1.500     -0.680     -0.311     -0.000      0.350
86.6000      -29979.890   -29988.896        9.007   361.0     -0.888     -0.224     -0.138      0.295     -1.027     -0.015
86.6500      -29979.879   -29988.811        8.931   358.0     -0.027     -0.101     -0.632     -0.644      0.009     -0.258
86.7000      -29979.956   -29988.977        9.020   361.6     -0.359     -0.099      0.401      0.192      0.093     -0.603
86.7500      -29980.215   -29988.932        8.716   349.4     -0.250      0.633     -0.840      0.133      0.368      0.242
86.8000      -29979.824   -29988.055        8.231   329.9     -0.788     -1.142     -0.112      0.427      0.139     -0.377
86.8500      -29980.095   -29988.197        8.103   324.8      0.291      0.024     -0.096     -0.157     -0.156      0.156
86.9000      -29980.165   -29988.467        8.302   332.8      0.381     -0.412      0.012     -0.387      0.542     -0.288
86.9500      -29980.167   -29988.479        8.311   333.2      0.316     -0.131     -0.593     -0.212     -0.837      0.218
87.0000      -29980.352   -29988.586        8.234   330.0     -1.031     -0.932     -0.315     -0.676      0.337     -0.394
87.0500      -29980.583   -29988.494        7.911   317.1     -0.155     -0.636     -0.131      0.150      0.672     -0.339
87.1000      -29980.073   -29988.842        8.768   351.5     -0.064      0.308      0.214      0.132     -0.235     -0.394
87.1500      -29979.797   -29987.629        7.832   314.0     -1.085     -0.272     -0.470     -0.037     -0.196     -0.080
87.2000      -29979.487   -29988.490        9.003   360.9      0.717      0.171      0.429      0.171      0.324     -0.200
87.2500      -29979.258   -29988.725        9.467   379.5     -1.020     -1.461     -0.757      0.038      0.280     -0.427
87.3000      -29979.518   -29988.109        8.591   344.4      0.710      0.326      1.047      0.331      0.184     -0.041
87.3500      -29979.433   -29988.486        9.054   362.9      0.385     -0.259      0.948      0.078      0.029      0.017
87.4000      -29979.593   -29987.854        8.261   331.1     -1.001     -0.385     -0.420      0.194     -0.238     -0.278
87.4500      -29979.288   -29987.752        8.464   339.3      0.661     -0.973     -0.480      0.145     -0.318     -0.035
87.5000      -29979.506   -29988.018        8.511   341.2     -0.591     -0.504     -1.238     -0.004      0.140      0.139
87.5500      -29979.729   -29988.145        8.415   337.3      0.109     -1.220     -0.153     -0.057      0.422      0.121
87.6000      -29979.936   -29988.094        8.158   327.0     -0.706     -0.409      0.262     -0.270     -0.199     -0.012
87.6500      -29980.248   -29988.484        8.237   330.2      0.795     -0.410      0.225     -0.357      0.746     -0.414
87.7000      -29979.234   -29988.215        8.981   360.0      0.025      0.353      0.447      0.118     -0.162     -0.080
87.7500      -29979.198   -29988.078        8.881   356.0     -0.501     -0.415     -0.928      0.016     -0.352     -0.261
87.8000      -29979.470   -29988.445        8.976   359.8      0.227      0.119     -0.251      0.187     -0.079      0.160
87.8500      -29979.549   -29988.344        8.795   352.5     -1.113     -0.308      0.207     -0.019     -0.066     -0.587
87.9000      -29979.065   -29987.650        8.585   344.1     -0.413     -0.386     -0.229      0.123      0.214     -0.033
87.9500      -29979.605   -29987.988        8.383   336.0     -1.336      0.107     -0.596     -0.225      0.302     -0.450
88.0000      -29979.519   -29987.887        8.367   335.4     -0.136     -0.628     -0.542      0.600     -0.667      0.224
88.0500      -29979.177   -29988.205        9.028   361.9     -0.123     -0.017     -0.428     -0.167     -0.127     -0.437
88.1000      -29979.615   -29988.439        8.824   353.7     -0.966     -0.785     -1.939     -0.119      0.285      0.355
88.1500      -29979.771   -29988.100        8.329   333.9      0.301     -0.374      0.376     -0.417     -0.082     -0.194
88.2000      -29979.963   -29987.996        8.033   322.0     -0.079     -0.275      0.041     -0.498      0.503      0.490
88.2500      -29980.040   -29989.029        8.989   360.3     -0.841     -0.607     -0.679     -0.096      0.462      0.375
88.3000      -29980.116   -29988.391        8.274   331.7     -1.282     -0.712     -0.363      0.729      0.814      0.327
88.3500      -29979.616   -29988.477        8.860   355.2     -0.283      0.220      0.169     -0.194      0.085      0.034
88.4000      -29979.406   -29987.877        8.471   339.6     -1.458     -0.280     -0.610     -0.385     -0.443      0.520
88.4500      -29979.474   -29988.543        9.069   363.5     -0.643     -0.433     -0.217     -0.038      0.169     -0.210
88.5000      -29979.621   -29988.727        9.106   365.0     -0.440      0.523      0.531      0.581      0.054      0.198
88.5500      -29979.923   -29988.621        8.698   348.7      0.647     -1.059     -0.024      0.046     -0.130     -0.091
88.6000      -29980.073   -29988.906        8.833   354.1     -0.548     -0.709      0.358      0.138     -0.220     -0.218
88.6500      -29980.403   -29988.643        8.239   330.3     -0.019     -0.978      0.957     -0.084     -0.165      0.003
88.7000      -29979.982   -29988.287        8.305   332.9     -0.042     -0.606     -0.801     -0.487      0.241      0.178
88.7500      -29980.156   -29988.111        7.955   318.9     -0.389     -0.529     -0.368      0.046     -0.345      0.746
88.8000      -29980.170   -29988.004        7.834   314.0     -0.246      0.241     -0.410     -0.283      0.197     -0.112
88.8500      -29980.151   -29988.867        8.716   349.4     -0.127      0.246      0.752      0.374     -0.128     -0.491
88.9000      -29980.895   -29988.842        7.947   318.5     -0.040     -0.298     -1.241      0.345      0.353      0.645
88.9500      -29981.109   -29989.094        7.985   320.1     -0.125     -0.309      0.434     -0.180     -0.338     -0.523
89.0000      -29981.170   -29989.211        8.041   322.3     -0.173     -1.440     -1.017      0.351      0.176      0.709
89.0500      -29981.105   -29989.787        8.682   348.0     -0.358     -0.237     -0.358      0.203     -0.183      0.294
89.1000      -29981.169   -29989.031        7.862   315.1     -1.404     -1.132     -1.055      0.407     -0.217     -0.043
89.1500      -29980.965   -29988.611        7.646   306.5     -0.226      0.205     -0.290      0.151      0.306      0.506
89.2000      -29980.767   -29988.990        8.223   329.6     -0.580     -0.479      0.354      0.244     -0.218     -0.078
89.2500      -29980.981   -29989.098        8.116   325.3      0.881     -0.706      0.636     -0.318     -0.154      0.291
89.3000      -29980.918   -29988.898        7.980   319.9      0.391      0.230     -0.041      0.216     -1.076     -0.004
89.3500      -29980.493   -29988.885        8.392   336.4     -0.040     -0.050      0.422      0.471      0.055     -0.361
89.4000      -29979.900   -29988.338        8.438   338.2      0.105     -0.991      0.425      0.409      0.125      0.124
89.4500      -29979.534   -29988.576        9.043   362.5      0.088      0.068     -0.383      0.080     -0.188      0.426
89.5000      -29979.640   -29988.205        8.565   343.3     -0.624      0.158     -1.123     -0.398     -0.017     -0.334
89.5500      -29979.225   -29987.891        8.665   347.4      0.223     -0.577     -0.609      0.583     -0.392      0.223
89.6000      -29979.200   -29987.271        8.071   323.5      0.023     -0.417      0.186      0.572     -0.021     -0.113
89.6500      -29979.248   -29987.902        8.654   346.9      0.262     -0.394      0.610      0.402      0.001      0.491
89.7000      -29979.479   -29987.912        8.433   338.0      0.124      0.064     -0.787      0.444      0.072     -0.292
89.7500      -29979.548   -29988.779        9.231   370.0     -0.655     -0.916     -0.830      0.184     -0.323      0.350
89.8000      -29979.751   -29988.172        8.421   337.5     -1.027      0.199     -0.641     -0.310      0.062     -0.217
89.8500      -29979.302   -29987.432        8.129   325.9     -0.837     -0.889     -0.493      0.731      0.162      0.619
89.9000      -29979.349   -29987.912        8.563   343.2     -0.560     -0.855     -0.150      0.457      0.520      0.411
89.9500      -29979.470   -29988.311        8.841   354.4     -0.517     -0.857     -1.172      0.436     -0.007     -0.067
90.0000      -29979.857   -29988.336        8.479   339.9     -0.136     -0.081      0.084     -0.131      0.416     -0.207
90.0500      -29980.260   -29988.881        8.620   345.5      0.357     -0.624     -0.528      0.250      0.357      0.733
90.1000      -29980.893   -29988.322        7.429   297.8     -1.155     -0.482     -0.482      0.061     -0.462     -0.229
90.1500      -29980.857   -29988.891        8.034   322.0      0.052     -0.029      0.238     -0.224      0.211     -0.045
90.2000      -29980.656   -29988.914        8.258   331.0     -0.192     -0.758     -0.047      0.141     -0.000     -0.100
90.2500      -29980.528   -29988.707        8.179   327.8     -0.124     -0.984     -0.420     -0.205     -0.249     -0.649
90.3000      -29980.741   -29988.760        8.019   321.4     -0.075     -0.330     -0.442      0.211     -0.367      0.116
90.3500      -29980.775   -29988.744        7.969   319.4     -0.720     -0.709     -0.722     -0.251      0.078     -0.314
90.4000      -29980.637   -29988.387        7.749   310.6     -0.977     -0.483      0.031     -0.189     -0.336      0.133
90.4500      -29980.536   -29988.049        7.513   301.2     -1.122     -0.505     -0.790      0.029      0.287     -0.266
90.5000      -29980.372   -29988.193        7.821   313.5     -0.205     -0.806      0.003     -0.087      0.096      0.036
90.5500      -29980.762   -29988.770        8.008   321.0      0.523      0.028     -0.379      0.099      0.628      0.158
90.6000      -29980.765   -29988.424        7.659   307.0     -0.813      0.551      0.377     -0.004     -0.449      0.030
90.6500      -29980.563   -29988.084        7.521   301.5     -0.400     -0.859     -0.301      0.223      0.461      0.379
90.7000      -29980.734   -29988.668        7.934   318.0     -0.422     -0.327     -0.241     -0.268     -0.311      0.451
90.7500      -29980.650   -29988.564        7.914   317.2     -0.153      0.137      0.104     -0.225     -0.077      0.044
90.8000      -29980.671   -29988.588        7.917   317.3     -0.696     -0.631     -0.831     -0.105      0.046      0.039
90.8500      -29981.011   -29989.145        8.134   326.0      0.649      0.016     -0.398      0.033      0.312      0.525
90.9000      -29981.094   -29989.133        8.039   322.2     -0.478      0.047     -0.003     -0.303      0.147      0.048
90.9500      -29980.558   -29988.936        8.378   335.8     -0.525      0.098     -1.272      0.487     -0.152     -0.528
91.0000      -29980.244   -29988.838        8.594   344.5     -0.746     -0.244      0.520      0.217      0.483     -0.477
91.0500      -29979.627   -29987.781        8.154   326.9     -1.094     -1.047     -0.817     -1.029      0.129      0.692
91.1000      -29980.153   -29988.018        7.865   315.3     -0.125      0.359     -0.288      0.188     -0.276      0.185
91.1500      -29980.591   -29988.213        7.622   305.5     -0.342     -0.500     -0.909     -0.185     -0.153      0.090
91.2000      -29980.346   -29987.834        7.488   300.2     -0.143      0.259      0.037     -0.083      0.063     -0.454
91.2500      -29979.875   -29988.162        8.287   332.2     -0.317     -1.134     -1.827     -0.172     -0.041     -0.003
91.3000      -29979.499   -29987.779        8.280   331.9     -0.651     -0.063      0.163     -0.363     -0.030      0.749
91.3500      -29979.467   -29988.201        8.735   350.1      0.137      0.177     -0.689     -0.069     -0.365      0.167
91.4000      -29979.781   -29987.963        8.182   328.0      0.654      0.368      0.328      0.482     -0.042      0.270
91.4500      -29980.033   -29988.021        7.989   320.2     -0.420     -0.278     -0.225      0.092      0.839     -0.251
91.5000      -29979.879   -29988.135        8.256   330.9     -0.557     -0.219     -0.723      0.427     -0.346     -0.130
91.5500      -29979.583   -29987.988        8.405   336.9     -0.076     -0.403     -1.015     -0.221      0.548     -0.061
91.6000      -29979.314   -29987.975        8.660   347.1     -0.405     -1.482     -0.491     -0.520     -0.486      0.114
91.6500      -29979.138   -29987.836        8.698   348.7     -0.084     -0.089     -0.217     -0.302     -0.065     -0.312
91.7000      -29978.991   -29988.080        9.089   364.3     -0.797     -0.227     -0.184      0.772      0.006      0.139
91.7500      -29978.614   -29987.684        9.070   363.6     -0.023     -0.223     -0.394     -0.062     -0.311      0.219
91.8000      -29978.741   -29987.830        9.089   364.3     -0.482      0.431     -0.830     -0.051      0.093      0.351
91.8500      -29979.502   -29988.742        9.240   370.4      0.463      0.021      0.335     -0.432     -0.269     -0.390
91.9000      -29979.891   -29988.096        8.205   328.9     -0.960     -0.264     -0.102      0.207     -0.458     -0.319
91.9500      -29980.337   -29988.195        7.858   315.0      0.465     -0.341     -0.607     -0.161      0.034      0.754
92.0000      -29980.140   -29988.479        8.339   334.3     -0.724     -0.290      0.160     -0.380     -0.004     -0.074
92.0500      -29980.120   -29988.748        8.628   345.9      0.157     -0.984     -1.263     -0.087      0.161     -0.001
92.1000      -29979.389   -29987.869        8.480   339.9     -0.494     -0.227     -0.008     -0.018     -0.065     -0.123
92.1500      -29979.598   -29987.562        7.965   319.3     -0.245     -1.199     -1.472      0.033      0.195     -0.216
92.2000      -29978.806   -29987.076        8.271   331.5     -1.491      0.162      0.356     -0.372     -0.139     -0.097
92.2500      -29978.985   -29987.340        8.355   334.9     -0.721      0.587      0.711     -0.082     -0.253     -0.097
92.3000      -29979.171   -29988.236        9.066   363.4     -0.485     -0.578     -0.377      0.206      0.130      0.570
92.3500      -29979.640   -29988.490        8.851   354.8     -1.410     -0.643     -0.162      0.142     -0.223     -0.111
92.4000      -29979.723   -29987.984        8.261   331.1      0.103      0.784      0.540      0.081     -0.164     -0.034
92.4500      -29979.554   -29987.820        8.266   331.3      0.104     -0.369     -0.344      0.591     -0.097     -0.017
92.5000      -29980.216   -29987.807        7.591   304.3     -0.681     -0.574     -0.316     -0.560      0.286     -0.149
92.5500      -29980.271   -29988.273        8.002   320.8     -0.413     -1.030     -0.504      0.444     -0.160      0.031
92.6000      -29980.405   -29988.494        8.089   324.2     -0.616     -1.435     -1.332     -0.519      0.074     -0.507
92.6500      -29980.235   -29987.799        7.564   303.2      0.362     -0.116      1.004     -0.377      0.061     -0.285
92.7000      -29980.464   -29988.451        7.987   320.2     -0.012     -0.458     -0.550     -0.168     -0.115      0.266
92.7500      -29979.846   -29988.246        8.400   336.7     -0.149     -0.551     -0.210     -0.271      0.213     -0.325
92.8000      -29978.992   -29988.068        9.076   363.8     -0.280      0.210     -0.433      0.157     -0.146      0.077
92.8500      -29979.274   -29987.941        8.667   347.4     -0.727     -0.431     -0.846     -0.717     -0.253      0.045
92.9000      -29979.099   -29987.980        8.882   356.0     -0.351     -0.777     -0.273      0.006      0.292      0.057
92.9500      -29979.374   -29987.719        8.345   334.5     -0.080      0.062      0.639      0.176      0.096     -0.252
93.0000      -29978.929   -29987.879        8.949   358.7     -0.518      0.466     -1.008     -0.422     -0.494     -0.116
93.0500      -29979.531   -29988.387        8.856   355.0     -0.902     -0.164     -0.202      0.318     -0.408     -0.571
93.1000      -29979.770   -29987.947        8.177   327.8     -0.651     -0.786     -1.160      0.171     -0.270      0.027
93.1500      -29980.004   -29987.875        7.871   315.5     -0.757     -0.450     -0.700      0.306     -0.074     -0.556
93.2000      -29979.486   -29987.338        7.852   314.7      0.184     -0.037      0.675     -0.291      0.318     -0.106
93.2500      -29979.492   -29987.631        8.139   326.2     -0.124      0.164      0.157     -0.449     -0.680     -0.346
93.3000      -29979.148   -29987.127        7.979   319.8     -0.532     -0.419     -0.250     -0.148     -0.248     -0.242
93.3500      -29979.187   -29987.877        8.690   348.3     -0.605      0.211     -0.348     -0.596     -0.047      0.252
93.4000      -29979.649   -29987.420        7.771   311.5     -0.448      0.266     -0.600      0.017      0.019      0.127
93.4500      -29980.344   -29988.654        8.310   333.1     -0.744      0.059     -1.058     -0.214      0.116      0.153
93.5000      -29980.680   -29988.250        7.570   303.5     -0.085      0.361      1.402     -0.241     -0.001     -0.396
93.5500      -29980.507   -29988.549        8.042   322.4      0.321      0.655     -0.253     -0.181      0.806      0.190
93.6000      -29980.485   -29987.900        7.415   297.2     -0.708     -0.009     -0.228     -0.246     -0.234     -0.096
93.6500      -29980.281   -29987.840        7.559   303.0     -0.405     -0.269      0.151      0.156     -0.048      0.141
93.7000      -29979.862   -29987.412        7.550   302.6     -0.729     -0.280     -1.449     -0.538     -0.175     -0.308
93.7500      -29980.395   -29988.711        8.316   333.3     -0.433     -0.318      0.377     -0.062     -0.223      0.278
93.8000      -29979.893   -29988.250        8.357   335.0      0.539     -0.249     -1.611     -0.011     -0.284      0.058
93.8500      -29980.095   -29988.230        8.135   326.1      0.288     -0.543     -0.762     -0.317      0.014     -0.259
93.9000      -29980.012   -29988.650        8.638   346.3     -0.635     -0.620     -0.535     -0.177     -0.282     -0.112
93.9500      -29979.668   -29988.840        9.172   367.7     -1.019     -0.540     -0.023     -0.284     -0.103     -0.316
94.0000      -29979.700   -29987.834        8.134   326.0     -0.274     -0.937     -0.495      0.187     -0.107      0.056
94.0500      -29979.891   -29987.686        7.795   312.5     -0.236     -0.327     -0.136     -0.166      0.054     -0.389
94.1000      -29979.854   -29988.611        8.758   351.0     -1.625     -1.199     -0.556      0.378     -0.113     -0.016
94.1500      -29979.778   -29988.305        8.527   341.8     -0.222     -1.149     -0.612      0.050     -0.175      0.239
94.2000      -29979.949   -29987.998        8.049   322.7     -0.427      0.277     -0.135     -0.001     -0.082      0.404
94.2500      -29979.780   -29987.555        7.775   311.7     -0.024      0.128      0.355      0.362      0.179     -0.253
94.3000      -29979.662   -29987.643        7.981   319.9      0.600     -0.450     -0.735      0.056     -0.180      0.037
94.3500      -29979.212   -29987.854        8.641   346.4      0.197      0.437      0.696     -0.386     -0.210     -0.476
94.4000      -29979.426   -29987.713        8.287   332.2     -0.807     -0.651     -1.092     -0.095      0.480     -0.030
94.4500      -29978.991   -29987.096        8.104   324.9     -1.382     -1.943     -0.623      0.244     -0.258     -0.288
94.5000      -29979.261   -29987.266        8.005   320.9     -0.071     -0.827     -0.992      0.009     -0.193     -0.182
94.5500      -29979.758   -29987.350        7.591   304.3     -0.351      0.213      1.071      0.562     -0.112     -0.137
94.6000      -29979.907   -29987.709        7.802   312.8      0.300     -0.146      0.034     -0.339      0.223     -0.195
94.6500      -29979.545   -29987.053        7.507   300.9      0.012      0.818      0.628     -0.366      0.166     -0.112
94.7000      -29979.747   -29987.809        8.062   323.2      0.579     -1.239      0.411      0.265      0.518     -0.146
94.7500      -29979.394   -29987.441        8.048   322.6     -0.338     -0.500     -0.081     -0.552      0.015     -0.167
94.8000      -29979.217   -29987.287        8.070   323.5     -0.641     -0.884     -0.829     -0.052      0.102      0.496
94.8500      -29979.654   -29987.695        8.041   322.3     -0.501     -0.251     -0.592      0.167      0.521     -0.045
94.9000      -29979.393   -29988.080        8.687   348.2      0.469     -0.039      0.038     -0.360     -0.103     -0.328
94.9500      -29979.022   -29987.316        8.294   332.5     -1.280     -0.868     -0.495      0.391     -0.200      0.168
95.0000      -29979.069   -29987.207        8.138   326.2      0.061     -0.630      0.177      0.114     -0.219      0.170
95.0500      -29979.334   -29987.502        8.168   327.4     -0.632      0.156     -0.461     -0.239      0.176     -0.066
95.1000      -29979.706   -29988.094        8.388   336.2     -0.068      0.282     -0.021      0.406     -0.316      1.042
95.1500      -29979.859   -29987.883        8.024   321.6     -0.159     -0.021     -0.322      0.259      0.282     -0.791
95.2000      -29979.767   -29988.082        8.315   333.3      0.219      0.763      0.214     -0.566     -0.088      0.612
95.2500      -29980.646   -29988.939        8.294   332.4     -0.732     -0.730     -0.531     -0.082     -0.056     -0.259
95.3000      -29981.006   -29989.453        8.447   338.6      0.462     -0.666     -0.064     -0.337      0.081     -0.182
95.3500      -29980.470   -29988.654        8.184   328.0     -0.481     -0.320      0.080     -0.289     -0.643      0.140
95.4000      -29979.888   -29987.779        7.891   316.3     -0.623     -0.101     -0.697     -0.427     -0.456      0.310
95.4500      -29979.196   -29987.746        8.550   342.7     -0.288     -0.954      0.019      0.012      0.474     -0.396
95.5000      -29979.155   -29987.924        8.769   351.5     -0.782     -1.735     -1.105      0.153     -0.415     -0.234
95.5500      -29979.623   -29988.133        8.510   341.1     -0.985     -0.365     -0.543     -0.154     -0.528     -0.420
95.6000      -29979.149   -29987.207        8.058   323.0      0.274      0.313      0.140      0.435     -0.172      0.609
95.6500      -29978.927   -29986.963        8.036   322.1     -0.346     -1.249     -0.924      0.497     -0.025     -0.294
95.7000      -29978.535   -29986.549        8.014   321.2     -0.056      0.216      0.020     -0.461     -0.523     -0.374
95.7500      -29978.535   -29986.789        8.254   330.9     -0.412      0.194     -0.989     -0.182      0.091      0.080
95.8000      -29978.889   -29986.791        7.902   316.8     -1.166      0.684      0.760      0.655      0.010     -0.197
95.8500      -29978.931   -29987.328        8.397   336.6     -0.412     -0.625     -0.688     -0.901      0.100      0.680
95.9000      -29979.303   -29987.447        8.144   326.4     -0.365     -0.710     -0.014      0.557      0.273     -0.002
95.9500      -29979.453   -29987.109        7.656   306.9     -0.528      0.378     -0.461     -0.011      0.092     -0.010
96.0000      -29979.782   -29987.055        7.272   291.5      0.022     -0.092     -0.320      0.198     -0.420      0.234
96.0500      -29979.879   -29987.199        7.320   293.4     -0.388      0.525     -0.277      0.106      0.095      0.218
96.1000      -29979.905   -29987.357        7.453   298.7     -1.059     -0.179     -0.464     -0.241     -0.094     -0.452
96.1500      -29980.008   -29988.191        8.184   328.0      0.259     -0.411     -0.152      0.236      0.074      0.388
96.2000      -29979.978   -29987.816        7.838   314.2      0.543      0.350      1.165     -0.187     -0.021      0.178
96.2500      -29979.509   -29988.209        8.700   348.7      0.822      0.805      0.115      0.123      0.628      0.082
96.3000      -29979.247   -29987.836        8.589   344.3     -1.224     -0.267     -0.607      0.566      0.099     -0.594
96.3500      -29979.245   -29987.270        8.025   321.7      0.106     -0.172      0.615     -0.038      0.263     -0.140
96.4000      -29979.057   -29987.807        8.750   350.7      1.053      0.009      0.304      0.039      0.083      0.009
96.4500      -29978.861   -29987.098        8.237   330.2     -0.633      0.621      0.178      0.392      0.515      0.052
96.5000      -29979.199   -29987.973        8.774   351.7      0.136     -0.516      0.457      0.115      0.075     -0.290
96.5500      -29979.321   -29987.693        8.373   335.6      0.279      0.063     -0.232     -0.359     -0.314     -0.050
96.6000      -29978.844   -29987.641        8.796   352.6     -0.331     -0.793     -0.461     -0.180     -0.441      0.474
96.6500      -29979.154   -29987.539        8.385   336.1      0.375     -0.431     -0.418     -0.266      0.265     -0.224
96.7000      -29979.507   -29988.102        8.595   344.5      0.063     -0.738     -1.221      0.414     -0.522      0.163
96.7500      -29979.483   -29987.518        8.035   322.1     -0.639     -0.695      0.074     -0.192      0.054      0.064
96.8000      -29979.674   -29987.824        8.150   326.7      0.211      0.633     -0.228     -0.281      0.017     -0.499
96.8500      -29979.906   -29988.072        8.166   327.3     -1.470      0.169      0.465      0.092      0.077      0.826
96.9000      -29980.065   -29988.184        8.119   325.4      1.655      0.656     -0.247      0.147     -0.167     -0.029
96.9500      -29979.967   -29988.000        8.033   322.0     -0.457     -0.415     -0.443      0.028      0.271     -0.193
97.0000      -29979.587   -29987.902        8.316   333.3     -0.558      0.074     -0.073      0.277      0.107      0.392
97.0500      -29979.870   -29988.215        8.345   334.5      0.428     -0.041     -0.318      0.697     -0.134      0.257
97.1000      -29980.147   -29987.965        7.817   313.4     -1.271     -0.872     -0.929     -0.533      0.005      0.175
97.1500      -29980.314   -29988.484        8.170   327.5     -0.635     -0.341     -1.126     -0.074      0.399      0.233
97.2000      -29980.387   -29988.463        8.076   323.7      1.137      0.029     -0.190     -0.137     -0.269     -0.244
97.2500      -29980.662   -29988.508        7.846   314.5     -0.709     -0.687     -0.881      0.321      0.451     -0.021
97.3000      -29979.946   -29988.535        8.589   344.3     -0.351      0.471     -0.372     -0.161      0.065     -0.390
97.3500      -29980.205   -29988.346        8.141   326.3     -0.399     -0.366      0.016      0.131      0.207      0.559
97.4000      -29980.195   -29988.197        8.002   320.8     -0.449     -1.238     -1.941      0.180     -0.013     -0.627
97.4500      -29979.987   -29988.191        8.204   328.9     -0.419      0.203     -0.366     -0.270     -0.166     -0.062
97.5000      -29979.644   -29988.287        8.643   346.4     -0.439     -0.523     -0.838     -0.317     -0.127     -0.322
97.5500      -29979.291   -29987.668        8.377   335.8     -0.789      0.552      0.208      0.672      0.034     -0.501
97.6000      -29979.396   -29987.840        8.444   338.5     -0.200     -1.133     -0.842     -0.251     -0.090      0.059
97.6500      -29979.495   -29987.854        8.359   335.1     -0.545      0.474     -0.207      0.327     -0.465     -0.466
97.7000      -29979.551   -29987.832        8.281   331.9     -0.291     -1.174     -0.300      0.575     -0.214      0.040
97.7500      -29979.117   -29988.283        9.166   367.4      0.294     -0.132      0.209     -0.051      0.097     -0.328
97.8000      -29979.517   -29988.318        8.801   352.8      0.255     -0.376      0.089     -0.121     -0.367      0.310
97.8500      -29979.150   -29988.129        8.979   359.9     -0.416      0.122     -0.575     -0.325     -0.179     -0.007
97.9000      -29978.918   -29987.568        8.650   346.7      0.732     -0.017      0.198      0.275     -0.145      0.207
97.9500      -29978.464   -29987.520        9.055   363.0     -0.007      0.365      1.179     -0.015      0.503      0.029
98.0000      -29978.011   -29986.361        8.350   334.7     -0.781      0.233     -1.444      0.336     -0.375      0.083
98.0500      -29978.159   -29987.381        9.222   369.7     -0.253     -0.745     -0.871     -0.835     -0.247     -0.133
98.1000      -29978.431   -29987.529        9.098   364.7     -0.215     -0.682      0.600     -0.184     -0.045     -0.180
98.1500      -29978.390   -29987.658        9.268   371.5     -0.001     -0.611     -1.250     -0.198     -0.196     -0.369
98.2000      -29978.376   -29986.514        8.138   326.2     -0.692     -0.200     -0.623      0.019      0.044     -0.197
98.2500      -29978.422   -29987.674        9.252   370.9     -0.868     -0.193     -0.393     -0.045      0.157      0.321
98.3000      -29978.152   -29987.404        9.252   370.9     -0.332      0.147     -1.546     -0.076     -0.051     -0.044
98.3500      -29978.329   -29987.186        8.857   355.0     -1.263      0.270     -0.143     -0.088      0.568     -0.241
98.4000      -29978.426   -29986.666        8.240   330.3     -0.761      0.023      0.131      0.060     -0.137      0.620
98.4500      -29978.343   -29986.297        7.954   318.8      0.299      0.195      0.514     -0.172      0.105     -0.012
98.5000      -29978.420   -29986.951        8.531   342.0     -0.241      0.155     -0.578     -0.364     -0.257     -0.866
98.5500      -29978.814   -29987.148        8.334   334.1      0.372      0.265     -0.930     -0.404      0.351     -0.162
98.6000      -29978.503   -29987.506        9.003   360.9      0.834      0.085     -0.167      0.075     -0.146      0.255
98.6500      -29978.933   -29987.711        8.778   351.9     -0.190      0.321     -0.401     -0.428      0.230     -0.127
98.7000      -29978.983   -29987.539        8.556   343.0      1.064     -0.009     -1.078     -0.099      0.211     -0.061
98.7500      -29979.533   -29987.521        7.988   320.2     -1.206     -0.114     -0.394      0.082      0.026     -0.326
98.8000      -29979.705   -29988.023        8.319   333.5     -0.578      0.226     -1.449     -0.488     -0.092     -0.108
98.8500      -29979.758   -29988.332        8.574   343.7     -1.110      0.198     -0.405     -0.074      0.643     -0.420
98.9000      -29979.624   -29987.803        8.179   327.8     -0.632     -0.319      0.503      0.509      0.285     -0.163
98.9500      -29979.401   -29987.084        7.683   308.0     -0.497     -0.869     -0.016     -0.142      0.055     -0.516
99.0000      -29979.237   -29987.996        8.759   351.1     -0.498     -0.094     -1.180     -0.094      0.198     -0.561
99.0500      -29979.757   -29988.312        8.556   342.9      0.523      0.568      0.194      0.083      0.104      0.157
99.1000      -29979.638   -29988.143        8.505   340.9     -0.309     -0.942     -0.671      0.305     -0.302     -0.255
99.1500      -29979.970   -29987.824        7.854   314.8     -0.490      0.490     -0.221      0.327     -0.133      0.020
99.2000      -29979.608   -29987.953        8.345   334.5     -0.438      0.507      0.077      0.037     -0.386     -0.245
99.2500      -29979.538   -29987.711        8.173   327.6     -0.491     -0.289      0.429      0.307      0.003      0.278
99.3000      -29979.280   -29987.570        8.290   332.3     -0.155     -0.077      0.368     -0.998     -0.012     -0.339
99.3500      -29979.695   -29988.346        8.651   346.8      0.251     -0.586      0.301      0.558      0.161     -0.028
99.4000      -29979.379   -29987.963        8.584   344.1     -0.441     -0.106     -0.127     -0.380     -0.050     -0.599
99.4500      -29979.398   -29988.229        8.830   354.0     -0.354     -0.312     -0.642      0.596     -0.046      0.480
99.5000      -29979.087   -29987.984        8.897   356.6     -1.167     -1.061     -1.031     -0.270     -0.198     -0.534
99.5500      -29979.028   -29987.227        8.199   328.7     -0.759      0.167     -0.723      0.322     -0.143      0.352
99.6000      -29979.042   -29987.359        8.317   333.4     -0.098     -0.525     -0.214      0.178     -0.158      0.177
99.6500      -29979.445   -29987.613        8.168   327.4     -0.031     -0.253     -0.496      0.231     -0.345      0.547
99.7000      -29979.548   -29988.055        8.506   341.0     -1.052     -0.340      0.242      0.053      0.010     -0.216
99.7500      -29979.610   -29988.330        8.720   349.5     -0.244     -0.251      0.803      0.039     -0.207      0.150
99.8000      -29979.427   -29988.070        8.643   346.5     -0.341      0.639     -0.543      0.112     -0.011     -0.123
99.8500      -29979.895   -29988.352        8.456   339.0      0.230     -0.289      0.344     -0.144      0.419     -0.018
99.9000      -29979.943   -29988.270        8.327   333.8      0.299      0.688     -0.504     -0.106     -0.501     -0.144
99.9500      -29979.474   -29987.510        8.035   322.1     -0.593      0.131     -0.420      0.441      0.362      0.560
100.0000     -29979.315   -29988.088        8.773   351.7      0.168     -0.823     -0.295     -0.174      0.141      0.378
100.0500     -29979.363   -29988.055        8.691   348.4     -0.067     -1.115     -1.209      0.309     -0.226      0.113
100.1000     -29979.427   -29988.385        8.958   359.1     -0.325      0.026      0.038      0.481     -0.479      0.364
100.1500     -29979.469   -29988.105        8.636   346.2      0.306      0.575      0.952     -0.165     -0.092     -0.177
100.2000     -29979.277   -29987.908        8.631   346.0      0.305      0.827     -0.270      0.312      0.068     -0.519
100.2500     -29979.047   -29987.758        8.711   349.2     -0.912     -0.486     -0.011     -0.001     -0.582     -0.131
100.3000     -29978.918   -29988.008        9.090   364.4      0.665     -0.410     -0.175      0.269      0.433      0.511
100.3500     -29979.658   -29988.006        8.348   334.6     -1.201     -0.312     -1.001     -0.101     -0.608      0.610
100.4000     -29979.756   -29987.986        8.231   329.9     -0.384      0.377     -0.281     -0.047     -0.672     -0.144
100.4500     -29980.009   -29988.355        8.346   334.6     -0.102      0.295      0.672      0.213      0.044     -0.189
100.5000     -29980.308   -29987.977        7.669   307.4     -0.988      0.184     -1.724     -0.044     -0.383      0.711
100.5500     -29980.782   -29988.898        8.116   325.3     -0.029     -0.130      0.636     -0.212      0.182     -0.055
100.6000     -29980.857   -29988.428        7.570   303.5     -0.320      0.273     -0.353     -0.345     -0.123     -0.039
100.6500     -29980.468   -29988.650        8.182   328.0     -0.033     -1.179      0.567      0.209      0.598     -0.061
100.7000     -29980.696   -29988.887        8.190   328.3     -0.339     -0.115      0.304     -0.677      0.258     -0.186
100.7500     -29980.263   -29988.988        8.726   349.8      0.204      0.363      0.142     -0.235     -1.013      0.662
100.8000     -29980.421   -29988.623        8.202   328.8     -0.600     -0.879     -0.490     -0.033     -0.632     -0.402
100.8500     -29980.701   -29989.189        8.489   340.3     -0.620     -0.095     -0.488      0.300      0.105      0.585
100.9000     -29980.360   -29988.377        8.017   321.4     -0.082     -0.193      0.724     -0.759      0.004      0.094
100.9500     -29980.313   -29988.938        8.624   345.7     -0.518      0.068      0.744     -0.072      0.039      0.015
101.0000     -29980.356   -29988.893        8.536   342.2     -0.501      0.714     -0.113     -0.062     -0.217     -0.187
101.0500     -29981.229   -29989.406        8.178   327.8      0.182      0.417      0.456     -0.312     -0.133     -0.427
101.1000     -29981.184   -29989.805        8.621   345.6     -0.623     -0.671     -0.608     -0.109      0.457      0.042
101.1500     -29981.011   -29989.291        8.280   331.9      0.408     -0.646     -0.030     -0.075      0.493      0.017
101.2000     -29981.057   -29989.361        8.304   332.9     -0.960     -0.219     -0.704     -0.449     -0.567      0.270
101.2500     -29980.730   -29989.637        8.907   357.0     -0.199     -0.422     -0.211     -0.223      0.339     -0.030
101.3000     -29980.571   -29988.863        8.292   332.4     -1.028     -0.937     -0.814     -0.389      0.087     -0.199
101.3500     -29980.561   -29989.131        8.570   343.5     -1.098     -0.867     -1.314      0.436      0.623      0.305
101.4000     -29980.364   -29988.799        8.435   338.1     -0.455     -2.210     -0.621     -0.099      0.294     -0.023
101.4500     -29980.565   -29989.180        8.615   345.3     -0.239     -0.946     -0.809     -0.868      0.051     -0.345
101.5000     -29980.344   -29987.760        7.416   297.3     -0.550     -0.227      0.294      0.182      0.248      0.136
101.5500     -29980.152   -29988.322        8.171   327.5     -0.224      0.209      0.059     -0.237     -0.619     -0.661
101.6000     -29980.459   -29988.072        7.613   305.2     -1.017     -0.756     -0.891     -0.729     -0.277     -0.392
101.6500     -29980.253   -29988.660        8.407   337.0     -0.906     -0.765     -0.185      0.484     -0.206      0.444
101.7000     -29979.772   -29988.430        8.657   347.0      0.448      0.332      0.920      0.002     -0.670      0.152
101.7500     -29979.749   -29987.252        7.503   300.8     -0.101     -0.949      0.080     -0.072     -0.234      0.108
101.8000     -29980.088   -29988.494        8.406   337.0      0.456      0.237      0.175      0.050     -0.105      0.153
101.8500     -29980.113   -29988.211        8.097   324.6     -0.073     -0.669     -0.767     -0.168     -0.567     -0.298
101.9000     -29980.122   -29988.219        8.097   324.6      0.040     -0.324     -0.618     -0.230     -0.083     -0.248
101.9500     -29980.044   -29988.506        8.462   339.2      0.796      0.685      0.411      0.090     -0.173      0.264
102.0000     -29979.850   -29988.594        8.744   350.5      0.689      0.420      0.586     -0.099      0.187      0.426
102.0500     -29980.022   -29988.900        8.878   355.9     -0.638     -0.218     -0.606      0.540      0.427      0.021
102.1000     -29980.275   -29988.992        8.717   349.4     -0.117      0.757      0.624     -0.080      0.266     -0.498
102.1500     -29980.212   -29988.506        8.294   332.5     -0.706     -0.219     -0.648     -0.203      0.320     -0.170
102.2000     -29981.234   -29989.463        8.229   329.9     -0.887     -0.327     -0.480     -0.409      0.201      0.221
102.2500     -29980.724   -29988.980        8.257   331.0     -0.992      0.023      0.391      0.276      0.590     -0.362
102.3000     -29980.556   -29989.105        8.549   342.7     -0.232     -0.530     -0.110      0.151     -0.037     -0.041
102.3500     -29980.439   -29988.361        7.922   317.5     -0.689      0.478     -0.893      0.014      0.315     -0.454
102.4000     -29980.598   -29988.607        8.010   321.1      0.689      0.071      0.401      0.032     -0.150      0.179
102.4500     -29980.504   -29988.646        8.143   326.4      0.006     -0.024     -0.234      0.225     -0.500     -0.261
102.5000     -29980.471   -29988.561        8.089   324.3      0.481      0.985      0.084     -0.183     -0.088     -0.290
102.5500     -29980.752   -29988.332        7.580   303.8      0.167     -0.991     -0.474      0.157     -0.114      0.082
102.6000     -29980.469   -29988.352        7.882   316.0      0.767     -0.852     -0.549     -0.113     -0.238      0.297
102.6500     -29980.858   -29988.953        8.095   324.5      0.178     -0.247      0.362      0.244     -0.118     -0.288
102.7000     -29980.683   -29988.773        8.091   324.3      0.109     -0.167      0.566     -0.276     -0.178     -0.400
102.7500     -29980.906   -29988.764        7.858   315.0     -0.243     -0.283      0.225     -0.016     -0.233      0.434
102.8000     -29980.892   -29989.672        8.779   351.9     -0.224     -0.255      0.020      0.397      0.046     -0.160
102.8500     -29981.191   -29989.490        8.299   332.7      0.082     -0.400      0.649     -0.044     -0.106     -0.062
102.9000     -29981.110   -29988.607        7.498   300.5      0.264     -0.457      0.117      0.565      0.566      0.450
102.9500     -29980.698   -29988.047        7.349   294.6     -0.369     -0.984     -0.009      0.058      0.079      0.291
103.0000     -29980.710   -29989.230        8.521   341.6      0.035     -0.292     -0.024      0.065      0.650      0.168
103.0500     -29980.532   -29988.318        7.786   312.1      1.023      0.324      1.048     -0.301      0.316     -0.547
103.1000     -29980.484   -29988.682        8.198   328.6     -0.738     -0.118     -0.423     -0.454      0.067     -0.375
103.1500     -29980.077   -29988.395        8.317   333.4     -0.336     -0.282      0.257      0.063      0.348     -0.019
103.2000     -29980.170   -29988.266        8.095   324.5     -0.182      0.254     -1.082     -0.332      0.433     -0.685
103.2500     -29980.695   -29989.191        8.497   340.6      0.445     -0.900      0.472      0.301      0.085     -0.134
103.3000     -29980.965   -29989.438        8.472   339.6     -0.951     -0.067      0.161      0.372     -0.136      0.090
103.3500     -29980.818   -29989.139        8.321   333.5     -0.024      0.247     -0.015      0.474     -0.071      0.139
103.4000     -29981.120   -29988.662        7.542   302.3      0.569     -0.458      0.403     -0.260     -0.100      0.141
103.4500     -29981.606   -29989.145        7.538   302.2     -0.423     -0.647     -0.441     -0.095      0.655      0.067
103.5000     -29981.402   -29988.891        7.489   300.2     -0.618     -0.922     -1.248     -0.244      0.343      1.151
103.5500     -29981.344   -29989.238        7.895   316.5     -0.138      0.191      0.259      0.292      0.042     -0.245
103.6000     -29981.797   -29989.273        7.476   299.7     -0.358     -0.519     -0.250     -0.286     -0.302     -0.009
103.6500     -29982.036   -29989.053        7.017   281.3      0.148      0.062     -0.057      0.324      0.550      0.340
103.7000     -29981.974   -29989.715        7.741   310.3      0.489     -0.315      0.415     -0.261      0.062     -0.104
103.7500     -29982.445   -29990.043        7.598   304.6     -0.417     -0.793     -0.785     -0.206      0.475      0.247
103.8000     -29981.949   -29990.193        8.244   330.5      0.286     -0.118     -0.594      0.074      0.180     -0.559
103.8500     -29981.602   -29989.334        7.732   309.9     -0.667      0.174     -0.976      0.092     -0.579      0.347
103.9000     -29981.827   -29990.250        8.423   337.6     -0.044     -1.183     -0.573     -0.223      0.335     -0.092
103.9500     -29982.181   -29990.281        8.101   324.7     -0.399     -1.193     -0.684      0.048      0.142      0.240
104.0000     -29982.093   -29989.865        7.772   311.5      0.168     -0.339     -0.315      0.026      0.291      0.332
104.0500     -29982.039   -29989.943        7.904   316.8     -0.260     -0.377     -0.164     -0.275     -0.477     -0.126
104.1000     -29982.115   -29990.094        7.979   319.8     -0.568      0.491      0.056     -0.174      0.150      0.394
104.1500     -29981.647   -29989.562        7.916   317.3     -0.869      0.070      0.273      0.029      0.122     -0.007
104.2000     -29981.497   -29989.275        7.779   311.8     -0.844     -0.907     -0.649      0.206     -0.029      0.054
104.2500     -29981.815   -29989.660        7.845   314.5     -0.351      0.271      0.283     -0.036      0.346     -0.076
104.3000     -29981.924   -29989.801        7.877   315.7      0.020     -0.645      0.167     -0.397     -0.196     -0.112
104.3500     -29981.685   -29989.688        8.003   320.8     -0.516      0.166     -0.213     -0.650      0.003      0.371
104.4000     -29981.648   -29989.643        7.995   320.5      0.739      0.239     -0.610      0.016      0.279     -0.563
104.4500     -29981.979   -29989.680        7.701   308.7     -0.328     -0.137      0.589     -0.082      0.045      0.706
104.5000     -29982.332   -29989.992        7.660   307.0      0.525      0.168     -0.662      0.365     -0.045     -0.113
104.5500     -29981.571   -29989.648        8.077   323.8      0.914     -0.592     -0.147      0.459      0.530      0.169
104.6000     -29982.045   -29990.225        8.180   327.9     -0.511     -1.032     -0.328      0.059      0.107     -0.161
104.6500     -29981.565   -29989.465        7.900   316.7     -0.294     -0.292     -1.021     -0.018     -0.385      0.349
104.7000     -29981.822   -29989.891        8.069   323.4     -0.330     -0.930      0.174     -0.267      0.236      0.367
104.7500     -29981.579   -29989.910        8.331   333.9     -0.998     -0.267     -1.825     -0.084     -0.395     -0.255
104.8000     -29981.341   -29990.213        8.872   355.6     -0.655     -0.493     -0.252      0.040     -0.013     -0.097
104.8500     -29981.462   -29989.166        7.704   308.8     -0.277     -0.216     -0.018      0.045      0.753     -0.604
104.9000     -29981.220   -29989.627        8.407   337.0     -0.388     -0.834     -1.066     -0.701     -0.485     -0.237
104.9500     -29980.880   -29989.174        8.294   332.5     -0.077     -0.494     -0.629     -0.061     -0.054      0.847
105.0000     -29980.600   -29988.801        8.201   328.7     -1.566     -0.529     -0.356      0.244     -0.174     -0.629
105.0500     -29980.218   -29988.582        8.364   335.3     -0.233     -0.332     -0.394     -0.366      0.043      0.552
105.1000     -29979.902   -29988.727        8.824   353.7     -0.433     -0.762     -0.805      0.485      0.057      0.408
105.1500     -29979.811   -29988.762        8.951   358.8     -0.449     -0.255     -1.294     -0.136     -0.293     -0.184
105.2000     -29980.015   -29989.650        9.635   386.2     -0.767      0.255      0.338     -0.189      0.378     -0.256
105.2500     -29980.898   -29989.596        8.697   348.6     -0.330     -0.842     -0.873      0.202      0.198      0.255
105.3000     -29980.970   -29990.180        9.209   369.2     -1.291     -0.483     -1.579     -0.008      0.059     -0.633
105.3500     -29981.077   -29989.051        7.974   319.6     -0.286     -1.388     -0.646     -0.655      0.176      0.292
105.4000     -29981.579   -29988.914        7.335   294.0     -0.108     -0.181     -0.131      0.544     -0.483      0.081
105.4500     -29981.440   -29989.477        8.037   322.2     -0.424     -1.407     -1.194      0.201      0.191      0.605
105.5000     -29981.700   -29989.342        7.642   306.3      0.465     -0.462     -1.193     -0.321     -0.494     -0.094
105.5500     -29981.696   -29989.229        7.533   302.0     -0.282     -0.056      0.230      0.297     -0.050     -0.138
105.6000     -29981.582   -29989.295        7.713   309.2     -0.442     -0.263     -0.720      0.244     -0.930      0.392
105.6500     -29981.696   -29989.461        7.765   311.3     -0.157      0.406     -0.924      0.260      0.023      0.100
105.7000     -29981.663   -29989.637        7.973   319.6     -1.526      0.383     -0.633      0.052     -0.191      1.021
105.7500     -29982.147   -29990.041        7.894   316.4     -0.079     -0.658     -0.411     -0.357     -0.096     -0.448
105.8000     -29982.210   -29989.408        7.199   288.6      0.023     -0.296     -0.349     -0.183     -0.019      0.098
105.8500     -29982.106   -29990.791        8.685   348.1     -0.272     -0.166     -0.203     -0.139      0.001     -0.018
105.9000     -29981.562   -29989.518        7.955   318.9     -0.731     -0.504     -0.071     -0.300      0.235      0.249
105.9500     -29981.483   -29989.459        7.976   319.7     -0.129      0.352     -0.195     -0.079     -0.113     -0.119
106.0000     -29981.537   -29989.674        8.137   326.2     -0.133      0.711      0.002     -0.178      0.092      0.247
106.0500     -29980.842   -29989.396        8.554   342.9      0.336      0.479     -0.638      0.519      0.156     -0.534
106.1000     -29981.195   -29989.590        8.395   336.5     -0.461      0.186     -1.043      0.046     -0.007      0.171
106.1500     -29981.407   -29989.584        8.177   327.8     -0.460     -0.983     -1.620      0.145      0.313      0.084
106.2000     -29981.723   -29989.365        7.643   306.3     -0.364      0.073     -0.244     -0.146     -0.409      0.347
106.2500     -29981.813   -29989.285        7.472   299.5     -0.119     -0.794     -0.724      0.134      0.340      0.251
106.3000     -29982.433   -29990.523        8.090   324.3     -0.229     -0.185     -0.790      0.564      0.026      0.120
106.3500     -29982.502   -29990.637        8.135   326.1      0.080      0.714      0.603      0.118      0.422      0.243
106.4000     -29982.121   -29990.545        8.423   337.7     -0.246     -1.231     -0.084      0.365     -0.498      0.156
106.4500     -29982.061   -29989.734        7.673   307.6     -0.703     -0.299     -0.012      0.195     -0.001      0.011
106.5000     -29981.836   -29989.904        8.068   323.4      0.696     -0.583     -0.468     -0.389     -0.332     -0.348
106.5500     -29981.805   -29989.430        7.624   305.6     -0.642      0.175     -0.513     -0.233      0.607     -0.238
106.6000     -29981.699   -29989.314        7.615   305.2     -0.357      0.289     -0.011      0.235     -0.289     -0.337
106.6500     -29981.221   -29990.139        8.918   357.5     -0.618     -0.300     -0.122      0.165     -0.235     -0.559
106.7000     -29981.212   -29989.861        8.649   346.7     -0.893     -0.515      0.069     -0.239     -0.337     -0.015
106.7500     -29981.330   -29989.211        7.881   315.9     -0.494      0.717      0.175      0.317      0.107      0.238
106.8000     -29981.028   -29989.600        8.572   343.6      0.074     -0.198      0.343      0.082      0.851      0.117
106.8500     -29981.369   -29989.141        7.771   311.5     -0.331     -0.919     -0.627     -0.320     -0.031      0.045
106.9000     -29981.596   -29989.922        8.326   333.7     -0.874     -1.426     -1.329      0.777     -0.031      0.070
106.9500     -29981.176   -29989.330        8.154   326.8     -0.613     -0.287     -0.433     -0.271     -0.506     -0.023
107.0000     -29980.722   -29989.678        8.955   359.0     -0.825     -0.406     -0.631      0.532     -0.260      0.090
107.0500     -29980.321   -29988.637        8.316   333.3     -0.153     -0.401     -0.926      0.202      0.235     -0.306
107.1000     -29980.553   -29988.678        8.125   325.7     -0.630     -0.439     -1.577     -0.072      0.290      0.302
107.1500     -29980.817   -29989.152        8.336   334.1      0.682      0.471      1.449      0.310     -0.201      0.113
107.2000     -29980.452   -29989.262        8.810   353.1      0.088     -0.573     -0.385      0.084     -0.044      0.245
107.2500     -29980.294   -29989.555        9.261   371.2      0.079     -0.166     -0.133      0.131     -0.105     -0.196
107.3000     -29980.897   -29989.430        8.533   342.0     -0.576     -1.004     -0.283      0.199      0.578      0.260
107.3500     -29980.430   -29988.900        8.470   339.5      0.198     -0.311     -0.132     -0.138     -0.304     -0.471
107.4000     -29980.420   -29989.223        8.803   352.9     -0.050     -0.279     -0.460      0.375      0.593      0.447
107.4500     -29980.995   -29989.285        8.290   332.3     -0.600     -0.557      0.387     -0.026      0.339     -0.281
107.5000     -29980.736   -29988.410        7.674   307.6     -0.394     -0.432      0.254     -0.157      0.369     -0.148
107.5500     -29981.011   -29989.506        8.495   340.5      0.286     -0.533      0.026     -0.329      0.099     -0.027
107.6000     -29980.850   -29988.762        7.911   317.1      0.192     -0.410      1.140      0.152      0.506     -0.295
107.6500     -29980.581   -29989.119        8.538   342.3     -0.309     -0.853     -0.117     -0.310      0.109      0.494
107.7000     -29980.716   -29988.402        7.686   308.1     -0.199     -0.563     -0.838     -0.353     -0.006     -0.158
107.7500     -29980.542   -29988.379        7.836   314.1      0.126      0.351     -0.169      0.704      0.013     -0.349
107.8000     -29980.511   -29988.555        8.044   322.4      0.617     -0.258     -0.635     -0.304     -0.289      0.138
107.8500     -29980.580   -29988.752        8.172   327.6     -1.431     -0.222     -0.494     -0.166     -0.635      0.521
107.9000     -29980.360   -29988.203        7.843   314.4      0.091     -0.653     -0.074      0.721     -0.174     -0.196
107.9500     -29980.243   -29988.953        8.710   349.2     -1.045      0.205      0.157     -0.358     -0.295      0.288
108.0000     -29980.376   -29987.951        7.575   303.6     -0.033     -0.678     -0.514     -0.331      0.314     -0.444
108.0500     -29980.544   -29989.227        8.682   348.0     -1.347      0.040     -0.257     -0.121      0.214      0.146
108.1000     -29981.018   -29989.111        8.094   324.4     -0.394      0.123     -0.050     -0.224      0.258     -0.294
108.1500     -29980.852   -29988.654        7.803   312.8      0.059      0.363      0.128     -0.219      0.374     -0.101
108.2000     -29980.587   -29988.873        8.286   332.2     -0.675     -0.049      0.317     -0.093      0.459     -0.316
108.2500     -29980.353   -29988.410        8.058   323.0     -0.011     -0.510     -0.041     -0.331      0.202     -0.135
108.3000     -29980.750   -29988.863        8.113   325.2     -0.002      0.066     -0.058     -0.229      0.395     -0.753
108.3500     -29980.859   -29988.547        7.688   308.2      0.302      1.002      0.934      0.460     -0.691     -0.126
108.4000     -29980.580   -29989.047        8.467   339.4     -0.582     -0.982     -0.325      0.095     -0.022      0.100
108.4500     -29980.903   -29989.102        8.199   328.7      0.379      0.325     -0.659     -0.332     -0.195      0.005
108.5000     -29980.931   -29989.289        8.358   335.0      0.193     -0.779      0.504     -0.094      0.012     -0.306
108.5500     -29980.156   -29988.518        8.361   335.2      0.058     -0.994      0.353     -0.571     -0.155      0.392
108.6000     -29980.342   -29988.045        7.703   308.8     -0.074      0.228     -0.189      0.574     -0.284     -0.308
108.6500     -29980.499   -29988.229        7.730   309.8     -0.581     -0.912     -1.139     -0.293      0.617     -0.513
108.7000     -29980.406   -29988.676        8.270   331.5     -0.835     -0.422     -0.160     -0.268     -0.189      0.211
108.7500     -29980.262   -29988.662        8.400   336.7     -0.340     -0.837      0.243     -0.135      0.769     -0.596
108.8000     -29981.092   -29988.965        7.873   315.6     -0.186     -0.182     -0.178      0.642     -0.237      0.183
108.8500     -29980.898   -29989.387        8.489   340.3     -1.514     -0.784      0.062     -0.003      0.261     -0.721
108.9000     -29981.074   -29989.553        8.479   339.9      0.552      0.196     -0.835     -0.141      0.269      0.398
108.9500     -29980.582   -29988.682        8.100   324.7     -0.853     -1.172      0.236      0.347     -0.174     -0.035
109.0000     -29980.708   -29988.242        7.534   302.0     -1.123     -0.155     -0.772     -0.497     -0.225      0.257
109.0500     -29980.554   -29988.029        7.476   299.7     -0.052      0.168     -0.256      0.322     -0.197     -1.063
109.1000     -29981.032   -29989.066        8.035   322.1     -0.633     -0.232     -0.710     -0.029     -0.090      0.055
109.1500     -29980.852   -29989.354        8.501   340.8     -0.343     -0.800     -0.795     -0.495     -0.228      0.127
109.2000     -29980.577   -29988.643        8.066   323.3     -0.578     -1.274      0.924      0.101     -0.267     -0.101
109.2500     -29980.468   -29988.494        8.026   321.7      0.522      0.474     -0.418     -0.100     -0.406      0.146
109.3000     -29980.251   -29988.256        8.005   320.9     -0.636     -0.121      0.581     -0.031      0.225      0.021
109.3500     -29980.745   -29989.416        8.671   347.6     -0.946     -0.370     -1.453      0.434     -0.630      0.262
109.4000     -29981.345   -29989.828        8.483   340.0     -0.716     -1.422      0.417     -0.351     -0.247     -0.538
109.4500     -29980.621   -29988.680        8.058   323.0      0.771     -0.012     -0.921      0.152      0.153     -0.002
109.5000     -29980.439   -29988.996        8.557   343.0     -0.948     -0.959     -0.143     -0.006     -0.034     -0.432
109.5500     -29980.370   -29988.670        8.300   332.7     -0.867      0.132     -0.269      0.035     -0.233      0.467
109.6000     -29980.082   -29989.273        9.192   368.4     -0.053     -0.734     -0.369      0.032      0.184      0.117
109.6500     -29980.477   -29988.986        8.509   341.1     -0.102     -0.285     -0.984     -0.136     -0.296     -0.218
109.7000     -29980.170   -29988.596        8.426   337.7     -0.312     -1.115      0.215      0.141      0.371     -0.243
109.7500     -29979.886   -29988.922        9.036   362.2      0.134     -0.429     -0.057      0.032     -0.077      0.438
109.8000     -29979.630   -29988.432        8.802   352.8     -0.351     -0.458     -0.349     -0.054      0.015     -0.374
109.8500     -29980.376   -29989.031        8.655   346.9     -0.058     -0.324      0.461     -0.026     -0.207      0.395
109.9000     -29980.384   -29988.295        7.911   317.1      0.221     -0.367      0.317     -0.076     -0.071     -0.375
109.9500     -29980.149   -29988.535        8.386   336.2     -0.572     -0.743     -0.589     -0.120     -0.030      0.078
110.0000     -29980.263   -29988.500        8.237   330.2     -0.439     -0.650      0.038     -0.277      0.362     -0.633
110.0500     -29980.501   -29988.453        7.952   318.7     -1.176     -1.034     -0.891      0.659      0.450      0.301
110.1000     -29980.628   -29988.760        8.132   326.0      0.419      0.093     -0.417     -0.790      0.365      0.268
110.1500     -29980.410   -29988.098        7.687   308.1     -0.234      0.003      0.806      0.093     -0.075      0.329
110.2000     -29980.583   -29988.812        8.229   329.9      0.620     -0.499      0.118      0.160      0.587      0.715
110.2500     -29980.447   -29988.666        8.219   329.5     -0.665     -0.816     -0.349      0.193     -0.467     -0.300
110.3000     -29980.216   -29988.680        8.463   339.3     -0.243     -0.386     -1.454     -0.668      0.217     -0.044
110.3500     -29979.864   -29987.885        8.021   321.5     -1.408     -0.228     -0.363      0.168      0.115     -0.204
110.4000     -29979.714   -29988.414        8.700   348.7     -0.327     -0.408     -0.811     -0.193     -0.284     -0.047
110.4500     -29979.777   -29988.918        9.141   366.4      0.455     -0.408     -0.240     -0.033     -0.174     -0.708
110.5000     -29980.145   -29988.367        8.222   329.6     -0.582     -0.613      0.206     -0.150      0.512      0.550
110.5500     -29979.779   -29988.051        8.272   331.6     -0.464     -0.406     -0.519      0.011     -0.159     -0.633
110.6000     -29980.188   -29988.113        7.926   317.7     -0.502      0.352     -0.450      0.466     -0.230      0.386
110.6500     -29980.401   -29988.059        7.658   307.0     -1.104      0.003     -0.230      0.116     -0.515      0.340
110.7000     -29979.912   -29987.877        7.965   319.3      0.663     -0.192      0.879      0.153     -0.176      0.729
110.7500     -29980.024   -29987.938        7.914   317.2      0.049      0.404      0.088      0.463      0.506     -0.411
110.8000     -29980.081   -29988.465        8.384   336.1     -0.563     -0.373     -0.391      0.094     -0.375      0.853
110.8500     -29979.966   -29987.826        7.860   315.1     -1.107     -1.718     -0.704      0.268      0.302      0.004
110.9000     -29980.294   -29988.607        8.313   333.2     -1.974     -0.756     -1.262      0.258     -0.439     -0.120
110.9500     -29980.118   -29988.098        7.979   319.9     -0.813     -0.877     -0.200     -0.342      0.196      0.193
111.0000     -29980.324   -29988.455        8.131   325.9      0.396     -0.005     -0.688      0.396     -0.057      0.068
111.0500     -29979.769   -29988.152        8.384   336.1     -0.461     -1.044     -0.159     -0.193      0.202      0.128
111.1000     -29979.882   -29988.740        8.858   355.1     -0.572     -0.199     -0.421      0.109     -0.151      0.067
111.1500     -29980.073   -29988.088        8.015   321.3     -0.182      0.085      0.742      0.302      0.221      0.880
111.2000     -29980.294   -29988.660        8.366   335.4      0.353     -0.947     -0.423     -0.606      0.828     -0.347
111.2500     -29979.672   -29988.367        8.695   348.5     -0.264     -0.680      0.046     -0.165      0.382     -0.037
111.3000     -29979.993   -29987.705        7.712   309.1     -0.648      0.255     -0.448     -0.182     -0.277      0.380
111.3500     -29979.599   -29987.447        7.848   314.6     -0.140     -0.245     -0.590     -0.189     -0.509     -0.425
111.4000     -29979.181   -29987.119        7.938   318.2      0.436     -0.050      0.782     -0.745      0.106      0.117
111.4500     -29979.567   -29987.605        8.038   322.2      0.955     -0.375     -0.123      0.007      0.430     -0.014
111.5000     -29979.628   -29988.070        8.442   338.4      0.250     -0.164      0.494      0.250     -0.298      0.007
111.5500     -29979.557   -29987.818        8.261   331.2      0.050      0.068     -1.214     -0.559     -0.245     -0.079
111.6000     -29979.633   -29987.133        7.499   300.6     -1.007     -1.077     -0.467     -0.432     -0.136     -1.015
111.6500     -29979.400   -29987.232        7.832   313.9     -1.229     -0.963     -0.284      0.032      0.077     -0.271
111.7000     -29979.772   -29987.854        8.081   323.9      0.004     -0.143     -0.735     -0.239      0.105      0.221
111.7500     -29979.651   -29987.807        8.156   326.9      0.012     -0.608      0.467      0.056     -0.537      0.622
111.8000     -29979.519   -29987.818        8.300   332.7     -0.399     -0.623      0.211     -0.586      0.139     -0.043
111.8500     -29979.664   -29988.342        8.678   347.8     -0.096     -0.156     -0.394      0.248     -0.376      0.019
111.9000     -29979.473   -29988.355        8.883   356.1     -1.091     -0.870     -0.212     -0.501      0.361      0.330
111.9500     -29979.784   -29988.262        8.478   339.8     -0.592      0.236      0.581     -0.057     -0.196      0.281
112.0000     -29980.117   -29987.781        7.664   307.2      0.829     -0.048      0.011     -0.095      0.250      0.311
112.0500     -29979.602   -29987.691        8.090   324.3     -0.667     -0.033     -0.440     -0.331      0.315     -0.068
112.1000     -29979.267   -29988.342        9.075   363.8     -0.937     -0.878     -0.647     -0.369     -0.832      0.526
112.1500     -29979.299   -29987.090        7.791   312.3      0.487      0.063     -1.052      0.358      0.683     -0.307
112.2000     -29979.168   -29987.580        8.412   337.2     -0.837     -0.465     -0.217     -0.002      0.816      0.277
112.2500     -29978.409   -29987.031        8.622   345.6      0.779     -0.193      1.307     -0.232     -0.099      0.261
112.3000     -29978.800   -29986.941        8.142   326.4     -0.611      0.175     -0.475      0.431      0.105     -0.102
112.3500     -29978.804   -29987.650        8.847   354.6     -0.550     -0.649     -0.985     -0.184      0.485     -0.064
112.4000     -29978.950   -29987.398        8.448   338.6     -0.946     -0.199     -0.872      0.002     -0.322      0.004
112.4500     -29978.966   -29987.924        8.958   359.1     -0.841     -1.518     -1.268      0.206      0.476     -0.250
112.5000     -29979.329   -29987.799        8.470   339.5     -1.272     -0.272     -0.982      0.145      0.076     -0.114
112.5500     -29979.509   -29988.043        8.534   342.1     -0.103      0.397     -0.138      0.339     -0.020     -0.215
112.6000     -29980.106   -29988.301        8.194   328.5     -1.047     -0.656     -0.679      0.313     -0.234     -0.488
112.6500     -29980.467   -29988.473        8.006   320.9      0.419      0.037     -1.072      0.102      0.461      0.586
112.7000     -29980.589   -29988.453        7.864   315.2     -0.832     -0.108      0.280      0.322     -0.120     -0.248
112.7500     -29980.511   -29988.574        8.063   323.2      0.277     -0.514     -0.855      0.240      0.335      0.462
112.8000     -29979.965   -29988.688        8.722   349.6     -0.014     -0.103     -0.381      0.046      0.111      0.589
112.8500     -29979.754   -29987.928        8.174   327.6     -0.809     -0.936      0.825      0.234      0.197     -0.287
112.9000     -29980.000   -29987.873        7.873   315.6     -0.511     -0.439     -0.112     -0.050     -0.034     -0.833
112.9500     -29980.018   -29987.973        7.954   318.9      0.065     -0.218     -0.792     -0.801     -0.382      0.153
113.0000     -29979.580   -29988.078        8.498   340.7     -0.249     -1.453     -0.369     -0.085      0.154      1.103
113.0500     -29980.135   -29988.209        8.074   323.7     -0.891     -0.808     -0.529     -0.041     -0.427     -0.769
113.1000     -29979.832   -29988.184        8.352   334.8     -1.250     -0.839      0.008      0.346      0.040     -0.355
113.1500     -29979.776   -29988.471        8.695   348.5     -0.686     -1.494     -2.003     -0.433     -0.069     -0.602
113.2000     -29980.348   -29988.635        8.287   332.2     -1.142     -0.591     -0.347      0.193     -0.696      0.239
113.2500     -29980.773   -29989.014        8.241   330.3     -0.977     -0.579     -1.049      0.497      0.163      0.110
113.3000     -29980.735   -29988.928        8.193   328.4     -0.527     -0.543      0.386      0.015     -0.400     -0.228
113.3500     -29980.058   -29989.041        8.983   360.1     -1.039     -0.692      0.403      0.260      0.001      0.176
113.4000     -29980.619   -29989.014        8.395   336.5     -0.198     -0.362     -1.216     -0.316      0.069      0.202
113.4500     -29980.480   -29988.682        8.201   328.7      0.201     -0.026      0.037      0.115      0.065     -0.148
113.5000     -29980.623   -29988.152        7.529   301.8      1.105      0.402     -0.017      0.385      0.440     -0.408
113.5500     -29980.742   -29988.414        7.672   307.5     -1.180     -0.374      0.801     -0.263     -0.137      0.166
113.6000     -29980.511   -29988.289        7.778   311.8     -0.001     -0.297     -0.329     -0.028      0.398     -0.198
113.6500     -29979.999   -29988.008        8.009   321.0     -0.306     -0.621     -0.708      0.436      0.281      0.346
113.7000     -29979.841   -29988.814        8.973   359.7      0.164      0.052     -0.739     -0.021     -0.412     -0.356
113.7500     -29980.439   -29988.986        8.547   342.6      0.273      1.303      0.581     -0.380      0.699      0.126
113.8000     -29980.512   -29987.865        7.353   294.8      0.002      0.396     -0.025      0.103     -0.266      0.526
113.8500     -29980.226   -29988.092        7.866   315.3      0.798     -0.940     -0.261     -0.262      0.178      0.116
113.9000     -29980.216   -29987.760        7.544   302.4     -0.662     -0.027     -0.187      0.249     -0.057      0.002
113.9500     -29980.842   -29988.604        7.762   311.1      0.153      0.245      0.412     -0.012     -0.194      0.133
114.0000     -29980.702   -29988.699        7.997   320.6      0.331     -0.657      0.602      0.843      0.099      0.046
114.0500     -29980.301   -29988.264        7.962   319.2     -0.110     -0.268      0.012     -0.361      0.028     -0.334
114.1000     -29980.335   -29988.090        7.755   310.8      0.306     -0.247     -0.131      0.384      0.198     -0.194
114.1500     -29980.148   -29987.781        7.634   306.0     -0.972     -0.363     -0.341      0.256     -0.125      0.480
114.2000     -29980.471   -29988.340        7.869   315.4     -0.332     -0.322     -0.503      0.014      0.078     -0.734
114.2500     -29980.163   -29987.752        7.589   304.2     -0.944      0.326     -1.212     -0.505     -0.159      0.334
114.3000     -29980.031   -29987.457        7.426   297.7     -0.188     -0.175     -0.350     -0.693     -0.342      0.223
114.3500     -29979.721   -29988.139        8.418   337.4     -0.634      0.134      0.566      0.201      0.450     -0.198
114.4000     -29979.451   -29987.908        8.457   339.0     -0.093     -0.178     -0.429      0.350     -0.058     -0.106
114.4500     -29978.941   -29987.643        8.702   348.8      0.182     -0.582      0.576     -0.583     -0.310      0.467
114.5000     -29978.654   -29987.998        9.344   374.5     -0.226      0.014     -0.023     -0.524      0.430     -0.224
114.5500     -29979.727   -29988.018        8.291   332.3      0.531     -0.282     -0.432     -0.210     -0.315      0.503
114.6000     -29979.407   -29986.973        7.566   303.3      0.066     -0.692     -0.619     -0.051     -0.580     -0.512
114.6500     -29979.062   -29987.266        8.203   328.8     -0.595      0.620      0.381     -0.376      0.609     -0.221
114.7000     -29978.733   -29987.961        9.228   369.9     -0.149     -0.899     -0.108      0.122     -0.423      0.179
114.7500     -29979.087   -29987.139        8.052   322.8      0.850      0.704      0.680     -0.811     -0.173      0.004
114.8000     -29978.748   -29988.105        9.357   375.1     -0.113      0.307     -0.383      0.073      0.231      0.061
114.8500     -29979.086   -29987.775        8.689   348.3     -0.064     -1.011      0.213      0.176      0.171      0.532
114.9000     -29979.737   -29988.039        8.303   332.8     -1.269     -0.714      0.602     -0.707     -0.085      0.670
114.9500     -29979.611   -29987.895        8.283   332.0     -0.756     -0.764     -0.267      0.465     -0.377     -0.291
115.0000     -29979.321   -29987.988        8.667   347.4      0.067     -0.611     -0.729     -0.197     -0.350     -0.184
115.0500     -29978.835   -29987.637        8.802   352.8     -1.645     -1.058      0.297     -0.402      0.436     -0.163
115.1000     -29979.124   -29987.984        8.860   355.2      0.319     -1.076     -0.243     -0.579     -0.355     -0.375
115.1500     -29979.515   -29987.600        8.084   324.1     -0.528      0.195     -0.187      0.251      0.832     -0.428
115.2000     -29979.405   -29987.859        8.455   338.9     -0.065      0.755     -0.676      0.222     -0.482      0.059
115.2500     -29979.534   -29987.748        8.214   329.3      0.005      0.855     -0.344      0.153      0.391      0.123
115.3000     -29979.880   -29988.477        8.596   344.6     -0.159     -0.470     -0.823      0.027     -0.137     -0.354
115.3500     -29979.886   -29988.781        8.895   356.6     -0.991     -0.125     -1.570     -0.064      0.229      0.059
115.4000     -29979.694   -29988.611        8.918   357.5     -0.312      0.495     -0.385     -0.330      0.705      0.185
115.4500     -29979.767   -29988.281        8.514   341.3     -0.152      0.096     -0.461     -0.580     -0.096     -0.553
115.5000     -29979.447   -29987.369        7.922   317.5      0.096      0.410      0.171     -0.467     -0.130     -0.169
115.5500     -29978.974   -29987.576        8.602   344.8      0.060     -0.151     -0.091      0.654      0.544     -0.424
115.6000     -29979.318   -29986.982        7.665   307.2      0.086      0.002     -0.410      0.248     -0.120      0.024
115.6500     -29979.062   -29986.971        7.909   317.0     -0.654     -1.243      0.036      0.057     -0.357      0.015
115.7000     -29978.921   -29987.375        8.454   338.9     -0.248     -0.588     -0.116      0.528     -0.025     -0.224
115.7500     -29978.930   -29987.049        8.119   325.4      0.321     -0.626      0.156     -0.341     -0.355     -0.158
115.8000     -29979.414   -29988.152        8.738   350.3      0.163     -0.124      0.016      0.104     -0.062     -0.064
115.8500     -29979.597   -29987.955        8.358   335.0     -0.238     -0.278     -0.506     -0.221     -0.102     -0.425
115.9000     -29979.493   -29987.422        7.929   317.8     -0.504      0.191      0.092      0.243      0.057     -0.112
115.9500     -29979.459   -29988.104        8.645   346.5     -0.077     -0.523     -0.318     -0.209     -0.213     -0.621
116.0000     -29979.556   -29987.752        8.196   328.5     -0.986     -0.852     -0.165      0.156      0.325      0.209
116.0500     -29979.716   -29987.795        8.079   323.8      0.566     -0.225     -0.202     -0.366     -0.387     -0.179
116.1000     -29979.533   -29988.279        8.746   350.6     -0.770     -1.119     -0.671      0.208      0.164     -0.398
116.1500     -29979.598   -29988.178        8.580   343.9      0.293     -0.859     -0.230     -0.564     -0.451     -0.054
116.2000     -29979.609   -29987.971        8.362   335.2     -0.444     -0.509     -1.006      0.540      0.167     -0.396
116.2500     -29979.870   -29987.662        7.793   312.4     -0.328     -0.448      0.982     -0.611     -0.255      0.566
116.3000     -29979.978   -29987.508        7.530   301.8      0.152      0.600     -0.387      0.099     -0.305      0.374
116.3500     -29980.062   -29988.145        8.082   324.0      0.656      0.023     -0.016     -0.435      0.323     -0.019
116.4000     -29979.686   -29987.678        7.992   320.4     -0.324     -0.383      0.049     -0.379      0.412      0.109
116.4500     -29979.116   -29988.014        8.898   356.7     -0.052     -0.301      0.015      0.283     -0.164     -0.259
116.5000     -29979.302   -29987.471        8.169   327.4     -0.891      0.500     -0.473     -0.029     -0.247     -0.215
116.5500     -29979.264   -29988.463        9.199   368.7      0.289     -0.922     -0.385     -0.424     -0.070     -0.155
116.6000     -29979.322   -29988.049        8.727   349.8      0.306     -0.677     -0.166     -0.193      0.268      0.262
116.6500     -29980.108   -29987.830        7.722   309.5     -0.944     -0.184      0.010     -0.271     -0.438     -0.229
116.7000     -29980.237   -29988.008        7.771   311.5     -1.066     -0.851     -0.679     -0.516      0.126     -0.083
116.7500     -29979.718   -29987.748        8.030   321.9     -0.892     -0.842     -1.801     -0.302     -0.154     -0.194
116.8000     -29980.186   -29988.189        8.003   320.8      0.142     -0.399     -0.033      0.198     -0.137      0.088
116.8500     -29980.269   -29988.582        8.313   333.2     -0.436      0.121     -0.666     -0.021     -0.266     -0.082
116.9000     -29979.779   -29988.227        8.447   338.6     -0.752     -0.873      0.050     -0.131      0.285     -0.239
116.9500     -29979.331   -29987.543        8.212   329.2     -0.490      0.214      0.232      0.218     -0.101     -0.088
117.0000     -29979.010   -29987.938        8.927   357.8      0.241      0.001     -0.701      0.567     -0.473     -0.113
117.0500     -29979.409   -29987.766        8.356   335.0     -0.947     -1.366      0.055      0.613      0.079      0.206
117.1000     -29979.865   -29988.033        8.168   327.4      0.033     -0.078     -0.782      0.541      0.049     -0.052
117.1500     -29980.012   -29987.145        7.132   285.9     -0.478     -0.822     -0.737     -0.147      0.454     -0.318
117.2000     -29980.797   -29988.219        7.422   297.5      0.030     -0.229      0.262     -0.082     -0.056     -0.078
117.2500     -29981.091   -29988.357        7.267   291.3      0.340     -0.374     -0.569      0.438      0.357     -0.398
117.3000     -29980.634   -29988.365        7.731   309.9     -0.179     -0.496     -0.646      0.014      0.200      0.203
117.3500     -29980.342   -29988.059        7.716   309.3     -0.353     -0.379     -0.215     -0.080      0.024      0.032
117.4000     -29980.385   -29988.969        8.584   344.1     -0.491     -0.200     -0.451     -0.206      0.039      0.149
117.4500     -29980.096   -29988.143        8.047   322.5      0.007      0.258      0.366      0.059      0.174      0.049
117.5000     -29980.617   -29988.330        7.713   309.2     -0.068     -0.242     -0.187     -0.595     -0.276     -0.293
117.5500     -29980.438   -29988.330        7.892   316.3      0.751     -0.091     -0.742      0.482      0.114      0.244
117.6000     -29980.440   -29988.070        7.631   305.9     -1.379     -0.624     -0.857     -0.221      0.162     -0.049
117.6500     -29979.782   -29988.369        8.587   344.2     -0.531     -0.752     -1.070     -0.171     -0.375     -0.326
117.7000     -29979.671   -29988.180        8.509   341.1     -0.546     -0.690      0.353     -0.144      0.204      0.377
117.7500     -29979.675   -29987.764        8.089   324.2     -0.727      0.458     -0.101     -0.101     -0.140     -0.041
117.8000     -29979.490   -29988.451        8.961   359.2     -1.049     -0.122      0.772      0.015     -0.131     -0.476
117.8500     -29979.099   -29988.139        9.039   362.3     -0.252     -0.618     -1.289     -0.309     -0.005      0.440
117.9000     -29978.815   -29987.686        8.870   355.6     -1.326     -0.727     -0.773     -0.582      0.859     -0.491
117.9500     -29979.048   -29987.537        8.489   340.3     -0.258     -0.413     -0.598      0.206     -0.029      0.209
118.0000     -29979.742   -29987.594        7.851   314.7      0.231      0.775      0.919      0.099      0.317      0.460
118.0500     -29979.613   -29988.094        8.480   339.9      0.568      0.386      0.712     -0.064     -0.229     -0.156
118.1000     -29980.350   -29987.973        7.622   305.5     -0.829     -0.278     -0.686      0.080      0.361     -0.036
118.1500     -29980.041   -29988.576        8.535   342.1     -0.592     -0.765     -1.309     -0.242      0.222      0.220
118.2000     -29980.123   -29988.172        8.049   322.7     -0.194     -0.157     -0.339     -0.649      0.273     -0.381
118.2500     -29980.002   -29987.711        7.709   309.0      0.732     -0.502     -0.209     -0.228      0.103      0.634
118.3000     -29979.907   -29988.256        8.349   334.7     -0.176     -0.133      0.093     -0.039      0.211      0.129
118.3500     -29979.728   -29988.412        8.684   348.1      0.479     -0.149      0.509     -0.184      0.615     -0.450
118.4000     -29979.991   -29987.676        7.685   308.1     -0.687      0.288      0.074      0.030     -0.387      0.587
118.4500     -29979.911   -29987.906        7.995   320.5     -0.403     -0.169      0.407     -0.412     -0.212     -0.386
118.5000     -29980.071   -29988.283        8.212   329.2      0.264      0.523      0.812      0.382      0.053      0.350
118.5500     -29980.116   -29988.082        7.966   319.3     -0.155     -0.178      0.238      0.283      0.014     -0.128
118.6000     -29979.873   -29987.854        7.981   319.9     -0.227     -0.619     -0.458     -0.092      0.268     -0.112
118.6500     -29979.589   -29987.359        7.770   311.5     -0.887     -1.497     -1.303     -0.068     -0.017      0.117
118.7000     -29979.065   -29987.693        8.628   345.9     -0.192     -0.475     -0.492      0.479      0.159     -0.185
118.7500     -29979.145   -29988.010        8.865   355.3     -0.176      0.485     -0.444      0.019     -0.086      0.388
118.8000     -29979.365   -29988.320        8.955   359.0     -0.630     -0.827     -0.934      0.009     -0.150     -0.520
118.8500     -29979.094   -29988.258        9.163   367.3     -1.720     -0.290     -1.054     -0.506      0.360     -0.060
118.9000     -29979.193   -29987.264        8.071   323.5      0.360      0.677      0.080      0.603     -0.040     -0.155
118.9500     -29979.193   -29987.760        8.566   343.4     -0.779     -0.386     -0.513      0.542     -0.135      0.512
119.0000     -29978.832   -29987.035        8.203   328.8      0.842     -0.537     -0.404      0.130      0.039     -0.210
119.0500     -29978.979   -29986.828        7.849   314.6     -0.376      0.333     -0.725     -0.409     -0.154      0.002
119.1000     -29979.381   -29987.365        7.984   320.1     -0.665     -0.417     -0.533     -0.073     -0.153     -0.129
119.1500     -29979.228   -29988.361        9.133   366.1      1.087     -0.028      0.037      0.245     -0.248     -0.574
119.2000     -29978.940   -29987.363        8.423   337.6      0.160     -0.189      0.145     -0.327      0.038     -0.398
119.2500     -29978.812   -29987.818        9.007   361.0     -0.485      0.081     -0.791      0.499      0.066      0.542
119.3000     -29979.264   -29987.598        8.334   334.1     -0.666     -0.135      0.118      0.101     -0.123      0.154
119.3500     -29979.738   -29987.885        8.146   326.5     -0.838     -0.904     -0.732     -0.002     -0.296      0.104
119.4000     -29979.789   -29988.215        8.426   337.8     -0.424      0.151     -0.810     -0.330     -0.095      0.140
119.4500     -29979.748   -29987.340        7.592   304.3     -1.266     -0.353     -0.701      0.006      0.111      0.087
119.5000     -29979.949   -29987.750        7.801   312.7     -0.197      0.107     -0.264      0.043     -0.524     -0.192
119.5500     -29980.275   -29988.176        7.901   316.7     -0.675      0.538      0.097      0.116     -0.372     -0.095
119.6000     -29980.441   -29988.555        8.114   325.2     -0.351     -1.010     -0.445      0.195     -0.054      0.309
119.6500     -29981.088   -29988.775        7.688   308.2     -0.857     -0.177     -0.625      0.271      0.208     -0.077
119.7000     -29980.615   -29988.469        7.854   314.8      0.320      0.082     -0.811      0.231     -0.264     -0.105
119.7500     -29979.958   -29987.834        7.876   315.7      0.129      0.580      0.326      0.019     -0.266      0.197
119.8000     -29980.115   -29988.016        7.901   316.7      0.295      0.228      0.086      0.216      0.163      0.051
119.8500     -29980.038   -29987.328        7.290   292.2     -0.953     -0.526     -0.348      0.358     -0.113      0.132
119.9000     -29979.691   -29987.633        7.942   318.4      0.332     -1.366     -0.316      0.095      0.430     -0.187
119.9500     -29979.587   -29988.000        8.413   337.2     -0.869      0.147     -0.280     -0.118     -0.583      0.056
120.0000     -29979.313   -29987.066        7.753   310.8     -1.008     -0.921     -1.198     -0.069     -0.061      0.356
120.0500     -29978.857   -29987.178        8.321   333.6      0.185     -0.404     -1.035      0.055     -0.288     -0.118
120.1000     -29978.984   -29988.031        9.047   362.7     -0.941      0.169      0.026     -0.669      0.174     -0.143
120.1500     -29979.131   -29988.193        9.063   363.3     -1.121     -0.193     -0.371     -0.218     -0.294      0.046
120.2000     -29978.608   -29986.996        8.388   336.2      0.648      0.090      0.040      0.024     -0.031     -0.085
120.2500     -29978.785   -29987.061        8.276   331.7     -0.777     -0.577     -0.103     -0.572     -0.014      0.061
120.3000     -29978.796   -29987.002        8.206   328.9     -1.693     -0.088     -0.231      0.753     -0.282     -0.219
120.3500     -29978.824   -29987.059        8.235   330.1      1.111     -0.072      1.032     -0.435     -0.248      0.083
120.4000     -29978.894   -29987.562        8.669   347.5      0.338      0.407     -0.487      0.298     -0.035     -0.063
120.4500     -29979.274   -29987.217        7.943   318.4     -0.214     -0.829     -0.127     -0.865     -0.209      0.548
120.5000     -29979.110   -29987.314        8.205   328.9      0.385      0.210     -0.186      0.162      0.043      0.074
120.5500     -29979.136   -29987.408        8.272   331.6     -0.247      0.501     -0.685     -0.251      0.692      0.508
120.6000     -29978.486   -29988.131        9.645   386.6     -0.092     -0.743      0.137     -0.679     -0.250     -0.574
120.6500     -29977.867   -29987.510        9.643   386.5     -1.240     -1.899     -0.717     -0.113     -0.025      0.085
120.7000     -29978.885   -29987.193        8.308   333.0      0.042     -0.089     -0.084     -0.330      0.860     -0.321
120.7500     -29979.605   -29988.047        8.442   338.4     -0.152     -0.063     -0.901      0.050     -0.395      0.271
120.8000     -29979.221   -29987.721        8.500   340.7     -0.473     -1.131     -0.726     -0.419      0.310     -0.091
120.8500     -29979.023   -29987.340        8.317   333.4      0.461     -0.905     -1.107      0.492     -0.218      0.005
120.9000     -29979.095   -29988.318        9.224   369.7     -0.384     -0.285     -0.918     -0.621      0.061      0.268
120.9500     -29978.832   -29987.639        8.806   353.0     -0.343     -0.221     -0.941     -0.171     -0.229     -0.196
121.0000     -29978.999   -29987.535        8.536   342.2     -0.158     -0.685     -0.116      0.303      0.254      0.753
121.0500     -29978.960   -29986.812        7.853   314.8     -0.191     -0.627     -1.154     -0.877     -0.573     -0.513
121.1000     -29979.241   -29987.619        8.378   335.8     -0.351     -0.379     -0.711      0.218      0.259      0.507
121.1500     -29979.199   -29987.967        8.768   351.5     -0.481      0.227     -0.423      0.370     -0.147     -0.456
121.2000     -29979.569   -29987.902        8.333   334.0      0.077     -0.696      0.127      0.066     -0.050     -0.835
121.2500     -29980.031   -29987.990        7.959   319.0     -0.195     -0.902     -0.875      0.150      0.016      0.504
121.3000     -29979.588   -29987.604        8.016   321.3     -0.510     -0.040      0.176      0.062     -0.463     -0.301
121.3500     -29979.243   -29987.385        8.142   326.4     -0.787     -0.142     -0.040     -0.012     -0.071     -0.071
121.4000     -29979.298   -29987.311        8.013   321.2     -0.494     -0.791     -1.796      0.225     -0.238     -0.345
121.4500     -29979.247   -29987.959        8.712   349.2     -0.989     -0.607      0.075      0.177      0.037      0.014
121.5000     -29979.168   -29987.062        7.894   316.4     -0.717     -0.232     -0.893     -0.182      0.045     -0.449
121.5500     -29978.925   -29987.029        8.105   324.9     -0.777     -0.528     -0.364      0.040      0.673     -0.240
121.6000     -29978.859   -29987.721        8.862   355.2     -0.297     -0.045      0.152      0.146     -0.407      0.041
121.6500     -29978.922   -29987.229        8.306   333.0     -0.460     -0.894     -0.775      0.149      0.067     -0.217
121.7000     -29979.192   -29986.859        7.667   307.3     -0.564     -0.072     -0.115      0.159      0.152      0.167
121.7500     -29979.073   -29987.316        8.244   330.4     -0.170     -1.018     -0.498     -0.028      0.601      0.171
121.8000     -29978.920   -29987.295        8.375   335.7     -0.662     -0.030     -0.730      0.284     -0.053     -0.026
121.8500     -29978.640   -29987.117        8.478   339.8     -1.021     -0.856     -0.941     -0.324      0.206     -0.316
121.9000     -29978.716   -29987.287        8.571   343.6     -0.109     -0.869     -0.257     -0.183     -0.219     -0.077
121.9500     -29979.016   -29987.248        8.232   330.0     -0.224     -0.649     -1.480      0.334      0.260      0.207
122.0000     -29979.064   -29987.842        8.778   351.9     -1.400     -0.764     -0.007      0.152     -0.726      0.519
122.0500     -29978.869   -29987.453        8.584   344.1     -0.013      0.297     -0.205     -0.402      0.297     -0.684
122.1000     -29979.654   -29987.461        7.807   312.9      0.391      0.230      0.305      0.354     -0.087     -0.281
122.1500     -29979.178   -29987.861        8.683   348.1     -1.484     -0.248     -0.272      0.177     -0.098      0.022
122.2000     -29978.365   -29987.576        9.211   369.2     -0.461     -0.199      0.130      0.039     -0.398     -0.690
122.2500     -29978.358   -29986.666        8.308   333.0     -0.784      0.300      0.375      0.769     -0.025      0.730
122.3000     -29978.303   -29987.396        9.093   364.5     -0.146      0.973     -0.885     -0.051      0.106     -0.185
122.3500     -29978.844   -29987.271        8.427   337.8     -0.510      0.507      0.209      0.112      0.120      0.069
122.4000     -29978.958   -29987.588        8.630   345.9     -0.212      0.529     -0.226      0.231     -0.264     -0.342
122.4500     -29979.357   -29987.975        8.618   345.4     -1.024     -0.072     -1.420     -0.058     -0.285      0.023
122.5000     -29979.735   -29987.975        8.240   330.3     -0.947     -0.483     -0.312     -0.189     -0.142     -0.229
122.5500     -29979.694   -29988.537        8.843   354.5     -0.690     -0.377     -0.351     -0.363      0.014     -0.010
122.6000     -29980.194   -29988.789        8.595   344.5      0.925      0.264     -0.427     -0.160     -0.111      0.114
122.6500     -29980.388   -29988.248        7.860   315.1      0.351      0.120      0.056      0.278     -0.060      0.060
122.7000     -29980.735   -29988.369        7.635   306.0     -0.407     -0.393      0.378     -0.579     -0.159     -0.459
122.7500     -29980.916   -29988.365        7.449   298.6     -0.180      0.301     -0.384      0.209      0.292      0.161
122.8000     -29981.171   -29988.855        7.684   308.0      0.831     -0.412      0.273     -0.054      0.314     -0.261
122.8500     -29981.174   -29989.152        7.978   319.8     -0.455      0.397      0.466     -0.538     -0.333      0.044
122.9000     -29981.601   -29989.188        7.587   304.1      0.337      0.169      0.176      0.510      0.214      0.513
122.9500     -29982.245   -29989.283        7.038   282.1      0.366      1.004      0.003      0.149      0.516     -0.393
123.0000     -29981.550   -29989.543        7.993   320.4     -0.780     -0.070     -0.468     -0.551      0.122      0.572
123.0500     -29982.127   -29989.455        7.328   293.7      0.055     -0.214     -0.577     -0.004     -0.605     -0.226
123.1000     -29981.842   -29988.953        7.111   285.1     -0.577     -0.322      0.460     -0.183      0.287     -0.473
123.1500     -29981.044   -29989.234        8.191   328.3     -1.049     -0.338     -0.644      0.263     -0.004      0.153
123.2000     -29980.369   -29988.703        8.334   334.1     -0.659     -0.375      0.032     -0.338      0.011     -0.391
123.2500     -29980.667   -29988.543        7.876   315.7     -0.531     -0.200     -0.674      0.370     -0.189      0.347
123.3000     -29980.797   -29988.883        8.085   324.1     -0.391     -0.223      0.510      0.084     -0.135      0.395
123.3500     -29981.007   -29988.697        7.690   308.3     -0.120     -0.484     -0.437     -0.471      0.327     -0.888
123.4000     -29980.618   -29988.750        8.132   326.0     -0.061     -0.661     -0.234      0.050     -0.376      0.480
123.4500     -29980.206   -29988.154        7.948   318.6      0.118     -0.110      0.028     -0.229     -0.175     -0.194
123.5000     -29980.137   -29988.188        8.050   322.7     -0.664      0.538      0.334      0.409     -0.280      0.001
123.5500     -29979.405   -29987.420        8.014   321.3     -0.182     -0.560     -0.152     -0.013      0.088      0.104
123.6000     -29980.036   -29988.102        8.066   323.3     -0.303     -0.579     -0.332      0.120     -0.984     -0.182
123.6500     -29979.771   -29987.842        8.070   323.5     -1.221      0.614      0.799     -0.055      0.323      0.049
123.7000     -29979.676   -29988.471        8.795   352.5      0.304     -0.694      0.043     -0.490     -0.820     -0.263
123.7500     -29979.390   -29988.691        9.301   372.8     -0.039     -0.500     -0.945      0.134      0.339     -0.267
123.8000     -29979.921   -29988.324        8.403   336.8     -0.931      0.373      0.835     -0.112     -0.772      0.556
123.8500     -29980.165   -29988.742        8.577   343.8     -0.727     -0.737     -1.427     -0.141      0.163      0.209
123.9000     -29980.229   -29988.580        8.351   334.7     -1.770     -0.914      0.191      0.176      0.354      0.378
123.9500     -29979.807   -29988.229        8.422   337.6     -0.459     -0.345     -0.726     -0.173      0.279     -0.172
124.0000     -29979.536   -29988.082        8.546   342.5      0.400      0.788      0.975     -0.260     -0.252     -0.047
124.0500     -29979.673   -29987.625        7.952   318.7      0.150     -0.891     -0.488     -0.117      0.130     -0.373
124.1000     -29980.440   -29989.145        8.705   348.9     -0.671     -0.952      0.406     -0.193     -0.448     -0.401
124.1500     -29980.075   -29987.529        7.454   298.8      0.038     -0.077     -0.169     -0.098      0.729     -0.237
124.2000     -29979.939   -29987.891        7.952   318.8      1.014      0.001      0.078     -0.229     -0.744     -0.339
124.2500     -29979.954   -29988.227        8.272   331.6     -0.346     -0.188     -0.216      0.293     -0.182     -0.065
124.3000     -29979.396   -29987.982        8.586   344.2     -0.415     -0.379      0.079     -0.311      0.268      0.587
124.3500     -29979.860   -29988.035        8.175   327.7      0.386      0.159     -0.565      0.510     -0.165      0.244
124.4000     -29979.955   -29988.211        8.256   330.9     -0.844     -0.189     -0.342     -0.077     -0.523     -0.504
124.4500     -29979.908   -29987.701        7.793   312.4     -0.069      0.043     -0.358     -0.636      0.060     -0.424
124.5000     -29979.657   -29988.064        8.407   337.0     -0.282      0.048      0.518      0.018      0.114     -0.149
124.5500     -29979.787   -29987.859        8.073   323.6     -1.017     -1.409     -0.449     -0.083      0.098      0.017
124.6000     -29979.216   -29987.869        8.653   346.9     -0.157     -0.615     -0.099     -0.049      0.026      0.031
124.6500     -29978.822   -29987.293        8.471   339.6      0.351     -0.718      0.794      0.171     -0.221     -0.321
124.7000     -29979.270   -29987.568        8.298   332.6      0.345      0.947      0.353     -0.105      0.458     -0.185
124.7500     -29978.852   -29987.516        8.664   347.3     -0.474     -0.206      0.250      0.455      0.162      0.338
124.8000     -29978.863   -29987.922        9.059   363.1     -0.526      0.217      0.530     -0.144      0.385     -0.483
124.8500     -29979.515   -29988.572        9.057   363.1      0.695      0.603     -0.575      0.175      0.018      0.118
124.9000     -29979.480   -29988.406        8.927   357.8     -0.832     -0.207     -0.184      0.177      0.380      0.423
124.9500     -29979.650   -29988.242        8.592   344.4      0.391      0.295      0.283     -0.094      0.322      0.318
125.0000     -29979.740   -29987.662        7.922   317.6      0.517     -0.290     -0.175      0.472     -0.314      0.676
125.0500     -29979.345   -29988.355        9.010   361.2     -0.811     -0.737     -0.151      0.142     -0.025     -0.139
125.1000     -29979.643   -29988.016        8.373   335.6     -0.636     -0.481     -0.167     -0.045      0.139     -0.082
125.1500     -29979.385   -29987.529        8.144   326.4     -0.743     -0.059      0.326      0.334      0.171     -0.159
125.2000     -29979.524   -29987.684        8.159   327.1      0.810      0.397     -0.079      0.233     -0.383      0.223
125.2500     -29979.695   -29988.262        8.566   343.4      0.445      0.247     -0.004     -0.109      0.205     -0.080
125.3000     -29979.686   -29987.750        8.064   323.2     -0.111     -0.721     -0.015     -0.423     -0.055     -0.111
125.3500     -29979.712   -29987.607        7.896   316.5     -0.815     -0.413     -0.979      0.243     -0.167      0.164
125.4000     -29979.358   -29987.523        8.165   327.3     -0.494     -0.652     -0.622      0.284      0.858      0.003
125.4500     -29979.312   -29987.846        8.534   342.1     -1.522     -0.213     -0.407     -0.049     -0.143      0.346
125.5000     -29979.166   -29987.670        8.504   340.9     -0.399     -0.150     -0.199      0.150      0.097     -0.341
125.5500     -29979.633   -29987.848        8.214   329.3     -0.807     -0.865     -1.348     -0.358     -0.399      0.184
125.6000     -29979.876   -29988.234        8.359   335.0     -1.643     -0.578     -0.641     -0.144     -0.282      0.056
125.6500     -29980.023   -29988.918        8.895   356.6     -0.475     -0.246     -0.778     -0.299      0.036     -0.202
125.7000     -29979.991   -29988.182        8.190   328.3     -0.463     -0.179     -0.825     -0.188     -0.209     -0.117
125.7500     -29980.169   -29988.596        8.427   337.8     -0.039      0.265     -0.863      0.152      0.716      0.008
125.8000     -29980.133   -29988.795        8.662   347.2      0.232     -0.003     -0.389     -0.003      0.069     -0.239
125.8500     -29980.769   -29988.744        7.975   319.7     -0.076     -0.594     -0.373      0.498      0.068     -0.270
125.9000     -29980.978   -29988.688        7.710   309.0     -0.941      0.068     -1.183     -0.294      0.373     -0.071
125.9500     -29981.074   -29988.928        7.854   314.8     -0.552     -0.556     -0.443     -0.054     -0.170     -0.046
126.0000     -29981.532   -29989.336        7.804   312.8     -0.141      0.318      0.022      0.009     -0.368     -0.045
126.0500     -29981.930   -29989.553        7.623   305.6      0.171     -0.279      0.234     -0.325     -0.016     -0.065
126.1000     -29981.919   -29989.420        7.501   300.7     -0.256      0.037     -1.063     -0.378      0.311      0.255
126.1500     -29981.800   -29989.682        7.882   315.9     -0.963     -0.844     -0.818     -0.219     -0.291      0.564
126.2000     -29981.765   -29989.195        7.430   297.8      0.210      0.280     -0.331     -0.331     -0.193      0.425
126.2500     -29981.748   -29989.635        7.886   316.1     -0.562      0.404      0.697      0.149     -0.117     -0.233
126.3000     -29981.825   -29990.025        8.200   328.7     -0.088     -0.157      0.224      0.372      0.163     -0.124
126.3500     -29981.502   -29989.270        7.768   311.4     -0.238      0.619     -0.528      0.053     -0.359     -0.371
126.4000     -29981.508   -29988.998        7.490   300.2     -0.157     -0.094      0.007     -0.111     -0.369     -0.095
126.4500     -29980.654   -29987.953        7.299   292.6      0.103      0.670     -0.436     -0.384     -0.106     -0.731
126.5000     -29980.014   -29988.102        8.087   324.2     -0.502      0.584     -0.483      0.213     -0.004     -0.121
126.5500     -29979.910   -29988.797        8.887   356.2     -0.214      0.131      0.341      0.070      0.518     -0.177
126.6000     -29979.354   -29987.648        8.294   332.5     -0.179     -0.702     -1.214      0.188      0.080      0.113
126.6500     -29979.159   -29988.146        8.988   360.3     -0.676      0.490      0.280      0.402      0.065      0.105
126.7000     -29978.839   -29987.395        8.555   342.9     -0.612     -0.695      0.027     -0.527      0.148      0.538
126.7500     -29979.128   -29987.635        8.507   341.0     -1.122     -0.725      0.460      0.272      0.246     -0.099
126.8000     -29978.394   -29986.818        8.425   337.7     -0.936     -0.520     -0.731     -0.458     -0.013      0.465
126.8500     -29978.040   -29986.883        8.843   354.5     -0.134     -0.216     -0.349     -0.067     -0.317     -0.063
126.9000     -29978.395   -29987.418        9.023   361.7     -0.515     -0.725     -0.115      0.921      0.787     -0.402
126.9500     -29978.599   -29987.258        8.658   347.1      0.050     -0.855     -1.053     -0.041     -0.650      0.278
127.0000     -29978.951   -29988.512        9.561   383.2     -0.858     -1.060      0.358     -0.680      0.497      0.052
127.0500     -29979.728   -29988.764        9.036   362.2     -0.051     -0.932      0.337      0.313      0.054     -0.119
127.1000     -29979.734   -29988.762        9.028   361.9      0.338     -0.255     -0.087     -0.223      0.310     -0.508
127.1500     -29980.037   -29988.807        8.770   351.5      0.037      0.337     -0.205      0.284     -0.495      0.480
127.2000     -29980.060   -29988.551        8.491   340.4      0.066     -0.280      0.081     -0.247      0.008     -0.426
127.2500     -29980.378   -29988.826        8.448   338.6      0.232      0.523      0.225     -0.047     -0.512      0.459
127.3000     -29980.940   -29988.945        8.005   320.9      0.046     -1.083      0.091      0.166      0.691     -0.031
127.3500     -29980.813   -29988.645        7.831   313.9     -0.521      0.100     -0.687      0.558     -0.265      0.109
127.4000     -29981.136   -29989.088        7.952   318.8     -0.184     -0.200     -0.633     -0.274      0.280      0.206
127.4500     -29980.300   -29989.176        8.876   355.8     -0.175     -0.641      0.005      0.099     -0.097      0.491
127.5000     -29980.614   -29989.033        8.419   337.5     -0.407     -0.113      0.414      0.458     -0.325      0.262
127.5500     -29980.501   -29988.846        8.345   334.5     -1.563     -0.406     -1.388     -0.864      0.274     -0.033
127.6000     -29980.632   -29989.264        8.632   346.0     -0.457     -1.535     -0.654      0.319      0.065     -0.094
127.6500     -29980.223   -29988.182        7.958   319.0     -1.091     -1.596     -0.850     -0.150     -0.088     -0.040
127.7000     -29980.013   -29988.377        8.364   335.3     -1.521     -1.172     -0.578      0.183     -0.119     -0.002
127.7500     -29980.562   -29988.879        8.317   333.4     -0.554     -0.395      0.170     -0.420      0.181      1.479
127.8000     -29980.783   -29989.291        8.508   341.0     -0.576      0.020     -0.623      1.021     -0.279     -0.533
127.8500     -29980.927   -29988.709        7.782   312.0     -0.595     -0.284     -0.807      0.199     -0.497      0.581
127.9000     -29981.287   -29989.523        8.236   330.1      0.490     -0.129      0.242     -0.502     -0.585      0.005
127.9500     -29980.843   -29988.941        8.099   324.6     -0.189      0.227      0.041     -0.198     -0.205     -0.461
128.0000     -29981.536   -29989.336        7.800   312.7     -0.440     -0.932     -0.718     -0.053     -0.076      0.086
128.0500     -29981.152   -29988.994        7.842   314.4      0.040      0.180      0.446     -0.123      0.184     -0.135
128.1000     -29980.982   -29988.549        7.567   303.3     -0.251     -0.701      0.098     -0.295      0.019     -0.124
128.1500     -29980.675   -29989.008        8.333   334.0     -0.195     -0.536     -1.731      0.468      0.379     -0.191
128.2000     -29980.487   -29988.975        8.487   340.2     -1.147      0.359      0.245     -0.106      0.103     -0.294
128.2500     -29980.417   -29988.848        8.431   337.9     -0.018     -0.245     -0.319     -0.174      0.379     -0.186
128.3000     -29979.952   -29989.287        9.335   374.2     -0.402     -0.342     -1.329     -0.170      0.055     -0.186
128.3500     -29979.897   -29988.404        8.508   341.0      0.670     -0.448     -0.239     -0.771     -0.123     -0.072
128.4000     -29979.983   -29988.271        8.288   332.2     -1.311      0.326      0.081      0.238     -0.235     -0.256
128.4500     -29979.700   -29988.902        9.202   368.9      0.374     -0.783     -0.173     -0.949      0.228      0.084
128.5000     -29979.855   -29988.441        8.586   344.2     -0.875     -0.319     -0.471     -0.042     -0.243     -0.459
128.5500     -29980.193   -29989.035        8.842   354.4      0.296     -0.186      0.670      0.253     -0.053      0.123
128.6000     -29981.176   -29989.613        8.437   338.2      0.299     -0.726      0.383      0.045      0.109     -0.015
128.6500     -29981.104   -29989.268        8.164   327.2     -1.063     -0.741     -0.407      0.217      0.242     -0.418
128.7000     -29981.260   -29989.035        7.775   311.7     -0.758      0.108     -0.385     -0.066     -0.629      0.355
128.7500     -29981.029   -29989.209        8.180   327.9      0.089     -0.237      0.706      0.071      0.089      0.204
128.8000     -29980.752   -29989.055        8.302   332.8     -0.311     -0.411      0.375     -0.090     -0.018      0.330
128.8500     -29981.171   -29989.219        8.047   322.6      0.173     -0.209     -0.879     -0.715      0.257     -0.359
128.9000     -29981.040   -29988.977        7.937   318.1     -0.819     -0.085     -0.510      0.014      0.191      0.486
128.9500     -29981.183   -29989.031        7.848   314.6     -0.255     -0.129      0.460      0.243     -0.001     -0.001
129.0000     -29981.188   -29989.703        8.515   341.3      0.374     -1.042     -0.691      0.017     -0.128      0.221
129.0500     -29980.817   -29988.975        8.157   327.0     -0.351     -0.291     -0.225     -0.083      0.319      0.282
129.1000     -29980.604   -29988.875        8.271   331.5      0.091      0.277     -0.020      0.274     -0.510      0.398
129.1500     -29980.457   -29988.986        8.529   341.9     -0.420     -0.857     -0.174     -0.249     -0.200      0.146
129.2000     -29980.809   -29988.891        8.081   323.9     -0.235      0.031     -0.463      0.133      0.028      0.106
129.2500     -29981.295   -29989.285        7.990   320.3     -0.647     -0.353     -0.691      0.396      0.304     -0.059
129.3000     -29980.742   -29988.969        8.227   329.8     -0.746     -0.769     -0.218     -0.131      0.201      0.005
129.3500     -29980.566   -29988.693        8.128   325.8     -0.329     -1.056     -0.067      0.299      0.519     -0.358
129.4000     -29980.526   -29988.924        8.397   336.6      0.036     -0.490     -1.333     -0.198     -0.136      0.495
129.4500     -29980.402   -29988.736        8.334   334.1     -0.126      0.543      0.475     -0.052     -0.062     -0.260
129.5000     -29981.238   -29989.506        8.268   331.4      0.453     -1.104     -0.293      0.571     -0.048      0.116
129.5500     -29981.022   -29989.240        8.218   329.4     -0.254      0.057     -0.595      0.414      0.123      0.047
129.6000     -29981.174   -29989.693        8.519   341.5     -0.092     -1.026     -0.417     -0.039     -0.031     -0.218
129.6500     -29981.005   -29989.660        8.655   346.9     -0.081     -0.675     -0.996      0.507      1.014      0.083
129.7000     -29981.107   -29989.928        8.820   353.6     -0.853     -1.359     -0.180      0.455     -0.463      0.542
129.7500     -29980.594   -29988.674        8.080   323.9      0.287      0.226     -1.120      0.110      0.144      0.138
129.8000     -29980.986   -29989.441        8.455   338.9     -0.090     -1.013      0.605      0.115      0.060      0.762
129.8500     -29981.284   -29989.584        8.300   332.7     -1.501     -0.643     -0.696     -0.012      0.400     -0.876
129.9000     -29981.733   -29989.545        7.812   313.2      0.222     -0.417     -0.356      0.178      0.187      0.494
129.9500     -29982.100   -29989.627        7.527   301.7     -0.282     -0.979     -0.450      0.224     -0.143     -0.043
130.0000     -29982.435   -29989.766        7.331   293.8      0.101      0.538     -0.017     -0.036      0.052     -0.146
130.0500     -29982.254   -29989.822        7.569   303.4      0.088     -0.743      0.452      0.695     -0.035      0.315
130.1000     -29982.493   -29989.553        7.060   283.0     -0.678     -0.035     -0.892      0.105      0.294     -0.476
130.1500     -29982.592   -29989.703        7.111   285.1     -0.232     -0.188     -0.181      0.148     -0.339      0.247
130.2000     -29982.258   -29990.490        8.232   330.0     -0.443     -0.166     -0.433      0.172      0.148      0.030
130.2500     -29981.836   -29990.115        8.279   331.9     -0.911     -0.388      0.243      0.785     -0.028      0.413
130.3000     -29981.635   -29989.549        7.914   317.2      0.546      0.011     -0.346     -0.365      0.041     -0.112
130.3500     -29981.815   -29989.811        7.996   320.5     -0.895     -0.779     -0.722     -0.188     -0.126      0.579
130.4000     -29981.834   -29989.738        7.905   316.9     -0.157     -0.837     -0.719     -0.036      0.128      0.516
130.4500     -29981.406   -29989.562        8.157   327.0     -0.869     -0.063     -0.132     -0.118      0.143      0.187
130.5000     -29980.987   -29989.512        8.525   341.7     -0.322     -0.372     -0.077      0.760      0.431     -0.037
130.5500     -29980.826   -29989.146        8.321   333.5     -0.675     -1.904     -0.826     -0.367     -0.343      0.489
130.6000     -29980.961   -29989.092        8.131   325.9     -0.047     -0.020     -0.957      0.162      0.527     -0.198
130.6500     -29981.049   -29988.752        7.703   308.8     -1.532     -0.771     -0.465     -0.530      0.411      0.212
130.7000     -29981.113   -29989.129        8.016   321.3      0.554     -0.193     -0.078      0.663     -0.022      0.005
130.7500     -29980.832   -29988.504        7.672   307.5     -0.214     -0.015     -0.495      0.018     -0.268     -0.048
130.8000     -29980.904   -29989.707        8.803   352.9      0.469     -0.684     -0.614     -0.165      0.178      0.522
130.8500     -29980.607   -29988.891        8.283   332.0     -0.241     -0.433      0.191      0.127     -0.194      0.170
130.9000     -29980.375   -29988.562        8.187   328.2     -0.398     -0.389     -0.885      0.295      0.180      0.533
130.9500     -29980.175   -29989.539        9.365   375.4      0.550     -0.673     -0.004      0.153     -0.191     -0.949
131.0000     -29980.360   -29988.617        8.257   331.0     -0.324     -0.335     -0.749     -0.006     -0.053      0.946
131.0500     -29980.591   -29989.543        8.952   358.8      0.245      0.014     -0.840      0.349     -0.831      0.054
131.1000     -29980.613   -29988.844        8.231   329.9      0.211     -0.835     -0.235      0.233     -0.197      0.397
131.1500     -29980.820   -29989.178        8.358   335.0      0.180     -0.165      0.561     -0.414     -0.045      0.045
131.2000     -29980.561   -29990.045        9.484   380.1     -0.562     -0.078     -0.285      0.015      0.186     -0.294
131.2500     -29980.875   -29989.404        8.529   341.9      0.074      0.309     -0.532      0.378     -0.176     -0.047
131.3000     -29980.674   -29988.674        7.999   320.7      0.762     -0.206      0.265     -0.720      0.547      0.317
131.3500     -29980.632   -29988.836        8.204   328.9     -0.059     -0.544     -0.305     -0.334     -0.360      0.402
131.4000     -29980.856   -29988.461        7.605   304.8     -0.616      0.289     -0.355      0.038      0.084     -0.690
131.4500     -29979.984   -29988.129        8.145   326.5     -0.462     -0.282     -0.418     -0.038     -0.106     -0.625
131.5000     -29979.459   -29989.025        9.567   383.5      0.058     -0.317     -1.476      0.234      0.325     -0.109
131.5500     -29979.733   -29988.176        8.442   338.4     -1.346      0.089      0.360     -0.819      0.207     -0.273
131.6000     -29979.861   -29988.877        9.016   361.4     -0.704     -0.098     -0.243      0.180     -0.616     -0.276
131.6500     -29979.949   -29988.221        8.271   331.6     -0.203      0.322     -0.348      0.729      0.071     -0.382
131.7000     -29980.450   -29988.725        8.275   331.7     -1.217     -0.709     -0.412      0.169     -0.240     -0.005
131.7500     -29980.591   -29988.482        7.892   316.3      0.744      0.701      0.702      0.158     -0.006     -0.423
131.8000     -29980.910   -29988.629        7.719   309.4     -0.030      0.526      0.043      0.297     -0.159     -0.145
131.8500     -29980.765   -29989.322        8.558   343.0     -0.570     -0.073     -0.453     -0.096     -0.124      0.213
131.9000     -29981.225   -29989.500        8.275   331.7      0.714     -0.604     -0.220      0.346     -0.354      0.225
131.9500     -29981.066   -29989.719        8.653   346.9     -0.859     -0.590     -0.444     -0.464      0.330     -0.314
132.0000     -29981.050   -29989.734        8.685   348.1     -0.339     -0.180      0.080      0.312      0.173     -0.206
132.0500     -29980.979   -29989.652        8.674   347.7     -0.098     -0.025     -0.444     -0.437      0.239      0.075
132.1000     -29980.977   -29988.779        7.803   312.8      0.277     -0.781     -0.872     -0.037     -0.121     -0.017
132.1500     -29980.455   -29989.295        8.840   354.3     -0.656     -1.586     -1.386     -0.048      0.118      0.027
132.2000     -29980.809   -29989.977        9.168   367.5     -0.933      0.570      0.574     -0.040      0.530      0.493
132.2500     -29980.724   -29989.287        8.564   343.3      0.305     -0.274     -0.099      0.011      0.451     -0.344
132.3000     -29980.856   -29989.078        8.223   329.6      0.272     -0.189     -0.898      0.026      0.076     -0.562
132.3500     -29980.972   -29988.887        7.915   317.3      1.306      0.632      0.599      0.114      0.390      0.300
132.4000     -29980.577   -29989.215        8.638   346.3     -0.144      0.553     -0.490     -0.025      0.100     -0.324
132.4500     -29980.665   -29989.053        8.388   336.2     -0.219     -0.235     -0.254     -0.074     -0.180      0.014
132.5000     -29980.568   -29989.094        8.526   341.7     -1.225     -0.955     -1.000     -0.320     -0.591     -0.172
132.5500     -29980.554   -29988.414        7.860   315.1     -0.168     -0.355      0.138      0.112      0.171      0.070
132.6000     -29980.574   -29988.996        8.422   337.6     -0.813     -0.058      0.197     -0.097      0.371     -0.244
132.6500     -29980.653   -29989.059        8.405   336.9     -0.083      0.557     -0.912      0.439      0.168     -0.599
132.7000     -29980.557   -29988.387        7.830   313.9     -0.188      0.205     -0.292     -0.809     -0.064      0.354
132.7500     -29981.063   -29989.262        8.198   328.6      0.822     -0.008      0.045      0.298      0.266      0.159
132.8000     -29981.165   -29989.488        8.324   333.6      0.358     -0.328      0.124     -0.246      0.241      0.493
132.8500     -29981.352   -29989.578        8.226   329.8     -0.285      0.478     -0.625     -0.369     -0.284     -0.348
132.9000     -29981.426   -29989.562        8.136   326.1      0.665     -0.980     -0.165      0.207      0.043     -0.144
132.9500     -29981.174   -29989.012        7.838   314.2     -0.747     -0.507      0.296     -0.385      0.162      0.102
133.0000     -29980.850   -29989.754        8.904   356.9      0.196     -0.459      0.209     -0.322      0.298      0.055
133.0500     -29981.383   -29989.455        8.072   323.6     -0.341     -0.437     -0.005     -0.400      0.099      0.056
133.1000     -29980.969   -29989.414        8.446   338.5     -0.879     -1.310     -0.519      0.230      0.012     -0.436
133.1500     -29981.181   -29989.197        8.017   321.3     -0.678     -0.684     -0.889     -0.011      0.290     -0.319
133.2000     -29981.628   -29989.441        7.813   313.2     -0.696      0.219      0.134     -0.123      0.430     -0.290
133.2500     -29981.178   -29989.574        8.396   336.6      0.269     -0.434     -0.468      0.067      0.029     -0.189
133.3000     -29980.811   -29989.391        8.579   343.9     -0.276      0.694     -0.278     -0.171      0.522      0.098
133.3500     -29980.317   -29988.680        8.363   335.2     -0.297     -0.177     -0.928     -0.450      0.393      0.286
133.4000     -29980.556   -29989.004        8.447   338.6     -0.192      0.252     -0.296     -0.060     -0.113     -0.006
133.4500     -29981.001   -29988.637        7.636   306.1      0.155     -0.402     -0.061      0.541      0.078      0.200
133.5000     -29981.018   -29989.117        8.099   324.7     -0.927     -0.253     -0.665     -0.113      0.236      0.452
133.5500     -29980.391   -29989.420        9.029   361.9     -0.526      0.037     -0.245     -0.594      0.333      0.374
133.6000     -29980.621   -29989.510        8.889   356.3     -0.084     -0.628     -0.812      0.267      0.254     -0.095
133.6500     -29981.044   -29989.771        8.727   349.8      0.450      0.868      0.360     -0.264     -0.460     -0.138
133.7000     -29981.168   -29989.023        7.855   314.9     -0.972     -0.296      0.575     -0.207      0.271      0.108
133.7500     -29981.455   -29989.336        7.881   315.9      0.503     -0.947     -0.324      0.089     -0.208      0.028
133.8000     -29981.337   -29989.666        8.329   333.9     -0.287     -0.310     -0.739      0.155      0.428     -0.538
133.8500     -29981.553   -29989.305        7.752   310.7     -0.922     -0.655     -1.287      0.479      0.061      0.527
133.9000     -29981.401   -29988.814        7.413   297.2     -0.329     -1.592     -0.344     -0.201     -0.012     -0.257
133.9500     -29981.495   -29989.461        7.966   319.3      0.376     -0.005     -0.870      0.276     -0.222      0.058
134.0000     -29981.536   -29989.502        7.966   319.3      0.268     -0.614     -0.125      0.088      0.572     -0.234
134.0500     -29981.668   -29988.840        7.172   287.5     -0.390      0.132      0.112      0.419      0.242     -0.019
134.1000     -29981.516   -29988.863        7.347   294.5      1.173      0.614      1.025     -0.087     -0.020     -0.115
134.1500     -29981.665   -29989.719        8.054   322.8     -1.121     -1.108     -0.865     -0.071      0.041     -0.102
134.2000     -29981.145   -29989.600        8.455   338.9      0.481      0.142     -1.755     -0.599     -0.172      0.048
134.2500     -29981.004   -29988.877        7.873   315.6     -0.626     -0.889     -0.046     -0.311      0.833     -0.132
134.3000     -29980.830   -29988.725        7.895   316.4     -0.730     -0.600     -0.661     -0.128     -0.042     -0.523
134.3500     -29980.642   -29989.170        8.528   341.8      1.165      0.021     -0.160     -0.201      0.613      0.286
134.4000     -29980.743   -29989.068        8.326   333.7     -0.991     -0.353      0.101     -0.085      0.080     -0.348
134.4500     -29980.716   -29988.635        7.919   317.4      0.107     -0.965     -0.058      0.345     -0.023     -0.116
134.5000     -29980.308   -29988.697        8.389   336.3     -0.300      0.634      0.024     -0.624     -0.292      0.469
134.5500     -29980.219   -29988.816        8.597   344.6     -0.824     -0.308     -0.896     -0.007      0.532      0.119
134.6000     -29980.319   -29989.246        8.927   357.8      0.310      0.500      0.807      0.331      0.792      0.003
134.6500     -29980.204   -29988.658        8.454   338.9     -0.425     -0.467      0.460     -0.435      0.301     -0.136
134.7000     -29980.486   -29988.584        8.098   324.6     -0.382      0.382      0.235      0.335     -0.215      0.278
134.7500     -29980.441   -29989.141        8.700   348.7      1.051     -0.509     -0.814      0.171      0.155     -0.248
134.8000     -29980.248   -29989.201        8.953   358.9     -0.479     -0.441     -0.075     -0.287     -0.267     -0.156
134.8500     -29981.027   -29988.361        7.334   294.0      0.348     -0.569     -0.203     -0.321     -0.292      0.079
134.9000     -29980.796   -29988.842        8.046   322.5     -0.543     -0.641     -0.120      0.113     -0.023      0.276
134.9500     -29981.011   -29988.715        7.704   308.8     -0.748     -1.321     -0.896     -0.022      0.208     -0.834
135.0000     -29980.609   -29989.268        8.658   347.1      1.216     -0.977      0.233      0.096     -0.178      0.342
135.0500     -29980.887   -29989.035        8.149   326.6      0.502      0.806      0.040     -0.006     -0.067     -0.897
135.1000     -29980.512   -29988.611        8.100   324.7     -0.231     -1.756      0.005      0.028      0.518      0.148
135.1500     -29980.363   -29988.355        7.992   320.4      0.905      0.401     -0.163      0.599      0.149     -0.538
135.2000     -29980.216   -29988.395        8.179   327.8      0.142     -0.392     -0.053     -0.545     -0.233     -0.143
135.2500     -29980.667   -29988.791        8.124   325.7      0.250     -0.140     -0.551      0.050     -0.242      0.092
135.3000     -29980.335   -29988.621        8.286   332.2     -0.091     -0.127     -0.260     -0.322      0.068      0.011
135.3500     -29980.576   -29988.689        8.114   325.2     -0.336     -1.520     -0.734      0.396      0.008      0.046
135.4000     -29980.931   -29988.662        7.731   309.9     -0.267     -0.923      0.167     -0.269      0.203     -0.528
135.4500     -29980.734   -29988.824        8.090   324.3     -0.234     -0.093     -1.553      0.428      0.649     -0.638
135.5000     -29979.959   -29988.664        8.706   349.0     -1.315     -0.825     -0.183     -0.601     -0.216     -0.417
135.5500     -29979.535   -29988.646        9.112   365.2     -0.498     -0.209     -1.074     -0.110      0.315      0.125
135.6000     -29980.036   -29988.881        8.844   354.5     -1.092     -0.430      0.181      0.431     -0.471      0.062
135.6500     -29979.884   -29988.139        8.255   330.9     -0.148     -0.054     -0.761     -0.186     -0.088      0.130
135.7000     -29980.270   -29988.506        8.235   330.1     -0.803     -0.153      0.082     -0.483     -0.494     -0.108
135.7500     -29980.170   -29988.598        8.427   337.8      0.043     -0.050     -0.752     -0.140     -0.017     -0.044
135.8000     -29980.202   -29988.662        8.460   339.1     -0.530      0.536      0.318      0.818     -0.257     -0.268
135.8500     -29980.022   -29987.896        7.875   315.6      0.544     -0.026     -0.407     -0.020      0.297      0.336
135.9000     -29979.550   -29987.506        7.956   318.9      0.049     -0.133      0.354      0.271     -0.175     -0.408
135.9500     -29979.638   -29987.959        8.321   333.5      0.021     -0.110      0.295     -0.294      0.090      0.017
136.0000     -29979.502   -29987.598        8.096   324.5      0.386     -0.342     -0.187     -0.004     -0.204      0.109
136.0500     -29979.650   -29988.346        8.695   348.6     -0.660     -0.221     -0.305      0.082      0.028     -0.410
136.1000     -29980.035   -29988.066        8.032   322.0     -0.124      0.866      0.422      0.369     -0.240     -0.360
136.1500     -29979.682   -29987.760        8.078   323.8      0.129     -0.371     -0.290     -0.688      0.367     -0.198
136.2000     -29979.331   -29987.668        8.337   334.2     -0.267      0.371     -0.380      0.380      0.245      0.202
136.2500     -29979.122   -29987.305        8.183   328.0     -1.471     -0.720     -0.266     -0.590     -0.118      0.667
136.3000     -29979.479   -29987.143        7.664   307.2     -0.390     -0.403     -0.385      0.178     -0.192      0.364
136.3500     -29979.523   -29987.369        7.846   314.5     -0.491     -0.247     -0.122     -0.049      0.081      0.000
136.4000     -29979.675   -29987.186        7.510   301.0     -0.135      0.065     -0.358      0.079      0.266      0.097
136.4500     -29980.133   -29988.639        8.505   340.9      0.940      0.343     -0.300     -0.062     -0.710      0.051
136.5000     -29979.636   -29988.557        8.921   357.6     -0.970     -0.537      0.457      0.149      0.480      0.364
136.5500     -29979.886   -29988.016        8.130   325.9     -0.476      0.323     -0.655     -0.165      0.445      0.719
136.6000     -29979.743   -29988.197        8.454   338.9     -0.808     -0.812     -0.339     -0.244      0.017     -0.614
136.6500     -29979.904   -29988.477        8.573   343.6     -0.878     -0.219     -1.115      0.203      0.263      0.081
136.7000     -29979.864   -29987.555        7.691   308.3     -0.474     -0.672     -0.523      0.230     -0.370     -0.433
136.7500     -29979.857   -29987.449        7.592   304.3     -0.135      0.083      0.198      0.543      0.319     -0.180
136.8000     -29980.373   -29988.086        7.712   309.2      0.550     -0.030     -0.243      0.098     -0.242     -0.227
136.8500     -29980.381   -29988.551        8.169   327.5     -1.060     -0.408     -1.443     -0.244      0.190      0.003
136.9000     -29980.628   -29988.715        8.087   324.2     -0.028      0.271     -0.309      0.320      0.196      0.111
136.9500     -29980.917   -29988.455        7.538   302.1      0.066     -0.102      0.187      0.084     -0.256     -0.002
137.0000     -29980.479   -29988.145        7.665   307.3     -0.580      0.254     -0.334      0.009      0.498      0.073
137.0500     -29980.533   -29988.557        8.024   321.6     -0.091      0.033     -1.086     -0.056      0.204      0.201
137.1000     -29980.656   -29988.914        8.258   331.0     -0.607     -0.751     -0.101     -0.204     -0.231     -0.254
137.1500     -29980.254   -29988.836        8.581   344.0     -0.202     -1.330     -0.647     -0.106      0.461     -0.111
137.2000     -29980.477   -29988.758        8.280   331.9     -0.785      0.184      0.141      0.471     -0.156      0.236
137.2500     -29980.647   -29988.625        7.978   319.8     -0.146      0.829     -0.996      0.048     -0.141      0.139
137.3000     -29980.930   -29989.006        8.076   323.7     -1.188     -0.340     -0.390      0.090     -0.229     -0.589
137.3500     -29980.904   -29988.266        7.362   295.1      0.116      0.182      0.219      0.210      0.087      0.183
137.4000     -29980.492   -29988.246        7.754   310.8     -1.107     -0.572      0.480     -0.672     -0.066     -0.156
137.4500     -29980.252   -29988.531        8.280   331.9     -0.002      0.235     -0.597      0.010      0.318     -0.620
137.5000     -29980.282   -29988.590        8.308   333.0     -0.098      0.940      0.306     -0.343      0.033     -0.143
137.5500     -29980.546   -29989.279        8.733   350.1     -0.090      0.166      0.560     -0.167      0.072     -0.341
137.6000     -29980.605   -29989.191        8.586   344.2     -0.689     -0.611     -0.338     -0.155      0.252     -0.413
137.6500     -29980.895   -29989.000        8.105   324.9     -0.244     -0.559     -0.959      0.050     -0.665      0.105
137.7000     -29980.128   -29988.330        8.202   328.8     -0.420     -0.098      0.142     -0.035      0.320      0.004
137.7500     -29980.716   -29988.818        8.102   324.8     -0.542     -0.089      0.509      0.140      0.340     -0.335
137.8000     -29980.268   -29988.887        8.619   345.5     -0.232     -0.417     -0.345      0.260      0.004      0.079
137.8500     -29979.816   -29989.084        9.268   371.5     -0.879     -0.777     -1.159     -0.130      0.052     -0.045
137.9000     -29980.336   -29989.092        8.756   351.0     -0.372     -0.425     -0.972      0.287     -0.098      0.288
137.9500     -29980.721   -29988.963        8.242   330.4     -1.008     -0.344     -0.242      0.154      0.283     -0.548
138.0000     -29980.328   -29989.061        8.732   350.0      0.058     -0.461     -0.084     -0.118     -0.533     -0.045
138.0500     -29979.974   -29988.492        8.518   341.4     -0.920     -0.286      0.179     -0.181      0.028      0.249
138.1000     -29979.582   -29987.857        8.275   331.7     -0.293      0.190     -0.163     -0.211     -0.311     -0.499
138.1500     -29979.682   -29988.426        8.743   350.5      0.537      0.472     -0.129      0.042      0.191      0.065
138.2000     -29980.089   -29988.418        8.329   333.9      0.200     -0.406     -0.880     -0.109      0.439     -0.274
138.2500     -29979.836   -29988.148        8.313   333.2     -0.764     -0.041      0.209      0.212     -0.609      0.142
138.3000     -29979.998   -29988.250        8.252   330.8     -0.539      0.113     -0.409     -0.053     -0.189     -0.038
138.3500     -29980.030   -29987.781        7.751   310.7      0.322      0.651     -0.093      0.130     -0.038     -0.041
138.4000     -29979.777   -29987.959        8.182   328.0      0.100     -0.565      0.234     -0.186     -0.017      0.459
138.4500     -29980.129   -29988.816        8.687   348.2      0.144      0.314      0.203     -0.219     -0.213     -0.483
138.5000     -29979.779   -29988.209        8.430   337.9     -0.524     -0.047     -0.520      0.068      0.009      0.862
138.5500     -29979.554   -29987.748        8.194   328.4     -0.442     -0.577      0.200      0.209     -0.166     -0.085
138.6000     -29979.441   -29988.523        9.083   364.1      0.547      0.171      0.448     -0.206      0.077     -0.379
138.6500     -29979.337   -29987.588        8.251   330.7      0.078      0.945     -0.205      0.016     -0.189     -0.054
138.7000     -29979.025   -29988.172        9.147   366.7      0.227     -0.541      0.056     -0.476     -0.129     -0.311
138.7500     -29978.865   -29987.424        8.559   343.1     -0.387     -0.117     -0.062     -0.357     -0.105      0.451
138.8000     -29979.190   -29988.312        9.123   365.7     -0.670     -0.287     -0.564     -0.303      0.051     -0.074
138.8500     -29979.738   -29988.434        8.696   348.6     -0.795     -0.150     -0.358      0.854     -0.401     -0.379
138.9000     -29980.045   -29988.945        8.900   356.8     -0.148     -0.269     -0.087     -0.045     -0.070     -0.245
138.9500     -29979.854   -29988.209        8.355   334.9      0.364      0.521     -0.717     -0.344     -0.005     -0.012
139.0000     -29980.680   -29988.801        8.120   325.5      0.113     -0.994     -1.598      0.149     -0.144     -0.618
139.0500     -29980.743   -29988.953        8.210   329.1     -0.093      0.201     -0.929      0.099     -0.068      0.256
139.1000     -29980.517   -29988.734        8.217   329.4     -0.645     -1.512     -0.267      0.413     -0.202     -0.225
139.1500     -29980.560   -29989.178        8.618   345.5     -0.232      0.292     -0.545      0.030     -0.990     -0.003
139.2000     -29980.175   -29988.105        7.931   317.9      0.906      0.632     -0.081      0.442      0.448      0.042
139.2500     -29979.835   -29988.473        8.638   346.3     -0.275      1.017     -0.129      0.091      0.232      0.188
139.3000     -29979.536   -29987.539        8.003   320.8      1.162      0.203      1.018      0.630      0.160      0.094
139.3500     -29979.326   -29988.213        8.887   356.2      1.746      0.462      0.587     -0.421      0.328      0.268
139.4000     -29978.982   -29988.281        9.299   372.7     -1.108      0.341     -0.790      0.571      0.680     -0.427
139.4500     -29979.434   -29987.361        7.927   317.7     -0.759      0.072      0.295     -0.565      0.442     -0.029
139.5000     -29979.599   -29988.029        8.431   337.9      0.369      0.282      0.354      0.536      0.277     -0.666
139.5500     -29979.670   -29987.186        7.516   301.3     -1.080      0.604     -0.042     -0.498      0.628      0.280
139.6000     -29979.593   -29987.732        8.139   326.3      0.006      0.359      0.324     -0.054     -0.131      0.370
139.6500     -29979.126   -29987.543        8.417   337.4      0.096     -0.242     -1.370      0.094      0.124     -0.635
139.7000     -29979.284   -29987.873        8.590   344.3      0.065     -0.169     -0.310      0.306     -0.037     -0.606
139.7500     -29979.011   -29986.980        7.970   319.5     -0.273     -0.791     -0.368     -0.030      0.836      0.110
139.8000     -29978.969   -29987.186        8.217   329.4     -0.023      1.010      0.386     -0.009     -0.490      0.035
139.8500     -29979.085   -29987.133        8.048   322.6     -0.081      0.171     -0.679      0.322      0.015     -0.233
139.9000     -29979.308   -29987.391        8.083   324.0     -0.543     -0.117     -0.769     -0.072     -0.312     -0.221
139.9500     -29979.527   -29987.734        8.208   329.0      0.993      0.169      0.067     -0.196     -0.131      0.133
140.0000     -29979.682   -29988.258        8.575   343.7     -1.346     -0.188     -0.884     -0.176     -0.252     -0.592
140.0500     -29979.677   -29987.732        8.055   322.9     -0.141      0.432      0.200     -0.108     -0.035     -0.252
140.1000     -29979.559   -29988.148        8.589   344.3     -1.068     -0.224     -0.016      0.245     -0.253      0.066
140.1500     -29979.902   -29987.820        7.918   317.4     -0.704      0.339     -0.444      0.466      0.107     -0.270
140.2000     -29979.481   -29987.992        8.512   341.2      0.027      0.014     -0.458      0.107     -0.587      0.183
140.2500     -29980.063   -29987.715        7.651   306.7      0.892      0.290     -0.575      0.237      0.475      0.217
140.3000     -29979.865   -29987.596        7.730   309.9     -0.229     -0.107     -0.242     -0.659     -0.113     -0.059
140.3500     -29980.053   -29988.152        8.099   324.6      0.008      0.160      0.152      0.448      0.531      0.154
140.4000     -29980.004   -29987.980        7.976   319.7      0.162     -0.513      0.098     -0.107     -0.173     -0.384
140.4500     -29980.066   -29987.348        7.282   291.9     -0.644      1.133      0.026     -0.032     -0.250      0.164
140.5000     -29980.002   -29988.424        8.421   337.6     -0.459     -0.872     -0.069     -0.203      0.050      0.065
140.5500     -29979.418   -29988.121        8.703   348.9     -0.665     -0.060     -0.716      0.157      0.445      0.290
140.6000     -29979.609   -29988.346        8.736   350.2     -0.748     -0.521     -0.644     -0.582     -0.266     -0.156
140.6500     -29979.560   -29987.631        8.071   323.5      0.064     -0.522     -0.595      0.227     -0.144      0.229
140.7000     -29978.996   -29988.000        9.004   360.9     -0.926      0.475      1.145     -0.541      0.288     -0.306
140.7500     -29979.089   -29987.605        8.516   341.4     -0.469     -0.764     -1.224      0.347     -0.131     -0.349
140.8000     -29979.281   -29988.508        9.227   369.8     -0.708      1.046     -0.406     -0.661     -0.093      0.317
140.8500     -29979.663   -29987.930        8.267   331.4     -0.655     -0.763      0.553      0.270     -0.224      0.175
140.9000     -29979.639   -29987.832        8.193   328.4      0.094      0.107     -0.044      0.251      0.377     -0.239
140.9500     -29980.150   -29988.232        8.082   324.0     -0.372      0.121     -0.839      0.242     -0.670      0.257
141.0000     -29980.294   -29988.971        8.677   347.8     -0.130     -0.954     -1.420     -0.108     -0.361      0.467
141.0500     -29980.200   -29988.900        8.701   348.8     -1.060     -0.273     -0.406     -0.290      0.086     -0.011
141.1000     -29980.555   -29988.803        8.248   330.6      0.402     -0.099     -0.910      0.405     -0.260      0.135
141.1500     -29980.560   -29989.303        8.742   350.4     -1.562     -0.530     -0.700     -0.397      0.253     -0.188
141.2000     -29980.727   -29989.455        8.728   349.9     -0.379     -0.902     -0.385      0.236     -0.342     -0.210
141.2500     -29980.555   -29988.488        7.933   318.0     -0.413      0.274     -0.774     -0.064     -0.379      0.532
141.3000     -29980.390   -29988.393        8.002   320.8     -0.278     -0.158      0.379      0.295     -0.079     -0.195
141.3500     -29980.426   -29988.836        8.410   337.1     -1.295     -1.278     -1.034      0.023     -0.187     -0.376
141.4000     -29980.604   -29988.762        8.157   327.0      0.041     -0.457     -0.992      0.437     -0.082      0.653
141.4500     -29980.292   -29989.637        9.345   374.6     -0.349     -0.704     -1.059     -0.264      0.433     -0.214
141.5000     -29980.756   -29989.799        9.042   362.5     -0.750     -0.751     -0.759     -0.000     -0.189      0.431
141.5500     -29980.922   -29989.578        8.657   347.0     -1.197     -0.689     -0.501     -0.021      0.002     -0.048
141.6000     -29981.256   -29988.986        7.730   309.9     -0.110      0.749      0.024     -0.143      0.260     -0.381
141.6500     -29981.200   -29989.232        8.032   322.0     -0.457      0.591     -0.180      0.547     -0.323      0.343
141.7000     -29981.575   -29989.336        7.761   311.1     -0.120     -0.780      0.148     -0.148     -0.481      0.053
141.7500     -29981.964   -29989.787        7.823   313.6     -0.543     -0.146     -0.725      0.516      0.001     -0.321
141.8000     -29981.492   -29988.715        7.223   289.5      0.312     -0.043     -0.330      0.037     -0.240      0.112
141.8500     -29981.524   -29989.256        7.731   309.9     -0.714     -0.771     -1.137     -0.006     -0.062      0.086
141.9000     -29981.208   -29988.703        7.495   300.4      0.294      0.305      0.473      0.320      0.244     -0.153
141.9500     -29980.804   -29988.963        8.159   327.1      0.229      0.072     -1.094     -0.059     -0.389      0.578
142.0000     -29980.515   -29989.189        8.674   347.7     -0.227     -0.450      0.020     -0.006      0.145     -0.177
142.0500     -29980.596   -29988.775        8.180   327.9     -0.447     -0.297      0.169      0.091      0.332     -0.033
142.1000     -29980.843   -29988.953        8.110   325.1     -0.394      0.741     -0.121     -0.194     -0.153     -0.348
142.1500     -29980.794   -29988.904        8.110   325.1      0.448     -0.175      0.027      0.188      0.098      0.510
142.2000     -29980.242   -29988.914        8.672   347.6     -0.246     -0.841      0.379     -0.732      0.446      0.273
142.2500     -29980.296   -29988.514        8.218   329.4     -0.986     -0.098     -0.368     -0.253      0.038      0.221
142.3000     -29980.921   -29988.449        7.528   301.8     -0.883     -0.381     -0.879     -0.121     -0.200      0.307
142.3500     -29980.756   -29988.871        8.115   325.3     -0.048     -0.151     -0.235      0.417      0.358      0.157
142.4000     -29980.493   -29988.768        8.275   331.7      0.138      0.035      0.077      0.031     -0.557     -0.525
142.4500     -29980.911   -29988.770        7.859   315.0      0.721     -0.912     -0.060     -0.944      0.148     -0.066
142.5000     -29980.689   -29989.174        8.485   340.1     -0.159     -0.238      0.267      0.071      0.431      0.438
142.5500     -29980.608   -29988.955        8.347   334.6     -0.585     -0.135     -1.131     -0.020     -0.121      0.280
142.6000     -29980.722   -29988.824        8.103   324.8     -0.272     -1.478     -0.904     -0.349      0.046     -0.372
142.6500     -29980.574   -29988.102        7.528   301.8     -1.014     -0.312     -0.540      0.100      0.226      0.306
142.7000     -29980.646   -29989.082        8.436   338.1     -0.878     -0.549     -1.622     -0.380      0.199     -0.416
142.7500     -29980.553   -29988.861        8.308   333.0     -0.523     -0.426      0.210     -0.145      0.469     -0.340
142.8000     -29980.610   -29988.703        8.094   324.4     -1.137     -0.716      0.119      0.169      0.277     -0.370
142.8500     -29980.764   -29989.941        9.177   367.9     -0.273      0.245     -0.881      0.352      0.138      0.267
142.9000     -29980.710   -29989.295        8.585   344.1     -0.558      0.435     -0.719      0.056      0.086      0.300
142.9500     -29980.240   -29988.680        8.439   338.3      0.362     -0.299      0.171     -0.323      0.095     -0.115
143.0000     -29980.391   -29988.150        7.759   311.0     -1.464     -0.362     -0.898      0.404      0.072      0.279
143.0500     -29980.640   -29989.109        8.469   339.5     -0.561     -1.260     -0.814     -0.297      0.013     -0.202
143.1000     -29980.670   -29988.951        8.281   332.0      0.643      0.897     -0.165      0.465     -0.454      0.522
143.1500     -29980.762   -29988.855        8.094   324.4      0.415     -0.285      0.627      0.068      0.431     -0.487
143.2000     -29981.102   -29989.363        8.261   331.1     -0.822      0.225      0.479      0.597      0.087      0.015
143.2500     -29980.290   -29988.852        8.561   343.2      0.240     -0.384     -1.233     -0.157     -0.402     -0.370
143.3000     -29980.416   -29988.387        7.971   319.5     -0.316     -0.655     -0.503     -0.167      0.090      0.079
143.3500     -29980.180   -29988.521        8.341   334.4      0.286      0.057     -0.666     -0.010     -0.035     -0.197
143.4000     -29980.149   -29989.271        9.123   365.7     -0.480     -1.347      0.330     -0.063     -0.430      0.061
143.4500     -29980.955   -29989.109        8.155   326.9     -0.576      0.025      0.884     -0.384     -0.583      0.137
143.5000     -29981.214   -29990.572        9.358   375.1      1.061     -0.146     -0.791     -0.430      0.332     -0.786
143.5500     -29981.093   -29989.135        8.041   322.3     -0.528     -1.073     -0.264      0.055     -0.554      0.762
143.6000     -29980.984   -29989.805        8.821   353.6     -0.730     -0.246     -0.539     -0.231      0.085     -0.183
143.6500     -29980.875   -29989.137        8.261   331.2      0.055     -0.037     -0.373      0.361      0.153      0.264
143.7000     -29981.179   -29989.467        8.288   332.2     -0.902     -1.087     -0.662     -0.522     -0.647     -0.095
143.7500     -29980.870   -29988.955        8.085   324.1     -0.284     -0.111      0.415      0.402      0.551      0.161
143.8000     -29981.014   -29989.033        8.019   321.5      0.309     -0.771     -0.114     -0.056      0.222      0.142
143.8500     -29981.543   -29989.451        7.908   317.0     -0.770      0.103     -0.267     -0.056      0.303     -0.487
143.9000     -29982.071   -29989.648        7.577   303.7      1.190     -0.167      0.094     -0.165     -0.330      0.382
143.9500     -29981.812   -29989.945        8.134   326.0     -0.316     -0.951     -0.535     -0.500      0.104     -0.019
144.0000     -29981.442   -29989.459        8.017   321.4     -0.165     -0.197     -0.946     -0.002      0.401      0.454
144.0500     -29981.969   -29989.832        7.863   315.2      0.053     -0.793     -0.559     -0.136      0.172     -0.632
144.1000     -29982.021   -29990.105        8.084   324.1     -0.577     -0.928     -1.447     -0.647     -0.346      0.499
144.1500     -29982.292   -29990.475        8.183   328.0     -0.121      0.386      0.104     -0.171      0.136      0.391
144.2000     -29982.715   -29990.590        7.875   315.7     -0.251      0.049     -0.164     -0.380     -0.109     -0.146
144.2500     -29982.602   -29989.971        7.369   295.4      0.660      0.321     -0.122      0.529      0.226      0.337
144.3000     -29982.474   -29989.787        7.313   293.1     -0.076     -0.615      0.918      0.668     -0.488      0.409
144.3500     -29982.369   -29989.982        7.614   305.2      0.111     -0.044     -1.105      0.666      0.020      0.083
144.4000     -29982.261   -29989.230        6.970   279.4      0.096     -0.358     -0.523     -0.444     -0.213      0.357
144.4500     -29981.860   -29989.107        7.248   290.5     -0.382     -1.139     -0.755     -0.098     -0.027     -0.144
144.5000     -29981.837   -29989.969        8.132   326.0     -0.457     -0.251     -0.704     -0.168     -0.002      0.285
144.5500     -29981.152   -29989.229        8.076   323.7      0.277     -0.485     -1.315     -0.468      0.085     -0.150
144.6000     -29981.053   -29989.092        8.039   322.2     -0.338     -0.569      0.578     -0.042     -0.530      0.158
144.6500     -29981.194   -29989.441        8.247   330.6     -0.047      0.031     -0.387     -0.236      0.358     -0.577
144.7000     -29981.101   -29989.197        8.096   324.5     -0.719     -0.628     -0.909     -0.095     -0.121      0.007
144.7500     -29981.426   -29989.199        7.774   311.6      0.595     -0.958     -0.813     -0.456      0.660     -0.804
144.8000     -29981.705   -29989.209        7.504   300.8     -1.874     -1.417     -0.230     -0.219     -0.006     -0.485
144.8500     -29981.459   -29989.785        8.326   333.7     -0.398     -0.116     -1.248     -0.134      0.280     -0.158
144.9000     -29981.329   -29989.490        8.161   327.1      0.497     -1.317     -0.531      0.053     -0.099      0.018
144.9500     -29981.346   -29989.205        7.859   315.0      0.001     -0.282     -0.706     -0.365     -0.354     -0.345
145.0000     -29981.348   -29989.242        7.894   316.4     -0.160      0.349      0.051      0.477      0.173     -0.154
145.0500     -29980.846   -29989.482        8.637   346.2      0.579     -0.038     -0.508      0.285      0.512     -0.275
145.1000     -29981.008   -29989.117        8.110   325.1     -0.992     -0.392     -0.889     -0.611      0.770     -0.270
145.1500     -29981.014   -29988.912        7.898   316.6     -0.362     -0.308      0.181      0.697      0.100     -0.468
145.2000     -29981.418   -29989.715        8.297   332.6     -0.028     -0.339     -0.143      0.101     -0.252      0.065
145.2500     -29981.344   -29988.801        7.457   298.9     -1.176     -0.427     -0.595      0.079      0.043     -0.056
145.3000     -29981.647   -29989.211        7.564   303.2     -1.099     -0.516      0.655     -0.152      0.097      0.281
145.3500     -29981.301   -29989.543        8.241   330.4      1.212     -0.171     -0.347     -0.252      0.232     -0.577
145.4000     -29981.477   -29988.666        7.189   288.2     -1.105     -0.164     -0.217      0.081     -0.491     -0.175
145.4500     -29981.311   -29989.445        8.134   326.1      0.564     -0.884     -0.850      0.395     -0.310     -0.077
145.5000     -29981.479   -29989.410        7.931   317.9     -0.426     -0.525     -0.310     -0.598     -0.201     -0.487
145.5500     -29981.534   -29988.754        7.219   289.4      0.149     -0.215     -0.104      0.086     -0.259     -0.157
145.6000     -29981.573   -29989.033        7.461   299.1     -0.245      0.062     -0.639      0.156     -0.160      0.226
145.6500     -29981.157   -29988.484        7.327   293.7      0.319     -0.757      0.112      0.531      0.107     -0.540
145.7000     -29981.443   -29989.350        7.907   316.9     -0.441     -0.911      0.369     -0.208     -0.201     -0.186
145.7500     -29981.793   -29989.650        7.857   315.0      0.522     -0.102     -0.681     -0.298     -0.244      0.136
145.8000     -29982.146   -29989.707        7.561   303.1      0.080      1.078      0.384      0.240     -0.363     -0.000
145.8500     -29982.134   -29989.213        7.079   283.8     -0.494     -0.371     -0.413     -0.042      0.363      0.147
145.9000     -29981.698   -29989.322        7.624   305.6     -0.171     -0.085     -0.429      0.425      0.054     -0.525
145.9500     -29981.961   -29989.520        7.559   303.0     -1.038     -0.599     -1.738     -0.416     -0.083      0.075
146.0000     -29981.641   -29989.811        8.170   327.5     -0.155      0.118     -0.038      0.349     -0.040      0.043
146.0500     -29982.176   -29989.723        7.547   302.5     -0.005     -0.007     -0.053     -0.213      0.131      0.039
146.1000     -29981.856   -29989.686        7.830   313.9      0.057      0.049     -0.152     -0.385     -0.405      0.057
146.1500     -29981.494   -29988.977        7.482   299.9     -1.215     -0.236     -0.373     -0.228      0.356     -0.489
146.2000     -29981.610   -29989.432        7.821   313.5     -0.016     -1.360     -0.182     -0.770     -0.379      0.362
146.2500     -29981.515   -29989.916        8.401   336.8     -0.196     -1.191      0.165     -0.126      0.277      0.285
146.3000     -29981.202   -29989.539        8.337   334.2      0.469     -0.557      0.191      0.272     -0.576     -0.026
146.3500     -29981.174   -29988.865        7.691   308.3     -0.361     -0.841     -0.403      0.281      0.069      0.268
146.4000     -29980.725   -29988.846        8.121   325.5     -0.725     -0.444     -0.501      0.050     -0.430     -0.555
146.4500     -29980.389   -29989.039        8.650   346.7     -0.853      0.402     -0.865     -0.119     -0.300      0.284
146.5000     -29980.689   -29988.764        8.075   323.7      0.130     -0.246     -0.668      0.392     -0.620     -0.260
146.5500     -29980.503   -29988.936        8.432   338.0     -0.727     -0.719     -0.694     -0.009      0.047     -0.371
146.6000     -29980.635   -29989.750        9.115   365.4      0.003      0.354     -0.410      0.056     -0.159      0.283
146.6500     -29980.522   -29988.633        8.111   325.1     -1.343     -1.008     -0.061      0.109      0.290      0.235
146.7000     -29981.057   -29989.084        8.027   321.8     -0.341     -0.289     -0.587     -0.328      0.089      0.729
146.7500     -29981.807   -29989.859        8.052   322.8     -1.133     -0.908     -0.344     -0.734     -0.440     -0.401
146.8000     -29981.482   -29989.285        7.803   312.8     -0.928     -0.148     -0.213     -0.148      0.431     -0.081
146.8500     -29982.247   -29990.131        7.884   316.0     -0.263     -0.577     -0.082      0.461     -0.427     -0.412
146.9000     -29982.158   -29989.400        7.242   290.3     -0.521     -0.270     -0.071     -0.452      0.193     -0.380
146.9500     -29982.764   -29990.018        7.253   290.7      0.350     -0.187      0.715     -0.272      0.151     -0.366
147.0000     -29982.676   -29990.043        7.367   295.3     -0.023     -0.401     -0.515      0.048      0.294     -0.006
147.0500     -29982.833   -29989.828        6.995   280.4     -1.051     -0.616     -0.252     -0.253      0.134     -0.264
147.1000     -29982.891   -29990.006        7.115   285.2     -0.484     -0.364     -0.513     -0.007      0.508     -0.639
147.1500     -29982.717   -29989.842        7.125   285.6     -0.800     -0.483     -0.631     -0.065     -0.098      0.188
147.2000     -29981.918   -29989.777        7.860   315.0     -0.106     -0.885     -0.520      0.067      0.324     -0.540
147.2500     -29981.966   -29989.791        7.825   313.7     -1.303      0.157     -0.532      0.021     -0.202     -0.029
147.3000     -29981.966   -29989.273        7.307   292.9     -0.273     -0.103      0.242     -0.195      0.103     -0.456
147.3500     -29981.887   -29989.254        7.367   295.3      0.216      0.136     -0.281     -0.713     -0.233     -0.477
147.4000     -29982.062   -29989.688        7.625   305.7     -0.005      0.345     -0.524     -0.267      0.059      0.156
147.4500     -29981.280   -29989.119        7.839   314.2     -0.161     -0.277     -0.105      0.253      0.222      0.272
147.5000     -29981.314   -29988.918        7.604   304.8     -0.614     -1.177     -0.150      0.333     -0.179     -0.328
147.5500     -29980.505   -29989.037        8.532   342.0     -0.061     -0.104      0.208     -0.287     -0.013      0.210
147.6000     -29981.529   -29988.602        7.072   283.5      0.276     -0.485      0.072     -0.073      0.015     -0.229
147.6500     -29981.443   -29989.547        8.104   324.8      0.115      1.197      0.056     -0.361     -0.146      0.096
147.7000     -29981.085   -29989.402        8.317   333.4     -0.644     -0.305     -0.049     -0.439      0.122     -0.089
147.7500     -29981.134   -29989.367        8.233   330.0      0.155     -0.543      0.138     -0.087      0.036     -0.260
147.8000     -29980.743   -29989.355        8.613   345.2     -0.335      0.061     -0.555      0.060     -0.301      0.407
147.8500     -29981.620   -29990.211        8.591   344.4      0.801     -0.120      0.255     -0.680     -0.460      0.215
147.9000     -29981.884   -29990.342        8.458   339.0      0.310     -0.473      0.122     -0.183     -0.156     -0.223
147.9500     -29981.889   -29989.486        7.597   304.5      0.211     -0.597      0.297     -0.470     -0.032      0.440
148.0000     -29981.662   -29989.805        8.142   326.4     -0.163     -0.210     -0.104     -0.203     -0.213      0.121
148.0500     -29981.716   -29988.914        7.198   288.5     -0.247     -0.180     -0.511     -0.151     -0.107      0.940
148.1000     -29981.879   -29989.457        7.578   303.8      0.097     -0.345      0.176      0.302      0.505     -0.131
148.1500     -29981.348   -29988.955        7.608   304.9     -1.125     -0.571     -0.384     -0.258      0.154      0.559
148.2000     -29981.058   -29989.178        8.120   325.5      0.057     -0.262     -0.166      0.740     -0.250     -0.053
148.2500     -29981.040   -29989.689        8.649   346.7      0.181     -0.109     -0.011     -0.537     -0.158      0.420
148.3000     -29980.707   -29988.631        7.924   317.6     -0.702     -0.347     -0.438     -0.107      0.465      0.338
148.3500     -29980.840   -29988.619        7.780   311.8     -0.262      0.072      0.037      0.301      0.046      0.296
148.4000     -29980.612   -29988.102        7.489   300.2      0.379      0.639     -0.554      0.473     -0.166     -0.174
148.4500     -29979.926   -29988.613        8.688   348.2     -0.026     -0.142      0.404      0.183      0.367      0.457
148.5000     -29980.015   -29987.674        7.659   307.0      1.479     -0.543     -0.665      0.239      0.320     -0.088
148.5500     -29980.004   -29988.361        8.357   335.0     -0.440     -0.265      0.258     -0.680     -0.632      0.276
148.6000     -29979.415   -29987.887        8.471   339.6     -0.128     -0.791      0.749     -0.017      0.569      0.096
148.6500     -29979.545   -29987.268        7.723   309.6      0.311     -0.179     -0.952     -0.327     -0.379     -0.801
148.7000     -29980.013   -29988.385        8.372   335.6     -0.571     -0.290      0.231      0.002     -0.136      0.521
148.7500     -29980.041   -29988.607        8.566   343.4     -0.500     -0.186      0.517      0.027     -0.004      0.178
148.8000     -29979.998   -29988.975        8.977   359.8     -0.200     -0.543     -0.819     -0.253     -0.118     -0.179
148.8500     -29980.196   -29988.834        8.638   346.2      0.133     -0.452     -0.456     -0.286     -0.385      0.442
148.9000     -29980.030   -29989.146        9.116   365.4     -0.676     -0.183      0.098      0.042     -0.344     -0.568
148.9500     -29979.907   -29989.117        9.210   369.2      0.927     -0.401      0.063     -0.073      0.294      0.288
149.0000     -29979.710   -29987.854        8.143   326.4     -1.017     -1.488      0.028     -0.230      0.169     -0.311
149.0500     -29980.149   -29988.346        8.196   328.5     -0.910     -0.370     -0.524     -0.460     -0.415      0.623
149.1000     -29979.876   -29988.117        8.241   330.3     -0.379      0.346     -0.173      0.283      0.114     -0.085
149.1500     -29979.959   -29988.729        8.770   351.5     -0.524     -0.869     -0.228      0.342     -0.131      0.527
149.2000     -29979.841   -29988.264        8.423   337.6     -0.488     -1.666     -0.250      0.091      0.481     -0.508
149.2500     -29979.284   -29987.695        8.412   337.2     -0.877      0.160     -1.532     -0.107     -0.394      0.574
149.3000     -29979.160   -29988.508        9.348   374.7     -0.813      0.068     -0.143      0.245     -0.124     -0.259
149.3500     -29979.283   -29987.578        8.296   332.5      0.775      0.008     -0.599      0.214     -0.265     -0.167
149.4000     -29979.331   -29987.121        7.790   312.3      0.663     -0.322     -0.400      0.006      0.477      0.258
149.4500     -29979.401   -29987.322        7.921   317.5      0.468      0.350      0.702      0.390     -0.027      0.331
149.5000     -29979.642   -29987.896        8.254   330.9      0.132     -0.005      0.684     -0.046     -0.031     -0.159
149.5500     -29979.085   -29988.252        9.167   367.5     -0.692     -0.153     -0.790     -0.451     -0.576      0.121
149.6000     -29979.180   -29987.699        8.519   341.5      0.143     -0.277      0.349     -0.557      0.790     -0.369
149.6500     -29979.639   -29988.135        8.496   340.5     -0.310     -0.773     -0.794      0.222     -0.313     -0.327
149.7000     -29979.377   -29988.012        8.635   346.1      0.047     -0.629     -0.222     -0.782     -0.187      0.204
149.7500     -29980.137   -29988.746        8.609   345.1     -1.355     -0.526     -0.300     -0.632      0.254     -0.122
149.8000     -29980.140   -29988.250        8.110   325.1     -0.146     -0.215     -0.882     -0.321      0.043      0.039
149.8500     -29979.695   -29988.730        9.036   362.2      0.734      0.716      0.424      0.605      0.691      0.242
149.9000     -29980.104   -29988.250        8.146   326.5     -0.332      0.225      0.179     -0.177     -0.294     -0.377
149.9500     -29980.435   -29989.178        8.743   350.4     -1.114     -1.960     -0.292      0.121     -0.082      0.415
150.0000     -29979.994   -29988.994        9.000   360.8     -0.865     -0.856     -0.320      0.204      0.396      0.158
150.0500     -29980.352   -29988.434        8.082   323.9     -0.683     -1.244     -0.651      0.036     -0.196     -0.505
150.1000     -29980.556   -29989.152        8.597   344.6     -0.241     -1.586     -0.594     -0.270     -0.095     -0.138
150.1500     -29980.674   -29988.850        8.175   327.7     -0.615     -0.967     -0.218      0.181      0.022      0.192
150.2000     -29980.432   -29989.033        8.601   344.8     -0.392     -0.034      0.482     -0.378      0.249     -0.391
150.2500     -29980.565   -29989.158        8.594   344.5     -0.042     -1.306     -0.370      0.116     -0.148      0.320
150.3000     -29980.551   -29989.020        8.469   339.5     -1.089     -0.153     -0.443     -0.659     -0.128      0.023
150.3500     -29981.001   -29989.057        8.055   322.9     -0.438      0.373      0.036     -0.265     -0.093     -0.018
150.4000     -29980.687   -29989.016        8.329   333.9     -0.989     -0.760     -1.376      0.091      0.274      0.513
150.4500     -29980.776   -29989.451        8.675   347.7      0.110     -0.873      0.273     -0.430      0.187      0.581
150.5000     -29980.651   -29988.818        8.168   327.4     -0.803     -1.268      0.065      0.111      0.067      0.415
150.5500     -29980.514   -29989.033        8.520   341.5     -0.684     -0.545     -0.484     -0.505     -0.111     -0.550
150.6000     -29980.597   -29988.600        8.002   320.8     -0.215      0.113     -0.749      0.254      0.628      0.080
150.6500     -29980.910   -29989.500        8.590   344.3      0.017     -0.641      0.925     -0.204     -0.246     -0.404
150.7000     -29981.467   -29988.928        7.461   299.1      0.844      0.764      0.367     -0.040      0.028      0.285
150.7500     -29980.951   -29988.992        8.042   322.3      0.057     -0.281      0.448     -0.003      0.673      0.279
150.8000     -29981.271   -29989.277        8.006   320.9     -0.098      1.123     -1.228     -0.240      0.030     -0.144
150.8500     -29981.118   -29989.592        8.474   339.7     -0.025     -0.891      0.931     -0.328     -0.549     -0.206
150.9000     -29981.028   -29989.402        8.375   335.7     -0.530     -0.171      0.243      0.482      0.128     -0.235
150.9500     -29980.510   -29988.814        8.304   332.9     -0.766     -0.754     -1.499     -0.118      0.066     -0.348
151.0000     -29980.792   -29989.641        8.849   354.7      0.240     -0.307      0.081      0.363     -0.025     -0.576
151.0500     -29980.765   -29988.461        7.696   308.5     -0.821     -0.720     -0.507     -0.042     -0.270      0.066
151.1000     -29980.655   -29988.881        8.226   329.7     -0.656      0.115     -0.762     -0.447     -0.139     -0.576
151.1500     -29980.411   -29989.043        8.632   346.0     -0.905      0.235      0.123     -0.134      0.813     -0.431
151.2000     -29980.362   -29988.553        8.191   328.3     -0.132     -0.652     -0.750     -0.421     -0.346     -0.547
151.2500     -29979.950   -29988.672        8.722   349.6     -0.921     -0.115      0.539      0.161      0.140      0.145
151.3000     -29979.843   -29988.209        8.366   335.3     -0.979     -1.142     -1.627     -0.412     -0.034      0.394
151.3500     -29979.476   -29988.303        8.827   353.8     -1.147     -0.730     -0.834      0.100     -0.047     -0.359
151.4000     -29979.822   -29988.812        8.991   360.4     -0.647     -0.788     -0.974     -0.397     -0.114      0.132
151.4500     -29979.882   -29988.676        8.794   352.5      0.615      0.054      0.233      0.210      0.211      0.052
151.5000     -29979.779   -29987.934        8.154   326.9      0.358      0.566      0.735     -0.313      0.118     -0.296
151.5500     -29979.593   -29987.344        7.751   310.7     -0.185      0.013      0.287      0.051     -0.464      0.267
151.6000     -29980.349   -29988.150        7.802   312.7      0.518     -0.098     -0.717      0.066     -0.400     -1.045
151.6500     -29979.733   -29988.102        8.369   335.5     -0.537     -0.414      0.297     -0.221      0.318      0.738
151.7000     -29979.706   -29988.676        8.970   359.6      0.378     -1.548     -0.440      0.182      0.474     -0.026
151.7500     -29979.719   -29987.916        8.197   328.6     -1.234      0.015      0.123     -0.384     -0.177      0.226
151.8000     -29980.088   -29988.729        8.640   346.3     -0.385      0.227     -1.649      0.172     -0.104     -0.244
151.8500     -29980.263   -29988.443        8.180   327.9      1.079      0.254     -0.037     -0.335      0.097     -0.188
151.9000     -29980.088   -29988.504        8.416   337.3     -0.488     -0.384     -0.361     -0.828     -0.524     -0.275
151.9500     -29981.211   -29989.061        7.849   314.6      0.407      0.510     -0.619      0.111     -0.230     -0.099
152.0000     -29981.513   -29989.588        8.075   323.7     -0.245     -0.543     -0.856     -0.160     -0.114     -0.162
152.0500     -29981.813   -29989.562        7.749   310.6     -0.002      0.466     -0.331      0.090     -0.402      0.163
152.1000     -29981.815   -29989.520        7.704   308.8     -0.510     -0.190     -0.864      0.401      0.712     -0.258
152.1500     -29981.524   -29989.678        8.154   326.8     -1.051     -0.473     -0.634     -0.179     -0.116     -0.394
152.2000     -29981.069   -29989.211        8.142   326.4     -0.058      0.014     -0.267     -0.142     -0.245      0.023
152.2500     -29980.948   -29989.418        8.470   339.5     -0.446     -0.906     -0.266      0.078     -0.017      0.201
152.3000     -29981.297   -29989.471        8.174   327.7     -0.783     -0.460      0.017      0.251      0.120     -0.502
152.3500     -29981.153   -29989.729        8.575   343.7     -0.255     -0.535      0.059      0.318     -0.237      0.339
152.4000     -29980.956   -29989.363        8.408   337.0      0.490     -0.025      0.345     -0.152      0.332     -0.168
152.4500     -29980.935   -29988.496        7.562   303.1      0.101      1.377      0.637     -0.192     -0.241      0.305
152.5000     -29981.063   -29988.865        7.802   312.8     -0.361     -0.661     -0.140      0.390      0.388      0.059
152.5500     -29980.937   -29989.508        8.571   343.6     -0.006     -0.052      0.413     -0.642     -0.009      0.164
152.6000     -29980.877   -29988.666        7.789   312.2     -0.066     -1.034     -0.344     -0.189      0.313     -0.036
152.6500     -29980.956   -29989.459        8.503   340.8     -0.899     -0.313     -0.098     -0.083      0.142     -0.126
152.7000     -29980.552   -29988.539        7.987   320.2     -0.271      0.325     -0.451      0.357     -0.446     -0.099
152.7500     -29980.367   -29988.605        8.239   330.3     -0.906     -0.735     -0.616     -0.069      0.142     -0.186
152.8000     -29979.862   -29988.182        8.320   333.5     -0.297     -0.485     -0.725      0.027      0.103      0.186
152.8500     -29979.955   -29988.926        8.971   359.6     -1.048      0.304      0.063     -0.114     -0.430      0.072
152.9000     -29979.933   -29988.453        8.520   341.5      0.019     -0.084     -0.135      0.908      0.004      0.366
152.9500     -29980.388   -29988.178        7.789   312.2     -0.469     -0.438     -0.262     -0.669     -0.098     -0.168
153.0000     -29980.493   -29988.922        8.429   337.9     -0.527      0.279     -0.265      0.765      0.503      0.219
153.0500     -29980.865   -29988.246        7.381   295.9     -0.142     -0.887     -0.293     -0.243     -0.529     -0.506
153.1000     -29981.117   -29989.168        8.050   322.7      0.407     -0.363     -0.321      0.424      0.021     -0.367
153.1500     -29981.298   -29989.133        7.834   314.0     -0.811     -0.229     -1.351      0.165     -0.745     -0.381
153.2000     -29981.723   -29988.998        7.275   291.6     -1.156      0.183     -0.453      0.160      0.771      0.131
153.2500     -29982.072   -29989.541        7.469   299.4     -0.119     -0.813     -1.084      0.374     -0.440      0.360
153.3000     -29981.854   -29989.418        7.564   303.2     -0.298     -0.333     -0.269      0.094      0.203      0.183
153.3500     -29981.920   -29989.711        7.791   312.3     -0.723     -0.124     -0.589      0.619     -0.354      0.447
153.4000     -29982.192   -29989.168        6.976   279.6     -0.528     -0.793     -0.206     -0.280     -0.315     -0.339
153.4500     -29981.593   -29989.375        7.782   311.9      0.373     -0.749     -0.052     -0.259      0.376      0.097
153.5000     -29981.314   -29989.352        8.038   322.2      0.127      0.113      0.696     -0.006     -0.259      0.140
153.5500     -29981.229   -29988.922        7.693   308.4      0.221     -0.089     -0.051     -0.267     -0.438      0.219
153.6000     -29981.531   -29989.088        7.557   302.9     -0.452     -0.014     -0.623      0.166     -0.331     -0.053
153.6500     -29981.621   -29988.986        7.366   295.3     -1.258     -0.278     -0.586     -0.665      0.749      0.356
153.7000     -29981.451   -29988.689        7.238   290.1      0.357     -0.088      0.287     -0.075     -0.298     -0.111
153.7500     -29981.574   -29988.865        7.291   292.3     -1.087      0.272     -0.717     -0.101     -0.417      0.006
153.8000     -29981.202   -29989.271        8.069   323.5     -0.033      0.054     -0.708     -0.297      0.138     -0.206
153.8500     -29981.648   -29990.096        8.448   338.6     -0.644      0.070     -0.312     -0.222      0.447     -0.085
153.9000     -29981.584   -29989.312        7.728   309.8     -0.180     -0.937     -0.056      0.580      0.294     -0.124
153.9500     -29981.762   -29989.160        7.398   296.6     -0.822     -0.966     -0.557      0.474     -0.134      0.283
154.0000     -29981.125   -29989.371        8.246   330.5     -0.392      0.317     -0.511     -0.178      0.566     -0.163
154.0500     -29980.933   -29988.588        7.654   306.8     -1.603     -0.563     -0.239      0.095      0.248     -0.090
154.1000     -29980.836   -29989.076        8.240   330.3      0.863      1.001      0.048     -0.214     -0.196      0.453
154.1500     -29980.503   -29989.182        8.679   347.9      0.001     -0.770     -0.150     -0.697     -0.240     -0.563
154.2000     -29980.768   -29989.309        8.541   342.3     -0.680      0.130     -0.117      0.611      0.614      0.132
154.2500     -29980.913   -29989.021        8.109   325.0     -0.518     -0.419     -0.296     -0.002      0.014     -0.255
154.3000     -29980.420   -29988.535        8.115   325.3     -1.235     -0.941     -0.983     -0.798      0.211      0.529
154.3500     -29980.466   -29988.754        8.287   332.2     -0.795     -0.177     -0.852      1.019      0.131      0.242
154.4000     -29980.783   -29988.328        7.545   302.4     -1.258     -1.129     -0.414     -0.299     -0.236      0.107
154.4500     -29980.655   -29988.697        8.043   322.4     -0.027      0.045      0.004      0.325     -0.876      0.606
154.5000     -29980.785   -29988.768        7.983   320.0     -0.464     -0.584      0.689     -0.515      0.104     -0.345
154.5500     -29981.320   -29989.299        7.979   319.8     -0.738     -0.429     -0.381     -0.248     -0.044      0.106
154.6000     -29981.178   -29989.219        8.041   322.3      0.062     -0.387      0.695      0.436      0.916      0.490
154.6500     -29980.433   -29988.955        8.522   341.6      0.443      0.644     -0.512     -0.523      0.309      0.441
154.7000     -29980.888   -29988.545        7.657   306.9     -0.680     -0.766     -0.554     -0.060     -0.181      0.312
154.7500     -29980.384   -29988.811        8.427   337.8     -0.923     -0.696     -0.190      0.295     -0.515     -0.149
154.8000     -29980.762   -29988.559        7.797   312.5     -0.874     -0.039      0.172      0.151      0.105     -0.240
154.8500     -29980.461   -29988.092        7.631   305.9     -1.139     -0.798     -0.585      0.164      0.497      0.194
154.9000     -29980.286   -29988.723        8.437   338.2     -0.371     -0.364     -0.960      0.054     -0.052      0.062
154.9500     -29980.170   -29988.598        8.428   337.8     -1.614     -1.407     -0.697      0.173     -0.481     -0.385
155.0000     -29980.434   -29988.670        8.236   330.1     -0.069      0.566     -1.426      0.804     -0.162      0.780
155.0500     -29980.548   -29988.119        7.571   303.5     -0.323     -0.725      0.318      0.116      0.152     -0.338
155.1000     -29980.105   -29988.184        8.079   323.8     -0.460     -0.627     -0.162     -0.133     -0.067      0.715
155.1500     -29980.465   -29989.084        8.619   345.5     -0.134      0.627     -0.620     -0.228      0.280     -0.018
155.2000     -29980.103   -29988.697        8.594   344.5      0.106     -0.177     -0.274      0.100      0.112     -0.320
155.2500     -29979.580   -29987.617        8.037   322.2     -0.727      0.170      0.170      0.172      0.093      0.302
155.3000     -29979.430   -29987.545        8.115   325.3     -0.159     -1.180     -0.492     -0.079      0.294      0.351
155.3500     -29979.580   -29988.451        8.871   355.6      0.466     -0.220     -0.374     -0.514     -0.059      0.637
155.4000     -29979.890   -29988.375        8.485   340.1     -1.348      0.174      0.028      0.290      0.050     -0.332
155.4500     -29980.386   -29988.297        7.911   317.1     -0.933     -0.548     -1.613     -0.256      0.124      0.061
155.5000     -29980.411   -29987.980        7.570   303.4      0.145     -0.233     -0.642      0.165      0.252      0.250
155.5500     -29979.741   -29987.979        8.238   330.2     -0.701      0.801      0.613      0.098      0.175     -0.525
155.6000     -29979.692   -29988.041        8.350   334.7     -1.407     -0.962     -0.748     -0.371      0.003      0.317
155.6500     -29979.106   -29987.953        8.847   354.6     -1.416     -1.030     -1.108     -0.137      0.164     -0.245
155.7000     -29979.369   -29988.207        8.838   354.3     -1.452     -0.449     -1.089     -0.359      0.817     -0.238
155.7500     -29979.247   -29987.855        8.609   345.1     -1.017     -1.101     -0.994     -0.409     -0.208      0.041
155.8000     -29979.112   -29987.295        8.183   328.0     -0.167     -0.772     -0.385     -0.609      0.238      0.383
155.8500     -29979.448   -29988.133        8.685   348.1      0.128      0.316      0.320      0.170      0.184      0.412
155.9000     -29979.797   -29988.127        8.330   333.9     -0.167     -0.083     -0.587      0.228      0.087      0.241
155.9500     -29980.127   -29988.170        8.043   322.4      0.483     -0.287     -0.337     -0.318     -0.530      0.426
156.0000     -29980.220   -29988.270        8.049   322.7     -0.160      0.327     -0.266     -0.006      0.248     -0.268
156.0500     -29979.458   -29988.133        8.675   347.7     -0.941     -0.123     -0.789      0.157     -0.361     -0.152
156.1000     -29979.402   -29988.047        8.645   346.5     -0.751     -0.346     -0.516      0.121      0.366     -0.169
156.1500     -29979.607   -29988.084        8.477   339.8     -0.942     -1.681     -0.785      0.483      0.565     -0.398
156.2000     -29979.451   -29987.549        8.098   324.6      0.081      0.078      0.050     -0.373     -0.338      0.353
156.2500     -29979.459   -29988.684        9.224   369.7     -0.204     -0.730     -0.998      0.549      0.424     -0.165
156.3000     -29979.442   -29987.949        8.508   341.0     -0.334     -0.379      0.416     -0.473     -0.083     -0.403
156.3500     -29979.854   -29988.023        8.170   327.5     -1.002     -0.119      0.117      0.453      0.612      0.082
156.4000     -29979.425   -29987.805        8.379   335.9     -0.386     -0.473      0.221      0.312     -0.220      0.051
156.4500     -29979.736   -29988.320        8.584   344.1     -1.468     -0.772     -0.954     -0.028     -0.370      0.292
156.5000     -29979.631   -29987.975        8.343   334.4     -0.885      0.038     -0.082      0.011     -0.058     -0.287
156.5500     -29979.896   -29988.279        8.383   336.0      0.604     -0.451      0.497      0.470     -0.309     -0.363
156.6000     -29980.123   -29988.244        8.121   325.5     -0.669     -0.592     -0.317     -0.182     -0.286      0.136
156.6500     -29980.114   -29988.205        8.091   324.3      0.177     -0.253     -0.434      0.131      0.621      0.185
156.7000     -29979.961   -29988.029        8.068   323.4     -0.871     -0.616     -0.523     -0.260      0.271     -0.117
156.7500     -29980.176   -29988.586        8.410   337.1     -0.559     -0.145     -0.890      0.206      0.188      0.175
156.8000     -29980.091   -29988.148        8.057   323.0      0.041     -0.501      0.883     -0.896     -0.542      0.191
156.8500     -29980.274   -29988.342        8.068   323.4      0.038     -0.275      0.226      0.608      0.027     -0.387
156.9000     -29980.620   -29988.455        7.835   314.1     -0.820      0.633     -0.597      0.399     -0.060      0.479
156.9500     -29980.732   -29989.049        8.317   333.4     -0.792     -0.399      0.246     -0.203      0.182      0.193
157.0000     -29980.455   -29988.688        8.233   330.0     -0.094     -1.108      0.188     -0.221     -0.029     -0.139
157.0500     -29980.813   -29988.559        7.746   310.5     -0.406     -0.386     -0.338     -0.620     -0.614     -0.212
157.1000     -29981.004   -29988.506        7.502   300.7      0.688      0.170      0.164      0.570      0.122      0.007
157.1500     -29980.683   -29988.430        7.747   310.5     -0.497     -0.444     -0.384      0.116     -0.014     -0.614
157.2000     -29980.250   -29989.127        8.877   355.8      0.445      0.234      0.105      0.215     -0.094      0.136
157.2500     -29979.927   -29988.137        8.210   329.1     -0.037     -0.334     -1.844     -0.320     -0.188      0.015
157.3000     -29980.596   -29988.400        7.804   312.8     -0.847     -0.616     -0.094      0.306     -0.333     -0.364
157.3500     -29980.594   -29988.352        7.758   311.0     -0.016     -0.542     -0.801      0.209      0.118      0.089
157.4000     -29980.353   -29988.213        7.860   315.1     -0.398     -0.909     -0.467      0.395     -0.043     -0.584
157.4500     -29980.270   -29987.781        7.512   301.1      0.186     -0.071     -0.125      0.146      0.096      0.406
157.5000     -29980.687   -29988.342        7.655   306.9     -0.373      0.723     -0.062     -0.182      0.326     -0.357
157.5500     -29980.467   -29988.689        8.222   329.6      0.508     -0.113      0.012     -0.023     -0.337      0.414
157.6000     -29980.331   -29988.123        7.792   312.3      0.429      0.978     -0.110     -0.404     -0.199     -0.092
157.6500     -29979.796   -29988.223        8.427   337.8     -0.883     -0.304      0.120     -0.369      0.569      0.074
157.7000     -29980.199   -29988.572        8.373   335.6     -0.751      0.445     -0.459      0.265     -0.220     -0.196
157.7500     -29980.240   -29988.744        8.504   340.9      0.787      0.258      0.857      0.433      0.376     -0.025
157.8000     -29979.981   -29988.410        8.429   337.9     -0.095      0.064     -0.206      0.055      0.182     -0.030
157.8500     -29980.082   -29988.061        7.978   319.8     -0.274      0.307     -0.106     -0.268      0.076      0.558
157.9000     -29980.467   -29988.643        8.175   327.7     -0.304     -0.416     -0.960      0.131      0.196      0.338
157.9500     -29980.615   -29987.775        7.160   287.0      0.173      0.623      0.152     -0.199     -0.223      0.254
158.0000     -29980.335   -29987.945        7.610   305.0     -0.377     -0.895     -1.045     -0.312      0.173      0.114
158.0500     -29980.602   -29987.980        7.378   295.8      0.919      0.015      0.036      0.627     -0.405      0.299
158.1000     -29980.996   -29988.904        7.908   317.0     -0.327     -0.284     -0.231     -0.312      0.212     -0.017
158.1500     -29981.225   -29988.959        7.734   310.0     -0.546     -0.427      0.237      0.609     -0.016      0.400
158.2000     -29980.941   -29989.004        8.063   323.2     -0.073     -0.285      0.303     -0.273     -0.203      0.197
158.2500     -29980.563   -29988.631        8.068   323.4     -0.550     -1.090      0.151     -0.263      0.562     -0.349
158.3000     -29980.388   -29988.588        8.200   328.7     -0.385     -0.247      0.362      0.126      0.122      0.025
158.3500     -29980.451   -29988.777        8.326   333.7     -0.330     -0.525     -0.560      0.136      0.689      0.028
158.4000     -29979.818   -29987.572        7.754   310.8     -0.607     -0.451     -0.531     -0.293     -0.610      0.299
158.4500     -29979.401   -29988.449        9.048   362.7     -0.850     -0.366     -0.547     -0.439      0.264     -0.499
158.5000     -29979.252   -29987.676        8.424   337.7      0.302     -0.550     -0.112     -0.222     -0.128      0.096
158.5500     -29979.185   -29987.719        8.534   342.1     -0.309      0.197      0.473     -0.168      0.423      0.400
158.6000     -29979.269   -29987.328        8.059   323.1     -0.044      0.216     -0.068     -0.273     -0.211     -0.656
158.6500     -29979.197   -29987.588        8.391   336.3      0.400      0.244     -0.340      0.305      0.297      0.088
158.7000     -29979.275   -29987.477        8.202   328.8     -0.385     -0.686      0.273      0.026     -0.437     -0.344
158.7500     -29979.120   -29987.662        8.542   342.4     -0.195     -1.026     -0.323      0.378      0.228      0.022
158.8000     -29979.735   -29988.223        8.487   340.2     -0.225     -0.138      0.146      0.089      0.053     -0.023
158.8500     -29980.176   -29987.857        7.682   307.9     -1.153     -1.280     -0.249      0.236      0.726      0.033
158.9000     -29980.406   -29988.346        7.939   318.2      0.027     -0.915     -0.683      0.115      0.254     -0.399
158.9500     -29980.111   -29988.492        8.381   336.0     -1.015     -1.089     -0.357      0.494      0.233      0.233
159.0000     -29980.148   -29988.289        8.141   326.3     -0.142     -0.086      0.287     -0.199      0.369     -0.207
159.0500     -29980.130   -29988.693        8.564   343.3     -0.232     -0.122      0.144      0.024     -0.027     -0.372
159.1000     -29979.044   -29987.826        8.782   352.0     -1.083     -0.689     -1.727      0.203      0.652      0.155
159.1500     -29979.102   -29988.719        9.617   385.5      0.384     -0.450      0.088      0.356      0.209     -0.358
159.2000     -29979.350   -29987.928        8.578   343.8     -0.401     -1.395     -0.998      0.007     -0.699      0.732
159.2500     -29979.146   -29987.822        8.676   347.8     -0.574     -0.320      0.001      0.271      0.275      0.566
159.3000     -29978.930   -29987.561        8.631   346.0     -0.421     -0.995     -1.428     -0.387      0.753      0.234
159.3500     -29979.012   -29988.602        9.590   384.4     -1.065     -0.704     -0.012      0.277     -0.077      0.087
159.4000     -29979.043   -29988.354        9.311   373.2     -0.017     -0.077     -0.138     -0.051     -0.361      0.298
159.4500     -29979.014   -29987.982        8.969   359.5     -0.221     -0.166     -0.292      0.067     -0.223      0.719
159.5000     -29979.243   -29988.307        9.064   363.3      0.075     -0.205     -0.212     -0.052      0.158     -0.019
159.5500     -29978.959   -29988.107        9.149   366.7      0.334     -0.430     -0.105      0.449      0.323     -0.016
159.6000     -29978.894   -29987.756        8.861   355.2     -0.091      0.963     -0.489      0.394     -0.492      0.446
159.6500     -29979.247   -29987.916        8.669   347.5     -0.879     -0.837      0.046      0.185      0.109      0.378
159.7000     -29979.444   -29987.838        8.394   336.5      0.170      0.740     -0.984     -0.234      0.012     -0.085
159.7500     -29979.737   -29987.404        7.667   307.3     -0.410     -0.653      0.684     -0.003      0.012     -0.230
159.8000     -29979.545   -29987.611        8.066   323.3     -0.339      0.616     -0.011      0.033     -0.581      0.605
159.8500     -29979.432   -29988.135        8.703   348.8      0.213     -0.792     -0.637      0.366      0.325     -0.475
159.9000     -29979.634   -29988.355        8.721   349.6      0.013      0.732      0.465      0.039     -0.294     -0.620
159.9500     -29979.732   -29988.145        8.412   337.2     -0.196     -0.304     -0.651      0.205     -0.188      0.681
160.0000     -29979.762   -29988.639        8.877   355.8     -0.806     -0.338      0.151     -0.118     -0.007     -0.168
