Time[ps]      Etot[eV]     Epot[eV]     Ekin[eV]    T[K]      ---------------------- stress [GPa] -----------------------
0.0000       -29981.061   -29988.701        7.640   306.3     -0.252     -0.561      0.661      0.101     -0.167      0.434
0.0500       -29981.353   -29988.855        7.502   300.7     -0.317      0.060     -0.404     -0.009      0.404      0.330
0.1000       -29981.203   -29988.742        7.540   302.2     -0.155     -0.100      0.097      0.514     -0.082     -0.241
0.1500       -29980.942   -29988.719        7.776   311.7     -0.210     -0.440     -0.890     -0.398      0.160     -0.923
0.2000       -29980.406   -29988.602        8.196   328.5     -0.063      0.263      0.779      0.395      0.721     -0.121
0.2500       -29980.735   -29989.000        8.265   331.3      0.650      0.806      0.413      0.179      0.007     -0.147
0.3000       -29980.332   -29988.961        8.629   345.9     -0.103      0.429     -0.191     -0.187     -0.351     -0.208
0.3500       -29980.365   -29988.848        8.482   340.0      0.190      0.656      0.243     -0.124      0.252      0.529
0.4000       -29979.922   -29988.328        8.406   336.9     -0.082     -0.227     -0.125      0.386     -0.755     -0.031
0.4500       -29979.619   -29988.654        9.035   362.2     -0.381     -0.425     -0.832      0.098      0.297     -0.124
0.5000       -29979.481   -29988.410        8.929   357.9     -0.104     -0.618     -0.268     -0.114      0.516     -0.401
0.5500       -29979.699   -29988.051        8.352   334.8      0.135      0.071      0.881     -0.088      0.537     -0.137
0.6000       -29980.133   -29988.887        8.753   350.9     -1.057     -1.421     -1.028      0.554      0.492      0.067
0.6500       -29980.278   -29988.701        8.423   337.6     -0.609     -1.583     -0.113      0.118      0.406     -0.294
0.7000       -29980.851   -29989.957        9.106   365.0     -0.549      0.105     -0.431      0.441     -0.301     -0.346
0.7500       -29980.814   -29989.383        8.568   343.5     -0.464      0.125      0.342     -0.013     -0.070      0.341
0.8000       -29980.974   -29989.199        8.226   329.7     -0.551      0.523     -0.298     -0.176     -0.349      0.546
0.8500       -29981.048   -29989.580        8.532   342.0     -1.053     -0.377     -1.019     -0.027     -0.124      0.196
0.9000       -29980.695   -29989.188        8.492   340.4     -0.790     -0.834      0.512      0.395     -0.080     -0.530
0.9500       -29980.865   -29989.875        9.010   361.2     -0.914      0.095     -0.899      0.285      0.225      0.063
1.0000       -29980.813   -29989.043        8.230   329.9     -0.309     -1.243     -0.124      0.312      0.351     -0.635
1.0500       -29981.254   -29989.469        8.214   329.3     -0.494     -0.618     -0.205     -0.059     -0.403     -0.139
1.1000       -29981.340   -29989.686        8.345   334.5     -0.237     -0.770     -0.281     -0.290      0.117      0.152
1.1500       -29981.522   -29990.305        8.782   352.0     -0.250     -0.663     -0.561      0.438      0.142     -0.179
1.2000       -29980.829   -29989.443        8.614   345.3     -0.604     -0.667     -0.730     -0.102      0.144     -0.282
1.2500       -29980.308   -29989.645        9.337   374.3      0.140     -0.801      0.824      0.056      0.076      0.409
1.3000       -29981.259   -29989.146        7.888   316.2     -0.741     -0.048     -0.374      0.166      0.013     -0.026
1.3500       -29981.011   -29989.334        8.323   333.6      0.068     -0.575      0.268     -0.135     -0.209     -0.280
1.4000       -29980.895   -29989.027        8.133   326.0     -0.231     -0.664     -0.337     -0.678      0.321      0.111
1.4500       -29981.004   -29988.955        7.951   318.7     -0.699     -0.250     -0.687     -0.240      0.093     -0.450
1.5000       -29981.146   -29989.482        8.337   334.2     -0.103     -0.996     -1.026     -0.161      0.028      0.099
1.5500       -29981.671   -29989.705        8.034   322.0     -1.211     -0.573     -0.380     -0.081      0.481     -0.364
1.6000       -29981.239   -29989.387        8.148   326.6     -1.134     -1.810     -1.737     -0.211      0.115      0.360
1.6500       -29981.790   -29989.941        8.152   326.8     -0.897     -0.544     -0.751      0.070     -0.019     -0.447
1.7000       -29982.195   -29989.570        7.375   295.6     -0.167     -0.455     -0.130     -0.044     -0.419     -0.083
1.7500       -29981.786   -29989.619        7.833   314.0     -0.150     -0.968     -0.632     -0.944      0.261     -0.492
1.8000       -29981.421   -29988.949        7.528   301.8     -0.844     -0.809     -0.573      0.395     -0.021     -0.143
1.8500       -29980.986   -29989.883        8.897   356.6      0.092      1.306      0.481      0.064     -0.164     -0.422
1.9000       -29981.232   -29988.906        7.675   307.6     -0.722      0.154     -0.568      0.029     -0.086      0.302
1.9500       -29981.352   -29988.865        7.514   301.2     -0.545      0.072     -0.564      0.352      0.124      0.036
2.0000       -29981.968   -29989.975        8.006   320.9      0.154     -0.501     -0.485     -0.169      0.423      0.210
2.0500       -29981.469   -29990.191        8.723   349.6     -1.038     -0.832     -0.507      0.437     -0.183      0.061
2.1000       -29981.999   -29989.355        7.356   294.9     -0.283      0.320     -0.839     -0.107      0.716      0.015
2.1500       -29982.028   -29989.703        7.676   307.7     -0.670      0.035     -0.029      0.662     -0.239      0.782
2.2000       -29982.007   -29989.064        7.058   282.9      0.127     -0.225     -0.989     -0.384      0.467      0.255
2.2500       -29981.933   -29989.535        7.602   304.7      0.027     -0.613     -0.844     -0.086     -0.013     -0.485
2.3000       -29981.870   -29989.529        7.660   307.0      0.263      0.307     -0.366      0.441      0.086      0.236
2.3500       -29981.977   -29989.938        7.960   319.1     -0.611      0.109      0.581     -0.403      0.102      0.763
2.4000       -29981.506   -29989.441        7.936   318.1     -0.905     -0.306     -0.235      0.243      0.416      0.003
2.4500       -29981.573   -29989.834        8.261   331.1     -0.289      0.923     -0.495      0.013     -0.584     -0.408
2.5000       -29981.723   -29989.525        7.802   312.7      0.821      0.339     -0.075     -0.067      0.064     -0.639
2.5500       -29982.311   -29990.506        8.195   328.5     -1.245     -0.088      0.028      0.269      0.368      0.484
2.6000       -29982.351   -29989.938        7.587   304.1      0.251      0.070     -0.486     -0.756     -0.421      0.123
2.6500       -29982.193   -29989.998        7.805   312.9      0.124      0.220     -0.508      0.133     -0.309      0.056
2.7000       -29982.175   -29990.080        7.906   316.9      0.106      0.320     -0.627      0.179      0.427     -0.289
2.7500       -29982.034   -29989.566        7.533   301.9      0.352     -0.633      1.224     -0.226     -0.356      0.266
2.8000       -29981.769   -29989.930        8.161   327.1     -0.534      0.075     -0.415      0.155     -0.021     -0.478
2.8500       -29981.845   -29989.113        7.268   291.3      0.308      0.508     -0.392      0.470      0.212      0.150
2.9000       -29981.379   -29989.195        7.816   313.3     -0.765     -0.068     -0.799     -0.142     -0.174     -0.093
2.9500       -29981.127   -29989.285        8.158   327.0     -0.876     -0.683     -1.203      0.400      0.017     -0.445
3.0000       -29981.037   -29989.957        8.920   357.6      0.248      0.305      0.561      0.383      0.050     -0.093
3.0500       -29980.921   -29989.324        8.403   336.8     -0.182      0.210      0.726      0.673      0.384      0.264
3.1000       -29980.406   -29989.072        8.667   347.4      0.751      0.425      0.268     -0.973     -0.046      0.003
3.1500       -29980.556   -29989.535        8.979   359.9      0.532     -0.304     -0.819     -0.270     -0.365     -0.225
3.2000       -29980.427   -29989.439        9.012   361.3     -0.731      0.698     -0.903     -0.035      0.733      0.072
3.2500       -29980.769   -29989.855        9.087   364.2     -0.172     -0.759     -0.157      0.014     -0.143      0.433
3.3000       -29981.263   -29989.850        8.587   344.2     -0.576     -0.720     -0.303      0.653      0.096     -0.285
3.3500       -29980.709   -29989.111        8.403   336.8     -0.639      0.016     -1.435     -0.074     -0.061      0.396
3.4000       -29979.995   -29989.197        9.202   368.9     -0.174     -0.708      0.403      0.351     -0.137     -0.312
3.4500       -29980.304   -29989.357        9.053   362.9     -1.360     -0.410     -0.422     -0.015     -0.127     -0.252
3.5000       -29980.006   -29989.025        9.020   361.6     -0.701     -0.478      0.020      0.268      0.695      0.136
3.5500       -29980.264   -29988.943        8.679   347.9     -0.148     -0.693     -1.277     -0.190      0.141      0.197
3.6000       -29980.600   -29988.781        8.181   327.9      0.126     -0.150     -0.463      0.335     -0.100     -0.108
3.6500       -29980.773   -29989.158        8.385   336.1      0.563      0.721      0.674     -0.038      0.117     -0.057
3.7000       -29980.489   -29989.047        8.558   343.1     -0.117     -0.124      0.122      0.118      0.050     -0.006
3.7500       -29980.466   -29989.312        8.847   354.6     -0.467      0.249      0.567     -0.082      0.015      0.198
3.8000       -29980.609   -29989.336        8.727   349.8      0.009     -0.521     -0.370     -0.264      0.170      0.172
3.8500       -29980.238   -29989.191        8.953   358.9     -0.092     -0.152     -0.338     -0.100      0.424     -0.398
3.9000       -29980.789   -29989.287        8.498   340.6     -1.440     -0.606     -1.424      0.056     -0.038      0.089
3.9500       -29981.152   -29989.688        8.535   342.1     -0.184     -0.364     -0.933      0.021      0.113     -0.275
4.0000       -29980.662   -29989.223        8.560   343.1     -0.792     -0.108     -0.089     -0.051     -0.218      0.188
4.0500       -29980.624   -29989.621        8.997   360.6     -0.280      0.443     -0.550     -0.141      0.479     -0.236
4.1000       -29980.732   -29989.084        8.352   334.8     -0.271     -0.922      0.102     -0.122      0.048     -0.027
4.1500       -29980.713   -29988.943        8.230   329.9      0.919     -0.698      0.740     -0.332     -0.705      0.231
4.2000       -29981.179   -29989.289        8.110   325.1      0.080      0.338     -0.747      0.110      0.510     -0.321
4.2500       -29980.884   -29988.900        8.017   321.3     -0.577      0.541     -0.069     -0.041      1.101      0.401
4.3000       -29981.191   -29989.213        8.022   321.5      0.197     -0.438     -0.844      0.398     -0.087     -0.135
4.3500       -29980.731   -29988.701        7.970   319.5     -0.538     -0.904     -0.301      0.131      0.126     -0.726
4.4000       -29980.436   -29989.158        8.722   349.6     -0.479     -1.002     -1.387     -0.066      0.391     -0.040
4.4500       -29980.729   -29988.988        8.259   331.1     -0.786      0.712      0.138      0.031      0.977      0.606
4.5000       -29981.110   -29989.820        8.710   349.1      0.036     -0.247     -0.946      0.656     -0.299      0.361
4.5500       -29980.835   -29989.219        8.384   336.1      0.868     -0.408      0.349      0.049      0.497     -0.129
4.6000       -29980.768   -29989.049        8.281   331.9      0.288     -0.747     -0.543      0.390      0.084      0.692
4.6500       -29980.118   -29988.061        7.943   318.4      0.414      1.217     -0.606     -0.090      0.097     -0.937
4.7000       -29979.666   -29987.891        8.225   329.7     -0.622     -0.509     -0.323      0.159      0.374     -0.021
4.7500       -29979.410   -29988.252        8.842   354.4     -0.605      0.070      0.664     -0.331      0.163      0.365
4.8000       -29979.501   -29988.010        8.509   341.1      0.146     -0.449      0.225      0.195     -0.404      0.138
4.8500       -29979.977   -29988.311        8.333   334.0     -0.044      0.652      0.699      0.319      0.093     -0.093
4.9000       -29979.924   -29988.145        8.220   329.5     -0.801     -0.612     -0.780     -0.332     -0.749     -0.251
4.9500       -29979.766   -29988.434        8.668   347.4      0.264     -1.063     -0.809      0.249      0.162     -0.480
5.0000       -29979.699   -29989.127        9.428   377.9     -0.132     -1.193      0.326      0.083     -0.207     -0.340
5.0500       -29979.906   -29988.600        8.693   348.5     -1.028     -0.951     -0.725      0.302      0.038     -0.376
5.1000       -29980.283   -29989.240        8.957   359.0      0.943     -0.115      0.509     -0.111      0.100     -0.119
5.1500       -29980.508   -29989.166        8.658   347.0     -1.498     -0.157     -0.926      0.322      0.277      0.604
5.2000       -29980.570   -29989.123        8.553   342.8     -1.151     -0.483     -0.546     -0.174     -0.058     -0.333
5.2500       -29980.769   -29988.584        7.815   313.2     -0.656     -1.266     -0.353      0.006     -0.313     -0.421
5.3000       -29981.034   -29989.031        7.997   320.6     -1.032     -1.356     -1.111      0.226     -0.126      0.455
5.3500       -29981.112   -29989.707        8.595   344.5      0.415      0.762     -0.171     -0.109     -0.540     -0.015
5.4000       -29981.611   -29989.504        7.893   316.4     -0.269     -0.459      0.179      0.043      0.547     -0.335
5.4500       -29981.215   -29989.727        8.511   341.2     -1.033     -1.476     -1.480      0.302      0.105      0.122
5.5000       -29980.827   -29989.557        8.730   349.9      0.411     -0.369     -0.261     -0.077     -0.037     -0.375
5.5500       -29980.781   -29989.051        8.270   331.5      0.371     -0.029      1.021     -0.334      0.031     -0.335
5.6000       -29981.040   -29989.062        8.023   321.6     -0.602      0.389     -0.220     -0.300      0.657      0.327
5.6500       -29980.777   -29988.988        8.211   329.1      0.334      0.210      0.473      0.413     -0.326      0.043
5.7000       -29980.873   -29989.119        8.247   330.6      1.277      0.656     -0.138      0.132      0.163     -0.945
5.7500       -29980.698   -29989.273        8.575   343.7     -0.312     -0.719     -0.461      0.060      0.104      0.332
5.8000       -29980.668   -29988.779        8.111   325.1     -0.487     -0.193     -0.114      0.276      0.252      0.133
5.8500       -29980.707   -29989.184        8.476   339.8      0.742      0.550     -0.433     -0.199     -0.474      0.120
5.9000       -29980.976   -29989.057        8.080   323.9     -0.837     -0.944     -0.728      0.027      0.172      0.236
5.9500       -29980.927   -29990.096        9.168   367.5      0.085      0.099      0.132      0.057     -0.240     -0.223
6.0000       -29981.513   -29989.488        7.976   319.7     -1.128      0.318     -0.404     -0.077     -0.202      0.022
6.0500       -29981.410   -29989.381        7.970   319.5     -0.426     -0.880     -0.495      0.091     -0.118     -0.641
6.1000       -29980.821   -29989.613        8.792   352.4      0.188     -0.420     -0.322      0.112     -0.576      0.327
6.1500       -29980.363   -29989.158        8.795   352.6     -0.151     -0.640     -0.359     -0.022      0.379     -0.227
6.2000       -29981.363   -29989.547        8.183   328.0     -0.824     -0.234     -0.185      0.358     -0.053      0.286
6.2500       -29981.570   -29989.164        7.594   304.4      0.689     -0.358      0.524      0.035     -0.022     -0.188
6.3000       -29981.020   -29989.207        8.187   328.2      0.469      0.372     -0.170     -0.119      0.091     -0.286
6.3500       -29981.110   -29989.648        8.538   342.3     -0.187     -0.555     -0.338      0.056     -0.292     -0.187
6.4000       -29980.602   -29989.479        8.877   355.8     -0.712     -0.652     -0.816     -0.380      0.487     -0.053
6.4500       -29980.522   -29989.715        9.193   368.5     -0.717      0.336      0.796     -0.115     -0.269      0.060
6.5000       -29980.652   -29989.311        8.658   347.1      0.658      0.668      0.320      0.215     -0.157     -0.011
6.5500       -29980.451   -29988.934        8.482   340.0     -0.617      0.075     -0.852     -0.748     -0.020     -0.245
6.6000       -29980.431   -29988.377        7.946   318.5     -0.735     -0.314     -0.233     -0.535      0.098     -0.401
6.6500       -29980.230   -29989.268        9.037   362.3     -0.048     -0.629     -1.099      0.016      0.212      0.043
6.7000       -29980.373   -29988.750        8.377   335.8     -1.056     -0.357     -0.133      0.013     -0.158      0.240
6.7500       -29980.581   -29988.533        7.952   318.8      0.229     -0.685     -1.196      0.684     -0.359     -0.180
6.8000       -29981.150   -29988.656        7.506   300.9      0.071     -1.280     -0.812     -0.179      0.190     -0.806
6.8500       -29981.345   -29989.754        8.409   337.1     -0.273     -0.159     -0.186      0.045      0.064      0.207
6.9000       -29981.215   -29989.449        8.234   330.1      0.236     -0.482     -0.317     -0.212     -0.258     -0.259
6.9500       -29981.062   -29989.678        8.616   345.4     -0.372     -0.341     -0.524      0.673     -0.342     -0.213
7.0000       -29981.077   -29988.799        7.722   309.5     -0.885     -1.079     -0.402      0.498      0.087      0.723
7.0500       -29980.783   -29989.029        8.246   330.5      0.524     -0.546     -0.749     -0.149      0.074     -0.658
7.1000       -29980.734   -29989.242        8.508   341.0      0.248      0.438      0.498      0.577     -0.420      0.046
7.1500       -29981.262   -29988.895        7.632   305.9      0.983      0.764      0.659     -0.007      0.355      0.049
7.2000       -29981.498   -29988.672        7.174   287.6     -0.890      0.139      0.131     -0.215      0.199     -0.624
7.2500       -29981.415   -29989.289        7.874   315.6      0.439      0.220      0.569      0.257     -0.633      0.297
7.3000       -29981.520   -29989.322        7.803   312.8     -0.239     -0.054     -0.003      0.079      0.632      0.457
7.3500       -29981.388   -29989.383        7.995   320.5     -0.400     -0.046     -0.129      0.202      0.143     -0.065
7.4000       -29980.832   -29989.795        8.962   359.3      0.396     -0.245     -0.006     -0.043      0.221     -0.151
7.4500       -29981.156   -29989.691        8.535   342.1      0.153      0.316      0.392      0.433      0.028      0.184
7.5000       -29981.142   -29989.791        8.649   346.7     -0.121     -0.724     -0.099      0.094      0.246     -0.699
7.5500       -29981.125   -29989.475        8.350   334.7     -0.321     -0.263     -0.525     -0.295     -0.619     -0.430
7.6000       -29981.014   -29990.268        9.254   370.9     -0.359     -0.150      0.450      0.046      0.266      0.653
7.6500       -29980.574   -29988.490        7.916   317.3     -0.484     -0.463     -0.895      0.005      0.248     -0.844
7.7000       -29980.549   -29988.971        8.422   337.6     -0.387     -0.039     -0.641     -0.039     -0.420      0.182
7.7500       -29980.920   -29988.984        8.064   323.3     -0.505     -0.381      0.364     -0.130     -0.291     -0.235
7.8000       -29980.991   -29989.998        9.007   361.0     -0.270     -0.727     -0.273     -0.062     -0.018     -0.026
7.8500       -29981.321   -29989.393        8.072   323.6      0.363     -0.589     -0.011      0.735     -0.195      0.933
7.9000       -29981.312   -29989.557        8.244   330.5     -0.338      0.825     -0.452      0.090      0.292      0.676
7.9500       -29981.146   -29989.699        8.553   342.9      1.007     -0.283      0.492     -0.071     -0.477      0.085
8.0000       -29980.756   -29988.381        7.625   305.6      0.450      0.066     -0.924      0.245      0.342      0.195
8.0500       -29981.054   -29989.346        8.291   332.4     -0.522      0.417     -0.202      0.311      0.516     -0.456
8.1000       -29980.576   -29988.943        8.367   335.4      0.075     -0.057     -0.729      0.223      0.457      0.033
8.1500       -29980.787   -29988.963        8.175   327.7     -0.425     -0.001      0.225     -0.027     -0.264     -0.238
8.2000       -29980.580   -29988.559        7.979   319.8     -0.552     -1.426      0.011     -0.002      0.062      0.073
8.2500       -29980.719   -29989.600        8.881   356.0     -0.120     -0.847     -0.596      0.185     -0.296     -0.501
8.3000       -29980.958   -29988.881        7.923   317.6     -0.260      0.333     -0.026     -0.233      0.454     -0.635
8.3500       -29981.034   -29989.742        8.708   349.1      0.116     -0.419      0.321     -0.443     -0.366      0.012
8.4000       -29981.246   -29989.396        8.151   326.7      0.116     -0.117     -0.386     -0.077      0.304     -0.147
8.4500       -29981.244   -29989.293        8.049   322.7     -0.275     -0.888     -0.621      0.357      0.570     -0.261
8.5000       -29981.175   -29989.430        8.255   330.9     -1.429     -1.928     -1.244     -0.195     -0.059      0.204
8.5500       -29980.753   -29988.445        7.692   308.3     -0.490     -0.005     -0.928     -0.613      0.277     -0.069
8.6000       -29980.996   -29988.744        7.748   310.6     -0.010     -0.431     -0.180      0.201     -0.519     -0.469
8.6500       -29981.180   -29989.035        7.855   314.9      0.301      1.047     -0.693      0.620      0.066      0.138
8.7000       -29980.775   -29990.262        9.487   380.3     -0.551     -1.381     -1.536      0.143     -0.314     -0.335
8.7500       -29980.842   -29989.729        8.887   356.2      0.207     -1.120     -0.844      0.145     -0.215     -0.589
8.8000       -29981.278   -29989.025        7.747   310.5      0.292     -0.265      0.165     -0.138      0.230      0.076
8.8500       -29980.703   -29989.824        9.121   365.6      0.288     -0.336     -0.989     -0.385      0.179     -0.464
8.9000       -29981.064   -29989.162        8.098   324.6     -0.276     -0.282     -1.137     -0.074      0.196     -1.058
8.9500       -29981.010   -29988.607        7.597   304.5     -0.397     -0.617     -0.984     -0.121     -0.720      0.173
9.0000       -29981.133   -29989.639        8.506   341.0     -0.805      0.006     -0.156      0.029      0.070     -0.270
9.0500       -29981.058   -29988.979        7.921   317.5      0.235     -1.186      0.755      0.347      0.277     -0.038
9.1000       -29981.411   -29989.402        7.991   320.3      0.433      0.336     -0.320      0.027      0.355     -0.131
9.1500       -29981.249   -29989.445        8.196   328.5      0.693     -0.222      0.397      0.448      0.074      0.057
9.2000       -29981.196   -29989.541        8.345   334.5     -1.595     -0.156      0.087      0.286     -0.513     -0.073
9.2500       -29980.624   -29989.057        8.432   338.0     -0.020     -0.804     -0.653     -0.302      0.292      0.525
9.3000       -29980.234   -29988.533        8.299   332.7      0.147      0.350      0.029     -0.087      0.776      0.239
9.3500       -29980.548   -29988.900        8.352   334.8      0.303      0.205      0.329     -0.004     -0.163     -0.451
9.4000       -29980.830   -29988.852        8.021   321.5     -0.242     -1.174     -0.228      0.253     -0.052      0.212
9.4500       -29980.921   -29989.467        8.546   342.5     -0.312     -0.594      0.552     -0.453      0.279      0.295
9.5000       -29980.828   -29988.984        8.156   326.9     -1.016      0.454      0.761      0.131     -0.085     -0.038
9.5500       -29980.982   -29989.695        8.714   349.3      0.219     -0.880     -0.062     -0.282      0.403     -0.293
9.6000       -29981.218   -29989.348        8.130   325.9     -0.209      0.576      0.492     -0.158      0.317     -0.220
9.6500       -29981.271   -29989.281        8.011   321.1     -0.688     -0.985     -0.147     -0.084      0.008      0.358
9.7000       -29981.594   -29989.135        7.541   302.3      0.591     -0.014      1.033     -0.247      0.509     -0.342
9.7500       -29981.600   -29989.883        8.283   332.0      0.527      0.234      0.143      0.159     -0.251     -0.606
9.8000       -29981.903   -29989.504        7.601   304.7      0.168      1.047      0.070     -0.076      0.410      0.254
9.8500       -29981.452   -29989.539        8.087   324.2     -1.109     -0.667      0.098     -0.043      0.053     -0.071
9.9000       -29981.641   -29989.389        7.748   310.6     -0.034     -0.045     -0.164      0.471      0.360      0.077
9.9500       -29982.053   -29989.590        7.537   302.1     -0.621      0.279     -0.055      0.340      0.077      0.454
10.0000      -29981.868   -29989.301        7.433   297.9      0.206      0.072      1.048     -0.291      0.205     -0.198
10.0500      -29982.313   -29989.270        6.957   278.9     -0.004      0.821      0.064     -0.130     -0.083     -0.131
10.1000      -29981.369   -29989.738        8.369   335.5      0.374      0.020     -0.758      0.024     -0.046      0.071
10.1500      -29981.179   -29989.436        8.256   330.9     -0.421      0.609      0.184      0.085      0.030     -0.255
10.2000      -29981.167   -29989.135        7.968   319.4      0.520      0.071      0.072     -0.149     -0.073      0.282
10.2500      -29980.559   -29988.260        7.701   308.7     -0.143     -0.222      0.188      0.633     -0.016     -0.374
10.3000      -29981.116   -29988.980        7.864   315.2     -0.260      0.852     -0.043     -0.013      0.061      0.186
10.3500      -29980.932   -29988.697        7.765   311.3     -0.626      0.469     -0.331      0.547      0.136      0.135
10.4000      -29980.558   -29988.641        8.083   324.0      0.649      0.163      0.606     -0.037      0.601     -0.135
10.4500      -29980.377   -29988.791        8.414   337.3     -0.315      0.902      0.910     -0.066     -0.047     -0.171
10.5000      -29980.506   -29988.744        8.238   330.2     -0.418     -0.784     -0.322      0.342      0.151      0.240
10.5500      -29980.727   -29989.240        8.513   341.2      0.600      0.263      0.172      0.097      0.051      0.201
10.6000      -29980.780   -29989.014        8.234   330.0     -1.009     -0.566     -0.975      0.302     -0.215     -0.067
10.6500      -29980.330   -29988.473        8.142   326.4      0.078      0.296     -0.406      0.175     -0.100      0.178
10.7000      -29980.608   -29988.795        8.187   328.2      0.222      0.181     -0.695     -0.002      0.103     -0.359
10.7500      -29980.649   -29988.781        8.132   326.0     -0.080     -0.875     -0.185      0.026      0.084     -0.172
10.8000      -29980.332   -29988.672        8.340   334.3      0.054     -1.254      0.100      0.048     -0.140     -0.024
10.8500      -29980.572   -29989.020        8.447   338.6     -0.187      0.070     -0.155     -0.009     -0.267      0.388
10.9000      -29980.305   -29988.314        8.009   321.0     -0.515     -0.607      0.144     -0.282     -0.271     -0.401
10.9500      -29980.158   -29988.900        8.742   350.4     -0.487     -0.667     -0.267      0.114     -0.436     -0.232
11.0000      -29979.901   -29988.645        8.743   350.5      0.041      0.508     -0.530      0.468     -0.199      0.234
11.0500      -29980.045   -29988.609        8.564   343.3     -1.353     -0.338      0.031      0.203      0.027      0.249
11.1000      -29980.882   -29989.131        8.249   330.7     -0.416     -0.686     -0.767      0.321      0.123      0.145
11.1500      -29980.901   -29989.244        8.343   334.4      0.178     -0.605      0.055      0.536     -0.433     -0.416
11.2000      -29980.833   -29989.332        8.499   340.7     -0.024     -1.915     -0.913     -0.539      0.265      0.388
11.2500      -29980.632   -29989.441        8.809   353.1     -0.003     -0.524     -0.355      0.259      0.216     -0.399
11.3000      -29981.131   -29988.961        7.830   313.9     -0.418     -0.637     -0.650      0.089      0.340      0.006
11.3500      -29980.961   -29989.861        8.900   356.8     -0.334     -0.201     -0.237     -0.199      0.083     -0.085
11.4000      -29980.229   -29988.535        8.306   332.9     -0.622     -1.231     -0.581      0.330     -0.426      0.380
11.4500      -29980.262   -29988.262        8.000   320.7     -0.011     -0.658     -0.459     -0.506      0.730      0.049
11.5000      -29979.985   -29988.117        8.133   326.0     -0.483     -0.593      0.224      0.317      0.184     -0.455
11.5500      -29980.552   -29988.678        8.125   325.7     -0.082      0.350      0.280      0.403     -0.035      0.367
11.6000      -29980.542   -29988.475        7.933   318.0     -0.684     -0.671     -0.165     -0.204      0.261      0.173
11.6500      -29980.334   -29988.367        8.033   322.0     -0.256      0.559      0.091     -0.111     -0.129     -0.049
11.7000      -29980.411   -29988.451        8.041   322.3      0.006     -1.827     -0.151      0.138     -0.293      0.133
11.7500      -29980.335   -29988.572        8.237   330.2     -0.315      0.322      0.181     -0.110     -0.199     -0.220
11.8000      -29980.515   -29988.189        7.675   307.6      0.372     -0.631     -0.217      0.055     -0.173     -0.791
11.8500      -29980.896   -29989.154        8.259   331.1      0.304     -0.732     -1.277      0.181     -0.002     -0.142
11.9000      -29981.471   -29989.252        7.781   311.9     -0.345     -1.015     -0.010      0.155      0.247      0.388
11.9500      -29981.382   -29989.482        8.101   324.7      0.383      0.233      0.075      0.062     -0.402     -0.147
12.0000      -29981.484   -29989.248        7.764   311.2     -0.341     -0.526      0.071      0.170      0.435      0.611
12.0500      -29981.472   -29989.061        7.588   304.2     -0.670      0.297     -0.114      0.250     -0.561      0.244
12.1000      -29981.115   -29989.117        8.002   320.8     -0.423     -0.697     -0.682      0.317      0.099     -0.063
12.1500      -29981.147   -29989.287        8.140   326.3     -0.378      0.244     -0.008     -0.164     -0.190      0.215
12.2000      -29980.849   -29988.820        7.971   319.5      0.525      0.056      0.422      0.344     -0.172     -0.057
12.2500      -29980.812   -29989.135        8.323   333.6     -0.542      0.192     -0.880      0.246     -0.398     -0.018
12.3000      -29980.863   -29989.104        8.240   330.3      0.276     -0.173      0.144      0.216      0.359      0.296
12.3500      -29980.600   -29988.975        8.374   335.7      0.366     -1.096     -0.021     -0.166     -0.330     -0.139
12.4000      -29980.503   -29988.590        8.087   324.2     -0.346      0.810     -0.825      0.305     -0.502     -0.475
12.4500      -29980.636   -29988.979        8.343   334.4      0.038     -0.211      0.732     -0.189      0.117      0.198
12.5000      -29980.972   -29988.957        7.986   320.1     -0.787     -0.590     -0.812      0.010     -0.663     -0.063
12.5500      -29980.759   -29988.570        7.812   313.1     -0.410     -0.308      0.120      0.025      0.626      0.448
12.6000      -29980.344   -29988.381        8.037   322.1     -0.013     -0.760     -0.528      0.702     -0.025      0.065
12.6500      -29980.546   -29988.893        8.346   334.6     -0.121     -0.239      0.001      0.402      0.589      0.006
12.7000      -29980.504   -29988.768        8.263   331.2     -0.128     -0.294     -0.514      0.049     -0.048     -0.414
12.7500      -29980.815   -29989.322        8.507   341.0     -0.082     -0.394     -0.858      0.043     -0.498      0.545
12.8000      -29980.838   -29989.221        8.382   336.0     -1.072     -0.456     -0.426      0.066      0.029     -0.130
12.8500      -29980.643   -29988.883        8.240   330.3     -0.456     -0.795      0.287      0.119     -0.159      0.747
12.9000      -29981.028   -29989.201        8.173   327.6     -0.270     -0.448     -1.084      0.208     -0.366     -0.251
12.9500      -29981.161   -29989.062        7.902   316.7     -0.717      0.182     -1.666     -0.227      0.588     -0.131
13.0000      -29980.703   -29989.566        8.863   355.3     -0.425     -1.073     -0.448      0.259     -0.153     -0.348
13.0500      -29980.825   -29989.104        8.278   331.8      0.118     -1.025     -1.106      0.067     -0.453      0.879
13.1000      -29980.270   -29989.318        9.048   362.7     -1.069      0.393     -0.105      0.247      0.025      0.004
13.1500      -29980.542   -29989.230        8.689   348.3      0.643     -0.272     -0.201     -0.266      0.623      0.018
13.2000      -29980.674   -29989.086        8.412   337.2     -0.040     -0.128     -0.411      0.116     -0.020     -0.435
13.2500      -29981.254   -29989.691        8.437   338.2      0.541      0.227     -0.925     -0.405      0.382      0.423
13.3000      -29981.541   -29989.352        7.811   313.1     -0.675     -0.067      0.485     -0.006     -0.051     -0.152
13.3500      -29980.964   -29989.328        8.364   335.3     -0.196     -0.596      0.386     -0.036      0.098      0.298
13.4000      -29980.710   -29988.150        7.441   298.3     -0.481     -0.563     -0.433      0.113     -0.246     -0.157
13.4500      -29980.518   -29988.184        7.665   307.3      0.311      0.385     -0.269     -0.163      0.425      0.789
13.5000      -29980.215   -29987.553        7.338   294.1      0.835     -0.056      0.666      0.080     -0.228     -0.055
13.5500      -29980.169   -29988.443        8.274   331.7      0.082      0.753     -0.929     -0.003      0.427      0.335
13.6000      -29979.809   -29987.994        8.185   328.1      0.821     -0.472     -0.185      0.437     -0.095     -0.198
13.6500      -29979.606   -29987.904        8.298   332.6     -0.158      0.593      0.533     -0.183     -0.135     -0.149
13.7000      -29979.758   -29988.555        8.796   352.6     -0.837     -1.042     -0.850     -0.249      0.196     -0.034
13.7500      -29979.928   -29987.867        7.939   318.2      0.116     -0.441     -0.517      0.056     -0.544     -0.402
13.8000      -29980.163   -29988.713        8.550   342.7     -0.309     -0.989     -0.311      0.222      0.158      0.295
13.8500      -29979.684   -29989.119        9.436   378.2      0.585     -0.276      0.510      0.029      0.235     -0.294
13.9000      -29979.511   -29988.381        8.870   355.5     -0.370     -0.784     -0.021     -0.514      0.004      0.450
13.9500      -29979.882   -29988.488        8.606   345.0     -0.231      0.009     -0.860     -0.213      0.732      0.256
14.0000      -29980.560   -29989.209        8.649   346.7     -0.669     -1.385     -0.561      0.032      0.514     -0.306
14.0500      -29980.652   -29988.682        8.030   321.9      0.050      0.192     -0.079     -1.031      0.041     -0.052
14.1000      -29980.688   -29988.658        7.970   319.5      0.322     -0.141     -0.549      0.105      0.037     -0.065
14.1500      -29980.955   -29989.031        8.076   323.7      0.427      0.661      0.493      0.003     -0.204      0.309
14.2000      -29981.442   -29989.100        7.657   306.9      0.251     -0.925      0.437      0.643      0.261     -0.336
14.2500      -29981.460   -29989.191        7.731   309.9      0.469      0.014     -0.215     -0.394     -0.023      0.358
14.3000      -29981.090   -29989.133        8.043   322.4     -0.518     -0.225     -0.335      1.034     -0.329     -0.308
14.3500      -29981.119   -29988.477        7.357   294.9     -0.018     -0.165      0.013      0.075      0.203     -0.317
14.4000      -29981.730   -29988.811        7.081   283.8      1.066      0.595      0.188      0.833      0.216     -0.324
14.4500      -29981.767   -29989.662        7.895   316.5      0.151      0.150     -0.901      0.160     -0.695      0.093
14.5000      -29981.879   -29990.096        8.216   329.4     -0.659     -0.342     -0.394     -0.033      0.413      0.414
14.5500      -29981.460   -29989.391        7.931   317.9     -0.019     -0.825     -0.125     -0.137     -0.278      0.221
14.6000      -29981.190   -29989.223        8.033   322.0     -0.653     -0.512     -1.125     -0.788      0.455     -0.436
14.6500      -29980.618   -29989.541        8.923   357.7     -0.452     -0.835     -0.904      0.695     -0.179     -0.183
14.7000      -29981.249   -29989.248        7.999   320.6     -1.089     -0.521     -1.111      0.481     -0.009     -0.126
14.7500      -29981.380   -29989.867        8.487   340.2     -0.418     -0.618     -0.116     -0.720      0.054      0.167
14.8000      -29981.451   -29989.342        7.891   316.3     -0.782     -0.198     -0.943     -0.088      0.083     -0.450
14.8500      -29980.752   -29988.824        8.072   323.6      0.331      0.420     -0.934      0.019      0.729     -0.238
14.9000      -29980.345   -29988.525        8.180   327.9     -1.194     -0.613     -0.913      0.122     -0.738      0.310
14.9500      -29979.732   -29989.119        9.387   376.3      0.203     -1.057     -0.542     -0.677      0.244     -0.165
15.0000      -29979.827   -29989.104        9.276   371.8     -2.101     -1.061     -1.620     -0.089      0.339      0.034
15.0500      -29980.083   -29988.490        8.407   337.0     -0.410      0.260      0.131     -0.164      0.005      0.177
15.1000      -29980.086   -29988.805        8.719   349.5     -0.403     -1.055     -1.023     -1.334     -0.772      0.116
15.1500      -29980.035   -29988.271        8.236   330.1     -0.811     -0.417     -0.424      0.371     -0.040      0.323
15.2000      -29979.927   -29988.547        8.619   345.5     -0.426     -0.434     -0.832      0.019      0.619     -0.211
15.2500      -29980.140   -29988.350        8.210   329.1     -0.849     -0.915     -0.682     -0.380     -0.294     -0.586
15.3000      -29980.123   -29989.115        8.993   360.5      0.528     -0.042      0.193      0.047     -0.562     -0.145
15.3500      -29980.544   -29988.580        8.036   322.1     -0.309     -0.852     -1.351     -0.291      0.021     -0.845
15.4000      -29980.349   -29989.867        9.518   381.5     -0.973      0.283      0.406     -0.160      0.125      0.024
15.4500      -29980.612   -29989.922        9.310   373.2     -1.013      0.286     -0.131      0.197      0.122     -0.383
15.5000      -29980.478   -29989.113        8.636   346.2     -0.379     -1.057     -1.110     -0.512      0.413     -0.130
15.5500      -29980.728   -29989.361        8.633   346.1     -0.300     -0.657     -0.820      0.133     -0.110      0.272
15.6000      -29980.289   -29988.477        8.188   328.2     -0.317     -1.119      0.620      0.172     -0.037      0.273
15.6500      -29980.605   -29990.016        9.411   377.2      0.802      0.432      0.380     -0.618     -0.275     -0.248
15.7000      -29980.571   -29989.312        8.741   350.4     -1.428     -0.831     -0.531      0.503     -0.018      0.159
15.7500      -29981.129   -29989.363        8.234   330.1     -0.660      0.081      0.253     -0.696     -0.432      0.863
15.8000      -29981.330   -29989.951        8.621   345.6     -0.527     -0.819     -0.588      0.411      0.324     -0.387
15.8500      -29980.950   -29989.732        8.782   352.0     -0.587     -0.504     -0.974     -0.155      0.387     -0.076
15.9000      -29980.939   -29989.148        8.210   329.1     -0.127     -0.541     -0.375     -0.559     -0.272     -0.061
15.9500      -29981.284   -29989.482        8.199   328.6     -0.249      0.201     -0.236     -0.172      0.090      0.443
16.0000      -29981.095   -29989.373        8.278   331.8     -1.185     -1.272      0.257      0.281      0.145     -0.411
16.0500      -29981.311   -29989.277        7.966   319.3      0.092     -0.960      0.105      0.046     -0.608      0.134
16.1000      -29981.177   -29989.275        8.098   324.6     -0.342      0.116     -0.564      0.392      0.615      0.042
16.1500      -29981.598   -29989.615        8.018   321.4     -0.565     -0.047     -0.270      0.226     -0.093      0.573
16.2000      -29981.944   -29989.852        7.907   317.0     -0.443      0.468     -0.838     -0.735      0.452     -0.101
16.2500      -29982.369   -29989.822        7.453   298.7      0.418     -0.050     -0.746      0.147      0.236      0.041
16.3000      -29981.758   -29989.730        7.972   319.6     -1.291      0.212     -0.714     -0.555      0.788     -0.169
16.3500      -29980.891   -29988.529        7.639   306.2     -0.398     -1.298      0.362      0.551     -0.193      0.242
16.4000      -29980.432   -29988.945        8.513   341.2     -0.962     -0.384     -0.336     -0.887      0.517      0.073
16.4500      -29980.706   -29988.551        7.845   314.5     -0.512     -1.436     -0.527     -0.462      0.684      0.214
16.5000      -29980.945   -29989.867        8.922   357.6     -0.861     -0.177     -0.206     -0.200     -0.689      0.441
16.5500      -29981.115   -29989.678        8.563   343.2     -0.164      0.457     -0.685      0.089     -0.120     -0.338
16.6000      -29981.248   -29989.699        8.452   338.8     -0.163      0.036      0.166      0.568     -0.241     -0.261
16.6500      -29981.433   -29989.418        7.985   320.1     -0.010      0.589      0.484     -0.448      0.035      0.375
16.7000      -29981.520   -29989.459        7.939   318.2     -1.177     -0.233     -1.190     -0.579     -0.294     -0.017
16.7500      -29981.718   -29988.791        7.073   283.5      0.021     -0.866      0.537     -0.238      0.434      0.383
16.8000      -29981.009   -29989.465        8.456   339.0      0.075      0.278     -0.420     -0.042     -0.158     -0.328
16.8500      -29981.308   -29989.191        7.884   316.0     -0.266      1.135     -0.418     -0.120     -0.210      0.771
16.9000      -29980.715   -29988.646        7.932   317.9      0.888      0.883      0.875     -0.026     -0.279     -0.536
16.9500      -29980.660   -29988.768        8.108   325.0     -0.197      0.781     -0.088     -0.181     -0.247     -0.677
17.0000      -29980.441   -29988.613        8.172   327.6     -0.279      0.281     -0.389      0.299     -0.349     -0.330
17.0500      -29980.708   -29989.328        8.620   345.5     -0.671     -0.932     -1.129      0.256     -0.463     -0.075
17.1000      -29981.116   -29989.531        8.415   337.3     -1.131      0.054     -1.220      0.047     -0.153     -0.216
17.1500      -29981.205   -29989.506        8.301   332.8     -0.689     -0.381     -0.193     -0.624      0.655     -0.797
17.2000      -29980.781   -29989.004        8.223   329.6     -0.545     -0.336     -0.112      0.050      0.125     -0.265
17.2500      -29980.197   -29988.512        8.315   333.3     -0.876     -0.135     -0.164     -0.870     -0.964      0.184
17.3000      -29979.915   -29988.502        8.587   344.2     -0.635     -0.378     -0.942      0.924     -0.218      0.385
17.3500      -29979.822   -29988.475        8.653   346.9     -1.565     -0.052      0.029     -0.479      0.381     -0.414
17.4000      -29980.302   -29988.258        7.956   318.9     -0.934     -0.899     -0.078      0.774      0.164      0.024
17.4500      -29979.977   -29989.162        9.185   368.2      1.006     -0.570      0.891      0.036     -0.299      0.138
17.5000      -29980.425   -29988.934        8.509   341.1      0.304      0.435      0.480      0.119      0.077      0.181
17.5500      -29980.671   -29989.184        8.512   341.2      0.855      0.609      0.268      0.133      0.530     -0.232
17.6000      -29980.748   -29989.344        8.596   344.5      0.359      0.282     -0.024      0.061     -0.294     -0.540
17.6500      -29980.795   -29989.289        8.494   340.5     -0.142     -1.135     -0.711     -0.503     -0.366      0.439
17.7000      -29981.287   -29989.416        8.129   325.8     -0.050      0.106      0.335      0.094      0.249     -0.571
17.7500      -29981.172   -29989.604        8.431   338.0     -0.658     -0.212     -0.375      0.272     -0.152      0.655
17.8000      -29981.581   -29989.227        7.646   306.5     -0.270     -0.854     -0.891     -0.071     -0.308     -0.537
17.8500      -29981.285   -29990.158        8.873   355.7     -0.644     -0.494     -0.330      0.053      0.012     -0.066
17.9000      -29981.498   -29989.316        7.818   313.4     -0.108     -0.459     -1.106      0.013      0.457      0.381
17.9500      -29981.500   -29990.135        8.634   346.1     -0.438     -1.432     -0.278     -0.092      0.058     -0.134
18.0000      -29981.805   -29990.271        8.467   339.4      0.059     -0.625      0.162     -0.116      0.040      0.099
18.0500      -29981.372   -29989.324        7.952   318.8     -0.095      0.060     -1.059      0.226      0.538      0.186
18.1000      -29982.002   -29989.146        7.145   286.4     -0.494     -0.204      0.708      0.379     -0.494      0.029
18.1500      -29981.875   -29989.404        7.529   301.8      0.690      0.256      0.147     -0.081      0.006     -0.587
18.2000      -29981.743   -29989.193        7.450   298.6      0.062      0.297      0.291      0.243     -0.578     -0.395
18.2500      -29981.943   -29989.803        7.860   315.1      0.901      0.117     -0.103      0.382      0.088      0.175
18.3000      -29981.768   -29989.482        7.714   309.2      0.277      0.424     -0.186      0.044     -0.424     -0.624
18.3500      -29981.351   -29989.578        8.227   329.8     -0.963     -0.403      0.444      0.383      0.442      0.176
18.4000      -29981.355   -29989.496        8.141   326.3     -0.705      0.082      0.515      0.216     -0.008     -0.551
18.4500      -29980.981   -29988.660        7.679   307.8      0.068     -0.937     -0.803      0.255      0.087      0.102
18.5000      -29981.107   -29988.998        7.891   316.3      0.069      0.958      0.299      0.114     -0.105      0.253
18.5500      -29980.736   -29989.396        8.661   347.2     -0.120      0.061     -0.254      0.251      0.078     -0.135
18.6000      -29981.229   -29989.014        7.785   312.0      0.287     -0.556     -0.845      0.261     -0.501     -0.396
18.6500      -29981.101   -29989.031        7.930   317.9      0.410     -0.452      0.505     -0.083      0.299     -0.565
18.7000      -29980.795   -29989.119        8.324   333.7     -1.102     -0.378      0.455      0.062     -0.128     -0.109
18.7500      -29981.134   -29989.145        8.011   321.1      0.467     -1.539      0.067     -0.155      0.293      0.672
18.8000      -29981.431   -29990.084        8.653   346.9      0.608     -0.200      0.258     -0.162     -0.136     -0.225
18.8500      -29980.709   -29989.020        8.310   333.1     -0.706     -0.565     -0.497     -0.141     -0.120     -0.109
18.9000      -29980.611   -29988.951        8.341   334.3      0.021     -0.407     -0.303     -0.316     -0.594     -0.049
18.9500      -29980.760   -29989.057        8.297   332.6      0.309     -0.046     -0.477      0.151      0.543      0.333
19.0000      -29981.006   -29989.650        8.645   346.5     -0.019     -0.127     -0.052      0.102     -0.130     -0.263
19.0500      -29980.823   -29989.471        8.648   346.6      0.175     -0.220      0.275      0.021      0.192     -0.772
19.1000      -29980.544   -29988.439        7.895   316.5     -0.725      0.023     -0.402     -0.187      0.197      0.139
19.1500      -29980.877   -29988.928        8.051   322.7      0.978      0.076      0.640     -0.037      0.169      0.283
19.2000      -29981.389   -29988.248        6.859   274.9     -0.927     -0.485     -1.270      0.032     -0.370     -0.656
19.2500      -29981.047   -29989.238        8.191   328.3      0.655     -0.563     -0.213      0.202     -0.002     -0.058
19.3000      -29980.545   -29988.979        8.434   338.1     -0.754     -0.385     -0.449     -0.459     -0.092     -0.623
19.3500      -29980.702   -29988.707        8.005   320.9      0.119     -0.263     -0.233      0.413     -0.219      0.146
19.4000      -29980.926   -29989.529        8.603   344.9     -0.570     -0.673     -0.126      0.270     -0.089     -0.407
19.4500      -29980.809   -29989.412        8.604   344.9      0.275     -0.302     -0.176      0.301     -0.680     -0.133
19.5000      -29980.775   -29989.354        8.579   343.9      1.024      0.535     -0.706      0.473      0.146      0.207
19.5500      -29980.621   -29988.768        8.147   326.6     -0.637     -0.349     -0.235     -0.408     -0.324     -0.450
19.6000      -29980.671   -29989.377        8.706   349.0      0.116     -0.667      0.233     -0.296      0.841      0.280
19.6500      -29980.643   -29988.652        8.009   321.0     -0.313     -0.372     -0.243     -0.261     -0.555     -0.225
19.7000      -29980.983   -29988.924        7.941   318.3     -0.981      0.904      0.317     -0.276      0.022     -0.413
19.7500      -29980.753   -29989.844        9.091   364.4     -0.421     -0.824     -0.170      0.263     -0.031     -0.417
19.8000      -29981.307   -29989.629        8.322   333.6     -0.232     -0.092     -1.042     -0.293      0.316      0.509
19.8500      -29981.029   -29989.477        8.447   338.6     -1.294     -0.506     -0.422      0.369     -0.122      0.178
19.9000      -29981.033   -29988.777        7.744   310.4     -0.945     -0.174     -0.856      0.207      0.435     -0.567
19.9500      -29980.724   -29989.029        8.305   332.9      0.434     -0.061      0.040     -0.444      0.008     -0.256
20.0000      -29980.434   -29988.822        8.389   336.3     -0.955     -0.956     -1.824      0.066      0.074     -0.456
20.0500      -29980.562   -29989.172        8.610   345.1     -1.065     -1.445     -1.504      0.684      0.334     -0.405
20.1000      -29980.836   -29989.949        9.113   365.3      0.766      0.267      0.570     -0.183      0.192     -0.388
20.1500      -29981.078   -29988.816        7.739   310.2      0.009      0.189     -0.524     -0.672     -0.173     -0.512
20.2000      -29981.322   -29989.217        7.895   316.5     -1.252     -1.096     -1.081      0.188      0.095      0.233
20.2500      -29981.136   -29989.193        8.058   323.0     -0.546     -0.464     -0.735     -0.196      0.172      0.429
20.3000      -29981.494   -29989.643        8.149   326.6      0.126     -0.383     -0.389      0.197      0.229     -0.614
20.3500      -29981.056   -29988.613        7.557   302.9     -0.887     -0.482      0.120      0.033     -0.234     -0.659
20.4000      -29980.768   -29988.980        8.212   329.2     -0.100     -0.649     -0.950      0.415      0.044     -0.228
20.4500      -29980.456   -29988.906        8.450   338.7     -0.138      1.349     -0.499      0.676      0.167      0.353
20.5000      -29980.651   -29988.758        8.107   325.0     -1.071     -1.097     -0.775     -0.768     -0.110      0.040
20.5500      -29980.540   -29989.252        8.712   349.2     -0.953     -0.539     -0.420      0.220     -0.003      0.159
20.6000      -29981.106   -29988.926        7.819   313.4      0.429     -1.102     -0.688      0.109      0.260     -0.311
20.6500      -29981.438   -29989.494        8.057   322.9      0.781      0.564      0.899     -0.121     -0.162     -0.486
20.7000      -29981.312   -29989.180        7.867   315.4     -0.588      0.166     -0.568      0.138      0.086     -0.078
20.7500      -29981.110   -29989.145        8.034   322.1      0.898      0.210      0.418      0.218      0.362      0.400
20.8000      -29980.321   -29988.625        8.304   332.9     -0.661     -0.763     -1.094      0.286     -0.120     -0.481
20.8500      -29980.608   -29988.824        8.216   329.3     -0.185     -0.327      0.246      0.226      0.480     -0.623
20.9000      -29980.580   -29988.570        7.990   320.3     -0.072     -0.100     -0.924     -0.072     -0.096      0.160
20.9500      -29980.148   -29988.246        8.098   324.6     -1.462     -0.574     -0.800      0.641      0.594     -0.187
21.0000      -29979.719   -29988.242        8.523   341.7      0.796      0.395      0.033      0.371     -0.262     -0.018
21.0500      -29980.154   -29989.396        9.242   370.5     -0.743     -1.148     -1.460      0.371      0.718     -0.543
21.1000      -29980.247   -29988.814        8.567   343.4     -1.279     -0.114      0.126     -0.289     -0.599      0.553
21.1500      -29981.260   -29989.355        8.096   324.5      0.220      0.264     -0.091      0.084      0.218     -0.166
21.2000      -29980.832   -29989.000        8.168   327.4     -0.326     -0.403     -0.246      0.183     -0.073      0.169
21.2500      -29981.170   -29989.135        7.965   319.3     -0.102      0.148     -1.022     -0.001      0.020     -0.007
21.3000      -29981.620   -29989.543        7.923   317.6      0.865     -0.271     -0.662      0.175      0.103     -0.268
21.3500      -29981.215   -29988.943        7.728   309.8      0.172      0.719     -0.387      0.199     -0.348     -0.334
21.4000      -29981.079   -29989.506        8.427   337.8      0.315     -0.685     -0.235     -0.107     -0.376      0.186
21.4500      -29981.209   -29989.293        8.084   324.0      0.079     -0.552     -0.525      0.225      0.001      0.204
21.5000      -29980.825   -29989.123        8.298   332.6      0.614     -0.308      0.594      0.260      0.098     -0.311
21.5500      -29981.112   -29989.213        8.101   324.7     -0.837     -0.062     -0.492     -0.209     -0.095     -0.005
21.6000      -29981.244   -29989.193        7.950   318.7     -0.049     -0.637      0.051      0.009     -0.398     -0.315
21.6500      -29981.300   -29989.383        8.083   324.0     -0.185     -0.187     -0.095      0.590      0.490      0.208
21.7000      -29981.598   -29989.105        7.508   300.9     -0.428     -0.206      0.380      0.409     -0.477     -0.337
21.7500      -29981.904   -29989.902        7.998   320.6     -0.500      0.094     -0.611      0.320      0.357     -0.361
21.8000      -29981.845   -29989.979        8.134   326.0      0.882      0.024     -0.615     -0.002      0.092      0.420
21.8500      -29981.933   -29989.742        7.809   313.0     -0.013     -1.457     -1.052     -0.216     -0.347     -0.307
21.9000      -29981.817   -29989.477        7.659   307.0      0.562      0.659      0.749      0.019     -0.263     -0.162
21.9500      -29982.095   -29989.486        7.392   296.3      0.652     -0.185      0.149      0.629     -0.106     -0.193
22.0000      -29981.456   -29989.266        7.809   313.0      0.158     -0.317     -0.535     -0.555     -0.294     -0.095
22.0500      -29981.224   -29989.246        8.022   321.6      0.882      0.030     -0.723      0.386      0.358     -0.260
22.1000      -29981.379   -29989.199        7.820   313.5     -0.328     -0.458     -0.840     -0.446     -0.581      0.302
22.1500      -29981.190   -29989.521        8.332   334.0     -0.554     -0.539     -0.586      0.197      0.086      0.035
22.2000      -29981.102   -29989.242        8.140   326.3     -0.490     -0.410      0.783     -0.222     -0.323      0.042
22.2500      -29981.265   -29989.756        8.491   340.4     -0.049     -0.875      0.726      0.607     -0.304      0.032
22.3000      -29981.446   -29989.580        8.134   326.1     -0.660     -0.402      0.170     -0.310     -0.150     -0.290
22.3500      -29981.170   -29989.516        8.345   334.5      0.054     -0.143     -0.048     -0.362     -0.268      0.434
22.4000      -29980.899   -29989.266        8.366   335.4     -0.190     -0.281     -0.468     -0.324      0.085     -0.087
22.4500      -29980.297   -29989.010        8.712   349.2     -0.632     -0.775     -0.042      0.023     -0.257     -0.235
22.5000      -29980.403   -29988.977        8.574   343.7     -0.637     -0.878      0.654      0.195      0.235      0.314
22.5500      -29980.684   -29989.607        8.924   357.7     -1.266     -0.655     -0.660      0.137     -0.540      0.616
22.6000      -29980.657   -29989.828        9.171   367.6      0.523     -0.253     -0.874      0.349      0.093     -0.798
22.6500      -29981.188   -29989.414        8.226   329.7     -0.615     -0.003      0.357     -0.226      0.042      0.023
22.7000      -29981.340   -29989.354        8.013   321.2     -0.414     -0.597      0.098      0.037     -0.110      0.356
22.7500      -29981.533   -29989.113        7.580   303.9     -0.665      0.124     -0.988      0.055      0.418      0.649
22.8000      -29982.400   -29989.879        7.479   299.8      0.094     -0.379      0.103      0.337      0.375      0.179
22.8500      -29982.120   -29989.832        7.712   309.2     -0.400     -0.342      0.122      0.134     -0.256     -0.318
22.9000      -29981.792   -29989.596        7.804   312.8      0.189     -0.068     -0.331     -0.127      0.525      0.375
22.9500      -29981.602   -29989.215        7.613   305.2      0.453      0.078      1.035     -0.251     -0.198     -0.013
23.0000      -29981.404   -29989.943        8.539   342.3     -0.645      0.079     -0.373      0.035     -0.072     -0.140
23.0500      -29981.343   -29989.195        7.853   314.8     -0.236      0.158      0.835      0.084      0.419      0.276
23.1000      -29981.365   -29989.619        8.254   330.9     -0.234      0.396     -0.305     -0.074     -0.345      0.209
23.1500      -29981.867   -29989.449        7.583   303.9     -0.376     -0.236     -0.097      0.091      0.337      0.359
23.2000      -29981.598   -29989.211        7.613   305.2      0.408     -0.246      0.480     -0.617     -0.512      0.169
23.2500      -29981.723   -29989.906        8.183   328.0      0.482      0.888      0.958      0.015     -0.022     -0.412
23.3000      -29982.072   -29990.086        8.014   321.2      0.137     -0.576      0.513     -0.015     -0.141      0.623
23.3500      -29981.835   -29989.641        7.806   312.9     -0.567     -0.067     -0.045      0.011     -0.159      0.245
23.4000      -29982.031   -29989.766        7.735   310.1      0.038      0.712      0.432      0.122      0.270     -0.001
23.4500      -29982.181   -29989.316        7.136   286.0     -0.189     -0.045     -0.307      0.149      0.388      0.045
23.5000      -29981.707   -29988.840        7.132   285.9     -0.616     -0.716      0.414      0.421      0.187     -0.097
23.5500      -29981.608   -29989.764        8.156   326.9     -0.560     -0.706      0.404      0.236     -0.405     -0.207
23.6000      -29981.606   -29989.260        7.654   306.8      0.985     -0.881      0.588      0.360      0.668     -0.130
23.6500      -29982.047   -29989.928        7.881   315.9     -0.181     -0.588      0.864     -0.043     -0.384     -0.361
23.7000      -29982.081   -29989.363        7.282   291.9      0.737     -0.037     -0.772      0.283     -0.218      0.283
23.7500      -29981.852   -29989.496        7.644   306.4     -0.655     -0.636     -0.032      0.158      0.406     -0.413
23.8000      -29981.937   -29989.736        7.799   312.6      0.161      0.349      0.922     -0.122     -0.153     -0.122
23.8500      -29981.698   -29989.625        7.927   317.8     -0.027      0.064      0.369      0.164     -0.090      0.293
23.9000      -29981.990   -29989.896        7.907   316.9     -0.939      0.164     -0.685      0.591      0.229      0.062
23.9500      -29982.513   -29990.082        7.569   303.4      0.360      0.714      0.134      0.283      0.018      0.003
24.0000      -29982.370   -29989.619        7.249   290.6     -1.178     -0.750     -0.297      0.021     -0.211      0.101
24.0500      -29982.489   -29990.219        7.730   309.8      0.086      0.359     -0.395      0.099     -0.291     -0.256
24.1000      -29982.373   -29990.180        7.806   312.9      0.661     -0.378     -0.249     -0.002      0.028     -0.069
24.1500      -29982.337   -29990.061        7.723   309.6     -0.754     -0.866     -0.156      0.509     -0.288      0.000
24.2000      -29982.409   -29989.816        7.408   296.9      1.359      0.143     -0.462      0.024      0.152     -0.176
24.2500      -29982.372   -29990.072        7.700   308.7     -0.632      0.095      0.008      0.126     -0.636     -0.269
24.3000      -29982.254   -29990.846        8.592   344.4     -0.465     -0.127     -0.536      0.351     -0.256      0.505
24.3500      -29982.049   -29990.277        8.228   329.8     -0.236      0.326      0.076     -0.189     -0.396     -0.053
24.4000      -29982.125   -29989.756        7.631   305.9      0.096      0.012     -0.508      0.681      0.258      0.017
24.4500      -29982.219   -29990.225        8.005   320.9      0.468      1.341     -0.168     -0.004      0.008      0.040
24.5000      -29982.448   -29990.539        8.091   324.3     -0.257     -0.758      0.103     -0.716     -0.526      0.025
24.5500      -29982.605   -29990.256        7.651   306.7     -0.768     -1.008     -1.307      0.168     -0.520      0.148
24.6000      -29982.722   -29990.799        8.077   323.7      0.328     -0.072     -0.291      0.252     -0.186      0.111
24.6500      -29982.876   -29990.223        7.347   294.5     -0.084      0.273      0.209     -0.349      0.360     -0.014
24.7000      -29982.683   -29990.676        7.993   320.4     -0.072     -1.004     -0.182     -0.222     -0.083      0.198
24.7500      -29982.589   -29989.945        7.356   294.9     -0.881     -0.325     -0.098      0.015     -0.100      0.099
24.8000      -29982.798   -29990.367        7.569   303.4     -0.323     -0.176     -0.170      0.158     -0.006      0.004
24.8500      -29982.723   -29990.830        8.107   325.0     -0.634     -0.960     -0.497      0.075      0.173     -0.093
24.9000      -29982.980   -29990.404        7.424   297.6     -0.049     -0.298     -0.021      0.521     -0.399     -0.434
24.9500      -29982.772   -29989.816        7.044   282.4      0.414     -0.403      0.906      0.083      0.363     -0.353
25.0000      -29982.339   -29989.693        7.354   294.8     -0.164     -0.056      0.124      0.341     -0.070     -0.199
25.0500      -29981.886   -29989.611        7.725   309.7     -0.009     -0.782     -0.898     -0.316      0.639      0.048
25.1000      -29981.543   -29989.035        7.492   300.3      0.486      0.540     -0.547      0.373     -0.602     -0.419
25.1500      -29981.887   -29989.719        7.831   313.9     -0.504     -1.192     -0.694     -0.040      0.590      0.332
25.2000      -29981.939   -29990.309        8.369   335.5     -0.110     -0.047     -0.781      0.259     -0.213     -0.174
25.2500      -29982.114   -29989.566        7.452   298.7      0.654     -0.220     -0.534      0.262      0.261     -0.221
25.3000      -29982.085   -29989.777        7.692   308.3     -0.368     -0.971     -1.036     -0.310     -0.128     -0.224
25.3500      -29981.554   -29989.393        7.839   314.2     -0.126      0.178     -0.298     -0.258      0.161      0.083
25.4000      -29981.536   -29989.881        8.344   334.5      0.360      0.373      0.009      0.591     -0.373      0.126
25.4500      -29981.662   -29989.594        7.932   317.9      0.770      0.137     -0.060     -0.367      0.576     -0.425
25.5000      -29981.662   -29989.723        8.061   323.1     -0.169      0.339     -0.423     -0.184      0.262     -0.065
25.5500      -29981.425   -29989.613        8.189   328.2     -0.837     -0.178     -0.656      0.440     -0.141     -0.161
25.6000      -29981.620   -29989.617        7.997   320.5     -1.469     -0.970     -1.102     -0.158      0.131     -0.010
25.6500      -29981.156   -29989.225        8.069   323.4      0.757      0.527      0.224     -0.167      0.006     -0.049
25.7000      -29981.504   -29989.961        8.456   339.0      0.168     -0.477      0.157      0.080      0.308     -0.155
25.7500      -29981.677   -29990.025        8.348   334.6     -0.985     -0.699     -1.115     -0.857     -0.182     -0.181
25.8000      -29981.344   -29989.715        8.371   335.6     -0.702     -0.137      0.324      0.008      0.636      0.270
25.8500      -29981.581   -29989.709        8.128   325.8     -0.632     -1.499     -0.521      0.071     -0.476     -0.318
25.9000      -29981.626   -29990.018        8.391   336.4     -0.728     -0.314     -0.468     -0.005     -0.258     -0.492
25.9500      -29982.125   -29990.230        8.106   324.9     -0.576     -0.277     -0.151     -0.092      0.504      0.617
26.0000      -29981.349   -29989.258        7.909   317.0     -0.198     -0.780     -0.674      0.247     -0.414      0.595
26.0500      -29981.139   -29989.258        8.119   325.4     -0.536     -1.399     -0.643      0.026      0.544      0.115
26.1000      -29980.973   -29989.555        8.582   344.0     -0.634     -0.883     -0.540     -0.114      0.422      0.131
26.1500      -29980.951   -29989.301        8.350   334.7      0.404      0.250      0.329     -0.320      0.097     -0.435
26.2000      -29980.473   -29989.098        8.624   345.7     -0.796     -1.438      0.617      0.046      0.409     -0.179
26.2500      -29980.471   -29988.490        8.019   321.5      0.445      0.550     -0.232     -0.407     -0.051      0.075
26.3000      -29980.210   -29988.182        7.972   319.5     -0.507     -0.721     -0.507      0.231     -0.261     -0.255
26.3500      -29979.774   -29987.439        7.665   307.3     -1.186     -0.677     -0.696     -0.053     -0.235      0.335
26.4000      -29979.576   -29988.129        8.553   342.9     -0.259     -0.292     -0.855      0.343     -0.232     -0.191
26.4500      -29979.017   -29987.982        8.966   359.4      1.121      1.128     -0.295     -0.115      0.075      0.375
26.5000      -29979.230   -29987.854        8.623   345.7     -0.523     -0.255     -0.178      0.360      0.143      0.630
26.5500      -29978.754   -29987.330        8.576   343.8     -0.834      0.789     -0.469     -0.645     -0.497     -0.375
26.6000      -29978.649   -29988.498        9.849   394.8      0.753     -1.054     -0.982      0.449      0.406      0.170
26.6500      -29979.200   -29988.223        9.023   361.7     -0.527      0.240      0.439     -0.197      0.097      0.660
26.7000      -29980.120   -29988.803        8.682   348.0      0.796     -0.764     -0.489     -0.407      0.510     -0.098
26.7500      -29980.464   -29988.244        7.780   311.9      0.578      0.724      1.289     -0.239      0.109     -0.088
26.8000      -29980.128   -29988.232        8.105   324.9     -0.324      0.035     -0.527      0.135      0.091      0.042
26.8500      -29980.662   -29988.996        8.334   334.1      0.222     -0.155      0.836     -0.066      0.519      0.066
26.9000      -29980.996   -29988.857        7.861   315.1      0.875     -0.114      0.165     -0.147     -0.095      0.058
26.9500      -29980.978   -29989.072        8.094   324.4     -0.610     -0.002      0.918      0.753      0.087     -0.076
27.0000      -29981.314   -29989.695        8.382   336.0     -0.365     -0.751     -0.272     -0.713      0.403      0.307
27.0500      -29980.714   -29989.080        8.366   335.3      0.602     -0.643     -0.581     -0.306      0.000      0.196
27.1000      -29981.018   -29988.967        7.949   318.6      0.240      0.186      0.078      0.251      0.440      0.170
27.1500      -29980.758   -29989.367        8.609   345.1     -0.571     -0.112     -0.853      0.168     -0.186     -0.004
27.2000      -29980.857   -29989.396        8.539   342.3     -1.014     -0.216     -0.129     -0.076      0.203     -0.100
27.2500      -29980.494   -29988.609        8.115   325.3     -0.642     -0.506     -0.696     -0.676      0.238     -0.017
27.3000      -29981.266   -29989.494        8.228   329.8     -0.792     -0.710     -1.092      0.116     -0.051     -0.410
27.3500      -29980.846   -29989.078        8.232   330.0     -0.711     -0.123     -0.453      0.362      0.535     -0.195
27.4000      -29980.944   -29989.326        8.382   336.0     -0.539     -0.341     -1.360      0.253      0.416     -0.121
27.4500      -29980.693   -29989.166        8.473   339.7      0.246     -0.844     -0.102      0.036      0.233      0.054
27.5000      -29980.720   -29989.314        8.594   344.5     -0.481     -0.556     -0.485      0.375     -0.300     -0.381
27.5500      -29981.117   -29989.371        8.254   330.9     -0.315     -0.620      0.725      0.293      0.485      0.195
27.6000      -29980.820   -29989.344        8.523   341.7      0.141     -0.621     -0.964      0.726     -0.274      0.224
27.6500      -29980.716   -29989.107        8.391   336.4     -0.194     -1.252     -0.520     -0.104      0.159      0.167
27.7000      -29980.109   -29988.658        8.549   342.7      0.284     -0.848     -1.006      0.290     -0.269     -0.318
27.7500      -29980.473   -29988.746        8.273   331.6     -0.276     -0.296      0.267     -0.241      0.907     -0.496
27.8000      -29980.820   -29989.328        8.508   341.0      0.118     -1.151     -0.354     -0.602     -0.298     -0.282
27.8500      -29981.301   -29989.148        7.847   314.6      0.182     -0.045     -1.499     -0.311      0.027     -0.069
27.9000      -29981.475   -29988.838        7.363   295.2     -0.692     -0.860      0.010     -0.351     -0.132      0.462
27.9500      -29981.767   -29990.105        8.339   334.3      0.186     -0.680      0.042      0.093     -0.146     -0.258
28.0000      -29981.867   -29990.115        8.248   330.6     -0.135     -0.634     -1.335      0.190      0.215     -0.223
28.0500      -29981.871   -29989.820        7.949   318.6     -1.185     -1.090      0.223     -0.305     -0.138     -0.681
28.1000      -29981.808   -29989.584        7.776   311.7      0.101     -0.110     -0.262      0.259     -0.055      0.214
28.1500      -29982.110   -29989.348        7.238   290.1     -0.594     -0.133     -0.462     -0.006     -0.271      0.333
28.2000      -29982.247   -29989.162        6.915   277.2     -0.276      0.054      0.377      0.060      0.014     -0.113
28.2500      -29982.139   -29989.553        7.413   297.2     -1.018     -0.341     -0.259      0.252     -0.208     -0.333
28.3000      -29981.829   -29989.189        7.360   295.0      0.455     -0.173     -0.350      0.560     -0.213      0.550
28.3500      -29981.227   -29988.670        7.443   298.3     -0.052      0.816      0.139      0.297      0.260     -0.006
28.4000      -29980.531   -29988.070        7.540   302.2     -0.218     -0.470     -0.606     -0.193     -0.496     -0.073
28.4500      -29980.276   -29988.680        8.404   336.9     -0.447      0.184      0.237      0.619      0.139     -0.377
28.5000      -29979.968   -29988.275        8.307   333.0     -0.294     -0.699     -1.697      0.194      0.346     -0.155
28.5500      -29979.881   -29988.080        8.199   328.6     -1.661     -0.569     -0.526      0.053      0.066      0.344
28.6000      -29979.911   -29988.619        8.708   349.1      0.250      0.059      1.401      0.363      0.281     -0.454
28.6500      -29979.952   -29988.062        8.111   325.1     -0.856     -0.292     -0.483      0.186     -0.357      0.002
28.7000      -29979.574   -29988.080        8.506   340.9      0.390     -0.444     -0.138      0.082     -0.208     -0.017
28.7500      -29979.548   -29988.592        9.044   362.5     -0.568     -0.174     -1.109     -0.063      0.344      0.231
28.8000      -29979.277   -29987.150        7.874   315.6     -0.484     -0.184     -0.656      0.244     -0.367     -0.086
28.8500      -29979.512   -29987.150        7.639   306.2     -1.462      0.210     -0.478      0.485      0.059      0.129
28.9000      -29979.481   -29987.709        8.228   329.8     -0.098     -0.126     -0.586      0.025      0.268     -0.159
28.9500      -29979.731   -29988.137        8.405   336.9     -0.627     -0.916      0.477      0.211      0.059      0.196
29.0000      -29980.138   -29987.773        7.635   306.1     -0.280     -0.567     -1.221      0.082      0.272      0.499
29.0500      -29980.321   -29988.053        7.731   309.9     -0.909     -1.084     -0.415     -0.001      0.058     -0.072
29.1000      -29979.643   -29987.648        8.005   320.9      0.735      0.483      0.379      0.539     -0.393     -0.086
29.1500      -29979.720   -29987.537        7.818   313.4     -0.445     -0.529     -0.421     -0.104     -0.247     -0.094
29.2000      -29979.774   -29987.795        8.021   321.5     -0.065      0.483     -0.182      0.122      0.493      0.175
29.2500      -29979.858   -29987.412        7.554   302.8     -0.255     -0.562     -0.570     -0.037     -0.340     -0.505
29.3000      -29979.798   -29988.418        8.619   345.5     -0.505     -0.301      0.741      0.080      0.538      0.106
29.3500      -29979.597   -29988.119        8.522   341.6     -0.689      0.009     -0.681      0.026      0.108     -0.083
29.4000      -29979.594   -29987.701        8.107   325.0      0.158      0.099      0.041      0.620     -0.420     -0.068
29.4500      -29980.096   -29988.816        8.720   349.5     -0.386      0.464     -0.010      0.119      0.181     -0.326
29.5000      -29980.091   -29988.730        8.640   346.3      0.609     -0.471      0.640     -0.041      0.238     -0.117
29.5500      -29979.928   -29988.627        8.699   348.7     -0.519     -0.294      0.233      0.332      0.415     -0.433
29.6000      -29979.419   -29988.701        9.283   372.1     -0.225     -0.698      0.053      0.248     -0.052     -0.148
29.6500      -29979.287   -29987.992        8.705   348.9     -1.011      0.104      0.026      0.305      0.443      0.421
29.7000      -29979.282   -29987.510        8.227   329.8      0.001      0.172     -0.653      0.107     -0.360      0.222
29.7500      -29979.481   -29987.367        7.886   316.1      0.076     -1.288     -0.030      0.625     -0.215     -0.291
29.8000      -29979.340   -29987.506        8.166   327.3     -0.652     -0.660     -0.395     -0.348     -0.153      0.123
29.8500      -29979.479   -29987.871        8.392   336.4     -0.476      0.262      0.829     -0.453     -0.151     -0.393
29.9000      -29979.695   -29987.889        8.193   328.4     -0.410     -0.057     -0.409      0.060     -0.466     -0.056
29.9500      -29979.167   -29988.262        9.094   364.5     -0.160     -0.241     -0.318      0.860      1.042      0.513
30.0000      -29979.320   -29987.309        7.988   320.2     -0.058     -0.052      0.702     -0.149     -0.155      0.438
30.0500      -29979.537   -29988.648        9.112   365.2      0.306     -0.324      0.107     -0.148     -0.176      0.429
30.1000      -29979.603   -29988.094        8.491   340.4     -0.527     -0.486     -1.172      0.604     -0.710      0.122
30.1500      -29979.073   -29987.436        8.363   335.2     -1.268      0.064     -0.489      0.006     -0.242     -0.380
30.2000      -29978.727   -29988.006        9.279   371.9     -0.457     -0.167      0.754     -0.373     -0.031      0.017
30.2500      -29978.545   -29987.971        9.426   377.8      0.073     -0.045      0.622      0.269     -0.499     -0.255
30.3000      -29978.585   -29987.494        8.910   357.1     -0.297      0.392     -0.189     -0.013      0.563     -0.148
30.3500      -29978.752   -29987.238        8.486   340.2     -0.080      0.190     -0.850      0.735      0.100     -0.269
30.4000      -29978.594   -29987.422        8.828   353.9     -0.640      0.124     -0.591     -0.421      0.343      0.620
30.4500      -29978.506   -29986.824        8.318   333.4     -0.201     -0.654      0.024     -0.284     -0.126     -0.250
30.5000      -29978.617   -29987.141        8.523   341.7     -0.378      0.882     -0.544      0.114     -0.386      0.063
30.5500      -29978.723   -29987.117        8.394   336.5     -0.247     -0.417     -0.154     -0.437     -0.883      0.186
30.6000      -29979.122   -29987.289        8.167   327.4      0.542      0.296     -0.734      0.044      0.143      0.297
30.6500      -29979.497   -29988.111        8.615   345.3     -0.837     -0.812      0.535      0.342      0.330      0.059
30.7000      -29979.217   -29988.145        8.927   357.9     -0.588     -0.845     -1.314      0.007     -0.477      0.326
30.7500      -29979.629   -29987.977        8.348   334.6     -1.198     -1.683     -0.774      0.039     -0.036     -0.534
30.8000      -29980.026   -29988.227        8.201   328.7     -0.668     -0.797     -0.308     -0.463      0.211      0.121
30.8500      -29980.442   -29988.393        7.951   318.7     -0.150      0.140      0.842      0.035     -0.281     -0.343
30.9000      -29980.250   -29988.369        8.120   325.5      0.159     -0.834     -0.821     -0.158     -0.098      0.361
30.9500      -29980.175   -29988.594        8.418   337.4     -0.550      0.315     -0.044     -0.202      0.104      0.206
31.0000      -29980.157   -29988.926        8.769   351.5     -0.138     -0.756     -0.375      0.181     -0.812     -0.459
31.0500      -29980.257   -29988.021        7.764   311.2     -0.835     -0.676     -1.194     -0.695      0.070      0.221
31.1000      -29980.612   -29988.857        8.245   330.5     -0.585      0.942     -0.086      0.457     -0.449     -0.492
31.1500      -29980.777   -29989.498        8.721   349.6     -0.774     -0.587     -0.672     -0.779      0.074      0.257
31.2000      -29980.464   -29988.799        8.334   334.1     -1.893     -0.382     -0.715      0.145     -0.241     -0.101
31.2500      -29980.319   -29989.143        8.824   353.7     -0.364     -1.051      0.150     -0.063      0.505     -0.261
31.3000      -29980.299   -29989.059        8.759   351.1      0.231      0.175     -0.999     -0.334      0.097     -0.152
31.3500      -29980.399   -29988.521        8.123   325.6     -1.061      0.438      0.191     -0.225      0.312      0.237
31.4000      -29981.145   -29989.383        8.238   330.2     -1.127     -0.230     -0.582     -0.203     -0.384      0.387
31.4500      -29981.413   -29990.100        8.687   348.2     -0.748     -1.033     -0.142     -0.025     -0.277      0.017
31.5000      -29981.570   -29989.078        7.509   301.0      0.066     -0.765     -0.695      0.263      0.398     -0.081
31.5500      -29981.289   -29989.473        8.184   328.0     -1.194     -0.462     -1.082     -0.356     -0.727      0.590
31.6000      -29980.693   -29988.273        7.580   303.9     -0.223     -0.524      0.089     -0.331      0.149     -0.690
31.6500      -29980.074   -29988.109        8.035   322.1      0.172      0.341     -0.307      0.056      0.008     -0.377
31.7000      -29980.814   -29988.262        7.447   298.5     -0.358     -0.233     -0.255     -0.861      0.078      0.001
31.7500      -29980.671   -29988.215        7.544   302.4      0.082     -0.218      0.228     -0.068     -0.448      0.672
31.8000      -29980.719   -29988.791        8.072   323.6     -0.930     -0.689      0.488     -0.049      0.202     -0.109
31.8500      -29980.432   -29988.658        8.226   329.7     -0.444     -0.403     -0.616      0.146     -0.128      0.049
31.9000      -29980.328   -29989.555        9.227   369.9     -0.309     -0.871     -0.908     -0.341      0.290      0.047
31.9500      -29980.309   -29989.104        8.795   352.5     -1.180     -0.916     -0.156      0.006     -0.487      0.424
32.0000      -29981.381   -29989.385        8.004   320.8      0.047     -0.660     -0.996      0.043     -0.171     -0.686
32.0500      -29981.322   -29989.348        8.025   321.7     -0.579     -0.880     -0.783     -0.169      0.130      0.207
32.1000      -29981.099   -29988.988        7.890   316.3     -0.952     -0.897     -0.750     -0.179      0.032      0.340
32.1500      -29981.660   -29989.834        8.174   327.7     -0.712     -0.045     -0.879     -0.214     -0.012     -0.342
32.2000      -29981.448   -29989.906        8.458   339.1     -0.278     -1.243     -0.304     -0.556     -0.188     -0.349
32.2500      -29981.134   -29989.723        8.588   344.3      0.065      0.486     -0.541      0.684      0.044     -0.003
32.3000      -29980.808   -29989.197        8.390   336.3     -0.393     -0.936      0.078     -0.026     -0.085      0.133
32.3500      -29980.320   -29988.729        8.409   337.1      0.541     -0.443      0.101     -0.378      0.419      0.215
32.4000      -29980.289   -29988.768        8.479   339.9     -0.775      0.219     -0.621      0.457      0.533     -0.346
32.4500      -29980.375   -29988.357        7.983   320.0      0.542      0.338     -0.815      0.033     -0.519      0.219
32.5000      -29980.581   -29989.176        8.594   344.5     -1.097     -0.770      0.106      0.238      0.147      0.068
32.5500      -29980.483   -29989.098        8.615   345.3      1.186      0.651      0.467     -0.035     -0.038      0.151
32.6000      -29980.440   -29988.488        8.049   322.6      0.055      0.317     -0.063     -0.277      0.003      0.205
32.6500      -29980.802   -29988.689        7.888   316.2     -0.517     -0.249     -0.402      0.691     -0.109     -0.590
32.7000      -29980.433   -29988.453        8.020   321.5     -0.274      0.134      0.168     -0.173      0.078      0.743
32.7500      -29980.099   -29988.527        8.428   337.8     -0.692     -0.168      0.188     -0.367      0.307     -0.574
32.8000      -29980.230   -29987.775        7.545   302.4     -0.202     -0.827     -1.061      0.744      0.199     -0.118
32.8500      -29979.823   -29987.924        8.101   324.7      0.117     -0.019     -0.250     -0.044     -0.236     -0.035
32.9000      -29980.222   -29988.238        8.016   321.3     -0.797      0.535     -0.519     -0.347      0.755     -0.403
32.9500      -29980.283   -29987.943        7.660   307.1     -0.453     -0.368      0.765      0.282     -0.189     -0.493
33.0000      -29979.701   -29988.555        8.854   354.9     -0.158      0.193      0.072      0.089      0.255     -0.151
33.0500      -29980.026   -29988.941        8.915   357.4     -0.329     -0.136     -0.183     -0.083     -0.301     -0.055
33.1000      -29981.002   -29988.662        7.660   307.1      0.045      0.246      0.343     -0.063      0.161     -0.492
33.1500      -29980.879   -29989.330        8.451   338.7     -0.068     -0.201     -0.374     -0.556      0.205      0.210
33.2000      -29980.731   -29989.488        8.757   351.0     -0.274     -0.187     -0.694     -0.084     -0.016      0.145
33.2500      -29980.593   -29988.221        7.628   305.8     -0.712     -0.583     -0.446      0.643     -0.462     -0.614
33.3000      -29980.692   -29989.217        8.525   341.7     -0.219      0.101     -0.208      0.847     -0.034      0.141
33.3500      -29981.007   -29988.938        7.931   317.9     -0.591      0.240      0.018     -0.121      0.588      0.438
33.4000      -29980.757   -29989.072        8.316   333.3     -0.581      0.052     -1.244      0.609      0.152     -0.477
33.4500      -29980.782   -29988.805        8.023   321.6     -0.986      0.190      0.271     -0.199      0.435      0.545
33.5000      -29981.048   -29989.402        8.355   334.9      0.242      0.681      0.283      0.317      0.511      0.761
33.5500      -29981.134   -29989.613        8.480   339.9      0.548     -0.571     -0.112      0.143     -0.605     -0.246
33.6000      -29981.426   -29989.916        8.490   340.3      0.420     -0.065      0.168     -0.487     -0.035      0.053
33.6500      -29981.488   -29990.135        8.647   346.6     -0.347     -0.147     -0.317     -0.190      0.106      0.314
33.7000      -29980.890   -29989.967        9.077   363.9     -1.034     -0.158     -0.742      0.231      0.056     -0.041
33.7500      -29980.621   -29989.410        8.789   352.3      0.177     -0.065      0.417     -0.471     -0.202      0.582
33.8000      -29981.029   -29989.625        8.596   344.6     -0.202     -0.590     -0.804     -0.152     -0.096      0.234
33.8500      -29980.824   -29988.934        8.110   325.1      0.620     -0.706      0.314      0.219     -0.169      0.068
33.9000      -29980.675   -29988.750        8.075   323.7     -0.265      0.159      0.020      0.111      0.300     -0.067
33.9500      -29980.553   -29988.729        8.175   327.7     -0.907     -0.907     -0.064      1.372     -0.025     -0.202
34.0000      -29980.623   -29989.432        8.808   353.1     -0.223      0.398     -0.703     -0.166     -0.424      0.082
34.0500      -29980.194   -29988.422        8.228   329.8     -0.398     -0.636     -0.419     -0.641      0.536      0.566
34.1000      -29980.115   -29988.281        8.166   327.3     -0.686     -0.214      0.324     -0.233     -0.377      0.429
34.1500      -29980.161   -29988.176        8.015   321.3     -0.732     -1.779     -0.560      0.111      0.082      0.094
34.2000      -29980.524   -29987.904        7.380   295.8     -2.334     -0.181     -1.468     -0.196      0.376      0.396
34.2500      -29980.034   -29988.031        7.998   320.6      0.283     -0.762     -0.457      0.214     -0.118     -0.190
34.3000      -29980.164   -29987.980        7.816   313.3     -0.896      0.342     -0.758     -0.348     -0.163      0.090
34.3500      -29979.386   -29987.455        8.069   323.4      0.311      1.272      0.588      0.158     -0.124      0.165
34.4000      -29979.918   -29988.094        8.176   327.7     -0.280     -1.327     -1.113      0.008      0.251     -0.109
34.4500      -29979.508   -29988.391        8.883   356.1      0.049     -0.017      0.266     -0.224      0.613      0.363
34.5000      -29980.129   -29988.164        8.035   322.1     -0.074      0.294      0.060      0.579     -0.273      0.374
34.5500      -29979.627   -29988.314        8.687   348.2      0.153     -0.369     -0.161     -0.022      0.006     -0.445
34.6000      -29979.665   -29988.711        9.046   362.6     -0.247     -0.667      0.905     -0.552      0.184      0.377
34.6500      -29979.680   -29987.740        8.060   323.1     -0.736     -0.633     -0.823     -0.597      0.380      0.293
34.7000      -29979.380   -29988.391        9.011   361.2      0.319     -0.613      0.265     -0.349      0.147      0.473
34.7500      -29979.869   -29988.498        8.629   345.9     -0.655     -0.572     -1.036     -0.257     -0.363      0.777
34.8000      -29980.128   -29988.258        8.130   325.9     -0.207     -0.194     -0.143     -0.178     -0.495     -0.116
34.8500      -29980.594   -29988.975        8.380   335.9     -0.078     -1.175     -0.533      0.093     -0.130     -0.388
34.9000      -29981.254   -29989.148        7.894   316.4     -0.083     -0.159      0.143     -0.487     -0.216      0.368
34.9500      -29981.067   -29989.781        8.714   349.3      0.176     -0.160      1.109      0.375     -0.071      0.136
35.0000      -29980.681   -29989.379        8.698   348.7     -0.274      1.165      0.178     -0.339      0.199      0.133
35.0500      -29980.466   -29988.889        8.423   337.6     -0.675     -1.055      0.033     -0.014      0.214      0.194
35.1000      -29980.472   -29988.779        8.307   333.0      0.252      0.397     -0.311      0.652     -0.259     -0.106
35.1500      -29980.411   -29988.248        7.837   314.1     -0.586     -0.653     -0.157      0.003     -0.050      0.231
35.2000      -29980.541   -29989.203        8.662   347.2      0.245     -0.044     -0.055     -0.022      0.188      0.195
35.2500      -29980.468   -29989.010        8.541   342.4      0.127      0.131      0.190      0.100      0.174      0.061
35.3000      -29980.053   -29989.188        9.135   366.2     -0.623      0.075     -0.659     -0.464     -0.199     -0.224
35.3500      -29980.079   -29988.686        8.607   345.0      0.092     -0.352     -0.454      0.409      0.374      0.037
35.4000      -29979.833   -29988.549        8.716   349.4      0.351     -0.327     -1.098      0.181      0.299     -0.286
35.4500      -29979.928   -29988.963        9.035   362.1      0.332      0.179      0.114      0.057     -0.606      0.525
35.5000      -29980.247   -29988.725        8.478   339.8      0.375     -0.796     -0.050      0.180      0.925     -0.740
35.5500      -29980.283   -29988.318        8.036   322.1      0.084     -0.286     -0.032      0.519      0.206     -0.023
35.6000      -29979.779   -29988.484        8.705   348.9      0.331     -0.693     -0.376     -0.148      0.183      0.289
35.6500      -29980.187   -29989.016        8.829   353.9     -0.060      0.174     -0.528      0.358     -0.130      0.195
35.7000      -29980.405   -29988.607        8.202   328.8     -0.021     -0.508     -0.940     -0.365      0.353      0.433
35.7500      -29980.512   -29989.172        8.660   347.1     -0.257     -0.693     -0.969      0.253      0.016      0.409
35.8000      -29980.977   -29989.500        8.523   341.6     -0.301     -0.349     -0.081      0.431      0.008     -0.050
35.8500      -29980.965   -29989.506        8.541   342.4     -0.028     -0.071     -0.134      0.214     -0.190     -0.097
35.9000      -29980.953   -29989.350        8.397   336.6      0.631     -0.157      1.037      0.082      0.315      0.244
35.9500      -29981.127   -29989.416        8.289   332.3     -0.628     -0.069     -1.499     -0.514     -0.510     -0.221
36.0000      -29981.024   -29989.168        8.144   326.4      1.203      0.107      0.150     -0.225      0.161      0.581
36.0500      -29980.566   -29988.561        7.994   320.4     -0.485     -0.323      1.218      0.502     -0.307     -0.096
36.1000      -29981.056   -29989.008        7.952   318.8      0.355     -0.179     -0.549      0.331     -0.636      0.333
36.1500      -29981.041   -29989.617        8.577   343.8     -0.185     -0.345      0.061     -0.019     -0.404      0.181
36.2000      -29981.005   -29990.072        9.067   363.5     -0.106      0.436     -0.585      0.473      0.154      0.008
36.2500      -29980.996   -29989.441        8.446   338.5     -0.150     -0.031     -0.193     -0.280     -0.201     -0.098
36.3000      -29980.992   -29989.066        8.075   323.7     -0.050      0.085      0.064     -0.098     -0.409      0.196
36.3500      -29980.888   -29989.777        8.890   356.3     -0.765     -0.473      0.396      0.669      0.089     -0.386
36.4000      -29980.209   -29988.725        8.516   341.3     -0.069     -0.484     -0.277     -0.580     -0.036      0.503
36.4500      -29980.380   -29988.926        8.545   342.5     -0.210     -0.544     -0.597      0.209     -0.028      0.099
36.5000      -29980.116   -29988.373        8.257   331.0     -0.105      0.176      0.096      0.843     -0.093     -0.226
36.5500      -29979.471   -29988.498        9.027   361.8      0.309     -0.954     -0.289     -0.436     -0.138      0.144
36.6000      -29979.798   -29988.484        8.686   348.2      0.171     -0.267     -0.703     -0.165     -0.711     -0.079
36.6500      -29979.587   -29988.020        8.432   338.0      0.043      0.270      0.161     -0.030      0.409      0.005
36.7000      -29979.611   -29988.367        8.757   351.0      0.041      1.073      0.238      0.694      0.121      0.383
36.7500      -29979.466   -29988.006        8.539   342.3     -0.575     -0.662     -0.025     -0.126      0.043      0.207
36.8000      -29979.835   -29988.508        8.673   347.6      0.190     -0.765      0.131     -0.424      0.200     -0.422
36.8500      -29979.935   -29988.701        8.766   351.4     -0.756     -0.242     -0.300     -0.332      0.124      1.199
36.9000      -29980.316   -29989.111        8.796   352.6     -0.737     -0.745     -0.552     -0.478      0.385     -0.647
36.9500      -29979.932   -29988.621        8.690   348.3     -0.476      0.014      0.112      0.033     -0.429     -0.135
37.0000      -29979.509   -29987.820        8.311   333.2      0.724      0.045      0.491      0.204     -0.334      0.117
37.0500      -29979.485   -29988.176        8.690   348.4     -0.570     -0.415     -0.890     -0.611     -0.219     -0.041
37.1000      -29980.335   -29988.648        8.314   333.2      0.326     -0.417      0.603     -0.181     -0.260     -0.081
37.1500      -29980.281   -29989.377        9.096   364.6     -0.958     -0.310     -0.717     -0.215     -0.381     -0.046
37.2000      -29980.207   -29989.299        9.092   364.4     -0.292     -0.014     -1.291      0.361      0.220     -0.251
37.2500      -29980.012   -29989.375        9.363   375.3      0.086     -0.133      0.143      0.732     -0.126      0.289
37.3000      -29979.750   -29988.791        9.041   362.4      0.087     -0.394     -0.661     -0.190      0.039     -0.072
37.3500      -29980.050   -29988.291        8.241   330.3     -0.421     -0.039     -0.269      0.441      0.545     -0.556
37.4000      -29980.054   -29987.998        7.944   318.4      0.390      0.624      0.688      0.258     -0.432      0.872
37.4500      -29980.355   -29988.844        8.489   340.3     -0.357      0.378      0.432     -0.104     -0.180      0.015
37.5000      -29980.130   -29988.006        7.876   315.7     -0.179     -0.082     -1.073     -0.304      0.089     -0.413
37.5500      -29980.149   -29988.062        7.913   317.2     -1.106     -1.206     -0.959      0.493      0.114     -0.822
37.6000      -29979.997   -29988.758        8.761   351.2     -0.832      0.056     -0.259      0.249     -0.155      0.283
37.6500      -29980.389   -29988.629        8.240   330.3     -0.585     -1.544     -0.547      0.656     -0.080     -0.393
37.7000      -29980.362   -29988.736        8.375   335.7     -0.838     -1.014      0.686     -0.305      0.091     -0.274
37.7500      -29980.820   -29989.135        8.315   333.3      0.163      1.079     -0.786      0.281     -0.332      0.546
37.8000      -29981.126   -29988.889        7.763   311.2     -0.115     -0.905     -0.118      0.101     -0.253     -0.386
37.8500      -29981.086   -29989.201        8.115   325.3     -0.404      0.181     -1.076      0.020     -0.126     -0.222
37.9000      -29981.144   -29989.035        7.891   316.3     -0.229     -0.696     -0.634      0.042     -0.458     -0.134
37.9500      -29981.441   -29988.973        7.531   301.9     -0.046     -0.564     -0.369     -0.033      0.130     -0.204
38.0000      -29981.857   -29990.016        8.158   327.0     -0.822      0.360     -0.449      0.342     -0.002      0.506
38.0500      -29981.402   -29990.129        8.726   349.8     -0.181     -0.027     -0.247     -0.182     -0.814      0.104
38.1000      -29981.410   -29989.541        8.131   325.9     -0.282      0.236     -0.345     -0.141      0.325      0.060
38.1500      -29980.935   -29988.832        7.897   316.5      0.171      0.425     -0.239      0.317     -0.052     -0.389
38.2000      -29980.651   -29988.488        7.838   314.2     -0.253     -0.574      0.154     -0.386      0.115      0.504
38.2500      -29980.265   -29989.088        8.822   353.6     -0.083      0.280     -0.265     -0.258     -0.135     -0.321
38.3000      -29980.714   -29988.582        7.868   315.4     -1.070      0.592      0.146      0.079      0.218     -0.090
38.3500      -29980.962   -29989.109        8.147   326.6     -0.031      0.003      0.039      0.037      0.313      0.289
38.4000      -29980.504   -29989.871        9.367   375.5     -0.012     -0.377      0.014      0.217     -0.318     -0.432
38.4500      -29980.114   -29989.293        9.179   367.9      0.627     -0.882     -0.221     -0.169      0.309      0.170
38.5000      -29981.050   -29989.879        8.828   353.9     -0.070     -1.112      0.720     -0.205     -0.153      0.357
38.5500      -29980.609   -29988.914        8.305   332.9     -0.272     -0.312     -1.084     -0.583      0.064      0.361
38.6000      -29980.797   -29988.744        7.948   318.6     -0.623      0.455     -0.006      0.640     -0.245     -0.461
38.6500      -29981.002   -29988.777        7.775   311.7     -0.322      0.027      0.052     -0.065     -0.120      0.078
38.7000      -29981.402   -29989.373        7.971   319.5      0.686     -0.459      0.967      0.132     -0.726      0.259
38.7500      -29981.307   -29988.977        7.670   307.4      0.201     -1.063     -0.254     -0.694     -0.431     -0.071
38.8000      -29981.663   -29989.213        7.550   302.6      0.368     -0.024      0.318     -0.226     -0.192     -0.108
38.8500      -29981.345   -29989.895        8.549   342.7     -0.809     -0.493     -0.527      0.348     -0.126     -0.195
38.9000      -29981.526   -29990.113        8.588   344.2     -0.182     -0.544     -0.448     -0.417      0.176      0.241
38.9500      -29981.137   -29989.914        8.777   351.8      0.307     -0.730     -0.920     -0.874      0.091     -0.022
39.0000      -29981.006   -29989.951        8.945   358.6     -0.331     -0.709      0.393      0.406     -0.981      0.237
39.0500      -29981.397   -29989.742        8.345   334.5     -0.331     -0.911     -0.570      0.260      0.471      0.063
39.1000      -29981.604   -29989.057        7.453   298.8     -0.198     -0.248      0.738     -0.614      0.085     -0.036
39.1500      -29981.123   -29989.479        8.356   334.9     -1.470     -0.284     -0.175      0.010     -0.021     -0.396
39.2000      -29981.331   -29989.377        8.046   322.5      0.068      0.445     -0.121      0.410     -0.375      0.312
39.2500      -29981.667   -29989.922        8.255   330.9      0.667      0.102      0.331     -0.101     -0.227     -0.242
39.3000      -29981.823   -29990.020        8.197   328.6     -0.522     -0.315     -0.414      0.354     -0.099     -0.553
39.3500      -29981.673   -29988.945        7.272   291.5      0.254     -0.447      0.695      0.381     -0.203     -0.279
39.4000      -29981.302   -29988.738        7.436   298.1     -0.008     -0.564      0.309      0.347      0.032      0.077
39.4500      -29980.701   -29989.584        8.883   356.1     -0.024     -0.157      0.082     -0.711     -0.336      0.407
39.5000      -29980.111   -29988.531        8.420   337.5      0.573      0.522      0.296     -0.572      0.126     -0.260
39.5500      -29980.379   -29989.359        8.980   360.0     -0.431     -0.974     -0.286      0.417     -0.312     -0.775
39.6000      -29981.002   -29989.479        8.477   339.8     -1.002      0.045     -0.039      0.153     -0.031     -0.314
39.6500      -29980.922   -29988.918        7.996   320.5      0.086     -0.192     -0.537     -0.610      0.186      0.154
39.7000      -29980.508   -29989.613        9.105   365.0      0.037     -0.173      0.298     -0.046     -0.120     -0.058
39.7500      -29980.597   -29988.762        8.165   327.3     -1.002     -0.391     -0.171      0.347     -0.211     -0.477
39.8000      -29980.631   -29989.369        8.738   350.3     -0.065     -0.220     -0.166     -0.187     -0.177     -0.581
39.8500      -29980.934   -29989.275        8.341   334.4     -0.343     -0.828     -0.736     -0.061      0.237      0.201
39.9000      -29980.582   -29989.258        8.675   347.8     -0.255      0.175     -0.605      0.414      0.008     -0.296
39.9500      -29980.754   -29988.992        8.238   330.2     -0.407      0.534     -1.345     -0.033      0.160     -0.087
40.0000      -29980.473   -29989.217        8.743   350.5      0.025      0.526      0.113      0.445      0.942      0.502
40.0500      -29980.267   -29989.865        9.599   384.8      0.126      0.626     -0.021     -0.069      0.097     -0.260
40.1000      -29979.653   -29988.602        8.948   358.7     -0.873      0.774     -0.385     -0.539     -0.428      0.370
40.1500      -29980.249   -29989.008        8.758   351.1     -0.442     -0.268      0.194     -0.030     -0.192      0.165
40.2000      -29980.472   -29988.949        8.477   339.8      0.261      0.113      0.159      0.350     -0.396     -1.066
40.2500      -29980.313   -29988.379        8.066   323.3     -0.405     -0.741      0.093      0.131      0.366     -0.187
40.3000      -29980.566   -29988.996        8.431   337.9     -0.262      0.045     -0.210     -0.397     -0.481      0.160
40.3500      -29980.941   -29989.662        8.721   349.6     -0.235     -1.119     -1.070      0.273     -0.128     -0.559
40.4000      -29980.520   -29989.551        9.031   362.0     -0.198      0.671      0.467      0.625     -0.043      0.335
40.4500      -29980.543   -29989.340        8.797   352.6      0.863      0.560      0.210     -0.168     -0.567      0.222
40.5000      -29980.341   -29988.840        8.499   340.7     -0.234      0.191     -0.397      0.216      0.630     -0.347
40.5500      -29980.303   -29989.043        8.740   350.3     -0.097     -1.189     -0.108     -0.191     -0.322     -0.012
40.6000      -29980.201   -29988.803        8.602   344.8      0.339     -0.067     -0.221      0.381      0.402      0.034
40.6500      -29980.419   -29989.008        8.589   344.3     -0.357     -0.566     -0.479      0.109     -0.089      0.003
40.7000      -29980.352   -29989.053        8.700   348.7      0.292     -0.546     -0.471      0.100     -0.217      0.135
40.7500      -29979.418   -29987.822        8.404   336.9     -1.234      0.657     -0.312      0.143      0.549     -0.064
40.8000      -29979.114   -29987.844        8.730   349.9     -1.013     -1.018     -0.396     -0.124      0.427     -0.250
40.8500      -29979.681   -29988.758        9.077   363.8      0.354     -0.629     -1.106     -0.162      0.035     -0.083
40.9000      -29979.876   -29988.023        8.147   326.6      0.869     -0.916      0.935      0.050      0.003      0.147
40.9500      -29979.717   -29987.773        8.057   322.9     -0.078      1.280     -0.566      0.030      0.001     -0.034
41.0000      -29979.199   -29988.039        8.840   354.3      0.099      0.839      0.343      0.551      0.234     -0.101
41.0500      -29978.923   -29988.033        9.111   365.2      0.899      0.407      0.509      0.028      0.208     -0.313
41.1000      -29978.759   -29987.148        8.389   336.3      0.571     -0.291      0.644     -0.068     -0.347     -0.013
41.1500      -29978.901   -29987.742        8.841   354.4      1.078      0.551      0.930      0.380      0.283     -0.226
41.2000      -29979.559   -29987.979        8.419   337.5      1.053      0.559      0.396     -0.565     -0.298     -0.491
41.2500      -29979.513   -29988.475        8.961   359.2      0.201      1.076      1.357      0.536     -0.429     -0.648
41.3000      -29980.503   -29989.969        9.466   379.4      0.092     -0.519      1.098      0.464      0.072      0.031
41.3500      -29981.077   -29989.043        7.966   319.3     -0.445     -0.795     -0.232     -0.221     -0.091      0.125
41.4000      -29981.283   -29988.965        7.682   307.9     -1.145     -0.664     -0.286      0.322     -0.189     -0.455
41.4500      -29981.568   -29990.396        8.828   353.9     -0.731     -0.450     -1.477     -0.186      0.047      0.763
41.5000      -29982.284   -29989.873        7.589   304.2     -0.796     -0.664     -0.039     -0.383     -0.237      0.090
41.5500      -29982.283   -29990.381        8.098   324.6     -0.380     -0.266     -0.940      0.888     -0.407      0.162
41.6000      -29982.607   -29990.234        7.628   305.7      0.683      0.305     -0.051     -0.333      0.386      0.118
41.6500      -29982.169   -29990.572        8.404   336.9     -1.132     -1.058     -0.120      0.138      0.072      0.053
41.7000      -29982.636   -29990.814        8.179   327.8      0.535     -0.157     -0.216      0.143     -0.336     -0.172
41.7500      -29982.417   -29990.137        7.719   309.4     -0.355     -0.080     -0.839      0.082     -0.071     -0.197
41.8000      -29982.227   -29989.844        7.617   305.3      0.040     -0.946     -0.706      0.340     -0.254      0.317
41.8500      -29982.027   -29989.531        7.504   300.8      0.554      0.005      0.170      0.155     -0.393     -0.210
41.9000      -29982.235   -29990.332        8.097   324.6      0.282     -0.711      0.381     -0.373     -0.077     -0.464
41.9500      -29981.811   -29989.699        7.888   316.2     -1.241     -0.037     -0.515     -0.348      0.475      0.601
42.0000      -29981.707   -29989.777        8.070   323.5      0.049      0.061     -0.311      0.162     -0.035     -0.005
42.0500      -29981.511   -29989.561        8.050   322.7      0.203     -0.278     -0.252      0.484      0.555     -0.057
42.1000      -29981.516   -29989.502        7.986   320.1     -1.099     -0.973     -0.201     -0.301      0.326     -0.285
42.1500      -29981.195   -29989.271        8.077   323.7     -0.080     -0.210     -0.060      0.150     -0.352     -0.338
42.2000      -29981.201   -29989.248        8.047   322.6     -0.497      0.149     -0.543     -0.457     -0.025      0.554
42.2500      -29981.908   -29989.809        7.901   316.7      0.246      0.017      0.495     -0.165     -0.602     -0.026
42.3000      -29981.342   -29989.605        8.264   331.2     -0.866      0.195      0.040      0.319      0.185      0.014
42.3500      -29980.512   -29988.758        8.246   330.5      0.305      0.653     -0.253      0.078     -0.336      0.279
42.4000      -29981.002   -29989.242        8.240   330.3      0.369     -0.743      0.487     -0.030      0.458     -0.196
42.4500      -29981.318   -29989.244        7.926   317.7     -0.093      0.274      0.625     -0.069      0.176      0.355
42.5000      -29981.203   -29989.648        8.446   338.5     -0.042     -0.196      0.274      0.417     -0.734     -0.365
42.5500      -29981.303   -29989.104        7.800   312.7     -0.852     -0.011     -0.210     -0.059     -0.119      0.545
42.6000      -29981.575   -29989.668        8.093   324.4     -1.358     -0.822     -0.958      0.143     -0.442      0.095
42.6500      -29981.742   -29989.219        7.477   299.7     -0.610     -1.806     -0.463     -0.188     -0.321     -0.535
42.7000      -29981.553   -29989.242        7.689   308.2      0.495     -0.279      0.609     -0.382      0.148      0.572
42.7500      -29981.390   -29989.293        7.903   316.8      0.600     -0.361     -0.450     -0.461      0.258     -0.033
42.8000      -29981.368   -29989.771        8.403   336.8     -0.321      0.370     -0.322     -0.098      0.052      0.209
42.8500      -29981.133   -29989.883        8.750   350.7     -0.114     -0.520      0.329     -0.069     -0.277     -0.307
42.9000      -29981.142   -29989.477        8.335   334.1     -0.640     -1.221      0.021     -0.281      0.139      0.131
42.9500      -29980.350   -29988.824        8.474   339.7      0.395     -0.171     -0.602     -0.395     -0.345     -0.513
43.0000      -29980.388   -29989.031        8.643   346.4      0.697      0.208      0.566      0.057     -0.486      0.396
43.0500      -29980.453   -29988.984        8.532   342.0      0.906      1.163      0.930      0.126      0.230     -0.153
43.1000      -29980.530   -29988.348        7.817   313.4     -0.107     -0.264     -0.442      0.151     -0.863      0.186
43.1500      -29980.195   -29988.439        8.244   330.5     -1.261      0.069      0.194      0.157      0.853     -0.339
43.2000      -29980.454   -29988.764        8.309   333.1     -0.442      0.857     -0.471      0.502      0.424      0.193
43.2500      -29980.476   -29988.971        8.495   340.5     -0.227     -0.174      0.649      0.179     -0.055     -0.183
43.3000      -29980.370   -29988.449        8.079   323.9     -0.726     -1.338      0.590      0.258     -0.437     -0.176
43.3500      -29980.150   -29988.916        8.766   351.4      1.018     -0.265      0.148      0.179     -0.417      0.780
43.4000      -29980.649   -29988.318        7.670   307.4     -0.362     -0.034     -0.038      0.233      0.747     -0.366
43.4500      -29980.108   -29988.912        8.804   352.9     -0.920      0.251     -0.679      0.090      0.015      0.647
43.5000      -29980.242   -29988.779        8.537   342.2     -0.016     -0.973     -0.186     -0.357      0.430     -0.492
43.5500      -29980.061   -29988.322        8.261   331.1     -0.428     -0.445     -0.360     -0.042     -0.722      0.044
43.6000      -29979.499   -29988.465        8.966   359.4     -0.547     -0.015      0.767      0.116      0.460      0.074
43.6500      -29979.423   -29988.430        9.007   361.0     -0.021     -0.263     -0.005      0.529     -0.910      0.202
43.7000      -29978.909   -29988.471        9.562   383.3      0.536      1.144      0.576      0.595      0.454     -0.648
43.7500      -29978.867   -29987.701        8.834   354.1     -0.611     -0.822     -0.243     -0.421     -0.482      0.415
43.8000      -29979.172   -29988.250        9.078   363.9      0.212      0.280      0.841      0.500      0.728      0.160
43.8500      -29979.361   -29988.156        8.795   352.5     -0.840     -0.793     -0.567     -0.312      0.272      0.300
43.9000      -29979.142   -29987.709        8.567   343.4      1.178      0.436     -0.133     -0.036      0.109     -0.138
43.9500      -29979.126   -29987.619        8.493   340.4      0.192     -0.655     -0.291     -0.204     -0.254     -0.261
44.0000      -29979.142   -29987.717        8.575   343.7      0.607      1.042      0.392      0.404     -0.012      0.024
44.0500      -29979.192   -29987.754        8.562   343.2     -0.662     -0.210     -1.368      1.016      0.345     -0.060
44.1000      -29979.138   -29987.711        8.573   343.7      0.182     -0.259     -0.789      0.222      0.264     -0.317
44.1500      -29979.190   -29988.027        8.837   354.2     -1.194     -0.488     -0.587      0.059     -0.310     -0.624
44.2000      -29979.545   -29987.654        8.110   325.1     -0.599      0.314     -0.518      0.154      0.086      0.463
44.2500      -29979.667   -29987.939        8.272   331.6      0.106     -0.864     -0.354     -0.242      0.284     -0.109
44.3000      -29979.526   -29988.289        8.763   351.3     -1.248     -0.319     -1.083      0.308      0.318      0.163
44.3500      -29980.154   -29988.607        8.454   338.9     -0.295     -0.107     -0.263     -0.368     -0.383     -0.268
44.4000      -29980.668   -29988.830        8.162   327.2     -0.575      0.351     -0.787     -0.043      0.015      0.056
44.4500      -29981.190   -29989.221        8.030   321.9     -0.506      0.308      0.404      0.221     -0.109      0.520
44.5000      -29980.755   -29988.836        8.081   323.9      0.313     -0.380      0.050      0.103      0.067     -0.386
44.5500      -29979.954   -29988.143        8.189   328.3      0.212      0.472      0.173     -0.202     -0.175      0.060
44.6000      -29979.775   -29987.973        8.198   328.6     -0.302     -0.347     -0.273      0.253     -0.261     -0.206
44.6500      -29979.805   -29988.576        8.771   351.6     -0.263     -0.590      0.457     -0.038      0.410      0.151
44.7000      -29979.997   -29988.523        8.526   341.8      0.316      0.435     -0.642      0.004      0.283      0.678
44.7500      -29980.727   -29988.770        8.043   322.4     -0.487     -0.822     -0.313      0.178     -0.498      0.096
44.8000      -29980.543   -29988.557        8.013   321.2      0.350     -0.080     -0.593      0.142      0.109      0.019
44.8500      -29980.444   -29988.916        8.472   339.6     -0.716     -0.344     -0.314     -0.332     -0.170     -0.064
44.9000      -29980.566   -29989.500        8.934   358.1     -0.567     -0.408     -0.427     -0.047      0.024      0.219
44.9500      -29980.674   -29988.992        8.318   333.4      0.286     -0.074     -0.580     -0.103     -0.223     -0.139
45.0000      -29980.419   -29988.688        8.269   331.5     -1.098      0.567     -0.608      0.530     -0.235     -0.053
45.0500      -29980.571   -29988.682        8.111   325.1     -0.018     -0.390     -0.531      0.464      0.692      0.377
45.1000      -29980.297   -29988.938        8.641   346.4     -0.396     -0.209     -1.028     -0.238      0.201      0.188
45.1500      -29980.074   -29988.988        8.915   357.3     -0.327      0.013     -0.447     -0.470      0.652     -0.355
45.2000      -29980.380   -29988.289        7.909   317.0      0.284     -0.401     -0.407     -0.180      0.174      0.196
45.2500      -29980.856   -29988.906        8.050   322.7      0.059      0.388     -0.781     -0.187      0.206     -0.129
45.3000      -29980.465   -29989.236        8.772   351.6     -0.060     -0.671     -0.750      0.104     -0.581     -0.159
45.3500      -29980.163   -29989.076        8.913   357.3      0.155      0.151      0.311      0.344     -0.106      0.773
45.4000      -29980.273   -29989.111        8.838   354.3     -0.328     -1.215      0.243      0.331     -0.369      0.387
45.4500      -29980.506   -29989.109        8.603   344.9     -0.921     -0.365     -0.838      0.085     -0.356      0.264
45.5000      -29980.563   -29988.914        8.351   334.8      0.393      0.441      1.272      0.089      0.019      0.363
45.5500      -29980.489   -29989.049        8.560   343.1     -0.456      0.068     -0.449      0.222      0.091      0.099
45.6000      -29980.271   -29988.025        7.754   310.8     -0.005      0.718     -0.359      0.074     -0.123      0.084
45.6500      -29979.891   -29988.379        8.488   340.2      0.097     -0.494      0.035      0.491     -0.062     -0.132
45.7000      -29979.686   -29988.236        8.550   342.7     -0.444      0.286     -0.128     -0.739      0.211      0.460
45.7500      -29979.515   -29988.582        9.067   363.5     -0.312     -1.153     -0.301      0.331     -0.360      0.133
45.8000      -29979.157   -29988.074        8.917   357.4     -0.357      0.491     -0.423     -0.165      0.171      0.411
45.8500      -29979.217   -29987.709        8.492   340.4     -0.609     -1.359     -1.059      0.148     -0.117      0.097
45.9000      -29979.148   -29987.957        8.809   353.1     -0.173     -0.186      0.148      0.330      0.603     -0.228
45.9500      -29979.093   -29988.303        9.209   369.2      0.017     -0.705      0.758     -0.334      0.428     -0.245
46.0000      -29979.275   -29987.480        8.206   328.9      0.451     -0.304      0.259      0.173      0.568     -0.255
46.0500      -29979.196   -29987.766        8.569   343.5     -0.630     -0.121     -0.866     -0.495     -0.249     -0.157
46.1000      -29979.873   -29988.328        8.455   338.9     -0.154     -0.332     -0.112     -0.902     -0.318      0.127
46.1500      -29979.971   -29988.463        8.492   340.4     -0.636     -0.729      0.003     -0.167     -0.517      0.726
46.2000      -29979.864   -29988.695        8.832   354.0      0.124     -0.004     -0.660      0.457     -0.135     -0.125
46.2500      -29980.026   -29988.719        8.693   348.5      0.352     -0.776      0.818     -0.028      0.411     -0.037
46.3000      -29979.821   -29988.014        8.192   328.4     -0.929     -0.290     -0.418     -0.020     -0.581     -0.168
46.3500      -29979.651   -29988.320        8.670   347.5     -1.508     -0.695      0.478      0.016      0.524      0.354
46.4000      -29979.908   -29989.193        9.285   372.2      0.209     -0.478      0.613     -0.200     -0.324     -0.056
46.4500      -29979.255   -29988.604        9.349   374.7      0.135     -0.254      0.225     -0.034      0.166      0.391
46.5000      -29979.721   -29988.203        8.482   340.0     -0.465     -0.835      0.112     -0.150      0.642      0.099
46.5500      -29979.752   -29988.463        8.711   349.2     -0.488     -0.180     -0.609     -0.130      0.373      0.084
46.6000      -29979.939   -29989.398        9.459   379.2      0.465     -0.820     -0.194      0.209     -0.396      0.032
46.6500      -29979.755   -29988.852        9.097   364.6     -0.608      0.613      0.061      0.639      0.385     -0.055
46.7000      -29979.794   -29989.236        9.443   378.5     -0.269     -1.023     -0.266      0.049      0.227      0.142
46.7500      -29980.253   -29988.824        8.571   343.6      0.264     -0.665      0.019      0.201     -0.365     -0.326
46.8000      -29980.306   -29988.887        8.581   344.0      0.247      0.294      0.234     -0.121     -0.312      0.130
46.8500      -29980.078   -29988.971        8.892   356.5     -0.289     -0.583      0.397      0.605      0.401      0.173
46.9000      -29980.262   -29989.230        8.968   359.5      0.057     -0.377     -0.439      0.177      0.603     -0.109
46.9500      -29980.150   -29988.480        8.330   333.9      0.189     -0.326      0.406     -0.054     -0.171     -0.381
47.0000      -29980.605   -29988.895        8.289   332.3      0.677      0.187      0.228      0.004     -0.001     -0.383
47.0500      -29980.194   -29988.332        8.138   326.2     -0.712     -0.511     -0.186     -0.407      0.167      0.341
47.1000      -29980.686   -29988.625        7.939   318.2     -0.732      0.066      0.190     -0.085      0.199     -0.441
47.1500      -29980.274   -29988.693        8.420   337.5     -0.466     -0.565     -0.430     -0.085     -0.189     -0.253
47.2000      -29979.920   -29989.492        9.573   383.7     -0.657      0.077     -0.864      0.158     -0.071     -0.212
47.2500      -29980.043   -29988.527        8.485   340.1     -0.867     -0.457     -1.296     -0.205     -0.178     -0.016
47.3000      -29980.565   -29989.014        8.448   338.6     -0.872     -0.550     -0.473     -0.385      0.060     -0.473
47.3500      -29980.437   -29989.260        8.822   353.6      0.886     -0.394      0.504      0.080      0.088      0.106
47.4000      -29980.313   -29989.193        8.880   356.0      0.073     -0.087      0.025     -0.271     -0.088     -0.184
47.4500      -29979.717   -29988.322        8.605   344.9     -0.453     -0.231     -0.477      0.411      0.109     -0.192
47.5000      -29980.073   -29988.838        8.765   351.3     -0.086     -0.222     -0.200      0.035     -0.172     -0.450
47.5500      -29979.975   -29988.369        8.394   336.5      1.311     -0.324     -0.095     -0.299      0.083      0.016
47.6000      -29980.250   -29989.055        8.805   352.9     -0.331     -0.049     -0.040     -0.457     -0.097      0.211
47.6500      -29980.331   -29988.738        8.408   337.0     -0.295      0.106      0.024     -0.122      0.220      0.182
47.7000      -29980.563   -29989.365        8.803   352.8     -0.625     -0.680      0.447     -0.522      0.262     -0.560
47.7500      -29980.674   -29989.221        8.547   342.6      0.891      0.324      0.011      0.112      0.062      0.258
47.8000      -29980.686   -29988.615        7.930   317.9     -0.093      0.599     -0.226      0.302     -1.156     -0.036
47.8500      -29979.873   -29987.941        8.068   323.4     -0.735      0.117     -0.945      0.140      0.560     -0.344
47.9000      -29980.224   -29988.266        8.042   322.4     -0.603     -0.870     -0.243     -0.304     -0.242     -0.125
47.9500      -29980.026   -29989.070        9.044   362.5     -0.804     -1.027      0.307      0.267     -0.422     -0.027
48.0000      -29979.964   -29988.877        8.913   357.3      0.096     -0.679     -0.298      0.044     -0.164     -0.574
48.0500      -29980.585   -29988.902        8.317   333.4     -0.475      0.014     -0.366      0.300     -0.515      0.302
48.1000      -29980.674   -29988.279        7.606   304.9     -1.426     -0.772     -0.335      0.294     -0.054      0.186
48.1500      -29980.580   -29989.035        8.456   338.9     -0.725     -0.887      0.128     -0.398     -0.064      0.280
48.2000      -29980.903   -29989.020        8.116   325.3     -1.006     -0.920     -0.797      0.391      0.270     -0.944
48.2500      -29980.999   -29989.248        8.249   330.7     -0.387     -0.220     -1.076     -0.116     -0.442      0.998
48.3000      -29981.168   -29989.439        8.271   331.5     -0.130     -0.873     -1.207      0.151      0.392     -0.284
48.3500      -29981.082   -29989.559        8.477   339.8     -0.901     -0.349     -0.769     -0.443     -0.002     -0.206
48.4000      -29981.209   -29989.928        8.719   349.5     -0.611     -0.338     -0.520     -0.329      0.036      0.021
48.4500      -29981.715   -29989.500        7.785   312.0     -0.880      0.034     -0.375      0.386      0.099      0.321
48.5000      -29982.390   -29990.266        7.875   315.7     -0.357      0.171      0.360     -0.267     -0.059     -0.076
48.5500      -29982.653   -29989.846        7.193   288.3      0.520      1.046     -0.126      0.143     -0.051     -0.000
48.6000      -29982.709   -29990.090        7.381   295.9      0.467      0.119      0.704      0.117      0.228      0.055
48.6500      -29982.348   -29989.908        7.560   303.1      0.721      0.691      0.632     -0.320     -0.013     -0.120
48.7000      -29981.780   -29989.613        7.834   314.0     -0.079     -0.040     -0.102     -0.590      0.167      0.461
48.7500      -29981.674   -29989.510        7.836   314.1      0.606      0.450      0.476     -0.322      0.127     -0.093
48.8000      -29981.375   -29989.230        7.856   314.9     -0.662      0.688      0.558     -0.316      0.102      0.087
48.8500      -29981.201   -29989.596        8.395   336.5      0.743     -0.280      1.845      0.367      0.292     -0.149
48.9000      -29980.954   -29989.518        8.564   343.3     -0.534     -0.122     -1.489     -0.678     -0.022     -0.518
48.9500      -29981.399   -29989.438        8.038   322.2      0.029      0.252      0.083     -0.184      0.031      0.034
49.0000      -29981.549   -29989.793        8.244   330.5      0.213     -0.992     -1.257      0.086      0.228     -0.288
49.0500      -29981.866   -29990.191        8.325   333.7     -0.881     -0.595     -0.352      0.078      0.248      0.478
49.1000      -29981.626   -29990.004        8.378   335.8      0.034      0.142      0.082     -0.161     -0.042      0.270
49.1500      -29981.472   -29989.805        8.333   334.0      0.066     -0.123     -0.870      0.270      0.246      0.344
49.2000      -29981.314   -29989.770        8.455   338.9      0.221      0.809      0.148      0.606     -0.662      0.089
49.2500      -29981.396   -29989.654        8.258   331.0     -0.994     -0.954     -0.720      0.155     -0.239     -0.450
49.3000      -29981.212   -29989.754        8.542   342.4      0.347      0.693     -1.020     -0.401      0.461      0.112
49.3500      -29981.429   -29989.473        8.044   322.4     -0.633     -0.462     -0.368     -0.041     -0.237     -0.182
49.4000      -29981.768   -29989.988        8.220   329.5     -0.267      0.035     -0.043      0.069     -0.596      0.436
49.4500      -29981.224   -29989.611        8.387   336.2      0.572      0.237      0.895      0.071      0.517      0.342
49.5000      -29981.417   -29989.150        7.734   310.0     -0.886      0.413     -0.658     -0.166     -0.221     -0.447
49.5500      -29980.646   -29989.559        8.913   357.3     -0.774      0.699      0.553      0.054     -0.643      0.495
49.6000      -29980.648   -29989.162        8.514   341.3     -0.550      0.650     -0.854      0.410      0.073     -0.577
49.6500      -29981.197   -29989.080        7.883   316.0     -0.666     -1.381     -0.440      0.137     -0.276      0.374
49.7000      -29981.427   -29989.234        7.807   313.0      0.596      0.587     -0.082      0.005     -0.563     -0.329
49.7500      -29980.980   -29988.104        7.124   285.6      0.583      0.162     -0.603     -0.226      0.174      0.249
49.8000      -29981.022   -29989.086        8.064   323.2      0.606      0.609     -0.053     -0.394      0.118     -0.639
49.8500      -29980.809   -29988.625        7.816   313.3     -1.121     -0.487      0.114      0.308     -0.147      0.839
49.9000      -29980.692   -29988.871        8.179   327.9      0.266     -0.411      0.951     -0.212     -0.179     -0.244
49.9500      -29980.858   -29989.475        8.616   345.4     -0.687      0.232     -0.776     -0.199      0.311      0.381
50.0000      -29980.898   -29989.713        8.815   353.3      0.843      0.577      0.548     -0.006      0.105     -0.254
50.0500      -29980.834   -29989.348        8.514   341.3     -0.906     -0.183      0.526     -0.353     -0.129     -0.282
50.1000      -29980.603   -29989.719        9.116   365.4     -0.149     -0.233     -1.813      0.214     -0.079      0.202
50.1500      -29980.781   -29989.924        9.142   366.5      0.707      0.402     -0.123      0.043      0.769     -0.239
50.2000      -29981.281   -29989.707        8.426   337.8     -0.633     -0.816      0.329      0.286     -0.206      0.657
50.2500      -29981.249   -29989.188        7.938   318.2     -1.048     -0.780     -0.661      0.151      0.185     -0.273
50.3000      -29980.756   -29988.854        8.097   324.6     -0.518     -0.761      0.686     -0.371     -0.205      0.007
50.3500      -29980.636   -29988.859        8.223   329.6      0.474      0.444     -1.045      0.907      0.252      0.227
50.4000      -29981.109   -29989.650        8.542   342.4     -0.027      0.664      0.022     -0.206     -0.618      0.198
50.4500      -29981.344   -29989.484        8.140   326.3     -0.299     -0.060     -0.122     -0.098      0.534     -0.527
50.5000      -29980.961   -29989.170        8.209   329.1     -0.364      0.168     -0.175      0.306     -0.121      0.499
50.5500      -29981.419   -29990.166        8.747   350.6      1.152     -0.047      0.821      0.331     -0.078     -0.364
50.6000      -29982.112   -29990.027        7.915   317.3     -0.737     -0.066     -0.667      0.327      0.134      0.776
50.6500      -29982.391   -29990.406        8.015   321.3     -0.490     -0.054      0.331     -0.194     -0.702      0.015
50.7000      -29981.668   -29990.350        8.681   348.0     -0.649      0.244     -0.949      0.500     -0.484      0.062
50.7500      -29981.790   -29990.520        8.729   349.9     -0.314     -0.754      0.492      0.127      0.030     -0.037
50.8000      -29981.505   -29989.854        8.348   334.6      0.916      1.025      0.136     -0.009      0.194     -0.209
50.8500      -29981.871   -29989.621        7.750   310.7      0.138      0.759      1.022     -0.350      0.167      0.585
50.9000      -29981.890   -29990.074        8.184   328.1     -0.225      0.415     -0.018     -0.156     -0.022     -0.141
50.9500      -29981.662   -29988.932        7.270   291.4     -0.412     -0.991     -0.411     -0.478      0.007      0.347
51.0000      -29982.412   -29989.744        7.332   293.9     -0.257      0.647     -0.800      0.715     -0.133     -0.221
51.0500      -29982.898   -29990.523        7.626   305.7      0.013      0.061      0.068     -0.384     -0.045     -0.075
51.1000      -29983.071   -29990.465        7.394   296.4      0.364     -0.554      0.210      0.474      0.579     -0.529
51.1500      -29982.826   -29990.297        7.471   299.5      0.753      0.552      0.349      0.059     -0.471      0.406
51.2000      -29982.140   -29989.992        7.852   314.7      0.007      0.204      0.376      0.264      0.778     -0.239
51.2500      -29982.268   -29990.061        7.793   312.4     -0.437      0.723      0.119      0.235     -0.261     -0.041
51.3000      -29982.185   -29989.885        7.699   308.6      0.623      0.145      0.725     -0.068     -0.509     -0.265
51.3500      -29981.921   -29989.537        7.616   305.3      0.173      0.351      0.445     -0.117     -0.305      0.102
51.4000      -29982.568   -29989.781        7.213   289.1     -0.319     -0.627     -0.727     -0.361     -0.231      0.186
51.4500      -29982.684   -29990.980        8.296   332.6      0.080      0.136      0.239      0.208     -0.349      0.377
51.5000      -29982.857   -29990.291        7.434   298.0      0.727     -0.895      0.295     -0.455      0.071      0.079
51.5500      -29982.452   -29990.092        7.640   306.2     -0.097      0.189     -0.215     -0.145     -0.037      0.169
51.6000      -29981.745   -29990.307        8.561   343.2     -0.442     -0.300     -0.395     -0.316      0.352     -0.024
51.6500      -29981.609   -29989.447        7.838   314.2      0.882      0.475     -0.149      0.425      0.035     -0.399
51.7000      -29981.551   -29989.781        8.230   329.9     -1.034     -1.083      0.577     -0.658      0.485      0.022
51.7500      -29981.837   -29989.660        7.823   313.6     -0.249     -0.201     -1.238     -0.456      0.515      0.036
51.8000      -29982.445   -29990.289        7.844   314.4      0.415      0.126     -0.837     -0.130      0.142      0.056
51.8500      -29982.731   -29990.268        7.536   302.1     -1.175     -0.973     -1.763      0.063      0.053     -0.700
51.9000      -29982.791   -29990.523        7.732   309.9     -0.827     -0.103     -1.216      0.084      0.040      0.016
51.9500      -29982.703   -29990.084        7.381   295.9      0.208     -0.264     -0.126      0.384     -0.035     -0.135
52.0000      -29982.759   -29990.545        7.786   312.1     -0.104     -0.403     -0.580     -0.092     -0.207     -0.327
52.0500      -29982.163   -29989.971        7.808   313.0     -0.412      0.099     -0.327     -0.110      0.091      0.214
52.1000      -29982.411   -29989.771        7.361   295.1     -0.436     -0.580      0.803     -0.421      0.164     -0.920
52.1500      -29983.178   -29990.143        6.964   279.2     -0.072     -0.345     -0.191     -0.301     -0.067     -0.141
52.2000      -29983.315   -29990.379        7.064   283.2     -0.440     -0.673     -0.969      0.014      0.542     -0.443
52.2500      -29982.692   -29990.242        7.550   302.7     -0.632     -0.122      0.320     -0.158      0.152      0.338
52.3000      -29982.539   -29989.898        7.360   295.0      0.166     -0.169     -0.879      0.062      1.085     -0.374
52.3500      -29982.463   -29990.320        7.857   314.9     -0.831     -0.493     -0.435      0.180     -0.255     -0.018
52.4000      -29981.996   -29990.012        8.015   321.3     -0.013      1.292      0.635     -0.521      0.411     -0.350
52.4500      -29981.416   -29989.742        8.326   333.8     -0.484      0.112     -0.582      0.196     -0.229     -0.350
52.5000      -29981.686   -29989.742        8.056   322.9      0.985      0.091     -0.064     -0.030      0.278     -0.257
52.5500      -29981.747   -29989.885        8.138   326.2     -0.406      0.390      0.163      0.514      0.416     -0.603
52.6000      -29981.741   -29989.812        8.071   323.5      0.081     -0.578     -0.661     -0.153      0.268     -0.122
52.6500      -29981.938   -29990.023        8.086   324.1     -0.262     -0.896     -0.333     -0.010      0.119      0.299
52.7000      -29982.099   -29990.682        8.582   344.0     -0.191      0.320     -0.096      1.110      0.145      0.301
52.7500      -29982.206   -29989.869        7.663   307.2      0.464      0.237     -0.548     -0.094     -0.220      0.290
52.8000      -29981.896   -29990.018        8.121   325.5      1.078     -0.568      0.682     -0.008      0.029     -0.133
52.8500      -29981.891   -29990.135        8.244   330.4     -0.549      0.407     -0.700     -0.086      0.031      0.322
52.9000      -29982.125   -29990.389        8.263   331.2     -1.669     -0.447     -0.906      0.273     -0.433     -0.118
52.9500      -29982.080   -29989.990        7.911   317.1     -0.366      0.773     -0.064     -0.098      0.800     -0.518
53.0000      -29981.536   -29989.562        8.026   321.7     -0.255      0.704     -0.086      0.192     -0.153      0.494
53.0500      -29981.655   -29989.092        7.437   298.1     -0.653     -0.329     -0.723      0.294      0.199      0.382
53.1000      -29981.501   -29990.039        8.538   342.2     -1.059     -0.798     -0.713     -0.090     -0.134     -0.405
53.1500      -29981.922   -29990.453        8.531   341.9      0.876     -0.008     -0.568      0.076     -0.093     -0.484
53.2000      -29981.886   -29990.305        8.418   337.5      0.025     -0.626     -0.289      0.157      0.019     -0.260
53.2500      -29981.979   -29990.141        8.162   327.2     -0.850     -0.595     -0.380      0.135      0.350      0.322
53.3000      -29981.947   -29989.334        7.387   296.1      0.541      0.111     -0.058     -0.454     -0.214      0.285
53.3500      -29982.059   -29989.988        7.930   317.9      0.111      0.779      0.586     -0.234      0.198      0.223
53.4000      -29982.408   -29990.012        7.604   304.8     -0.261      0.375     -1.673     -0.018     -0.263      0.536
53.4500      -29982.489   -29989.756        7.266   291.3      1.105     -0.286     -0.006      0.048      0.124     -0.482
53.5000      -29982.598   -29990.137        7.539   302.2     -0.246      0.265     -0.631     -0.524     -0.015      0.081
53.5500      -29982.480   -29989.777        7.298   292.5     -0.282      0.486     -0.811     -0.102      0.247      0.138
53.6000      -29982.587   -29990.516        7.929   317.8      0.214     -0.755     -1.444     -0.364      0.169     -0.272
53.6500      -29982.821   -29990.330        7.510   301.0     -0.048      0.805     -0.109      0.042      0.362     -0.221
53.7000      -29982.868   -29990.637        7.769   311.4      0.036      0.413      0.878      0.285     -0.210      0.180
53.7500      -29982.468   -29990.416        7.948   318.6     -0.325      0.177      0.112     -0.227      0.205     -0.272
53.8000      -29982.002   -29989.449        7.447   298.5     -0.714     -0.491     -0.635     -0.029      0.225      0.057
53.8500      -29981.979   -29990.562        8.583   344.1     -0.534     -0.001     -0.153     -0.646     -0.071     -0.809
53.9000      -29982.225   -29990.168        7.943   318.4     -0.196     -0.474     -0.923      0.199      0.170      0.115
53.9500      -29981.632   -29989.195        7.564   303.2     -0.174      0.299      0.275     -0.424     -0.362     -0.226
54.0000      -29982.002   -29990.668        8.666   347.4     -0.394      0.109      0.096      0.073      0.326      0.316
54.0500      -29982.074   -29989.807        7.733   310.0     -0.310      0.303     -0.468     -0.122      0.495     -0.219
54.1000      -29982.369   -29989.541        7.172   287.5      0.497     -0.230      0.313      0.622     -0.375      0.412
54.1500      -29982.280   -29989.562        7.283   291.9     -0.666     -0.027     -1.058      0.008      0.025     -0.311
54.2000      -29981.674   -29989.529        7.856   314.9      0.634      0.293      0.763     -0.127      0.091      0.041
54.2500      -29981.439   -29989.775        8.336   334.1     -0.012      0.291      0.024     -0.052     -0.125     -0.007
54.3000      -29981.280   -29990.111        8.831   354.0      0.497     -0.520      0.047     -0.019     -0.054      0.385
54.3500      -29981.316   -29990.062        8.746   350.6      0.297     -0.235     -0.362     -0.369     -0.013      0.318
54.4000      -29980.783   -29989.457        8.674   347.7      0.454      0.384     -0.114      0.271      0.492      0.369
54.4500      -29980.156   -29988.869        8.713   349.2     -0.564     -0.059     -0.381     -0.149     -0.055     -0.350
54.5000      -29980.139   -29988.168        8.029   321.8      0.450     -0.504      0.298     -0.122     -0.345     -0.013
54.5500      -29979.878   -29987.436        7.558   302.9     -0.744     -0.725     -0.897     -0.452      1.103      0.001
54.6000      -29980.205   -29988.924        8.719   349.5     -0.137      0.438     -0.281      0.168      0.170     -0.300
54.6500      -29980.069   -29988.613        8.545   342.5     -1.049     -1.450      0.025     -0.445      0.188      0.142
54.7000      -29980.012   -29988.754        8.742   350.4     -0.264      0.471     -0.853      0.154     -0.013     -0.162
54.7500      -29980.287   -29989.365        9.078   363.9     -0.109      0.104     -0.318     -0.162      0.082     -0.201
54.8000      -29980.398   -29988.447        8.050   322.7      0.558      0.535      0.177      0.070     -0.395      0.092
54.8500      -29980.540   -29989.305        8.765   351.3     -0.487      0.218      0.927      0.191     -0.020      0.168
54.9000      -29980.400   -29989.166        8.766   351.4     -0.654     -0.475     -0.693     -0.803      0.505     -0.203
54.9500      -29980.600   -29988.951        8.351   334.7      0.099     -1.167     -0.933     -0.125     -0.261      0.199
55.0000      -29980.485   -29989.730        9.245   370.6     -0.425     -0.017      0.123      0.265      0.623     -0.188
55.0500      -29980.148   -29989.180        9.032   362.0     -0.973     -0.614     -1.410     -0.345      0.159     -0.030
55.1000      -29979.407   -29988.297        8.890   356.3     -0.535     -0.523     -0.372     -0.256     -0.515      0.126
55.1500      -29979.486   -29988.566        9.080   364.0     -0.332     -0.836     -1.490     -0.473     -0.096      0.263
55.2000      -29979.472   -29987.541        8.069   323.4      0.259     -0.561     -0.945     -0.254     -0.244     -0.087
55.2500      -29979.111   -29987.637        8.526   341.8      0.059      0.488      0.064     -0.036     -0.200      0.020
55.3000      -29979.419   -29988.258        8.839   354.3     -0.352      0.061     -0.063      0.113     -0.255      0.045
55.3500      -29979.927   -29988.432        8.504   340.9      0.622      0.366      0.069     -0.146      0.587      0.477
55.4000      -29979.364   -29989.088        9.724   389.8     -0.736     -0.203      0.297     -0.330     -0.198     -0.395
55.4500      -29980.298   -29989.568        9.271   371.6     -0.963      0.106     -1.335      0.072     -0.195      0.044
55.5000      -29980.086   -29989.359        9.274   371.7      0.440      0.497     -0.368      0.091     -0.238     -0.102
55.5500      -29979.916   -29989.295        9.379   376.0     -0.934     -0.536     -0.495     -0.148     -0.042     -0.251
55.6000      -29980.330   -29989.162        8.832   354.0     -0.571     -0.505     -0.879      0.434     -0.206      0.204
55.6500      -29981.022   -29989.551        8.529   341.9     -0.352     -0.953     -0.011     -0.337      0.010      0.289
55.7000      -29981.394   -29990.334        8.940   358.4     -0.228     -0.426      0.460     -0.508     -0.262     -0.072
55.7500      -29981.391   -29990.541        9.150   366.8     -0.290     -0.377     -0.051     -0.393     -0.202      0.098
55.8000      -29981.702   -29989.775        8.074   323.6     -0.732     -0.596     -0.714      0.034      0.443     -0.657
55.8500      -29981.159   -29990.084        8.925   357.8      0.664     -0.044      0.040     -0.073     -0.055      0.605
55.9000      -29980.957   -29989.555        8.598   344.6     -0.275     -0.748      0.135     -0.208      0.069     -0.294
55.9500      -29980.531   -29988.875        8.344   334.5     -0.226      0.288      0.169     -0.393     -0.516      0.456
56.0000      -29980.510   -29988.729        8.219   329.4      0.699     -0.015     -0.948     -0.055      0.259     -0.020
56.0500      -29980.585   -29989.152        8.567   343.4     -0.163      0.002      0.182      0.391     -0.221     -0.150
56.1000      -29980.313   -29988.230        7.917   317.4     -0.675     -0.601     -1.388      0.143      0.659      0.037
56.1500      -29980.719   -29989.172        8.453   338.8     -1.141     -0.114     -1.178      0.266     -0.149      0.341
56.2000      -29980.170   -29988.527        8.357   335.0     -0.114     -0.464     -0.541     -0.011      0.338     -0.411
56.2500      -29980.180   -29988.816        8.637   346.2     -0.507      0.265     -0.062      0.535     -0.145     -0.903
56.3000      -29979.848   -29989.156        9.308   373.1     -0.082     -0.415      0.223     -0.384      0.434      0.009
56.3500      -29979.864   -29988.783        8.919   357.5     -0.091     -0.377     -0.815     -0.024      0.008     -0.005
56.4000      -29979.897   -29987.895        7.997   320.6      0.083     -1.603     -1.361     -0.509     -0.149     -0.012
56.4500      -29979.866   -29989.098        9.232   370.1     -0.656     -0.749     -1.026      0.134      0.673     -0.377
56.5000      -29979.836   -29987.830        7.994   320.4     -0.598     -0.291     -1.115      0.400      0.052      0.267
56.5500      -29980.308   -29988.451        8.143   326.4      0.003      0.009     -0.803      0.048      0.362      0.024
56.6000      -29980.107   -29989.014        8.907   357.0     -0.131     -0.062     -0.096     -0.240     -0.119      0.318
56.6500      -29980.452   -29989.289        8.837   354.2      0.548      0.298      1.332     -0.055      0.080     -0.663
56.7000      -29980.766   -29988.988        8.222   329.6      0.033      0.387      0.366      0.004     -0.168      0.152
56.7500      -29981.114   -29989.475        8.361   335.1      0.474     -0.036     -0.364      0.461     -0.382     -0.072
56.8000      -29981.326   -29989.283        7.958   319.0     -0.057     -0.298     -0.354      0.239      0.349     -0.365
56.8500      -29981.427   -29989.141        7.714   309.2      0.033     -0.707     -0.181      0.323     -0.622     -0.117
56.9000      -29981.610   -29989.578        7.968   319.4      0.151     -0.246      1.039     -0.219     -0.105     -0.135
56.9500      -29981.422   -29989.348        7.925   317.7     -0.181     -0.966     -1.500      0.443     -0.299      0.048
57.0000      -29981.565   -29989.488        7.924   317.6     -1.087     -0.092      0.421      0.093      0.214      0.225
57.0500      -29982.007   -29990.697        8.690   348.3     -0.464      0.103      0.105      0.165     -0.645      0.102
57.1000      -29981.649   -29989.924        8.274   331.7     -0.461     -0.157      1.171     -0.414     -0.027     -0.561
57.1500      -29981.701   -29989.781        8.080   323.9     -0.277     -0.368     -0.786      0.016     -0.200      0.227
57.2000      -29981.589   -29990.031        8.442   338.4      0.324     -0.589      0.561     -0.437      0.440      0.077
57.2500      -29981.923   -29989.357        7.434   298.0      0.083     -0.405     -1.045      0.023     -0.373     -0.559
57.3000      -29981.737   -29989.822        8.086   324.1     -0.133     -0.677     -0.017      0.031     -0.091      0.007
57.3500      -29981.734   -29989.818        8.085   324.1      0.427     -0.929     -0.297     -0.063     -0.143     -0.045
57.4000      -29981.226   -29990.008        8.782   352.0      0.195     -0.397      0.017      0.174     -0.136      0.289
57.4500      -29981.591   -29989.615        8.024   321.6     -0.527     -1.008     -0.669      0.026      0.156      0.299
57.5000      -29982.215   -29990.359        8.144   326.5     -0.737     -0.136     -0.121      0.236      0.125      0.483
57.5500      -29981.969   -29990.143        8.174   327.7      0.128     -1.543      0.177      0.224      0.264     -0.114
57.6000      -29981.915   -29990.127        8.212   329.2     -0.571      0.065      0.489     -0.368     -0.723     -0.370
57.6500      -29982.451   -29990.527        8.076   323.7     -1.605     -0.226     -0.946     -0.066     -0.148      0.256
57.7000      -29982.449   -29990.582        8.133   326.0      0.266     -0.610     -0.101      0.357     -0.214      0.158
57.7500      -29982.896   -29990.898        8.003   320.8     -0.243      0.464     -0.360      0.038     -0.434      0.275
57.8000      -29982.500   -29990.980        8.481   340.0      0.389     -0.147      0.403      0.526     -0.310     -1.021
57.8500      -29982.258   -29990.309        8.050   322.7      0.782      0.924     -0.285     -0.251     -0.186     -0.287
57.9000      -29982.285   -29989.789        7.504   300.8      0.605     -0.743     -0.004     -0.361     -0.026     -0.513
57.9500      -29981.970   -29990.170        8.199   328.7     -0.733     -0.870      0.018      0.250      0.180     -0.063
58.0000      -29982.367   -29990.697        8.330   333.9      0.164     -0.919      0.556     -0.216     -0.432     -0.346
58.0500      -29982.601   -29990.898        8.298   332.6      0.140     -0.051      0.210      0.065      0.115      0.032
58.1000      -29982.306   -29990.463        8.156   326.9     -0.544     -0.688     -0.873     -0.055     -0.594     -0.399
58.1500      -29982.274   -29990.365        8.091   324.3     -0.503     -0.814     -0.599     -0.189      0.282     -0.466
58.2000      -29982.621   -29990.158        7.538   302.1     -1.013     -0.812      0.278      0.036     -0.255     -0.040
58.2500      -29982.835   -29989.965        7.130   285.8     -0.040      0.066     -0.925     -0.032     -0.149     -0.146
58.3000      -29982.732   -29990.047        7.315   293.2     -0.299     -1.224     -0.258     -0.197     -0.077      0.093
58.3500      -29983.288   -29990.547        7.259   291.0      0.011      0.524     -0.452      0.115      0.180      0.116
58.4000      -29983.528   -29990.699        7.171   287.4      0.874      1.147     -0.456      0.279      0.104      0.046
58.4500      -29983.081   -29990.062        6.981   279.8     -0.228     -0.229     -0.792      0.226     -0.486      0.428
58.5000      -29983.040   -29990.326        7.286   292.0      0.565      0.501     -0.512     -0.390      0.094     -0.656
58.5500      -29982.915   -29990.391        7.476   299.7     -0.349     -1.005      0.794      0.139     -0.146     -0.226
58.6000      -29982.490   -29989.664        7.174   287.6      0.731      0.055      0.741     -0.374     -0.136     -0.131
58.6500      -29982.249   -29989.625        7.376   295.7      0.515     -0.169      1.274     -0.007      0.222     -0.654
58.7000      -29982.187   -29990.416        8.229   329.9     -0.369     -1.574      0.003      0.066     -0.194      0.375
58.7500      -29981.590   -29989.789        8.199   328.6     -0.134      0.123      0.835     -0.742     -0.196     -0.046
58.8000      -29981.877   -29989.146        7.269   291.4     -0.167     -0.084     -1.005     -0.395      0.394      0.216
58.8500      -29981.605   -29989.812        8.207   329.0     -0.147     -0.563     -0.505      0.163     -0.442     -0.577
58.9000      -29981.738   -29989.617        7.879   315.8     -0.139     -0.709     -1.515     -0.753      0.044      0.185
58.9500      -29981.878   -29990.082        8.204   328.8     -0.177      0.032     -0.056      0.122     -0.034     -0.061
59.0000      -29981.888   -29989.648        7.760   311.1      0.550     -0.128     -1.166     -0.048      0.145      0.348
59.0500      -29982.427   -29989.537        7.110   285.0      0.786     -0.471      0.009     -0.064      0.385      0.055
59.1000      -29982.315   -29990.041        7.726   309.7      0.442     -0.721     -0.058      0.164      0.051      0.185
59.1500      -29981.955   -29989.602        7.647   306.5      0.083     -0.081      0.497      0.069      0.381      0.222
59.2000      -29981.946   -29990.117        8.171   327.5     -1.474     -0.932      0.336      0.552      0.050     -0.097
59.2500      -29981.797   -29989.875        8.078   323.8     -0.156     -0.047     -0.252     -0.226     -0.254      0.496
59.3000      -29982.121   -29989.576        7.455   298.8      0.252     -0.355     -0.169     -0.609      0.519     -0.327
59.3500      -29982.105   -29989.695        7.590   304.3      0.050      0.426     -0.552      0.065     -0.585      0.411
59.4000      -29982.173   -29990.051        7.878   315.8     -0.285     -1.157      0.365     -0.135      0.807     -0.191
59.4500      -29982.495   -29989.936        7.441   298.3     -0.420      0.021     -0.631      0.114      0.052     -0.031
59.5000      -29982.577   -29989.854        7.277   291.7      0.681     -0.813     -0.615      0.009      0.321      0.431
59.5500      -29982.875   -29990.230        7.356   294.8     -0.414      0.287     -0.845      0.439     -0.392     -0.021
59.6000      -29982.479   -29989.760        7.280   291.8     -0.121     -0.469      0.074      0.195     -0.135     -0.050
59.6500      -29981.945   -29990.369        8.424   337.7     -0.169     -0.506     -0.876     -0.189      0.151      0.239
59.7000      -29981.734   -29988.984        7.250   290.6      0.521     -0.739      0.069      0.143      0.361     -0.351
59.7500      -29981.355   -29990.721        9.366   375.4     -0.036      0.435      0.625      0.243     -0.058      0.295
59.8000      -29981.220   -29988.906        7.687   308.1      0.387     -0.731      0.278      0.492      0.370     -0.195
59.8500      -29981.634   -29988.941        7.307   292.9      0.070     -0.331     -0.312      0.167      0.196     -0.113
59.9000      -29981.294   -29989.525        8.231   330.0     -0.319     -0.574     -0.288      0.679      0.200      0.165
59.9500      -29980.916   -29989.062        8.147   326.6     -0.523     -1.606     -1.557     -0.194     -0.633     -0.147
60.0000      -29980.567   -29989.037        8.470   339.5      0.190      0.217      1.036     -0.086      0.116      0.073
60.0500      -29980.739   -29989.246        8.507   341.0      1.115      0.323      0.206      0.064      0.695      0.092
60.1000      -29980.841   -29988.963        8.122   325.6     -0.991      0.374     -0.174      0.661     -0.622     -0.244
60.1500      -29980.201   -29988.852        8.651   346.8     -0.895     -0.220     -1.152     -0.120      0.529     -0.125
60.2000      -29980.142   -29988.240        8.098   324.6     -0.306     -0.593     -0.129     -0.266      0.079      0.150
60.2500      -29980.510   -29988.463        7.953   318.8     -0.075     -0.393     -0.012      0.118      0.562      0.557
60.3000      -29980.495   -29988.893        8.397   336.6      0.200     -0.390     -1.476      0.200     -0.078      0.268
60.3500      -29980.612   -29988.686        8.074   323.6     -1.278     -0.014     -0.268      0.530      0.094     -0.141
60.4000      -29980.475   -29987.986        7.511   301.1      0.362     -0.279     -0.249     -0.119     -0.113      0.351
60.4500      -29979.899   -29988.404        8.505   340.9     -0.017     -0.312      0.540      0.203      0.286      0.165
60.5000      -29980.405   -29988.510        8.105   324.9     -0.171      0.036     -0.324      0.309     -0.057     -0.026
60.5500      -29980.309   -29989.000        8.691   348.4     -0.373      0.233      0.175      0.079      0.532      0.326
60.6000      -29979.953   -29988.553        8.600   344.7      0.082     -0.239     -1.058     -0.310     -0.039     -0.240
60.6500      -29980.236   -29989.504        9.268   371.5      0.192      0.201      0.428     -0.461      0.305      0.379
60.7000      -29980.148   -29988.885        8.737   350.2      0.256     -0.763     -0.673     -0.255     -0.454      0.081
60.7500      -29980.168   -29989.762        9.594   384.6     -1.111     -0.059     -0.151      0.024      0.069     -0.397
60.8000      -29980.460   -29988.869        8.409   337.1      0.210     -0.656      0.487      0.187     -0.276      0.380
60.8500      -29980.312   -29989.092        8.780   351.9      0.065     -0.873      0.120     -0.409     -0.094     -0.150
60.9000      -29980.435   -29989.402        8.967   359.5      0.259     -0.001     -0.345      0.455     -0.256     -0.915
60.9500      -29980.529   -29988.809        8.279   331.9      1.085     -0.131     -0.383     -0.080     -0.174      0.002
61.0000      -29980.722   -29988.811        8.088   324.2      1.052      1.148      1.710     -0.063      0.155      0.173
61.0500      -29980.962   -29989.137        8.175   327.7     -0.325      0.010     -0.212     -0.225      0.352      0.085
61.1000      -29980.917   -29989.699        8.782   352.0      0.353     -0.008      0.485     -0.372      0.222     -0.285
61.1500      -29980.931   -29988.818        7.887   316.1      0.272     -0.164      0.198     -0.079      0.090      0.039
61.2000      -29981.040   -29989.953        8.913   357.3      0.426     -0.201     -0.525      0.122      0.451     -0.188
61.2500      -29981.399   -29989.389        7.989   320.2      0.501      0.259      0.834     -0.554     -0.941      0.050
61.3000      -29980.996   -29989.367        8.371   335.6     -0.278      0.429     -0.624      0.144     -0.138      0.355
61.3500      -29981.289   -29990.221        8.932   358.0     -0.576     -0.754     -0.513      0.022      0.130     -0.095
61.4000      -29981.703   -29989.990        8.287   332.2     -1.243     -0.222      0.343      0.472      0.366     -0.089
61.4500      -29981.471   -29989.340        7.869   315.4     -0.137     -0.140     -0.042     -0.347      0.260      0.145
61.5000      -29981.585   -29990.244        8.660   347.1     -0.744      0.026     -0.261      0.069     -0.003      0.275
61.5500      -29981.942   -29989.178        7.236   290.0      0.159     -0.383      0.268     -0.022     -0.315     -0.578
61.6000      -29981.695   -29990.045        8.350   334.7      0.065     -0.149      0.237      0.370      0.311      0.490
61.6500      -29981.898   -29989.621        7.723   309.6     -0.358     -0.256      0.056     -0.432     -0.135     -0.079
61.7000      -29981.439   -29988.986        7.548   302.5     -0.834      0.629      0.576      0.267      0.489      0.196
61.7500      -29981.536   -29989.783        8.247   330.6     -0.508      0.341     -0.750     -0.394      0.020      0.073
61.8000      -29981.687   -29990.166        8.479   339.9     -0.602     -0.775     -0.043     -0.598      0.248     -0.027
61.8500      -29981.578   -29989.467        7.889   316.2     -0.661     -0.323     -0.773     -0.461      0.252     -0.207
61.9000      -29982.006   -29989.516        7.510   301.0     -0.272      0.152      0.324     -0.014      0.431     -0.652
61.9500      -29981.822   -29989.373        7.551   302.7     -0.343     -0.064      0.525      0.014      0.512      0.688
62.0000      -29982.111   -29989.941        7.831   313.9     -0.388     -0.180     -0.291     -0.077     -0.300     -0.081
62.0500      -29982.617   -29990.305        7.688   308.2      0.025     -0.496     -0.232     -0.397      0.169     -0.037
62.1000      -29982.831   -29990.451        7.620   305.4     -1.104     -0.732     -0.617      0.290      0.020     -0.051
62.1500      -29982.692   -29989.938        7.246   290.5      0.383      0.026     -0.409     -0.283      0.002     -0.041
62.2000      -29982.110   -29990.434        8.324   333.7      0.052     -1.080     -0.274      0.246      0.277      0.018
62.2500      -29982.670   -29990.537        7.867   315.4     -0.640     -0.549      0.350     -0.183      0.190     -0.159
62.3000      -29982.401   -29990.727        8.326   333.7     -0.903     -0.829      0.362      0.292     -0.034     -0.525
62.3500      -29981.944   -29990.549        8.605   344.9     -0.311     -0.160      0.403      0.343      0.555      0.896
62.4000      -29981.665   -29990.086        8.420   337.5     -0.166      0.833      0.018     -0.092     -0.447     -0.095
62.4500      -29981.922   -29990.287        8.366   335.3     -0.594     -0.858     -0.222      0.560     -0.378     -0.037
62.5000      -29981.993   -29990.355        8.362   335.2      0.203      0.234     -0.345     -0.534     -0.017     -0.133
62.5500      -29982.424   -29990.094        7.670   307.4     -0.234     -0.600      0.822     -0.390     -0.264      0.195
62.6000      -29982.434   -29990.432        7.997   320.6     -0.535     -0.210     -0.366     -0.357     -0.433     -0.034
62.6500      -29982.083   -29990.596        8.513   341.2      0.158     -0.080      0.144     -0.322     -0.288      0.488
62.7000      -29982.358   -29990.719        8.361   335.1      0.241     -0.238     -0.637      0.451     -0.395     -0.240
62.7500      -29983.093   -29991.211        8.118   325.4      0.251     -0.965      0.467      0.175     -0.182      0.349
62.8000      -29983.261   -29990.910        7.649   306.6      0.369     -0.798     -0.084      0.146      0.048     -0.117
62.8500      -29983.076   -29990.729        7.652   306.7     -1.145     -0.570     -0.047     -0.189      0.323      0.024
62.9000      -29983.057   -29990.662        7.605   304.8     -0.519     -0.079     -0.346     -0.468     -0.245      0.072
62.9500      -29983.031   -29990.871        7.840   314.3     -0.700     -0.813      0.036      0.126     -0.431     -0.657
63.0000      -29982.490   -29990.680        8.189   328.3      0.635      0.108      0.205      0.197     -0.219      0.346
63.0500      -29982.510   -29990.641        8.131   325.9     -0.188     -0.073      0.122      0.227      0.376      0.097
63.1000      -29982.014   -29990.074        8.060   323.1      0.185     -0.841      0.372     -0.609      0.315     -0.356
63.1500      -29982.558   -29990.570        8.012   321.2     -0.522     -0.303     -0.610     -0.255      0.116     -0.050
63.2000      -29982.443   -29991.070        8.627   345.8     -1.656     -0.601     -0.574     -0.420     -0.078      0.198
63.2500      -29982.756   -29990.623        7.867   315.3      0.086      0.241     -0.296      0.263     -0.056      0.111
63.3000      -29982.506   -29990.555        8.049   322.6     -0.924     -0.506     -0.107     -0.421     -0.104     -0.484
63.3500      -29982.432   -29990.498        8.067   323.3     -0.449     -0.692     -0.721      0.046     -0.420      0.313
63.4000      -29982.805   -29990.779        7.974   319.7     -0.064      0.310      0.659     -0.278      0.216      0.134
63.4500      -29982.474   -29990.404        7.930   317.9     -0.154     -0.278     -0.270      0.217      0.381     -0.202
63.5000      -29982.039   -29990.314        8.276   331.7     -0.400     -0.165     -0.544     -0.386     -0.648      0.153
63.5500      -29981.753   -29989.797        8.044   322.4     -0.251     -1.264      0.851     -0.350     -0.161     -0.249
63.6000      -29981.458   -29990.152        8.695   348.5      0.117      0.628     -0.665     -0.254      0.180      0.319
63.6500      -29981.394   -29989.594        8.199   328.7     -0.111     -0.967      0.892      0.255     -0.221      0.282
63.7000      -29981.916   -29990.094        8.177   327.8      1.006      0.718     -0.156     -0.235     -0.268     -0.199
63.7500      -29981.890   -29990.201        8.311   333.1     -0.698     -0.157      0.531      0.261     -0.113     -0.123
63.8000      -29981.569   -29990.611        9.042   362.5     -0.604     -0.156     -0.614     -0.113     -0.443     -0.075
63.8500      -29981.929   -29990.615        8.687   348.2      0.039      0.309     -0.023      0.022      0.156      0.505
63.9000      -29982.373   -29990.908        8.535   342.1     -0.789     -0.011      0.045      0.321      0.281     -0.052
63.9500      -29982.369   -29990.266        7.896   316.5     -0.298     -0.852      0.290      0.408     -0.225     -0.251
64.0000      -29982.456   -29990.578        8.123   325.6     -0.901     -1.037     -0.655      0.119      0.570      0.349
64.0500      -29982.312   -29990.354        8.041   322.3     -0.952      0.422     -0.756      0.203     -0.059     -0.298
64.1000      -29982.038   -29990.086        8.048   322.6     -0.510     -0.829     -0.515     -0.262      0.394      0.223
64.1500      -29982.212   -29990.619        8.407   337.0      0.613     -0.434      0.402      0.146     -0.350      0.008
64.2000      -29982.578   -29990.252        7.674   307.6     -0.741     -0.320     -0.693      0.165      0.497     -0.196
64.2500      -29982.288   -29989.734        7.447   298.5     -0.605      0.924     -0.934     -0.270      0.576      0.458
64.3000      -29982.556   -29990.457        7.901   316.7     -0.291     -0.766      0.118      0.020     -0.692     -0.810
64.3500      -29982.649   -29990.613        7.964   319.2     -0.522     -0.467     -0.334     -0.147      0.078      0.367
64.4000      -29981.971   -29990.510        8.538   342.3     -0.719      0.169      0.132      0.395      0.337      0.455
64.4500      -29981.442   -29990.100        8.658   347.0     -0.079     -0.776     -0.326      0.317      0.266     -0.509
64.5000      -29981.770   -29990.000        8.230   329.9     -0.490      0.165     -0.655     -0.162     -0.374      0.438
64.5500      -29981.582   -29989.998        8.416   337.3     -0.957      0.370     -0.098     -0.162     -0.015     -0.069
64.6000      -29981.953   -29989.711        7.758   311.0     -0.216     -0.801     -0.934      0.075     -0.204      0.301
64.6500      -29981.790   -29990.219        8.429   337.9     -0.211     -0.729     -0.112     -0.412      0.093     -0.200
64.7000      -29981.889   -29989.650        7.761   311.1     -0.219     -0.391     -0.290     -0.629     -0.303      0.573
64.7500      -29981.986   -29989.883        7.897   316.5     -1.197     -0.730     -0.459      0.216     -0.418     -0.266
64.8000      -29981.741   -29989.740        7.999   320.6     -0.743     -0.255     -0.795     -0.335      0.327     -0.057
64.8500      -29982.150   -29990.627        8.477   339.8     -0.883     -0.567     -0.673     -0.070      0.577      0.007
64.9000      -29982.636   -29990.408        7.773   311.6     -1.067     -2.016     -0.929      0.126     -0.059     -0.545
64.9500      -29982.704   -29990.566        7.862   315.1     -0.503     -0.219     -0.249     -0.377     -0.428      0.188
65.0000      -29983.288   -29990.650        7.362   295.1     -0.608     -0.197     -0.554      0.429     -0.580     -0.202
65.0500      -29982.955   -29990.832        7.877   315.8      0.827     -1.339     -0.686      0.129      0.221     -0.628
65.1000      -29983.125   -29990.506        7.381   295.9     -0.123      0.394     -0.587     -0.172      0.322      0.419
65.1500      -29983.189   -29990.781        7.592   304.3      0.060      0.203      0.046      0.243     -0.136     -0.291
65.2000      -29982.568   -29990.375        7.807   313.0     -0.075      0.280      0.365     -0.315     -0.222     -0.732
65.2500      -29982.630   -29990.762        8.132   325.9      0.163      0.329      0.554      0.720     -0.021      0.010
65.3000      -29982.856   -29990.770        7.914   317.2     -0.074     -1.106      0.117      0.182     -0.055     -0.060
65.3500      -29982.635   -29990.301        7.666   307.3     -0.664     -0.816     -0.303     -0.980      0.345      0.131
65.4000      -29982.714   -29990.529        7.815   313.3     -0.552     -0.187     -0.548      0.118      0.099     -0.694
65.4500      -29982.929   -29991.566        8.637   346.2     -0.174     -0.187     -0.581     -0.063     -0.289     -0.639
65.5000      -29982.827   -29990.791        7.964   319.2     -0.310     -0.064      0.419     -0.363      1.133      0.362
65.5500      -29982.805   -29991.080        8.275   331.7     -0.350      0.064     -0.165      0.462     -0.636     -0.196
65.6000      -29983.197   -29990.648        7.452   298.7     -0.158      0.197     -0.703     -0.323      0.669     -0.023
65.6500      -29983.221   -29991.236        8.015   321.3     -0.075      0.305     -0.177     -0.111     -0.772     -0.039
65.7000      -29982.674   -29990.982        8.308   333.0     -0.957     -1.177     -0.699     -0.145      0.028     -0.406
65.7500      -29982.528   -29990.602        8.074   323.6      0.124      0.449      0.301      0.407      0.117     -0.080
65.8000      -29982.352   -29990.553        8.201   328.7      0.132     -0.231      0.025     -0.423     -0.022     -0.358
65.8500      -29982.298   -29991.002        8.704   348.9     -0.421      0.277      0.395      0.183      0.262      0.308
65.9000      -29982.329   -29990.650        8.322   333.6     -0.827     -0.575     -1.069      0.240     -0.074      0.307
65.9500      -29982.068   -29990.436        8.367   335.4     -0.281     -1.015     -0.654     -0.000      0.282      0.068
66.0000      -29981.955   -29989.980        8.025   321.7     -0.013      0.091     -0.116     -0.017      0.052     -0.329
66.0500      -29981.894   -29989.578        7.684   308.0      0.109     -0.592      0.117     -0.336     -0.240     -0.458
66.1000      -29982.147   -29990.184        8.037   322.1     -1.123     -0.227      0.144     -0.785     -0.070      0.254
66.1500      -29981.879   -29990.148        8.270   331.5     -0.672     -0.275      0.053      0.390      0.155      0.356
66.2000      -29982.095   -29990.041        7.946   318.5      0.440     -0.748     -0.557     -0.135     -0.299      0.241
66.2500      -29981.576   -29990.238        8.662   347.2     -0.639     -0.028     -0.598      0.306     -0.138      0.240
66.3000      -29981.418   -29989.984        8.566   343.4     -0.734     -0.607      0.436     -0.182     -0.050      0.485
66.3500      -29981.403   -29990.039        8.636   346.2     -0.103     -0.116      0.234      0.239     -0.494     -0.151
66.4000      -29981.801   -29990.131        8.330   333.9     -1.437     -0.054      0.460      0.417      0.103      0.154
66.4500      -29982.161   -29990.139        7.978   319.8      0.225     -0.084     -0.043      0.036      0.502      0.369
66.5000      -29982.082   -29990.049        7.967   319.4     -1.333     -0.562     -0.724     -0.096      0.016      0.332
66.5500      -29982.073   -29990.354        8.280   331.9     -1.325      0.160     -0.423      0.560      0.182      0.292
66.6000      -29982.210   -29989.910        7.701   308.7     -0.184     -0.581     -0.522      0.070     -0.151      0.294
66.6500      -29981.839   -29989.840        8.001   320.7     -0.541     -0.404     -0.274      0.534     -0.047      0.119
66.7000      -29981.936   -29989.639        7.702   308.7     -0.380     -0.353     -0.669      0.210      0.298     -0.079
66.7500      -29982.222   -29990.387        8.165   327.3     -0.062     -0.313     -0.289     -0.002     -0.348      0.396
66.8000      -29981.813   -29989.881        8.068   323.4     -0.489      0.280      0.264      0.054      0.000     -0.259
66.8500      -29982.005   -29990.637        8.632   346.0     -0.391     -0.215      0.156      0.028      0.560     -0.533
66.9000      -29981.565   -29989.777        8.213   329.2      0.211      0.038      0.006      0.718     -0.015      0.139
66.9500      -29981.110   -29988.977        7.867   315.3     -0.432     -0.141      0.627      0.380      0.442      0.388
67.0000      -29981.150   -29988.900        7.750   310.7      0.188     -0.650     -0.155     -0.242     -0.136      0.041
67.0500      -29981.208   -29989.521        8.313   333.2      0.840      0.744      0.112      0.757      0.076      0.303
67.1000      -29981.103   -29989.781        8.678   347.9     -0.743     -0.922     -0.885      0.609      0.481     -0.384
67.1500      -29980.701   -29989.211        8.510   341.1     -0.883     -0.717     -1.100     -0.538      0.378      0.894
67.2000      -29980.555   -29989.240        8.686   348.2      0.893     -0.652      0.190      0.702     -0.382     -1.072
67.2500      -29980.156   -29988.998        8.842   354.4      0.063     -0.409      0.824      0.375      0.005      0.155
67.3000      -29979.946   -29988.814        8.868   355.5      0.391     -1.003     -0.766      0.564      0.147     -0.207
67.3500      -29979.452   -29989.258        9.806   393.1     -1.806     -1.363     -0.711     -0.393      0.097      0.861
67.4000      -29978.943   -29988.818        9.875   395.8     -1.198     -1.172     -1.019      0.291      0.497     -0.596
67.4500      -29979.226   -29988.385        9.159   367.1     -0.091     -0.478      0.652      0.341      0.123      1.045
67.5000      -29979.740   -29989.369        9.629   386.0     -0.803      0.547     -0.395     -0.192     -0.000      0.005
67.5500      -29979.755   -29988.922        9.167   367.5     -0.102     -0.174      0.032     -0.152      0.187      0.055
67.6000      -29979.971   -29988.416        8.445   338.5     -1.191     -0.117     -0.550      0.381      0.458      0.247
67.6500      -29980.850   -29988.957        8.107   325.0     -0.870      0.189     -0.373      0.107      0.016      0.206
67.7000      -29980.409   -29988.715        8.305   332.9      0.846      0.204      0.485      0.366     -0.113     -0.544
67.7500      -29980.642   -29989.461        8.819   353.5     -0.858     -0.156     -0.215      0.160      0.342     -0.461
67.8000      -29980.577   -29989.193        8.617   345.4     -0.829     -0.474     -0.624      0.020     -0.913     -0.273
67.8500      -29981.198   -29989.475        8.276   331.8     -0.305     -1.100     -0.812     -0.323     -0.083      0.342
67.9000      -29981.495   -29989.246        7.752   310.7      0.044     -0.066      0.440      0.146     -0.245      0.323
67.9500      -29980.980   -29988.906        7.926   317.7     -0.632     -0.682      0.603     -0.352      0.122     -0.676
68.0000      -29980.953   -29989.049        8.096   324.5     -1.304     -1.345     -1.803     -0.599     -0.005      0.171
68.0500      -29980.972   -29989.064        8.092   324.4     -0.342     -0.311     -0.068      0.082      0.052      0.372
68.1000      -29980.518   -29988.953        8.435   338.1      0.232      0.544      0.281      0.202     -0.028      0.257
68.1500      -29980.207   -29988.588        8.381   335.9     -0.609     -1.515      0.474      0.071     -0.085      0.079
68.2000      -29979.918   -29989.359        9.442   378.5      0.054     -0.065     -0.915      0.376      0.288      0.123
68.2500      -29979.795   -29988.402        8.607   345.0     -0.695     -0.953     -0.869      0.059     -0.061     -0.157
68.3000      -29979.826   -29988.402        8.576   343.8      0.084     -0.731     -0.483      0.002      0.381      0.114
68.3500      -29979.863   -29988.713        8.850   354.8     -0.350     -0.330     -0.019      0.187      0.040      0.129
68.4000      -29980.399   -29988.760        8.361   335.1      0.595      0.238     -0.187      0.193     -0.455     -0.435
68.4500      -29980.322   -29988.740        8.418   337.4     -0.220     -0.565      0.817     -0.324      0.510     -0.224
68.5000      -29980.870   -29988.764        7.894   316.4     -0.221     -0.332      0.744      0.586      0.515      0.235
68.5500      -29980.634   -29988.879        8.245   330.5      0.597     -0.537     -1.233     -0.181     -0.001      0.003
68.6000      -29980.549   -29988.697        8.148   326.6      0.087     -0.279      0.072      0.649     -0.058      0.077
68.6500      -29980.641   -29988.895        8.253   330.8     -0.486      0.283     -0.552      0.255      0.184      0.289
68.7000      -29980.771   -29988.719        7.948   318.6     -0.861     -0.848     -0.096     -0.105     -0.185      0.296
68.7500      -29981.099   -29988.846        7.747   310.5     -0.652     -0.520      0.168      0.062      0.625      0.122
68.8000      -29981.444   -29989.023        7.580   303.8     -0.546      0.263      0.623     -0.481     -0.093      0.248
68.8500      -29981.868   -29989.283        7.416   297.2      0.087      0.799      0.362      0.290     -0.025     -0.481
68.9000      -29981.522   -29989.775        8.253   330.8      0.816      0.945      0.444     -0.482      0.281      0.347
68.9500      -29981.591   -29989.668        8.077   323.8     -0.241      0.648     -0.016     -0.182     -0.175     -0.353
69.0000      -29981.482   -29989.086        7.604   304.8     -0.327     -0.840      0.081      0.128      0.234      0.207
69.0500      -29981.730   -29989.920        8.190   328.3     -0.254     -0.377     -0.363      0.079      0.201     -0.157
69.1000      -29981.266   -29988.818        7.552   302.7      0.035     -0.109     -0.341     -0.384      0.280     -0.125
69.1500      -29981.452   -29989.438        7.985   320.1     -0.259     -0.523     -0.330      0.001      0.095     -0.445
69.2000      -29981.422   -29988.828        7.406   296.9     -0.550      0.336     -0.165     -0.386      0.512      0.423
69.2500      -29981.523   -29989.352        7.828   313.8     -0.615      0.056     -0.516     -0.112     -0.039      0.038
69.3000      -29981.398   -29989.252        7.854   314.8      0.496      0.385      0.828     -0.314     -0.514      0.106
69.3500      -29981.437   -29988.988        7.551   302.7      0.325      0.149     -0.393     -0.028     -0.449      0.496
69.4000      -29981.701   -29989.967        8.266   331.3     -0.496     -0.496      0.307      0.039      0.171     -0.445
69.4500      -29981.649   -29989.568        7.920   317.5     -0.208     -0.325     -0.800      0.336     -0.232      0.174
69.5000      -29981.777   -29989.768        7.991   320.3     -0.231     -0.738     -0.039      0.630     -0.295     -0.030
69.5500      -29981.657   -29989.646        7.990   320.3     -0.250     -0.485     -0.634     -0.305     -0.115      0.238
69.6000      -29981.513   -29989.650        8.137   326.2     -0.119     -0.438     -0.314     -0.108      0.162      0.668
69.6500      -29981.346   -29989.406        8.060   323.1     -1.103     -0.046     -0.035      0.428      0.056     -0.297
69.7000      -29982.178   -29989.873        7.695   308.5      0.075      0.436     -0.168      0.253     -0.095      0.201
69.7500      -29981.937   -29990.143        8.206   328.9     -0.132      0.010     -0.890     -0.085     -0.602      0.291
69.8000      -29981.740   -29989.820        8.080   323.9      0.328     -0.024     -0.374     -0.051      0.565     -0.108
69.8500      -29981.989   -29989.971        7.982   320.0      0.169     -0.446     -0.273      0.026     -0.320     -0.133
69.9000      -29981.528   -29989.904        8.376   335.7      0.162     -0.733     -0.809      0.049      0.141     -0.189
69.9500      -29981.838   -29988.980        7.142   286.3     -0.597     -0.802     -0.403     -0.128      0.258      0.232
70.0000      -29981.670   -29989.475        7.805   312.9     -0.629     -0.304     -1.365     -0.228      0.075      0.044
70.0500      -29981.536   -29989.928        8.391   336.4      0.445     -0.836     -0.964     -0.095      0.401     -0.415
70.1000      -29981.309   -29989.938        8.629   345.9      0.008     -0.590     -0.513     -0.134     -0.249      0.268
70.1500      -29981.388   -29989.271        7.883   316.0     -1.136     -1.185      0.259      0.149      0.280     -0.297
70.2000      -29981.021   -29989.059        8.038   322.2      0.144      0.744     -0.465      0.038     -0.283      0.124
70.2500      -29980.945   -29989.465        8.519   341.5     -0.798     -1.664      0.288     -0.149     -0.027     -0.155
70.3000      -29981.119   -29989.889        8.769   351.5     -0.610      0.786     -0.277      0.209     -0.398     -0.078
70.3500      -29981.423   -29989.525        8.103   324.8      0.447     -0.123      0.234      0.109     -0.548      0.160
70.4000      -29981.533   -29989.170        7.637   306.1      0.665      1.381      0.432      0.099     -0.062     -0.625
70.4500      -29981.475   -29989.572        8.097   324.6     -0.003      0.640      0.125      0.152      0.219     -0.099
70.5000      -29981.618   -29990.066        8.448   338.6      0.408     -0.600     -0.173      0.184      0.469      0.087
70.5500      -29981.437   -29989.670        8.233   330.0      0.314      0.659     -0.059      0.044     -0.250     -0.432
70.6000      -29981.235   -29989.316        8.082   324.0     -0.528     -0.826     -0.342     -0.214      0.491     -0.436
70.6500      -29981.327   -29989.145        7.817   313.4      0.339      0.187     -0.402      0.408     -0.087      0.321
70.7000      -29980.785   -29988.578        7.793   312.4     -0.674     -0.595      0.938      0.220     -0.176     -0.561
70.7500      -29981.110   -29988.920        7.810   313.0     -0.564     -0.012     -0.778     -0.295      0.408      0.165
70.8000      -29981.138   -29989.412        8.275   331.7      0.434      0.311     -0.013      0.195      0.095     -0.028
70.8500      -29981.146   -29989.102        7.956   318.9     -0.366      0.832     -0.279     -0.116     -0.484      0.124
70.9000      -29980.855   -29989.207        8.352   334.8     -0.289     -0.204     -0.806      0.504     -0.268     -0.374
70.9500      -29980.395   -29989.609        9.214   369.3     -0.914     -0.872     -0.201      0.053      0.038     -0.532
71.0000      -29979.946   -29988.652        8.707   349.0     -0.341     -0.533     -0.617      0.546     -0.385      0.364
71.0500      -29979.772   -29988.596        8.823   353.7     -0.967     -0.121     -0.664     -0.334      0.198     -0.191
71.1000      -29979.307   -29987.971        8.663   347.3     -0.520     -0.500     -0.015      0.057      0.005     -0.006
71.1500      -29979.533   -29988.238        8.705   348.9     -0.186      0.637     -0.220      0.111     -0.239     -0.083
71.2000      -29980.207   -29989.090        8.883   356.1     -0.232      0.479      0.353     -0.224     -0.015     -0.085
71.2500      -29980.333   -29988.549        8.216   329.3     -0.217     -0.108      0.649      0.087     -0.229      0.525
71.3000      -29980.010   -29988.359        8.350   334.7     -0.085      0.289     -0.146     -0.724      0.596      0.295
71.3500      -29979.875   -29988.584        8.709   349.1     -0.044      0.701     -0.171     -0.032     -0.524     -0.986
71.4000      -29979.618   -29988.518        8.900   356.7     -0.796     -1.126     -0.602     -0.432      0.579     -0.158
71.4500      -29980.273   -29988.045        7.772   311.5     -0.705     -0.491     -1.349      0.617      0.380      0.582
71.5000      -29980.494   -29988.691        8.198   328.6     -0.623      0.039     -0.660     -0.056      0.375      0.065
71.5500      -29980.184   -29988.721        8.537   342.2      0.994      0.273     -0.600     -0.250      0.067      0.307
71.6000      -29980.335   -29988.811        8.475   339.7      1.488     -0.155      0.548      0.066      0.128     -0.217
71.6500      -29979.686   -29988.217        8.530   341.9      0.135      0.537     -0.590     -0.077     -0.228      0.283
71.7000      -29979.695   -29987.754        8.059   323.0      0.018      0.014     -0.154      0.038     -0.312      0.121
71.7500      -29979.341   -29987.902        8.561   343.2      0.129     -0.106     -0.919      0.707     -0.207      0.586
71.8000      -29979.435   -29987.887        8.451   338.8     -0.338     -0.443      0.445      0.063      0.582      0.357
71.8500      -29978.485   -29987.137        8.652   346.8      0.352      0.356      0.284     -0.140     -0.518      0.858
71.9000      -29978.626   -29987.758        9.132   366.0     -0.854     -0.737     -0.359      0.066      0.569     -0.032
71.9500      -29978.666   -29987.219        8.553   342.8     -0.027     -0.141     -0.508     -0.355     -1.034      0.129
72.0000      -29979.063   -29987.385        8.322   333.6      0.120     -0.031     -0.117     -0.195     -0.629     -0.057
72.0500      -29979.111   -29987.748        8.637   346.2     -0.105      0.470     -0.274      0.197      0.065     -0.120
72.1000      -29979.653   -29988.330        8.677   347.8      0.108      0.137     -0.810      1.132      0.340     -0.124
72.1500      -29979.381   -29988.525        9.145   366.6     -0.653      0.371     -0.263     -0.415      0.192     -0.249
72.2000      -29979.278   -29988.176        8.897   356.6      0.083     -0.683     -0.476      0.083     -0.340     -0.240
72.2500      -29979.572   -29989.115        9.543   382.5      0.280     -0.177      0.516      0.167      0.174      0.121
72.3000      -29979.936   -29987.711        7.775   311.7      0.174     -0.267      0.311     -0.100     -0.041      0.177
72.3500      -29980.291   -29988.480        8.189   328.3      0.297     -0.411     -0.971     -0.160      0.237      0.233
72.4000      -29979.954   -29988.172        8.218   329.4     -0.136      0.874      0.451     -0.070     -0.020     -0.026
72.4500      -29980.427   -29988.672        8.245   330.5     -0.047     -0.393     -0.788     -0.090     -0.331      0.284
72.5000      -29980.423   -29988.643        8.219   329.5     -0.486     -0.645     -0.202      0.351      0.087      0.153
72.5500      -29981.056   -29989.322        8.266   331.4      1.027      0.415     -0.189      0.014      0.367     -0.203
72.6000      -29981.017   -29988.688        7.670   307.5     -0.705     -0.999     -1.362      0.083     -0.077      0.224
72.6500      -29981.113   -29989.004        7.891   316.3      0.016     -0.417     -0.332      0.388      0.013      0.544
72.7000      -29980.450   -29988.596        8.145   326.5      0.101      1.392      0.716     -0.358      0.105     -0.700
72.7500      -29979.934   -29988.473        8.539   342.3      0.190      0.018     -0.573     -0.572      0.209      0.475
72.8000      -29980.088   -29987.943        7.855   314.9      0.169     -0.624     -0.556     -0.083     -0.019      0.054
72.8500      -29980.871   -29988.600        7.728   309.8     -0.846      0.753     -0.448      0.029     -0.434      0.191
72.9000      -29980.606   -29989.023        8.417   337.4     -0.142     -1.751     -0.565      0.073      0.177     -0.244
72.9500      -29980.570   -29988.299        7.729   309.8     -0.763     -0.173     -1.253     -0.327      0.343      0.101
73.0000      -29980.722   -29988.959        8.237   330.2      0.288     -0.179     -0.061     -0.188      0.287     -0.116
73.0500      -29981.128   -29989.047        7.919   317.4      0.290      0.289     -0.681      0.036      0.229      0.327
73.1000      -29980.650   -29988.906        8.256   331.0      0.182     -0.516     -0.578      0.160      0.297     -0.159
73.1500      -29980.121   -29988.830        8.709   349.1      0.455     -0.008      0.574     -0.200     -0.226      0.342
73.2000      -29980.147   -29989.014        8.866   355.4      1.027     -0.312     -0.078      0.259     -0.038     -0.216
73.2500      -29980.462   -29989.357        8.896   356.6      0.197     -0.650     -0.205      0.068      0.154     -0.191
73.3000      -29980.203   -29988.154        7.951   318.7     -0.185     -0.990      0.428     -0.256      0.164     -0.018
73.3500      -29980.759   -29988.779        8.020   321.5      1.434     -0.110     -0.341     -0.021      0.322      0.140
73.4000      -29980.390   -29988.883        8.493   340.4     -0.758      0.277     -0.711     -0.373      0.105      0.456
73.4500      -29980.496   -29988.795        8.299   332.7     -0.390      0.315      0.016     -0.023     -0.318      0.133
73.5000      -29980.429   -29988.967        8.538   342.2     -0.525     -0.162     -0.715      0.269     -0.171     -0.322
73.5500      -29980.362   -29988.850        8.488   340.2      0.280     -0.644      0.140     -0.107      0.201     -0.041
73.6000      -29980.408   -29988.879        8.471   339.6      0.122     -0.161     -0.990     -0.375      0.156     -0.213
73.6500      -29980.784   -29988.877        8.093   324.4      1.294      0.587      0.666     -0.140      0.118     -0.026
73.7000      -29980.716   -29988.732        8.016   321.3     -0.688     -0.221      0.410     -0.191      0.075     -0.138
73.7500      -29980.478   -29988.764        8.286   332.1      0.710      0.125      0.749      0.497     -0.139      0.221
73.8000      -29980.573   -29988.455        7.882   315.9     -1.481     -0.353     -0.555      0.636      0.188     -0.017
73.8500      -29980.441   -29988.859        8.418   337.4     -0.609      0.031     -0.083     -0.192     -0.578     -0.050
73.9000      -29980.367   -29988.734        8.367   335.4     -0.756     -1.025     -0.645     -0.224     -0.536      0.199
73.9500      -29980.679   -29988.844        8.165   327.3     -0.595     -1.362     -0.688      0.041      0.368     -0.468
74.0000      -29980.628   -29989.021        8.394   336.5     -0.721     -0.104      0.246      0.233      0.433      0.150
74.0500      -29980.569   -29989.135        8.566   343.4     -0.264     -1.061     -0.899     -0.428     -0.266      0.024
74.1000      -29980.416   -29989.107        8.691   348.4     -0.128     -0.519     -0.671      0.037      0.654     -0.330
74.1500      -29981.113   -29989.170        8.057   322.9     -1.027     -0.273      0.126     -0.226     -0.351      0.125
74.2000      -29981.029   -29988.389        7.359   295.0      0.731      0.165      0.032     -0.396      0.195     -0.066
74.2500      -29981.097   -29989.148        8.051   322.7      0.434      0.032      0.386     -0.094      0.188     -0.107
74.3000      -29981.252   -29989.562        8.311   333.1      0.187      0.576     -0.203     -0.085      0.664      0.303
74.3500      -29981.147   -29990.076        8.929   357.9      0.414     -0.282      0.073     -0.339      0.195     -0.137
74.4000      -29981.295   -29989.234        7.939   318.2     -0.403      0.294     -1.189     -0.330      0.088     -0.238
74.4500      -29981.435   -29989.348        7.913   317.2     -0.552     -0.516     -0.445      0.210      0.195      0.114
74.5000      -29981.566   -29989.678        8.112   325.2     -0.114      0.339      0.465      0.386      0.004     -0.066
74.5500      -29981.545   -29989.258        7.713   309.2      0.370     -1.154     -0.531     -0.404      0.468      0.200
74.6000      -29981.124   -29989.414        8.290   332.3      0.315     -0.728      0.066     -0.787      0.341      0.203
74.6500      -29981.333   -29989.824        8.492   340.4     -1.121      0.044     -0.059     -0.010      0.130      0.563
74.7000      -29982.163   -29989.736        7.573   303.6      0.817     -0.758     -0.505      0.007     -0.009     -0.313
74.7500      -29981.307   -29989.400        8.093   324.4     -0.517     -0.192     -0.372     -0.333     -0.134      0.234
74.8000      -29981.228   -29989.475        8.246   330.6     -0.798     -1.774     -0.813      0.355     -0.478     -0.035
74.8500      -29981.566   -29989.186        7.620   305.4     -0.066      0.837     -1.591     -0.372      0.582      0.482
74.9000      -29981.196   -29989.549        8.352   334.8      0.127      0.154      0.093     -0.335      0.282      0.246
74.9500      -29981.178   -29989.607        8.430   337.9     -0.031      0.164      0.335     -0.805      0.114      0.373
75.0000      -29980.468   -29989.609        9.141   366.4      0.052      0.795     -0.269     -0.253     -0.153      0.141
75.0500      -29980.287   -29988.826        8.539   342.3     -1.031     -0.752     -0.558     -0.371     -0.393     -0.795
75.1000      -29980.614   -29989.049        8.434   338.1     -1.310      0.062     -0.699      0.517     -0.456      0.213
75.1500      -29980.721   -29989.377        8.656   347.0     -0.235      0.122      0.781      0.104     -0.699     -0.730
75.2000      -29980.564   -29989.057        8.493   340.4      0.520      0.233     -0.188      0.305      0.552     -0.136
75.2500      -29980.181   -29989.428        9.246   370.6      0.310      0.174      0.501     -0.240     -0.508     -0.248
75.3000      -29980.165   -29989.336        9.171   367.6     -0.376     -0.156     -1.038      0.389     -0.187      0.086
75.3500      -29980.310   -29989.299        8.989   360.3      0.162     -0.392     -0.468     -0.017     -0.318      0.585
75.4000      -29980.763   -29988.777        8.015   321.3     -0.093      0.662      0.116     -0.251      0.776      0.126
75.4500      -29980.521   -29989.416        8.895   356.5      0.527      0.474     -0.227     -0.221     -0.776     -0.103
75.5000      -29981.224   -29989.422        8.198   328.6     -0.060     -0.204     -0.075      0.394      0.224      0.246
75.5500      -29980.945   -29989.609        8.664   347.3     -0.189      0.272      0.507     -0.120      0.119      0.390
75.6000      -29980.767   -29989.227        8.460   339.1     -0.157     -0.124     -0.674      0.033      0.055      0.040
75.6500      -29980.701   -29989.094        8.393   336.4     -0.426     -0.320     -0.347     -0.618     -0.123      0.019
75.7000      -29980.503   -29988.547        8.044   322.4     -0.763     -0.500     -0.645      0.105     -0.084      0.834
75.7500      -29980.607   -29988.812        8.205   328.9     -0.263      0.170     -0.914      0.136     -0.094      0.038
75.8000      -29980.946   -29989.174        8.228   329.8     -0.523     -0.438     -0.481      0.193     -0.716      0.544
75.8500      -29981.136   -29989.211        8.075   323.7     -0.287     -0.876      1.107     -0.123      0.027     -0.474
75.9000      -29980.614   -29988.891        8.277   331.8     -0.444     -1.265     -0.137     -0.297      0.224      0.103
75.9500      -29980.215   -29988.139        7.924   317.6      0.172      0.412      0.196      0.042     -0.157     -0.345
76.0000      -29980.153   -29987.938        7.785   312.0      0.172      0.717     -0.268      0.214     -0.176      0.026
76.0500      -29980.287   -29988.609        8.322   333.6      0.040     -0.136     -0.919      0.109      0.168      0.007
76.1000      -29979.928   -29988.553        8.625   345.7     -0.613      0.014     -0.443      0.170     -0.196     -0.412
76.1500      -29980.452   -29988.637        8.185   328.1      0.096     -0.536     -0.390      0.099      0.246     -0.195
76.2000      -29980.670   -29988.928        8.258   331.0     -0.293      0.187      0.553     -0.473     -0.418      0.755
76.2500      -29980.850   -29988.811        7.961   319.1     -0.850      0.493      0.299      0.214      0.268     -0.297
76.3000      -29980.565   -29989.850        9.285   372.2     -0.902     -0.659     -0.832      0.394     -0.213     -0.434
76.3500      -29980.895   -29989.152        8.257   331.0     -0.682     -1.054      0.586     -0.303     -0.335     -0.528
76.4000      -29980.860   -29988.965        8.105   324.9      0.568      0.740      0.175     -0.183     -0.212      0.357
76.4500      -29981.120   -29989.502        8.382   336.0     -0.362      0.171     -1.080     -0.004     -0.493     -0.130
76.5000      -29981.188   -29988.551        7.363   295.1     -0.629     -1.420      0.117      0.103      0.071     -0.359
76.5500      -29981.442   -29989.629        8.187   328.2     -0.216      0.076     -1.063      0.159     -0.342     -0.688
76.6000      -29981.452   -29989.760        8.308   333.0     -0.932     -0.967      0.256      0.429      0.312     -0.208
76.6500      -29981.362   -29989.666        8.304   332.8      0.065      0.368      0.003     -0.178      0.043     -0.091
76.7000      -29981.146   -29989.133        7.987   320.2      0.994      0.261      1.211      0.004     -0.015     -0.608
76.7500      -29981.493   -29989.053        7.560   303.0      0.070      0.413     -0.985     -0.090     -0.042      0.326
76.8000      -29981.421   -29989.730        8.309   333.1     -0.424      0.091      0.003      0.183     -0.324     -0.143
76.8500      -29980.754   -29989.025        8.272   331.6     -0.544     -0.242      0.070      0.153     -0.142      0.061
76.9000      -29979.948   -29989.143        9.194   368.5     -0.347     -0.885     -0.096     -0.322      0.017     -0.296
76.9500      -29980.551   -29989.594        9.043   362.5     -0.833     -0.100     -0.581     -0.230     -0.380      0.502
77.0000      -29980.747   -29989.465        8.718   349.5      0.006      0.449      0.261      0.116     -0.026      0.067
77.0500      -29980.779   -29989.262        8.483   340.0      0.747     -0.599      0.704      0.437      0.311     -0.764
77.1000      -29980.783   -29988.982        8.199   328.7      0.469     -1.096      0.714      0.508      0.079      1.064
77.1500      -29980.670   -29989.883        9.213   369.3      0.022      0.051     -0.100     -0.387     -0.064     -0.190
77.2000      -29980.479   -29989.238        8.759   351.1     -0.975     -0.148     -0.441     -0.057      0.046      0.385
77.2500      -29980.100   -29989.029        8.930   357.9     -0.433      0.428     -0.283      0.693     -0.388     -0.389
77.3000      -29980.049   -29988.236        8.188   328.2     -0.657     -0.779      0.799     -0.330     -0.100     -0.133
77.3500      -29980.271   -29989.012        8.741   350.4      1.177     -0.103     -0.317      0.273      0.157      0.209
77.4000      -29980.246   -29988.555        8.309   333.1     -0.437     -0.349     -0.079      0.043     -0.565     -0.152
77.4500      -29979.424   -29988.365        8.941   358.4      0.474     -0.208     -0.650      0.146      0.344      0.107
77.5000      -29979.252   -29988.480        9.229   369.9     -0.051      0.040     -0.110     -0.419     -0.263      0.136
77.5500      -29979.925   -29988.354        8.429   337.9     -0.636     -0.290      0.134      0.398      0.099     -0.416
77.6000      -29979.748   -29988.754        9.006   361.0     -0.096      0.478     -1.140     -0.088     -0.334      0.276
77.6500      -29980.110   -29988.570        8.460   339.1      0.644      0.594     -0.160      0.309      0.134     -0.385
77.7000      -29979.714   -29988.566        8.853   354.9     -0.601      0.221      0.403     -0.255      0.056      0.074
77.7500      -29979.766   -29987.859        8.094   324.4     -0.776     -0.112     -0.623      0.541      0.303     -0.057
77.8000      -29979.617   -29987.838        8.221   329.5     -0.701     -0.171     -0.850      0.192     -0.364     -0.024
77.8500      -29979.692   -29988.812        9.121   365.6     -0.197     -0.279      0.197      0.132      0.090      0.064
77.9000      -29980.057   -29987.982        7.926   317.7      0.631      0.384      0.464      0.222     -0.334      0.044
77.9500      -29979.748   -29988.115        8.368   335.4      0.079     -0.073      0.755      0.096     -0.673     -0.110
78.0000      -29979.622   -29988.098        8.475   339.7     -0.331     -0.732      1.387      0.104     -0.178     -0.067
78.0500      -29979.617   -29988.285        8.668   347.5     -1.052     -0.467     -0.625     -0.335     -0.587     -0.270
78.1000      -29979.361   -29987.764        8.403   336.8     -0.272     -0.086      0.209      0.044      0.582      0.151
78.1500      -29979.052   -29988.109        9.057   363.1      0.252      0.963     -0.274     -0.183     -0.142     -0.125
78.2000      -29978.868   -29988.648        9.781   392.1      0.585      0.418      0.087     -0.219     -0.352     -0.348
78.2500      -29978.695   -29988.775       10.081   404.1     -0.514      0.284     -0.486      0.013     -0.220     -0.212
78.3000      -29978.454   -29988.127        9.673   387.7     -0.220     -0.657     -0.224      0.296      0.381      0.055
78.3500      -29978.810   -29988.291        9.481   380.0     -0.884     -0.279      0.574      0.714      0.007      0.001
78.4000      -29979.664   -29988.475        8.811   353.2     -0.156     -0.621     -0.514     -0.591      0.485      0.021
78.4500      -29980.411   -29988.881        8.470   339.5      0.391      0.142     -0.179     -0.155     -0.229      0.272
78.5000      -29980.312   -29989.637        9.325   373.8      0.280     -0.540      0.019     -0.298      0.105     -0.141
78.5500      -29980.708   -29989.033        8.325   333.7     -0.628     -0.170      0.168      0.028     -0.778     -0.246
78.6000      -29980.625   -29989.025        8.401   336.7      0.033     -0.783     -0.238      1.026     -0.194      0.124
78.6500      -29980.787   -29988.699        7.912   317.2     -0.046     -0.039      0.357     -0.116      0.042      0.123
78.7000      -29980.655   -29988.404        7.750   310.6      0.666     -0.342     -0.657      0.230     -0.320     -0.015
78.7500      -29980.420   -29989.078        8.658   347.1     -0.148      0.567     -0.012      0.597     -0.174      0.427
78.8000      -29980.231   -29988.717        8.486   340.1     -0.116     -0.635      0.511      0.718      0.262     -0.087
78.8500      -29980.006   -29988.143        8.137   326.1      0.618      0.137     -0.059      0.152      0.207     -0.983
78.9000      -29980.073   -29988.680        8.607   345.0     -0.092     -0.095      0.039      0.051     -0.399     -0.289
78.9500      -29980.085   -29988.883        8.798   352.7     -0.858     -0.224     -0.320     -0.200      0.353     -0.157
79.0000      -29980.043   -29987.900        7.857   315.0     -0.335     -0.557     -0.414      0.353      0.099      0.170
79.0500      -29979.810   -29988.654        8.844   354.5      0.871     -0.531     -0.652      0.487     -0.439      0.060
79.1000      -29980.160   -29988.988        8.828   353.9     -0.394      0.276      0.062     -0.907      0.361     -0.510
79.1500      -29980.836   -29989.631        8.794   352.5      0.705      0.612     -0.041     -0.673      0.516      0.109
79.2000      -29980.946   -29989.061        8.114   325.2     -0.079     -0.426      0.042      0.080     -0.090     -0.364
79.2500      -29980.989   -29989.312        8.324   333.6     -0.112     -0.685     -0.360      0.443      0.428      0.343
79.3000      -29980.943   -29989.387        8.444   338.5     -0.690     -0.628     -0.827     -0.139      0.010      0.437
79.3500      -29980.615   -29988.611        7.997   320.5     -0.347      0.236     -0.312      0.146      0.185      0.065
79.4000      -29980.309   -29988.979        8.670   347.5     -0.539     -1.018      1.207      0.066     -0.239     -0.507
79.4500      -29980.619   -29988.795        8.176   327.7     -0.665     -0.038     -0.214      0.057     -0.400     -0.031
79.5000      -29980.695   -29988.588        7.893   316.4      0.493      0.035     -0.806      0.275      0.047     -0.153
79.5500      -29981.090   -29989.463        8.373   335.6     -0.590      0.443     -0.044      0.309     -0.066     -0.681
79.6000      -29981.163   -29989.893        8.730   349.9     -0.559     -0.382      0.611     -0.541      0.611      0.389
79.6500      -29980.522   -29989.240        8.718   349.4     -0.653      0.216     -0.447      0.017      0.237      0.201
79.7000      -29980.994   -29989.732        8.739   350.3      0.140      0.358      0.001      0.819     -0.624     -0.224
79.7500      -29981.423   -29990.344        8.921   357.6     -0.081     -0.264      0.121     -0.047     -0.071     -0.079
79.8000      -29981.426   -29989.838        8.412   337.2     -0.543     -0.645     -0.745     -0.124     -0.577      0.070
79.8500      -29981.845   -29989.637        7.792   312.3     -0.263     -0.504     -1.433      0.208     -0.294     -0.756
79.9000      -29981.125   -29989.471        8.346   334.5      0.136      0.595      0.566     -0.074     -0.012     -0.695
79.9500      -29981.510   -29989.613        8.103   324.8     -0.327     -0.275      0.232     -0.497     -0.200     -0.058
80.0000      -29981.519   -29989.281        7.762   311.2      0.743      1.118      0.456      0.006      0.251     -0.516
