Time[ps]      Etot[eV]     Epot[eV]     Ekin[eV]    T[K]      ---------------------- stress [GPa] -----------------------
0.0000       -29980.201   -29988.295        8.094   324.4     -0.958      0.081      0.141      0.039     -0.016      0.291
0.0500       -29979.929   -29988.402        8.473   339.6     -0.536      0.262     -0.329     -0.184     -0.235     -0.347
0.1000       -29979.740   -29987.641        7.900   316.7     -0.661     -0.787     -0.932      0.171      0.176      0.119
0.1500       -29979.459   -29987.186        7.726   309.7      0.975      1.147      0.969     -0.260      0.171     -0.308
0.2000       -29979.522   -29988.230        8.708   349.1      0.087      0.277      0.166     -0.242      0.092      0.262
0.2500       -29979.693   -29987.420        7.727   309.7     -0.237     -0.323      0.249      0.353     -0.018     -0.877
0.3000       -29979.079   -29987.266        8.187   328.2      0.260      0.719      0.612      0.562     -0.041      0.244
0.3500       -29979.210   -29987.551        8.340   334.3     -0.673      0.621      0.067     -0.421     -0.321      0.222
0.4000       -29979.279   -29987.578        8.299   332.7      0.262      0.239      0.212      0.200      0.091     -0.294
0.4500       -29979.052   -29987.748        8.696   348.6     -0.946     -0.279     -0.447     -0.190     -0.166      0.335
0.5000       -29979.054   -29987.883        8.829   353.9     -0.610      0.339      0.249     -0.095     -0.436     -0.708
0.5500       -29979.135   -29987.943        8.808   353.1      0.104      0.291     -0.490      0.258      0.141     -0.756
0.6000       -29979.394   -29988.098        8.704   348.9      0.030      1.155      0.207     -0.026     -0.232      0.067
0.6500       -29979.490   -29987.342        7.852   314.7     -0.720      0.548     -0.599     -0.107      0.089     -0.286
0.7000       -29979.561   -29988.730        9.170   367.6      1.111      0.156      0.472      0.093      0.194     -0.434
0.7500       -29979.962   -29988.238        8.276   331.8      0.422      0.419      0.612     -0.093     -0.700     -0.322
0.8000       -29980.136   -29988.938        8.802   352.8      0.177     -0.228     -0.751     -0.476      0.209     -0.169
0.8500       -29980.657   -29989.039        8.382   336.0     -0.542     -0.454     -0.048      0.123      0.500     -0.226
0.9000       -29981.301   -29988.771        7.471   299.5     -0.073     -0.588      0.253      0.213      0.099      0.449
0.9500       -29980.786   -29988.938        8.152   326.8     -1.702     -0.953     -0.619      0.217     -0.185      0.597
1.0000       -29980.738   -29989.721        8.983   360.1      0.252      0.099      0.634     -0.497      0.385     -0.049
1.0500       -29980.995   -29988.568        7.574   303.6     -0.326      0.035      0.307     -0.272      0.196      0.132
1.1000       -29980.866   -29989.414        8.548   342.7     -0.848      0.192     -1.296      0.355     -0.657      0.502
1.1500       -29980.528   -29989.232        8.705   348.9     -0.587     -0.606     -0.092      0.113     -0.218     -0.087
1.2000       -29981.021   -29989.256        8.235   330.1      0.295     -0.420      0.267     -0.411     -0.092      0.268
1.2500       -29981.269   -29988.988        7.719   309.4     -1.104     -0.911     -0.683      0.021     -0.441     -0.162
1.3000       -29981.005   -29989.309        8.303   332.8     -0.612      0.012     -0.695     -0.256      0.507      0.671
1.3500       -29981.078   -29989.781        8.703   348.9      0.149     -0.321     -0.218      0.135     -0.439     -0.119
1.4000       -29981.841   -29990.293        8.452   338.8     -0.346     -0.437      0.068     -0.438     -0.085      0.323
1.4500       -29981.906   -29989.811        7.904   316.8     -0.092     -1.395     -0.803      0.033     -0.423      0.070
1.5000       -29981.775   -29989.877        8.102   324.8     -0.656      0.096     -0.353      0.333     -0.034      0.098
1.5500       -29981.759   -29989.553        7.794   312.4     -1.053     -0.102      0.208     -0.272     -0.174      0.108
1.6000       -29981.833   -29989.445        7.613   305.2     -0.443     -0.569     -0.383     -0.088     -0.198      0.399
1.6500       -29981.629   -29989.680        8.051   322.7     -0.678     -0.190     -0.196     -0.074     -0.073     -0.360
1.7000       -29981.329   -29989.908        8.579   343.9     -0.102      0.648      0.449     -0.099     -0.106     -0.439
1.7500       -29981.299   -29990.100        8.800   352.8     -0.805      0.146     -0.037      0.163     -0.040      0.111
1.8000       -29981.652   -29989.076        7.425   297.6     -0.263     -0.068     -0.702     -0.477      0.031     -0.350
1.8500       -29981.999   -29990.023        8.025   321.7      0.345      0.264     -0.117     -0.335      0.773     -0.383
1.9000       -29982.173   -29989.566        7.393   296.4     -0.500      0.454      0.529     -0.557     -0.745     -0.096
1.9500       -29981.922   -29989.730        7.809   313.0      0.258      0.070      0.199     -0.033      0.400      0.069
2.0000       -29981.950   -29989.732        7.782   312.0     -0.522     -0.594      0.633     -0.173     -0.147     -0.124
2.0500       -29981.697   -29989.732        8.036   322.1      0.006     -0.047     -0.933     -0.553      0.465     -0.000
2.1000       -29981.200   -29989.402        8.202   328.8     -0.214     -0.619     -0.074      0.537      0.454     -0.399
2.1500       -29981.045   -29989.914        8.869   355.5     -0.312      0.093     -0.490     -0.174     -0.096      0.052
2.2000       -29980.838   -29988.793        7.955   318.9     -1.121     -0.578     -0.014      0.689     -0.558     -0.153
2.2500       -29980.757   -29989.160        8.403   336.8     -0.732      0.305     -0.464     -0.134      0.053      0.211
2.3000       -29980.293   -29988.992        8.699   348.7     -0.445     -0.697     -0.461     -0.127     -0.204      0.386
2.3500       -29979.738   -29988.670        8.932   358.0     -0.266      0.031      0.270      0.524      0.362      0.248
2.4000       -29980.008   -29988.084        8.076   323.7      0.130     -0.046     -0.177     -0.099     -0.099     -0.568
2.4500       -29980.457   -29987.969        7.512   301.1     -0.069      0.454     -0.442      0.009      0.158      0.183
2.5000       -29980.748   -29988.994        8.246   330.5     -0.754     -0.550      0.347      0.178      0.088     -0.175
2.5500       -29981.096   -29989.062        7.966   319.3      0.571      0.131     -0.199     -0.130      0.431      0.337
2.6000       -29981.087   -29989.080        7.993   320.4     -0.075     -0.189      0.028     -0.121     -0.309     -0.034
2.6500       -29980.836   -29989.721        8.885   356.2      0.458      0.045      0.710      0.094      0.523     -0.235
2.7000       -29981.140   -29989.119        7.980   319.9     -1.037      0.121     -1.435      0.495     -0.005     -0.187
2.7500       -29981.048   -29989.512        8.464   339.3     -0.572      0.255     -0.524     -0.117      0.213     -0.169
2.8000       -29980.938   -29989.488        8.550   342.7     -0.291     -0.883     -0.131     -0.191     -0.096     -0.348
2.8500       -29980.615   -29988.867        8.252   330.8     -0.073      0.506     -0.153     -0.272     -0.175     -0.301
2.9000       -29980.614   -29989.096        8.482   340.0      0.337      1.080      1.118      0.234      0.066     -0.454
2.9500       -29980.700   -29989.041        8.341   334.3      0.816      0.731      0.068     -0.158     -0.265     -0.430
3.0000       -29980.138   -29988.594        8.456   339.0     -0.738     -0.251      0.574      0.038      0.615     -0.289
3.0500       -29980.023   -29988.527        8.505   340.9     -0.077     -0.374     -1.170     -0.165      0.486     -0.041
3.1000       -29979.893   -29987.850        7.957   318.9     -0.488      0.097     -0.266      0.063     -0.091      0.372
3.1500       -29979.496   -29988.082        8.586   344.2     -0.223     -0.851      0.184     -0.044     -0.277     -0.526
3.2000       -29979.870   -29988.150        8.280   331.9     -0.329     -0.022     -0.731     -0.243      0.645      0.155
3.2500       -29979.455   -29987.660        8.205   328.9     -0.314      0.774      0.119      0.173     -0.005     -0.301
3.3000       -29979.790   -29988.475        8.685   348.1     -0.528     -0.747     -0.663      0.059      0.091     -0.121
3.3500       -29979.707   -29987.975        8.268   331.4     -0.446     -0.449     -0.508     -0.017      0.084     -0.434
3.4000       -29979.215   -29988.477        9.261   371.2     -0.152     -1.267     -0.196     -0.149     -0.306     -0.223
3.4500       -29979.167   -29987.902        8.735   350.2      0.186     -0.024      0.110      0.446     -0.180     -0.257
3.5000       -29979.317   -29987.547        8.230   329.9     -0.796     -0.376     -0.264     -0.111     -0.032      0.215
3.5500       -29979.095   -29988.363        9.268   371.5      0.589     -0.110     -0.149      0.531     -0.272      0.266
3.6000       -29979.819   -29988.762        8.943   358.5      0.440     -0.126     -0.049      0.369      0.169      0.296
3.6500       -29980.218   -29988.820        8.603   344.8     -1.067     -0.634     -0.584      0.219     -0.592      0.523
3.7000       -29980.099   -29988.260        8.160   327.1      0.387      0.266     -0.182      0.055      0.152     -0.479
3.7500       -29980.505   -29988.582        8.077   323.8     -0.723      0.629     -0.764     -0.017     -0.980     -0.031
3.8000       -29980.530   -29988.836        8.306   332.9     -0.288     -0.682     -0.347     -0.132     -0.324      0.165
3.8500       -29980.944   -29989.102        8.158   327.0     -0.549     -0.168     -0.211     -0.062      0.281      0.395
3.9000       -29981.132   -29989.543        8.411   337.2     -0.544      0.084      0.037      0.003      0.102     -0.735
3.9500       -29981.547   -29989.504        7.957   319.0      0.452      0.122      0.666     -0.009     -0.097     -0.049
4.0000       -29981.527   -29989.154        7.628   305.7      0.667      0.533      0.627     -0.217      0.142     -0.398
4.0500       -29981.299   -29989.135        7.836   314.1      0.592     -0.327     -0.358      0.398      0.027      0.414
4.1000       -29980.753   -29989.191        8.439   338.3     -0.083     -0.355     -0.129     -0.469     -0.421     -0.389
4.1500       -29980.325   -29988.143        7.818   313.4      0.690      0.179     -0.666      0.310      0.212     -0.344
4.2000       -29980.794   -29988.701        7.907   316.9      0.229      0.978      0.489      0.039     -0.124      0.083
4.2500       -29980.951   -29989.127        8.176   327.7      1.215      0.091      0.990     -0.303      0.145      0.247
4.3000       -29981.128   -29988.816        7.688   308.2     -0.010      0.065      0.679     -0.230      0.225     -0.287
4.3500       -29981.795   -29989.668        7.873   315.6      0.286      0.005      0.182      0.129     -0.042     -0.107
4.4000       -29981.469   -29990.021        8.553   342.8      0.955     -0.011     -0.254      0.093     -0.088      0.067
4.4500       -29981.144   -29989.914        8.770   351.5     -0.671     -0.241     -0.307     -0.134     -0.073     -0.003
4.5000       -29981.111   -29989.836        8.725   349.8      0.367      1.189      0.012     -0.079      0.126      0.113
4.5500       -29980.659   -29989.105        8.447   338.6     -0.390     -1.776      0.233     -0.060     -0.248     -0.064
4.6000       -29980.325   -29988.881        8.556   343.0      0.366      0.136      0.041      0.035      0.202      0.449
4.6500       -29980.830   -29989.139        8.309   333.1      0.019      0.388     -0.043     -0.274      0.424      0.611
4.7000       -29981.123   -29989.264        8.141   326.3      0.205     -0.133      0.464      0.020      0.150     -0.193
4.7500       -29980.792   -29988.199        7.407   296.9     -0.046     -0.758     -0.721     -0.360     -0.251     -0.705
4.8000       -29981.029   -29988.826        7.797   312.5     -0.470     -0.796     -0.277     -0.058      0.084      0.026
4.8500       -29980.606   -29988.930        8.324   333.7     -0.125      0.366      0.557      0.228      0.285     -0.098
4.9000       -29980.688   -29988.404        7.717   309.3      0.895     -0.037     -0.195     -0.388      0.561      0.272
4.9500       -29980.476   -29988.961        8.485   340.1      1.167      1.220      0.562     -0.307      0.132      0.044
5.0000       -29981.097   -29988.566        7.469   299.4      0.754      0.428      0.070     -0.034     -0.216     -0.153
5.0500       -29981.312   -29988.895        7.582   303.9      2.097      0.602      0.315     -0.373     -0.202      0.063
5.1000       -29981.515   -29989.725        8.210   329.1     -0.224      0.127     -1.392      0.154      0.189     -0.108
5.1500       -29981.555   -29989.225        7.669   307.4      0.773      0.401      0.117      0.231      0.059      0.115
5.2000       -29981.376   -29988.859        7.483   300.0      0.825     -0.032      0.767     -0.004     -0.324     -0.123
5.2500       -29981.444   -29989.086        7.642   306.3     -0.487     -0.223     -0.346      0.290      0.057     -0.254
5.3000       -29981.316   -29989.102        7.785   312.1      0.752      0.211      0.156     -0.037      0.096     -0.081
5.3500       -29981.100   -29988.508        7.407   296.9      0.484      0.149     -0.426      0.121      0.479      0.340
5.4000       -29981.285   -29989.135        7.850   314.7      0.911     -0.285     -0.361     -0.162      0.058     -0.023
5.4500       -29981.721   -29989.193        7.472   299.5     -0.130     -0.066      0.020      0.167      0.247      0.155
5.5000       -29981.452   -29989.422        7.970   319.5      0.698      0.350      0.605      0.050      0.002     -0.445
5.5500       -29981.765   -29989.555        7.789   312.2      0.221      0.109      0.511     -0.200      0.504      0.506
5.6000       -29981.755   -29989.285        7.530   301.9      0.232      0.656      0.424      0.047     -0.325     -0.331
5.6500       -29981.167   -29989.064        7.897   316.6      0.020     -1.117      0.151     -0.146      0.892      0.402
5.7000       -29980.722   -29989.014        8.292   332.4      0.243      0.981     -0.274     -0.005     -0.298     -0.305
5.7500       -29980.753   -29989.516        8.763   351.2      0.670     -0.700     -0.250     -0.550      0.226      0.056
5.8000       -29980.493   -29988.322        7.829   313.8     -0.121      0.121     -0.056     -0.081     -0.096     -0.253
5.8500       -29979.815   -29988.922        9.107   365.1      0.253     -0.336     -0.791      0.127      0.352     -0.401
5.9000       -29979.760   -29988.504        8.743   350.5     -0.347     -0.051     -0.368      0.087     -0.198     -0.009
5.9500       -29979.784   -29988.264        8.480   339.9     -0.747     -0.095     -0.836      0.236      0.006     -0.032
6.0000       -29979.999   -29988.441        8.443   338.4     -0.506     -0.646     -0.544      0.102      0.120      0.207
6.0500       -29979.473   -29988.057        8.584   344.1      0.372      0.569      0.028      0.278      0.118      0.379
6.1000       -29979.212   -29988.340        9.127   365.9     -1.209     -0.516     -0.676     -0.407     -0.199     -0.567
6.1500       -29978.405   -29986.984        8.580   343.9     -0.007     -0.757     -0.407     -0.202      0.132      0.505
6.2000       -29978.321   -29987.848        9.526   381.9     -0.574     -0.447     -0.798      0.323      0.293     -0.049
6.2500       -29979.174   -29987.553        8.378   335.8     -0.182      0.333      0.671     -0.472     -0.112      0.011
6.3000       -29979.626   -29987.529        7.903   316.8     -0.406      0.422      1.226     -0.064     -0.148      0.231
6.3500       -29979.537   -29988.234        8.697   348.6      0.462     -0.145     -0.126     -0.239      0.199      0.278
6.4000       -29979.446   -29988.918        9.472   379.7     -1.193     -0.851     -0.545     -0.511      0.161      0.444
6.4500       -29979.306   -29988.344        9.038   362.3     -1.149     -1.237     -1.165     -0.085      0.325     -0.125
6.5000       -29979.694   -29989.045        9.351   374.8     -0.754     -1.433     -0.203     -0.443     -0.144      0.196
6.5500       -29979.650   -29988.102        8.452   338.8     -0.450      0.648     -0.634     -0.269      0.355     -0.267
6.6000       -29979.408   -29987.486        8.079   323.8     -0.455     -0.760     -0.096      0.476      0.500      0.091
6.6500       -29978.638   -29987.715        9.076   363.8      0.284     -0.644     -0.579      0.038     -0.028     -0.250
6.7000       -29978.804   -29987.830        9.026   361.8     -0.399     -0.029      0.262      0.122     -0.106     -0.356
6.7500       -29978.733   -29987.672        8.939   358.3     -0.071      0.552      0.037     -0.282     -0.028      0.036
6.8000       -29978.978   -29987.350        8.372   335.6      0.615     -0.491      0.154      0.426      0.202     -0.024
6.8500       -29979.024   -29987.768        8.743   350.5      0.434     -0.226      1.252     -0.618      0.741      0.359
6.9000       -29979.484   -29987.467        7.982   320.0     -0.163     -0.782     -1.213      0.028     -0.563     -0.314
6.9500       -29978.826   -29987.893        9.067   363.4      0.745      0.467     -0.532     -0.040     -0.128      0.273
7.0000       -29979.085   -29987.789        8.704   348.9     -0.273      0.931      0.710     -0.015      0.321     -0.083
7.0500       -29979.098   -29987.805        8.706   349.0     -0.343      0.230     -0.213      0.190     -0.697      0.498
7.1000       -29979.279   -29988.201        8.922   357.6     -0.047     -0.217      0.037     -0.717     -0.073     -0.332
7.1500       -29979.950   -29987.646        7.696   308.5     -0.052      1.478     -0.111     -0.523     -0.564      0.121
7.2000       -29980.163   -29988.551        8.388   336.2     -0.044     -0.651      0.902      0.161      0.486     -0.398
7.2500       -29980.159   -29987.961        7.801   312.7      1.145      0.612      0.214      0.234     -0.241      0.480
7.3000       -29980.021   -29987.486        7.465   299.2     -0.404      0.631      0.343     -0.140     -0.085      0.228
7.3500       -29980.030   -29988.344        8.314   333.3      0.178      0.023     -0.930      0.583      0.331      0.079
7.4000       -29980.584   -29988.689        8.105   324.9     -0.094      0.953     -0.303      0.097     -0.034      0.597
7.4500       -29980.505   -29988.344        7.839   314.2     -0.837     -0.923     -0.345      0.197     -0.624      0.311
7.5000       -29980.224   -29988.641        8.417   337.4      0.242      0.036     -0.384     -0.007     -0.155      0.314
7.5500       -29980.907   -29988.535        7.628   305.8     -0.605      0.106     -0.261     -0.043     -0.011      0.008
7.6000       -29980.893   -29988.934        8.040   322.3     -0.111     -0.400     -0.233      0.202      0.241     -0.022
7.6500       -29981.237   -29988.887        7.650   306.6      0.056      0.555     -0.863     -0.006      0.194     -0.476
7.7000       -29980.989   -29988.945        7.957   318.9     -0.367     -0.009     -0.242      0.394      0.244     -0.280
7.7500       -29980.834   -29988.479        7.645   306.4      0.182     -0.147     -0.954      0.042      0.134      0.823
7.8000       -29980.462   -29988.418        7.956   318.9      1.025      0.103     -0.100     -0.035     -0.101     -0.456
7.8500       -29980.532   -29988.930        8.398   336.6     -0.752      0.026     -0.122      0.188     -0.307      0.327
7.9000       -29980.031   -29988.408        8.377   335.8      0.014      0.360     -0.466     -0.177      0.245      0.019
7.9500       -29980.052   -29989.023        8.972   359.6      0.607     -0.210     -0.564      0.387      0.049      0.296
8.0000       -29979.625   -29987.932        8.307   333.0     -0.308      0.285      0.507      0.087     -0.816      0.285
8.0500       -29979.967   -29987.807        7.840   314.3      0.188      0.299     -0.696      0.039      0.306      0.038
8.1000       -29980.360   -29988.500        8.140   326.3     -0.247     -0.109     -0.401     -0.364      0.471      0.190
8.1500       -29980.428   -29988.656        8.228   329.8      0.455      0.771     -0.239      0.566      0.132     -0.077
8.2000       -29980.686   -29988.590        7.904   316.8      0.127     -0.598     -1.533      0.473      0.012     -0.151
8.2500       -29980.751   -29989.492        8.741   350.4     -0.668     -0.125      0.241     -0.464     -0.180     -0.017
8.3000       -29980.900   -29988.029        7.129   285.8      0.476      0.440      0.089      0.375      0.025      0.606
8.3500       -29980.945   -29988.002        7.057   282.9     -0.124      0.021      0.209     -0.582      0.277      0.264
8.4000       -29980.540   -29988.676        8.136   326.1      1.418      0.400      0.233      0.406     -0.021      0.516
8.4500       -29980.931   -29988.979        8.047   322.6     -0.260      0.180     -0.231     -0.510      0.341      0.294
8.5000       -29980.956   -29988.883        7.927   317.7      0.296     -0.147     -0.256      0.325      0.059      0.232
8.5500       -29980.829   -29988.604        7.774   311.6      0.555      0.467     -0.235     -0.238     -0.050     -0.672
8.6000       -29980.966   -29988.186        7.219   289.4     -0.013     -0.223     -0.199      0.229      0.372     -0.087
8.6500       -29981.055   -29989.150        8.096   324.5     -0.144      0.054      0.167      0.026      0.201      0.284
8.7000       -29981.174   -29989.135        7.961   319.1      0.285     -0.537     -0.547     -0.134     -0.768     -0.215
8.7500       -29980.903   -29989.203        8.300   332.7      0.073     -0.699     -0.233      0.349      0.674     -0.190
8.8000       -29980.941   -29988.465        7.524   301.6     -0.034      0.311     -0.394      0.404     -0.326      0.304
8.8500       -29980.635   -29988.229        7.593   304.4     -0.759      0.630      0.011     -0.029     -0.201      0.124
8.9000       -29980.017   -29988.508        8.491   340.4      0.499     -0.078      0.526     -0.086      0.172     -0.076
8.9500       -29979.618   -29987.639        8.021   321.5     -0.013     -0.282     -0.110      0.961      0.182      0.535
9.0000       -29979.643   -29988.426        8.783   352.1      0.260     -0.737     -0.871     -0.337     -0.620     -0.158
9.0500       -29979.692   -29988.469        8.776   351.8      0.904     -0.086      0.801     -0.345      0.302      0.072
9.1000       -29979.834   -29987.973        8.138   326.2      0.819     -0.149     -0.423      0.294      0.016      0.493
9.1500       -29979.763   -29988.734        8.971   359.6     -0.372     -0.196     -1.180     -0.069     -0.132      0.074
9.2000       -29980.044   -29988.186        8.142   326.4     -0.394      1.022      1.186      0.156      0.079      0.066
9.2500       -29979.772   -29987.555        7.783   312.0     -0.506      0.463     -0.790     -0.321      0.337     -0.628
9.3000       -29979.462   -29987.725        8.262   331.2     -0.611     -0.268     -0.085     -0.106      0.345      0.005
9.3500       -29979.773   -29988.045        8.272   331.6      0.180     -1.131     -0.204      0.082     -0.436     -0.385
9.4000       -29979.501   -29987.766        8.265   331.3     -0.699     -0.475     -0.911     -0.377     -0.368     -0.054
9.4500       -29980.032   -29988.000        7.968   319.4     -0.540      0.927     -0.531      0.345     -0.192      0.086
9.5000       -29980.373   -29987.682        7.308   293.0     -0.324     -1.233      0.006     -0.077     -0.062      0.127
9.5500       -29980.824   -29988.242        7.418   297.3      0.585      0.987     -0.218      0.397     -0.097     -0.328
9.6000       -29980.402   -29988.557        8.154   326.9      0.058     -0.882     -0.225      0.490      0.753     -0.585
9.6500       -29980.408   -29988.104        7.695   308.5      0.989     -0.006      0.310     -0.172      0.491      0.046
9.7000       -29980.432   -29988.689        8.258   331.0     -0.035     -0.523     -0.561     -0.061     -0.079     -0.590
9.7500       -29979.752   -29988.109        8.357   335.0     -0.288      0.942      0.723     -0.567      0.663     -0.056
9.8000       -29980.303   -29988.438        8.135   326.1     -0.174     -0.595     -0.168     -0.107     -0.278      0.002
9.8500       -29979.599   -29988.137        8.537   342.2      0.078     -0.189      0.457     -0.258     -0.068     -0.167
9.9000       -29979.887   -29987.668        7.781   311.9      0.514      0.307     -0.088     -0.059     -0.215     -0.096
9.9500       -29979.581   -29987.400        7.819   313.4     -0.037      0.005      1.046      0.036     -0.454      0.355
10.0000      -29979.461   -29987.902        8.441   338.4     -0.357     -0.256      0.052     -0.558     -0.041      0.399
10.0500      -29979.352   -29987.369        8.017   321.4      0.008     -0.151      0.292     -0.197      0.161     -0.250
10.1000      -29979.557   -29987.848        8.291   332.3     -0.479     -0.268     -1.234     -0.038      0.281      0.315
10.1500      -29979.714   -29988.359        8.645   346.5     -0.639     -0.466     -1.365     -0.673      0.334     -0.039
10.2000      -29980.409   -29989.010        8.601   344.8      0.105      0.043      0.640     -0.392      0.103      0.559
10.2500      -29980.766   -29988.582        7.816   313.3      0.342      0.264     -0.707     -0.142     -0.175     -0.237
10.3000      -29980.440   -29988.660        8.221   329.5     -0.871     -0.062      0.213      0.211     -0.162      0.332
10.3500      -29980.454   -29988.537        8.083   324.0     -0.273     -0.355     -1.110     -0.247      0.259      0.002
10.4000      -29980.188   -29989.238        9.050   362.8     -0.869      0.532      0.289     -0.157     -0.146      0.214
10.4500      -29980.141   -29989.021        8.880   356.0     -1.027     -0.133     -0.824      0.201      0.283      0.187
10.5000      -29980.160   -29988.137        7.976   319.7     -0.696     -0.861      0.963     -0.292      0.070      0.568
10.5500      -29980.413   -29988.986        8.573   343.7     -0.086      0.035     -0.542     -0.008     -0.398      0.072
10.6000      -29980.018   -29987.764        7.746   310.5      0.051      0.236     -0.786      0.524     -0.343      0.241
10.6500      -29979.959   -29988.164        8.205   328.9     -0.474     -0.031      0.354      0.331      0.236      0.108
10.7000      -29980.739   -29988.438        7.699   308.6     -0.793     -0.340     -0.955      0.069     -0.631     -0.352
10.7500      -29980.880   -29988.662        7.782   312.0     -0.818     -1.155     -0.589      0.176      0.445     -0.064
10.8000      -29980.867   -29988.508        7.641   306.3      0.292      0.327     -0.285     -0.808     -0.428      0.228
10.8500      -29981.256   -29989.379        8.123   325.6      0.293      0.721      0.510      0.598      0.277      0.328
10.9000      -29980.820   -29988.561        7.741   310.3     -0.278      0.404      0.071      0.482      0.096     -0.113
10.9500      -29980.914   -29988.809        7.894   316.4      0.190      0.431      0.138     -0.022     -0.431      0.198
11.0000      -29981.217   -29988.734        7.517   301.3     -0.603      0.877     -0.100     -0.343     -0.161      0.199
11.0500      -29980.746   -29988.635        7.889   316.2     -0.736     -0.407      0.286      0.139     -0.022     -0.048
11.1000      -29980.611   -29988.537        7.926   317.7     -0.736     -0.487     -1.155      0.590      0.002      0.654
11.1500      -29980.405   -29987.293        6.888   276.1     -1.002      0.404      0.278     -0.147      0.218     -0.880
11.2000      -29980.449   -29988.719        8.270   331.5     -0.331      0.132     -1.106      0.105      0.085      0.679
11.2500      -29980.851   -29988.768        7.917   317.3      0.731      0.158      0.524      0.035     -0.428      0.071
11.3000      -29980.682   -29988.900        8.219   329.4      0.832      0.127      0.196     -0.074      0.174     -0.072
11.3500      -29980.730   -29988.607        7.877   315.8     -0.491      0.218      0.336      0.053      0.669      0.186
11.4000      -29980.667   -29988.609        7.943   318.4     -0.044      0.260      0.361      0.225     -0.223      0.492
11.4500      -29981.102   -29988.980        7.878   315.8      0.524     -0.098      0.582      0.323     -0.205      0.137
11.5000      -29980.996   -29988.875        7.879   315.8     -0.914     -0.439     -0.990      0.218      0.272     -0.390
11.5500      -29981.471   -29989.533        8.062   323.2     -0.183     -0.794      0.054     -0.529     -0.103     -0.070
11.6000      -29981.192   -29989.766        8.574   343.7      0.108      0.043      0.183      0.018     -0.060     -0.055
11.6500      -29980.337   -29988.506        8.169   327.5     -0.865     -0.659     -0.432      0.762      0.157      0.356
11.7000      -29980.132   -29988.645        8.512   341.2      0.465      0.191     -0.705     -0.044      0.268     -0.083
11.7500      -29979.995   -29988.012        8.016   321.3      0.214      0.705      0.692      0.048      0.019     -0.200
11.8000      -29980.116   -29988.529        8.413   337.2      0.832     -0.259     -0.504     -0.014      0.399      0.129
11.8500      -29979.479   -29988.479        9.000   360.8     -0.080      0.168      0.324     -0.149      0.084      0.078
11.9000      -29979.092   -29986.924        7.832   313.9      0.422      0.035     -0.371      0.299      0.415     -0.179
11.9500      -29979.196   -29987.791        8.595   344.5     -0.058      0.036     -0.970     -0.215      0.385      0.176
12.0000      -29979.222   -29988.676        9.454   379.0     -0.276      0.305     -0.083      0.226      0.018      0.339
12.0500      -29979.227   -29987.984        8.758   351.0     -1.176     -0.476      0.245     -0.013     -0.330      0.211
12.1000      -29979.706   -29987.598        7.892   316.3      0.205     -0.550     -1.355      0.289      0.172     -0.072
12.1500      -29979.251   -29988.039        8.788   352.3     -1.421      0.142     -0.938      0.142     -0.118      0.220
12.2000      -29979.363   -29987.670        8.307   333.0     -0.096     -0.097      0.353      0.114      0.129     -0.121
12.2500      -29979.186   -29988.004        8.818   353.5      0.076      0.046      0.596     -0.501     -0.208     -0.111
12.3000      -29979.252   -29987.670        8.418   337.4     -0.584      0.597     -0.169      0.466     -0.250     -0.314
12.3500      -29979.456   -29987.701        8.245   330.5      0.526      0.562      1.302     -0.050      0.466     -0.107
12.4000      -29979.910   -29988.215        8.305   332.9     -0.548      0.205     -0.338     -0.165      0.172      0.389
12.4500      -29980.111   -29987.830        7.720   309.4      1.422      0.846      0.515      0.621      0.049     -0.517
12.5000      -29980.048   -29988.121        8.073   323.6     -0.002      0.921     -0.220     -0.090     -0.349      0.212
12.5500      -29980.007   -29988.387        8.379   335.9     -0.683     -0.207      0.216      0.737     -0.207     -0.801
12.6000      -29980.534   -29988.145        7.611   305.1      0.683     -0.332     -0.265      0.264      0.774     -0.398
12.6500      -29980.671   -29988.574        7.903   316.8      0.845      0.275      0.125      0.595     -0.190      0.322
12.7000      -29980.500   -29988.877        8.377   335.8      0.321      0.377      0.574     -0.072     -0.318     -0.009
12.7500      -29980.074   -29988.211        8.137   326.2     -0.178     -0.425     -0.208     -0.081      0.242      0.096
12.8000      -29980.078   -29988.291        8.213   329.2     -0.965      0.983     -0.141     -0.644     -0.027     -0.114
12.8500      -29979.956   -29987.619        7.664   307.2      0.179     -0.311     -1.018     -0.558      0.071     -0.533
12.9000      -29979.936   -29988.514        8.577   343.8      0.506      0.108      0.681      0.199      0.122     -0.170
12.9500      -29979.958   -29988.170        8.212   329.2     -0.696     -0.363     -0.910      0.093      0.137      0.174
13.0000      -29980.303   -29988.777        8.475   339.7      0.118      0.376     -0.106     -0.101     -0.459     -0.213
13.0500      -29980.171   -29989.316        9.145   366.6     -0.126      0.000     -0.304      0.222     -0.062     -0.495
13.1000      -29980.233   -29988.904        8.671   347.6      0.621     -1.099     -0.446     -0.030     -0.309      0.095
13.1500      -29979.915   -29988.232        8.318   333.4      0.139     -0.538      0.376     -0.390      0.366     -0.296
13.2000      -29980.257   -29988.396        8.139   326.3     -0.428     -0.638     -0.570      0.693      0.046     -0.544
13.2500      -29980.633   -29988.564        7.931   317.9     -1.021      0.683     -0.702     -0.189     -0.815      0.084
13.3000      -29980.249   -29988.188        7.939   318.2     -0.177     -0.306      0.233     -0.032      0.217      0.085
13.3500      -29980.558   -29988.182        7.623   305.6     -0.824     -0.206     -0.624      0.207      0.135     -0.068
13.4000      -29980.694   -29988.148        7.454   298.8      0.207      0.502     -0.083     -0.124     -0.507     -0.930
13.4500      -29980.380   -29988.732        8.353   334.8     -0.137      0.245      0.123     -0.343     -0.130     -0.325
13.5000      -29980.479   -29988.764        8.284   332.1     -0.158     -0.964     -0.229      0.044     -0.034      0.290
13.5500      -29980.683   -29989.051        8.368   335.4     -0.573     -0.424     -0.163      0.056     -0.252     -0.058
13.6000      -29981.215   -29988.902        7.687   308.1     -0.817      0.141      0.413      0.077      0.107     -0.142
13.6500      -29980.879   -29988.865        7.986   320.1     -0.625      0.134     -0.034      0.481      0.554     -0.407
13.7000      -29980.235   -29988.361        8.126   325.7     -0.248      0.169      1.540     -0.141      0.314      0.441
13.7500      -29980.490   -29988.109        7.619   305.4      0.255      0.487      0.117     -0.241     -0.206     -0.271
13.8000      -29979.918   -29988.410        8.493   340.4     -0.158      0.539      0.250     -0.249      0.953      0.397
13.8500      -29979.588   -29987.703        8.115   325.3     -0.402     -0.305      0.194     -0.146     -0.549      0.160
13.9000      -29979.527   -29987.588        8.061   323.1      0.138      0.583      0.046      0.378     -0.216     -0.091
13.9500      -29979.005   -29987.838        8.833   354.0      0.433      0.582     -0.344      0.098      0.085      0.203
14.0000      -29979.077   -29987.650        8.574   343.7     -0.840     -0.581     -0.936     -0.284      0.008     -0.034
14.0500      -29979.904   -29987.637        7.733   310.0     -0.136     -0.409      0.228     -0.076      0.078      0.099
14.1000      -29979.372   -29987.477        8.104   324.9     -0.876     -0.668      0.261      0.036     -0.049     -0.541
14.1500      -29979.463   -29987.920        8.456   339.0      1.019     -0.268      0.494      0.177     -0.018      0.324
14.2000      -29980.103   -29987.889        7.786   312.1     -0.012     -0.577     -0.662      0.017      0.147     -0.524
14.2500      -29980.462   -29988.090        7.628   305.8     -0.515      0.337     -0.328     -0.125     -0.138     -0.375
14.3000      -29980.502   -29988.742        8.240   330.3     -0.261      0.183     -0.471      0.064     -0.006     -0.341
14.3500      -29980.489   -29988.773        8.284   332.1     -1.418     -0.478     -1.671     -0.116      0.101     -0.191
14.4000      -29980.583   -29988.699        8.116   325.3     -0.490      0.056     -0.269      0.352     -0.008     -0.072
14.4500      -29980.392   -29987.812        7.420   297.4     -0.958      0.157      0.041     -0.158      0.097     -0.519
14.5000      -29980.220   -29987.852        7.632   305.9      0.545     -0.778     -0.112     -0.316      0.749      0.027
14.5500      -29980.157   -29988.508        8.351   334.7     -0.307     -0.943     -1.013     -0.029      0.178     -0.150
14.6000      -29980.360   -29988.531        8.172   327.6     -0.259     -0.214     -0.749      0.444      0.246     -0.175
14.6500      -29980.070   -29987.904        7.834   314.0     -0.504     -0.472     -1.237      0.094     -0.264     -0.143
14.7000      -29980.194   -29987.570        7.376   295.7     -0.031      0.294     -0.235     -0.517     -0.154     -0.075
14.7500      -29980.005   -29987.762        7.756   310.9      0.361      0.282      0.110      0.024      0.062      0.004
14.8000      -29980.453   -29988.316        7.864   315.2      0.199      0.743      0.279      0.291     -0.080     -0.242
14.8500      -29980.341   -29988.902        8.562   343.2     -1.099     -1.054     -1.379      0.285      0.003      0.195
14.9000      -29980.388   -29988.941        8.553   342.8     -0.666     -0.415     -0.494     -0.072      0.233      0.230
14.9500      -29980.201   -29988.613        8.412   337.2     -0.535     -0.065     -1.084     -0.818     -0.089      0.045
15.0000      -29980.111   -29988.625        8.514   341.3      0.225     -0.619     -0.536     -0.086     -0.206     -0.217
15.0500      -29980.359   -29988.867        8.508   341.1     -0.899     -0.032     -0.511     -0.232     -0.328     -0.074
15.1000      -29980.730   -29988.549        7.819   313.4     -0.458     -1.024     -0.004     -0.118      0.020     -0.475
15.1500      -29980.577   -29988.309        7.732   309.9     -0.287      0.968      0.289      0.422     -0.024     -0.185
15.2000      -29980.611   -29988.648        8.037   322.2      0.079      0.217     -0.210     -0.552      0.377     -0.291
15.2500      -29980.419   -29989.168        8.749   350.7      0.001     -0.065     -0.326      0.058     -0.317      0.102
15.3000      -29980.366   -29988.631        8.265   331.3     -0.210     -0.673     -0.435     -0.073     -0.033     -0.432
15.3500      -29980.093   -29987.717        7.624   305.6      0.110     -0.488     -0.513     -0.258     -0.388     -0.493
15.4000      -29980.836   -29988.354        7.517   301.3     -0.142     -0.783     -0.735     -0.064      0.165     -0.008
15.4500      -29981.409   -29988.771        7.362   295.1     -0.990     -0.952     -0.869     -0.250     -0.042     -0.645
15.5000      -29981.072   -29988.111        7.039   282.2      0.164     -0.185     -0.112      0.024     -0.338     -0.110
15.5500      -29981.093   -29989.029        7.937   318.1     -0.713     -0.445     -0.536      0.118     -0.166     -0.316
15.6000      -29981.011   -29988.877        7.866   315.3     -0.027     -0.365     -0.046      0.377     -0.492     -0.171
15.6500      -29981.141   -29988.877        7.736   310.1      1.137     -0.609      0.717     -0.033     -0.262      0.322
15.7000      -29980.552   -29988.467        7.915   317.3     -0.909      0.029      0.281      0.376     -0.266     -0.332
15.7500      -29980.842   -29988.393        7.550   302.7      0.591      0.261     -0.664     -0.252      0.118     -0.323
15.8000      -29980.092   -29988.201        8.109   325.1     -0.640     -0.197     -0.542      0.056     -0.076      0.184
15.8500      -29980.037   -29987.652        7.616   305.3      0.231      0.000     -0.415      0.206     -0.126     -0.076
15.9000      -29980.112   -29987.508        7.396   296.5     -0.005     -0.009      0.655      0.012      0.046      0.234
15.9500      -29980.142   -29987.451        7.309   293.0     -0.204     -0.051      0.462     -0.320     -0.145      0.655
16.0000      -29980.454   -29988.115        7.661   307.1      0.403      1.315      0.354     -0.306     -0.020      0.040
16.0500      -29980.878   -29988.064        7.187   288.1      0.549      0.671      0.051     -0.039     -0.248      0.114
16.1000      -29980.670   -29987.936        7.265   291.2     -0.437      0.388     -0.262      0.124      0.717     -0.573
16.1500      -29981.020   -29988.223        7.203   288.7      0.595     -0.173      0.239      0.245     -0.087      0.074
16.2000      -29981.464   -29988.406        6.942   278.3     -0.723      0.171     -0.392      0.145      0.144      0.134
16.2500      -29980.917   -29988.426        7.509   301.0      0.525      0.253      0.046     -0.388     -0.249      0.257
16.3000      -29981.114   -29988.553        7.439   298.2      0.245      0.753     -0.544      0.345      0.554     -0.042
16.3500      -29980.439   -29988.387        7.948   318.6      0.485     -0.135      1.654     -0.038     -0.477      0.252
16.4000      -29980.335   -29987.896        7.561   303.1     -0.213      0.092     -0.299      0.053      0.609     -0.462
16.4500      -29980.325   -29987.996        7.671   307.5      0.140      0.332     -0.761      0.160      0.528      0.625
16.5000      -29980.590   -29988.787        8.197   328.6     -0.288     -0.593     -0.629     -0.236      0.221      0.057
16.5500      -29980.409   -29988.512        8.103   324.8     -0.400      0.132     -0.978     -0.165      0.623      0.201
16.6000      -29980.494   -29989.014        8.520   341.5      0.313     -0.113     -0.267     -0.720     -0.237     -0.668
16.6500      -29980.793   -29988.932        8.139   326.2     -0.380      1.314      0.467      0.133     -0.084     -0.568
16.7000      -29980.863   -29989.154        8.292   332.4     -0.914     -0.501      0.655      0.283     -0.408      0.395
16.7500      -29980.939   -29988.299        7.360   295.0      0.489     -1.490     -0.299     -0.217      0.518     -0.249
16.8000      -29981.048   -29988.342        7.294   292.4      0.285      0.187      0.147     -0.105      0.294     -0.366
16.8500      -29980.483   -29988.219        7.735   310.1     -0.093     -1.372     -0.053      0.227     -0.790     -0.175
16.9000      -29980.131   -29988.633        8.502   340.8     -1.468     -0.450     -0.168     -0.122      0.032      0.131
16.9500      -29980.185   -29988.908        8.723   349.7     -0.719     -0.760     -0.903     -0.023      0.250      0.101
17.0000      -29980.335   -29988.506        8.171   327.5     -0.368      0.381     -0.082     -0.023     -0.525     -0.292
17.0500      -29979.931   -29989.520        9.588   384.4      0.121     -0.686      0.256      0.088      0.606      0.307
17.1000      -29979.783   -29988.293        8.510   341.1      0.258      0.140     -1.035     -0.037      0.013     -0.242
17.1500      -29979.562   -29988.506        8.944   358.5     -1.264     -0.755      0.814      0.331     -0.546      0.313
17.2000      -29979.841   -29988.502        8.661   347.2      0.243      0.104      0.059     -0.121      0.580     -0.540
17.2500      -29980.043   -29988.350        8.307   333.0      0.235      0.696      0.271     -0.061      0.161     -0.123
17.3000      -29979.672   -29987.938        8.265   331.3     -1.389      0.773      0.155      0.071     -0.477     -0.108
17.3500      -29980.056   -29988.689        8.634   346.1     -0.222     -0.909     -0.212      0.112      0.189     -0.322
17.4000      -29980.144   -29988.836        8.692   348.4     -0.002      0.025     -0.585      0.258      0.920      0.777
17.4500      -29979.999   -29988.582        8.583   344.1     -0.334     -0.548     -1.319     -0.373     -0.197      0.288
17.5000      -29980.353   -29988.568        8.216   329.3     -0.304     -0.794     -1.092      0.340      0.288     -0.242
17.5500      -29980.109   -29988.604        8.494   340.5      0.102     -0.923      0.529     -0.068      0.431     -0.198
17.6000      -29980.449   -29988.701        8.252   330.8     -0.226     -0.286     -0.163      0.080     -0.270      0.395
17.6500      -29980.449   -29988.414        7.965   319.3      0.474      0.881     -0.157     -0.278      0.354      0.013
17.7000      -29980.430   -29988.877        8.447   338.6      0.293     -0.087     -0.741     -0.482      0.331      0.729
17.7500      -29980.210   -29988.461        8.251   330.7     -0.515     -0.358      0.295      0.226      0.124     -0.082
17.8000      -29980.140   -29988.629        8.489   340.3     -1.138     -0.395     -0.968     -0.205     -0.022     -0.217
17.8500      -29980.536   -29988.689        8.154   326.8     -0.333     -0.477     -0.816      0.051     -0.309      0.157
17.9000      -29980.962   -29988.422        7.460   299.0      0.392     -0.923      0.191     -0.003      0.593     -0.368
17.9500      -29981.313   -29988.783        7.470   299.4     -0.952     -0.151      0.461     -0.185     -0.122      0.797
18.0000      -29981.818   -29989.328        7.510   301.0      0.270      0.563      0.816     -0.236     -0.161      0.451
18.0500      -29981.726   -29989.514        7.788   312.2      0.339      0.719     -0.682     -0.467      0.314     -0.357
18.1000      -29981.822   -29989.398        7.576   303.7     -0.100     -0.153      0.840     -0.397     -0.200      0.109
18.1500      -29981.539   -29989.758        8.219   329.4      0.824     -0.670     -0.528     -0.127     -0.073      0.298
18.2000      -29981.438   -29989.168        7.730   309.9      0.778     -0.183     -0.416      0.260      0.327     -0.306
18.2500      -29981.340   -29988.883        7.543   302.4     -0.566     -0.436     -0.708      0.036     -0.348      0.074
18.3000      -29980.682   -29988.723        8.041   322.3      0.645      0.669      0.287     -0.127     -0.661      0.467
18.3500      -29980.445   -29988.869        8.424   337.7     -0.153     -0.170     -0.082      0.081      0.276     -0.251
18.4000      -29980.287   -29988.203        7.917   317.3      0.351     -0.018     -0.947     -0.308      0.145      0.517
18.4500      -29981.099   -29989.254        8.155   326.9     -0.204     -0.481     -0.277      0.726      0.126     -0.066
18.5000      -29980.980   -29988.787        7.807   312.9      0.003     -0.431     -0.460      0.197      0.017     -0.050
18.5500      -29981.021   -29989.084        8.063   323.2     -0.121      0.096     -0.590      0.424      0.038      0.482
18.6000      -29981.104   -29989.600        8.495   340.5     -0.070     -0.578     -0.428      0.083     -0.023      0.193
18.6500      -29981.162   -29989.445        8.284   332.0      0.270      0.844     -0.073      0.420      0.423     -0.227
18.7000      -29981.029   -29989.578        8.549   342.7     -0.044     -0.335      0.489      0.199      0.292      0.067
18.7500      -29980.496   -29988.391        7.894   316.4      0.863      0.359      1.503     -0.501     -0.214      0.661
18.8000      -29981.091   -29988.959        7.868   315.4      0.161      0.251     -0.669     -0.376      0.495      0.142
18.8500      -29981.373   -29989.381        8.008   321.0     -0.213     -0.945      0.139     -0.193     -0.220     -0.005
18.9000      -29981.354   -29989.592        8.238   330.2      0.050     -0.513      0.804     -0.042      0.062      0.606
18.9500      -29981.396   -29989.730        8.334   334.1      0.593     -0.442      0.329     -0.411     -0.045     -0.383
19.0000      -29981.111   -29989.568        8.458   339.0     -0.822     -0.190     -0.832     -0.068     -0.299     -0.048
19.0500      -29980.851   -29988.670        7.819   313.4     -0.856     -1.035     -0.389     -0.229     -0.076      0.007
19.1000      -29981.062   -29988.680        7.618   305.4      0.582     -0.508     -0.923      0.129     -0.210     -0.450
19.1500      -29981.485   -29989.371        7.886   316.1     -0.400      0.799      0.267      0.274      0.196      0.154
19.2000      -29981.556   -29989.115        7.560   303.0      0.209      0.120      0.208     -0.027      0.412      0.140
19.2500      -29981.485   -29988.947        7.463   299.1      0.452      0.108     -0.771      0.095      0.116     -0.523
19.3000      -29981.249   -29988.697        7.448   298.5      0.016     -0.127      0.488      0.506     -0.276      0.269
19.3500      -29980.902   -29989.268        8.365   335.3     -0.434     -0.234     -0.166     -0.419     -0.451      0.159
19.4000      -29980.611   -29988.475        7.864   315.2     -0.557     -0.624      0.239     -0.357     -0.100      0.019
19.4500      -29980.447   -29988.951        8.504   340.9     -0.734      0.090     -0.846     -0.080     -0.311     -0.253
19.5000      -29980.011   -29988.961        8.950   358.8     -0.287     -0.410     -0.286     -0.140     -0.227     -0.199
19.5500      -29980.260   -29988.734        8.475   339.7     -0.543     -0.703     -0.672     -0.213      0.233      0.628
19.6000      -29980.291   -29988.119        7.828   313.8     -0.803     -0.666      0.215     -0.157     -0.140     -0.144
19.6500      -29980.038   -29988.645        8.607   345.0      0.191      0.090     -0.117      0.212      0.197      0.045
19.7000      -29979.915   -29988.193        8.278   331.8     -0.398     -0.793     -0.227      0.465      0.208      0.402
19.7500      -29980.102   -29988.176        8.074   323.6     -0.395      0.275      0.960     -0.585      0.202      0.246
19.8000      -29980.241   -29988.104        7.863   315.2      0.211     -0.749     -0.458      0.269     -0.522      0.569
19.8500      -29979.640   -29989.129        9.489   380.4      0.087      0.077      0.332      0.222      0.412     -0.407
19.9000      -29979.562   -29988.883        9.320   373.6      0.009      0.837      0.141      0.003     -0.256      0.330
19.9500      -29979.776   -29988.629        8.853   354.9      0.530     -0.397     -0.119      0.394      0.164      0.320
20.0000      -29979.524   -29988.434        8.910   357.1     -0.620      0.570     -0.862     -0.254      0.524      0.305
20.0500      -29979.893   -29988.135        8.241   330.4      0.200     -0.829     -0.436      0.527      0.098     -0.123
20.1000      -29979.735   -29988.389        8.654   346.9     -1.143     -0.373     -0.130      0.370      0.194     -0.431
20.1500      -29980.264   -29988.527        8.263   331.2      0.487     -1.446     -0.993      0.563      0.339     -0.146
20.2000      -29980.560   -29988.188        7.627   305.7     -0.189      0.372     -0.536     -0.130      0.055      0.473
20.2500      -29980.271   -29988.355        8.085   324.1     -0.873     -0.292      0.011      0.064      0.041      0.235
20.3000      -29980.679   -29988.736        8.057   323.0     -0.634      0.633      0.192     -0.589      0.178     -0.201
20.3500      -29980.695   -29989.033        8.338   334.2      0.291      0.070      0.342      0.296     -0.588      0.011
20.4000      -29980.737   -29989.186        8.449   338.7     -0.128     -0.251     -0.176     -0.264      0.141     -0.209
20.4500      -29980.758   -29988.734        7.977   319.7     -1.077     -0.037      0.232      0.220     -0.314      0.345
20.5000      -29980.454   -29988.260        7.806   312.9      0.581     -0.166      0.532     -0.307     -0.355      0.133
20.5500      -29980.582   -29988.807        8.224   329.7     -0.589      0.345      0.697      0.237      0.117      0.165
20.6000      -29980.892   -29989.002        8.110   325.1      0.337      0.182     -0.515     -0.160     -0.188      0.148
20.6500      -29980.782   -29988.621        7.839   314.2      0.010      0.132      0.486     -0.273     -0.054      0.032
20.7000      -29980.449   -29987.914        7.465   299.2     -0.794     -0.049     -0.266     -0.226     -0.492     -0.393
20.7500      -29980.112   -29988.096        7.984   320.0      0.340     -1.143      0.374      0.126      0.534      0.360
20.8000      -29979.717   -29988.387        8.670   347.5     -0.233      0.602     -0.809      0.339      0.165      0.308
20.8500      -29979.356   -29987.811        8.455   338.9     -1.103      0.157     -0.337     -0.488      0.453     -0.700
20.9000      -29979.841   -29987.492        7.651   306.7     -0.086      0.056      0.192     -0.164      0.211      0.217
20.9500      -29979.513   -29987.410        7.897   316.5     -0.369     -0.221     -0.194     -0.169      0.238      0.174
21.0000      -29979.714   -29987.902        8.189   328.2     -0.185      0.077     -0.221     -0.347     -0.407     -0.859
21.0500      -29979.272   -29988.090        8.818   353.5     -0.478     -0.206      0.465      0.339      0.522      0.010
21.1000      -29979.214   -29987.988        8.774   351.7      0.499      1.263      0.573     -0.792     -0.302     -0.374
21.1500      -29979.220   -29987.482        8.262   331.2     -0.052      0.168     -0.480      0.255     -0.541      0.244
21.2000      -29979.233   -29988.057        8.823   353.7     -0.442     -0.462      0.743     -0.218      0.136      0.151
21.2500      -29978.993   -29987.318        8.326   333.7      0.261      0.651      0.191     -0.812     -0.217      0.404
21.3000      -29979.125   -29988.045        8.920   357.6      0.496     -0.243      0.453      0.219     -0.365      0.324
21.3500      -29978.814   -29987.244        8.430   337.9      0.379      0.160     -0.344     -0.538      0.533     -0.379
21.4000      -29978.912   -29987.010        8.098   324.6     -0.466      0.587     -0.386     -0.040     -0.015      0.104
21.4500      -29979.041   -29987.576        8.535   342.1     -0.230      0.663     -0.084     -0.021      0.045      0.297
21.5000      -29978.591   -29987.338        8.747   350.6     -0.078      0.466      0.170     -0.094     -0.097     -0.600
21.5500      -29978.643   -29987.486        8.844   354.5      0.510      0.190      0.846      0.242      0.358     -0.195
21.6000      -29978.874   -29987.588        8.714   349.3     -0.068     -0.368      0.464     -0.591     -0.048      0.279
21.6500      -29979.394   -29987.742        8.348   334.6     -0.438      0.542     -0.134      0.013     -0.382     -0.166
21.7000      -29979.152   -29987.695        8.543   342.4     -0.158     -0.029     -0.759     -0.141      0.084      0.039
21.7500      -29978.962   -29987.213        8.250   330.7     -0.894      0.153     -0.168     -0.288     -0.337     -0.491
21.8000      -29978.727   -29987.217        8.490   340.3     -0.464     -0.225     -0.546     -0.018     -0.375      0.539
21.8500      -29979.421   -29988.164        8.743   350.5      0.787      0.138      0.265      0.250     -0.154     -0.505
21.9000      -29979.858   -29988.064        8.206   328.9     -0.503      0.183     -0.576      0.567     -0.064     -0.176
21.9500      -29980.053   -29988.035        7.983   320.0      0.342      0.717      0.194     -0.021     -0.117     -0.133
22.0000      -29980.447   -29988.514        8.066   323.3     -0.848     -0.387      0.114      0.363     -0.973     -0.103
22.0500      -29980.407   -29988.242        7.835   314.1     -0.197      0.454     -0.647     -0.211      0.440     -0.211
22.1000      -29980.812   -29988.537        7.725   309.7     -0.133      0.050     -0.326     -0.617      0.516      0.080
22.1500      -29980.488   -29988.809        8.321   333.5     -0.337      1.017      0.362     -0.416     -0.380      0.474
22.2000      -29980.104   -29988.359        8.256   330.9     -0.185     -1.204     -0.786     -0.128      0.218     -0.591
22.2500      -29980.092   -29988.100        8.007   321.0     -0.418     -0.453     -1.571      0.379     -0.046      0.400
22.3000      -29980.880   -29988.541        7.661   307.1     -0.434     -0.924     -0.359     -0.347      0.137     -0.397
22.3500      -29980.759   -29988.803        8.044   322.4     -0.954      0.200     -0.050      0.792     -0.258      0.219
22.4000      -29980.532   -29988.291        7.759   311.0      0.043     -0.762     -0.274      0.289     -0.011     -0.213
22.4500      -29980.448   -29988.184        7.736   310.1      0.105      0.697      1.111     -0.034     -0.184      0.077
22.5000      -29980.590   -29988.639        8.049   322.6      0.412      0.069      0.035     -0.386      0.050      0.165
22.5500      -29980.726   -29988.652        7.926   317.7      0.054      0.396     -0.060     -0.055      0.222     -0.400
22.6000      -29980.949   -29988.547        7.598   304.6     -0.202     -0.272      0.042     -0.165     -0.155      0.225
22.6500      -29980.550   -29988.939        8.390   336.3      0.616      0.427      0.067     -0.412      0.004     -0.150
22.7000      -29980.537   -29987.705        7.168   287.3      0.022     -0.220     -1.005     -0.461      0.120      0.540
22.7500      -29980.985   -29988.738        7.754   310.8      0.510      0.331      0.341     -0.366     -0.311      0.231
22.8000      -29980.422   -29989.115        8.693   348.5      0.384     -0.160     -0.502      0.320     -0.432      0.189
22.8500      -29980.394   -29988.578        8.184   328.0     -0.330      0.488     -0.427      0.139      0.021     -0.023
22.9000      -29980.211   -29988.711        8.500   340.7      0.514     -0.540      0.207      0.093     -0.591      0.379
22.9500      -29980.219   -29988.566        8.347   334.6     -0.719     -0.969     -0.838     -0.377      0.289      0.041
23.0000      -29980.387   -29988.424        8.037   322.2      0.339     -0.029      0.766      0.337      0.132      0.225
23.0500      -29980.518   -29988.123        7.605   304.8     -0.271     -0.396      0.074      0.031     -0.100      0.098
23.1000      -29980.447   -29988.484        8.038   322.2     -0.247      0.123      0.561     -0.254     -0.512     -0.349
23.1500      -29979.887   -29987.623        7.736   310.1      0.492     -0.154      0.215     -0.065      0.628     -0.535
23.2000      -29980.394   -29988.518        8.124   325.6     -0.740     -0.386     -0.271      0.181     -0.188     -0.312
23.2500      -29980.268   -29988.973        8.705   348.9      0.380     -1.077     -0.350      0.298     -0.089      0.017
23.3000      -29979.928   -29988.322        8.395   336.5     -0.206      0.114     -0.673     -0.024     -0.250     -0.078
23.3500      -29979.949   -29988.230        8.282   332.0      0.023      0.128     -0.033     -0.110      0.182     -0.305
23.4000      -29980.310   -29988.982        8.672   347.6      0.595     -0.034      0.246     -0.048      0.174      0.113
23.4500      -29980.249   -29987.619        7.370   295.4      0.218      1.204      0.556      0.147     -0.337      0.395
23.5000      -29980.571   -29987.967        7.396   296.5      0.563      0.665      0.269     -0.066     -0.040     -0.223
23.5500      -29980.318   -29988.029        7.711   309.1     -0.185     -0.071      0.561     -0.378     -0.223     -0.113
23.6000      -29979.937   -29988.020        8.082   324.0     -0.292      0.848     -0.107      0.138      0.271      0.084
23.6500      -29979.811   -29988.428        8.617   345.4      0.862     -0.041      0.141      0.129      0.324     -0.021
23.7000      -29980.240   -29988.553        8.313   333.2     -0.119      0.877     -0.019      0.313     -0.219      0.469
23.7500      -29981.128   -29988.633        7.505   300.8      0.153      0.434      0.021     -0.266      0.596     -0.025
23.8000      -29981.129   -29988.857        7.728   309.8      0.234      0.071      0.836      0.235      0.096      0.465
23.8500      -29981.086   -29989.246        8.160   327.1     -0.341      0.263     -0.308      0.334     -0.062     -0.312
23.9000      -29980.497   -29989.258        8.761   351.2     -0.342     -0.068      0.275      0.365      0.280      0.420
23.9500      -29980.397   -29988.633        8.236   330.1     -0.385     -0.657     -0.240      0.026      0.286     -0.108
24.0000      -29980.540   -29988.664        8.124   325.6     -0.525     -0.334     -1.283      0.095      0.190      0.211
24.0500      -29981.075   -29989.639        8.563   343.3     -0.869     -0.418     -0.111      0.030      0.303     -0.003
24.1000      -29980.935   -29988.961        8.026   321.7     -0.813     -0.760     -0.384      0.390     -0.380      0.356
24.1500      -29980.938   -29988.900        7.962   319.2     -0.099      0.203     -0.480     -0.473     -0.168     -0.404
24.2000      -29980.841   -29988.791        7.950   318.7     -0.087     -0.245     -0.006      0.591     -0.275      0.257
24.2500      -29980.805   -29988.289        7.484   300.0      0.161     -0.232     -1.264      0.288      0.207     -0.508
24.3000      -29980.516   -29988.641        8.125   325.7     -0.212     -0.598     -0.469     -0.093      0.487      0.182
24.3500      -29980.648   -29988.680        8.032   322.0      0.432      0.542     -0.009     -0.168     -0.346      0.274
24.4000      -29980.417   -29988.816        8.399   336.7      0.080      0.421     -0.206      0.655     -0.408      0.040
24.4500      -29980.500   -29988.123        7.623   305.6     -0.562      0.182     -1.023      0.127      0.172      0.015
24.5000      -29980.366   -29988.389        8.023   321.6     -1.117     -0.461      0.253     -0.173      0.183     -0.021
24.5500      -29980.145   -29988.553        8.407   337.0      0.149      0.990      1.118     -0.278     -0.315      0.652
24.6000      -29980.523   -29987.869        7.346   294.5      0.542     -0.169     -0.354     -0.053      0.540     -0.055
24.6500      -29979.875   -29987.756        7.881   315.9      0.223      0.222      0.265     -0.255      0.139      0.188
24.7000      -29980.019   -29988.316        8.297   332.6      0.876     -0.080      0.712      0.017      0.236     -0.085
24.7500      -29979.789   -29988.727        8.938   358.3     -0.838      0.295     -0.400     -0.233     -0.185      0.254
24.8000      -29979.864   -29988.252        8.388   336.2     -0.107     -0.634      0.184     -0.123     -0.002     -0.217
24.8500      -29979.718   -29987.881        8.162   327.2     -0.109      0.346     -0.438      0.240     -0.182      0.031
24.9000      -29979.681   -29987.920        8.239   330.3     -0.195      0.146     -0.775      0.321      0.329      0.313
24.9500      -29979.576   -29988.480        8.905   356.9     -0.517     -0.212      0.195     -0.118     -0.092     -0.425
25.0000      -29979.499   -29987.771        8.273   331.6      0.876      0.223      1.148      0.193     -0.510      0.252
25.0500      -29979.708   -29988.150        8.443   338.4     -0.171      0.354     -0.361     -0.151      0.342      0.296
25.1000      -29979.800   -29987.797        7.997   320.6     -0.213     -0.834      0.711      0.216     -0.492      0.730
25.1500      -29979.560   -29987.619        8.059   323.1      0.249      0.886      0.150      0.951      1.006     -0.304
25.2000      -29979.885   -29988.889        9.004   360.9      0.384      0.318      0.502      0.325      0.056     -0.112
25.2500      -29979.824   -29988.229        8.404   336.9     -0.275      0.290      0.527     -0.467     -0.600     -0.182
25.3000      -29979.299   -29987.770        8.470   339.5      0.043      0.002      0.459     -0.643     -0.155      0.737
25.3500      -29978.877   -29987.596        8.718   349.5      1.155      0.541      0.206      0.013      0.477     -0.421
25.4000      -29979.077   -29987.953        8.877   355.8      0.847      0.364      0.682     -0.020     -0.171      0.233
25.4500      -29978.731   -29987.744        9.013   361.3      0.604     -0.429     -0.087     -0.245      0.231      0.039
25.5000      -29978.942   -29987.016        8.073   323.6      1.067     -0.526      0.313      0.648      0.257      0.411
25.5500      -29978.945   -29987.979        9.033   362.1     -0.245      0.186     -0.015     -0.301     -0.100     -0.030
25.6000      -29979.634   -29987.596        7.962   319.2      1.011      0.307      0.543     -0.633      0.182     -0.076
25.6500      -29980.062   -29987.973        7.911   317.1      0.091     -0.247     -0.073     -0.116     -0.109      0.149
25.7000      -29980.447   -29988.178        7.731   309.9     -0.609      0.118     -0.966     -0.044     -0.542     -0.308
25.7500      -29979.562   -29988.512        8.950   358.8      0.321     -0.797      0.381      0.180      0.441      0.064
25.8000      -29979.490   -29987.666        8.176   327.7     -0.147      0.649      0.157     -0.070      0.002     -0.061
25.8500      -29978.929   -29986.902        7.973   319.6      0.330     -0.125      0.162     -0.126     -0.204     -0.087
25.9000      -29978.710   -29987.500        8.790   352.4     -0.854     -0.775      0.372     -0.182      0.336     -0.432
25.9500      -29979.157   -29987.768        8.610   345.1     -0.143     -0.064     -1.283     -0.060      0.413     -0.095
26.0000      -29978.855   -29987.270        8.415   337.3      0.023     -0.112     -0.155     -0.312      0.058     -0.293
26.0500      -29978.822   -29987.426        8.604   344.9      0.399     -0.615      0.430      0.041      0.401      0.028
26.1000      -29978.761   -29986.918        8.157   327.0     -0.658     -1.266     -0.821      0.116      0.048      0.091
26.1500      -29979.240   -29987.264        8.024   321.6      0.087     -0.797     -0.084      0.248      1.201     -0.175
26.2000      -29979.440   -29987.938        8.498   340.6     -0.112     -0.475     -0.254      0.267      0.327      0.253
26.2500      -29979.338   -29987.982        8.644   346.5     -0.178      0.223     -0.491     -0.095      0.007     -0.315
26.3000      -29979.398   -29988.217        8.819   353.5     -1.355     -0.878     -1.244     -0.176     -0.089     -0.026
26.3500      -29979.863   -29988.453        8.591   344.3     -0.321      0.757      0.504      0.292      0.332      0.199
26.4000      -29980.313   -29988.492        8.179   327.8      0.033      0.443     -0.423      0.146      0.721     -0.110
26.4500      -29980.568   -29988.453        7.885   316.1      0.118      0.323     -0.551      0.618      0.425      0.073
26.5000      -29980.535   -29988.471        7.936   318.1     -0.311      0.210     -0.511     -0.230      0.193     -0.588
26.5500      -29980.731   -29988.600        7.869   315.4     -0.372     -0.115      0.379      0.233     -0.292      0.489
26.6000      -29979.986   -29988.428        8.442   338.4     -1.122     -0.604     -1.649     -0.427      0.188      0.002
26.6500      -29979.567   -29988.172        8.605   344.9     -0.759     -0.183     -0.277      0.332      0.376     -0.725
26.7000      -29980.052   -29988.100        8.048   322.6     -0.045     -0.164      0.007     -0.445     -0.112     -0.384
26.7500      -29980.247   -29988.307        8.060   323.1      0.006     -0.015      0.205      0.053      0.034      0.294
26.8000      -29980.247   -29988.039        7.792   312.3     -1.166     -1.052     -0.080     -0.365      0.507      0.030
26.8500      -29979.881   -29988.238        8.358   335.0     -0.100     -0.301     -0.001      0.137      0.226     -0.100
26.9000      -29979.640   -29987.891        8.251   330.7     -0.751     -0.670     -0.163     -0.234      0.426      0.188
26.9500      -29979.663   -29987.580        7.917   317.4     -0.583     -0.537      0.046     -0.267      0.082     -0.613
27.0000      -29979.509   -29987.561        8.052   322.8     -0.384     -0.872      0.479     -0.309      0.291     -0.426
27.0500      -29979.532   -29987.482        7.950   318.7      0.094     -0.649      0.737      0.429      0.440     -0.473
27.1000      -29979.846   -29987.729        7.883   316.0      0.157      0.490     -0.297     -0.104      0.202     -0.318
27.1500      -29979.530   -29986.852        7.322   293.5      0.396      0.257      0.405     -0.208      0.186      0.303
27.2000      -29979.143   -29987.090        7.947   318.6      0.540      0.463      0.527     -0.014      0.202     -0.040
27.2500      -29978.946   -29987.330        8.384   336.1      0.333     -0.184      0.321     -0.273     -0.071      0.061
27.3000      -29978.599   -29987.266        8.666   347.4      0.288     -0.319     -0.094     -0.613      0.073     -0.428
27.3500      -29978.342   -29987.125        8.783   352.0     -0.100     -0.585     -0.594      0.441      0.445     -0.359
27.4000      -29978.370   -29987.240        8.870   355.6     -0.923     -0.255     -1.106      0.215      0.103     -0.164
27.4500      -29978.416   -29986.586        8.170   327.5      0.346      0.548      0.939      0.744     -0.606      0.175
27.5000      -29978.230   -29986.428        8.198   328.6     -0.541     -0.100     -1.061      0.082      0.680     -0.868
27.5500      -29978.179   -29987.168        8.989   360.3     -0.398      0.600      0.030     -0.176      0.102      0.198
27.6000      -29978.205   -29986.877        8.672   347.6      1.085      0.201     -0.197     -0.196      0.376     -0.251
27.6500      -29978.223   -29987.447        9.224   369.7      0.266      0.058     -0.011      0.259      0.136      0.119
27.7000      -29978.319   -29987.330        9.011   361.2     -0.517     -0.309      1.128      0.120     -0.270     -0.575
27.7500      -29978.788   -29987.398        8.610   345.1      0.228      0.559     -0.633      1.238      0.084      0.526
27.8000      -29978.422   -29987.328        8.906   357.0     -0.384     -0.453      0.042     -0.120      0.352     -0.216
27.8500      -29978.098   -29987.045        8.947   358.6      0.490     -0.435      0.152     -0.306      0.043      0.019
27.9000      -29978.470   -29987.590        9.120   365.6      0.511     -0.311      0.567      0.264      0.383     -0.389
27.9500      -29978.896   -29987.406        8.510   341.1      0.252     -0.283     -0.005     -0.248      0.025     -0.207
28.0000      -29979.332   -29987.523        8.191   328.3     -1.406     -0.267     -0.397      0.111     -0.000     -0.219
28.0500      -29979.318   -29987.219        7.901   316.7     -0.688     -0.852     -0.135      0.185      0.019     -0.581
28.1000      -29980.046   -29987.180        7.133   285.9     -0.158      0.360     -0.377      0.023      0.662     -0.397
28.1500      -29979.924   -29987.053        7.129   285.8      0.618     -0.164      0.057      0.064     -0.135      0.454
28.2000      -29980.346   -29988.277        7.931   317.9     -0.227     -0.100      0.217      0.346      0.356      0.262
28.2500      -29980.505   -29988.076        7.572   303.5      0.463      0.642      0.176     -0.570     -0.079      0.058
28.3000      -29980.025   -29988.473        8.447   338.6     -0.039     -0.551      0.387      0.021     -0.603     -0.232
28.3500      -29980.121   -29988.418        8.296   332.6      0.027      0.128      0.253     -0.211      1.058     -0.133
28.4000      -29980.491   -29988.410        7.919   317.4     -0.034     -0.266     -0.617     -0.075     -0.010      0.251
28.4500      -29980.367   -29988.252        7.885   316.1      0.245      0.901     -0.917      0.393      0.059      0.161
28.5000      -29979.927   -29988.795        8.868   355.5      0.276     -0.221      0.091     -0.753     -0.040     -0.138
28.5500      -29979.818   -29988.211        8.393   336.4      0.303      0.906     -0.732      0.442     -0.083     -0.351
28.6000      -29979.594   -29987.012        7.418   297.3     -0.670     -0.339      1.175     -0.483      0.083      0.137
28.6500      -29980.052   -29988.361        8.309   333.1     -0.738     -0.039     -0.197      0.303      0.191      0.429
28.7000      -29980.115   -29987.840        7.725   309.7      0.167     -0.448      0.050      0.034     -0.370     -0.477
28.7500      -29980.122   -29988.783        8.662   347.2     -0.123      0.172     -0.264      0.187      0.068      0.004
28.8000      -29980.343   -29988.119        7.776   311.7      0.170      0.266      0.880      0.111      0.098      0.033
28.8500      -29980.115   -29987.576        7.461   299.1     -0.266      0.303      0.234      0.448     -0.263     -0.368
28.9000      -29979.998   -29988.188        8.189   328.3     -0.236      0.516      0.788      0.407      0.377      0.168
28.9500      -29979.586   -29987.828        8.242   330.4     -0.119     -0.001     -0.027     -0.431      0.036     -0.281
29.0000      -29980.266   -29988.383        8.117   325.4     -0.193     -0.557      0.007      0.141      0.621     -0.278
29.0500      -29980.655   -29988.678        8.023   321.6      0.453      0.641     -0.032      0.071     -0.333      0.436
29.1000      -29980.635   -29988.824        8.189   328.3     -0.230     -0.602     -0.501     -0.088      0.364     -0.172
29.1500      -29980.717   -29988.701        7.984   320.0      0.156      0.362      0.818     -0.031     -0.167      0.049
29.2000      -29980.733   -29988.123        7.390   296.2      0.669      0.433      0.905      0.289      0.284      0.059
29.2500      -29980.683   -29988.115        7.433   297.9     -0.367     -0.180      0.840     -0.202     -1.106      0.309
29.3000      -29980.691   -29988.416        7.725   309.7      0.217      0.604     -0.728     -0.208     -0.130     -0.535
29.3500      -29980.303   -29988.188        7.885   316.1     -0.087     -0.978     -0.181      0.545      0.033      0.062
29.4000      -29979.649   -29988.582        8.933   358.1      0.081     -0.408     -0.660     -0.327     -0.139      0.236
29.4500      -29979.478   -29988.002        8.524   341.7      0.490      0.823     -0.155      0.552      0.037     -0.337
29.5000      -29979.333   -29987.008        7.674   307.6      0.073     -0.382      0.042     -0.143      0.197     -0.122
29.5500      -29979.110   -29987.801        8.691   348.4      0.659     -0.244      0.796     -0.056      0.120      0.430
29.6000      -29979.151   -29987.430        8.279   331.9      0.494     -0.502     -1.814      0.362      0.125     -0.249
29.6500      -29979.096   -29987.969        8.872   355.6      0.394      0.302      0.682     -0.448      0.135     -0.125
29.7000      -29980.081   -29988.148        8.067   323.4      0.468      0.093     -0.451     -0.500     -0.130      0.425
29.7500      -29980.254   -29988.854        8.600   344.7     -0.097      0.954     -0.013     -0.309     -0.139     -0.106
29.8000      -29979.724   -29987.998        8.274   331.7     -0.293     -0.799     -0.473      0.024     -0.015     -0.082
29.8500      -29979.507   -29987.059        7.552   302.7      0.165      1.228      0.345      0.324      0.018     -0.164
29.9000      -29978.724   -29987.396        8.672   347.6     -0.433      0.326     -0.241     -0.431     -0.322      0.127
29.9500      -29979.192   -29987.730        8.538   342.2      0.393      0.514      0.732     -0.277     -0.010     -0.522
30.0000      -29979.372   -29987.705        8.333   334.0     -0.727     -0.574     -0.184     -0.032     -0.184     -0.568
30.0500      -29979.103   -29987.363        8.260   331.1     -0.648     -0.682      0.429     -0.432     -0.051     -0.175
30.1000      -29978.994   -29987.031        8.038   322.2     -0.204     -0.257     -0.454      0.447     -0.426      0.135
30.1500      -29979.019   -29988.189        9.171   367.6     -0.359     -0.135     -0.448     -0.053     -0.130     -0.133
30.2000      -29979.285   -29988.291        9.006   361.0     -1.264      0.429     -0.089      0.465      0.080      0.733
30.2500      -29979.783   -29987.980        8.198   328.6     -1.060     -0.769      0.571     -0.404     -0.399     -0.022
30.3000      -29979.777   -29988.113        8.336   334.2     -0.432     -0.541     -0.353      0.173     -0.717     -0.050
30.3500      -29979.601   -29988.381        8.780   351.9     -1.506     -0.520     -0.829      0.415     -0.327      0.436
30.4000      -29979.272   -29987.488        8.217   329.4     -0.040     -0.060      0.714      0.061     -0.099      0.611
30.4500      -29979.814   -29987.805        7.990   320.3     -0.345     -0.130     -0.537      0.402     -0.004     -0.269
30.5000      -29980.079   -29988.227        8.148   326.6     -0.269     -0.584     -0.980      0.065      0.141     -0.088
30.5500      -29980.024   -29988.760        8.736   350.2     -0.415     -0.082      0.418     -0.133     -0.812     -0.235
30.6000      -29980.103   -29988.197        8.094   324.5     -0.078     -0.389      0.141     -0.350      0.133     -0.140
30.6500      -29979.877   -29988.115        8.238   330.2      0.291      0.292      0.663      0.514      0.323     -0.137
30.7000      -29979.746   -29988.008        8.262   331.2     -0.696     -0.881     -0.041      0.240      0.271      0.082
30.7500      -29979.777   -29988.057        8.279   331.9     -0.564     -0.228     -0.253     -0.248      0.010     -0.071
30.8000      -29979.385   -29987.920        8.535   342.1      0.700      0.064      1.366      0.255      0.063      0.323
30.8500      -29978.818   -29987.152        8.334   334.1     -1.124     -0.708     -0.985     -0.265      0.324      0.191
30.9000      -29978.738   -29987.443        8.705   349.0      0.398      0.163     -0.551      0.203      0.066      0.075
30.9500      -29978.960   -29987.609        8.649   346.7      0.102     -0.026     -0.679     -0.072     -0.393      0.067
31.0000      -29979.342   -29988.047        8.705   348.9     -0.597      0.305     -0.448     -0.299     -0.429      0.487
31.0500      -29979.745   -29987.949        8.204   328.9      0.034     -0.248     -0.206     -0.146      0.109     -0.273
31.1000      -29979.450   -29987.674        8.224   329.6      0.136     -1.205      0.560     -0.087     -0.191     -0.648
31.1500      -29979.378   -29987.236        7.858   315.0      0.261      0.000      0.028     -0.423      0.296     -0.083
31.2000      -29979.551   -29988.014        8.463   339.2      0.486      1.011      0.208      0.164     -0.014     -0.062
31.2500      -29979.960   -29987.750        7.790   312.3     -0.328      0.015      0.691     -0.213     -0.229      0.017
31.3000      -29979.717   -29987.930        8.213   329.2      0.451      0.425     -0.066      0.189      0.166      0.528
31.3500      -29978.947   -29987.416        8.469   339.5     -0.062     -0.233     -0.075     -0.116      0.073     -0.054
31.4000      -29979.040   -29986.424        7.384   296.0     -0.791      0.291     -0.198      0.371      0.020      0.049
31.4500      -29978.858   -29986.963        8.105   324.9      0.544      0.080      0.174     -0.648      0.433      0.095
31.5000      -29978.819   -29987.697        8.879   355.9     -0.427      0.158      0.620      0.243      0.254     -0.064
31.5500      -29978.299   -29987.098        8.799   352.7      0.237      0.316     -0.346     -0.313     -0.406      0.096
31.6000      -29978.370   -29986.148        7.779   311.8      0.326      0.716     -0.501      0.214      0.631     -0.136
31.6500      -29978.525   -29986.785        8.261   331.1     -0.689     -1.228     -0.783     -0.116     -0.615      0.216
31.7000      -29978.923   -29987.264        8.340   334.3      0.280     -0.616      0.371      0.198     -0.093      0.221
31.7500      -29979.357   -29987.824        8.467   339.4     -0.340     -0.255      0.029     -0.335      0.285     -0.022
31.8000      -29979.362   -29987.994        8.632   346.0     -0.184     -0.806      0.343      0.279     -0.115      0.179
31.8500      -29979.254   -29987.857        8.603   344.9     -0.811     -0.629     -0.885     -0.453      0.406     -0.029
31.9000      -29978.881   -29987.654        8.773   351.7     -0.114      0.212     -0.738     -0.111      0.638     -0.168
31.9500      -29978.588   -29987.822        9.234   370.1     -0.964      0.355      0.115     -0.163     -0.148     -0.020
32.0000      -29978.580   -29986.791        8.211   329.1     -0.121     -1.227      0.293      0.299      0.098      0.138
32.0500      -29978.955   -29987.662        8.707   349.0      0.027      0.971     -0.323     -0.272      0.297      0.574
32.1000      -29978.621   -29987.830        9.209   369.1     -0.706     -1.058     -0.953     -0.297     -0.353     -0.325
32.1500      -29979.229   -29987.336        8.107   325.0      0.008     -0.102      0.136      0.558      0.254     -0.375
32.2000      -29979.272   -29987.799        8.527   341.8     -0.174     -1.056     -0.264     -0.404     -0.143     -0.061
32.2500      -29979.338   -29987.271        7.934   318.0      0.363     -0.090     -0.317      0.379      0.793      0.213
32.3000      -29979.254   -29986.998        7.745   310.4     -0.783      0.149     -0.616     -0.114     -0.212     -0.360
32.3500      -29979.827   -29987.734        7.908   317.0     -0.553     -0.542     -0.948      0.489     -0.321      0.013
32.4000      -29979.438   -29987.381        7.943   318.4      0.469     -0.166     -0.281     -0.655      0.522     -0.339
32.4500      -29979.558   -29987.721        8.163   327.2      0.340      0.514     -0.144      0.360     -0.118     -0.154
32.5000      -29979.872   -29987.572        7.701   308.7      1.080      0.143      0.566      0.060     -0.117      0.113
32.5500      -29979.572   -29988.189        8.618   345.4     -0.076     -0.527     -0.448      0.436      0.351      0.199
32.6000      -29980.226   -29988.373        8.147   326.6      0.263      0.627      0.510     -0.428      0.060      0.137
32.6500      -29980.092   -29987.322        7.231   289.8      0.598     -0.775     -0.801      0.338      0.116      0.204
32.7000      -29980.122   -29988.209        8.087   324.2      1.064     -0.376     -0.531     -0.500     -0.211     -0.367
32.7500      -29980.103   -29988.596        8.493   340.4     -0.348     -0.094     -0.189     -0.114      0.188      0.574
32.8000      -29980.064   -29987.834        7.770   311.4     -0.104     -0.284      0.396      0.106     -0.028     -0.061
32.8500      -29979.982   -29988.760        8.777   351.8     -0.830      0.517     -0.382      0.135      0.243     -0.294
32.9000      -29980.041   -29988.084        8.043   322.4     -0.084     -0.820     -1.035     -0.211      0.252      0.113
32.9500      -29980.378   -29988.557        8.179   327.9      0.505     -0.439     -0.860      0.141      0.181     -0.293
33.0000      -29979.912   -29989.033        9.121   365.6      0.904      0.185     -0.124     -0.059      0.234      0.644
33.0500      -29979.679   -29987.938        8.258   331.0     -1.150     -0.566     -0.819     -0.899     -0.294     -0.362
33.1000      -29979.784   -29987.490        7.706   308.9     -0.148     -0.141      0.085      0.191     -0.176      0.506
33.1500      -29979.676   -29988.746        9.070   363.6     -0.043     -0.011     -0.549     -0.036      0.023      0.073
33.2000      -29979.560   -29987.816        8.256   331.0      0.360      0.178      0.070     -0.259     -0.275     -0.078
33.2500      -29979.587   -29987.701        8.114   325.3      0.231      0.468     -0.523     -0.060      0.070      0.243
33.3000      -29979.229   -29988.883        9.654   387.0     -0.646     -0.222     -0.208     -0.115     -0.272      0.341
33.3500      -29979.152   -29987.709        8.557   343.0     -0.024      0.022      0.742     -0.206      0.322     -0.225
33.4000      -29978.874   -29987.506        8.632   346.0      0.585      0.796      0.299      0.385      0.298     -0.058
33.4500      -29978.705   -29986.846        8.140   326.3      0.382      0.100     -0.353     -0.113     -0.098      0.039
33.5000      -29978.393   -29987.334        8.941   358.4      0.345     -1.017     -0.243      0.074     -0.334     -0.094
33.5500      -29978.625   -29986.943        8.318   333.4      0.538      0.636      0.447      0.055     -0.150     -0.190
33.6000      -29978.859   -29987.941        9.082   364.0     -0.285     -0.480     -0.683      0.450     -0.298      0.006
33.6500      -29979.109   -29987.725        8.616   345.4      0.119     -0.162      0.011      0.088     -0.379      0.103
33.7000      -29979.911   -29987.654        7.743   310.4      0.655      0.632      0.025     -0.080     -0.062      0.356
33.7500      -29979.713   -29988.199        8.487   340.2     -0.535      0.196     -1.027     -0.457     -0.004      0.168
33.8000      -29979.530   -29987.436        7.905   316.9      0.198     -0.127     -0.195      0.049      0.543     -0.276
33.8500      -29979.939   -29987.531        7.593   304.3      0.439      0.225     -0.010      0.183     -0.376     -0.432
33.9000      -29979.501   -29987.180        7.678   307.8      0.360     -0.267     -0.808      0.446      0.403      0.062
33.9500      -29979.332   -29987.615        8.283   332.0      0.171     -0.225      0.985      0.055     -0.362     -0.106
34.0000      -29979.504   -29987.885        8.381   335.9      0.253     -0.366     -0.204     -0.307      0.488     -0.128
34.0500      -29978.889   -29987.918        9.029   361.9      0.017      0.375     -0.917      0.086     -0.044     -0.107
34.1000      -29979.343   -29987.670        8.327   333.8     -0.806     -0.039     -1.965     -0.030     -0.425     -0.207
34.1500      -29979.146   -29988.146        9.001   360.8     -1.201     -1.489     -1.172     -0.810      0.138      0.008
34.2000      -29978.720   -29987.275        8.555   342.9      0.147      0.440      0.358      0.676      0.077      0.534
34.2500      -29978.726   -29987.447        8.722   349.6     -0.765     -0.767     -0.401     -0.013      0.837     -0.445
34.3000      -29978.936   -29988.090        9.154   366.9     -0.714     -1.047     -0.693     -0.450      0.235      0.277
34.3500      -29978.812   -29988.209        9.397   376.7     -0.596      0.634      0.072      0.706     -0.346     -0.258
34.4000      -29978.980   -29987.975        8.994   360.5     -0.185     -0.578     -0.361     -0.158      0.255     -0.354
34.4500      -29979.090   -29987.789        8.699   348.7     -1.036     -0.963     -0.637     -0.137      0.582     -0.058
34.5000      -29978.657   -29988.062        9.406   377.0     -0.342     -0.656     -0.727      0.174     -0.425      0.275
34.5500      -29978.520   -29987.500        8.980   360.0     -0.137      0.442     -0.187     -0.084      0.254     -0.112
34.6000      -29978.068   -29987.396        9.329   373.9      1.119      0.966      0.214      0.464      0.763      0.128
34.6500      -29977.959   -29987.309        9.349   374.8     -0.527     -0.225     -0.562      0.044     -0.241     -0.694
34.7000      -29978.263   -29986.695        8.432   338.0     -0.481      0.686      1.143     -0.064      0.289      0.607
34.7500      -29978.072   -29987.742        9.670   387.6     -0.426      0.032     -0.714      0.243     -0.376     -0.123
34.8000      -29978.385   -29987.486        9.101   364.8     -0.117     -0.499     -0.540     -0.574     -0.229     -0.249
34.8500      -29978.190   -29987.100        8.910   357.1     -0.213     -0.422     -0.130     -0.091     -0.060     -0.384
34.9000      -29978.508   -29986.523        8.016   321.3     -0.318      0.225      0.076      0.253     -0.628     -0.153
34.9500      -29978.334   -29986.617        8.283   332.0      0.604      0.711      0.022      0.154      0.143      0.012
35.0000      -29978.804   -29987.422        8.618   345.4     -0.180     -0.102     -0.619      0.136     -0.036      0.115
35.0500      -29979.106   -29987.844        8.738   350.3     -0.413     -0.549      0.701     -0.584     -0.234     -0.567
35.1000      -29978.701   -29987.418        8.717   349.4      0.231      0.869      0.052     -0.260      0.384      0.484
35.1500      -29979.155   -29987.938        8.783   352.1     -0.137     -0.178     -0.777      0.121     -0.081     -0.173
35.2000      -29978.958   -29986.816        7.858   315.0     -0.513     -0.286      0.400     -0.561     -0.668      0.401
35.2500      -29979.242   -29987.994        8.752   350.8     -0.309     -0.976     -0.328      0.084     -0.095     -0.037
35.3000      -29978.825   -29988.213        9.388   376.3      0.158     -0.956     -0.257      0.187      0.114      0.519
35.3500      -29978.932   -29987.996        9.064   363.3      1.225      0.484      0.630     -0.536      0.243     -0.444
35.4000      -29978.904   -29988.314        9.411   377.2     -0.052      0.369      0.623     -0.427      0.086      0.359
35.4500      -29979.360   -29987.066        7.707   308.9     -0.115      0.410     -0.079      0.810      0.455     -0.200
35.5000      -29979.030   -29987.666        8.636   346.2      0.611     -0.114      0.933      0.163     -0.206      0.203
35.5500      -29978.673   -29986.809        8.136   326.1     -0.871      0.344     -0.785     -0.040      0.327     -0.271
35.6000      -29978.132   -29987.402        9.271   371.6      0.530      0.028      0.632     -0.218     -0.452      0.246
35.6500      -29978.452   -29987.090        8.638   346.3     -0.045     -0.420      0.840     -0.255      0.014      0.357
35.7000      -29978.654   -29987.457        8.803   352.9     -0.498      0.053     -0.597      0.139      0.165      0.070
35.7500      -29978.400   -29988.008        9.608   385.1      0.809      0.137     -0.613     -0.076     -0.111     -0.382
35.8000      -29978.101   -29987.832        9.731   390.1     -0.235      0.069      0.333     -0.393      0.206      0.344
35.8500      -29978.217   -29986.527        8.310   333.1      1.717     -0.106      0.787      0.491     -0.371      0.082
35.9000      -29978.243   -29986.928        8.685   348.1     -0.181     -0.129     -0.923     -0.609      0.190     -0.563
35.9500      -29978.167   -29986.262        8.095   324.5      0.333     -0.537      0.199     -0.168      0.136      0.361
36.0000      -29978.765   -29987.002        8.237   330.2     -0.034      0.277     -0.065      0.531     -0.348      0.084
36.0500      -29979.018   -29987.570        8.552   342.8     -0.506     -0.904     -0.217     -0.341      0.098     -0.133
36.1000      -29978.454   -29986.629        8.175   327.7      0.571      0.531     -0.047      0.620     -0.169      0.293
36.1500      -29979.005   -29986.916        7.911   317.1      0.322      0.974      0.937     -0.177      0.155      0.175
36.2000      -29978.636   -29987.836        9.200   368.8     -0.143      0.396     -0.531      0.280     -0.177      0.168
36.2500      -29979.218   -29987.590        8.372   335.6      0.776      0.031      0.105      0.432     -0.474      0.067
36.3000      -29979.093   -29987.957        8.864   355.3     -0.201     -0.070      0.004     -0.097     -0.262      0.509
36.3500      -29978.878   -29988.080        9.202   368.9     -0.160     -0.647     -0.697     -0.095     -0.241     -0.115
36.4000      -29979.213   -29987.447        8.235   330.1      0.338      0.155      0.098      0.218     -0.036     -0.218
36.4500      -29979.424   -29988.152        8.728   349.9      0.465      0.073      0.106      0.084     -0.582      0.056
36.5000      -29979.568   -29988.359        8.792   352.4     -0.576     -0.681     -0.439      0.162     -0.328     -0.308
36.5500      -29979.424   -29987.586        8.161   327.1      0.629      0.593      0.520     -0.100     -0.179      0.022
36.6000      -29979.548   -29988.035        8.487   340.2      0.783     -0.381      0.869      0.156      0.284     -0.131
36.6500      -29980.030   -29988.740        8.710   349.1      0.263     -0.306      0.500     -0.157     -0.743     -0.634
36.7000      -29980.142   -29988.828        8.686   348.2      1.091      0.937     -0.062     -0.222     -0.103      0.193
36.7500      -29980.165   -29988.871        8.706   349.0     -0.311     -0.855     -1.177      0.013     -0.113     -0.008
36.8000      -29980.237   -29988.352        8.114   325.3      0.106     -0.172      0.004      0.608     -0.457      0.091
36.8500      -29980.628   -29987.986        7.358   295.0      0.437      0.881      0.178      0.222      0.018     -0.425
36.9000      -29980.699   -29988.318        7.619   305.4     -0.070     -0.471     -0.094     -0.824     -0.443      0.390
36.9500      -29980.733   -29988.711        7.978   319.8     -0.380     -1.160     -0.405      0.294     -0.117      0.072
37.0000      -29981.285   -29988.811        7.526   301.7     -0.361      0.213     -0.231      0.284      0.263     -0.038
37.0500      -29980.723   -29988.686        7.963   319.2     -0.781     -0.930     -0.493      0.342     -0.399     -0.049
37.1000      -29980.350   -29989.162        8.812   353.2     -1.373     -0.847     -1.011      0.294      0.356      0.751
37.1500      -29980.294   -29989.309        9.015   361.4      0.403     -0.541     -0.470      0.797      0.018      0.031
37.2000      -29980.722   -29989.162        8.440   338.3      0.247      0.269      0.645      0.259     -0.479     -0.169
37.2500      -29980.481   -29988.152        7.671   307.5     -1.295     -0.668     -1.392      0.396     -0.053      0.013
37.3000      -29980.322   -29989.656        9.335   374.2      0.123     -0.368     -0.053      0.110      0.172      0.019
37.3500      -29980.553   -29989.027        8.474   339.7     -0.181      0.762     -0.451     -0.280      0.122      0.082
37.4000      -29980.028   -29989.348        9.320   373.6     -0.001      0.051     -0.853      0.204     -0.438     -0.746
37.4500      -29980.373   -29988.414        8.041   322.3     -1.109     -0.355     -0.523     -0.006      0.126     -0.011
37.5000      -29980.656   -29989.301        8.645   346.5     -0.440     -0.804     -0.357     -0.514     -0.851      0.379
37.5500      -29981.090   -29989.059        7.969   319.4     -0.031     -1.198     -0.689      0.382     -0.181     -0.897
37.6000      -29980.878   -29988.590        7.712   309.1     -0.660      0.272     -0.118      0.349     -0.318      0.253
37.6500      -29980.870   -29989.383        8.513   341.2     -0.245      0.335      0.216     -0.203     -0.347     -0.194
37.7000      -29980.984   -29989.262        8.278   331.8     -0.291      0.105     -0.352      0.489     -0.693      0.362
37.7500      -29980.713   -29989.420        8.707   349.0      0.468     -0.834      0.145      0.070     -0.233     -0.272
37.8000      -29981.323   -29988.896        7.574   303.6      0.796     -0.060      0.304     -0.239      0.135      0.104
37.8500      -29981.505   -29989.342        7.837   314.1      0.386      0.440      0.320     -0.590      0.015     -0.897
37.9000      -29981.060   -29989.055        7.995   320.5     -0.096      0.326      0.780     -0.168      0.278      0.001
37.9500      -29981.432   -29989.225        7.793   312.4     -0.318      0.699      0.576     -0.296     -0.302      0.301
38.0000      -29981.313   -29989.766        8.453   338.8      0.773     -0.511     -0.400      0.066     -0.773      0.439
38.0500      -29981.380   -29989.463        8.083   324.0      0.021      0.461     -0.066     -0.211     -0.292     -0.192
38.1000      -29981.612   -29989.719        8.106   324.9     -0.403     -0.016      0.799     -0.817     -0.257      0.118
38.1500      -29981.247   -29989.289        8.043   322.4     -0.214     -0.070      0.627      0.703      0.095      0.086
38.2000      -29981.423   -29989.889        8.466   339.4     -0.956      0.500     -0.309     -0.434     -0.604     -0.119
38.2500      -29980.872   -29989.025        8.153   326.8      0.510     -0.076      0.496      0.448      0.632      0.229
38.3000      -29980.921   -29989.018        8.096   324.5     -0.791     -0.409     -0.372     -0.192     -0.382     -0.073
38.3500      -29980.629   -29988.877        8.248   330.6     -0.025      0.466      0.082     -0.124      0.824     -0.174
38.4000      -29980.159   -29989.104        8.944   358.5     -0.451     -0.432     -0.094      0.047      0.639      0.065
38.4500      -29980.336   -29988.043        7.707   308.9     -0.248     -0.522     -0.034     -0.132     -0.009      0.109
38.5000      -29980.287   -29988.928        8.641   346.4     -0.119     -0.003      0.264      0.423     -0.136      0.288
38.5500      -29980.548   -29988.631        8.083   324.0     -0.351     -0.840     -0.583      0.394      0.648     -0.238
38.6000      -29979.847   -29987.938        8.091   324.3      0.334      1.117     -1.022     -0.058      0.136     -0.479
38.6500      -29979.090   -29987.936        8.845   354.6     -0.125      0.149      0.738      0.034      0.010      0.071
38.7000      -29979.941   -29988.873        8.932   358.0     -0.648     -1.645     -0.160     -0.530      0.140     -0.419
38.7500      -29980.260   -29988.719        8.459   339.1     -0.026     -0.146      0.034     -0.543      0.140     -0.256
38.8000      -29980.616   -29988.594        7.977   319.8      0.099      0.424      0.231      0.575     -0.341     -0.150
38.8500      -29981.178   -29988.891        7.713   309.2     -0.460     -0.052      0.443     -0.173     -0.626      0.144
38.9000      -29981.430   -29989.309        7.879   315.8     -0.095      0.552     -0.507     -0.312      0.084     -0.274
38.9500      -29981.566   -29989.793        8.227   329.8      0.505     -0.690     -0.972     -0.107      0.086      0.401
39.0000      -29981.211   -29989.221        8.009   321.1     -0.750     -0.692     -0.161     -0.196     -0.063     -0.230
39.0500      -29980.894   -29988.758        7.864   315.2      0.058     -0.509      0.218      0.259      0.149     -0.150
39.1000      -29981.155   -29989.619        8.464   339.3      0.048     -0.394     -0.230     -0.304     -0.091     -0.064
39.1500      -29980.688   -29988.873        8.185   328.1      0.502      0.088      0.205      0.118      0.168     -0.204
39.2000      -29980.393   -29989.428        9.035   362.2     -1.042     -1.132     -0.666      0.060     -0.570      0.443
39.2500      -29980.708   -29989.197        8.489   340.3      0.378     -0.149     -0.551     -0.256      0.317      0.210
39.3000      -29980.863   -29988.928        8.065   323.3      0.666      1.056      0.821     -0.529      0.295      0.285
39.3500      -29981.095   -29989.131        8.036   322.1      0.309     -0.359     -0.434      0.814     -0.612      0.234
39.4000      -29980.850   -29988.773        7.923   317.6      0.020      0.219     -0.137      0.503     -0.240      0.120
39.4500      -29980.899   -29989.963        9.064   363.3      0.403     -0.071     -0.079     -0.045      0.630      0.738
39.5000      -29980.697   -29989.283        8.586   344.2     -0.166      0.390      0.570     -0.283      0.373     -0.366
39.5500      -29980.058   -29988.975        8.916   357.4     -0.282      0.061     -0.557     -1.209      0.290     -0.015
39.6000      -29980.046   -29988.984        8.938   358.3      0.146      0.076     -0.220      0.234      0.372     -0.602
39.6500      -29979.905   -29988.531        8.626   345.8      0.089     -0.219     -0.512     -0.679      0.448     -0.259
39.7000      -29980.537   -29989.162        8.625   345.7      0.129     -0.347     -0.047      0.291      0.137      0.208
39.7500      -29980.256   -29988.846        8.590   344.3      0.627     -0.187     -1.189      0.085      0.256     -0.072
39.8000      -29980.661   -29989.025        8.364   335.3     -0.333     -0.587      0.202     -0.028     -0.355      0.012
39.8500      -29981.086   -29988.402        7.316   293.3      1.357      0.061     -0.041     -0.424      0.390      0.150
39.9000      -29981.718   -29989.539        7.821   313.5     -0.495     -0.443      0.119     -0.136     -0.177      0.006
39.9500      -29981.690   -29989.785        8.096   324.5     -0.902     -0.683     -0.076     -0.114      0.174      0.136
40.0000      -29982.023   -29989.895        7.872   315.5     -0.303     -0.187      0.095     -0.610      0.744     -0.389
40.0500      -29982.071   -29990.361        8.290   332.3     -0.615     -0.497     -1.109     -0.523     -0.173      0.184
40.1000      -29982.554   -29990.314        7.760   311.1     -0.244     -0.571      0.458      0.227     -0.151      0.067
40.1500      -29982.230   -29989.645        7.414   297.2      0.468     -0.228     -0.529      0.194      0.380      0.589
40.2000      -29982.311   -29990.176        7.864   315.2      0.401      0.076     -0.370      0.057      0.711     -0.199
40.2500      -29981.915   -29990.180        8.265   331.3     -0.379     -0.585     -0.449     -0.498      0.244     -0.042
40.3000      -29981.913   -29990.127        8.214   329.2     -0.689     -0.162     -0.243     -0.132     -0.219      0.556
40.3500      -29981.691   -29989.891        8.200   328.7     -0.363     -0.748     -1.639     -0.573     -0.074     -0.253
40.4000      -29981.652   -29990.049        8.397   336.6     -0.173     -0.130      0.193      0.471      0.541     -0.289
40.4500      -29981.607   -29989.281        7.674   307.6      0.117     -0.856     -0.627      0.266      0.473      0.662
40.5000      -29981.265   -29989.355        8.090   324.3      0.532      0.162     -0.576     -0.664      0.289     -0.128
40.5500      -29980.984   -29989.035        8.051   322.7      0.283      0.747      0.295      0.886     -0.149      0.292
40.6000      -29980.852   -29989.502        8.650   346.7     -0.172     -0.724      0.397     -0.484      0.248     -0.287
40.6500      -29981.591   -29989.561        7.969   319.4      0.344      0.163     -0.408      0.382      0.084     -0.070
40.7000      -29981.507   -29989.799        8.292   332.4     -0.257      0.252      0.235     -0.193     -0.320     -0.221
40.7500      -29981.659   -29989.939        8.280   331.9      0.793     -0.226     -0.338      0.115      0.754      0.259
40.8000      -29981.561   -29990.004        8.443   338.4     -0.178     -0.076     -0.311      0.663     -0.325      0.489
40.8500      -29981.452   -29989.467        8.015   321.3     -0.905     -0.622     -0.498     -0.207      0.402      0.613
40.9000      -29981.269   -29989.734        8.465   339.3     -0.188      0.411     -0.174      1.208      0.315     -0.007
40.9500      -29980.668   -29989.842        9.174   367.7     -0.186     -0.199     -0.305     -0.580      0.096      0.565
41.0000      -29980.590   -29988.922        8.332   334.0      0.217      0.909      0.091      0.571      0.299      0.061
41.0500      -29980.676   -29988.953        8.277   331.8     -0.033      0.071     -0.022     -0.207      0.625     -0.196
41.1000      -29980.894   -29989.711        8.817   353.4     -0.411      0.429     -0.023      0.676      0.249      0.107
41.1500      -29980.428   -29989.734        9.307   373.1     -0.236     -0.210     -0.639     -0.218     -0.398      0.347
41.2000      -29981.291   -29989.537        8.247   330.6      0.224     -0.829     -0.388     -0.298      0.672     -0.319
41.2500      -29981.022   -29988.832        7.810   313.1     -0.728     -0.105     -0.329     -0.020     -0.175     -0.335
41.3000      -29981.480   -29990.352        8.871   355.6     -0.590     -0.851      0.097      0.072     -0.060      0.159
41.3500      -29981.378   -29990.068        8.690   348.4      0.069     -0.465     -0.574      0.046     -0.011      0.166
41.4000      -29981.056   -29989.889        8.832   354.0     -0.319     -0.025     -0.386      0.556     -0.003      0.844
41.4500      -29981.041   -29989.094        8.052   322.8     -1.412     -1.296     -0.811      0.175      0.099     -0.237
41.5000      -29981.210   -29989.324        8.114   325.2     -1.012     -0.816     -0.031     -0.406      0.300      0.081
41.5500      -29981.391   -29989.502        8.111   325.1     -0.346     -0.929     -0.126     -0.746      0.536      0.239
41.6000      -29981.226   -29989.525        8.299   332.7      0.037     -0.130      0.013      0.970     -0.484     -0.029
41.6500      -29981.701   -29990.193        8.492   340.4     -0.514     -0.457      0.249      0.135      0.158      0.499
41.7000      -29981.985   -29990.699        8.714   349.3     -0.477      0.091     -1.230     -0.318      0.116      0.328
41.7500      -29982.298   -29990.471        8.173   327.6     -0.426     -0.216     -0.240     -0.042     -0.051     -0.526
41.8000      -29981.932   -29989.963        8.031   321.9      0.908      0.862     -0.084      0.733      0.587      0.065
41.8500      -29981.916   -29990.371        8.455   338.9     -0.902     -0.584     -0.308     -0.024     -0.480     -0.024
41.9000      -29981.951   -29990.725        8.773   351.7      0.079     -0.259     -0.114      0.073      0.535      0.183
41.9500      -29982.093   -29990.438        8.344   334.5     -0.108     -0.604     -0.399      0.006      0.482     -0.571
42.0000      -29982.240   -29990.525        8.285   332.1      0.337     -0.296      0.142      0.696      0.374     -0.113
42.0500      -29982.158   -29990.318        8.160   327.1      0.120     -0.574     -0.895     -0.079      0.065     -0.191
42.1000      -29982.542   -29990.535        7.993   320.4     -0.597     -0.630     -0.262      0.226     -0.146      0.268
42.1500      -29983.106   -29990.762        7.656   306.9     -0.770     -0.022      0.820     -0.128      0.744     -0.336
42.2000      -29983.141   -29990.188        7.046   282.4      0.533      0.129     -0.184     -0.124      0.349      0.232
42.2500      -29982.640   -29990.541        7.901   316.7      0.586     -0.123      0.202     -0.307      0.081     -0.260
42.3000      -29982.127   -29990.143        8.016   321.3      0.080      0.227     -0.125     -0.150      0.021     -0.353
42.3500      -29981.646   -29989.055        7.408   297.0     -0.066     -0.351      0.358      0.452      0.224      0.642
42.4000      -29981.337   -29989.104        7.767   311.3     -0.046     -0.301     -0.292      0.175      0.264      0.341
42.4500      -29981.674   -29989.186        7.511   301.1      0.637      0.346      0.269     -0.242      0.086     -0.047
42.5000      -29981.582   -29989.385        7.802   312.8      0.545     -0.034      0.539     -0.238      0.376     -0.052
42.5500      -29981.681   -29989.139        7.458   298.9      1.034     -0.119     -0.032      0.316     -0.493      0.078
42.6000      -29981.638   -29990.012        8.374   335.7      0.227     -0.228     -0.455      0.425      0.831      0.075
42.6500      -29981.536   -29990.105        8.570   343.5     -0.255     -0.183     -0.896     -0.037      0.168     -0.314
42.7000      -29981.257   -29989.139        7.882   315.9      0.118      0.689      0.422      0.294      0.100     -0.015
42.7500      -29981.109   -29989.273        8.164   327.3      0.441     -0.091      0.375      0.053      0.144     -0.301
42.8000      -29980.922   -29989.473        8.551   342.8     -0.502     -0.752     -0.786     -0.093      0.001     -0.253
42.8500      -29980.467   -29989.143        8.675   347.7     -0.830      0.163     -0.956     -0.154      0.500      0.220
42.9000      -29980.938   -29988.811        7.873   315.6     -0.712     -0.520     -0.277     -0.469     -0.356     -0.439
42.9500      -29980.479   -29988.676        8.197   328.6     -0.309     -0.417     -0.091     -0.135      0.068      0.043
43.0000      -29980.491   -29988.236        7.745   310.5      0.011     -0.301      0.502      0.296     -0.287     -0.181
43.0500      -29980.368   -29988.678        8.309   333.1     -0.238     -0.438     -0.034      0.261     -0.076      0.508
43.1000      -29979.875   -29988.873        8.998   360.7     -0.672     -0.226      0.231     -0.060      0.450      0.098
43.1500      -29980.059   -29989.037        8.978   359.9     -1.078     -1.129     -0.986      0.051      0.481      0.326
43.2000      -29979.804   -29988.059        8.255   330.9      0.293     -0.293     -0.219     -0.370     -0.280      0.195
43.2500      -29980.676   -29988.867        8.191   328.3     -0.599     -0.387     -0.738      0.547      0.813     -0.467
43.3000      -29980.973   -29989.328        8.355   334.9     -0.479     -0.310      0.028      0.119     -0.223     -0.088
43.3500      -29981.327   -29988.996        7.669   307.4     -0.939     -0.175      0.066     -0.007     -0.516     -0.136
43.4000      -29981.469   -29989.559        8.090   324.3     -0.646     -0.939     -0.032      0.306      0.295      0.087
43.4500      -29981.806   -29989.178        7.372   295.5     -0.393     -1.389     -0.126     -0.012      0.190      0.364
43.5000      -29981.756   -29989.350        7.594   304.4     -0.270     -0.438     -0.760     -0.767      0.496      0.217
43.5500      -29981.312   -29989.395        8.082   324.0      0.691      0.491      0.124     -0.093     -0.438     -0.206
43.6000      -29980.476   -29989.287        8.811   353.2      0.520     -0.708      0.277      0.495      0.085      0.002
43.6500      -29980.306   -29989.762        9.455   379.0      0.542      0.999      0.755     -0.223      0.179      0.013
43.7000      -29980.549   -29988.637        8.087   324.2     -0.176     -0.907      0.602     -0.116     -0.319      0.104
43.7500      -29980.665   -29988.859        8.194   328.4     -0.238      0.646     -0.090     -0.033      0.257     -0.387
43.8000      -29980.516   -29988.404        7.888   316.2     -0.389     -0.355      0.603     -0.131     -0.431     -0.210
43.8500      -29980.482   -29988.781        8.299   332.7     -0.216      0.241      0.129     -0.366      0.556     -0.090
43.9000      -29980.509   -29989.266        8.756   351.0     -0.260      0.300      1.095     -0.081      0.107     -0.052
43.9500      -29980.083   -29989.369        9.286   372.2      0.220      0.247     -0.049     -0.093      0.044     -0.124
44.0000      -29979.473   -29988.715        9.242   370.5     -1.223     -0.246      0.032      0.080     -0.151     -0.279
44.0500      -29979.971   -29988.137        8.166   327.3      0.232      0.433      0.369      0.481      0.280     -0.040
44.1000      -29980.115   -29988.701        8.586   344.2     -0.556     -0.218     -0.523      0.631     -0.002     -0.502
44.1500      -29980.251   -29988.439        8.189   328.2     -0.894      0.233     -0.552      0.421     -0.315      0.117
44.2000      -29980.685   -29988.863        8.178   327.8     -0.571     -1.629      0.685      0.135      0.009     -0.047
44.2500      -29980.679   -29989.121        8.442   338.4     -0.515      0.919     -0.382      0.292      0.565      0.071
44.3000      -29980.495   -29988.725        8.230   329.9     -0.617      0.256     -1.116      0.313     -0.205      0.639
44.3500      -29980.995   -29989.438        8.442   338.4     -1.192     -1.079     -0.666      0.366      0.158     -0.335
44.4000      -29981.118   -29989.047        7.929   317.8     -0.150     -0.310     -0.102     -0.138     -0.380     -0.058
44.4500      -29981.150   -29989.191        8.041   322.3     -0.335      0.417     -0.313      0.198      0.091      0.550
44.5000      -29980.841   -29990.068        9.228   369.9     -0.221     -0.309     -0.005     -0.251      0.390     -0.063
44.5500      -29980.791   -29989.494        8.703   348.9     -1.309     -0.346     -1.724      0.027     -0.638      0.321
44.6000      -29980.897   -29989.742        8.845   354.5     -0.155     -0.765     -0.929     -0.066      0.209      0.190
44.6500      -29981.249   -29989.594        8.344   334.5     -1.094      0.004     -0.031      0.597      0.246      0.297
44.7000      -29980.582   -29989.135        8.553   342.9      0.024     -0.894     -0.324      0.142      0.673      0.534
44.7500      -29980.328   -29988.318        7.991   320.3     -0.944     -0.039     -1.156      0.045     -0.282      0.070
44.8000      -29980.295   -29988.830        8.535   342.1      0.277      0.731      0.715      0.155     -0.119     -0.045
44.8500      -29980.992   -29988.348        7.356   294.9     -0.357      0.109     -0.420     -0.047      0.229     -0.123
44.9000      -29981.201   -29988.727        7.526   301.7     -0.012     -0.690     -1.293      0.276     -0.304     -0.115
44.9500      -29981.154   -29989.402        8.249   330.6     -0.307     -0.090      0.182      0.079     -0.276     -0.142
45.0000      -29981.287   -29989.072        7.785   312.1     -0.599     -0.900     -0.516     -0.004     -0.264     -0.419
45.0500      -29981.486   -29989.605        8.119   325.5     -0.209     -1.008     -1.135     -0.010     -0.184     -0.164
45.1000      -29980.922   -29988.896        7.975   319.7     -1.230     -0.499      0.311     -0.097     -0.128      0.289
45.1500      -29981.304   -29988.818        7.514   301.2      1.309     -0.425     -0.910      0.055      0.286      0.155
45.2000      -29981.358   -29988.939        7.582   303.9     -0.385     -0.166     -0.474      0.445     -0.149     -0.350
45.2500      -29980.673   -29988.498        7.825   313.7     -0.257     -0.718     -1.211      0.468      0.117      0.578
45.3000      -29980.773   -29988.807        8.033   322.0     -0.507     -0.561     -0.443     -0.272      0.262     -0.563
45.3500      -29980.537   -29988.391        7.854   314.8     -0.191     -0.526      0.000      0.068     -0.355     -0.138
45.4000      -29980.534   -29988.451        7.918   317.4      0.241     -0.006      0.046      0.120     -0.349     -0.325
45.4500      -29981.040   -29988.842        7.801   312.7     -0.692      0.079      0.588      0.535      1.016     -0.455
45.5000      -29981.462   -29988.779        7.317   293.3      0.325      0.800      0.613     -0.016     -0.633      0.452
45.5500      -29981.137   -29989.162        8.025   321.7     -0.773     -0.240      0.052     -0.346     -0.239      0.045
45.6000      -29980.699   -29989.244        8.545   342.5      0.202     -0.457      0.165     -0.024      0.180      0.040
45.6500      -29981.199   -29988.975        7.776   311.7     -0.297     -0.014      0.048     -0.140     -0.280     -0.491
45.7000      -29981.041   -29989.562        8.522   341.6     -0.865     -0.733     -0.907     -0.025     -0.566      0.006
45.7500      -29980.951   -29989.422        8.471   339.6      0.606     -0.232     -0.161      0.077     -0.267      0.067
45.8000      -29980.769   -29988.900        8.132   326.0      1.166     -0.465      0.474      0.013      0.167      0.361
45.8500      -29980.608   -29988.965        8.357   335.0      0.294     -0.335     -0.130     -0.043     -0.357     -0.070
45.9000      -29981.011   -29988.908        7.897   316.5      0.119      0.100     -0.310     -0.184      0.103     -0.557
45.9500      -29980.862   -29988.840        7.978   319.8     -0.739     -0.524      0.215      0.164     -0.491      0.283
46.0000      -29981.302   -29989.498        8.196   328.5     -0.568     -0.850      0.192     -0.212      0.241      0.451
46.0500      -29980.779   -29988.891        8.111   325.1      0.241     -0.355      0.395     -0.494     -0.223      0.134
46.1000      -29980.642   -29988.607        7.965   319.3      0.665     -0.335      0.180      0.145     -0.040      0.260
46.1500      -29980.642   -29988.695        8.054   322.8     -0.703      0.514      0.007      0.693      0.372      0.589
46.2000      -29980.464   -29988.477        8.012   321.2     -1.180     -0.977     -0.484     -0.785     -0.589     -0.151
46.2500      -29980.452   -29988.566        8.114   325.2     -0.540      0.032     -0.614     -0.190     -0.159     -0.001
46.3000      -29979.699   -29988.023        8.325   333.7      0.077     -0.372     -0.217     -0.225      0.248      0.286
46.3500      -29979.825   -29988.625        8.800   352.8     -0.461     -0.367     -0.803     -0.593     -0.231     -0.011
46.4000      -29980.114   -29988.797        8.682   348.0      0.302     -1.117     -0.410     -0.072      0.370      0.258
46.4500      -29980.490   -29988.994        8.504   340.9     -0.027     -0.234      0.149      0.224      0.054     -0.035
46.5000      -29980.106   -29988.182        8.076   323.7     -0.144      0.289      0.424     -0.257      0.496      0.230
46.5500      -29979.541   -29987.266        7.725   309.6      0.526     -1.265      0.392      0.367      0.127     -0.261
46.6000      -29979.626   -29987.232        7.607   304.9     -1.187     -0.934     -0.880     -0.209      0.275      0.194
46.6500      -29979.146   -29988.072        8.926   357.8      0.438      0.046      0.450      0.300      0.131      0.629
46.7000      -29978.862   -29987.611        8.749   350.7     -0.470     -1.130     -0.862      0.378     -0.200     -0.168
46.7500      -29979.070   -29988.502        9.432   378.1      0.149      0.294      0.517     -0.412     -0.532      0.419
46.8000      -29979.149   -29987.783        8.634   346.1      1.219      0.027      0.252     -0.064     -0.289      0.399
46.8500      -29979.472   -29987.406        7.935   318.1     -1.001     -0.303      0.993      0.257     -0.324      0.161
46.9000      -29979.877   -29988.145        8.267   331.4     -0.514     -0.965     -1.260      0.064     -0.176     -0.129
46.9500      -29979.593   -29988.336        8.743   350.5     -1.005      0.237      0.372      0.085     -0.031     -0.496
47.0000      -29979.588   -29988.457        8.869   355.5     -1.053     -1.081     -0.640     -0.541     -0.429      0.095
47.0500      -29979.210   -29987.822        8.613   345.2      0.250     -1.434      0.299      0.266     -0.294      0.498
47.1000      -29979.608   -29987.912        8.304   332.9      0.273      0.143     -0.185     -0.171     -0.360      0.215
47.1500      -29979.557   -29987.842        8.285   332.1      0.331      0.032      0.917      0.020      0.354      0.001
47.2000      -29979.420   -29987.896        8.477   339.8     -0.396      0.004     -0.456     -0.258     -0.616     -0.238
47.2500      -29980.118   -29988.498        8.380   335.9     -0.634     -0.941     -0.734     -0.065     -0.114      0.172
47.3000      -29980.343   -29988.922        8.579   343.9      0.044     -0.718     -0.063     -0.562      0.191     -0.599
47.3500      -29980.582   -29988.832        8.250   330.7      0.388     -0.128     -0.306      0.601     -0.766     -0.375
47.4000      -29980.513   -29988.770        8.257   331.0      0.342     -1.205     -0.270      0.490     -0.006     -0.350
47.4500      -29980.325   -29988.984        8.660   347.1     -1.205      0.131     -0.587      0.206     -0.068      0.291
47.5000      -29980.299   -29989.418        9.119   365.5      0.353     -0.988     -0.437      0.281     -0.218     -0.140
47.5500      -29980.320   -29988.912        8.592   344.4     -0.249      0.511      0.494      0.278     -0.313      0.189
47.6000      -29980.586   -29988.066        7.480   299.8      0.611     -0.407      1.059     -0.156      0.738      0.144
47.6500      -29980.629   -29989.047        8.418   337.4     -0.375     -0.463      0.182     -0.137     -0.833     -0.326
47.7000      -29980.884   -29989.365        8.481   340.0      0.337      0.289      0.235      0.169      0.381     -0.748
47.7500      -29980.667   -29988.725        8.057   323.0      0.143      0.347      0.959      0.128     -0.517      0.520
47.8000      -29980.591   -29988.902        8.311   333.1     -0.357      0.000      0.168     -0.162      0.058     -0.167
47.8500      -29980.609   -29988.971        8.361   335.2      0.258      0.463     -0.192     -0.121     -0.156      0.222
47.9000      -29980.380   -29988.346        7.966   319.3     -0.793     -0.955     -0.575     -0.071     -0.213     -0.191
47.9500      -29980.188   -29988.740        8.552   342.8     -0.608     -0.681     -0.605     -0.248      0.225      0.294
48.0000      -29980.252   -29988.955        8.703   348.9     -0.336     -0.130      0.063      0.163      0.220     -0.248
48.0500      -29979.841   -29988.988        9.148   366.7     -0.345     -0.608      0.718     -0.234     -0.024      0.025
48.1000      -29978.989   -29987.619        8.630   345.9      0.354     -0.101     -0.192      0.179      0.433      0.037
48.1500      -29978.782   -29988.051        9.269   371.5     -0.992     -0.535     -0.662      0.288      0.440     -0.486
48.2000      -29978.925   -29988.178        9.253   370.9      0.288     -0.345      0.661     -0.345      0.192      0.234
48.2500      -29979.173   -29988.664        9.491   380.5      0.480      1.024     -0.727     -0.156      0.234      0.243
48.3000      -29979.188   -29988.514        9.326   373.8     -0.475     -1.340      0.284     -0.499      0.403     -0.307
48.3500      -29979.056   -29987.998        8.942   358.4     -0.611      0.401     -0.097      0.146     -0.269      0.166
48.4000      -29978.560   -29987.945        9.386   376.2     -0.752     -0.241     -0.714      0.060     -0.027      0.017
48.4500      -29978.480   -29987.848        9.368   375.5     -0.311     -0.077      0.925      0.530     -0.358     -0.135
48.5000      -29978.993   -29988.426        9.433   378.1     -0.877     -0.489     -0.852      0.089      0.275      0.473
48.5500      -29979.368   -29988.447        9.079   363.9     -1.166     -0.261     -0.622      0.347      0.053     -0.048
48.6000      -29979.196   -29987.727        8.531   342.0      0.019     -0.397      0.552      0.060      0.121      0.197
48.6500      -29979.236   -29988.072        8.836   354.2     -0.131     -0.909     -0.948      0.051      0.596      0.297
48.7000      -29979.324   -29988.639        9.315   373.4      0.288     -0.852      0.692      0.253      0.118     -0.072
48.7500      -29979.960   -29989.021        9.062   363.2      0.009     -0.841     -1.116     -0.208      0.319      0.676
48.8000      -29979.947   -29988.621        8.674   347.7     -0.601     -0.351      0.403     -0.069      0.059      0.007
48.8500      -29980.104   -29988.205        8.101   324.7      0.617      0.047     -0.679      0.035     -0.541     -0.135
48.9000      -29979.892   -29988.037        8.145   326.5     -0.511      0.622      0.482     -0.390      0.061      0.344
48.9500      -29979.626   -29987.553        7.927   317.7      0.666      0.285      0.008     -0.696      0.234      0.456
49.0000      -29979.651   -29988.006        8.355   334.9      0.027      0.166      0.553     -0.297     -0.399      0.132
49.0500      -29980.418   -29987.709        7.291   292.3      0.043     -0.417      0.269      0.190      0.246      0.397
49.1000      -29980.136   -29988.166        8.030   321.9      0.952      1.046      0.338     -0.271     -0.412     -0.863
49.1500      -29979.867   -29988.420        8.553   342.8      0.015     -0.608     -0.171      0.034      0.033      0.650
49.2000      -29980.012   -29987.693        7.682   307.9      1.680      0.110     -0.606      0.245     -0.820     -0.045
49.2500      -29980.248   -29988.180        7.931   317.9     -1.374     -0.465      0.996      0.194      0.659      0.005
49.3000      -29979.964   -29988.297        8.333   334.0     -0.403     -0.327      0.072      0.038     -0.798      0.434
49.3500      -29980.167   -29988.100        7.933   318.0     -1.164     -0.285     -1.068      0.463      0.134      0.259
49.4000      -29980.693   -29988.438        7.745   310.4      0.079     -0.519     -0.469      0.189     -0.294      0.002
49.4500      -29980.755   -29988.525        7.770   311.5     -0.681     -0.599     -0.195      0.082      0.162     -0.261
49.5000      -29980.794   -29988.873        8.079   323.8     -0.954     -0.215     -0.641      0.591      0.160      0.075
49.5500      -29980.647   -29988.479        7.832   313.9     -1.237     -0.559     -0.053      0.056     -0.132      0.333
49.6000      -29980.718   -29988.385        7.667   307.3      0.017     -0.923     -0.237     -0.527      0.437      0.113
49.6500      -29980.498   -29988.576        8.078   323.8     -0.466     -0.697      0.156      0.180     -0.658     -0.122
49.7000      -29980.604   -29988.811        8.206   328.9     -0.346     -1.167     -0.961      0.265      0.141     -0.131
49.7500      -29980.417   -29988.838        8.421   337.5     -0.752     -0.032     -0.399      0.267     -0.430      0.017
49.8000      -29980.122   -29988.520        8.397   336.6      0.356      0.005      0.147      0.123      0.263     -0.058
49.8500      -29979.892   -29988.301        8.409   337.1      0.382      0.041      0.144     -0.124     -0.175      0.359
49.9000      -29980.018   -29988.170        8.152   326.8     -0.524     -0.003     -0.333      0.036      0.107      0.171
49.9500      -29979.858   -29987.838        7.980   319.9     -0.300     -0.721      0.278      0.081     -0.077     -0.220
50.0000      -29979.961   -29988.426        8.465   339.3      0.031      0.239     -0.473      0.069      0.085     -0.302
50.0500      -29980.044   -29987.695        7.652   306.7     -0.692     -0.723      0.235      0.668     -0.336      0.278
50.1000      -29979.727   -29987.748        8.021   321.5     -0.622     -0.058     -0.581     -0.043      0.313      0.205
50.1500      -29979.956   -29988.430        8.474   339.7     -0.161     -0.200     -0.470     -0.307      0.068      0.164
50.2000      -29980.081   -29988.479        8.398   336.6     -0.502      0.400     -0.136      0.567      0.213     -0.645
50.2500      -29979.918   -29988.584        8.666   347.4     -0.400     -0.096      0.004     -0.031     -0.334      0.456
50.3000      -29980.092   -29988.807        8.715   349.3      0.467     -0.047     -1.248      0.103      0.524      0.563
50.3500      -29980.065   -29988.184        8.119   325.4     -0.469     -1.091      0.203      0.183     -0.419     -0.375
50.4000      -29980.213   -29988.576        8.363   335.2     -0.522     -0.108      0.058      0.335     -0.151     -0.031
50.4500      -29980.147   -29988.986        8.839   354.3     -0.162     -0.859     -0.556      0.217      0.063      0.049
50.5000      -29979.963   -29989.088        9.125   365.8     -0.857     -0.605     -0.713      0.042      0.023      0.068
50.5500      -29980.325   -29988.756        8.431   337.9     -0.083     -0.448      0.793     -0.554     -0.180      0.062
50.6000      -29979.810   -29988.236        8.426   337.8      0.664      0.716      0.595      0.290      0.114      0.007
50.6500      -29979.198   -29987.920        8.722   349.6     -0.326     -0.200      0.343     -0.041     -0.183      0.023
50.7000      -29979.101   -29987.994        8.893   356.5     -0.036     -0.320     -0.299     -0.332     -0.333      0.027
50.7500      -29978.889   -29987.508        8.619   345.5     -0.425      0.812      0.279     -0.198     -0.082      0.032
50.8000      -29979.083   -29987.250        8.167   327.4      0.291     -0.217      0.121     -0.040      0.461     -0.348
50.8500      -29979.037   -29986.990        7.953   318.8     -0.283     -0.420     -0.264      0.091     -0.200      0.418
50.9000      -29979.337   -29988.072        8.735   350.1     -0.201      0.613      0.469     -0.184      0.131     -0.243
50.9500      -29979.511   -29988.348        8.836   354.2     -0.159      0.158     -0.695     -0.086      0.077      0.378
51.0000      -29979.303   -29987.934        8.631   346.0     -0.947     -0.247     -0.649      0.069     -0.013      0.386
51.0500      -29979.549   -29988.326        8.777   351.8     -0.574      0.267      0.622      0.173     -0.452      0.372
51.1000      -29979.456   -29987.719        8.262   331.2      0.430      0.456     -0.068     -0.122     -0.363      0.126
51.1500      -29979.820   -29987.916        8.096   324.5     -0.071     -0.677     -1.037      0.374      0.096      0.335
51.2000      -29979.448   -29987.768        8.320   333.5     -0.636      0.396     -0.072      0.017      0.277     -0.344
51.2500      -29978.885   -29987.391        8.505   340.9      0.597     -0.532     -0.436      0.161      0.221     -0.123
51.3000      -29978.766   -29987.166        8.400   336.7     -1.086     -0.510      0.545      0.158     -0.257      0.261
51.3500      -29978.754   -29987.068        8.314   333.3     -0.456      0.176     -0.419     -0.219      0.458      0.141
51.4000      -29979.232   -29987.289        8.057   323.0      1.077      1.150      0.759     -0.047     -0.684     -0.063
51.4500      -29979.389   -29987.486        8.097   324.6      0.082      0.405     -0.022      0.452      0.106     -0.049
51.5000      -29979.357   -29987.498        8.141   326.3     -0.666      0.445     -0.094     -0.216      0.309      0.461
51.5500      -29979.504   -29988.121        8.617   345.4      0.395     -0.077     -0.070     -0.141      0.225     -0.044
51.6000      -29979.247   -29987.771        8.524   341.7     -0.632     -0.493     -1.177      0.090     -0.828      0.605
51.6500      -29978.187   -29987.676        9.489   380.4      0.383     -0.294     -0.209      0.038      0.098      0.143
51.7000      -29978.428   -29987.186        8.758   351.1     -0.300      0.160      0.004      0.231     -0.114      0.171
51.7500      -29978.177   -29986.893        8.716   349.4     -0.369     -0.610     -0.043      0.413     -0.280      0.172
51.8000      -29978.495   -29987.070        8.575   343.7     -0.384      0.121      0.299     -0.221      0.210     -0.137
51.8500      -29978.847   -29987.619        8.772   351.6      0.248      0.196      0.208      0.425     -0.113      0.034
51.9000      -29978.741   -29987.504        8.763   351.3     -0.341     -0.182      0.455      0.130     -0.493      0.192
51.9500      -29978.586   -29986.771        8.186   328.1     -0.736     -0.399     -0.913      0.629     -0.072     -0.756
52.0000      -29979.432   -29987.000        7.568   303.4     -0.832     -0.799     -0.464     -0.310     -0.781      0.552
52.0500      -29979.320   -29987.857        8.537   342.2     -0.343      0.492     -0.543     -0.244     -0.158      0.188
52.1000      -29979.393   -29986.900        7.507   300.9     -0.525     -0.732      0.137      0.057     -0.570      0.554
52.1500      -29979.493   -29987.322        7.829   313.8      0.105      0.324      0.890      0.091      0.639      1.016
52.2000      -29979.266   -29987.193        7.927   317.8     -0.142      0.575     -0.697     -0.235     -0.209      0.061
52.2500      -29980.193   -29987.477        7.284   292.0     -0.005      0.096     -0.507     -0.374      0.101      0.068
52.3000      -29980.238   -29988.150        7.912   317.2      0.236     -0.962     -0.332      0.042     -0.156      0.163
52.3500      -29980.200   -29988.939        8.739   350.3     -0.226      0.192     -0.179      0.196     -0.069      0.448
52.4000      -29979.738   -29988.725        8.986   360.2      0.483      0.216     -0.001      0.123      0.003      0.159
52.4500      -29980.420   -29988.764        8.344   334.5      0.212      0.279      0.038      0.323      0.021     -0.645
52.5000      -29980.611   -29988.090        7.478   299.8     -1.002      0.595      0.621     -0.325     -0.481      0.152
52.5500      -29980.601   -29988.559        7.958   319.0      0.198     -0.178      0.179     -0.499      0.421      0.305
52.6000      -29980.850   -29988.393        7.543   302.3     -0.328      1.314      0.094     -0.229     -0.430      0.065
52.6500      -29980.794   -29988.387        7.592   304.3     -0.368     -0.153     -0.269      0.360     -0.197     -0.070
52.7000      -29979.931   -29987.713        7.782   311.9     -0.360     -0.334     -0.117     -0.463      0.158     -0.066
52.7500      -29978.940   -29987.643        8.703   348.8      0.109      0.145     -0.311     -0.192     -0.445     -0.122
52.8000      -29979.065   -29986.750        7.685   308.0     -0.659      0.200      0.977     -0.284      0.696      0.390
52.8500      -29979.422   -29987.662        8.240   330.3     -0.073     -0.132     -0.141      0.009     -0.134     -0.499
52.9000      -29979.908   -29987.629        7.721   309.5     -0.777      0.219      0.149     -0.015      0.655     -0.284
52.9500      -29979.799   -29988.193        8.394   336.5      0.115     -0.527     -0.080     -0.116     -0.293     -0.016
53.0000      -29979.775   -29988.004        8.229   329.9     -0.567     -0.620     -0.123     -0.112     -0.166     -0.286
53.0500      -29979.965   -29988.090        8.125   325.7      0.584     -0.038      0.372      0.533     -0.475      0.170
53.1000      -29980.241   -29988.766        8.524   341.7      0.409      0.001      0.600     -0.098      0.137     -0.054
53.1500      -29980.574   -29988.688        8.114   325.2      0.327      0.768      0.334      0.494      0.030      0.299
53.2000      -29980.976   -29988.281        7.306   292.8     -0.435      0.266      0.024     -0.250     -0.565      0.333
53.2500      -29981.045   -29989.131        8.085   324.1     -0.187     -0.442     -0.135      0.234      0.053     -0.119
53.3000      -29981.432   -29989.631        8.199   328.7      0.168      0.243      0.097     -0.408     -0.184     -0.017
53.3500      -29981.566   -29989.414        7.848   314.6     -0.789     -0.759      0.123     -0.225     -0.195      0.039
53.4000      -29981.669   -29989.904        8.235   330.1      0.304      0.204     -0.025      0.305     -0.599      0.099
53.4500      -29981.041   -29988.635        7.594   304.4      0.277     -0.704     -0.890      0.600      0.184     -0.064
53.5000      -29980.944   -29988.812        7.868   315.4     -0.026      0.755      0.706     -0.220      0.204     -0.110
53.5500      -29980.783   -29988.830        8.047   322.6      0.593      0.014      0.702     -0.140     -0.549      0.507
53.6000      -29980.311   -29988.508        8.197   328.6     -0.315     -0.814     -0.379      0.042      0.012     -0.187
53.6500      -29980.091   -29988.912        8.821   353.6     -0.664     -0.891     -0.612      0.132     -0.153      0.180
53.7000      -29980.377   -29988.777        8.400   336.7      0.065     -0.073     -0.110      0.264     -0.363     -0.432
53.7500      -29980.877   -29988.920        8.043   322.4     -0.287      0.270     -0.208      0.082     -0.535      0.288
53.8000      -29980.871   -29988.771        7.900   316.7      0.005      0.205      0.366      0.395      0.254      0.071
53.8500      -29980.744   -29988.902        8.159   327.0      0.007      0.280     -0.633      0.200      0.444     -0.222
53.9000      -29980.968   -29988.402        7.434   298.0     -0.198     -0.015     -0.275      0.016     -0.369     -0.119
53.9500      -29980.671   -29988.256        7.585   304.0     -0.293     -1.176     -0.232      0.169      0.357     -0.582
54.0000      -29980.797   -29989.264        8.467   339.4     -0.188     -0.454     -0.669     -0.125      0.224     -0.240
54.0500      -29980.548   -29988.918        8.370   335.5     -0.042      0.051      0.038      0.351      0.221      0.190
54.1000      -29980.717   -29988.771        8.054   322.9      0.168     -0.273     -0.749      0.067     -0.149      0.015
54.1500      -29980.788   -29989.365        8.577   343.8     -0.844     -1.258      0.465     -0.018      0.342      0.230
54.2000      -29981.045   -29988.242        7.197   288.5      0.513      0.109     -0.396     -0.052      0.330     -0.197
54.2500      -29981.085   -29989.344        8.258   331.0     -0.292     -0.500     -0.242      0.353      0.010     -0.175
54.3000      -29981.355   -29988.908        7.553   302.8     -0.593      0.256      0.283     -0.595     -0.278      0.038
54.3500      -29981.433   -29988.807        7.373   295.6     -0.477      0.674     -0.145     -0.299     -0.273      0.550
54.4000      -29981.191   -29988.879        7.688   308.2     -0.120     -0.172     -0.597      0.087     -0.161     -0.039
54.4500      -29981.076   -29989.105        8.029   321.8     -0.104      0.413      0.446     -0.284     -0.442     -0.081
54.5000      -29980.847   -29989.266        8.419   337.5     -0.911     -0.158      0.502      0.373      0.702     -0.347
54.5500      -29980.690   -29989.039        8.350   334.7     -0.352      0.039     -0.183      0.202     -0.265     -0.448
54.6000      -29980.702   -29989.275        8.574   343.7     -0.357      0.474     -0.591      0.058     -0.355      0.380
54.6500      -29980.500   -29989.266        8.765   351.4     -1.395      0.694     -0.045      0.597      0.325     -0.438
54.7000      -29980.466   -29989.320        8.855   354.9      0.370     -0.550     -0.307      0.239     -0.261      0.388
54.7500      -29980.214   -29988.992        8.778   351.9     -0.132     -0.332     -0.004      0.369      0.207      0.063
54.8000      -29979.914   -29988.035        8.121   325.5      0.445     -0.770      0.591      0.290      0.039     -0.761
54.8500      -29979.872   -29987.832        7.960   319.1     -1.054     -0.354     -0.250      0.524     -0.002     -0.185
54.9000      -29979.751   -29988.525        8.775   351.7     -0.581     -0.285     -0.545      0.172     -0.021      0.457
54.9500      -29980.103   -29988.594        8.491   340.3     -0.612     -0.227     -0.417     -0.150     -0.256      0.105
55.0000      -29980.336   -29988.908        8.572   343.6     -0.364      0.143      0.211     -0.019      0.178      0.086
55.0500      -29980.696   -29989.279        8.583   344.1     -0.793     -0.325     -0.509      0.204     -0.014      0.055
55.1000      -29981.026   -29989.625        8.599   344.7     -0.473      0.341     -0.367      0.192      0.135     -0.117
55.1500      -29980.980   -29989.010        8.030   321.9     -0.062      0.664      0.809     -0.299     -0.205      0.141
55.2000      -29980.803   -29988.514        7.710   309.1      0.074     -0.055      0.217      0.279      0.104     -0.474
55.2500      -29980.990   -29988.857        7.867   315.3     -0.088      0.045      0.295     -0.172      0.089      0.178
55.3000      -29980.878   -29988.439        7.562   303.1     -0.561      0.250      0.359      0.329      0.566     -0.574
55.3500      -29981.491   -29989.059        7.567   303.3      0.480      0.297     -0.457     -0.746     -0.679      0.009
55.4000      -29981.286   -29988.855        7.569   303.4     -0.584      0.688      0.044     -0.077     -0.493     -0.007
55.4500      -29980.969   -29988.855        7.886   316.1      0.438      0.095     -0.349     -0.033     -0.174      0.312
55.5000      -29980.683   -29988.994        8.312   333.2     -0.453     -0.294      0.845     -0.004     -0.165      0.200
55.5500      -29981.023   -29989.900        8.877   355.8     -0.033     -0.235     -0.295     -0.068      0.102     -0.280
55.6000      -29981.081   -29989.191        8.110   325.1     -0.865      0.170     -0.455      0.390      0.007      0.347
55.6500      -29981.246   -29988.902        7.657   306.9     -0.804     -0.391     -1.109      0.250      0.338     -0.192
55.7000      -29981.549   -29989.123        7.574   303.6     -0.969     -0.472      0.411     -0.803      0.086      0.559
55.7500      -29981.929   -29989.604        7.675   307.6      0.465      0.046      0.295      0.269     -0.288     -0.375
55.8000      -29982.013   -29989.025        7.013   281.1     -0.314      0.589     -0.381     -0.511     -0.627     -0.253
55.8500      -29981.022   -29989.006        7.984   320.0     -0.526     -0.565      0.855      0.013      0.349      0.307
55.9000      -29981.304   -29989.234        7.930   317.9      0.509     -0.736     -0.260      0.020     -0.136     -0.081
55.9500      -29981.281   -29988.688        7.406   296.9     -0.178      0.565     -0.974      0.195      0.039     -0.067
56.0000      -29981.057   -29989.184        8.127   325.8     -0.565     -0.671     -0.723     -0.068      0.177     -0.104
56.0500      -29980.357   -29989.002        8.645   346.5     -0.316     -0.213     -0.515     -0.152      0.525      0.332
56.1000      -29980.794   -29988.641        7.846   314.5      0.071      0.199      0.251     -0.297     -0.205      0.049
56.1500      -29980.949   -29988.764        7.815   313.2     -0.781      0.018      0.183     -0.775     -0.433      0.276
56.2000      -29981.103   -29989.279        8.176   327.7      1.114      0.275     -0.038     -0.185      0.261     -0.380
56.2500      -29980.990   -29989.543        8.553   342.9      0.308      0.332     -0.139     -0.030      0.025     -0.082
56.3000      -29980.604   -29988.793        8.189   328.3      0.837      0.144     -0.086      0.220     -0.037     -0.296
56.3500      -29980.752   -29988.885        8.133   326.0      0.042     -0.819     -0.839      0.445     -0.092      0.282
56.4000      -29980.853   -29988.223        7.370   295.4      0.286     -0.289     -0.220     -0.534     -0.055      0.048
56.4500      -29981.301   -29988.375        7.074   283.6     -0.153      0.220      0.009      0.052      0.311      0.411
56.5000      -29981.430   -29988.602        7.172   287.5     -0.215     -0.147      0.235     -0.115      0.271      0.130
56.5500      -29981.387   -29988.584        7.197   288.5      0.529     -0.169     -1.381      0.484     -0.288     -0.030
56.6000      -29980.999   -29988.695        7.696   308.5     -0.296     -0.201     -0.500     -0.382      0.517      0.123
56.6500      -29980.703   -29988.414        7.711   309.1     -0.168     -0.493      0.179     -0.380      0.017      0.644
56.7000      -29980.949   -29988.883        7.933   318.0      0.638      0.541      0.535      0.101     -0.150     -0.343
56.7500      -29980.278   -29988.912        8.634   346.1     -0.560     -0.401      0.159      0.291      0.096     -0.118
56.8000      -29980.301   -29988.760        8.458   339.1      0.217      0.874     -0.437     -0.126     -0.296      0.148
56.8500      -29979.717   -29988.740        9.023   361.7     -0.130     -0.282     -0.792     -0.001     -0.645     -0.410
56.9000      -29980.283   -29988.854        8.571   343.6      1.163      0.339      0.378     -0.238     -0.381      0.063
56.9500      -29979.681   -29988.484        8.804   352.9     -1.043      0.420      1.056     -0.331      0.470     -0.422
57.0000      -29979.438   -29987.680        8.242   330.4     -0.056     -0.082     -0.051     -0.430     -0.266     -0.022
57.0500      -29979.809   -29987.795        7.986   320.1      0.636     -0.215      0.604     -0.249      0.615      0.534
57.1000      -29979.642   -29988.314        8.673   347.6     -0.101     -1.025     -0.575      0.196      0.630     -0.063
57.1500      -29980.000   -29988.215        8.215   329.3      0.279     -0.788      0.127     -0.114     -0.658      0.693
57.2000      -29980.023   -29987.781        7.759   311.0      0.294     -0.596      0.392     -0.107      0.346     -0.055
57.2500      -29979.822   -29987.924        8.101   324.7      0.759      0.545      0.001      0.412      0.193     -0.334
57.3000      -29980.102   -29988.385        8.283   332.0      0.113     -0.580      0.476     -0.207     -0.085     -0.049
57.3500      -29980.113   -29989.062        8.949   358.7     -1.632     -1.063     -0.861      0.449     -0.130      0.081
57.4000      -29980.434   -29988.686        8.251   330.8      0.811     -0.466     -0.352     -0.236     -0.022     -0.330
57.4500      -29980.981   -29988.922        7.941   318.3     -0.269      0.375     -0.472      0.852      0.077      0.532
57.5000      -29980.309   -29988.510        8.201   328.7      0.374      0.018     -0.414     -0.172      0.577     -0.226
57.5500      -29980.073   -29988.566        8.493   340.5     -0.253      0.066     -0.050      0.263     -0.830      0.339
57.6000      -29980.007   -29988.309        8.301   332.7      0.314     -0.600      0.288      0.152      0.500     -0.122
57.6500      -29980.248   -29988.219        7.971   319.5     -0.336      0.223     -0.327      0.323      0.120      0.450
57.7000      -29980.168   -29988.072        7.905   316.9     -0.113     -0.482     -0.013     -0.542     -0.756     -0.528
57.7500      -29980.355   -29988.338        7.983   320.0     -0.246      0.024     -0.795      0.205     -0.179     -0.153
57.8000      -29980.273   -29987.951        7.678   307.8      0.121     -0.512     -0.097     -0.506      0.418     -0.028
57.8500      -29980.313   -29987.840        7.527   301.7     -0.215      1.172      0.227     -0.381     -0.401      0.063
57.9000      -29980.075   -29988.057        7.981   319.9     -0.348     -0.302     -0.312     -0.029      0.368      0.293
57.9500      -29979.834   -29987.557        7.723   309.6     -0.249     -0.458     -0.160     -0.055     -0.169     -0.115
58.0000      -29980.257   -29987.834        7.577   303.7     -0.161     -0.598      0.336      0.050     -0.003      0.477
58.0500      -29979.730   -29987.941        8.211   329.2     -0.279      0.288      0.405     -0.072     -0.206      0.178
58.1000      -29979.905   -29988.121        8.217   329.4     -0.122     -0.464      0.369     -0.256      0.357      0.430
58.1500      -29980.382   -29988.342        7.959   319.1      0.099     -0.156      0.117     -0.381      0.242     -0.188
58.2000      -29980.237   -29988.207        7.971   319.5      0.225      0.308      0.398     -0.356     -0.083      0.060
58.2500      -29980.185   -29988.045        7.860   315.0     -0.519     -0.226     -1.534      0.238     -0.077     -0.399
58.3000      -29980.265   -29988.387        8.122   325.6      0.195     -0.649      0.342     -0.195      0.423      0.227
58.3500      -29980.597   -29988.047        7.450   298.6     -0.674     -0.419     -1.229     -0.229      0.104      0.009
58.4000      -29980.614   -29987.752        7.138   286.1     -0.058     -0.329     -0.114     -0.675      0.296      0.547
58.4500      -29980.298   -29988.129        7.831   313.9      0.415      0.166     -0.570      0.040     -0.645     -0.003
58.5000      -29980.696   -29988.320        7.625   305.6     -0.241     -0.168     -0.590     -0.401      0.058     -0.001
58.5500      -29980.552   -29987.436        6.883   275.9      0.235     -0.385     -0.252      0.300      0.237     -0.128
58.6000      -29979.639   -29987.715        8.076   323.7     -0.634     -0.169     -0.759     -0.353      0.001      0.232
58.6500      -29979.454   -29987.600        8.145   326.5     -0.005     -0.541     -0.593     -0.088     -0.032      0.160
58.7000      -29979.383   -29987.844        8.461   339.2     -0.029     -0.403     -0.073     -0.303     -0.295     -0.166
58.7500      -29979.165   -29987.912        8.747   350.6     -0.078      0.392     -0.650     -0.124      0.049      0.467
58.8000      -29978.880   -29987.725        8.844   354.5     -0.679     -0.918     -0.710     -0.090     -0.068     -0.087
58.8500      -29979.073   -29987.857        8.785   352.1     -0.264     -0.307      0.036      0.186     -0.109      0.098
58.9000      -29979.449   -29987.160        7.712   309.1     -0.401     -0.409     -0.333      0.296     -0.457     -0.027
58.9500      -29979.270   -29987.193        7.924   317.6     -1.101     -0.451     -1.057      0.219     -0.262     -0.336
59.0000      -29980.023   -29988.379        8.356   334.9     -0.426     -0.243      0.489     -0.285      0.351     -0.529
59.0500      -29979.876   -29988.568        8.692   348.4     -0.809     -0.361     -0.267      0.050     -0.398     -0.116
59.1000      -29979.608   -29988.162        8.555   342.9      0.033     -0.152     -0.163     -0.223      0.629     -0.124
59.1500      -29979.736   -29988.115        8.379   335.9      0.159      0.127      1.241     -0.224     -0.353      0.045
59.2000      -29979.700   -29987.896        8.196   328.5     -0.011     -0.491     -0.241     -0.036     -0.111      0.624
59.2500      -29980.234   -29987.766        7.532   301.9     -0.591     -0.820     -0.292      0.122     -0.296     -0.192
59.3000      -29980.677   -29988.619        7.942   318.3      0.439     -0.027     -0.790      0.156     -0.105     -0.510
59.3500      -29980.540   -29988.174        7.634   306.0     -0.513     -1.616     -0.981     -0.625      0.158     -0.512
59.4000      -29980.296   -29988.807        8.511   341.2     -0.010      0.580      0.087      0.308      0.329     -0.233
59.4500      -29980.391   -29988.385        7.994   320.4      0.524      0.233      0.272      0.244     -0.116     -0.078
59.5000      -29980.485   -29987.859        7.374   295.6     -0.298     -0.900      0.481      0.625      0.289     -0.141
59.5500      -29980.156   -29988.229        8.072   323.6      0.944      0.112      0.464      0.301     -0.091      0.127
59.6000      -29979.906   -29988.168        8.262   331.2     -1.186     -0.647     -0.097      0.228     -0.244     -0.346
59.6500      -29979.653   -29988.156        8.504   340.9     -0.391     -0.536     -0.515      0.011      0.552      0.476
59.7000      -29979.315   -29987.980        8.665   347.3      0.756      0.349      0.091      0.149     -0.093     -0.183
59.7500      -29979.069   -29987.877        8.808   353.1     -1.136     -0.519     -0.110      0.354     -0.340      0.371
59.8000      -29979.374   -29987.416        8.042   322.4      0.472     -0.144     -0.066     -0.635      0.549     -0.251
59.8500      -29979.268   -29987.945        8.677   347.8     -0.506     -0.438      0.300      0.617      0.568      0.236
59.9000      -29979.501   -29987.959        8.458   339.1     -0.210     -0.901     -0.443     -0.066      0.220      0.451
59.9500      -29979.953   -29987.807        7.854   314.8      0.397      0.193     -0.015     -0.182      0.098     -0.119
60.0000      -29980.204   -29988.842        8.637   346.2     -0.571     -0.368     -0.132     -0.526      0.155     -0.385
60.0500      -29980.344   -29988.447        8.104   324.8     -1.025     -0.847     -0.799     -0.125     -0.088     -0.567
60.1000      -29980.681   -29988.678        7.997   320.6      0.460     -0.153      0.944      0.043      0.465      0.162
60.1500      -29980.787   -29988.861        8.075   323.7      0.125      0.592      0.055     -0.506     -0.079      0.257
60.2000      -29980.982   -29989.428        8.446   338.5      0.013      0.588      0.055      0.186     -0.134     -0.319
60.2500      -29980.798   -29988.566        7.768   311.4     -0.468     -0.076      0.319      0.168     -0.043     -0.223
60.3000      -29980.704   -29987.596        6.892   276.2      0.323     -0.600     -0.174      0.519      0.416     -0.100
60.3500      -29980.478   -29988.498        8.020   321.5      0.084      0.637      0.088     -0.523     -0.060      0.906
60.4000      -29980.329   -29988.959        8.630   345.9      0.129      0.127      0.484      0.457     -0.299     -0.097
60.4500      -29979.749   -29988.467        8.718   349.5      0.612      0.611     -0.728     -0.322      0.336      0.299
60.5000      -29979.728   -29987.766        8.037   322.2      0.461     -0.632     -0.914      0.111      0.148      0.301
60.5500      -29979.815   -29987.742        7.928   317.8      0.730      1.432      0.706     -0.171     -0.415     -0.034
60.6000      -29978.745   -29987.594        8.849   354.7     -0.467      0.040      0.647      0.293      0.183      0.229
60.6500      -29978.644   -29987.068        8.424   337.7      0.889      0.365      0.260      0.099     -0.117      0.422
60.7000      -29978.786   -29987.471        8.684   348.1     -0.743     -0.711      0.108      0.163     -0.379     -0.023
60.7500      -29978.794   -29988.451        9.657   387.1      1.406     -0.343      0.515     -0.230     -0.217     -0.062
60.8000      -29978.592   -29987.305        8.713   349.2     -0.301     -0.453     -0.114      0.274      0.544      0.283
60.8500      -29978.850   -29987.336        8.486   340.2     -0.377     -0.290      0.824      0.189     -0.038      0.170
60.9000      -29978.893   -29987.600        8.706   349.0     -0.044     -0.334     -0.383      0.388     -0.200      0.319
60.9500      -29978.851   -29986.391        7.539   302.2     -0.074      0.673     -0.112     -0.185      0.216     -0.584
61.0000      -29979.372   -29987.127        7.755   310.9      0.000      0.909      0.681      0.149     -0.170     -0.054
61.0500      -29979.209   -29988.410        9.201   368.8      0.218      0.674      0.560      0.230      0.395      0.201
61.1000      -29979.420   -29988.309        8.888   356.3     -0.069      0.736      0.100      0.255      0.588     -0.320
61.1500      -29979.411   -29987.641        8.230   329.9     -0.047      0.383      0.605     -0.192      0.321      0.131
61.2000      -29979.766   -29988.379        8.613   345.3      0.262     -0.803      0.231      0.211      0.468      0.235
61.2500      -29979.749   -29987.771        8.023   321.6     -0.268      0.030      0.101      0.062     -0.233     -0.491
61.3000      -29980.213   -29988.469        8.255   330.9     -0.446      1.079     -0.243      0.256      0.025     -0.279
61.3500      -29979.632   -29988.355        8.724   349.7     -0.023     -0.203      0.004     -0.184     -0.244      0.135
61.4000      -29979.688   -29988.055        8.367   335.4     -0.343     -1.031     -0.553      0.228      0.360      0.329
61.4500      -29979.888   -29987.959        8.071   323.5     -0.701      0.961      0.877     -0.507      0.113     -0.226
61.5000      -29979.731   -29987.779        8.048   322.6      0.969      1.131      0.491      0.184      0.014      0.460
61.5500      -29979.616   -29987.842        8.226   329.7     -0.263     -0.143      0.191      0.624     -0.202     -0.212
61.6000      -29979.483   -29988.207        8.724   349.7     -0.143     -1.024     -0.494     -0.682     -0.695      0.120
61.6500      -29979.514   -29988.018        8.503   340.9     -0.083     -0.328      0.268      0.519      0.456      0.063
61.7000      -29979.552   -29987.826        8.274   331.7      0.316     -0.247     -0.158     -0.455      0.002     -0.243
61.7500      -29979.346   -29987.996        8.650   346.7     -0.810     -0.633     -0.195      0.096      0.123      0.206
61.8000      -29979.102   -29987.082        7.980   319.9      0.138     -0.448     -0.212     -0.052     -0.038     -0.167
61.8500      -29979.112   -29987.498        8.386   336.2      0.561     -0.027      0.048      0.213     -0.181      0.167
61.9000      -29978.791   -29987.855        9.064   363.3     -1.718     -0.318     -1.101     -0.329      0.413     -0.027
61.9500      -29979.115   -29987.340        8.225   329.7     -0.167      0.116     -0.551      0.251      0.742     -0.771
62.0000      -29979.345   -29988.527        9.182   368.1     -0.383     -0.263      0.182     -0.187     -0.184     -0.103
62.0500      -29979.718   -29988.062        8.345   334.5     -0.705     -1.143     -0.864      0.130     -0.250     -0.057
62.1000      -29979.367   -29988.020        8.653   346.9     -0.949      0.037     -0.337      0.133     -0.075      0.225
62.1500      -29979.015   -29987.979        8.964   359.3      0.109     -0.407     -1.115     -0.318     -0.031      0.390
62.2000      -29979.871   -29988.096        8.225   329.7     -0.745     -1.298     -0.779      0.776     -0.373      0.449
62.2500      -29980.386   -29989.244        8.858   355.1      0.571      1.082      0.610     -0.472     -0.595     -0.692
62.3000      -29979.838   -29988.072        8.234   330.1      0.143      0.034     -0.046      0.311      0.256     -0.004
62.3500      -29979.639   -29988.102        8.463   339.2      0.171      0.588      1.359     -0.315      0.055     -0.464
62.4000      -29979.825   -29988.109        8.284   332.1      0.065     -1.053     -0.402      0.465     -0.048     -0.090
62.4500      -29979.868   -29987.881        8.012   321.2      0.065      0.490     -0.421     -0.711      0.086     -0.160
62.5000      -29979.810   -29988.090        8.280   331.9      0.052     -0.534     -0.463      0.407     -0.547      0.229
62.5500      -29980.027   -29988.701        8.675   347.7     -0.072     -0.878      0.173     -0.287      0.587      0.028
62.6000      -29979.934   -29988.307        8.372   335.6      0.398     -0.260     -0.483      0.320     -0.236     -0.039
62.6500      -29979.764   -29988.287        8.523   341.6      0.791     -0.743      0.353     -0.732     -0.049      0.152
62.7000      -29979.953   -29988.475        8.521   341.6     -0.985     -0.947     -0.045      0.031     -0.491     -0.288
62.7500      -29979.382   -29987.850        8.467   339.4     -0.191     -0.811      0.349     -0.048     -0.181      0.291
62.8000      -29979.734   -29988.236        8.502   340.8      0.279      0.785      0.431      0.199      0.613     -0.234
62.8500      -29980.361   -29989.260        8.898   356.7      0.334     -0.567     -0.072      0.069     -0.022     -0.302
62.9000      -29980.631   -29988.574        7.943   318.4     -1.062      0.041     -0.348     -0.635     -0.572     -0.041
62.9500      -29980.891   -29988.635        7.744   310.4      0.048      0.171     -0.598      0.187      0.357      0.153
63.0000      -29981.149   -29988.596        7.447   298.5      0.158     -0.446      0.328     -0.664     -0.189     -0.142
63.0500      -29981.510   -29989.477        7.966   319.3      0.128      0.344      0.052     -0.076      0.105     -0.290
63.1000      -29981.244   -29989.652        8.409   337.1      0.384     -0.262      0.294      0.501      0.257      0.122
63.1500      -29981.845   -29989.531        7.687   308.1     -0.548     -1.161     -0.214     -0.233      0.140     -0.019
63.2000      -29981.715   -29989.283        7.568   303.4      0.336      0.250     -1.112      0.039     -0.276      0.250
63.2500      -29981.414   -29989.139        7.724   309.6     -1.007     -0.465     -0.950     -0.028     -0.101      0.017
63.3000      -29981.435   -29988.910        7.475   299.6     -0.182     -0.345     -0.697      0.265     -0.292     -0.119
63.3500      -29981.034   -29989.674        8.640   346.3      0.430      0.655      0.527     -0.018     -0.098     -0.172
63.4000      -29981.085   -29989.156        8.071   323.5     -0.237     -0.469     -0.516      0.390      0.083      0.250
63.4500      -29981.182   -29989.543        8.361   335.1      1.138      0.539      0.096     -0.290     -0.396     -0.132
63.5000      -29980.604   -29988.992        8.388   336.2     -0.545     -1.171      0.550      0.048     -0.105     -0.013
63.5500      -29981.262   -29988.869        7.607   304.9     -0.078     -0.564     -1.023      0.041     -0.036      0.104
63.6000      -29980.708   -29989.227        8.519   341.5     -0.906     -0.813     -1.066      0.294     -0.275      0.736
63.6500      -29980.627   -29989.213        8.586   344.2     -0.568     -0.270      0.014     -0.178      0.248      0.022
63.7000      -29980.305   -29989.439        9.135   366.2      0.038     -0.756     -0.665      0.136      0.359     -0.093
63.7500      -29980.332   -29989.643        9.311   373.2     -0.350     -0.476     -0.671     -0.296      0.447      0.484
63.8000      -29980.323   -29989.273        8.951   358.8      0.441      0.007     -0.080     -0.213     -0.504     -0.387
63.8500      -29979.979   -29989.014        9.035   362.2     -0.271      0.162     -0.863      0.107      0.048      0.041
63.9000      -29980.053   -29988.809        8.756   351.0      0.074      0.507      0.027      0.742     -0.499     -0.157
63.9500      -29979.708   -29988.227        8.518   341.5     -0.663     -0.754     -0.382     -0.383     -0.393      0.019
64.0000      -29979.754   -29988.002        8.248   330.6     -0.602     -0.370     -0.679      0.162     -0.225      0.120
64.0500      -29980.033   -29987.816        7.783   312.0     -0.353     -0.511      0.136      0.327      0.253     -0.677
64.1000      -29979.949   -29988.488        8.539   342.3     -0.627     -0.871     -0.164      0.451     -0.068      0.173
64.1500      -29979.970   -29988.096        8.125   325.7      0.036      0.121     -0.962      0.151     -0.342     -0.149
64.2000      -29979.240   -29987.760        8.520   341.5     -0.641      0.151      0.698      0.375      0.830     -0.462
64.2500      -29979.378   -29987.904        8.526   341.8      0.305     -0.103      0.083     -0.138     -0.124      0.572
64.3000      -29979.578   -29988.160        8.582   344.0     -1.090      0.169     -0.468     -0.129     -0.384     -0.101
64.3500      -29979.692   -29988.434        8.742   350.4     -0.953     -0.981      0.081     -0.152      0.113      0.023
64.4000      -29979.503   -29988.381        8.878   355.9     -0.207      0.046      0.256      0.905     -0.034     -0.498
64.4500      -29979.793   -29988.332        8.539   342.3     -0.895     -0.404      0.081      0.132      0.136     -0.081
64.5000      -29979.683   -29988.617        8.934   358.1     -0.590     -0.414     -0.448      0.368      0.153     -0.057
64.5500      -29979.134   -29988.275        9.141   366.4      0.225      0.257      0.230     -0.080     -0.282      0.318
64.6000      -29979.252   -29988.066        8.814   353.3     -0.359     -0.194      0.126     -0.119      0.337     -0.471
64.6500      -29979.531   -29987.771        8.241   330.3      0.104     -0.703     -0.921      0.571     -0.282      0.734
64.7000      -29979.685   -29987.195        7.510   301.1     -0.869     -0.608     -0.754     -0.179      0.225      0.075
64.7500      -29980.028   -29987.887        7.858   315.0     -0.028     -0.784      0.401     -0.375     -0.334      0.204
64.8000      -29980.400   -29988.215        7.815   313.3     -0.494      0.178      0.477      0.596      0.998      0.317
64.8500      -29980.551   -29988.324        7.773   311.6     -0.466     -0.117      0.378     -0.754      0.183      0.136
64.9000      -29980.209   -29988.510        8.301   332.7      0.010     -0.282      0.265      0.180     -0.798     -0.026
64.9500      -29979.704   -29987.902        8.199   328.6      0.699      1.722      1.144     -0.061      0.147     -0.201
65.0000      -29979.421   -29988.324        8.903   356.9      1.408      0.428      0.707      0.556      0.027     -0.372
65.0500      -29979.035   -29987.623        8.588   344.3      0.199      0.440     -0.232     -0.191     -0.436      0.115
65.1000      -29979.354   -29987.807        8.453   338.8      0.139      0.877      1.112      0.040      0.123     -0.140
65.1500      -29980.052   -29987.865        7.813   313.2      1.653      0.323      0.483      0.115     -0.410      0.023
65.2000      -29980.114   -29988.664        8.550   342.7     -0.179     -0.064     -0.483     -0.395     -0.500      0.043
65.2500      -29979.927   -29988.258        8.331   333.9      0.766     -0.426     -0.302     -0.004      0.034     -1.039
65.3000      -29980.712   -29989.066        8.354   334.9     -0.411      0.571      0.002     -0.022     -0.300     -0.388
65.3500      -29980.842   -29989.312        8.470   339.5     -0.118      0.303     -1.145      0.173      0.347     -0.524
65.4000      -29980.949   -29988.758        7.808   313.0     -0.153      0.168      0.171     -0.292     -0.141      0.035
65.4500      -29980.810   -29988.988        8.178   327.8      0.055      0.692      0.383      0.040      0.162      0.133
65.5000      -29981.104   -29988.789        7.685   308.0      0.416     -0.513     -0.060      0.017      0.125     -0.149
65.5500      -29981.274   -29989.609        8.336   334.1     -0.227      0.843     -1.101     -0.276     -0.012      0.345
65.6000      -29981.405   -29989.934        8.529   341.9     -0.450     -0.623     -0.473      0.227     -0.429      0.088
65.6500      -29981.552   -29989.793        8.241   330.3      0.301     -0.845     -1.464      0.055     -0.291     -0.370
65.7000      -29980.734   -29988.777        8.043   322.4      0.117     -0.185     -0.237      0.524     -0.373      0.418
65.7500      -29981.241   -29989.340        8.099   324.6     -0.524     -0.217      0.026     -0.278      0.004      0.477
65.8000      -29980.800   -29989.375        8.575   343.7     -0.113      0.109      0.504      0.966     -0.679      0.002
65.8500      -29980.126   -29989.139        9.013   361.3     -1.080     -0.988     -0.327     -0.425     -0.517      0.011
65.9000      -29980.100   -29988.463        8.363   335.2      0.365     -0.293     -0.805      0.128     -0.406      0.093
65.9500      -29980.120   -29988.145        8.025   321.7     -0.550      0.049      1.191      0.272      0.498      0.063
66.0000      -29980.217   -29988.902        8.686   348.2     -0.464     -0.607     -0.299      0.211     -0.309     -0.497
66.0500      -29980.483   -29988.877        8.394   336.5      0.945      0.598      0.085     -0.034     -0.277      0.920
66.1000      -29980.570   -29988.574        8.004   320.8     -0.461     -0.037      0.347     -0.267     -0.584     -0.642
66.1500      -29980.625   -29989.035        8.410   337.1     -0.704      0.166     -0.320      0.358      0.167      0.520
66.2000      -29980.348   -29988.756        8.407   337.0     -0.366      0.011     -0.813      0.225     -0.227      0.342
66.2500      -29980.882   -29988.350        7.467   299.3      0.186     -0.366     -0.226     -0.127      0.433      0.680
66.3000      -29980.992   -29988.686        7.694   308.4     -0.488     -0.387     -0.245     -0.387      0.216     -0.196
66.3500      -29980.877   -29988.750        7.873   315.6     -0.596      0.062     -0.136     -0.252      0.066     -0.428
66.4000      -29980.539   -29989.031        8.492   340.4     -0.541      0.268      0.358     -0.143     -0.106      0.278
66.4500      -29980.369   -29988.381        8.012   321.1     -0.027     -0.528      0.161      0.001     -0.059      0.265
66.5000      -29980.072   -29988.297        8.225   329.7     -0.609     -0.571     -0.139      0.293     -0.163     -0.188
66.5500      -29980.183   -29988.316        8.133   326.0      0.199      1.232     -0.092      0.187      0.457      0.577
66.6000      -29980.154   -29988.193        8.040   322.3     -0.315     -1.090     -0.268      0.316     -0.711     -0.714
66.6500      -29979.491   -29989.414        9.923   397.8     -0.981      0.132     -0.560      0.330      0.483      0.365
66.7000      -29979.199   -29988.508        9.309   373.1      0.112     -0.549      0.151      0.042      0.149     -0.653
66.7500      -29979.006   -29987.992        8.987   360.2     -1.133     -1.246     -0.830     -0.087      0.391      0.510
66.8000      -29979.477   -29988.006        8.529   341.9      0.049      0.185      0.366      0.383     -0.064      0.482
66.8500      -29979.191   -29987.635        8.443   338.4     -0.723      0.043     -0.048      0.048      0.493      0.354
66.9000      -29979.170   -29987.969        8.799   352.7     -0.180     -1.424     -0.308      0.750     -0.524     -0.365
66.9500      -29979.275   -29988.232        8.958   359.1     -0.241     -0.663     -0.493     -0.619     -0.079     -0.439
67.0000      -29978.836   -29987.717        8.881   356.0     -0.128     -0.741      0.407     -0.117     -0.559      0.185
67.0500      -29978.726   -29987.807        9.081   364.0     -0.952     -0.873     -1.224      0.152      0.322     -0.082
67.1000      -29978.831   -29987.861        9.031   362.0      0.127     -0.701      0.280      0.475      0.352      0.047
67.1500      -29979.156   -29987.316        8.160   327.1      0.478      1.116     -0.243     -0.209     -0.252      0.322
67.2000      -29979.262   -29988.809        9.546   382.7     -0.003     -0.333     -0.191      0.233     -0.217      0.407
67.2500      -29979.673   -29988.605        8.932   358.1     -0.602     -1.991     -0.870     -0.123     -0.233      0.054
67.3000      -29979.957   -29988.336        8.379   335.9     -0.189     -0.544     -1.080      0.013     -0.312      0.405
67.3500      -29980.326   -29988.818        8.492   340.4     -0.606     -0.667      0.382      0.245      0.423      0.036
67.4000      -29980.219   -29988.762        8.543   342.4     -0.350      0.638      0.506      0.504     -0.471     -0.162
67.4500      -29979.941   -29988.570        8.630   345.9      0.346     -0.472     -1.208      0.172      0.513      0.434
67.5000      -29979.952   -29988.611        8.659   347.1     -1.104     -0.778     -0.542     -0.094     -0.369      0.047
67.5500      -29979.522   -29987.688        8.166   327.3     -1.129     -0.449     -0.493      0.127      0.291     -0.133
67.6000      -29979.995   -29989.055        9.059   363.1     -0.494      0.329     -0.856     -0.002     -0.068     -0.026
67.6500      -29980.343   -29988.771        8.428   337.9     -0.208     -0.862     -0.902     -0.340     -0.293     -0.157
67.7000      -29980.372   -29988.959        8.587   344.2     -0.844     -1.352     -0.686     -0.296     -0.262     -0.373
67.7500      -29981.022   -29989.416        8.394   336.5      0.057      0.065     -0.309      0.234      0.213     -0.281
67.8000      -29981.313   -29989.555        8.242   330.4     -0.090      0.248     -0.385      0.194      0.385      0.361
67.8500      -29981.566   -29990.260        8.694   348.5     -0.417     -0.354     -0.762     -0.272     -0.097     -0.479
67.9000      -29980.706   -29989.113        8.408   337.0      1.097      0.187     -0.386      0.361     -0.085      0.147
67.9500      -29980.344   -29987.939        7.596   304.5     -0.972      0.993      0.516     -0.006      0.349     -0.035
68.0000      -29980.081   -29988.611        8.530   341.9      0.108      0.337      0.319     -0.483     -0.035     -0.346
68.0500      -29980.022   -29988.402        8.380   335.9      0.167     -0.549     -0.666      0.123     -0.438      0.763
68.1000      -29980.413   -29988.518        8.104   324.9     -0.707     -0.855     -0.619     -0.469     -0.097     -0.246
68.1500      -29979.843   -29987.738        7.895   316.5     -0.458      0.426     -0.333     -0.087     -0.061     -0.489
68.2000      -29979.576   -29988.500        8.924   357.7      0.178     -0.290     -0.887     -0.433      0.547      0.125
68.2500      -29979.877   -29987.518        7.640   306.3     -0.144      0.184     -0.185      0.182     -0.089     -0.337
68.3000      -29979.583   -29987.412        7.829   313.8      0.654      0.699      0.071     -0.010      0.346      0.327
68.3500      -29979.815   -29988.010        8.195   328.5     -0.172      0.296     -0.020      0.289     -0.260      0.234
68.4000      -29979.594   -29988.545        8.951   358.8      0.618     -0.027     -0.488      0.193      0.120     -0.081
68.4500      -29980.227   -29988.635        8.407   337.0     -0.860      0.625      0.629      0.005      0.465      0.206
68.5000      -29980.388   -29988.518        8.129   325.9     -0.726     -0.795     -0.193      0.273     -0.249      0.079
68.5500      -29980.299   -29988.799        8.500   340.7     -0.386      0.143     -0.813     -0.114      0.171      0.129
68.6000      -29980.015   -29988.393        8.377   335.8     -0.392     -0.822      0.140     -0.452     -0.036      0.222
68.6500      -29980.623   -29988.742        8.119   325.4     -0.333     -0.619      0.078     -0.071     -0.002      0.269
68.7000      -29980.224   -29988.838        8.613   345.3      0.254     -1.049     -0.269      0.851     -0.556      0.456
68.7500      -29979.923   -29987.643        7.720   309.4     -1.599     -0.528     -0.727      0.074      0.508     -0.172
68.8000      -29979.901   -29988.145        8.243   330.4     -0.717     -0.734     -0.535      0.067      0.021     -0.115
68.8500      -29979.509   -29988.518        9.008   361.1     -0.760      0.064     -0.843      0.011      0.038     -0.023
68.9000      -29979.866   -29988.162        8.296   332.5      0.154     -0.845     -0.216      0.084     -0.884      0.320
68.9500      -29979.679   -29988.312        8.633   346.1     -0.951     -0.778     -0.649      0.120      0.408     -0.009
69.0000      -29979.581   -29987.828        8.247   330.6      0.219      0.177     -0.272     -0.428     -0.312      0.230
69.0500      -29980.039   -29988.090        8.050   322.7     -0.888     -1.047     -0.936     -0.217     -0.265     -0.174
69.1000      -29980.242   -29988.387        8.144   326.5     -0.486      0.651      0.426      0.248      0.244     -0.124
69.1500      -29980.705   -29989.121        8.416   337.3     -0.196      0.325      0.874     -0.403     -0.400      0.479
69.2000      -29980.321   -29988.717        8.396   336.6     -0.388     -1.114     -0.298     -0.135      0.252     -0.220
69.2500      -29981.016   -29989.316        8.301   332.7      0.490      0.487     -0.162      0.113     -0.559      0.198
69.3000      -29981.829   -29989.566        7.737   310.1      0.058     -0.380      0.388     -0.255      0.317      0.003
69.3500      -29981.698   -29989.465        7.767   311.3      0.388     -0.140     -0.680     -0.934      0.352     -0.640
69.4000      -29981.741   -29989.760        8.019   321.4     -0.100     -0.219      0.742      0.690     -0.004     -0.083
69.4500      -29981.963   -29989.428        7.465   299.2      0.512      0.426      0.528      0.080     -0.168     -0.213
69.5000      -29982.024   -29990.121        8.097   324.6     -1.094     -0.169     -0.569      0.233     -0.064      0.113
69.5500      -29982.344   -29990.594        8.250   330.7     -0.047     -0.445      0.291      0.101      0.181     -0.108
69.6000      -29982.508   -29990.186        7.678   307.8     -1.104     -0.970     -1.129      0.192     -0.096      0.029
69.6500      -29982.198   -29990.270        8.072   323.5      0.001     -0.143     -0.727      0.143     -0.194     -0.005
69.7000      -29981.728   -29989.715        7.987   320.2     -0.123     -0.406     -0.925     -0.071     -0.199     -0.139
69.7500      -29981.281   -29989.072        7.791   312.3     -0.092     -1.853     -0.853      0.210     -0.497      0.087
69.8000      -29981.259   -29989.252        7.993   320.4     -0.772     -0.128     -0.328      0.196      0.311     -0.151
69.8500      -29981.486   -29989.145        7.658   307.0     -0.975     -0.449     -0.406     -0.463     -0.121      0.523
69.9000      -29981.381   -29989.289        7.908   317.0     -0.328      0.196      0.133     -0.095     -0.168     -0.413
69.9500      -29981.254   -29989.383        8.129   325.8     -0.054     -0.245      1.252     -0.061      0.438     -0.021
70.0000      -29981.669   -29989.037        7.368   295.4      0.268     -0.076     -0.386     -0.318      0.166     -0.264
70.0500      -29981.754   -29989.295        7.541   302.3     -0.055     -0.449     -0.182      0.096     -0.246      0.179
70.1000      -29981.513   -29988.451        6.939   278.1     -0.253      0.172      1.398     -0.193     -0.479     -0.192
70.1500      -29981.500   -29989.086        7.586   304.1      0.143     -0.225     -0.150      0.283     -0.478     -0.228
70.2000      -29980.865   -29989.035        8.170   327.5     -0.765     -0.225     -0.821     -0.052     -0.173      0.400
70.2500      -29980.346   -29988.545        8.199   328.7     -0.193     -0.132     -0.098     -0.084      0.346     -0.021
70.3000      -29980.189   -29988.611        8.422   337.6     -0.502      0.354      0.457      0.377      0.516     -0.118
70.3500      -29979.882   -29987.480        7.599   304.6     -0.409     -0.894     -1.302      0.297     -0.152      0.490
70.4000      -29980.434   -29988.191        7.757   310.9      0.650     -0.340      0.680     -0.242      0.839     -0.412
70.4500      -29980.134   -29988.812        8.679   347.9     -0.399     -0.610     -0.571     -0.325      0.099      0.268
70.5000      -29979.952   -29988.064        8.112   325.2     -0.709     -0.700      0.347     -0.074     -0.012     -0.624
70.5500      -29980.383   -29988.523        8.141   326.3     -0.281     -0.456     -1.401     -0.081      0.735     -0.242
70.6000      -29980.678   -29988.840        8.162   327.2     -0.971      0.172     -0.906     -0.631     -0.218     -0.534
70.6500      -29980.677   -29989.422        8.745   350.6     -0.164      0.210      0.246      0.582     -0.254     -0.199
70.7000      -29980.605   -29989.168        8.563   343.2      0.394     -0.219     -0.526      0.051      0.087     -0.233
70.7500      -29980.811   -29988.852        8.041   322.3      0.071      0.164     -1.199      0.192      0.338     -0.157
70.8000      -29980.954   -29989.113        8.159   327.0     -0.228     -0.883      0.024     -0.495      0.402      0.236
70.8500      -29981.104   -29989.023        7.920   317.5     -0.641      0.217     -0.165      0.537     -0.242      0.115
70.9000      -29981.525   -29989.459        7.934   318.0     -0.157     -0.325      0.706     -0.313     -0.330     -0.258
70.9500      -29980.861   -29988.637        7.775   311.7      0.177      0.326      0.100     -0.413     -0.422     -0.067
71.0000      -29981.312   -29988.924        7.612   305.1     -0.453      0.042     -0.777      0.126     -0.457     -0.129
71.0500      -29981.438   -29989.604        8.165   327.3      0.274     -0.178     -0.338      0.195      0.134      0.260
71.1000      -29981.451   -29989.279        7.828   313.8     -0.097     -0.285     -0.161     -0.749     -0.021      0.056
71.1500      -29981.296   -29988.740        7.445   298.4      0.219      0.285      0.702     -0.292     -0.471     -0.206
71.2000      -29981.004   -29989.299        8.295   332.5      0.164     -0.135      0.849     -0.745     -0.271      0.391
71.2500      -29980.738   -29989.275        8.537   342.2      0.405     -0.417      0.001     -0.487      0.124     -0.630
71.3000      -29980.445   -29989.070        8.626   345.8     -0.007     -1.268     -0.050     -0.131      0.158      0.036
71.3500      -29980.341   -29988.729        8.388   336.2      0.307      0.017     -0.685      0.329     -0.489     -0.163
71.4000      -29980.308   -29988.689        8.382   336.0      0.044      1.040      0.859     -0.040     -0.177     -0.027
71.4500      -29980.389   -29988.631        8.242   330.4     -0.185     -0.199     -0.213     -0.562      0.060      0.404
71.5000      -29980.173   -29988.295        8.122   325.6      0.218      0.415     -0.141      0.059      0.233      0.009
71.5500      -29980.243   -29988.779        8.536   342.2      0.567      0.262      0.442      0.602     -0.011     -0.074
71.6000      -29980.955   -29988.834        7.879   315.8      0.373      0.829      0.454      0.079      0.167     -0.705
71.6500      -29981.208   -29988.752        7.544   302.4      1.374      0.340     -0.243      0.238     -0.329      0.166
71.7000      -29980.507   -29989.055        8.547   342.6      0.166      0.113      0.886     -0.267     -0.301      0.364
71.7500      -29980.178   -29988.818        8.641   346.4      0.294      0.318      0.117     -0.157      0.060     -0.745
71.8000      -29980.302   -29988.359        8.058   323.0     -0.376     -0.585     -0.244     -0.544      0.219     -0.430
71.8500      -29980.431   -29988.391        7.959   319.0     -0.479     -0.179      0.339     -0.187     -0.461      0.568
71.9000      -29980.627   -29988.723        8.096   324.5      1.209      0.575      0.003     -0.316     -0.017     -0.164
71.9500      -29980.768   -29989.119        8.351   334.7     -0.648     -0.558     -0.223      0.216      0.234     -0.945
72.0000      -29981.045   -29988.900        7.855   314.9     -0.110     -0.335      0.552      0.204     -0.455      0.454
72.0500      -29980.908   -29989.434        8.526   341.8      1.211      0.050     -0.157     -0.313     -0.163      0.039
72.1000      -29981.159   -29988.846        7.686   308.1      0.529      0.217     -0.304     -0.424     -0.197      0.467
72.1500      -29981.215   -29989.088        7.873   315.6      0.092     -0.017     -0.476      0.097     -0.248      0.599
72.2000      -29981.019   -29988.676        7.657   306.9      0.153      0.545      0.093      0.045      0.067     -0.541
72.2500      -29980.102   -29988.152        8.050   322.7      0.529      0.178      0.264     -0.125     -0.182     -0.154
72.3000      -29979.834   -29987.654        7.820   313.5      0.681      1.255      0.669     -0.186      0.332     -0.049
72.3500      -29979.670   -29989.307        9.636   386.3      0.240     -0.190     -0.412     -0.452     -0.133      0.588
72.4000      -29980.172   -29989.145        8.973   359.7     -0.768     -0.216      0.898      0.213     -0.452     -0.483
72.4500      -29980.429   -29989.172        8.743   350.5     -0.886     -0.202     -0.715      0.404     -0.217     -0.385
72.5000      -29980.913   -29989.266        8.353   334.8      0.519     -0.107      1.592      0.528      0.310     -0.003
72.5500      -29980.924   -29989.527        8.604   344.9     -0.015      0.322     -0.702     -0.570      0.175     -0.283
72.6000      -29981.156   -29989.312        8.157   327.0     -0.095     -0.524     -0.793      0.526      0.006     -0.574
72.6500      -29981.062   -29989.559        8.497   340.6      0.896      0.114      0.120     -0.048      0.044      0.146
72.7000      -29981.110   -29989.168        8.058   323.0     -0.522     -0.226     -1.125     -0.461     -0.147      0.064
72.7500      -29981.197   -29989.088        7.891   316.3      0.159      0.419      1.671      0.684      0.096      0.147
72.8000      -29980.711   -29989.436        8.725   349.7      0.279     -1.025     -0.962      0.129      0.109      0.420
72.8500      -29980.917   -29989.121        8.204   328.8     -1.155     -0.535     -0.347      0.066     -0.151      0.515
72.9000      -29981.260   -29989.510        8.250   330.7     -0.485     -0.135     -0.212      0.150      0.529     -0.252
72.9500      -29980.810   -29988.490        7.680   307.9     -0.526     -0.036     -0.337     -0.158     -0.261      0.300
73.0000      -29980.971   -29988.666        7.695   308.5      0.427     -0.586     -0.169      0.153      0.838      0.297
73.0500      -29980.928   -29989.605        8.678   347.9      0.467      0.969      1.145     -0.449      0.090      0.312
73.1000      -29980.581   -29989.428        8.847   354.6     -0.550     -0.602     -0.024      0.506      0.145     -0.365
73.1500      -29980.948   -29988.629        7.681   307.9      0.161      0.741      0.329      0.552      0.648      0.261
73.2000      -29981.177   -29989.162        7.985   320.1      0.155      0.091      0.375      0.475      0.041     -0.045
73.2500      -29980.702   -29988.979        8.277   331.8      0.715      1.101      0.724     -0.476      0.313     -0.019
73.3000      -29981.075   -29989.318        8.243   330.4     -0.872     -0.508     -0.537      0.198      0.003     -0.040
73.3500      -29980.942   -29988.984        8.043   322.4     -0.358      0.453     -0.632      0.025     -0.160     -0.275
73.4000      -29981.070   -29989.398        8.329   333.8     -0.570     -0.597     -0.629     -0.281      0.435     -0.235
73.4500      -29981.258   -29988.447        7.189   288.2     -0.514     -0.098      0.236      0.105     -0.200     -0.426
73.5000      -29981.246   -29989.059        7.813   313.2      0.295      0.926      0.446      0.129     -0.443      0.443
73.5500      -29980.946   -29988.736        7.790   312.3      0.640     -0.655      0.364     -0.981     -0.423     -0.595
73.6000      -29980.573   -29989.518        8.944   358.5     -0.392      0.242     -0.526     -0.027      0.190     -0.611
73.6500      -29981.102   -29989.414        8.312   333.2     -1.135     -0.925     -0.373      0.450     -0.230      0.282
73.7000      -29980.830   -29989.312        8.482   340.0     -0.284     -0.333     -0.118     -0.346     -0.035     -0.285
73.7500      -29981.090   -29989.488        8.398   336.6     -0.919      0.372     -0.912     -0.129      0.203     -0.455
73.8000      -29981.291   -29989.611        8.321   333.5     -0.126     -0.078      0.283      0.194      0.417     -0.272
73.8500      -29980.882   -29990.092        9.210   369.2      0.520     -0.590      0.354     -0.123     -0.278      0.658
73.9000      -29980.744   -29988.732        7.989   320.2     -0.255     -0.209     -0.724      0.222      0.270     -0.039
73.9500      -29980.628   -29988.414        7.786   312.1     -0.418     -0.498     -0.094      0.069      0.477      0.258
74.0000      -29981.261   -29988.914        7.653   306.8      0.132     -0.793     -0.147     -0.221     -0.608     -0.033
74.0500      -29981.630   -29989.037        7.407   296.9     -0.162     -0.634     -0.624     -0.047     -0.041     -0.005
74.1000      -29981.100   -29988.975        7.874   315.6     -0.268     -0.080      0.437      0.325      0.057      0.194
74.1500      -29981.304   -29989.799        8.495   340.5      0.163      0.096      0.152     -0.292      0.323     -0.212
74.2000      -29981.628   -29989.662        8.034   322.0     -0.158     -0.314     -0.173     -0.266      0.569     -0.325
74.2500      -29981.599   -29989.584        7.985   320.1     -0.545     -0.516      0.074     -0.158     -0.007      0.272
74.3000      -29980.960   -29989.572        8.612   345.2     -0.346     -0.502     -0.899      0.020     -0.315      0.105
74.3500      -29980.463   -29988.973        8.510   341.1     -1.471     -0.392     -0.630      0.388      0.129     -0.321
74.4000      -29980.196   -29989.211        9.015   361.3     -0.217     -0.925     -1.221     -0.405     -0.380      0.414
74.4500      -29979.958   -29987.896        7.939   318.2     -0.979     -0.075      0.688     -0.266      0.301     -0.319
74.5000      -29980.474   -29988.725        8.250   330.7      0.673      0.096     -0.224      0.453     -0.378      0.339
74.5500      -29980.625   -29989.457        8.832   354.0      1.134     -0.109      0.035      0.212     -0.027      0.028
74.6000      -29980.892   -29989.117        8.225   329.7      0.424     -0.348      0.491      0.022     -0.067      0.762
74.6500      -29980.865   -29989.309        8.444   338.5      0.314     -0.412      0.075      0.134     -0.475      0.067
74.7000      -29980.678   -29988.137        7.458   299.0      1.224      0.511     -0.094     -0.031      0.200      0.565
74.7500      -29980.322   -29987.920        7.598   304.6     -0.015      0.248      0.026     -0.950     -0.565      0.372
74.8000      -29979.876   -29988.074        8.198   328.6      1.165      0.092      1.214     -0.369      0.300      0.074
74.8500      -29980.151   -29988.346        8.195   328.5      1.408      0.044      1.140     -0.154     -0.116      0.707
74.9000      -29979.670   -29988.299        8.629   345.9      0.713      0.379      0.046     -0.025     -0.026      0.016
74.9500      -29980.020   -29988.510        8.489   340.3      0.002     -0.726     -0.187      0.160     -0.346      0.122
75.0000      -29980.532   -29988.859        8.327   333.8     -0.101     -0.428     -0.238     -0.832      0.057      0.368
75.0500      -29980.922   -29988.354        7.431   297.9      0.670     -0.199      0.469      0.065      0.084      0.576
75.1000      -29981.008   -29988.195        7.188   288.1     -0.477      1.061     -0.569      0.352     -0.363      0.028
75.1500      -29980.836   -29988.250        7.414   297.2     -0.187     -0.210     -0.706      0.101     -0.136     -0.205
75.2000      -29980.702   -29989.215        8.513   341.2     -0.107      0.500     -0.234     -0.046      0.167     -0.096
75.2500      -29980.370   -29988.564        8.194   328.5      0.355     -0.156      0.123     -0.176      0.035      0.333
75.3000      -29980.426   -29988.633        8.207   329.0     -0.979      0.314     -0.647     -0.123      0.022      0.190
75.3500      -29980.767   -29988.682        7.914   317.2      0.298     -0.111      0.221      0.104      0.330      0.715
75.4000      -29980.189   -29988.859        8.671   347.6      0.327     -0.327     -0.088      0.358     -0.200      0.316
75.4500      -29980.439   -29988.645        8.206   328.9      0.621     -0.363      0.022     -0.038     -0.332      0.210
75.5000      -29979.801   -29988.537        8.736   350.2     -0.268      0.012     -0.481     -0.056     -0.259      0.034
75.5500      -29979.736   -29987.855        8.120   325.5      0.666      0.386      0.155     -0.200      0.333      0.266
75.6000      -29979.881   -29988.072        8.191   328.3      0.526     -0.687     -0.554      0.147     -0.097      0.025
75.6500      -29979.813   -29987.943        8.130   325.9      0.394     -0.045      0.060     -0.070     -0.033      0.244
75.7000      -29979.842   -29987.971        8.129   325.8      0.307     -0.189     -0.006     -0.722      0.614     -0.006
75.7500      -29979.838   -29988.104        8.265   331.3     -0.029     -1.016     -0.913      0.252     -0.040      0.545
75.8000      -29980.135   -29988.814        8.680   347.9      0.732     -0.240     -0.466     -0.294     -0.176     -0.181
75.8500      -29980.213   -29988.930        8.717   349.4     -0.962      0.617     -0.800     -0.246      0.121     -0.356
75.9000      -29980.054   -29987.922        7.868   315.4     -0.234     -0.702      0.355     -0.090      0.200     -0.354
75.9500      -29980.231   -29988.312        8.081   323.9      0.063      0.613     -1.151      0.063      0.020     -0.143
76.0000      -29979.816   -29989.029        9.213   369.3     -0.332     -0.844      0.311     -0.100      0.135      0.156
76.0500      -29979.981   -29988.957        8.976   359.8      0.030     -0.626     -0.406      0.078     -0.441      0.028
76.1000      -29980.012   -29988.275        8.263   331.2     -0.241     -0.288     -1.431     -0.132      0.021      0.123
76.1500      -29980.296   -29988.357        8.061   323.1     -0.467     -0.101      0.647      0.000     -0.361      0.132
76.2000      -29980.454   -29988.322        7.868   315.4      0.520      0.254     -0.291     -0.814      0.203     -0.396
76.2500      -29979.910   -29988.023        8.113   325.2      0.456      0.664      0.465     -0.130     -0.395      0.558
76.3000      -29979.951   -29988.164        8.213   329.2      0.647      0.446      0.440     -0.214     -0.315      0.374
76.3500      -29980.013   -29988.084        8.071   323.5      0.367     -0.772      0.626      0.349      0.049      0.403
76.4000      -29979.914   -29988.531        8.617   345.4      0.821      0.108      0.743     -0.296     -0.117     -0.263
76.4500      -29979.861   -29988.020        8.158   327.0     -0.605     -0.222      0.021     -0.337     -0.394      0.042
76.5000      -29979.613   -29987.863        8.250   330.7      0.324     -0.018      0.473     -0.330     -0.130      0.485
76.5500      -29979.395   -29987.781        8.386   336.1     -1.291     -0.858      0.103      0.029      0.287     -0.015
76.6000      -29979.218   -29987.574        8.356   335.0      0.328     -0.564      0.371      0.167     -0.148     -0.015
76.6500      -29979.244   -29987.650        8.406   337.0      0.244      0.114      0.070     -0.126      0.195     -0.098
76.7000      -29979.481   -29987.502        8.021   321.5      0.640     -0.174     -0.125      0.398     -0.617      0.126
76.7500      -29980.121   -29988.115        7.994   320.4      0.297     -0.293     -1.014     -0.424      0.298      0.235
76.8000      -29979.899   -29987.803        7.904   316.8      0.229      0.330     -0.446     -0.089      0.072     -0.275
76.8500      -29980.190   -29987.562        7.372   295.5     -0.382     -0.612     -0.070     -0.257     -0.164      0.456
76.9000      -29980.754   -29988.928        8.174   327.7      0.399      0.612     -0.577     -0.340     -0.800     -0.296
76.9500      -29980.852   -29989.207        8.355   334.9     -0.352      0.492      0.213     -0.341      0.378      0.331
77.0000      -29980.969   -29988.902        7.934   318.0      0.195     -0.310     -0.131     -0.359      0.082     -0.095
77.0500      -29980.793   -29989.377        8.584   344.1     -0.414     -0.029      0.312      0.121     -0.313      0.256
77.1000      -29980.569   -29988.227        7.657   306.9      0.230      0.993     -0.342     -0.342     -0.490     -0.513
77.1500      -29980.892   -29988.953        8.061   323.1     -0.162     -0.835      0.534      0.616      0.144      0.711
77.2000      -29981.112   -29988.695        7.583   304.0      0.076      0.167     -0.770     -0.273      0.193     -0.066
77.2500      -29980.746   -29989.117        8.371   335.6     -0.732      0.099     -0.373     -0.032     -0.253      0.074
77.3000      -29980.676   -29988.896        8.221   329.5      0.363     -0.448     -0.076      0.235      0.191     -0.049
77.3500      -29980.358   -29987.863        7.505   300.8     -0.090      0.142     -0.134      0.232      0.094     -0.198
77.4000      -29979.908   -29988.148        8.240   330.3      0.256     -0.210     -0.281     -0.701      0.176      0.119
77.4500      -29979.803   -29988.199        8.396   336.5     -0.790     -0.754     -0.593      0.116     -0.621      0.594
77.5000      -29979.686   -29988.377        8.691   348.4      0.671     -0.107      0.654     -0.125      0.062     -0.322
77.5500      -29979.233   -29987.670        8.437   338.2      0.144      0.271     -0.202     -0.249     -0.494      0.044
77.6000      -29978.699   -29987.203        8.504   340.9     -0.197     -0.895      0.409      0.318      0.301      0.211
77.6500      -29978.428   -29987.783        9.355   375.0      0.619      0.566      0.606     -0.234     -0.056     -0.498
77.7000      -29979.527   -29986.852        7.325   293.6     -0.468     -1.185     -0.101     -0.005      0.199      0.077
77.7500      -29979.399   -29987.934        8.535   342.1      0.036      0.389      0.159      0.331     -0.140     -0.012
77.8000      -29979.974   -29988.395        8.420   337.5      0.292      0.027      0.897      0.103     -0.084      0.387
77.8500      -29979.788   -29987.406        7.618   305.4      0.535      0.112      0.297     -0.091     -0.283      0.040
77.9000      -29979.557   -29987.770        8.213   329.2      0.167     -0.551     -0.043     -0.026     -0.189      0.944
77.9500      -29979.328   -29987.311        7.983   320.0      0.205      0.652     -0.303      0.093     -0.209     -0.071
78.0000      -29978.589   -29987.783        9.194   368.6     -0.082     -1.254      0.254      0.178      0.696     -0.189
78.0500      -29978.613   -29986.900        8.287   332.2      0.611      0.450     -0.617     -0.189     -0.869     -0.066
78.1000      -29978.475   -29987.941        9.466   379.4     -0.041      0.122     -0.299     -0.264      0.154     -0.600
78.1500      -29978.298   -29987.213        8.915   357.3     -0.430     -0.438     -0.039     -0.470      0.097      0.247
78.2000      -29978.174   -29987.285        9.111   365.2      0.072     -0.117      0.293      0.376     -0.110      0.034
78.2500      -29978.306   -29986.494        8.188   328.2      0.479     -0.819      0.069     -0.095     -0.968      1.019
78.3000      -29979.192   -29988.551        9.358   375.1     -0.400     -0.418     -0.071     -0.329      0.224      0.140
78.3500      -29979.322   -29987.438        8.116   325.3     -0.002     -0.083     -0.728      0.045     -0.082     -0.430
78.4000      -29978.880   -29986.982        8.103   324.8      0.339     -0.289      0.904     -0.692     -0.205     -0.045
78.4500      -29979.072   -29987.213        8.141   326.3      0.665      0.833      0.075     -0.012      0.309      0.349
78.5000      -29979.114   -29987.477        8.363   335.2     -0.295      1.119      1.032      0.121     -0.038     -0.145
78.5500      -29979.440   -29987.742        8.302   332.8      0.425     -0.881     -0.713     -0.457      0.231     -0.054
78.6000      -29979.082   -29987.191        8.109   325.1     -1.177     -0.272     -0.249     -0.497      0.127      0.618
78.6500      -29979.785   -29987.555        7.770   311.4     -0.221     -0.281      1.186      0.064     -0.449     -0.225
78.7000      -29980.195   -29988.043        7.848   314.6      0.261      0.450     -0.419     -0.118      0.263     -0.511
78.7500      -29980.175   -29987.789        7.614   305.2      0.729     -0.350     -0.186     -0.771     -0.496      0.155
78.8000      -29980.489   -29988.725        8.235   330.1     -0.190     -0.731     -0.146      0.279     -0.622      0.245
78.8500      -29980.509   -29988.096        7.587   304.1     -0.933      0.293     -0.515     -0.455      0.259     -0.479
78.9000      -29980.747   -29988.414        7.667   307.3     -0.494     -0.171     -0.006      0.032      0.085     -0.043
78.9500      -29980.688   -29989.344        8.656   347.0      0.370      0.327      0.329     -0.327     -0.372     -0.093
79.0000      -29980.833   -29988.697        7.864   315.2     -0.271     -0.291      0.646      0.566     -0.635      0.747
79.0500      -29980.606   -29988.646        8.040   322.3      0.337      1.166     -0.643     -0.028     -0.226     -0.087
79.1000      -29980.273   -29988.322        8.049   322.6     -0.635      0.136      0.037     -0.168     -0.061     -0.086
79.1500      -29980.235   -29987.850        7.615   305.2      0.356      0.112      1.060      0.592      0.076      0.101
79.2000      -29980.282   -29988.658        8.377   335.8     -1.134     -1.137     -0.359     -0.098     -0.085     -0.412
79.2500      -29980.850   -29989.205        8.355   334.9      0.050      0.066      0.266      0.210      0.249     -0.376
79.3000      -29981.061   -29988.611        7.550   302.6      0.010     -0.394      0.422      0.068      0.387      0.228
79.3500      -29981.187   -29988.926        7.739   310.2      0.167      0.011     -0.327      0.020      0.124      0.526
79.4000      -29981.366   -29988.580        7.214   289.2      0.442      0.464      0.136      0.268      0.140     -0.203
79.4500      -29980.875   -29988.916        8.041   322.3      0.702     -0.577      1.066     -0.190     -0.151     -0.063
79.5000      -29980.469   -29988.957        8.488   340.2     -0.937     -0.455     -0.279      0.099     -0.007     -0.720
79.5500      -29980.139   -29988.207        8.068   323.4     -0.198     -0.660      0.412      0.153     -0.552     -0.048
79.6000      -29979.996   -29988.752        8.755   351.0     -0.535     -0.865     -0.938      0.293     -0.513      0.595
79.6500      -29979.633   -29987.961        8.328   333.8     -0.177      0.896      0.842     -0.238      0.533     -0.293
79.7000      -29979.795   -29987.396        7.602   304.7     -0.296      0.110      0.352     -0.436     -0.002      0.092
79.7500      -29979.554   -29987.146        7.592   304.3      0.374      0.107     -0.012     -0.084     -0.296     -0.259
79.8000      -29979.691   -29988.109        8.419   337.5     -1.135     -0.202     -0.106     -0.169      0.026     -0.739
79.8500      -29979.342   -29987.746        8.404   336.9     -0.196      0.491     -0.013     -0.440     -0.017      0.095
79.9000      -29979.585   -29988.088        8.503   340.8     -0.241     -0.644     -0.134      0.074      0.265      0.150
79.9500      -29979.566   -29987.760        8.194   328.4     -0.432      0.423     -0.680      0.071     -0.178      0.332
80.0000      -29979.564   -29987.857        8.293   332.4      0.676     -0.680      0.169      0.280      0.369     -0.036
80.0500      -29979.692   -29988.066        8.375   335.7     -0.057     -0.072     -0.716     -0.216     -0.170      0.706
80.1000      -29979.724   -29988.412        8.688   348.3     -0.632     -0.754      0.200     -0.140      0.181     -0.417
80.1500      -29979.852   -29988.523        8.672   347.6     -0.437     -0.837     -0.672     -0.346      0.102      0.388
80.2000      -29979.536   -29987.914        8.378   335.8      0.472     -0.595      0.569     -0.773     -0.253      0.344
80.2500      -29979.188   -29987.201        8.013   321.2     -0.311     -0.098     -0.074     -0.206      0.058     -0.159
80.3000      -29978.983   -29987.094        8.111   325.1     -0.373     -0.494     -1.169      0.034     -0.040      0.179
80.3500      -29979.132   -29987.652        8.520   341.5      0.610     -0.205      0.245      0.089     -0.536     -0.321
80.4000      -29979.089   -29986.910        7.821   313.5     -0.021     -0.164      0.480     -0.443      0.337     -0.290
80.4500      -29978.565   -29987.455        8.890   356.4      0.101     -0.174     -0.740      0.291     -0.343      0.389
80.5000      -29978.649   -29987.648        8.999   360.7     -0.298     -0.254      0.027     -0.429     -0.798     -0.549
80.5500      -29978.784   -29987.533        8.749   350.7      0.498     -0.573      0.123     -0.365     -0.244     -0.195
80.6000      -29978.572   -29987.021        8.449   338.7      0.150     -0.426     -0.743     -0.092      0.172      0.058
80.6500      -29978.764   -29987.518        8.753   350.9     -0.484      0.649      0.726     -0.109     -0.404      0.138
80.7000      -29978.611   -29987.150        8.539   342.3      0.444      1.151      0.203      0.388     -0.255      1.035
80.7500      -29978.570   -29987.445        8.875   355.8      0.076     -0.582     -0.598      0.189      0.079     -0.309
80.8000      -29979.322   -29987.154        7.833   314.0      0.710     -0.261      0.442     -0.261     -0.450     -0.531
80.8500      -29979.308   -29988.299        8.991   360.4     -0.205      0.452      0.074      0.143      0.311      0.124
80.9000      -29979.483   -29988.158        8.675   347.7     -0.033     -0.163     -0.503     -0.216     -0.462     -0.005
80.9500      -29979.596   -29987.938        8.342   334.4     -0.032     -0.145      0.446      0.069      0.311      0.300
81.0000      -29979.796   -29987.818        8.022   321.6      0.584     -0.149      0.480     -0.423     -0.291      0.089
81.0500      -29979.871   -29988.000        8.129   325.9      0.098     -0.244      0.125      0.381      0.117     -0.160
81.1000      -29979.485   -29987.984        8.499   340.7     -0.910     -0.565     -0.644     -0.096     -0.315     -0.249
81.1500      -29979.710   -29988.232        8.522   341.6     -0.424     -0.535     -1.349      0.126      0.373      0.713
81.2000      -29979.331   -29988.361        9.030   362.0      0.189      0.167     -0.039     -0.019     -0.297     -0.145
81.2500      -29979.585   -29987.656        8.071   323.5      0.428      1.355      0.787     -0.208      0.667     -0.093
81.3000      -29979.660   -29988.043        8.383   336.0      0.518      0.329      0.747      0.440      0.041     -0.320
81.3500      -29979.596   -29988.127        8.531   342.0      0.644     -0.433      0.256     -0.491      0.429      0.225
81.4000      -29979.971   -29988.072        8.101   324.7     -0.510     -0.772      0.324      0.214     -0.328     -0.322
81.4500      -29980.079   -29988.750        8.671   347.6     -0.247      0.224     -0.535     -0.289      0.279     -0.133
81.5000      -29980.002   -29988.059        8.057   323.0     -0.242     -0.711      1.036      0.652      0.169      0.496
81.5500      -29980.133   -29988.205        8.072   323.6      0.626      0.190     -0.392     -0.310      0.305      0.580
81.6000      -29980.033   -29988.346        8.313   333.2      0.140     -0.117      0.753      0.299     -0.208     -0.015
81.6500      -29980.000   -29988.439        8.440   338.3      0.608     -0.365     -0.458      0.025     -0.160      0.246
81.7000      -29980.155   -29988.131        7.976   319.7      0.185     -0.038      1.229      0.194      0.004     -0.124
81.7500      -29980.215   -29988.938        8.723   349.7     -0.578      0.093     -0.270      0.783     -0.115     -0.237
81.8000      -29980.608   -29988.736        8.128   325.8     -0.181     -0.212      0.257      0.154     -0.123     -0.140
81.8500      -29981.002   -29988.746        7.744   310.4     -0.520      0.158      0.332      0.281      0.275      0.095
81.9000      -29980.948   -29988.533        7.585   304.0      0.964     -0.384     -0.616      0.361     -0.438      0.028
81.9500      -29980.770   -29989.162        8.392   336.4      0.457      0.284     -0.196      0.267      0.554     -0.181
82.0000      -29980.940   -29989.264        8.323   333.6      0.897      0.549      0.677     -0.050      0.305      0.309
82.0500      -29981.424   -29988.828        7.404   296.8     -0.204      0.341     -0.080     -0.027     -0.031      0.089
82.1000      -29981.228   -29988.969        7.741   310.3     -0.163      0.227     -0.312      0.164     -0.223      0.407
82.1500      -29980.723   -29988.461        7.738   310.2     -0.449     -0.116      0.295      0.606      0.085     -0.183
82.2000      -29980.735   -29989.346        8.611   345.2     -0.223     -0.952     -0.291      0.033      0.037      0.001
82.2500      -29980.444   -29989.062        8.618   345.5     -0.915      0.709     -0.500     -0.188      0.111      0.268
82.3000      -29981.123   -29988.729        7.606   304.9     -0.081     -0.789     -0.977     -0.026     -0.015     -0.149
82.3500      -29980.754   -29988.771        8.018   321.4     -0.555     -0.017      0.178      0.170      0.756     -0.029
82.4000      -29980.848   -29988.859        8.012   321.1     -0.448     -0.976     -0.610      0.463     -0.416     -0.165
82.4500      -29980.169   -29988.566        8.397   336.6     -0.527     -0.709     -0.568     -0.701     -0.514      0.048
82.5000      -29980.180   -29988.383        8.203   328.8     -1.263     -0.429     -0.063     -0.150      0.084      0.386
82.5500      -29979.708   -29988.680        8.972   359.6     -0.586     -0.530     -0.566     -0.236     -0.185      0.394
82.6000      -29980.297   -29989.016        8.719   349.5     -1.323     -1.325     -1.399     -0.430     -0.562     -0.538
82.6500      -29980.567   -29989.164        8.597   344.6     -0.246     -0.620     -0.749      0.039     -0.349     -0.297
82.7000      -29980.623   -29988.877        8.254   330.9      0.493      0.239      0.406     -0.283     -0.036     -0.151
82.7500      -29980.765   -29988.547        7.782   311.9     -0.445     -0.649     -0.775      0.301     -0.071      0.193
82.8000      -29980.924   -29988.463        7.539   302.2      0.258     -0.024      0.986     -0.681     -0.450     -0.146
82.8500      -29981.043   -29988.936        7.892   316.4     -0.342     -0.294     -0.966     -0.742     -0.385     -0.331
82.9000      -29980.625   -29988.514        7.888   316.2      0.467      0.234      1.322      0.010     -0.322     -0.042
82.9500      -29980.310   -29988.414        8.104   324.8      0.053      0.187     -0.010      0.195      0.034     -0.217
83.0000      -29979.975   -29987.557        7.581   303.9     -0.245     -0.132      0.397      0.010      0.529     -0.399
83.0500      -29979.677   -29988.385        8.708   349.1      1.017      0.370     -0.548     -0.107     -0.007     -0.008
83.1000      -29979.402   -29988.209        8.807   353.0      1.157      0.652      1.111     -0.285     -0.088      0.502
83.1500      -29979.392   -29987.734        8.343   334.4     -0.060      0.535     -0.007      0.066      0.329      0.359
83.2000      -29979.362   -29988.176        8.814   353.3      0.432      0.075     -0.431     -0.472      0.085      0.150
83.2500      -29979.615   -29988.004        8.389   336.3     -0.361     -0.326      0.104      0.331     -0.253      0.007
83.3000      -29979.200   -29986.861        7.661   307.1     -0.729     -0.243      0.936     -0.037      0.331      0.705
83.3500      -29979.314   -29987.707        8.393   336.4     -0.038     -0.354     -1.171      0.292     -0.161     -0.281
83.4000      -29979.397   -29987.812        8.416   337.3     -0.309      0.124      0.459     -0.133     -0.206     -0.274
83.4500      -29979.218   -29987.334        8.116   325.3     -0.150      0.708      0.247      0.482     -0.301     -0.253
83.5000      -29979.117   -29987.830        8.714   349.3      0.246      0.206      0.400      0.362      0.183      0.037
83.5500      -29979.426   -29987.979        8.553   342.8     -0.569      0.201      0.363     -0.345     -0.044     -0.368
83.6000      -29978.936   -29987.621        8.685   348.1     -0.299     -1.044     -1.093      0.100     -0.073     -0.353
83.6500      -29978.949   -29986.947        7.998   320.6     -0.868     -0.421     -0.883      0.895      0.551      0.426
83.7000      -29978.820   -29987.949        9.129   365.9     -0.631     -0.387     -0.857      0.594     -0.016      0.439
83.7500      -29979.182   -29987.680        8.498   340.6     -0.828      0.050     -0.839     -0.228      0.152      0.018
83.8000      -29979.692   -29987.947        8.255   330.9     -0.569     -0.244     -0.193      0.395     -0.363      0.082
83.8500      -29979.489   -29988.211        8.722   349.6      0.392      0.446      0.161      0.074     -0.186      0.254
83.9000      -29979.404   -29987.646        8.242   330.4     -0.266      0.370     -0.496     -0.304      0.548      0.174
83.9500      -29979.198   -29987.461        8.263   331.2      0.131      1.026      0.547     -0.493     -0.909      0.043
84.0000      -29979.176   -29987.711        8.535   342.1     -0.517      0.657     -0.183     -0.182      0.436      0.257
84.0500      -29979.055   -29987.580        8.525   341.7     -0.873      0.752     -0.126      0.045     -0.327      0.727
84.1000      -29978.666   -29987.354        8.687   348.2      0.885     -0.516      0.014     -0.350      0.291      0.128
84.1500      -29978.890   -29987.416        8.526   341.8      0.061      0.485     -0.104     -0.132      0.018     -0.043
84.2000      -29979.101   -29987.795        8.694   348.5     -0.937     -0.466      0.858      0.096     -0.257      0.107
84.2500      -29978.467   -29987.453        8.986   360.2      0.671     -0.661     -0.345      0.418      0.113      0.041
84.3000      -29978.955   -29987.807        8.851   354.8     -0.726     -0.677     -0.345      0.172      0.545      0.121
84.3500      -29979.719   -29987.766        8.046   322.5      0.218     -0.262      0.106     -0.119      0.164      0.120
84.4000      -29980.029   -29987.932        7.902   316.8     -0.169      0.772      0.610     -0.658      0.288     -0.447
84.4500      -29979.886   -29988.094        8.208   329.0     -0.177      0.857      0.236      0.200     -0.276      0.392
84.5000      -29980.043   -29988.479        8.436   338.1     -0.208     -0.158     -0.486     -0.231      0.016      0.427
84.5500      -29980.251   -29989.473        9.221   369.6     -0.436     -0.606      0.501      0.286     -0.091     -0.706
84.6000      -29980.424   -29988.586        8.162   327.2     -0.193     -0.761     -0.638      0.300      0.319      0.542
84.6500      -29980.432   -29988.314        7.883   316.0     -0.823     -0.552     -0.353      0.126      0.144      0.359
84.7000      -29980.635   -29988.445        7.810   313.1      0.028     -0.275      0.267      0.040     -0.358      0.624
84.7500      -29980.498   -29988.975        8.477   339.8     -0.233      0.872      0.193      0.035     -0.303      0.339
84.8000      -29980.315   -29988.062        7.747   310.6      0.287     -0.719      0.356      0.485      0.213     -0.244
84.8500      -29980.321   -29988.441        8.121   325.5      0.045     -0.300     -0.618      0.008     -0.064     -0.204
84.9000      -29980.883   -29988.447        7.565   303.2     -0.124     -1.006     -0.193     -0.162     -0.201      0.110
84.9500      -29980.635   -29988.773        8.139   326.2      0.558     -0.016     -0.236     -0.273      0.202     -0.033
85.0000      -29981.035   -29989.297        8.262   331.2     -0.682      0.055      0.119      0.241     -0.518      0.258
85.0500      -29981.130   -29988.920        7.790   312.2      0.293     -0.761     -0.600     -0.157     -0.396      0.011
85.1000      -29980.952   -29988.666        7.714   309.2      0.121     -0.350     -0.141     -0.184      0.196      0.062
85.1500      -29981.368   -29988.541        7.173   287.5     -0.195      0.536      0.106      0.519      0.180     -0.605
85.2000      -29980.951   -29987.762        6.811   273.0     -0.427     -0.795     -0.483      0.178     -0.058     -0.278
85.2500      -29981.001   -29988.611        7.610   305.1     -0.052     -0.195      0.004      0.187      0.153     -0.421
85.3000      -29981.254   -29989.062        7.808   313.0     -0.039     -0.584     -0.942     -0.088     -0.151      0.159
85.3500      -29981.319   -29988.652        7.334   294.0      0.198     -0.267      0.277     -0.177      0.125     -0.638
85.4000      -29981.448   -29989.432        7.983   320.0      0.613     -0.586      0.128     -0.492      0.204     -0.349
85.4500      -29981.196   -29989.410        8.214   329.3     -0.621      0.345      0.561      0.322      0.356      0.364
85.5000      -29980.987   -29989.379        8.392   336.4     -0.581     -1.176     -0.472     -0.280     -0.425      0.008
85.5500      -29980.406   -29988.299        7.893   316.4     -0.563      0.476     -0.593     -0.049      0.164      0.271
85.6000      -29980.069   -29988.080        8.011   321.1      0.311     -0.360      0.092      0.245     -0.317      0.453
85.6500      -29980.433   -29987.965        7.532   301.9     -0.189     -1.009      0.239     -0.250      0.193      0.579
85.7000      -29980.277   -29988.242        7.965   319.3     -0.445     -0.378      0.271      0.415      0.170      0.059
85.7500      -29980.127   -29988.352        8.225   329.7     -0.700      0.672     -0.433      0.389     -0.213      0.345
85.8000      -29979.827   -29987.766        7.939   318.2     -0.898     -0.224     -0.077     -0.159     -0.024     -0.474
85.8500      -29980.221   -29987.803        7.582   303.9     -0.663     -0.227      0.526     -0.248     -0.059     -0.339
85.9000      -29979.604   -29988.441        8.837   354.2      0.159     -0.588     -0.576      0.223     -0.254     -0.412
85.9500      -29979.988   -29989.062        9.075   363.8     -0.707     -0.459      0.337     -0.228      0.128      0.517
86.0000      -29980.322   -29988.580        8.259   331.0      0.274      0.519     -0.037      0.457     -0.118     -0.481
86.0500      -29980.554   -29988.928        8.374   335.7      0.408      0.628     -0.343      0.291      0.882      0.183
86.1000      -29980.176   -29988.738        8.563   343.2     -0.359      0.400      1.136     -0.428      0.071     -0.376
86.1500      -29979.812   -29988.154        8.342   334.4      0.536      0.047     -0.366      0.798     -0.265      0.660
86.2000      -29980.297   -29988.779        8.483   340.0      0.466      0.250      0.592     -0.360     -0.260     -0.147
86.2500      -29980.043   -29988.633        8.590   344.3      0.070      0.628     -0.070      0.197     -0.184      0.043
86.3000      -29980.535   -29988.828        8.293   332.4      0.160     -0.685     -0.795      0.383      0.194      0.415
86.3500      -29980.875   -29989.266        8.390   336.3     -0.213     -0.622     -0.261      0.221     -0.501      0.103
86.4000      -29980.734   -29990.137        9.403   376.9      0.045      0.024     -1.086     -0.389     -0.113     -0.046
86.4500      -29980.695   -29989.844        9.149   366.7     -0.426     -0.106     -0.487      0.157      0.183      0.763
86.5000      -29980.654   -29988.707        8.053   322.8      0.084     -0.907     -0.342     -0.169      0.396      0.097
86.5500      -29980.195   -29988.008        7.812   313.2     -0.469      0.393     -0.506      0.375     -0.581     -0.403
86.6000      -29979.640   -29988.848        9.208   369.1     -0.604      0.224     -0.465     -0.218      0.224      0.066
86.6500      -29979.180   -29988.346        9.166   367.4      0.047     -0.659      0.030      0.047     -0.148      0.572
86.7000      -29979.174   -29987.588        8.414   337.3     -0.702      0.026     -0.042      0.039      0.159     -0.230
86.7500      -29979.328   -29988.061        8.733   350.1     -0.737     -1.154     -0.207     -0.526      0.279      0.130
86.8000      -29979.293   -29988.119        8.826   353.8      0.113      0.133     -0.557      0.166     -0.292     -0.175
86.8500      -29979.279   -29988.129        8.849   354.7      0.000     -0.156     -0.149      0.114     -0.327      0.143
86.9000      -29979.149   -29988.326        9.177   367.9      0.023      0.394      0.170     -0.109      0.643     -0.091
86.9500      -29979.838   -29988.387        8.549   342.7     -1.653      0.241      0.254      0.403     -0.061     -0.350
87.0000      -29980.712   -29989.271        8.560   343.1     -0.133     -0.965     -0.655      0.485      0.106     -0.120
87.0500      -29980.621   -29989.494        8.873   355.7     -0.406      0.307     -0.207     -0.276      0.198     -0.440
87.1000      -29980.493   -29988.844        8.350   334.7     -0.481     -0.447     -1.094      0.213      0.306      1.155
87.1500      -29980.772   -29989.434        8.661   347.2      0.077     -0.246      0.395      0.366     -0.069     -0.117
87.2000      -29980.686   -29988.781        8.096   324.5      0.526      0.191     -0.554      0.186     -0.373      0.429
87.2500      -29980.368   -29988.475        8.107   325.0      0.340      0.080     -0.121     -0.091      0.212      0.030
87.3000      -29980.330   -29988.711        8.381   335.9      0.505     -0.037     -0.648     -0.328     -0.393      0.115
87.3500      -29980.593   -29988.709        8.116   325.3     -0.583      0.522      0.437      0.053     -0.183     -0.296
87.4000      -29980.929   -29989.107        8.178   327.8      0.323      0.112      0.167      0.256     -0.175      0.468
87.4500      -29980.385   -29988.156        7.772   311.5      0.214      0.296     -0.636     -0.310      0.058      0.686
87.5000      -29979.976   -29988.141        8.165   327.3     -0.293     -0.825     -0.791      0.583     -0.695     -0.549
87.5500      -29980.187   -29988.342        8.155   326.9     -1.096     -0.851     -0.958      0.134     -0.420      0.092
87.6000      -29980.684   -29988.684        8.000   320.7      0.216     -0.054      0.228      0.598     -0.061      0.396
87.6500      -29980.733   -29988.432        7.699   308.6     -0.439      0.513      0.010     -0.289     -0.122      0.191
87.7000      -29980.815   -29988.516        7.701   308.7     -0.286     -1.282      0.350      0.336     -0.096      0.444
87.7500      -29980.743   -29988.498        7.755   310.9     -0.072      0.683     -1.089     -0.545     -0.079     -0.078
87.8000      -29980.521   -29988.168        7.647   306.5      0.604     -0.898      0.407      0.021     -0.108     -0.356
87.8500      -29980.809   -29988.428        7.619   305.4     -0.241     -0.068      0.184     -0.217     -0.085      0.032
87.9000      -29980.674   -29988.312        7.638   306.2     -0.063      0.575     -0.514     -0.079     -0.526      0.030
87.9500      -29980.373   -29987.488        7.116   285.2      0.399      0.148      0.518     -0.041     -0.388      0.373
88.0000      -29980.754   -29988.969        8.215   329.3      0.048      0.236      0.707     -0.247     -0.423     -0.203
88.0500      -29980.714   -29988.502        7.787   312.2      1.054      0.673     -0.390      0.402      0.391     -0.008
88.1000      -29980.064   -29988.502        8.438   338.2      0.103     -0.359      0.629      0.164     -0.282      0.420
88.1500      -29980.014   -29988.256        8.242   330.4     -0.142     -0.042     -0.658      0.033      0.672      0.144
88.2000      -29979.919   -29988.078        8.159   327.0     -0.774     -0.253     -0.349      0.270     -0.656      0.088
88.2500      -29980.088   -29988.082        7.994   320.4      0.225      0.145     -0.454      0.265      0.263      0.250
88.3000      -29980.606   -29988.170        7.564   303.2      0.454      0.807      0.234     -0.266     -0.396      0.136
88.3500      -29980.817   -29988.529        7.712   309.1      0.309      0.389      0.194      0.768     -0.749     -0.202
88.4000      -29981.452   -29988.893        7.440   298.2     -0.264      0.792      0.952     -0.426      0.277      0.382
88.4500      -29981.218   -29989.484        8.267   331.4     -0.053     -0.362     -0.385      0.228      0.038     -0.286
88.5000      -29981.047   -29988.918        7.871   315.5      0.243     -0.449     -0.167     -0.164     -0.370     -0.391
88.5500      -29980.695   -29988.164        7.469   299.4      0.235      1.158      0.027     -0.278      0.114     -0.309
88.6000      -29981.332   -29988.617        7.285   292.0      0.436     -0.407      0.574     -0.106      0.223      0.362
88.6500      -29980.663   -29988.523        7.860   315.1     -0.791     -0.614      0.164      0.203     -0.080     -0.460
88.7000      -29980.785   -29989.049        8.264   331.2      0.025      0.356     -0.077      0.060      0.639      0.034
88.7500      -29980.457   -29988.986        8.530   341.9     -1.161      0.043     -0.508      0.409     -0.198      0.073
88.8000      -29980.071   -29989.418        9.347   374.7      0.128      0.302      0.305     -0.148     -0.213     -0.266
88.8500      -29980.129   -29988.213        8.084   324.1      0.396      1.073     -0.048     -0.487     -0.397      0.237
88.9000      -29980.341   -29988.695        8.355   334.9      0.055      0.373     -0.572      0.009      0.557     -0.099
88.9500      -29980.247   -29988.896        8.649   346.7     -0.385     -0.564     -0.196     -0.553     -0.117     -0.035
89.0000      -29980.303   -29988.650        8.347   334.6      0.640     -0.478      0.122      0.187      0.536     -0.220
89.0500      -29980.322   -29988.289        7.967   319.4      0.258      0.625     -0.139     -0.616     -0.991      0.308
89.1000      -29980.317   -29988.633        8.316   333.3      0.775      0.500      0.649     -0.304      0.578     -0.290
89.1500      -29980.013   -29987.795        7.782   311.9      0.800      0.068      0.014      0.170     -0.445     -0.037
89.2000      -29980.397   -29989.053        8.656   347.0     -0.491     -0.909     -0.276     -0.340      0.209     -0.044
89.2500      -29980.374   -29989.594        9.219   369.6      0.445     -0.291     -0.291     -0.527     -0.289      0.699
89.3000      -29980.389   -29990.020        9.631   386.0      0.200      0.460      0.417      0.097     -0.155     -0.116
89.3500      -29980.673   -29989.473        8.799   352.7     -0.331     -0.982     -0.245     -0.337      0.001      0.319
89.4000      -29980.907   -29989.217        8.310   333.1     -0.779     -0.307     -0.530     -0.331      0.149     -0.319
89.4500      -29980.804   -29988.986        8.182   328.0     -0.903     -1.017     -0.898      0.052     -0.155      0.198
89.5000      -29980.562   -29988.447        7.886   316.1      0.442     -0.735      0.387     -0.479      0.702      0.705
89.5500      -29980.241   -29988.848        8.606   345.0     -0.564     -0.187     -0.643      0.380     -0.060      0.282
89.6000      -29980.763   -29989.135        8.372   335.6     -0.748     -0.043      0.583     -0.459     -0.318      0.026
89.6500      -29980.272   -29989.008        8.736   350.2     -0.295      0.249      0.398      0.690     -0.173     -0.483
89.7000      -29980.267   -29988.852        8.584   344.1     -0.163     -0.545     -1.812      0.004     -0.035      0.299
89.7500      -29980.013   -29988.729        8.715   349.3      0.010     -0.981     -0.511      0.030     -0.691     -0.484
89.8000      -29980.471   -29988.502        8.031   321.9      0.125     -0.606     -0.215      0.460     -0.273     -0.802
89.8500      -29980.655   -29988.602        7.946   318.5     -0.568     -0.228      0.395      0.840      0.057      0.297
89.9000      -29980.366   -29989.289        8.923   357.7      0.485     -1.069     -0.161     -0.289     -0.164      0.212
89.9500      -29979.487   -29989.148        9.661   387.3     -0.365     -0.931     -0.859      0.362      0.684      0.048
90.0000      -29979.126   -29988.793        9.667   387.5     -0.423     -1.162     -0.220      0.468      0.097      0.441
90.0500      -29979.318   -29988.891        9.573   383.7     -0.955     -1.715     -0.689      0.238      0.596      0.115
90.1000      -29979.645   -29989.094        9.448   378.7     -0.751     -0.235     -0.994      0.174     -0.554      0.041
90.1500      -29979.996   -29988.186        8.190   328.3      0.357     -1.241     -0.138      0.244     -0.457      0.023
90.2000      -29979.639   -29988.635        8.996   360.6      0.207     -1.079     -1.248     -0.235     -0.810      0.005
90.2500      -29980.192   -29988.451        8.259   331.1     -0.912      0.542     -0.161     -0.247      0.276      0.072
90.3000      -29979.791   -29988.324        8.533   342.1     -0.033     -0.399      0.253     -0.148     -0.510     -0.629
90.3500      -29979.646   -29988.021        8.375   335.7     -1.151     -0.206     -0.807     -0.029      0.579      0.143
90.4000      -29979.696   -29987.643        7.947   318.6     -0.199     -0.205     -0.042      0.711     -0.011      0.485
90.4500      -29979.323   -29988.086        8.763   351.3     -1.500     -0.578     -1.481      0.302     -0.132      0.239
90.5000      -29979.505   -29988.217        8.712   349.2     -0.103     -0.983     -0.702     -0.105     -0.190     -0.059
90.5500      -29979.956   -29988.627        8.671   347.6      0.888     -0.836     -0.603      0.092      0.331      0.879
90.6000      -29980.174   -29989.098        8.924   357.7     -0.517     -0.135     -0.394      0.182      0.156      0.381
90.6500      -29980.539   -29988.500        7.961   319.1      0.846     -0.661     -0.008      0.362      0.159      0.386
90.7000      -29980.423   -29988.150        7.727   309.7      1.449      1.143     -0.399     -0.650     -0.230     -0.167
90.7500      -29979.956   -29987.623        7.667   307.3      0.247     -0.973      0.333      0.670      0.501      0.297
90.8000      -29979.674   -29988.621        8.948   358.7      0.822     -0.464     -0.035     -0.550      0.159     -0.283
90.8500      -29979.539   -29988.441        8.902   356.8      0.136     -0.609     -0.726      0.040      0.158      0.041
90.9000      -29979.898   -29987.934        8.036   322.1      0.064     -0.219     -0.133      0.383     -0.219      0.117
90.9500      -29979.881   -29987.936        8.055   322.9      0.289     -1.156     -0.649     -0.839     -0.042      0.261
91.0000      -29980.243   -29988.457        8.214   329.3     -0.407     -0.961     -0.578     -0.112      0.282      0.172
91.0500      -29980.322   -29987.955        7.633   306.0     -0.419     -1.057     -0.323      0.062      0.460     -0.263
91.1000      -29979.996   -29988.102        8.106   324.9     -0.895      0.986     -0.687      0.093      0.311     -0.347
91.1500      -29979.814   -29988.355        8.541   342.4      0.872     -0.305      0.083      0.220     -0.216     -0.135
91.2000      -29980.371   -29989.365        8.995   360.5     -0.246      0.384     -0.281      0.227     -0.125     -0.197
91.2500      -29980.612   -29988.771        8.160   327.1     -0.286     -0.386     -0.493     -0.169      0.057     -0.097
91.3000      -29980.902   -29988.738        7.837   314.1      0.234      0.049     -0.224     -0.251      0.360      0.096
91.3500      -29980.813   -29989.158        8.345   334.5     -0.644     -0.142      0.102      0.421     -0.204     -0.968
91.4000      -29981.131   -29988.789        7.658   307.0     -0.279     -0.604      0.021     -0.389     -0.217      0.038
91.4500      -29980.387   -29988.598        8.211   329.1     -0.655      0.277     -0.785     -0.325     -0.214     -0.063
91.5000      -29980.850   -29988.455        7.605   304.8     -0.825     -0.858     -0.810      0.001     -0.076      0.424
91.5500      -29980.214   -29988.713        8.499   340.7     -0.049     -0.690     -0.076     -0.401     -0.492     -0.599
91.6000      -29979.797   -29988.314        8.518   341.4      1.077     -0.397     -0.102     -0.509     -0.292     -0.115
91.6500      -29980.116   -29988.529        8.413   337.2     -0.543      0.095      0.499      0.116      0.509      0.022
91.7000      -29979.994   -29988.576        8.582   344.0      0.180     -0.577     -0.686      0.154     -0.188     -0.309
91.7500      -29979.997   -29988.242        8.245   330.5     -0.187     -1.052      0.203      0.448      0.278      0.396
91.8000      -29979.819   -29988.361        8.543   342.4     -0.227      0.116     -1.172     -0.169      0.005     -0.343
91.8500      -29979.157   -29988.404        9.247   370.7      0.814     -0.560     -0.461     -0.222      0.708     -0.006
91.9000      -29979.475   -29987.811        8.336   334.1     -0.013      0.107     -0.592      0.735     -0.690      0.491
91.9500      -29980.174   -29987.936        7.761   311.1      0.581      0.747     -0.069      0.249     -0.200      0.092
92.0000      -29979.805   -29988.262        8.457   339.0      0.549      0.930      0.458     -0.278      0.007     -0.125
92.0500      -29980.313   -29987.799        7.486   300.1      0.655     -0.044     -0.565      0.222      0.172     -0.132
92.1000      -29979.821   -29987.096        7.274   291.6      1.061      0.683      0.565     -0.296      0.277      0.003
92.1500      -29979.741   -29987.893        8.151   326.7      0.471      0.930      0.019      0.413     -0.192     -0.011
92.2000      -29979.735   -29987.736        8.002   320.7     -0.136     -0.509      0.435     -0.123     -0.355      0.336
92.2500      -29979.855   -29988.062        8.208   329.0      0.594      0.588     -0.335     -0.470      0.055      0.928
92.3000      -29980.019   -29988.959        8.940   358.4      0.202     -0.289     -0.886      0.044     -0.553     -0.131
92.3500      -29979.854   -29988.045        8.191   328.3     -0.784      0.433      0.634     -0.028     -0.409     -0.335
92.4000      -29979.520   -29987.512        7.991   320.3     -0.040      0.901     -0.393     -0.137      0.349     -0.223
92.4500      -29979.355   -29987.066        7.711   309.1      1.347      0.488     -0.027      0.534      0.180     -0.334
92.5000      -29979.079   -29987.482        8.403   336.8     -0.451     -0.464     -0.087     -0.128     -0.425      0.562
92.5500      -29979.306   -29987.375        8.069   323.5      0.528     -0.361     -0.419     -0.183      0.246      0.149
92.6000      -29979.050   -29987.705        8.655   346.9     -0.119     -0.652      0.517      0.036      0.074      0.108
92.6500      -29979.462   -29987.977        8.515   341.3     -1.290     -0.435     -0.231      0.139      0.103     -0.755
92.7000      -29979.598   -29988.641        9.042   362.5     -0.708      0.019     -0.723      0.071     -0.374     -0.099
92.7500      -29980.402   -29988.105        7.703   308.8     -0.103      0.305      0.098     -0.206      0.022      0.203
92.8000      -29980.445   -29988.311        7.865   315.3     -0.362     -0.549      0.365     -0.634     -0.155     -0.205
92.8500      -29980.260   -29989.084        8.824   353.7      0.214     -0.298      0.162     -0.366     -0.344      0.354
92.9000      -29980.049   -29988.373        8.324   333.7      0.692     -0.091      0.235      0.593     -0.051     -0.263
92.9500      -29979.921   -29988.131        8.209   329.1     -0.885     -1.114     -0.546     -0.063      0.434     -0.499
93.0000      -29979.962   -29988.225        8.262   331.2     -0.045      0.138      0.017     -0.069      0.091     -0.214
93.0500      -29979.736   -29988.555        8.819   353.5      1.187      0.485      0.635     -0.560     -0.128      0.176
93.1000      -29979.539   -29987.895        8.356   334.9     -0.409     -0.241      0.087     -0.493      0.176      0.414
93.1500      -29979.819   -29987.910        8.091   324.3      0.044     -0.306     -0.201     -0.164     -0.510     -0.014
93.2000      -29979.338   -29987.957        8.619   345.5     -0.472     -1.033     -0.080     -0.275     -0.103     -0.485
93.2500      -29979.409   -29987.900        8.491   340.4     -0.205     -1.418     -0.737     -0.120     -0.359      0.529
93.3000      -29979.239   -29988.135        8.896   356.6      0.600     -0.444      0.351     -0.142      0.335     -0.670
93.3500      -29979.495   -29988.383        8.888   356.3      0.544      0.258      0.173      0.122      0.243     -0.562
93.4000      -29979.672   -29988.105        8.434   338.1     -0.737     -0.886     -0.351     -0.311      0.234      0.478
93.4500      -29979.573   -29988.311        8.738   350.3     -0.188      0.131      0.270     -0.137     -0.456      0.132
93.5000      -29979.821   -29988.387        8.565   343.3     -0.059     -1.010     -0.150      0.030     -0.333      0.241
93.5500      -29979.924   -29988.693        8.769   351.5     -0.833     -0.826     -0.908      0.530     -0.548      0.041
93.6000      -29979.854   -29988.641        8.786   352.2     -0.383     -0.939     -0.694     -0.260      0.343      0.374
93.6500      -29979.938   -29987.920        7.982   319.9      0.563     -0.082      0.138     -0.404     -0.203     -0.057
93.7000      -29979.819   -29988.480        8.662   347.2     -0.069      0.043     -0.037     -0.439     -0.084      0.266
93.7500      -29979.566   -29988.846        9.279   372.0     -0.305     -0.403      0.381      0.189     -0.712      0.026
93.8000      -29979.575   -29988.174        8.599   344.7      0.530      0.008      0.096      0.066      0.566     -0.149
93.8500      -29979.662   -29988.838        9.176   367.8     -0.476     -0.350     -0.185      0.268     -0.113      0.189
93.9000      -29980.064   -29987.727        7.663   307.1     -0.744     -0.294     -0.688     -0.427     -0.131     -0.606
93.9500      -29980.393   -29988.650        8.258   331.0     -1.268     -0.191      0.535      0.138      0.207      0.187
94.0000      -29980.710   -29988.514        7.804   312.8      0.948     -0.005     -0.532     -0.057      0.207     -0.772
94.0500      -29980.255   -29988.533        8.278   331.8      1.084      0.391     -0.324     -0.155      0.264      0.414
94.1000      -29980.633   -29988.725        8.092   324.4     -0.376      0.530      0.338     -0.504      0.005     -0.632
94.1500      -29980.351   -29988.738        8.387   336.2      0.042     -0.371     -1.276     -0.204     -0.533      0.142
94.2000      -29980.927   -29988.705        7.779   311.8     -0.404     -1.109      0.029     -0.322      0.550     -0.062
94.2500      -29981.064   -29988.445        7.382   295.9     -0.127     -0.753     -0.199     -0.285     -0.441     -0.565
94.3000      -29980.893   -29988.645        7.751   310.7      0.256     -0.252     -0.546     -0.065      0.461     -0.320
94.3500      -29980.676   -29989.242        8.567   343.4      0.602      0.609     -0.271      0.169      0.075      0.071
94.4000      -29980.095   -29988.949        8.854   354.9     -0.423     -0.581      1.095      0.066     -0.091     -0.240
94.4500      -29979.882   -29988.129        8.247   330.6     -0.571     -0.608     -1.434     -0.073      0.352      0.409
94.5000      -29979.775   -29987.895        8.120   325.5     -0.618     -0.821     -0.791      0.028      0.149      0.119
94.5500      -29979.329   -29988.094        8.764   351.3      0.672      0.817      0.455     -0.390      0.082      0.123
94.6000      -29979.628   -29988.094        8.466   339.4     -1.033     -0.406     -1.155      0.436     -0.308     -0.045
94.6500      -29979.358   -29987.709        8.351   334.7     -0.043     -0.089     -0.483      0.035      0.207     -0.032
94.7000      -29979.772   -29987.955        8.183   328.0     -0.568      0.058     -0.691     -0.512      0.016      0.194
94.7500      -29980.467   -29988.475        8.008   321.0     -1.021     -1.006     -0.984      0.019     -0.307     -0.853
94.8000      -29980.338   -29988.729        8.390   336.3     -0.586     -0.041     -0.789     -0.654      0.047      0.172
94.8500      -29979.553   -29988.398        8.846   354.6     -0.574     -0.382     -0.006      0.198     -0.388     -0.004
94.9000      -29979.050   -29988.309        9.259   371.1      0.064      0.191     -0.250     -0.041      0.317      0.361
94.9500      -29979.499   -29987.756        8.257   331.0     -0.543     -0.428     -0.686     -0.768     -0.588      0.011
95.0000      -29979.377   -29988.201        8.824   353.7     -0.071     -0.326      0.443      0.210      0.709      0.540
95.0500      -29979.226   -29988.297        9.071   363.6     -0.186     -0.187      0.260     -0.446     -0.370     -0.307
95.1000      -29979.249   -29988.277        9.028   361.9      0.112      0.221      0.027     -0.288      0.511      0.479
95.1500      -29979.694   -29988.105        8.411   337.2      0.616      0.109      0.667     -0.226     -0.175      0.160
95.2000      -29979.416   -29988.773        9.357   375.1     -0.370     -0.459     -0.738      0.396     -0.083     -0.256
95.2500      -29979.513   -29988.293        8.780   351.9      0.398     -0.439      0.812      0.011      0.021     -0.002
95.3000      -29979.518   -29988.340        8.821   353.6     -1.229     -0.558     -0.812     -0.409      0.369     -0.039
95.3500      -29979.665   -29987.721        8.056   322.9     -1.273     -0.992     -1.235     -0.807     -0.109      0.295
95.4000      -29979.350   -29988.432        9.082   364.0     -0.262     -0.159      0.074      0.256      0.048     -0.531
95.4500      -29979.136   -29987.691        8.555   342.9     -0.334     -1.359     -0.268      1.151     -0.429      0.209
95.5000      -29979.278   -29988.391        9.113   365.3      0.253     -0.391     -0.850     -0.084     -0.019      0.025
95.5500      -29979.364   -29987.877        8.513   341.2     -0.622     -1.418     -0.585     -0.304     -0.228      0.014
95.6000      -29979.259   -29988.311        9.051   362.8     -0.907     -0.440      0.103     -0.305      0.055      0.114
95.6500      -29979.707   -29988.307        8.600   344.7     -0.974     -0.283     -0.726      0.100     -0.400      0.269
95.7000      -29979.995   -29988.213        8.218   329.4      0.307     -0.426      0.195      0.074     -0.031     -0.243
95.7500      -29980.071   -29988.240        8.169   327.4      0.023     -0.584     -0.015     -0.361     -0.049      0.151
95.8000      -29979.839   -29988.348        8.509   341.1     -0.445     -0.057     -0.098      0.230      0.077     -0.047
95.8500      -29979.820   -29988.221        8.400   336.7     -0.110     -1.246     -0.145      0.169      0.184     -0.426
95.9000      -29980.159   -29988.475        8.316   333.3     -0.320      0.231      0.242     -0.208      0.315      0.298
95.9500      -29980.063   -29988.029        7.966   319.3     -0.390     -0.619     -0.466     -0.102      0.542      0.032
96.0000      -29979.639   -29988.061        8.421   337.6      0.136     -0.007      0.577     -0.365     -0.098      0.155
96.0500      -29980.026   -29988.496        8.471   339.5     -0.440      0.363      0.331      0.021      0.273     -0.065
96.1000      -29979.830   -29987.857        8.028   321.8     -1.008     -0.446     -0.608     -0.090      0.041     -0.029
96.1500      -29980.284   -29988.488        8.205   328.9     -0.806     -0.782     -0.029      0.364     -0.384     -0.616
96.2000      -29980.122   -29988.096        7.974   319.6     -0.601     -0.397     -0.191      0.221     -0.066      0.173
96.2500      -29980.146   -29988.898        8.752   350.8     -0.761     -0.056     -0.521     -0.061      0.079     -0.298
96.3000      -29980.095   -29988.426        8.331   333.9      0.599      0.569      0.462      0.518      0.328      0.049
96.3500      -29980.404   -29988.619        8.215   329.3     -0.375      0.379     -1.334     -0.259     -0.230      0.069
96.4000      -29980.764   -29988.684        7.919   317.4      0.199     -0.520     -0.858      0.415      0.093     -0.395
96.4500      -29979.731   -29988.145        8.414   337.3      0.068      0.197      0.587      0.893     -0.130      0.394
96.5000      -29979.738   -29988.066        8.328   333.8     -0.310     -0.671     -0.475     -0.193     -0.162      0.048
96.5500      -29979.480   -29988.438        8.958   359.1      0.119      0.470      0.283      0.322     -0.266     -0.355
96.6000      -29979.718   -29988.502        8.784   352.1     -0.626     -1.303      0.361      0.272     -0.031      0.029
96.6500      -29979.140   -29987.762        8.621   345.6     -0.421     -0.359     -0.946     -0.227      0.198      0.344
96.7000      -29979.349   -29987.211        7.862   315.1      0.480      0.426      0.112      0.141     -0.090     -0.474
96.7500      -29979.197   -29987.680        8.482   340.0      1.105     -0.219      0.250      0.542     -0.402     -0.397
96.8000      -29979.432   -29987.590        8.158   327.0      0.576      0.470      0.778     -0.308     -0.151      0.276
96.8500      -29979.661   -29988.242        8.582   344.0     -0.180     -0.518     -0.390      0.592      0.186      0.332
96.9000      -29979.414   -29988.029        8.616   345.4     -0.018     -0.595     -0.448     -0.372     -0.249     -0.287
96.9500      -29979.406   -29987.619        8.213   329.2     -0.486     -0.153     -0.035      0.245      0.286     -0.664
97.0000      -29979.212   -29987.691        8.479   339.9     -0.416     -0.484     -0.139     -0.108     -0.415      0.350
97.0500      -29979.009   -29988.064        9.055   363.0      0.427      0.007     -0.112      0.210      0.853     -0.117
97.1000      -29978.978   -29988.312        9.335   374.2     -0.017      0.745      0.359      0.146     -0.074     -0.221
97.1500      -29978.430   -29987.156        8.726   349.8      0.757     -0.001     -0.178     -0.081      0.095     -0.067
97.2000      -29978.789   -29987.127        8.338   334.2     -0.748      0.115     -0.122     -0.096      0.299     -0.078
97.2500      -29978.790   -29987.615        8.825   353.8     -0.772     -0.037     -0.120     -0.110     -0.128     -0.042
97.3000      -29978.379   -29986.916        8.537   342.2      1.071     -0.168     -0.348     -0.193      0.010      0.308
97.3500      -29978.315   -29987.729        9.414   377.4      0.355     -0.277      0.165     -0.249      0.417     -0.393
97.4000      -29978.221   -29986.652        8.431   338.0      0.093      0.373     -0.503     -0.268     -0.079      0.224
97.4500      -29977.944   -29986.855        8.912   357.2      0.138     -0.035      0.526     -0.052      0.360     -0.626
97.5000      -29978.225   -29986.826        8.601   344.8     -0.092     -0.787     -1.073      0.043     -0.119      0.191
97.5500      -29978.030   -29986.752        8.722   349.6     -0.166      0.217      0.371      0.375     -0.011     -0.378
97.6000      -29978.275   -29986.893        8.618   345.4     -1.503     -0.186     -0.145      0.342      0.282      0.034
97.6500      -29978.470   -29987.990        9.520   381.6     -0.548      0.039     -0.115     -0.337     -0.240      0.071
97.7000      -29978.376   -29987.143        8.767   351.4     -0.169      0.457      0.227      0.235     -0.351     -0.423
97.7500      -29978.941   -29988.033        9.092   364.4     -0.049     -0.112     -0.568     -0.546      0.076      0.260
97.8000      -29979.299   -29987.547        8.248   330.6     -1.223     -0.758     -0.184      0.192     -0.038      0.125
97.8500      -29979.610   -29987.113        7.503   300.8     -0.567     -0.628      0.369     -0.156      0.412      0.300
97.9000      -29979.052   -29988.002        8.950   358.7     -0.924     -0.507     -0.489      0.161     -0.115      0.026
97.9500      -29979.321   -29987.652        8.332   334.0      0.460      0.166      0.066     -0.109      0.256     -0.372
98.0000      -29979.300   -29987.783        8.483   340.0     -0.616     -0.951     -0.136      0.420      0.024     -0.068
98.0500      -29979.070   -29988.055        8.985   360.2      0.199     -0.622     -0.309     -1.114     -0.498     -0.115
98.1000      -29979.376   -29987.361        7.986   320.1     -0.242     -0.497     -0.394      0.088     -0.310     -0.299
98.1500      -29979.625   -29987.648        8.024   321.6     -0.451      0.476      0.169      0.015      0.219     -0.155
98.2000      -29979.762   -29987.770        8.008   321.0      0.632      0.004     -0.394     -0.001     -0.086     -0.341
98.2500      -29980.295   -29988.529        8.234   330.1      0.752      0.691     -0.103     -0.171     -0.256     -0.003
98.3000      -29980.069   -29988.037        7.968   319.4      0.430      0.779      1.047      0.398      0.199     -0.220
98.3500      -29980.309   -29988.465        8.156   326.9     -0.270     -0.347      0.052      0.668      0.009      0.430
98.4000      -29980.594   -29987.801        7.207   288.9      0.126      0.086     -0.106     -0.340     -0.496      0.602
98.4500      -29980.346   -29988.209        7.863   315.2     -0.158      0.003     -0.192      0.452     -0.205     -0.461
98.5000      -29980.817   -29988.430        7.613   305.2      0.014     -0.199      0.095      0.331      0.112     -0.020
98.5500      -29980.640   -29988.309        7.668   307.4     -0.404      0.386     -0.311     -0.234      0.529      0.282
98.6000      -29980.868   -29988.697        7.829   313.8      0.020     -0.464     -0.102      0.102     -0.238      0.199
98.6500      -29981.136   -29989.461        8.325   333.7     -0.540      0.052     -0.154     -0.306     -0.368      0.330
98.7000      -29981.095   -29988.521        7.427   297.7      0.370     -0.866      0.444      0.003     -0.269     -0.223
98.7500      -29980.562   -29989.000        8.438   338.2     -0.484     -0.045     -0.166     -0.030      0.187      0.231
98.8000      -29980.448   -29988.129        7.681   307.9      0.244     -0.498     -0.242      0.302     -0.106     -0.383
98.8500      -29980.577   -29988.807        8.230   329.9     -0.388     -0.300     -0.375     -0.155      0.329      0.313
98.9000      -29980.627   -29988.328        7.701   308.7     -0.255     -0.215      0.038      0.058      0.141     -0.153
98.9500      -29980.075   -29988.912        8.837   354.2     -0.640     -1.377     -0.523     -0.436     -0.295     -0.382
99.0000      -29980.185   -29988.537        8.352   334.8      0.033     -0.799     -0.326     -0.022     -0.103     -0.469
99.0500      -29980.306   -29988.537        8.231   330.0     -0.304     -0.556     -0.757      0.136     -0.173      0.242
99.1000      -29980.162   -29987.793        7.631   305.9      0.355      0.535      0.018     -0.518     -0.265     -0.125
99.1500      -29979.705   -29988.037        8.332   334.0     -0.110     -0.442      0.355     -0.102      0.238     -0.296
99.2000      -29980.032   -29988.477        8.445   338.5     -0.095      0.035      0.000      0.429     -0.124     -0.174
99.2500      -29980.394   -29988.602        8.208   329.0     -0.108     -0.157     -0.046      0.475      0.220      0.013
99.3000      -29979.885   -29987.939        8.054   322.9      0.065      0.808      0.914     -0.399     -0.056     -0.107
99.3500      -29979.754   -29987.232        7.478   299.8      0.381      0.183      1.110     -0.423      0.130      0.568
99.4000      -29979.982   -29987.275        7.293   292.3      0.028     -0.447     -1.123     -0.315      0.084     -0.390
99.4500      -29979.676   -29987.625        7.949   318.6     -0.570     -0.304     -0.517     -0.407      0.080     -0.248
99.5000      -29980.176   -29987.668        7.492   300.3     -0.111     -0.619     -0.610     -0.580      0.151      0.403
99.5500      -29980.276   -29989.293        9.017   361.4     -0.415     -0.889     -0.531     -0.218      0.094     -0.149
99.6000      -29979.947   -29988.139        8.191   328.3      0.412     -0.071     -0.072      0.046     -0.311     -0.206
99.6500      -29979.940   -29988.691        8.752   350.8      0.208      0.089      0.494      0.245     -0.411      0.282
99.7000      -29979.714   -29988.836        9.122   365.7     -0.240     -0.371     -0.112     -0.789      0.326     -0.084
99.7500      -29979.995   -29988.648        8.653   346.9     -0.196     -0.757     -0.247      0.134     -0.594     -0.142
99.8000      -29979.685   -29987.674        7.989   320.2     -0.380      0.140     -0.548      0.508      0.187      0.163
99.8500      -29979.085   -29988.525        9.440   378.4     -0.569     -1.234      0.057     -0.171     -0.288      0.124
99.9000      -29979.736   -29987.922        8.185   328.1      0.096      0.284      1.131     -0.238      0.200     -0.285
99.9500      -29979.710   -29988.207        8.497   340.6      0.846     -0.143     -0.476     -0.181      0.188     -0.082
100.0000     -29979.280   -29987.830        8.550   342.7     -0.127      0.062     -0.259      0.390      0.480     -0.583
100.0500     -29979.091   -29987.797        8.706   349.0      1.154     -0.827     -0.447     -0.351      0.034     -0.387
100.1000     -29978.830   -29987.766        8.936   358.2     -0.621     -0.517     -0.432     -0.128     -0.396      0.252
100.1500     -29979.792   -29988.811        9.018   361.5     -0.123     -0.867      0.349      0.161     -0.097      0.005
100.2000     -29979.854   -29988.021        8.168   327.4     -0.862     -0.663     -0.620      0.217      0.294      0.709
100.2500     -29980.170   -29988.037        7.867   315.3     -0.512      0.179      0.350     -0.643     -0.157      0.374
100.3000     -29979.962   -29987.641        7.679   307.8     -0.016     -0.475      0.672      0.529      0.287      0.562
100.3500     -29979.737   -29987.498        7.761   311.1     -0.392     -0.786     -0.949      0.227      0.393     -0.423
100.4000     -29980.161   -29988.025        7.864   315.2     -0.111      0.278     -0.260     -0.450     -0.312      0.295
100.4500     -29980.357   -29988.430        8.072   323.6      0.650      0.078     -0.362     -0.243      0.068     -0.262
100.5000     -29979.858   -29988.543        8.685   348.1      0.199      0.096      0.437     -0.618      0.326      0.051
100.5500     -29980.079   -29988.348        8.269   331.5      0.680      0.582      0.824     -0.619     -0.016     -0.011
100.6000     -29980.194   -29987.949        7.755   310.9      0.092     -0.044     -0.052     -0.274      0.127      0.001
100.6500     -29979.338   -29988.268        8.930   358.0      0.303      1.053      0.138     -0.613      0.446     -0.329
100.7000     -29979.881   -29988.389        8.508   341.0     -0.222     -0.142     -0.576     -0.254      0.000      0.148
100.7500     -29979.658   -29987.896        8.239   330.2      0.235      0.769     -0.521     -0.319     -0.529      0.223
100.8000     -29979.451   -29987.395        7.943   318.4      0.250      0.256      1.075     -0.148     -0.331     -0.050
100.8500     -29979.421   -29987.670        8.249   330.7      0.162      1.068     -0.936     -0.355     -0.428     -0.039
100.9000     -29979.211   -29987.373        8.162   327.2      0.378     -0.060      0.247      0.007     -0.157      0.041
100.9500     -29979.842   -29988.100        8.258   331.0     -0.547     -0.379     -0.496     -0.850     -0.630     -0.169
101.0000     -29979.768   -29988.398        8.630   345.9     -0.815     -0.334     -0.501     -0.132      0.139     -0.066
101.0500     -29979.672   -29988.436        8.764   351.3      0.508      0.179      0.061     -0.231     -0.141      0.187
101.1000     -29979.490   -29988.855        9.365   375.4      0.016     -0.056      0.691      0.419      0.728     -0.396
101.1500     -29979.781   -29988.361        8.581   344.0      0.147      0.157     -0.408     -0.125      0.219     -0.775
101.2000     -29979.531   -29987.879        8.348   334.6     -0.930     -0.302      0.152      0.139      0.465      0.150
101.2500     -29979.517   -29988.043        8.526   341.8      0.246      0.461     -0.226      0.318      0.160      0.038
101.3000     -29979.440   -29987.912        8.472   339.6      1.050      0.031      0.887      0.224      0.132      0.368
101.3500     -29979.920   -29988.342        8.422   337.6      0.801      0.688      0.210     -0.393     -0.395     -0.183
101.4000     -29979.604   -29987.789        8.185   328.1      0.097      0.142      0.020      0.064      1.054      0.074
101.4500     -29979.716   -29988.281        8.565   343.3     -1.084      0.224     -0.084     -0.552     -0.453      0.045
101.5000     -29980.329   -29988.689        8.360   335.1      1.234      0.309      0.386     -0.157      0.321      0.212
101.5500     -29980.810   -29988.744        7.934   318.0      0.079      0.592      1.161     -0.045     -0.085      0.087
101.6000     -29981.135   -29988.361        7.226   289.7     -1.174     -0.224     -0.845      0.048     -0.185     -0.340
101.6500     -29981.240   -29989.041        7.801   312.7      0.300     -0.697     -0.923      0.160      0.099     -0.397
101.7000     -29981.082   -29989.748        8.666   347.4     -0.484      0.052     -0.596      0.132     -0.082      0.507
101.7500     -29981.080   -29989.438        8.358   335.0     -0.417      0.210     -0.352      0.237     -0.119     -0.271
101.8000     -29980.864   -29988.652        7.789   312.2     -0.342      0.891      0.516     -0.027     -0.028      0.180
101.8500     -29980.738   -29988.264        7.526   301.7      0.622      0.387     -0.761     -0.381      0.326      0.052
101.9000     -29980.958   -29988.367        7.409   297.0      0.643      0.123     -0.498     -0.117     -0.290      0.011
101.9500     -29980.456   -29988.934        8.478   339.8     -0.112      0.089     -0.514     -0.109      0.135     -0.394
102.0000     -29980.437   -29988.787        8.350   334.7     -0.402     -1.132     -0.975     -0.515     -0.249      0.215
102.0500     -29980.237   -29989.059        8.821   353.6     -0.386      0.504     -0.074      0.337      0.268     -0.173
102.1000     -29980.500   -29989.154        8.654   346.9     -0.335     -0.250     -0.217      0.450      0.485      0.024
102.1500     -29980.842   -29989.391        8.548   342.7     -0.741     -0.878     -0.519      0.329     -0.168     -0.012
102.2000     -29980.272   -29988.699        8.427   337.8     -0.325     -0.143      0.183     -0.494     -0.115      0.109
102.2500     -29979.914   -29988.723        8.808   353.1     -0.931     -0.456     -0.162      0.023     -0.160     -0.305
102.3000     -29979.326   -29987.852        8.526   341.8      0.336      0.063      0.303      0.009      0.224     -0.123
102.3500     -29979.132   -29987.137        8.005   320.9     -0.806      0.475     -0.393      0.424     -0.157     -0.219
102.4000     -29979.450   -29987.859        8.410   337.1     -0.449     -1.300      0.166     -0.563      0.023      0.495
102.4500     -29979.603   -29987.898        8.295   332.5     -1.055      0.487     -0.437     -0.006      0.012      0.235
102.5000     -29979.615   -29988.150        8.535   342.1      0.599     -0.765     -0.352     -0.234      0.580     -0.522
102.5500     -29979.733   -29988.281        8.548   342.6     -1.116      0.158      0.129      0.378     -0.358      0.591
102.6000     -29979.385   -29988.037        8.652   346.8      0.480      0.467      0.120      0.341      1.180      0.087
102.6500     -29979.031   -29988.418        9.387   376.3     -0.915      0.678      0.493     -0.001      0.105     -0.166
102.7000     -29978.605   -29987.455        8.850   354.8      0.034      0.016     -1.453     -0.016     -0.531      0.014
102.7500     -29979.265   -29988.264        8.999   360.7     -0.491     -0.423     -0.249      0.248      0.683     -0.105
102.8000     -29979.466   -29987.764        8.298   332.6     -0.804      0.102      0.054      0.152     -0.271      0.353
102.8500     -29979.595   -29988.293        8.698   348.7     -0.914     -1.038     -0.702      0.198      0.302     -0.707
102.9000     -29980.104   -29988.820        8.716   349.4      0.248      0.075     -0.030      0.290     -0.008     -0.143
102.9500     -29980.228   -29988.699        8.471   339.6     -0.729     -0.061      0.181     -0.274      0.046      0.154
103.0000     -29980.094   -29988.311        8.217   329.4      0.857      0.487      1.027     -0.307     -0.179      0.060
103.0500     -29979.801   -29987.840        8.039   322.3     -0.722     -0.186     -0.430     -0.338     -0.032     -0.754
103.1000     -29979.113   -29988.236        9.123   365.7      0.476      0.312      0.899      0.368     -0.433      0.449
103.1500     -29979.337   -29988.062        8.726   349.8      0.285      0.406      0.581     -0.100      0.162     -0.003
103.2000     -29979.546   -29988.111        8.565   343.3      1.121      0.580      0.260      0.166     -0.453      0.250
103.2500     -29979.507   -29988.592        9.084   364.1      0.679      0.546      0.655     -0.314     -0.455      0.018
103.3000     -29979.806   -29988.129        8.323   333.6     -0.170     -0.975      0.079      0.327      0.113      0.134
103.3500     -29980.054   -29988.314        8.261   331.1     -0.242      0.290      0.551     -0.137      0.145      0.496
103.4000     -29980.202   -29988.230        8.028   321.8      0.321     -0.393     -0.378      0.222      0.188      0.054
103.4500     -29980.126   -29988.531        8.406   336.9     -0.138     -0.406     -1.065     -0.675      0.829      0.021
103.5000     -29980.655   -29988.977        8.321   333.6      0.325      1.292      0.248      0.727      0.147      0.167
103.5500     -29980.228   -29988.393        8.165   327.3     -1.029     -0.008      0.413     -0.868     -0.433     -0.193
103.6000     -29980.838   -29989.344        8.506   341.0      0.321      0.192      0.202      0.127     -0.066      0.138
103.6500     -29980.999   -29989.727        8.728   349.9      0.135     -0.879     -0.385      0.456      0.147      0.424
103.7000     -29980.454   -29988.768        8.313   333.2      0.065     -0.221      0.569     -0.199     -0.043      0.326
103.7500     -29980.655   -29989.072        8.418   337.4     -0.555     -0.418      0.504     -0.767      0.141     -0.169
103.8000     -29980.694   -29987.996        7.302   292.7      0.312     -0.454      0.192     -0.111      0.639      0.664
103.8500     -29980.240   -29988.637        8.396   336.6      0.390     -0.210     -0.013      0.101      0.008     -0.088
103.9000     -29980.279   -29988.578        8.299   332.7     -0.440     -0.029     -0.041     -0.001      0.399     -0.193
103.9500     -29980.102   -29988.375        8.273   331.6     -0.752     -0.345     -0.275     -0.491      0.603     -0.011
104.0000     -29980.423   -29988.592        8.169   327.5     -0.070     -0.032      0.584      0.416     -0.286      0.265
104.0500     -29980.597   -29988.252        7.655   306.8     -0.277      0.148     -0.524      0.187      0.216     -0.152
104.1000     -29980.142   -29988.969        8.827   353.8      0.745      0.018     -0.557      0.008     -0.219      0.090
104.1500     -29980.601   -29987.996        7.395   296.4     -0.131      0.148      0.550     -0.148      0.237      0.097
104.2000     -29980.423   -29987.842        7.419   297.4     -0.441      0.064     -0.946     -0.117      0.043     -0.429
104.2500     -29980.448   -29988.256        7.808   313.0     -0.772     -0.705     -0.300     -0.277      0.338      0.631
104.3000     -29980.345   -29988.689        8.345   334.5      0.058      0.027     -0.483      0.042     -0.037     -0.175
104.3500     -29980.416   -29988.053        7.636   306.1     -0.786     -0.996     -1.844     -0.146      0.230     -0.147
104.4000     -29980.454   -29988.672        8.218   329.4     -0.568     -0.654      0.303     -0.057      0.048     -0.173
104.4500     -29980.330   -29988.383        8.052   322.8      0.190     -0.126     -0.909      0.077     -0.049      0.181
104.5000     -29980.723   -29988.584        7.861   315.1      0.453      0.105      0.366      0.707      0.475     -0.038
104.5500     -29980.876   -29988.881        8.005   320.9     -0.129     -0.604      0.828     -0.004     -0.244     -0.366
104.6000     -29980.645   -29988.822        8.177   327.8      0.393      0.386     -0.178      0.020     -0.459      0.258
104.6500     -29980.454   -29988.902        8.448   338.6     -0.083     -0.433      0.953     -0.182     -0.228     -0.186
104.7000     -29980.112   -29988.695        8.583   344.1     -0.208      0.115     -0.016      0.033      0.394      0.080
104.7500     -29980.053   -29988.592        8.539   342.3     -0.652      0.204     -0.383      0.100     -0.486      0.152
104.8000     -29979.774   -29988.111        8.337   334.2     -0.138      0.441      0.156     -0.055      0.383      0.332
104.8500     -29979.542   -29988.152        8.611   345.2      1.160      0.292      0.670      0.222      0.063      0.176
104.9000     -29979.700   -29987.891        8.191   328.3      0.259      0.433      0.958      0.392     -0.014     -0.093
104.9500     -29979.498   -29987.725        8.227   329.8      1.271      0.376      0.831     -0.030      0.095     -0.044
105.0000     -29979.782   -29987.900        8.118   325.4     -0.619     -0.138     -0.719      0.577      0.185     -0.534
105.0500     -29979.699   -29988.041        8.342   334.4      0.955     -0.384      0.142      0.722     -0.364      0.283
105.1000     -29979.725   -29987.748        8.023   321.6     -0.130     -0.377     -0.128     -0.394      0.056     -0.101
105.1500     -29979.715   -29987.596        7.880   315.9     -0.108     -0.118     -0.904     -0.115      0.336     -0.028
105.2000     -29979.829   -29988.008        8.179   327.9     -1.027     -0.536     -1.178      0.453      0.755      0.055
105.2500     -29979.676   -29988.291        8.615   345.3     -0.232     -0.368     -0.402     -0.434      0.156      0.172
105.3000     -29979.387   -29987.859        8.472   339.6      0.734      0.794     -0.498     -0.152     -0.641      0.006
105.3500     -29979.518   -29987.793        8.275   331.7     -0.599      1.048      0.407     -0.279      0.095     -0.339
105.4000     -29980.214   -29988.344        8.130   325.9     -0.003     -0.158     -0.506     -0.700     -0.058     -0.186
105.4500     -29980.150   -29987.652        7.502   300.7      0.503     -0.578     -0.368     -0.369     -0.463     -0.633
105.5000     -29979.815   -29987.240        7.425   297.6     -0.215     -0.323     -0.620      0.654     -0.032      0.354
105.5500     -29979.824   -29988.018        8.193   328.4     -0.097      0.231      0.634      0.139      0.234      0.443
105.6000     -29979.172   -29987.299        8.127   325.8      0.692     -0.129      1.061     -0.254     -0.624     -0.136
105.6500     -29979.495   -29987.738        8.243   330.4      0.348      0.171      0.482      0.103     -0.067     -0.498
105.7000     -29979.186   -29988.244        9.058   363.1     -0.179      0.208     -0.030     -0.189      0.290     -0.162
105.7500     -29979.369   -29988.381        9.012   361.2      0.401     -0.398     -0.410     -0.320      0.248     -0.198
105.8000     -29979.609   -29988.242        8.633   346.1      0.141      0.574      0.266      0.030      0.067     -0.039
105.8500     -29979.869   -29987.723        7.854   314.8     -0.152      0.601     -0.166     -0.223     -0.447      0.407
105.9000     -29979.244   -29987.057        7.813   313.2      0.080     -0.050      0.356     -0.098      0.126     -0.576
105.9500     -29978.675   -29987.447        8.772   351.6     -0.658     -0.682     -0.909      0.194     -0.348      0.360
106.0000     -29978.692   -29987.719        9.026   361.8      0.047     -0.322      0.298     -0.306     -0.075      0.055
106.0500     -29978.383   -29987.549        9.165   367.4      0.433      0.440      0.945     -0.279      0.221     -0.231
106.1000     -29978.608   -29987.326        8.718   349.5     -0.105     -0.878     -1.010     -0.268      0.521      0.288
106.1500     -29978.307   -29987.422        9.114   365.4     -0.285     -0.394     -0.506     -0.063     -0.013     -0.273
106.2000     -29978.484   -29986.965        8.481   340.0     -0.779     -0.208     -0.361     -0.380      0.061      0.004
106.2500     -29978.099   -29987.432        9.333   374.1      0.065      0.330     -0.363      0.250      0.253      0.393
106.3000     -29978.134   -29986.436        8.302   332.8      0.171      0.630      1.150      0.100      0.080      0.354
106.3500     -29978.257   -29986.139        7.882   316.0     -0.630     -0.036      0.405      0.158     -0.452     -0.178
106.4000     -29978.578   -29986.318        7.741   310.3     -0.768     -1.129      0.378     -0.210      0.036      0.229
106.4500     -29978.806   -29986.762        7.956   318.9     -0.519     -0.640     -0.005      0.050     -0.356     -0.153
106.5000     -29979.133   -29986.918        7.785   312.1     -0.093     -0.257      0.797     -0.492      0.388     -0.058
106.5500     -29979.387   -29987.844        8.457   339.0      0.982     -0.385     -0.113      0.177      0.164      0.068
106.6000     -29979.481   -29987.527        8.047   322.5      0.408      0.506     -0.239      0.064     -0.036     -0.483
106.6500     -29979.244   -29988.191        8.947   358.6     -0.334      0.109     -0.538     -0.185      0.108     -0.040
106.7000     -29979.403   -29987.586        8.183   328.0     -0.422     -0.740     -0.966     -0.186     -0.306     -0.108
106.7500     -29979.719   -29987.668        7.949   318.6      0.231      0.016      0.106     -0.056     -0.380      0.104
106.8000     -29979.124   -29987.215        8.091   324.3      0.623      0.506      1.124     -0.405     -0.049      0.415
106.8500     -29979.248   -29987.512        8.264   331.3      0.260     -0.089     -0.007      0.155     -0.796     -0.103
106.9000     -29979.341   -29987.869        8.528   341.9     -0.134     -0.112      0.505     -0.283     -0.053     -0.743
106.9500     -29979.723   -29987.299        7.576   303.7     -0.602     -1.505     -0.733      0.201      0.571      0.525
107.0000     -29979.139   -29988.035        8.897   356.6     -0.467     -0.034     -0.084     -0.107      0.129     -0.090
107.0500     -29979.520   -29988.346        8.826   353.8     -0.534     -0.431     -0.516      0.053      0.394      0.092
107.1000     -29979.907   -29988.424        8.516   341.4     -0.123     -0.502     -0.265     -0.442     -0.154     -0.187
107.1500     -29980.117   -29988.838        8.721   349.6      0.153      0.645      0.163     -0.291     -0.094     -0.132
107.2000     -29979.849   -29988.324        8.475   339.7      0.220      0.699      0.384     -0.544     -0.381     -0.199
107.2500     -29980.219   -29988.148        7.929   317.8      0.504      0.444      0.647     -0.008     -0.137      0.754
107.3000     -29979.532   -29987.842        8.309   333.1      0.986      0.286      0.037      0.003     -0.104     -0.183
107.3500     -29979.301   -29988.262        8.960   359.2      0.697      0.250      0.956      0.042     -0.168      0.200
107.4000     -29979.412   -29987.473        8.061   323.1      0.743      0.452     -1.044      0.363     -0.357      0.237
107.4500     -29979.753   -29987.889        8.136   326.1      0.011     -0.538      0.459      0.165     -0.248      0.241
107.5000     -29979.785   -29988.301        8.516   341.4      0.515      0.784      1.030      0.236     -0.057      0.033
107.5500     -29980.288   -29988.010        7.722   309.5      0.576     -0.386     -0.354      0.050      0.159     -0.447
107.6000     -29980.190   -29988.271        8.082   323.9     -1.448     -0.298     -0.564      0.501     -0.088      0.035
107.6500     -29980.288   -29988.051        7.763   311.2     -0.103      0.063     -1.098     -0.040     -0.193     -0.371
107.7000     -29980.801   -29988.324        7.524   301.6      0.091      0.128      0.430     -0.068     -0.284     -0.288
107.7500     -29980.841   -29988.396        7.555   302.8      0.734     -0.742      0.264      0.593     -0.207     -0.094
107.8000     -29980.920   -29988.428        7.508   301.0     -0.205      0.499     -0.733      0.349      0.245     -0.303
107.8500     -29980.845   -29988.570        7.725   309.7     -0.319     -1.144      0.131     -0.015     -0.526      0.468
107.9000     -29980.923   -29988.545        7.622   305.5      0.153     -0.155     -0.258      0.251     -0.505      0.125
107.9500     -29981.160   -29988.568        7.408   296.9     -0.338     -0.176     -1.401      0.325      0.040     -0.105
108.0000     -29981.050   -29988.398        7.348   294.6     -0.223     -0.958      0.845     -0.174     -0.513      0.448
108.0500     -29980.814   -29988.408        7.595   304.4      0.162     -0.453     -0.752      0.454      0.244     -0.232
108.1000     -29979.984   -29988.084        8.100   324.7     -0.714     -0.467     -0.700     -0.400     -0.499     -0.142
108.1500     -29979.897   -29987.672        7.775   311.6     -0.074      0.452     -1.397      0.107      0.040     -0.023
108.2000     -29979.653   -29987.551        7.897   316.6      0.022      0.693      0.901      0.237      0.277     -0.197
108.2500     -29979.219   -29986.932        7.713   309.2     -0.080     -0.440     -0.076      0.275     -0.026     -0.489
108.3000     -29979.297   -29987.850        8.552   342.8      0.127      0.084     -0.127      0.106     -0.105      0.387
108.3500     -29979.527   -29986.805        7.277   291.7     -0.213     -0.185      0.198      0.480      0.219      0.018
108.4000     -29980.071   -29988.225        8.153   326.8     -0.209     -0.589      0.076     -0.347      0.111      0.029
108.4500     -29980.213   -29987.918        7.705   308.8     -0.583      0.706     -0.643     -0.107      0.330     -0.956
108.5000     -29980.056   -29988.377        8.321   333.5     -0.270      0.345      0.134     -0.328      0.406      0.030
108.5500     -29980.064   -29988.139        8.074   323.7      0.213     -0.909     -0.257      0.024     -0.315     -0.116
108.6000     -29979.808   -29988.018        8.209   329.1     -0.819     -1.100      0.107      0.469      0.276      0.101
108.6500     -29979.595   -29988.027        8.432   338.0     -0.407      0.140     -0.658      0.050     -0.239      0.004
108.7000     -29979.522   -29988.223        8.701   348.8     -0.127     -0.669      0.511     -0.344      0.860     -0.477
108.7500     -29979.878   -29987.709        7.831   313.9     -0.112      0.905      0.706      0.114      0.395      0.151
108.8000     -29979.079   -29987.533        8.455   338.9      0.302      0.616      0.538     -0.447     -0.552      0.370
108.8500     -29979.589   -29988.061        8.471   339.6      0.112      0.292      0.060     -0.113     -0.029     -0.194
108.9000     -29979.751   -29987.641        7.889   316.2      0.507     -0.036      0.686     -0.198     -0.169      0.076
108.9500     -29979.623   -29987.934        8.311   333.1      0.439      0.297     -0.148     -0.389      0.681      0.295
109.0000     -29979.461   -29987.566        8.105   324.9     -0.093     -0.691      0.136      0.255     -0.492     -0.653
109.0500     -29979.400   -29987.965        8.565   343.3      0.218     -0.445     -0.625      0.293      0.141      0.195
109.1000     -29978.930   -29987.613        8.683   348.1      0.189      0.519      0.205      0.033      0.281     -0.348
109.1500     -29979.039   -29987.922        8.883   356.1      0.196     -0.322     -0.141      0.006     -0.242      0.006
109.2000     -29978.446   -29986.770        8.324   333.7     -0.354     -1.267      0.130     -0.318     -0.627     -0.307
109.2500     -29978.640   -29987.363        8.723   349.7     -0.001      0.337     -0.220      0.246      0.344      0.462
109.3000     -29978.584   -29987.066        8.482   340.0      0.007      0.431      0.491     -0.498     -0.448     -0.323
109.3500     -29978.431   -29987.316        8.885   356.2      0.320      0.254     -0.363      0.088      0.847      0.376
109.4000     -29978.769   -29987.316        8.548   342.6     -0.514      0.779      0.117      0.323     -0.086      0.126
109.4500     -29979.275   -29988.061        8.786   352.2     -0.679     -0.687     -0.006      0.182      0.440     -0.650
109.5000     -29979.596   -29987.600        8.004   320.8     -0.781     -0.561     -0.933      0.424     -0.112     -0.877
109.5500     -29979.547   -29988.062        8.515   341.3     -0.622      0.198     -0.035     -0.169     -0.310      0.205
109.6000     -29979.424   -29987.770        8.346   334.5     -0.464     -0.222     -0.147      0.425      0.324     -0.100
109.6500     -29979.561   -29988.090        8.529   341.9      0.214     -0.032     -0.652     -0.112     -0.018      0.062
109.7000     -29979.306   -29987.346        8.040   322.3     -0.098      0.153      0.305      0.495      0.344     -0.551
109.7500     -29979.403   -29987.412        8.009   321.0     -0.533     -0.104     -0.031     -0.089      0.282     -0.361
109.8000     -29979.292   -29987.385        8.093   324.4     -0.187      0.652     -0.080      0.526     -0.023      0.308
109.8500     -29980.031   -29987.533        7.502   300.7      0.529      0.523      0.617     -0.063     -0.500     -0.089
109.9000     -29980.191   -29987.799        7.608   305.0      0.229      0.399      0.209      0.385     -0.107      0.165
109.9500     -29979.910   -29988.568        8.659   347.1      0.092     -0.127     -0.192     -0.014      0.045      0.523
110.0000     -29979.903   -29988.387        8.484   340.1     -0.021      0.432     -0.339     -0.521     -0.198      0.135
110.0500     -29980.669   -29988.662        7.993   320.4      0.259      0.530     -0.187      0.134     -0.266      0.553
110.1000     -29981.256   -29988.664        7.408   297.0      0.251      0.038      0.447     -0.534     -0.184      0.129
110.1500     -29981.307   -29989.033        7.726   309.7      1.191      0.563      1.311      0.491      0.341      0.325
110.2000     -29981.348   -29988.607        7.259   291.0      0.019     -0.314     -0.650     -0.172      0.177     -0.176
110.2500     -29981.186   -29989.219        8.033   322.0      0.278     -0.038     -0.451      0.081      0.259      0.306
110.3000     -29980.844   -29988.758        7.914   317.2     -0.694     -0.147      0.444      0.189      0.219     -0.035
110.3500     -29981.329   -29989.088        7.759   311.0      0.262     -0.089     -0.370     -0.397     -0.091      0.126
110.4000     -29980.951   -29988.338        7.387   296.1     -0.324      0.293     -0.855     -0.314      0.276     -0.017
110.4500     -29980.211   -29987.881        7.670   307.5      0.523      0.614     -0.209      0.336     -0.209      0.216
110.5000     -29980.680   -29988.467        7.787   312.1     -1.050     -0.502     -0.243     -0.376      0.257     -0.209
110.5500     -29980.556   -29988.092        7.536   302.1     -0.788     -1.427     -0.558     -0.366     -0.268      0.261
110.6000     -29980.381   -29987.635        7.254   290.8      0.485     -0.387     -0.283      0.251      0.369     -0.185
110.6500     -29979.874   -29988.080        8.206   328.9     -0.473     -0.654      0.106      0.468      0.292     -0.412
110.7000     -29979.798   -29988.830        9.032   362.1     -0.790     -0.145     -0.346      0.407     -0.280      0.240
110.7500     -29979.710   -29988.506        8.795   352.6     -0.259     -0.475     -0.665     -0.411     -0.146     -0.024
110.8000     -29979.257   -29988.607        9.351   374.8      0.485     -0.776     -0.204      0.333     -0.033     -0.505
110.8500     -29979.823   -29988.439        8.617   345.4      0.626     -0.230     -0.263     -0.542     -0.066     -0.184
110.9000     -29979.732   -29988.424        8.691   348.4     -0.038     -0.579     -0.671      0.698      0.044     -0.195
110.9500     -29979.385   -29988.297        8.912   357.2     -0.154     -0.169      0.365     -0.022      0.079     -0.069
111.0000     -29978.708   -29987.250        8.542   342.4     -0.496     -1.190     -1.038     -0.165      0.228      0.133
111.0500     -29978.766   -29987.637        8.871   355.6     -0.377     -0.192     -0.623     -0.273     -0.023      0.004
111.1000     -29978.642   -29987.309        8.667   347.4     -0.145     -0.390      0.176      0.451      0.407     -0.324
111.1500     -29978.990   -29987.170        8.180   327.9      0.130      0.960     -0.859     -0.413      0.534      0.121
111.2000     -29979.583   -29988.080        8.497   340.6      0.382     -0.613     -0.295      0.292     -0.126     -0.078
111.2500     -29979.074   -29987.592        8.518   341.4     -0.857      0.131      0.304      0.730      0.314      0.182
111.3000     -29979.304   -29987.926        8.621   345.6      0.253      0.557     -0.487     -0.349      0.749      0.489
111.3500     -29979.528   -29987.549        8.020   321.5     -0.395     -1.167     -0.013      0.112     -0.365     -0.158
111.4000     -29979.488   -29988.561        9.073   363.7     -0.324     -1.033     -0.314      0.105      0.216      0.429
111.4500     -29979.628   -29988.199        8.571   343.6     -0.606     -0.247      0.412      0.379      0.063      0.541
111.5000     -29979.459   -29988.092        8.633   346.0     -0.250     -0.643      0.193     -0.542      0.225     -0.503
111.5500     -29979.592   -29987.904        8.313   333.2      0.086     -0.883     -0.910     -0.259      0.148      0.445
111.6000     -29979.737   -29987.828        8.092   324.3      1.032      0.255      1.448      0.481     -0.189     -0.172
111.6500     -29980.205   -29988.496        8.291   332.4      0.074     -0.445     -0.001     -0.642      0.068     -0.003
111.7000     -29980.659   -29987.799        7.140   286.2      0.253     -0.228     -0.139      0.011      0.448     -0.396
111.7500     -29980.939   -29989.406        8.468   339.4     -0.444     -0.667      0.454     -1.064      0.327     -0.160
111.8000     -29980.501   -29988.316        7.815   313.3      0.828     -0.195      0.042      0.331      0.289     -0.762
111.8500     -29980.699   -29989.070        8.372   335.6     -0.356      0.936      0.312     -0.112     -0.220      0.595
111.9000     -29980.396   -29989.045        8.649   346.7     -0.742      0.141      0.375     -0.058      0.224     -0.020
111.9500     -29980.336   -29988.408        8.072   323.6      0.002      0.590      0.445     -0.139     -0.215      0.201
112.0000     -29980.526   -29988.154        7.628   305.8      0.185      0.846      0.021     -0.101      0.556     -0.237
112.0500     -29980.609   -29988.248        7.640   306.2      0.813     -0.247      0.718     -0.199     -0.172     -0.627
112.1000     -29980.438   -29988.705        8.268   331.4     -0.325      0.833     -0.405      0.070      0.066     -0.150
112.1500     -29980.885   -29988.713        7.828   313.8     -0.202     -0.440     -0.232     -0.019     -0.219     -0.069
112.2000     -29980.763   -29988.395        7.632   305.9     -0.543     -0.509      0.474      0.599     -0.237      0.615
112.2500     -29981.249   -29988.990        7.742   310.3     -0.392     -0.671     -1.029     -0.396      0.010     -0.161
112.3000     -29981.905   -29990.059        8.154   326.8     -0.640     -0.322     -1.706     -0.291      0.591     -0.080
112.3500     -29982.166   -29989.551        7.385   296.0     -0.067     -0.376      0.129     -0.116     -0.122      0.599
112.4000     -29981.777   -29989.693        7.917   317.3     -0.176      0.752      0.220     -0.252     -0.131     -0.238
112.4500     -29981.528   -29989.086        7.558   302.9     -0.226     -0.170      0.099     -0.008      0.307      0.012
112.5000     -29981.478   -29989.572        8.094   324.4     -0.265     -0.094     -0.367     -0.195     -0.010      0.139
112.5500     -29981.239   -29989.307        8.068   323.4     -0.722     -0.508     -0.725      0.072      0.464      0.281
112.6000     -29981.389   -29989.502        8.113   325.2     -1.060      0.069      0.831      0.085     -0.084      0.248
112.6500     -29981.126   -29989.145        8.019   321.4     -0.613     -0.142     -0.627     -0.429      0.127      0.506
112.7000     -29981.000   -29989.574        8.575   343.7     -0.322     -0.379      0.111      0.243     -0.165      0.261
112.7500     -29980.872   -29989.221        8.348   334.6     -0.539     -1.383     -0.858      0.315      0.308     -0.909
112.8000     -29980.971   -29989.104        8.132   326.0     -0.013     -1.308     -0.932     -0.216     -0.036      0.264
112.8500     -29981.248   -29988.900        7.652   306.7     -0.524      0.104      0.183     -0.288     -0.222     -0.020
112.9000     -29981.207   -29989.568        8.361   335.1      1.300      0.633      0.128      0.096      0.219      0.275
112.9500     -29981.602   -29989.801        8.198   328.6      0.404     -0.335      0.072     -0.417      0.384      0.360
113.0000     -29981.656   -29990.105        8.450   338.7     -0.173      0.435      0.791     -0.072     -0.096     -0.097
113.0500     -29981.524   -29989.662        8.138   326.2     -0.310     -0.539     -0.003     -0.271     -0.221     -0.007
113.1000     -29980.908   -29988.992        8.084   324.0     -0.322     -0.590     -0.317      0.244      0.049     -0.444
113.1500     -29981.230   -29988.457        7.227   289.7     -0.112      0.173     -0.807      0.511      0.132      0.028
113.2000     -29980.971   -29989.107        8.137   326.2      0.196     -0.701     -0.657      0.184     -0.114      0.316
113.2500     -29979.954   -29988.133        8.179   327.9     -0.521     -0.321     -0.631      0.213      0.422      0.276
113.3000     -29980.560   -29989.084        8.524   341.7     -0.044      0.058     -0.533     -0.423     -0.006      0.003
113.3500     -29980.835   -29989.043        8.208   329.0      1.096      0.034     -0.591     -0.227      0.228     -0.160
113.4000     -29980.040   -29988.889        8.849   354.7     -1.365     -0.965     -1.034      0.104     -0.134     -0.003
113.4500     -29980.751   -29989.426        8.674   347.7      0.270     -0.433     -0.006      0.007      0.269     -0.282
113.5000     -29980.454   -29989.350        8.895   356.6      0.215      0.184     -0.045      0.324     -0.175     -0.388
113.5500     -29980.291   -29989.199        8.908   357.1      0.492     -0.113     -0.629      0.090     -0.009      0.003
113.6000     -29980.393   -29988.492        8.099   324.6      0.175      0.208      0.597     -0.066     -0.137      0.062
113.6500     -29980.716   -29988.822        8.106   324.9     -0.424     -0.109      0.007     -0.633      0.008      0.346
113.7000     -29980.440   -29988.043        7.603   304.8     -0.116     -0.022      0.041      0.609     -0.543     -0.246
113.7500     -29980.001   -29987.924        7.923   317.6     -0.318      0.060      0.802     -0.063      0.036      0.472
113.8000     -29980.410   -29988.053        7.643   306.4      0.041     -1.004     -0.717      0.743     -0.149     -0.797
113.8500     -29980.778   -29988.570        7.792   312.3     -0.504     -0.130      0.343     -0.205     -0.224      0.201
113.9000     -29981.294   -29988.752        7.458   298.9      0.195     -0.181      0.727      0.503      0.422     -0.128
113.9500     -29980.971   -29988.645        7.673   307.6     -0.412      0.088     -0.195      0.357     -0.019      0.034
114.0000     -29980.770   -29989.230        8.461   339.1     -0.526      0.159      0.295      0.496     -0.203      0.183
114.0500     -29980.995   -29988.068        7.073   283.5     -0.198     -0.353     -0.733      0.202      0.041     -0.311
114.1000     -29980.588   -29988.549        7.961   319.1      1.724      0.586      0.772      0.355     -0.001     -0.046
114.1500     -29980.750   -29988.768        8.017   321.4      0.074     -0.540     -0.925      0.600     -0.076     -0.146
114.2000     -29980.354   -29988.479        8.125   325.7      0.412      1.218      0.415     -0.164     -0.047      0.732
114.2500     -29979.999   -29988.166        8.167   327.4      0.166     -0.224      0.030      0.067      0.162      0.183
114.3000     -29979.517   -29987.844        8.327   333.8     -0.425     -0.117      0.729      0.651     -0.019      0.091
114.3500     -29979.421   -29987.646        8.225   329.7      0.885      0.079     -0.003      0.312     -0.075     -0.036
114.4000     -29979.707   -29987.852        8.144   326.5      0.645     -0.336      0.175     -0.109     -0.107     -0.302
114.4500     -29979.846   -29987.992        8.146   326.5     -0.415      0.147      0.387      0.669     -0.358      0.018
114.5000     -29979.568   -29987.527        7.960   319.1      0.334      0.204     -0.426     -0.096      0.007      0.193
114.5500     -29979.673   -29988.045        8.372   335.6     -0.326      0.699      0.526      0.142     -0.117     -0.615
114.6000     -29979.847   -29988.271        8.425   337.7     -0.882     -1.088     -0.178     -0.670     -0.024     -0.103
114.6500     -29979.975   -29988.092        8.117   325.4     -0.143      0.343     -0.364     -0.239     -0.611     -0.339
114.7000     -29980.449   -29989.080        8.631   346.0     -0.252     -0.543     -0.189     -0.182     -0.240     -0.093
114.7500     -29980.222   -29988.195        7.974   319.6     -0.138      0.306     -0.424      0.237     -0.136     -0.313
114.8000     -29980.016   -29988.105        8.089   324.3     -0.848      0.288     -0.148     -0.570     -0.041      0.291
114.8500     -29979.703   -29988.703        9.001   360.8     -0.150      0.210      0.251     -0.025      0.416      0.079
114.9000     -29980.998   -29989.115        8.117   325.4      0.565     -0.699      0.329     -0.274      0.089      0.004
114.9500     -29981.338   -29989.350        8.011   321.1     -0.511      0.234     -0.560      0.245      0.186      0.067
115.0000     -29980.690   -29988.953        8.263   331.2     -0.771     -0.643      0.044     -0.916     -0.066      0.034
115.0500     -29980.205   -29988.668        8.463   339.2      0.021      1.293     -0.064      0.808      0.215     -0.044
115.1000     -29980.616   -29988.193        7.577   303.7      0.259     -1.274     -0.264     -0.837     -0.218      0.030
115.1500     -29980.792   -29988.701        7.909   317.0     -0.380      0.735      0.207      0.578      0.427      0.262
115.2000     -29980.298   -29988.771        8.473   339.6     -0.154     -0.732     -0.783      0.395      0.191     -0.212
115.2500     -29980.786   -29988.701        7.916   317.3     -0.337      0.056      0.539      0.276     -0.332      0.176
115.3000     -29981.139   -29988.695        7.557   302.9     -0.926     -0.358     -0.316      0.008      0.223      0.156
115.3500     -29981.471   -29988.881        7.410   297.0     -0.373     -0.080     -1.064      0.027     -0.143     -0.332
115.4000     -29981.976   -29989.305        7.329   293.8      0.726      0.237      0.439     -0.012      0.016      0.416
115.4500     -29982.009   -29989.693        7.685   308.0      0.516      0.766      0.587     -0.156     -0.192     -0.112
115.5000     -29981.411   -29988.734        7.324   293.6      0.249      0.347      0.451     -0.103     -0.610      0.450
115.5500     -29981.458   -29989.166        7.708   309.0      0.422     -0.027      0.285     -0.022      0.445      0.426
115.6000     -29981.318   -29989.480        8.162   327.2     -0.587     -0.697     -1.342      0.527     -0.507      0.065
115.6500     -29981.370   -29989.371        8.002   320.7     -0.129     -0.558     -0.375     -0.122      0.234      0.080
115.7000     -29980.867   -29989.119        8.252   330.8      0.195     -0.575     -0.255     -0.351     -0.051      0.172
115.7500     -29981.086   -29988.816        7.730   309.9     -0.297      0.445      0.089     -0.167     -0.158     -0.458
115.8000     -29981.244   -29988.924        7.679   307.8     -0.483     -0.051      0.262     -0.151      0.984      0.161
115.8500     -29980.971   -29989.117        8.146   326.5     -0.739     -0.302     -0.326      0.542     -0.046     -0.205
115.9000     -29980.634   -29988.143        7.509   301.0      0.294      0.344     -0.549     -0.416     -0.194      0.374
115.9500     -29980.582   -29988.232        7.651   306.7     -0.799     -0.315      0.234      0.216     -0.211     -0.450
116.0000     -29980.237   -29988.490        8.253   330.8      0.638      0.116      0.735     -0.599     -0.511      0.149
116.0500     -29979.956   -29988.125        8.169   327.5     -0.542     -0.126     -0.213      0.313      0.498     -0.595
116.1000     -29980.282   -29988.340        8.058   323.0     -0.245     -0.426     -0.149     -0.039     -0.760      0.429
116.1500     -29980.403   -29988.518        8.115   325.3     -0.417     -0.036     -0.644     -0.035     -0.148      0.684
116.2000     -29980.215   -29987.861        7.646   306.5      0.102      0.143     -0.492      0.440      0.050     -0.509
116.2500     -29979.845   -29988.232        8.388   336.2     -0.981     -0.652     -0.561     -0.127     -0.703      0.383
116.3000     -29979.743   -29987.461        7.718   309.4     -0.035      0.348      0.095      0.152      0.588     -0.353
116.3500     -29979.816   -29987.672        7.856   314.9      0.152     -0.950     -0.708     -0.173      0.209     -0.191
116.4000     -29979.697   -29987.885        8.188   328.2     -0.043      0.178      0.765     -0.020     -0.493     -0.008
116.4500     -29980.337   -29988.609        8.272   331.6     -0.239     -0.208      0.292     -0.142     -0.200      0.065
116.5000     -29979.812   -29988.340        8.527   341.8      0.197      0.330     -0.657     -0.379      0.330     -0.287
116.5500     -29979.629   -29987.748        8.119   325.4     -0.085      0.386     -0.017     -0.054     -0.182     -0.462
116.6000     -29979.871   -29987.977        8.105   324.9      0.160      0.115      0.199      0.223     -0.090      0.122
116.6500     -29979.382   -29987.121        7.739   310.2      1.306      1.243      1.119     -0.567     -0.027      0.270
116.7000     -29979.650   -29988.107        8.457   339.0     -0.459     -1.081     -0.110      0.217      0.227     -0.108
116.7500     -29979.950   -29987.648        7.699   308.6      0.192     -0.145     -0.732     -0.226      0.212      0.049
116.8000     -29980.212   -29988.270        8.058   323.0     -0.365     -0.384     -0.317      0.427     -0.007     -0.233
116.8500     -29980.645   -29988.146        7.501   300.7     -0.599      0.844     -0.116      0.260      0.517     -0.161
116.9000     -29981.063   -29988.373        7.310   293.0     -0.549      0.266     -0.331     -0.507     -0.203     -0.120
116.9500     -29980.974   -29988.596        7.622   305.5      0.069     -0.084     -0.202     -0.410     -0.157      0.407
117.0000     -29980.884   -29988.973        8.089   324.2     -0.358     -0.236      0.146      0.063     -0.304      0.078
117.0500     -29981.386   -29989.098        7.711   309.1     -0.258     -0.168      0.585      0.222     -0.172      0.248
117.1000     -29981.727   -29989.266        7.539   302.2      0.088      0.447     -0.088     -0.014      0.001     -0.211
117.1500     -29981.513   -29989.338        7.825   313.7      0.070      1.070     -0.280      0.604      0.107     -0.056
117.2000     -29980.656   -29988.510        7.854   314.8      0.173      0.442     -0.561      0.282     -0.021     -0.225
117.2500     -29980.077   -29988.158        8.081   323.9     -0.718      0.154     -0.041     -0.446     -0.434      0.134
117.3000     -29980.266   -29988.342        8.076   323.7      0.244      0.859      0.697      0.245     -0.371      0.377
117.3500     -29980.261   -29988.270        8.009   321.0     -0.216      0.317     -0.309     -0.171      0.154      0.030
117.4000     -29980.597   -29988.783        8.187   328.2      0.977      0.199      0.738     -0.065     -0.207      0.341
117.4500     -29980.610   -29988.768        8.158   327.0      0.711      0.048     -0.047      0.036     -0.507      0.062
117.5000     -29980.472   -29988.410        7.938   318.2     -0.597      0.541      0.467     -0.553      0.334     -0.068
117.5500     -29980.526   -29988.291        7.765   311.3      0.236     -0.168      0.239     -0.175     -0.619     -0.246
117.6000     -29979.675   -29987.514        7.838   314.2      0.012     -0.419      0.041      0.336      0.093      0.090
117.6500     -29979.731   -29987.955        8.224   329.6     -0.151      0.040      0.241      0.066      0.166      0.630
117.7000     -29980.221   -29988.150        7.930   317.9      0.493      0.354     -0.206     -0.055      0.137     -0.205
117.7500     -29979.931   -29988.395        8.463   339.2     -1.140     -0.328     -0.129     -0.036     -0.590      0.029
117.8000     -29980.050   -29987.703        7.653   306.8      0.427      0.136     -0.643     -0.566      0.129     -0.045
117.8500     -29980.149   -29988.039        7.891   316.3     -0.307     -0.442     -1.017     -0.367     -0.196     -0.508
117.9000     -29980.068   -29988.811        8.743   350.4     -0.412     -0.401     -0.104      0.103      0.021      0.238
117.9500     -29980.076   -29988.094        8.018   321.4      1.445      1.077      1.158     -0.111     -0.258     -0.310
118.0000     -29979.930   -29987.947        8.017   321.4      0.705      1.129      0.133     -0.402      0.236      0.264
118.0500     -29979.663   -29988.133        8.470   339.5     -0.827     -0.839     -0.549     -0.251     -0.366      0.051
118.1000     -29979.705   -29988.270        8.564   343.3     -0.712      0.389      0.153     -0.635     -0.053      0.295
118.1500     -29979.621   -29988.211        8.590   344.3      0.058     -1.233      0.218      0.286      0.024     -0.044
118.2000     -29979.578   -29988.178        8.600   344.7      0.123      0.121      0.350     -0.065      0.210      0.464
118.2500     -29979.269   -29988.336        9.067   363.4     -0.623      0.142      0.487     -0.362      0.127     -0.519
118.3000     -29979.395   -29987.561        8.165   327.3     -0.447     -0.215     -0.609      0.174      0.408     -1.166
118.3500     -29979.294   -29987.551        8.257   331.0      0.307      1.253      0.543     -0.391     -0.538      0.400
118.4000     -29979.547   -29988.484        8.937   358.2     -0.101     -0.321      0.912     -0.473      0.153     -0.585
118.4500     -29979.321   -29988.381        9.060   363.2      0.368      0.925      0.021      0.273      0.032      0.272
118.5000     -29979.275   -29987.873        8.598   344.6     -0.212     -0.401     -1.133     -0.325     -0.737      0.119
118.5500     -29980.028   -29988.139        8.111   325.1     -0.900     -0.461     -0.158      0.043      0.340     -0.329
118.6000     -29980.141   -29988.609        8.468   339.4     -0.480     -0.672     -0.433      0.154      0.715     -0.266
118.6500     -29980.108   -29988.371        8.263   331.2      0.245      0.044     -1.108     -0.134      0.219     -0.136
118.7000     -29980.106   -29988.490        8.384   336.1     -0.349      0.933     -0.198      0.529      0.166     -0.048
118.7500     -29979.979   -29987.607        7.628   305.8     -0.471     -0.575     -0.585      0.004     -0.041     -0.119
118.8000     -29980.511   -29988.902        8.391   336.4     -0.440     -1.015     -0.635      0.509     -0.194      0.290
118.8500     -29980.502   -29988.895        8.392   336.4     -0.274      0.477      0.858     -0.442      0.024      0.533
118.9000     -29980.385   -29988.332        7.947   318.6      0.944      0.137      0.159      0.434     -0.018     -0.205
118.9500     -29980.109   -29987.799        7.690   308.3      0.869      0.312      0.283      0.680     -0.084      0.311
119.0000     -29980.440   -29988.029        7.589   304.2     -0.579      0.191      0.021     -0.070     -0.289      0.015
119.0500     -29980.408   -29989.225        8.816   353.4      1.042      0.120      0.108      0.413      0.345      0.396
119.1000     -29980.074   -29988.924        8.850   354.7     -0.700     -0.136     -0.457      0.475     -0.029      0.655
119.1500     -29980.523   -29989.070        8.547   342.6      0.223     -0.500     -0.258      0.110      0.168     -0.506
119.2000     -29980.278   -29989.453        9.175   367.8      0.671     -0.658     -0.464     -0.235     -0.125      0.918
119.2500     -29979.995   -29988.807        8.811   353.2     -0.393      0.494      0.551      0.113      0.265      0.117
119.3000     -29979.449   -29987.814        8.365   335.3      0.226      0.628     -0.650     -0.366      0.427      0.023
119.3500     -29979.569   -29988.316        8.748   350.7     -0.662     -0.817     -1.532      0.243     -0.207      0.245
119.4000     -29980.126   -29988.781        8.655   346.9      1.052     -0.264     -0.304     -0.043      0.717      0.008
119.4500     -29980.420   -29989.117        8.697   348.6      0.510     -0.265     -0.502      0.607     -0.008      0.047
119.5000     -29980.065   -29988.332        8.267   331.4     -0.152     -0.369      0.293     -0.243     -0.180      0.052
119.5500     -29979.752   -29988.664        8.913   357.3      0.182      0.114      0.416      0.810      0.079      0.278
119.6000     -29979.392   -29988.408        9.016   361.4      0.015     -0.874      0.187      0.037     -0.472      0.231
119.6500     -29979.656   -29988.006        8.350   334.7      0.024      0.352     -0.277      0.686      0.805     -0.044
119.7000     -29979.446   -29988.018        8.572   343.6     -0.268     -0.984     -0.375      0.466     -0.240      0.548
119.7500     -29979.982   -29988.424        8.442   338.4     -0.293     -0.795     -0.880     -0.558      0.003     -0.761
119.8000     -29979.627   -29988.512        8.884   356.1     -0.772     -0.571     -1.059      0.182     -0.221      0.272
119.8500     -29979.930   -29988.121        8.191   328.3     -1.050     -0.678     -0.088      0.086     -0.693     -0.312
119.9000     -29979.969   -29988.127        8.158   327.0      0.390     -0.757      0.263     -0.381      0.661     -0.277
119.9500     -29980.093   -29988.838        8.745   350.5     -0.166      0.088     -0.781      0.008     -0.279     -0.194
120.0000     -29979.908   -29988.623        8.715   349.3      0.308     -0.280      0.062      0.132      0.228      0.245
120.0500     -29980.487   -29988.754        8.267   331.4      0.038      0.334      0.178     -0.059      0.072     -0.043
120.1000     -29980.428   -29988.320        7.892   316.3     -0.333      0.687      0.346     -0.670      0.107      0.511
120.1500     -29980.109   -29988.641        8.531   342.0     -0.745     -0.443     -0.497     -0.058     -0.143     -0.556
120.2000     -29979.485   -29987.855        8.370   335.5     -0.615     -0.897      0.112      0.052      0.358     -0.104
120.2500     -29979.931   -29987.746        7.815   313.3      0.948     -0.321      0.239     -0.026     -0.099      0.631
120.3000     -29979.672   -29987.807        8.134   326.1      1.026      0.030      0.499     -0.085     -0.812      0.249
120.3500     -29979.414   -29988.264        8.850   354.7     -0.659     -0.214     -0.701     -0.682      0.340     -0.444
120.4000     -29979.588   -29988.084        8.496   340.6      0.435     -0.429      0.703     -0.134     -0.196      0.791
120.4500     -29980.259   -29988.318        8.059   323.1     -0.098      0.778      0.139     -0.736     -0.330     -0.437
120.5000     -29980.646   -29988.246        7.600   304.6      0.314     -0.191     -0.188      0.237     -0.360      0.263
120.5500     -29980.195   -29987.990        7.795   312.5      0.408      0.195      0.984     -0.785     -0.107      0.603
120.6000     -29980.240   -29988.607        8.368   335.4     -0.368      0.710     -0.250     -0.126      0.028      0.065
120.6500     -29980.119   -29988.400        8.281   331.9     -0.110     -0.699     -0.140     -0.215      0.144     -0.369
120.7000     -29980.286   -29988.744        8.458   339.1     -0.598     -0.656     -0.421     -0.246     -0.169     -0.080
120.7500     -29979.628   -29987.646        8.019   321.4      0.757      0.563     -1.116      0.115     -0.134     -0.049
120.8000     -29980.077   -29988.152        8.075   323.7      0.011     -0.288     -0.228      0.399      0.114      0.177
120.8500     -29980.336   -29988.627        8.291   332.3     -0.777     -0.812     -0.265     -0.422      0.065     -0.026
120.9000     -29979.965   -29988.105        8.141   326.3      0.097     -0.445     -0.464     -0.333      0.098      0.001
120.9500     -29980.414   -29987.980        7.566   303.3      0.409      0.540     -1.009     -0.091     -0.022      0.636
121.0000     -29980.446   -29988.578        8.132   326.0     -0.260     -0.020      1.043     -0.095      0.266      0.154
121.0500     -29980.141   -29988.268        8.127   325.8     -0.196     -0.844      0.162      0.183     -0.176      0.865
121.1000     -29980.002   -29988.689        8.687   348.2      0.065      1.016     -0.123     -0.377     -0.712     -0.403
121.1500     -29979.708   -29988.061        8.352   334.8      0.249      0.978      0.172      0.082     -0.201      0.120
121.2000     -29979.596   -29988.520        8.923   357.7      0.977      0.669     -0.593     -0.236     -0.439      0.069
121.2500     -29979.548   -29987.762        8.213   329.2     -0.391     -0.050     -0.957     -0.151      0.054     -0.300
121.3000     -29979.589   -29987.535        7.946   318.5     -0.909     -0.192     -1.493     -0.406     -0.280      0.181
121.3500     -29979.461   -29987.625        8.164   327.2      0.053      0.485     -0.074     -0.204      0.002     -0.478
121.4000     -29979.626   -29987.760        8.133   326.0     -0.521      0.545     -0.034     -0.273     -0.134     -0.218
121.4500     -29979.721   -29987.973        8.251   330.8     -0.601     -0.124      0.086      0.353      0.337      0.139
121.5000     -29979.569   -29987.998        8.429   337.9      0.573      0.016     -0.522     -0.278     -0.108     -0.047
121.5500     -29979.078   -29987.387        8.309   333.1     -0.129     -0.013      0.034     -0.316      0.142     -0.248
121.6000     -29978.599   -29987.592        8.993   360.5     -0.142     -0.070     -0.808      0.207     -0.195     -0.080
121.6500     -29978.557   -29986.924        8.367   335.4     -0.697     -0.464      0.283      0.001     -0.156     -0.315
121.7000     -29978.569   -29987.520        8.951   358.8      0.049     -0.678     -0.435     -0.612      0.057     -0.722
121.7500     -29978.634   -29987.457        8.823   353.7     -0.042     -0.748     -0.451     -0.746      0.315      0.481
121.8000     -29978.776   -29987.559        8.783   352.1      0.336      0.169     -0.030     -0.283      0.202      0.202
121.8500     -29978.569   -29987.438        8.868   355.5      0.881     -0.462      0.126      0.006     -0.053      0.062
121.9000     -29978.627   -29987.389        8.762   351.2      1.089      0.703      0.282      0.239     -0.276      0.271
121.9500     -29978.952   -29988.182        9.230   370.0      0.077      0.682      0.525     -0.179      0.742     -0.052
122.0000     -29978.988   -29987.857        8.869   355.5     -0.056     -0.349     -0.689      0.314      0.275      0.589
122.0500     -29979.257   -29988.047        8.790   352.3     -1.269     -0.274     -0.525      0.082     -0.354     -0.356
122.1000     -29978.869   -29988.148        9.279   372.0      0.320     -0.387     -0.648     -0.399     -0.037      0.410
122.1500     -29978.814   -29987.465        8.650   346.8      0.130      0.749     -0.225      0.122      0.258     -0.080
122.2000     -29979.148   -29987.852        8.703   348.9     -0.229     -0.485     -0.562     -0.432      0.323     -0.152
122.2500     -29979.287   -29987.932        8.645   346.5     -0.429     -0.169     -0.603      0.536     -0.479     -0.315
122.3000     -29979.327   -29987.260        7.932   318.0      0.295     -0.814     -0.509     -0.018      0.549     -0.114
122.3500     -29979.124   -29988.219        9.095   364.6     -0.370      0.598      0.065      0.569     -0.004      0.104
122.4000     -29978.838   -29987.561        8.722   349.6     -0.341     -0.648     -0.748      0.355      0.340      0.089
122.4500     -29978.598   -29987.795        9.197   368.6     -0.489     -0.491     -0.173      0.984     -0.015      0.115
122.5000     -29978.520   -29987.684        9.164   367.3     -0.043     -1.228     -0.461     -0.367      0.175      0.011
122.5500     -29979.465   -29987.732        8.268   331.4     -0.479     -0.963     -0.733      0.215      0.541     -0.280
122.6000     -29979.258   -29988.021        8.764   351.3      0.053      0.304      0.036     -0.089      0.021     -0.072
122.6500     -29979.615   -29987.922        8.307   333.0      0.164     -0.214      0.588     -0.037      0.020      0.287
122.7000     -29978.905   -29987.324        8.419   337.5      0.376      0.196      0.531     -0.928     -0.139      0.102
122.7500     -29979.771   -29987.201        7.431   297.9      0.982     -0.090      0.080     -0.539     -0.072      1.029
122.8000     -29979.379   -29987.309        7.930   317.9      0.217     -0.549      0.155     -0.060      0.211      0.063
122.8500     -29978.763   -29987.020        8.256   330.9      0.153      0.621     -0.733     -0.594      0.229     -0.138
122.9000     -29979.060   -29987.678        8.617   345.4     -0.206     -0.128      0.748     -0.673      0.647      0.000
122.9500     -29978.973   -29987.910        8.937   358.2      1.091      0.056      1.272      0.125     -0.028     -0.188
123.0000     -29978.674   -29986.902        8.229   329.8      1.341      0.946      0.768     -0.328      0.041      0.630
123.0500     -29978.551   -29987.240        8.689   348.3      0.243     -0.026      0.263      0.058     -0.398     -0.163
123.1000     -29978.329   -29987.064        8.736   350.2     -0.554     -1.278     -0.414     -0.540     -0.658      0.312
123.1500     -29978.394   -29987.359        8.965   359.4     -1.046     -0.795      0.762      0.519     -0.282      0.350
123.2000     -29978.374   -29987.420        9.046   362.6      0.102      0.632      0.148     -0.399     -0.053      0.198
123.2500     -29978.265   -29986.924        8.658   347.1      0.216     -0.305     -0.695     -0.496     -0.254      0.001
123.3000     -29978.315   -29986.646        8.332   334.0     -0.932      0.289      0.883      0.712     -0.027     -0.090
123.3500     -29978.816   -29987.398        8.582   344.0     -0.884     -0.046     -0.282     -0.740     -0.115     -0.052
123.4000     -29978.489   -29986.982        8.493   340.5      0.735     -0.788      0.581      0.214      0.390      0.143
123.4500     -29978.350   -29986.904        8.555   342.9     -0.617     -0.066      0.289      0.132     -0.446      0.177
123.5000     -29978.555   -29986.725        8.169   327.5      0.522     -0.050      0.265     -0.087      0.056      0.050
123.5500     -29978.480   -29987.066        8.587   344.2      0.160      0.167      0.291      0.113     -0.799      0.206
123.6000     -29978.531   -29987.129        8.598   344.6      0.783      0.519      1.101     -0.471     -0.172     -0.244
123.6500     -29978.924   -29987.629        8.705   349.0      0.058      0.727      0.990      0.782      0.262      0.465
123.7000     -29978.744   -29987.395        8.651   346.8     -1.190     -1.303     -1.088      0.169      0.019      0.550
123.7500     -29979.516   -29987.242        7.726   309.7     -0.374      0.237     -0.090     -0.205      0.222     -0.165
123.8000     -29979.790   -29987.945        8.156   326.9     -0.005     -0.553      0.714      0.214     -0.775      0.068
123.8500     -29980.044   -29987.959        7.915   317.3      0.630      0.495      0.407     -0.372      0.227      0.114
123.9000     -29979.925   -29988.207        8.282   332.0      0.519      0.820     -0.099      0.044     -0.043      0.344
123.9500     -29979.645   -29987.594        7.949   318.6     -0.104     -0.831      0.029     -0.116      0.022      0.244
124.0000     -29979.854   -29988.355        8.501   340.8     -0.112     -0.549     -0.366      0.198     -0.207     -0.447
124.0500     -29979.842   -29988.043        8.201   328.7     -0.239      0.190     -0.282     -0.689     -0.178     -0.164
124.1000     -29979.343   -29988.133        8.790   352.3     -0.123      0.027     -0.403     -0.385      0.099     -0.577
124.1500     -29979.128   -29987.512        8.383   336.0      0.116      0.551     -0.517     -0.140      0.526      0.135
124.2000     -29979.211   -29987.553        8.341   334.4     -0.189     -1.100      0.159      0.199     -0.211     -0.002
124.2500     -29978.823   -29987.379        8.555   342.9     -0.485      0.482      0.346      0.267      0.412      0.075
124.3000     -29979.526   -29987.949        8.423   337.6      0.815      0.855      0.438     -0.072      0.060     -0.391
124.3500     -29979.612   -29988.381        8.769   351.5     -0.657     -0.314      0.236     -0.540      0.016      0.198
124.4000     -29979.688   -29988.303        8.615   345.3     -0.129     -0.965      0.063     -0.449      0.259     -0.028
124.4500     -29980.017   -29988.158        8.141   326.3     -0.215     -0.198     -0.408      0.125     -0.525      0.154
124.5000     -29979.775   -29987.619        7.844   314.4      0.270      0.408      0.660      0.401     -0.187     -0.438
124.5500     -29979.361   -29987.828        8.468   339.4     -1.131     -1.206      0.148     -0.061      0.110      0.087
124.6000     -29979.195   -29988.082        8.887   356.2      0.805      0.299      0.045     -0.059      0.326      0.243
124.6500     -29979.073   -29987.170        8.097   324.6     -0.361     -0.798      0.684     -0.057     -0.093     -0.112
124.7000     -29978.633   -29987.348        8.715   349.3      0.220      1.541      0.424     -0.365      0.745      0.798
124.7500     -29978.804   -29987.805        9.000   360.8      0.069      0.257     -0.253      0.380     -0.526     -0.096
124.8000     -29978.925   -29987.098        8.173   327.6     -0.288      0.811      0.426      0.631     -0.193     -0.035
124.8500     -29978.667   -29986.904        8.238   330.2     -0.157      0.676      0.535     -0.226      0.169     -0.051
124.9000     -29978.888   -29987.957        9.069   363.5      0.406     -0.392      0.212      0.054      0.224     -0.084
124.9500     -29978.726   -29987.629        8.903   356.9     -0.759     -0.006      0.421      0.734      0.576     -0.328
125.0000     -29979.173   -29988.074        8.901   356.8      0.082     -0.414     -0.681      0.419      0.049      0.479
125.0500     -29979.655   -29988.291        8.636   346.2     -0.708      0.435     -0.941     -0.615      0.326      0.275
125.1000     -29979.552   -29988.270        8.717   349.4     -0.817     -0.621     -0.027      0.144     -0.210     -0.160
125.1500     -29979.734   -29988.029        8.296   332.5     -1.172      0.214      0.328      0.405     -0.092     -0.204
125.2000     -29979.490   -29987.758        8.268   331.4      0.516      0.270     -0.447     -0.185      0.812     -0.477
125.2500     -29979.217   -29988.166        8.949   358.7     -0.395     -0.648      1.320      0.113     -0.432      0.142
125.3000     -29979.586   -29988.285        8.700   348.7      0.060     -0.150     -0.023      0.005     -0.291      0.167
125.3500     -29979.164   -29987.934        8.770   351.5     -0.128     -0.299      0.082     -0.640      0.175     -0.237
125.4000     -29979.166   -29988.016        8.850   354.8      0.159     -0.466     -0.634      0.159     -0.456     -0.263
125.4500     -29978.405   -29987.533        9.128   365.9     -0.809     -0.437     -0.514      0.015      0.456     -0.045
125.5000     -29978.634   -29987.262        8.628   345.9      0.744      0.009      0.495      0.203     -0.147     -0.256
125.5500     -29979.058   -29987.732        8.674   347.7     -0.565      0.015     -0.620     -0.136      0.332      0.011
125.6000     -29979.710   -29987.873        8.163   327.2      0.081     -0.505      0.500     -0.045     -0.446     -0.694
125.6500     -29979.199   -29987.189        7.990   320.3      0.497      0.252     -0.367      0.511     -0.028      0.401
125.7000     -29979.357   -29987.932        8.575   343.7      0.219      0.376      0.139      0.091      0.243      0.249
125.7500     -29979.921   -29987.670        7.749   310.6      0.697     -0.408     -0.977     -0.143     -0.444     -0.006
125.8000     -29979.712   -29987.844        8.132   326.0      0.071      0.378     -0.127      0.053     -0.070     -0.033
125.8500     -29979.458   -29987.609        8.152   326.8     -0.522     -0.050      0.105      0.697      0.082      0.003
125.9000     -29979.856   -29988.188        8.331   334.0     -0.152      0.385      0.524     -0.177      0.190     -0.065
125.9500     -29979.392   -29987.957        8.565   343.3      0.563      0.353      0.089      0.340     -0.318     -0.439
126.0000     -29979.355   -29988.285        8.930   358.0     -0.721      0.157     -0.261     -0.163     -0.165      0.589
126.0500     -29979.764   -29988.613        8.850   354.7     -0.190      0.782      0.404     -0.008      0.507     -0.114
126.1000     -29980.224   -29989.309        9.085   364.2      0.042      0.298      0.103     -0.154      0.283      0.078
126.1500     -29979.878   -29988.084        8.206   328.9     -0.388      0.023      0.850      0.383      0.226      0.147
126.2000     -29980.121   -29988.572        8.451   338.7     -1.302     -0.605     -1.850     -0.142     -0.478      0.264
126.2500     -29980.099   -29988.105        8.006   320.9      0.067     -0.098      0.061     -0.208      0.120      0.016
126.3000     -29979.563   -29987.922        8.358   335.0      0.078     -0.420     -0.853     -0.289     -0.700     -0.736
126.3500     -29979.398   -29987.514        8.115   325.3      0.388      0.239      0.106      0.311      0.685     -0.534
126.4000     -29979.725   -29987.953        8.229   329.8     -0.203     -0.469      0.290     -0.112     -0.353      0.521
126.4500     -29979.849   -29988.248        8.399   336.7     -0.592      0.312     -0.490     -0.144     -0.207     -0.062
126.5000     -29979.829   -29987.611        7.782   312.0      0.735      0.304      1.089     -0.532     -0.126      0.443
126.5500     -29979.606   -29987.947        8.341   334.4     -0.991      0.019     -0.769      0.216      0.478      0.235
126.6000     -29979.497   -29988.010        8.513   341.2     -0.169      0.424     -0.180     -0.182     -0.211     -0.317
126.6500     -29978.958   -29987.619        8.661   347.2     -0.736     -1.339     -0.652      0.178     -0.147      0.754
126.7000     -29979.309   -29987.484        8.176   327.7     -0.561      0.487     -0.283      0.493     -0.202     -0.095
126.7500     -29979.403   -29988.154        8.751   350.8     -0.473     -0.077     -0.881     -0.418      0.109      0.096
126.8000     -29979.757   -29988.111        8.354   334.9     -0.239      0.052      0.060      0.167      0.058      0.150
126.8500     -29980.266   -29988.270        8.003   320.8      0.253      0.117     -0.107      0.304      0.096     -0.541
126.9000     -29979.996   -29988.568        8.572   343.6      0.325      0.442      0.747      0.243      0.019     -0.187
126.9500     -29979.543   -29987.889        8.346   334.5      0.096     -0.262     -0.294      0.175      0.122      0.278
127.0000     -29979.727   -29987.951        8.224   329.7     -0.529      0.476      0.069     -0.250     -0.053      0.218
127.0500     -29979.856   -29988.012        8.155   326.9      0.381      0.439      0.993     -0.149     -0.288      0.648
127.1000     -29980.008   -29987.525        7.517   301.3     -0.534      1.005     -0.102      0.286      0.517     -0.139
127.1500     -29980.544   -29988.902        8.359   335.1     -0.294      0.581      0.739     -0.001     -0.407      0.326
127.2000     -29980.231   -29988.719        8.487   340.2     -0.342     -0.075     -1.244      0.029      0.178     -0.871
127.2500     -29980.413   -29988.533        8.120   325.5     -1.219     -0.012     -1.120     -0.080      0.167      0.234
127.3000     -29979.913   -29988.146        8.233   330.0      0.574     -0.079     -0.630      0.032      0.179      0.425
127.3500     -29980.097   -29987.801        7.704   308.8     -0.189      0.315      0.883     -0.168     -0.131     -0.021
127.4000     -29980.088   -29988.023        7.935   318.1      0.376     -0.333     -0.443     -0.084     -0.280      0.102
127.4500     -29980.347   -29988.172        7.825   313.7     -0.702      0.075     -0.478      0.006     -0.242     -0.234
127.5000     -29979.504   -29987.891        8.387   336.2     -0.611     -0.266      0.319     -0.220     -0.150     -0.180
127.5500     -29979.973   -29987.963        7.990   320.3     -0.275     -0.293     -0.346      0.322     -0.375      0.462
127.6000     -29980.281   -29988.432        8.150   326.7      0.910      0.018     -0.701     -0.235      0.114     -0.481
127.6500     -29980.240   -29988.227        7.987   320.1     -0.806     -1.155     -0.008      0.211      0.116      0.047
127.7000     -29980.580   -29988.570        7.990   320.3     -0.396     -0.149      0.280     -0.098      0.239      0.169
127.7500     -29980.038   -29987.963        7.925   317.7     -0.335     -0.205      0.313      0.105      0.022      0.153
127.8000     -29980.529   -29988.785        8.256   330.9     -0.029     -0.292     -0.309      0.190     -0.242     -0.510
127.8500     -29980.192   -29988.807        8.614   345.3     -0.113      0.082      0.878     -0.027      0.623     -0.275
127.9000     -29980.261   -29988.184        7.923   317.6     -0.373     -0.983     -0.549     -0.063     -0.144      0.256
127.9500     -29980.421   -29988.615        8.194   328.5     -0.200      0.487      0.558      0.641      0.197     -0.247
128.0000     -29980.316   -29988.363        8.047   322.6      0.778     -0.398     -0.247     -0.288     -0.013     -0.102
128.0500     -29980.863   -29988.543        7.680   307.9     -0.463     -0.969      0.259      0.143     -0.032     -0.153
128.1000     -29980.815   -29988.348        7.532   301.9      0.308      0.018     -1.205     -0.552      0.232     -0.163
128.1500     -29980.725   -29988.248        7.523   301.6     -0.873      0.702      1.074      0.480      0.062     -0.056
128.2000     -29981.053   -29988.445        7.392   296.3      0.182      0.420     -0.431     -0.214     -0.008     -0.041
128.2500     -29980.938   -29989.184        8.245   330.5     -0.828     -0.673     -0.780     -0.450      0.067     -0.362
128.3000     -29981.381   -29988.916        7.535   302.0      0.638     -0.308     -0.365      0.018      0.051     -0.253
128.3500     -29981.481   -29987.984        6.504   260.7      0.516      0.009      0.283     -0.129     -0.183      0.372
128.4000     -29981.675   -29989.318        7.643   306.4      0.091      0.543      0.159      0.074      0.480     -0.260
128.4500     -29981.014   -29988.918        7.904   316.8     -0.373     -0.199     -0.056      0.093     -0.632      0.040
128.5000     -29981.158   -29988.711        7.553   302.8     -0.069     -0.521     -0.109     -0.133      0.503     -0.157
128.5500     -29981.004   -29988.492        7.488   300.1     -0.404      0.564     -0.592     -0.342     -0.396     -0.211
128.6000     -29980.774   -29988.895        8.120   325.5      0.698      0.028      0.421     -0.130      0.468     -0.638
128.6500     -29979.785   -29987.754        7.969   319.4      0.375      1.009      0.510      0.064     -0.163      0.472
128.7000     -29979.784   -29987.574        7.790   312.3     -0.284     -0.861     -0.859     -0.019      0.044     -0.548
128.7500     -29980.002   -29987.691        7.689   308.2     -0.673     -0.846     -1.384     -0.124      0.200      0.341
128.8000     -29979.793   -29988.348        8.554   342.9      0.183      0.043     -0.849      0.149      0.107      0.042
128.8500     -29979.563   -29988.039        8.476   339.8      0.100      0.093     -0.018     -0.801     -0.268     -0.053
128.9000     -29979.467   -29987.926        8.459   339.1     -0.983      0.441     -0.923     -0.245     -0.218     -0.124
128.9500     -29979.987   -29988.004        8.017   321.4     -0.716     -0.403      0.113     -0.008      0.353      0.034
129.0000     -29980.235   -29987.793        7.558   303.0      0.467      0.521     -0.216      0.378     -0.432     -0.378
129.0500     -29979.770   -29987.348        7.577   303.7      0.373     -0.225      0.125     -0.494      0.202     -0.445
129.1000     -29980.160   -29988.289        8.129   325.9      0.532      0.739     -0.410     -0.622     -0.366      0.306
129.1500     -29980.208   -29988.680        8.471   339.6     -1.055     -0.296      0.685      0.254      0.526      0.129
129.2000     -29980.378   -29987.979        7.600   304.7     -0.347     -0.179     -1.203     -0.061      0.438     -0.302
129.2500     -29980.031   -29987.965        7.934   318.0     -0.464      0.146      0.166      0.257      0.041      0.146
129.3000     -29980.285   -29988.273        7.988   320.2     -0.923     -0.691     -0.485     -0.116      0.300      0.150
129.3500     -29980.738   -29989.033        8.296   332.5      0.459      0.545     -0.073     -0.476      0.343     -0.026
129.4000     -29980.395   -29989.191        8.797   352.6      0.144     -0.108      0.702     -0.342     -0.166     -0.049
129.4500     -29980.571   -29989.168        8.597   344.6      0.364     -0.812     -0.151      0.282     -0.781      0.209
129.5000     -29980.535   -29989.043        8.508   341.1     -0.070     -0.156     -0.032     -0.267      0.193     -0.412
129.5500     -29980.732   -29988.078        7.346   294.5      0.266     -0.804      0.735     -0.219     -0.310     -0.190
129.6000     -29980.877   -29988.850        7.973   319.6      0.708     -0.092      0.515      0.206     -0.296     -0.507
129.6500     -29981.639   -29989.223        7.583   304.0     -0.588      0.590      0.057      0.498      0.041      0.034
129.7000     -29981.819   -29989.340        7.521   301.5      0.335     -0.510     -0.445     -0.378      0.628     -0.393
129.7500     -29982.021   -29989.828        7.808   313.0     -0.655      0.298      0.636     -0.178      0.057     -0.088
129.8000     -29981.569   -29989.238        7.670   307.4     -0.125     -0.795     -0.931     -0.465     -0.140      0.506
129.8500     -29981.413   -29989.324        7.911   317.1     -0.199      0.564      0.423      0.609      0.122     -0.128
129.9000     -29980.695   -29989.469        8.774   351.7      0.001      0.043     -0.111     -0.379     -0.039      0.331
129.9500     -29981.007   -29989.586        8.579   343.9     -0.809     -0.378     -0.874      0.229      0.774      0.036
130.0000     -29981.019   -29989.217        8.198   328.6      0.057     -0.348     -0.420      0.197      0.012      0.280
130.0500     -29980.631   -29988.783        8.152   326.8     -0.565     -0.457      0.095     -0.218      0.207      0.001
130.1000     -29979.707   -29988.562        8.856   355.0     -0.738     -0.373     -0.522      0.230      0.265      0.054
130.1500     -29979.904   -29987.420        7.516   301.3      0.162      0.251     -0.479      0.014      0.205      0.281
130.2000     -29979.537   -29987.795        8.258   331.0      0.328     -0.091      0.298     -0.416      0.220      0.679
130.2500     -29980.035   -29988.264        8.229   329.8     -1.128     -0.277     -0.795     -0.137     -0.130     -0.101
130.3000     -29980.118   -29987.938        7.820   313.5     -0.027      0.095     -0.798      0.275     -0.052      0.023
130.3500     -29980.753   -29988.373        7.620   305.5     -0.493     -0.379     -0.929      0.108     -0.057      0.665
130.4000     -29980.791   -29988.674        7.882   316.0     -0.445      0.585      0.568      0.006     -0.094     -0.337
130.4500     -29980.374   -29988.533        8.159   327.0      0.157     -0.441     -0.318     -0.397     -0.324      0.135
130.5000     -29981.444   -29989.170        7.726   309.7     -0.336      0.146      0.962      0.481     -0.184      0.289
130.5500     -29981.470   -29989.826        8.356   335.0      0.536      0.849      0.598     -0.129      0.456      0.130
130.6000     -29981.034   -29989.014        7.980   319.9      0.079      0.096      0.395     -0.099     -0.006     -0.258
130.6500     -29981.052   -29988.938        7.885   316.1     -0.480     -0.246      0.648     -0.418     -0.215     -0.544
130.7000     -29981.274   -29988.648        7.374   295.6     -0.202     -0.551      0.436      0.290     -0.183      0.319
130.7500     -29981.004   -29988.795        7.791   312.3     -0.098     -0.753     -0.694      0.089     -0.263      0.001
130.8000     -29981.186   -29989.262        8.075   323.7     -0.118      0.620      0.685      0.371     -0.126      0.321
130.8500     -29981.213   -29988.910        7.697   308.5     -0.225     -0.037     -0.326     -0.194     -0.161      0.317
130.9000     -29981.572   -29989.451        7.879   315.8     -0.037     -0.303     -0.722      0.334     -0.253      0.240
130.9500     -29981.322   -29989.686        8.364   335.3     -0.154     -0.277      0.308     -0.342      0.188      0.268
131.0000     -29981.138   -29989.033        7.895   316.5      0.029     -0.424      0.506     -0.300      0.489      0.365
131.0500     -29980.795   -29988.939        8.145   326.5      0.067     -0.025     -0.193      0.276      0.359      0.332
131.1000     -29980.842   -29988.885        8.043   322.4      0.160     -0.004      0.184     -0.485     -0.262     -0.211
131.1500     -29981.066   -29988.488        7.422   297.5      0.062      1.165     -0.122     -0.006      0.137      0.378
131.2000     -29981.089   -29989.705        8.616   345.4      0.225     -0.847     -0.291      0.050     -0.016     -0.310
131.2500     -29980.771   -29989.236        8.465   339.3     -1.583     -0.739     -0.144     -0.045      0.025      0.709
131.3000     -29980.936   -29988.771        7.836   314.1     -0.130     -0.454     -0.501      0.362     -0.659      0.100
131.3500     -29980.855   -29988.914        8.059   323.1      0.094      0.111     -0.099     -0.492      0.131      0.204
131.4000     -29980.304   -29988.904        8.600   344.7      0.174     -0.361     -0.011      0.110      0.173      0.010
131.4500     -29980.813   -29989.000        8.187   328.2     -0.117      0.344     -0.085      0.052      0.087      0.029
131.5000     -29980.618   -29988.547        7.929   317.8      0.831     -0.507      0.019      0.002     -0.248     -0.046
131.5500     -29980.020   -29988.955        8.935   358.2      0.430      0.211      0.833     -0.315      0.502     -0.354
131.6000     -29980.180   -29988.340        8.160   327.1      0.911     -0.314     -0.218      0.140     -0.222     -0.415
131.6500     -29980.581   -29988.895        8.314   333.2      0.120      0.471     -0.343     -0.197      0.245      0.003
131.7000     -29980.878   -29989.363        8.486   340.1      0.831      0.146      0.348      0.451     -0.260      0.038
131.7500     -29980.760   -29989.045        8.285   332.1      0.299     -0.024      0.050     -0.094      0.466      0.148
131.8000     -29980.972   -29988.783        7.811   313.1      0.428     -0.572     -0.608     -0.159     -0.131      0.057
131.8500     -29980.700   -29988.307        7.606   304.9      0.095     -0.870     -0.614      0.128      0.215     -0.063
131.9000     -29980.469   -29988.262        7.793   312.4     -0.077     -0.069     -0.987      0.426     -0.089      0.131
131.9500     -29980.352   -29988.238        7.887   316.1     -0.508     -0.887     -0.527     -0.031      0.107      0.313
132.0000     -29980.228   -29988.014        7.786   312.1     -0.594     -0.237     -0.573      0.262     -0.318      0.128
132.0500     -29980.175   -29988.283        8.108   325.0      0.153      0.183     -0.654      0.040     -0.101      0.174
132.1000     -29980.155   -29988.729        8.573   343.7      0.167     -0.065     -0.738     -0.074     -0.038     -0.076
132.1500     -29980.100   -29987.980        7.880   315.9      0.397     -0.051      0.574     -0.556      0.326      0.037
132.2000     -29979.699   -29987.320        7.621   305.5      0.588     -0.432     -0.589     -0.235     -0.519      0.224
132.2500     -29979.490   -29988.102        8.612   345.2      0.479     -0.185     -1.141      0.195      0.054     -0.184
132.3000     -29979.900   -29987.861        7.961   319.1     -0.700     -0.078      0.163     -0.147      0.128      0.197
132.3500     -29979.976   -29987.857        7.882   315.9      0.418      0.493     -0.393      0.096     -0.657     -0.596
132.4000     -29979.886   -29988.061        8.175   327.7     -0.944     -0.624     -0.912     -0.238     -0.052     -0.081
132.4500     -29980.001   -29989.146        9.145   366.6     -0.049     -0.457     -0.319     -0.204      0.560      0.147
132.5000     -29980.726   -29989.275        8.549   342.7     -0.175      0.403     -0.216      0.208     -0.030     -0.027
132.5500     -29981.015   -29989.322        8.308   333.0      0.350      0.133     -0.579      0.160      0.241      0.057
132.6000     -29981.114   -29990.191        9.077   363.9      0.790      0.717      1.160     -0.153      0.187      0.256
132.6500     -29981.218   -29989.646        8.429   337.9      0.082      0.273      0.363      0.367     -0.035      0.264
132.7000     -29981.691   -29989.855        8.165   327.3     -0.467     -0.597     -0.101     -0.002     -0.105      0.530
132.7500     -29981.998   -29989.512        7.513   301.2     -1.016     -0.037     -0.543     -0.013     -0.031     -0.162
132.8000     -29982.063   -29989.951        7.888   316.2      0.173      0.217      0.442     -0.684      0.534      0.005
132.8500     -29981.686   -29989.422        7.736   310.1      0.036      0.158      0.256      0.255      0.518     -0.304
132.9000     -29981.308   -29989.189        7.881   315.9     -0.498     -0.094      0.120     -0.782     -0.537     -0.505
132.9500     -29980.889   -29988.895        8.006   320.9     -0.313      0.186     -0.208      0.096      0.269      0.068
133.0000     -29980.886   -29988.947        8.061   323.1      0.346     -0.523     -1.223     -0.487     -0.217     -0.242
133.0500     -29981.040   -29989.025        7.985   320.1      0.250      0.039     -0.099     -0.050      0.640     -0.023
133.1000     -29980.978   -29989.186        8.207   329.0      0.015     -0.195     -0.224     -0.274     -0.505      0.081
133.1500     -29980.734   -29989.268        8.533   342.1      0.605      0.058      0.129     -0.026     -0.114      0.236
133.2000     -29980.714   -29989.053        8.338   334.2     -0.174      0.607     -0.324     -0.114     -0.094      0.298
133.2500     -29980.661   -29988.807        8.145   326.5     -0.161     -0.427     -0.075     -0.109     -0.204     -0.008
133.3000     -29980.461   -29988.342        7.881   315.9     -0.273     -0.300      0.436     -0.141      0.928     -0.105
133.3500     -29980.036   -29988.914        8.878   355.9     -0.457     -0.267      0.483     -0.335     -0.238     -0.250
133.4000     -29980.268   -29988.615        8.347   334.6     -1.063      0.097     -0.326     -0.323     -0.350     -0.306
133.4500     -29980.752   -29988.512        7.760   311.1      0.662      0.286      0.590     -0.058     -0.146      0.251
133.5000     -29980.357   -29989.076        8.719   349.5      0.514     -0.947      0.185      0.269      0.182     -0.167
133.5500     -29980.503   -29988.508        8.005   320.9     -0.710     -0.477      0.240      0.214      0.160      0.039
133.6000     -29980.838   -29988.934        8.096   324.5     -0.184     -0.398     -0.322     -0.202     -0.351     -0.091
133.6500     -29981.477   -29989.287        7.811   313.1      0.522     -0.944     -0.035     -0.286     -0.165      0.059
133.7000     -29981.070   -29988.916        7.846   314.5      0.075      0.186     -1.381     -0.012     -0.407      0.433
133.7500     -29980.814   -29989.727        8.913   357.3     -0.398     -0.511      0.014      0.367      0.189      0.320
133.8000     -29980.847   -29989.336        8.489   340.3     -0.375     -0.241     -0.385     -0.233     -0.352      0.266
133.8500     -29980.722   -29988.996        8.274   331.7     -0.042     -0.772     -1.064      0.185     -0.280     -0.100
133.9000     -29980.856   -29989.695        8.839   354.3      0.741     -0.363     -0.153     -0.422      0.464      0.096
133.9500     -29980.664   -29988.660        7.997   320.5      0.066      0.084      0.201      0.026     -0.368      0.151
134.0000     -29980.860   -29989.289        8.429   337.9     -0.719     -0.777     -0.228      0.324     -0.236      0.078
134.0500     -29980.531   -29988.664        8.133   326.0      0.227      0.116      0.199     -0.325      0.342     -0.013
134.1000     -29980.982   -29989.025        8.044   322.4      0.085      0.230     -0.210     -0.126     -0.110     -0.000
134.1500     -29981.235   -29988.766        7.530   301.9      0.747     -0.067     -0.032     -0.276      0.434      0.460
134.2000     -29981.404   -29989.396        7.992   320.4     -0.243      0.591     -0.309      0.337      0.190     -0.580
134.2500     -29981.691   -29988.969        7.278   291.7     -0.010     -0.960     -0.636     -0.201      0.186      0.066
134.3000     -29981.568   -29988.277        6.709   268.9      0.746      0.839      0.116      0.141      0.070      0.372
134.3500     -29981.473   -29989.102        7.628   305.8     -0.811     -0.456      0.437     -0.230      0.159      0.248
134.4000     -29981.064   -29988.730        7.666   307.3     -0.505      0.517     -0.354     -0.053     -0.292     -0.492
134.4500     -29981.215   -29989.211        7.996   320.5     -0.182      0.693      0.379     -0.103      0.667      0.464
134.5000     -29981.334   -29988.654        7.321   293.4      0.375     -0.051     -0.367     -0.327     -0.286      0.226
134.5500     -29980.786   -29988.652        7.866   315.3     -0.078     -0.565      0.453      0.171      0.564      0.368
134.6000     -29981.083   -29988.951        7.868   315.4      0.719     -0.068     -0.583     -0.091     -0.195     -0.061
134.6500     -29981.099   -29989.236        8.137   326.2     -0.175     -0.561     -0.080     -0.508     -0.173     -0.382
134.7000     -29980.727   -29988.320        7.594   304.4     -0.225     -0.106     -0.239     -0.194     -0.307     -0.192
134.7500     -29981.078   -29988.760        7.682   307.9     -0.204     -0.907     -0.373      0.096      0.519      0.630
134.8000     -29981.194   -29989.373        8.179   327.8     -0.398      0.441      0.122     -0.016     -0.027     -0.068
134.8500     -29981.643   -29989.771        8.128   325.8      0.720     -0.315      0.063     -0.044     -0.882     -0.082
134.9000     -29981.184   -29989.857        8.673   347.7     -0.324      0.269     -0.039     -0.276      0.160     -0.179
134.9500     -29981.508   -29990.002        8.494   340.5     -0.137     -0.062     -0.737      0.261     -0.060      0.019
135.0000     -29981.479   -29988.859        7.381   295.9      0.564     -0.019      0.275     -0.159      0.488      0.140
135.0500     -29981.243   -29989.049        7.805   312.9      0.039     -0.765     -0.611      0.448     -0.446      0.217
135.1000     -29980.565   -29988.668        8.103   324.8     -1.197      0.086      0.578     -0.055     -0.128     -0.365
135.1500     -29980.301   -29988.672        8.371   335.5      0.581      0.240     -0.856      0.020     -0.242     -0.014
135.2000     -29980.009   -29988.369        8.360   335.1     -0.644     -0.748      0.853      0.392      0.002     -0.238
135.2500     -29979.822   -29988.658        8.837   354.2      0.098      0.627     -0.257     -0.058      0.018     -0.110
135.3000     -29980.199   -29988.602        8.402   336.8     -0.403     -0.772      0.078      1.204      0.503      0.140
135.3500     -29980.026   -29988.148        8.122   325.6     -0.045     -0.416      0.094      0.055     -0.437     -0.791
135.4000     -29979.506   -29987.611        8.105   324.9     -0.405      0.683     -0.237     -0.293     -0.506      0.204
135.4500     -29979.280   -29987.814        8.534   342.1     -0.415     -0.571      0.410      0.062     -0.126      0.109
135.5000     -29979.915   -29988.436        8.521   341.6      0.804      0.546     -0.130      0.511     -0.248      0.240
135.5500     -29979.742   -29987.580        7.839   314.2     -0.321     -0.640     -0.305     -0.362      0.345      0.646
135.6000     -29979.776   -29988.217        8.441   338.3      0.163     -0.619     -0.597      0.231      0.363      0.333
135.6500     -29979.421   -29988.537        9.116   365.4     -0.953     -1.514      0.022     -0.114      0.291     -0.426
135.7000     -29979.302   -29988.023        8.721   349.6      0.438      0.269     -0.577     -0.497      0.053     -0.099
135.7500     -29979.480   -29987.818        8.338   334.2     -0.994     -0.551     -0.685      0.293      0.529      0.461
135.8000     -29979.493   -29988.773        9.281   372.0      1.157     -0.246      0.337     -0.313      0.389     -0.444
135.8500     -29979.258   -29988.498        9.240   370.4     -0.358      0.079      0.299     -0.295     -0.027      0.171
135.9000     -29979.231   -29987.600        8.369   335.5      0.426     -0.983      0.081      0.609      0.047      0.320
135.9500     -29979.386   -29987.834        8.448   338.6     -0.807      0.022     -0.201     -0.225      0.002      0.143
136.0000     -29979.618   -29988.482        8.864   355.3      0.316     -0.907     -1.119      0.284     -0.148     -0.090
136.0500     -29979.885   -29988.521        8.637   346.2      0.309     -0.494      0.622     -0.045      0.340     -0.124
136.1000     -29980.587   -29988.785        8.198   328.6     -0.316      0.348      0.644      0.006     -0.440     -0.178
136.1500     -29980.358   -29988.322        7.964   319.2      0.569     -0.033      0.554      0.036      0.276      0.020
136.2000     -29980.036   -29988.969        8.933   358.1     -0.230      0.351      0.195      0.613     -0.190     -0.872
136.2500     -29980.316   -29988.662        8.346   334.6      0.549      0.102     -0.073      0.046     -0.238      0.193
136.3000     -29980.097   -29988.936        8.839   354.3     -0.559      0.242     -0.241     -0.152      0.039      0.030
136.3500     -29980.054   -29988.803        8.748   350.7     -0.556     -1.461     -0.397     -0.172      0.153      0.526
136.4000     -29979.783   -29988.014        8.230   329.9     -0.075     -0.195      0.646     -0.270      0.119      0.038
136.4500     -29980.340   -29989.209        8.869   355.5      0.051     -0.535      0.152     -0.093      0.265      0.129
136.5000     -29980.318   -29988.816        8.498   340.7      0.885      0.360      0.587      0.358     -0.271      0.325
136.5500     -29980.130   -29988.506        8.376   335.7      1.279      1.007      1.619     -1.195      0.380      0.080
136.6000     -29980.203   -29988.799        8.595   344.5      0.034      0.518      0.039      0.173     -0.134      0.312
136.6500     -29980.135   -29989.039        8.904   356.9     -0.534      0.309     -0.062      0.120     -0.381      0.329
136.7000     -29980.587   -29988.283        7.696   308.5      0.388     -0.497     -0.154      0.171     -0.824      0.128
136.7500     -29980.227   -29988.908        8.681   348.0     -0.135     -0.272     -0.936     -0.112      0.732     -0.278
136.8000     -29980.668   -29989.273        8.606   345.0     -0.265      0.075      0.551     -0.360      0.024     -0.306
136.8500     -29980.594   -29989.379        8.785   352.1      0.222     -0.528      0.587     -0.071      0.577     -0.140
136.9000     -29980.375   -29988.930        8.554   342.9      0.114      0.089     -0.034     -0.505     -0.493     -0.035
136.9500     -29980.630   -29989.338        8.708   349.1     -0.581      0.314     -0.136      0.154      1.003     -0.105
137.0000     -29980.955   -29989.354        8.398   336.6      0.179     -0.357     -0.289     -0.005     -0.206     -0.058
137.0500     -29980.782   -29989.096        8.313   333.2     -0.293      0.211     -0.016      0.098      0.228      0.350
137.1000     -29980.938   -29989.264        8.326   333.7      0.190     -0.394      0.124      0.169     -0.109      0.078
137.1500     -29980.964   -29988.699        7.735   310.0     -0.174     -0.105     -0.774     -0.705     -1.006     -0.308
137.2000     -29980.705   -29988.438        7.732   310.0     -0.417      0.109      0.800      0.288     -0.228      0.022
137.2500     -29980.653   -29988.900        8.247   330.6     -0.022     -0.344      0.011     -0.061      0.356      0.168
137.3000     -29980.692   -29988.543        7.851   314.7      0.256     -0.362     -0.676     -0.216     -0.208      0.000
137.3500     -29980.385   -29988.668        8.283   332.0      0.332      0.876      0.148     -0.707      0.530      0.386
137.4000     -29980.002   -29988.559        8.556   343.0      0.408     -0.465     -0.122      0.464     -0.123     -0.205
137.4500     -29980.121   -29988.615        8.495   340.5     -0.341     -0.587     -1.007     -0.584      0.202      0.696
137.5000     -29980.100   -29988.109        8.009   321.0      0.587      0.339      0.059     -0.244      0.036     -0.047
137.5500     -29980.330   -29987.719        7.389   296.2     -0.505     -0.076     -0.062     -0.681     -0.085      0.197
137.6000     -29980.811   -29988.828        8.017   321.4     -0.545     -0.637     -0.376      0.207      0.187      0.160
137.6500     -29980.748   -29988.973        8.225   329.7     -0.671      0.233     -0.590     -0.343      0.246      0.577
137.7000     -29980.847   -29988.762        7.915   317.3     -0.159      0.431     -0.824      0.262     -0.075      0.022
137.7500     -29981.062   -29989.393        8.331   333.9      0.652     -0.107      0.293      0.338     -0.902      0.454
137.8000     -29980.780   -29988.260        7.480   299.8     -0.553     -0.347     -0.590      0.154      0.381     -0.924
137.8500     -29980.236   -29988.598        8.362   335.2      0.432     -1.549     -0.816     -0.184      0.252      0.373
137.9000     -29980.456   -29988.756        8.300   332.7      0.713      0.238      0.862     -0.119      0.342     -0.255
137.9500     -29980.176   -29989.191        9.015   361.4     -0.203      0.245      0.102     -0.005      0.023      0.249
138.0000     -29980.572   -29988.510        7.937   318.2      0.125     -0.011      0.674      0.620      0.009     -0.091
138.0500     -29980.138   -29988.818        8.680   348.0     -0.551      0.632     -0.355     -0.271      0.155      0.354
138.1000     -29980.090   -29988.393        8.303   332.8     -0.334     -1.309     -0.986     -0.050      0.810     -0.228
138.1500     -29980.031   -29988.561        8.530   341.9     -0.262      0.276     -0.542      0.427     -0.703      0.112
138.2000     -29980.129   -29988.607        8.478   339.8      0.573      0.055     -0.551     -0.514      0.440      0.216
138.2500     -29979.926   -29988.193        8.267   331.4     -0.233      0.743      0.425      0.080      0.115     -0.525
138.3000     -29979.857   -29988.668        8.811   353.2      0.359     -0.494     -0.201      0.694      0.052      0.078
138.3500     -29979.780   -29988.279        8.499   340.7      0.015     -0.069      0.826      0.359     -0.244     -0.027
138.4000     -29980.073   -29988.592        8.519   341.5     -1.174     -0.216     -0.298     -0.628     -0.613      0.472
138.4500     -29980.798   -29989.869        9.071   363.6     -0.097      0.324      0.281      0.181     -0.045     -0.139
138.5000     -29981.160   -29989.400        8.240   330.3      0.227     -0.394     -0.420     -0.101     -0.274      0.432
138.5500     -29980.687   -29988.385        7.697   308.5     -0.762     -0.382     -0.246      0.302      0.105      0.453
138.6000     -29980.590   -29989.166        8.576   343.8      0.061     -0.039     -0.775      0.016     -0.241     -0.597
138.6500     -29980.290   -29989.047        8.757   351.0      0.397     -0.794      0.963     -0.279     -0.493      0.382
138.7000     -29980.014   -29987.654        7.640   306.3     -1.412     -0.261     -0.151     -0.153      0.809      0.036
138.7500     -29980.494   -29988.902        8.408   337.0      0.819     -0.611     -0.284     -0.213      0.085      0.258
138.8000     -29980.819   -29988.436        7.616   305.3     -0.245     -0.338     -0.076     -0.599      0.152      0.309
138.8500     -29980.949   -29988.850        7.900   316.7      0.160      0.129     -0.026      0.277     -0.452     -0.076
138.9000     -29981.166   -29988.852        7.686   308.1      0.354      0.205      0.790      0.402     -0.519      0.664
138.9500     -29981.536   -29988.934        7.397   296.5      0.087      0.646      0.019      0.027      0.053     -0.146
139.0000     -29981.513   -29989.057        7.543   302.4     -0.568     -0.706      0.178     -0.216     -0.309     -0.242
139.0500     -29981.295   -29988.832        7.537   302.1     -0.145     -0.076     -0.490     -0.019     -0.280      0.122
139.1000     -29981.305   -29989.201        7.896   316.5      0.359     -0.822     -0.828     -0.198      0.304      0.066
139.1500     -29981.062   -29989.119        8.057   323.0      0.224      0.659     -0.281      0.130     -0.212      0.055
139.2000     -29981.125   -29988.312        7.187   288.1     -0.029     -0.331      0.038      0.055      0.108     -0.196
139.2500     -29981.428   -29989.885        8.457   339.0      0.051      0.274     -0.580      0.420     -0.127      0.473
139.3000     -29981.633   -29989.199        7.566   303.3     -0.215     -0.826      0.356      0.264      0.495     -0.108
139.3500     -29981.799   -29989.742        7.944   318.4     -0.472      0.570     -0.362      0.294      0.018      0.178
139.4000     -29982.038   -29989.994        7.956   318.9     -0.142     -0.840     -0.186      0.084     -0.169      0.066
139.4500     -29981.944   -29989.312        7.369   295.4     -0.367      0.982     -0.303      0.165      0.208     -0.573
139.5000     -29981.831   -29989.045        7.214   289.2     -0.300     -0.500     -0.401     -0.346     -0.492     -0.037
139.5500     -29981.170   -29990.211        9.041   362.4     -0.277     -0.200     -0.455      0.165      0.163     -0.462
139.6000     -29981.382   -29989.275        7.893   316.4     -0.447     -0.638     -0.391     -0.024      0.114     -0.424
139.6500     -29982.081   -29988.684        6.602   264.7      0.920      0.774      1.075     -0.396      0.132      0.228
139.7000     -29982.014   -29989.486        7.472   299.5      0.250      0.001     -0.281      0.231     -0.068     -0.006
139.7500     -29981.632   -29989.711        8.079   323.8      0.360      0.335      0.347     -0.081     -0.018      0.006
139.8000     -29981.923   -29990.270        8.347   334.6     -0.544      0.139     -0.144     -0.134      0.118     -0.042
139.8500     -29982.029   -29989.631        7.602   304.7      0.122      0.858      0.119      0.004      0.017      0.022
139.9000     -29982.289   -29989.916        7.627   305.7      0.301     -0.461      0.048     -0.300      0.208     -0.225
139.9500     -29981.851   -29988.807        6.956   278.8      0.749      0.825     -0.753      0.422     -0.201     -0.120
140.0000     -29981.486   -29988.961        7.475   299.6      0.067     -0.518     -0.437     -0.399     -0.207      0.555
140.0500     -29981.004   -29990.105        9.101   364.8     -0.727     -1.038     -1.247      0.033      0.258     -0.322
140.1000     -29980.784   -29989.730        8.947   358.6     -0.753      0.464     -0.107      0.874     -0.218      0.407
140.1500     -29981.087   -29989.516        8.429   337.9     -0.273     -0.396     -0.219     -0.262     -0.653     -0.225
140.2000     -29981.364   -29989.461        8.097   324.6     -0.142      0.125     -0.114      0.437      0.070      0.114
140.2500     -29981.120   -29988.775        7.656   306.9     -0.147     -0.529      0.303      0.200     -0.175      0.048
140.3000     -29981.094   -29989.500        8.406   336.9      0.443      0.777      0.539     -0.320     -0.343      0.161
140.3500     -29981.195   -29989.105        7.911   317.1      0.439     -0.659     -1.172      0.277     -0.470     -0.157
140.4000     -29980.346   -29988.482        8.136   326.1     -0.066     -0.456     -0.602     -0.074     -0.045     -0.279
140.4500     -29979.602   -29988.717        9.115   365.4      0.045     -0.793     -0.427      0.648     -0.279     -0.256
140.5000     -29979.787   -29988.869        9.082   364.0      0.184     -0.653     -0.202     -0.282     -0.008      0.349
140.5500     -29979.978   -29988.666        8.688   348.3     -1.054      0.516     -0.437     -0.096      0.643     -0.194
140.6000     -29979.631   -29988.348        8.717   349.4      0.712     -0.431      0.391      0.523     -0.084      0.325
140.6500     -29979.053   -29987.732        8.680   347.9     -0.728      0.709      0.516     -0.171     -0.421     -0.067
140.7000     -29979.458   -29988.980        9.522   381.7     -0.084     -0.327      0.218     -0.107     -0.211     -0.693
140.7500     -29979.485   -29988.043        8.558   343.0     -0.579     -0.081     -0.518      0.299     -0.455      0.022
140.8000     -29979.264   -29988.055        8.790   352.4     -0.113     -0.454      0.232      0.813     -0.334      0.232
140.8500     -29979.337   -29988.438        9.100   364.8     -0.033      0.472      0.097      0.078      0.271     -0.165
140.9000     -29979.545   -29988.004        8.459   339.1      0.530     -0.926      0.095     -0.041      0.141      0.650
140.9500     -29979.465   -29988.316        8.852   354.8     -0.151      0.882      0.107      0.194      0.450     -0.667
141.0000     -29979.730   -29988.887        9.157   367.0      0.103     -0.889     -0.139      0.396      0.134      0.773
141.0500     -29979.838   -29988.701        8.863   355.3      0.168      0.592     -0.062     -0.041      0.314     -0.165
141.1000     -29980.048   -29987.936        7.888   316.2     -0.760     -0.855     -0.553     -0.241     -0.062      0.078
141.1500     -29980.085   -29988.193        8.108   325.0     -0.512     -0.026     -0.103     -0.622      0.002     -0.068
141.2000     -29979.740   -29987.934        8.194   328.4      0.828     -0.702      0.211     -0.169     -0.113      0.197
141.2500     -29979.637   -29988.041        8.404   336.9      0.265      0.007      0.572      0.030     -0.564      0.159
141.3000     -29979.356   -29988.205        8.849   354.7     -0.803      0.649      0.781     -0.033      0.295     -0.128
141.3500     -29979.285   -29987.965        8.680   347.9      0.260     -0.112     -0.941     -0.058     -0.192      0.068
141.4000     -29979.394   -29987.666        8.272   331.6      0.521      0.187     -0.588      0.337     -0.011     -0.065
141.4500     -29979.076   -29987.412        8.336   334.2     -0.472     -0.211      0.124     -0.045     -0.095     -0.283
141.5000     -29979.267   -29987.836        8.569   343.5     -0.438     -1.459      0.096      0.381     -0.009      0.473
141.5500     -29979.238   -29987.539        8.301   332.8     -0.340     -0.285     -0.210     -0.338     -0.010     -0.182
141.6000     -29979.582   -29987.898        8.316   333.4     -1.557     -0.299     -0.131     -0.133     -0.191     -0.201
141.6500     -29979.891   -29987.678        7.786   312.1      0.553     -0.091     -0.513      0.125      0.011     -0.288
141.7000     -29979.922   -29988.887        8.965   359.4     -0.515     -0.331      0.142     -0.456     -0.175      0.145
141.7500     -29979.907   -29988.090        8.183   328.0      0.178      0.430     -0.134      0.124      0.411      0.257
141.8000     -29979.782   -29987.383        7.601   304.7      0.042     -0.137     -0.934      0.272     -0.481     -0.146
141.8500     -29979.720   -29987.998        8.278   331.8     -0.765     -0.146      0.085     -0.259     -0.271      0.405
141.9000     -29979.166   -29987.582        8.416   337.4      0.315      0.890      0.884      0.674      0.400     -0.030
141.9500     -29979.402   -29987.500        8.098   324.6      0.311     -0.260      1.061     -0.267     -0.316      0.031
142.0000     -29979.065   -29987.818        8.754   350.9     -0.251      0.158     -0.454      0.148      0.466     -0.165
142.0500     -29979.074   -29987.545        8.471   339.5      0.349     -0.126      0.427      0.299      0.078     -0.132
142.1000     -29978.854   -29987.605        8.751   350.8     -0.253     -0.294      1.323     -0.373     -0.400      0.061
142.1500     -29978.974   -29987.611        8.637   346.2     -0.059      1.018     -0.596      0.510      0.676     -0.008
142.2000     -29979.379   -29987.400        8.021   321.5     -0.012      0.240      0.663     -0.180      0.365      0.117
142.2500     -29979.076   -29987.943        8.868   355.5     -0.654      0.091      0.317     -0.053     -0.355      0.057
142.3000     -29979.111   -29987.664        8.553   342.8      0.171      0.294      0.172      0.192      0.389      0.699
142.3500     -29979.491   -29988.035        8.545   342.5      1.177      0.743      0.115      0.493     -0.025      0.322
142.4000     -29978.648   -29987.047        8.399   336.7      0.350     -0.009      0.906      0.350      0.497     -0.001
142.4500     -29978.710   -29987.295        8.585   344.1     -0.563     -0.294     -1.100     -0.977      0.514      0.047
142.5000     -29978.649   -29987.705        9.056   363.0     -0.682      0.217     -0.954     -0.179      0.071      0.366
142.5500     -29979.033   -29987.176        8.143   326.4      0.633      0.926     -0.092      0.755      0.558     -0.099
142.6000     -29978.837   -29987.465        8.628   345.9     -0.495     -1.352     -0.500      0.105      0.358     -0.041
142.6500     -29978.602   -29986.842        8.240   330.3     -1.178     -0.385      0.102     -0.511      0.446     -0.623
142.7000     -29978.308   -29987.537        9.229   370.0     -0.667     -1.048     -0.298     -0.106     -0.749     -0.292
142.7500     -29978.490   -29987.492        9.003   360.9     -1.151     -0.549      0.525     -0.256      0.299      0.318
142.8000     -29978.713   -29987.312        8.600   344.7      0.246      0.779      0.263     -0.017     -0.283     -0.218
142.8500     -29979.097   -29987.527        8.431   337.9      0.635     -0.658      0.374      0.151      0.558     -0.004
142.9000     -29978.856   -29987.443        8.588   344.2     -1.513     -0.265      0.252      0.054     -0.183      0.455
142.9500     -29978.722   -29986.822        8.100   324.7      0.169     -0.522      0.135     -0.354      0.278      0.181
143.0000     -29979.207   -29987.545        8.338   334.2      0.386      0.362      0.418     -0.195      0.539      0.385
143.0500     -29979.010   -29987.469        8.459   339.1     -0.894     -0.540     -0.551     -0.441     -0.077     -0.102
143.1000     -29979.158   -29987.152        7.994   320.4      0.360     -0.166      0.450     -0.198      0.223     -0.143
143.1500     -29978.956   -29988.004        9.047   362.7      0.953      0.198      0.043      0.428      0.725     -0.244
143.2000     -29978.542   -29987.008        8.466   339.4     -0.219      0.459      0.573     -0.190     -0.554     -0.218
143.2500     -29978.447   -29987.773        9.326   373.8     -0.308      0.201     -0.242     -0.396     -0.249     -0.548
143.3000     -29979.071   -29987.139        8.067   323.4      0.817     -0.016      0.294     -0.256      0.035      0.033
143.3500     -29979.023   -29986.744        7.721   309.5      0.976     -0.100     -0.276      0.099      0.013      0.059
143.4000     -29978.949   -29987.045        8.096   324.5     -0.163      0.032      0.044     -0.348     -0.395      0.050
143.4500     -29978.831   -29987.166        8.335   334.1      0.089     -0.764     -0.184      0.198      0.625     -0.331
143.5000     -29978.428   -29987.053        8.625   345.7     -0.257     -0.723      0.418     -0.473     -0.053     -0.095
143.5500     -29978.413   -29987.496        9.083   364.1     -0.765     -0.103     -1.040     -0.115      0.171      0.786
143.6000     -29978.357   -29986.822        8.465   339.3     -0.890      0.193      0.273      0.245      0.209     -0.134
143.6500     -29978.465   -29986.812        8.347   334.6     -0.264     -0.095     -0.377     -0.005     -0.311      0.270
143.7000     -29979.142   -29987.838        8.696   348.6      0.010     -0.331     -0.016      0.211      0.108     -0.356
143.7500     -29978.770   -29987.695        8.925   357.8      0.562      0.088     -0.314     -0.065     -0.513      0.118
143.8000     -29978.652   -29987.547        8.895   356.5      0.127      0.157      0.465     -0.200     -0.485     -0.087
143.8500     -29978.603   -29987.611        9.008   361.1      0.322      0.519      0.505     -0.035     -0.077      0.301
143.9000     -29978.447   -29986.932        8.485   340.1     -0.610     -1.029     -1.000     -0.016      0.259     -0.320
143.9500     -29978.951   -29987.770        8.819   353.5     -0.251     -0.294     -0.150      0.120      0.325      0.245
144.0000     -29979.161   -29987.477        8.316   333.3     -0.469     -0.064     -0.698     -0.002      0.063      0.282
144.0500     -29979.050   -29987.635        8.585   344.1     -1.034     -0.105      0.210      0.642      0.110     -0.101
144.1000     -29979.310   -29987.695        8.385   336.1      0.714      0.747      0.316      0.029     -0.078     -0.218
144.1500     -29979.999   -29987.969        7.970   319.5     -0.295     -0.846      0.247      0.397      0.078      0.454
144.2000     -29980.232   -29987.887        7.655   306.8     -0.175      1.109     -0.881      0.125     -0.053     -0.337
144.2500     -29979.651   -29987.725        8.074   323.6      0.116     -0.890     -0.439      0.153     -0.243     -0.229
144.3000     -29979.547   -29988.109        8.562   343.2     -0.674     -0.199     -0.162      0.364     -0.225      0.765
144.3500     -29979.677   -29987.230        7.554   302.8     -1.168     -0.228     -0.162      0.056     -0.089     -0.098
144.4000     -29979.529   -29988.111        8.582   344.0     -0.444     -0.804      0.210      0.074      0.328      0.296
144.4500     -29979.870   -29988.221        8.351   334.7     -0.145      0.590     -0.274     -0.029      0.183     -0.543
144.5000     -29979.611   -29988.508        8.897   356.6      0.379      0.504      0.332      0.025      0.199     -0.108
144.5500     -29979.772   -29988.301        8.529   341.9      0.297     -0.208      0.641      0.095     -0.412      0.423
144.6000     -29979.640   -29987.816        8.177   327.8     -1.185     -0.654     -0.960     -0.391      0.417     -0.192
144.6500     -29979.595   -29988.359        8.764   351.3     -0.842      0.423      0.182      0.199     -0.299     -0.295
144.7000     -29979.728   -29988.314        8.587   344.2      0.900     -1.082     -0.529     -0.269     -0.069      0.162
144.7500     -29980.235   -29988.209        7.974   319.6     -1.415     -0.117      0.236     -0.050      0.222     -0.201
144.8000     -29979.766   -29987.951        8.186   328.1      0.820     -0.004     -0.597     -0.354     -0.469      0.215
144.8500     -29979.089   -29987.920        8.831   354.0     -0.504      0.151     -1.242     -0.318     -0.083     -0.286
144.9000     -29978.916   -29987.980        9.064   363.3     -0.917     -0.359     -0.092     -0.473      0.282      0.106
144.9500     -29978.988   -29988.178        9.189   368.4     -1.173     -0.766     -0.333      0.121      0.068     -0.161
145.0000     -29978.972   -29987.617        8.645   346.5     -0.627     -0.790     -1.022     -0.096     -0.463      0.181
145.0500     -29978.696   -29988.025        9.330   374.0     -0.892     -0.921     -1.589     -0.216      0.195      0.425
145.1000     -29978.157   -29987.207        9.050   362.8     -0.870     -0.837      0.226      0.394      0.329     -0.420
145.1500     -29978.266   -29987.131        8.865   355.3     -0.026     -0.094     -0.772      0.041     -0.295      0.196
145.2000     -29978.744   -29987.488        8.745   350.5     -1.301     -1.171     -1.172      0.297     -0.117      0.169
145.2500     -29979.174   -29988.125        8.951   358.8     -0.362     -0.479      0.257     -0.501      0.152      0.232
145.3000     -29979.571   -29988.113        8.542   342.4     -0.463     -0.210     -0.358      0.219      0.514     -0.295
145.3500     -29979.845   -29988.877        9.032   362.0     -0.529      0.038     -0.584      0.349     -0.277     -0.369
145.4000     -29980.099   -29988.213        8.114   325.2      0.297      0.075     -0.045     -0.456     -0.496     -0.132
145.4500     -29980.185   -29988.727        8.541   342.4     -0.323      0.224     -0.040      0.136      0.116     -0.052
145.5000     -29980.303   -29988.100        7.796   312.5     -0.354     -0.336      0.888      0.442     -0.215     -0.495
145.5500     -29980.194   -29988.750        8.556   343.0      1.016      0.128      0.328      0.017     -0.122      0.271
145.6000     -29980.179   -29988.350        8.170   327.5      0.241     -0.140     -0.084     -0.352      0.228     -0.045
145.6500     -29980.074   -29988.062        7.989   320.2     -0.161     -0.277     -0.114      0.320     -0.191     -0.363
145.7000     -29980.134   -29988.463        8.329   333.9     -0.291     -0.112      0.094      0.241      0.501      0.176
145.7500     -29979.998   -29988.502        8.504   340.9     -0.577     -0.359     -0.423     -0.061     -0.317     -0.124
145.8000     -29979.426   -29987.852        8.425   337.7     -0.520      0.832     -0.906     -0.271      0.523     -0.431
145.8500     -29979.661   -29988.176        8.515   341.3     -0.667     -0.307      0.086     -0.150     -0.041     -0.263
145.9000     -29980.080   -29987.857        7.778   311.8      0.314     -0.868      0.346      0.840     -0.254     -0.295
145.9500     -29979.675   -29987.271        7.596   304.5      0.336      0.575     -1.680     -0.254      0.883      0.527
146.0000     -29979.731   -29987.842        8.111   325.1     -0.475     -0.585     -0.470     -0.121     -0.054     -0.156
146.0500     -29979.610   -29987.658        8.048   322.6      0.673      0.594      0.163      0.594     -0.427      0.371
146.1000     -29979.049   -29987.635        8.586   344.2     -0.434     -0.508     -0.397     -0.247     -0.009      0.195
146.1500     -29978.249   -29986.805        8.556   343.0      0.520      0.744      0.801     -0.091      0.292      0.098
146.2000     -29978.024   -29985.998        7.974   319.6     -0.306     -0.535      0.323      0.144     -0.457      0.339
146.2500     -29977.948   -29986.900        8.952   358.9      0.503     -0.206      0.423     -0.290     -0.320      0.117
146.3000     -29977.651   -29986.822        9.171   367.6      0.136      0.062     -0.699     -0.168      0.202     -0.255
146.3500     -29978.400   -29986.783        8.383   336.0      0.685     -0.155     -0.610     -0.016     -0.163     -0.063
146.4000     -29978.930   -29986.967        8.036   322.1      0.534      0.381      1.086      0.179      0.339      0.445
146.4500     -29979.152   -29987.334        8.182   328.0      0.337     -0.181     -1.126     -0.472      0.096      0.113
146.5000     -29978.998   -29987.213        8.215   329.3     -0.249      0.013     -0.141     -0.353     -0.066     -0.047
146.5500     -29979.142   -29987.879        8.737   350.2      0.112      0.462     -0.398      0.099     -0.309     -0.125
146.6000     -29979.475   -29988.414        8.939   358.3     -0.423     -0.868     -0.161     -0.085      0.170     -0.403
146.6500     -29979.963   -29989.152        9.189   368.3      0.657      0.448      0.534     -0.071      0.520      0.005
146.7000     -29979.506   -29987.811        8.304   332.9     -0.942     -0.569     -1.177     -0.133      0.093      0.041
146.7500     -29979.499   -29988.506        9.007   361.0      0.628     -0.657      0.188     -0.454      0.385      0.175
146.8000     -29979.577   -29988.393        8.815   353.4     -0.210      0.173      0.277      0.606      0.501     -0.441
146.8500     -29979.004   -29987.068        8.065   323.3      0.121      0.179     -0.732     -0.042     -0.378     -0.016
146.9000     -29978.882   -29987.527        8.645   346.5      0.209      0.586      0.935      0.059     -0.034     -0.082
146.9500     -29978.447   -29987.475        9.028   361.9      0.428      0.631     -0.107     -0.664      0.399     -0.593
147.0000     -29978.395   -29986.520        8.125   325.7      0.097     -0.453      0.427      0.018     -0.237      0.247
147.0500     -29978.975   -29987.395        8.420   337.5     -0.246      0.096      0.073      0.011     -0.484     -0.512
147.1000     -29978.717   -29987.293        8.576   343.8     -0.398     -0.935      0.483      0.409      0.330     -0.056
147.1500     -29978.126   -29986.797        8.671   347.6     -0.314     -0.126     -0.428     -0.444     -0.118     -0.374
147.2000     -29978.824   -29987.176        8.352   334.8      0.179     -0.274      0.322     -0.325     -0.099     -0.553
147.2500     -29978.753   -29988.133        9.380   376.0     -0.708      0.446     -0.527     -0.019      0.033      0.287
147.3000     -29978.973   -29987.635        8.662   347.2     -1.638     -0.293     -0.316     -0.167      0.367      1.259
147.3500     -29978.925   -29987.994        9.069   363.5     -0.052     -0.268     -0.870     -0.479     -0.268      0.010
147.4000     -29978.802   -29987.824        9.022   361.6      0.337      0.640      0.944     -0.430     -0.225     -0.184
147.4500     -29978.768   -29987.648        8.880   356.0     -0.069      0.805      0.416      0.553      0.141     -0.099
147.5000     -29978.828   -29987.049        8.221   329.5      0.193      0.063      0.948     -0.379      0.155     -0.224
147.5500     -29978.633   -29987.314        8.681   348.0     -0.380     -1.075     -0.350      0.148      0.263     -0.221
147.6000     -29978.566   -29986.619        8.053   322.8     -0.872     -0.184     -0.143      0.088      0.394     -0.230
147.6500     -29978.766   -29988.092        9.325   373.8      0.223     -0.104      0.407      0.230      0.163     -0.195
147.7000     -29978.776   -29987.883        9.107   365.1      0.021      0.709      0.377      0.013      0.064     -0.137
147.7500     -29978.775   -29986.754        7.979   319.8     -0.015     -0.456     -0.034     -0.143      0.709     -0.181
147.8000     -29979.203   -29987.834        8.631   346.0     -0.309     -0.092     -0.520      0.098     -0.324      0.030
147.8500     -29979.595   -29988.244        8.649   346.7      0.031     -0.132      0.377     -0.197     -0.143     -0.365
147.9000     -29979.511   -29987.125        7.614   305.2      0.311     -0.096      0.410      0.407      0.401      0.386
147.9500     -29979.419   -29987.357        7.939   318.2     -0.059      0.520     -0.054      0.140      0.307     -0.013
148.0000     -29979.608   -29988.102        8.493   340.4      0.216      0.005      0.613     -0.055      0.171     -0.116
148.0500     -29979.486   -29987.625        8.139   326.2     -0.556     -0.431      0.384      0.117     -0.050      0.160
148.1000     -29979.872   -29988.166        8.294   332.5      0.290     -0.685     -0.468      0.065     -0.138      0.593
148.1500     -29979.813   -29987.359        7.546   302.5     -0.362      0.736     -0.192     -0.066     -0.175      0.020
148.2000     -29979.780   -29987.363        7.584   304.0      0.274     -0.153     -0.234      0.484      0.394      0.097
148.2500     -29979.725   -29988.033        8.308   333.0      0.509      0.172      0.013     -0.461      0.063      0.401
148.3000     -29979.688   -29987.344        7.656   306.9     -0.468      0.999     -0.293      0.456      0.087     -0.518
148.3500     -29979.816   -29987.996        8.180   327.9     -0.556     -0.227      0.629     -0.135      0.348      0.545
148.4000     -29979.572   -29988.240        8.668   347.5     -1.299     -0.823     -1.315     -0.206     -0.040     -0.229
148.4500     -29979.405   -29988.324        8.919   357.5     -0.045     -1.382     -1.102     -0.118      0.090      0.757
148.5000     -29979.950   -29988.010        8.059   323.1      0.239     -0.148     -0.644     -0.086     -0.312     -0.617
148.5500     -29979.841   -29988.170        8.329   333.8      0.554     -0.292      0.222      0.397     -0.218     -0.065
148.6000     -29979.468   -29987.602        8.134   326.0      0.062      0.651     -0.150      0.381     -0.229      0.315
148.6500     -29979.345   -29987.738        8.394   336.5      0.288      0.218      1.018     -0.061      0.236      0.060
148.7000     -29979.441   -29987.705        8.265   331.3      0.160     -0.181     -0.291     -0.371     -0.106      0.268
148.7500     -29979.243   -29988.160        8.917   357.4     -1.153     -0.304      0.121     -0.173      1.005      0.343
148.8000     -29979.292   -29988.033        8.742   350.4      0.227      0.181      0.003     -0.157     -0.108      0.107
148.8500     -29978.760   -29987.582        8.822   353.6     -0.015     -0.591     -0.344     -0.353      0.510      0.053
148.9000     -29978.716   -29987.102        8.386   336.1     -0.567     -1.428      0.383      0.560     -0.289      0.233
148.9500     -29978.858   -29988.055        9.197   368.6     -0.083      0.592     -0.904      0.184     -0.136      0.099
149.0000     -29979.056   -29987.322        8.266   331.3      0.064     -0.389      0.471      0.187     -0.273      0.264
149.0500     -29979.468   -29987.992        8.524   341.7     -0.088     -0.253      0.110      0.539      0.586     -0.248
149.1000     -29979.474   -29987.863        8.390   336.3      0.057      0.308      0.356     -0.221      0.007     -0.058
149.1500     -29979.437   -29987.432        7.994   320.5     -0.090     -0.440     -1.087     -0.366      0.396      0.292
149.2000     -29978.775   -29987.447        8.672   347.6      0.532      0.559      0.602      0.205      0.128      0.033
149.2500     -29978.514   -29987.129        8.615   345.3     -0.065     -0.718      0.149      0.378      0.287      0.217
149.3000     -29978.654   -29987.539        8.885   356.1      0.182      0.827     -0.123     -0.431     -0.014     -0.325
149.3500     -29978.429   -29987.035        8.606   345.0      0.032     -1.141     -0.363     -0.020      0.087      0.259
149.4000     -29978.384   -29987.166        8.782   352.0     -0.282     -0.037     -0.773     -0.504      0.066     -0.701
149.4500     -29978.433   -29986.533        8.100   324.7     -0.467     -1.416     -0.038     -0.691     -0.179     -0.231
149.5000     -29979.220   -29987.557        8.336   334.2     -0.263      0.631     -0.663      0.051      0.286     -0.495
149.5500     -29979.579   -29987.488        7.909   317.0     -0.570     -0.821     -0.517      0.537      0.170     -0.201
149.6000     -29979.244   -29987.385        8.141   326.3      0.276     -0.923     -0.564      0.160     -0.009      0.358
149.6500     -29979.084   -29986.912        7.828   313.8      0.120      0.094     -0.228     -0.134      0.214     -0.507
149.7000     -29979.245   -29987.018        7.772   311.5     -0.195     -1.177      0.408     -0.314     -0.196     -0.212
149.7500     -29979.196   -29987.805        8.609   345.1     -0.409     -0.437     -0.534      0.104     -0.008      0.872
149.8000     -29978.898   -29987.775        8.878   355.9     -0.096     -0.455     -0.919     -0.073     -0.062      0.233
149.8500     -29979.108   -29987.771        8.664   347.3     -0.341     -0.269     -0.735      0.215     -0.025     -0.377
149.9000     -29979.910   -29988.578        8.668   347.5     -0.621     -0.469      0.689     -0.231     -0.219      0.192
149.9500     -29979.795   -29988.598        8.803   352.9      0.079      0.072      0.340      0.222     -0.039      0.447
150.0000     -29980.151   -29989.119        8.969   359.5      0.095     -0.286     -1.413     -0.361     -0.097     -0.591
150.0500     -29980.485   -29988.645        8.160   327.1     -0.592     -0.621     -0.338      0.639     -0.310      0.105
150.1000     -29980.855   -29988.547        7.691   308.3     -0.104      1.068     -0.126     -0.523      0.231      0.457
150.1500     -29981.119   -29989.107        7.989   320.2      0.175     -0.514      0.333     -0.761     -0.463     -0.261
150.2000     -29981.161   -29988.732        7.571   303.5      0.374      0.307      0.239      0.634      0.190      0.024
150.2500     -29980.940   -29988.471        7.530   301.8      0.324     -0.651     -0.254     -0.391     -0.110      0.236
150.3000     -29980.536   -29988.576        8.040   322.3     -1.009     -0.001      0.105      0.320     -0.098      0.467
150.3500     -29980.995   -29988.500        7.505   300.8     -0.104     -0.500      0.305     -0.401     -0.091      0.041
150.4000     -29980.729   -29988.607        7.879   315.8     -0.435     -0.125      0.414      0.253      0.446      0.313
150.4500     -29980.781   -29988.496        7.715   309.3      0.115     -0.840      0.110      0.096      0.446      0.321
150.5000     -29980.210   -29988.107        7.897   316.6     -0.142     -0.868      0.216     -0.351      0.138     -0.125
150.5500     -29980.267   -29987.611        7.345   294.4     -0.553     -0.001     -0.487      0.187     -0.425      0.203
150.6000     -29980.496   -29987.990        7.494   300.4     -0.451     -0.678     -0.171     -0.347      0.325     -0.305
150.6500     -29980.213   -29988.354        8.141   326.3     -0.153      0.188     -0.199      0.186      0.562      0.680
150.7000     -29980.285   -29988.049        7.764   311.2     -0.067     -0.264     -0.216      0.624     -0.114     -0.173
150.7500     -29980.198   -29988.033        7.835   314.1     -0.016     -0.619     -0.649     -0.468      0.175      0.124
150.8000     -29979.824   -29987.314        7.491   300.3     -0.365      0.547     -0.314     -0.103     -0.183     -0.046
150.8500     -29980.134   -29987.832        7.698   308.6     -0.049     -1.008     -0.332     -0.129     -0.549      0.746
150.9000     -29980.263   -29988.395        8.132   326.0     -0.988      0.124      0.332     -0.241      0.046      0.008
150.9500     -29980.480   -29988.104        7.624   305.6      0.591     -1.022     -0.651     -0.288      0.501      0.309
151.0000     -29980.362   -29988.105        7.743   310.4     -0.248     -0.103     -0.687     -0.250      0.030      0.279
151.0500     -29980.807   -29988.074        7.267   291.3      0.417     -0.330     -0.617     -0.095      0.354      0.127
151.1000     -29980.683   -29988.363        7.680   307.9     -0.096     -0.187     -0.308      0.463      0.103     -0.277
151.1500     -29980.685   -29988.498        7.813   313.2      0.367     -0.918     -0.767     -0.228      0.098      0.087
151.2000     -29980.814   -29988.873        8.059   323.0     -0.550     -0.503     -0.564      0.635     -0.059      0.094
151.2500     -29981.157   -29988.982        7.825   313.7      0.138     -0.712      0.371      0.222      0.227      0.164
151.3000     -29980.901   -29988.779        7.878   315.8      0.107      0.385      0.632      0.003      0.066      0.238
151.3500     -29981.040   -29989.619        8.579   343.9      0.800      0.322      0.951      0.026      0.004     -0.049
151.4000     -29980.888   -29989.336        8.448   338.6      1.027      0.517      0.434     -0.532      0.410      0.071
151.4500     -29981.239   -29989.086        7.847   314.5     -0.527     -0.975     -0.104     -0.294     -0.166      0.270
151.5000     -29980.941   -29989.223        8.281   332.0     -0.223      0.269      0.009     -0.516      0.278      0.037
151.5500     -29981.008   -29988.959        7.951   318.7     -0.113      0.206      0.018      0.302     -0.178     -0.152
151.6000     -29981.459   -29988.924        7.465   299.2     -0.450      0.041     -0.506     -0.297      0.178     -0.029
151.6500     -29981.676   -29989.143        7.467   299.3     -0.641     -0.810     -0.052      0.173     -0.670     -0.133
151.7000     -29982.451   -29990.031        7.580   303.8     -0.214      0.083     -0.583     -0.382     -0.292     -0.620
151.7500     -29982.145   -29989.680        7.534   302.0      0.455      0.666      0.324     -0.039     -0.368     -0.598
151.8000     -29982.012   -29989.590        7.578   303.8      0.633      0.520      0.292      0.118     -0.220      0.182
151.8500     -29981.831   -29989.268        7.436   298.1     -0.190     -0.008     -0.488      0.044      0.243     -0.085
151.9000     -29981.851   -29989.562        7.712   309.1      0.353     -0.394     -0.442     -0.082      0.103      0.288
151.9500     -29982.128   -29989.484        7.356   294.9     -0.180     -0.845      0.792     -0.360      0.061      0.142
152.0000     -29981.509   -29989.871        8.362   335.2     -1.093     -0.411     -0.042     -0.012     -0.100     -0.192
152.0500     -29981.656   -29989.025        7.370   295.4     -0.265     -1.152     -0.301      0.182      0.234      0.399
152.1000     -29981.907   -29988.703        6.796   272.4     -0.330     -0.563      0.837     -0.281     -0.343      0.006
152.1500     -29981.496   -29989.412        7.916   317.3     -0.181      0.095      0.000     -0.253      0.116     -0.608
152.2000     -29981.901   -29989.469        7.568   303.3     -0.637     -0.187     -0.587      0.186      0.344      0.174
152.2500     -29981.539   -29989.354        7.815   313.3      0.433      0.219     -0.143     -0.219     -0.158     -0.009
152.3000     -29981.159   -29989.133        7.974   319.6      0.178     -1.009      0.096      0.014      0.171      0.107
152.3500     -29981.621   -29989.553        7.932   317.9     -0.087      0.876     -0.651      0.567      0.005     -0.445
152.4000     -29981.650   -29989.500        7.850   314.7     -0.095     -0.861     -0.360     -0.346      0.056      0.566
152.4500     -29981.207   -29989.500        8.293   332.4     -0.888     -0.119     -0.050      0.512      0.232      0.391
152.5000     -29981.030   -29988.711        7.681   307.9      0.012     -0.256     -0.530     -0.551     -0.130     -0.626
152.5500     -29981.007   -29989.697        8.690   348.3     -0.411     -0.193      0.521     -0.172      0.189     -0.171
152.6000     -29980.526   -29989.137        8.610   345.1      0.288      0.186     -0.069     -0.170      0.505      0.277
152.6500     -29980.131   -29988.727        8.596   344.6     -0.977     -0.459     -0.821      0.129      0.178      0.163
152.7000     -29980.410   -29988.768        8.358   335.0      0.357     -1.131     -0.342     -0.477      0.444      0.541
152.7500     -29980.319   -29988.658        8.340   334.3     -0.197      0.216      0.479     -0.226      0.133      0.035
152.8000     -29980.130   -29988.166        8.036   322.1      0.551     -0.869      0.300      0.502      0.167     -0.046
152.8500     -29979.854   -29987.855        8.001   320.7      0.201      0.306     -0.191     -0.078     -0.327     -0.070
152.9000     -29979.873   -29988.547        8.674   347.7      0.969     -0.975      0.007      0.480     -0.183     -0.250
152.9500     -29980.066   -29988.318        8.252   330.8     -0.535      0.274     -1.490     -0.183     -0.433      0.178
153.0000     -29980.427   -29988.865        8.438   338.3     -0.332     -0.701     -0.155     -0.125      0.182      0.065
153.0500     -29980.619   -29988.562        7.944   318.4      0.211     -0.353     -0.565     -0.453      0.148     -0.131
153.1000     -29980.697   -29988.779        8.083   324.0      0.631     -0.806      0.356      0.422      0.109      0.134
153.1500     -29980.499   -29988.480        7.982   319.9      0.319      0.488      0.956     -0.061     -0.391      0.331
153.2000     -29979.988   -29988.600        8.612   345.2      0.064      0.527     -1.328     -0.122      0.285     -0.402
153.2500     -29979.700   -29988.432        8.732   350.0     -1.089     -0.498     -0.400     -0.447     -0.458      0.137
153.3000     -29979.457   -29987.785        8.328   333.8     -0.784     -0.412     -0.773      0.296      0.367      0.020
153.3500     -29979.643   -29988.418        8.775   351.8      0.467      0.036      0.332     -0.599     -0.654     -0.042
153.4000     -29979.744   -29988.197        8.454   338.9      0.151      0.157      0.116     -0.171      0.543     -0.325
153.4500     -29979.937   -29987.449        7.512   301.1     -0.227     -0.652     -0.400      0.036      0.146     -0.081
153.5000     -29979.798   -29988.992        9.194   368.5      0.385     -0.944     -0.509     -0.239      0.326      0.033
153.5500     -29980.584   -29987.852        7.267   291.3     -0.028     -0.444      0.691      0.437     -0.009     -0.189
153.6000     -29980.719   -29988.928        8.209   329.1     -0.353      0.199     -0.542     -0.111      0.502     -0.216
153.6500     -29980.245   -29989.176        8.931   358.0     -0.100     -0.319     -0.004      0.287     -0.252      0.252
153.7000     -29980.026   -29988.070        8.044   322.5     -0.570     -0.856     -0.384      0.535      0.777     -0.232
153.7500     -29979.898   -29988.336        8.438   338.2     -0.589      0.657     -0.926     -0.314      0.365     -0.260
153.8000     -29980.266   -29987.955        7.689   308.2      0.608     -0.593      0.666     -0.151      0.191     -0.199
153.8500     -29980.205   -29987.936        7.731   309.9     -0.979      0.548     -0.428     -0.396     -0.357      0.151
153.9000     -29980.486   -29988.406        7.920   317.5      0.215     -0.227     -0.202      0.122     -0.185      0.278
153.9500     -29980.157   -29987.535        7.378   295.7      0.010      0.723      0.176     -0.278      0.385     -0.280
154.0000     -29979.811   -29988.211        8.400   336.7     -0.042     -0.209      0.061     -0.368      0.093      0.234
154.0500     -29979.548   -29987.674        8.125   325.7     -0.593     -0.558      0.339     -0.337      0.169     -0.171
154.1000     -29980.187   -29987.633        7.445   298.4      0.192      0.591     -0.266      0.155      0.012     -0.285
154.1500     -29980.021   -29987.752        7.730   309.9     -0.716     -0.472      0.159      0.004      0.282      0.196
154.2000     -29979.673   -29987.547        7.874   315.6      0.270     -0.554     -1.191      0.220      0.351     -0.109
154.2500     -29979.919   -29988.166        8.247   330.6     -0.014     -0.193      0.091      0.299      0.207     -0.157
154.3000     -29980.370   -29988.254        7.884   316.0     -0.826     -1.384     -0.463     -0.164      0.106     -0.061
154.3500     -29980.446   -29988.100        7.654   306.8     -0.413     -0.509     -0.291     -0.118     -0.710      0.341
154.4000     -29981.065   -29988.582        7.517   301.3      0.863      0.260      0.602     -0.374      0.087      0.105
154.4500     -29981.200   -29989.084        7.884   316.0     -1.054     -0.343      0.313      0.222      0.265      0.330
154.5000     -29981.126   -29988.461        7.335   294.0      0.314      0.485     -0.159     -0.071     -0.355      0.028
154.5500     -29980.554   -29988.945        8.392   336.4      0.218      0.839     -0.282     -0.049      0.037     -0.589
154.6000     -29980.913   -29988.973        8.060   323.1     -0.530      0.376     -0.186     -0.183     -0.272     -0.081
154.6500     -29981.108   -29989.086        7.978   319.8      0.276     -0.242      0.503     -0.308      0.043     -0.084
154.7000     -29980.114   -29988.729        8.614   345.3      1.466      0.151      0.512      0.174     -0.053     -0.092
154.7500     -29980.916   -29988.750        7.834   314.0      0.498      0.605      0.132     -0.291      0.380      0.108
154.8000     -29980.488   -29989.037        8.549   342.7      0.198      0.564      0.105     -0.049     -0.078      0.048
154.8500     -29980.633   -29988.799        8.166   327.3      0.462      0.213      0.227      0.147     -0.231      0.308
154.9000     -29980.560   -29988.410        7.850   314.7      0.740     -0.893      0.921      0.329      0.392      0.061
154.9500     -29980.024   -29988.623        8.599   344.7      0.891      1.434      0.630      0.181     -0.092      0.109
155.0000     -29979.352   -29988.232        8.881   356.0     -0.021      0.136     -0.063      0.169      0.270     -0.607
155.0500     -29979.340   -29988.248        8.908   357.1     -0.088      0.295      0.322     -0.320     -0.265      0.198
155.1000     -29979.852   -29988.752        8.900   356.8      1.114     -0.354      0.012     -0.013      0.507     -0.592
155.1500     -29980.025   -29988.271        8.247   330.6      0.442     -0.638      0.173      0.215      0.250     -0.245
155.2000     -29979.978   -29988.230        8.252   330.8     -0.428     -0.539     -0.175      0.171      0.084      0.054
155.2500     -29980.237   -29988.350        8.112   325.2     -0.047      0.769     -0.619     -0.108     -0.255     -0.336
155.3000     -29980.222   -29988.043        7.821   313.5      0.118     -0.429      0.417      0.379      0.329     -0.438
155.3500     -29979.606   -29987.709        8.103   324.8      0.176      0.323     -0.283     -0.293     -0.179      0.290
155.4000     -29979.532   -29987.707        8.175   327.7     -0.015      0.440     -0.246     -0.084     -0.009     -0.767
155.4500     -29980.036   -29988.160        8.124   325.6      0.450     -0.108     -0.175      0.189      0.327      0.235
155.5000     -29979.526   -29988.340        8.813   353.3     -0.361      0.470      0.367     -0.116      0.201      0.088
155.5500     -29979.548   -29987.797        8.249   330.6      0.786      0.107     -0.324      0.345     -0.148     -0.003
155.6000     -29979.931   -29988.082        8.151   326.7     -0.158     -0.202     -0.374     -0.311      0.197      0.343
155.6500     -29980.185   -29988.854        8.668   347.5      0.752     -0.227      0.026      0.036     -0.396      0.469
155.7000     -29980.479   -29988.799        8.319   333.5     -0.492      0.168     -0.599     -0.199     -0.366      0.448
155.7500     -29980.727   -29988.859        8.132   326.0     -0.169     -0.024      0.559      0.032      0.122      0.016
155.8000     -29981.195   -29989.412        8.217   329.4     -0.295     -1.179      0.452     -0.154      0.068      0.206
155.8500     -29981.280   -29989.037        7.757   310.9     -0.950      0.488     -0.446     -0.033      0.470      0.121
155.9000     -29980.458   -29988.500        8.042   322.4     -0.253      0.656      0.101     -0.103     -0.134     -0.313
155.9500     -29979.998   -29988.643        8.645   346.5     -0.090      0.044      0.223      0.720      0.271      0.599
156.0000     -29979.419   -29988.227        8.808   353.1     -0.086     -0.247     -0.939     -0.769      0.325     -0.598
156.0500     -29979.309   -29987.328        8.019   321.4     -0.023      0.571     -0.155      0.790     -0.091     -0.444
156.1000     -29980.041   -29988.625        8.584   344.1     -0.094      0.844     -0.008      0.101     -0.149      0.091
156.1500     -29980.314   -29988.150        7.836   314.1     -0.148      0.231      0.061      0.067      0.032      0.148
156.2000     -29980.420   -29988.365        7.945   318.5     -1.039     -0.350     -0.079      0.016     -0.001     -0.059
156.2500     -29980.832   -29988.479        7.646   306.5     -0.002      0.157      0.008      0.165      0.317      0.486
156.3000     -29981.079   -29989.100        8.020   321.5     -1.088     -0.270      0.397      0.390     -0.140      0.065
156.3500     -29981.635   -29989.350        7.714   309.2      0.317     -0.065     -0.178      0.001      0.596      0.337
156.4000     -29981.822   -29988.922        7.099   284.6     -0.036      0.344      0.233      0.211     -0.051     -0.476
156.4500     -29981.294   -29988.510        7.216   289.3      0.322     -0.458      1.230     -0.430     -0.229     -0.014
156.5000     -29981.805   -29989.301        7.496   300.5     -0.749     -0.586     -0.798      0.214     -0.043      0.074
156.5500     -29981.646   -29989.381        7.735   310.1      0.176      0.718      0.684      0.274     -0.162      0.006
156.6000     -29981.079   -29989.402        8.323   333.6     -0.133      0.403      0.870     -0.031      0.203     -0.035
156.6500     -29980.665   -29988.041        7.377   295.7      0.402     -0.732     -1.138      0.834      0.064      0.051
156.7000     -29980.665   -29988.389        7.723   309.6      0.013      0.370      0.133      0.182      0.749      0.070
156.7500     -29980.360   -29988.250        7.890   316.3     -0.334     -0.522      0.570     -0.029     -0.282      0.128
156.8000     -29979.835   -29988.711        8.876   355.8     -1.483     -0.423     -1.079      0.385     -0.615      0.302
156.8500     -29979.756   -29988.160        8.404   336.9      0.326      0.619     -0.758      0.087      0.130      0.318
156.9000     -29979.431   -29987.430        7.998   320.6     -0.355     -0.009      0.706      0.290     -0.165     -0.622
156.9500     -29979.868   -29987.633        7.764   311.2      0.348      0.199      0.170     -0.300      0.092      0.103
157.0000     -29980.291   -29988.020        7.728   309.8      0.220     -0.051      0.850      0.574      0.373      0.106
157.0500     -29980.367   -29988.656        8.290   332.3     -0.014      0.638     -0.012     -0.026     -0.317      0.093
157.1000     -29980.025   -29987.900        7.875   315.7     -0.084     -0.106     -0.580      0.089     -0.148     -0.131
157.1500     -29980.425   -29988.029        7.604   304.8     -0.792     -0.316     -0.542     -0.616     -0.015     -0.167
157.2000     -29980.615   -29988.975        8.359   335.1     -1.013     -0.872     -1.072      0.231      0.029     -0.011
157.2500     -29980.865   -29988.777        7.913   317.2     -0.708     -0.929     -0.247      0.224     -0.823     -0.229
157.3000     -29980.843   -29988.865        8.022   321.6     -0.140      0.508     -0.993     -0.010     -0.220      0.548
157.3500     -29981.024   -29988.740        7.716   309.3      0.147      0.035      0.027      0.065     -0.261      0.220
157.4000     -29980.502   -29988.338        7.836   314.1      0.351     -0.543     -0.563      0.084     -0.163      0.062
157.4500     -29980.414   -29988.500        8.086   324.1      0.453      1.496     -0.033     -0.056      0.124      0.190
157.5000     -29979.987   -29988.293        8.306   333.0     -0.285      0.158      0.149      0.093     -0.113     -0.480
157.5500     -29979.931   -29988.383        8.452   338.8     -0.308     -0.349     -0.600     -0.071      0.034      0.335
157.6000     -29980.166   -29988.363        8.198   328.6      0.130     -0.492     -1.076     -0.328     -0.230      0.226
157.6500     -29980.310   -29988.182        7.871   315.5      0.866      0.778      0.816     -0.234      0.012      0.383
157.7000     -29980.767   -29988.715        7.948   318.6     -0.165     -0.908     -0.496      0.475     -0.723     -0.055
157.7500     -29980.108   -29988.723        8.615   345.3     -0.038     -0.021     -0.318     -0.341      0.762     -0.118
157.8000     -29979.905   -29988.312        8.408   337.0      1.141     -0.409     -0.270     -0.008      0.033     -0.223
157.8500     -29979.703   -29988.203        8.500   340.7      0.146     -0.973     -0.958     -0.002      0.920     -0.053
157.9000     -29979.889   -29988.883        8.994   360.5     -0.691     -0.131     -0.902     -0.413     -0.731      0.043
157.9500     -29980.058   -29988.680        8.622   345.6      0.249     -0.129     -0.082      0.458      0.736     -0.241
158.0000     -29979.308   -29987.682        8.374   335.7     -0.258      0.227     -1.191      0.276      0.295      0.269
158.0500     -29979.623   -29987.428        7.805   312.9      0.813      0.482      0.192      0.261      0.050      0.624
158.1000     -29979.551   -29987.533        7.982   319.9     -0.233      0.509     -0.452      0.623     -0.246     -0.040
158.1500     -29979.636   -29988.312        8.677   347.8     -1.022     -0.455     -0.745      0.253      0.339     -0.219
158.2000     -29979.319   -29987.697        8.378   335.8     -1.044     -0.549     -0.256     -0.336     -0.138     -0.035
158.2500     -29979.323   -29988.309        8.986   360.2     -0.126     -1.090     -1.204      0.809      0.015     -0.275
158.3000     -29979.529   -29988.037        8.509   341.1     -0.715      0.332     -0.882     -0.770     -0.427      0.327
158.3500     -29980.030   -29988.602        8.572   343.6      0.403      0.146      0.035      0.030      0.003      0.003
158.4000     -29980.370   -29988.533        8.163   327.2     -0.483     -0.125     -0.528     -0.230      0.061     -0.383
158.4500     -29980.472   -29988.914        8.442   338.4     -0.004     -1.096     -1.195      0.030     -0.453      0.199
158.5000     -29981.022   -29988.816        7.794   312.4      0.903      0.162      0.518     -0.142      0.153      0.481
158.5500     -29981.218   -29988.609        7.391   296.3      0.084     -0.224     -0.735     -0.317     -0.414     -0.056
158.6000     -29980.989   -29988.832        7.843   314.4     -0.532     -0.088     -0.101      0.375      0.136     -0.581
158.6500     -29981.232   -29989.480        8.249   330.7     -1.277     -0.769     -0.736     -0.243     -0.266      0.258
158.7000     -29981.127   -29989.074        7.947   318.6     -0.928      0.125      0.093     -0.053     -0.603      0.164
158.7500     -29981.213   -29989.285        8.072   323.6     -0.351     -0.538     -0.425      0.210     -0.335     -0.005
158.8000     -29980.999   -29988.490        7.492   300.3     -1.119      0.721     -1.083     -0.097      0.504     -0.123
158.8500     -29980.905   -29988.408        7.504   300.8     -0.454     -0.768     -1.487     -0.410     -0.294      0.732
158.9000     -29981.111   -29989.672        8.561   343.2     -0.249     -0.609     -0.547      0.258     -0.255      0.739
158.9500     -29980.968   -29988.678        7.710   309.0     -0.152      0.634      0.438     -0.413     -0.826     -0.666
159.0000     -29980.734   -29989.092        8.358   335.0      0.376     -0.566      0.164      0.200     -0.530      0.159
159.0500     -29980.314   -29988.656        8.343   334.4     -0.206      0.141     -0.235     -0.197      0.046      0.203
159.1000     -29980.437   -29988.107        7.670   307.4     -0.768     -0.934     -0.945     -0.321     -0.396     -0.063
159.1500     -29980.335   -29988.139        7.804   312.8      0.462     -0.261     -1.001     -0.094     -0.495      0.226
159.2000     -29980.385   -29988.094        7.708   309.0     -0.178      0.270     -0.155     -0.302      0.263      0.154
159.2500     -29980.480   -29988.553        8.072   323.6     -0.354      0.314     -0.527      0.163      0.120     -0.383
159.3000     -29980.202   -29988.324        8.122   325.6     -1.006     -0.197     -0.332     -0.145     -0.364      0.347
159.3500     -29979.726   -29988.197        8.471   339.6      0.210     -0.749      0.205     -0.199      0.427     -0.007
159.4000     -29979.828   -29987.938        8.110   325.1     -1.126     -1.099     -0.302     -0.154     -0.241      0.121
159.4500     -29979.900   -29988.660        8.760   351.1      0.175      0.630      0.336     -0.205      0.316     -0.008
159.5000     -29980.451   -29988.176        7.725   309.7      0.274     -0.158     -0.296      0.404     -0.062      0.201
159.5500     -29980.457   -29988.795        8.338   334.2     -0.446      0.170     -0.342     -0.051      0.409      0.816
159.6000     -29980.473   -29987.850        7.377   295.7     -0.446      0.449     -1.021     -0.113     -0.012      0.105
159.6500     -29980.536   -29988.682        8.145   326.5     -0.242     -0.242      0.396     -0.126      0.373      0.120
159.7000     -29980.045   -29988.104        8.059   323.0      0.163     -0.787     -0.119      0.421     -0.244     -0.227
159.7500     -29980.387   -29988.463        8.076   323.7      0.110     -0.199      0.261     -0.274     -0.278      0.701
159.8000     -29980.253   -29987.795        7.542   302.3     -0.209      0.381      0.439     -0.206     -0.169      0.020
159.8500     -29980.011   -29988.352        8.341   334.3      0.017      0.365     -0.652     -0.417      0.129      0.389
159.9000     -29979.703   -29988.061        8.358   335.0     -0.619     -0.437      0.242      0.606     -0.047      0.034
159.9500     -29979.882   -29987.812        7.930   317.9     -0.253      0.145     -0.574      0.161     -0.050      0.466
160.0000     -29979.468   -29988.518        9.050   362.8     -0.283      0.194      0.027      0.227     -0.344     -1.071
